event_id,event_timestamp,event_latitude,event_longitude,weather_timestamp,weather_latitude,weather_longitude,weather_distance_km,u10,v10,wind_speed,wind_direction,time_difference_hours,source
76300036-1cbe-5e22-b266-86164f19c8fc,2025-01-01T07:41:00+00:00,21.61993375,72.8017875,2025-01-01T08:00:00+00:00,21.5,72.75,14.371222434624574,0.92474365234375,-1.8425140380859375,2.061554947871583,333.34827675661063,0.31666666666666665,ERA5
4b23f69c-c0ef-5c64-8d4c-77b8a0e68e78,2025-01-01T08:04:00+00:00,22.08581,72.56097,2025-01-01T08:00:00+00:00,22.0,72.5,11.425031727105528,-0.49322509765625,-1.8200531005859375,1.8856999458849497,15.16269187242176,0.06666666666666667,ERA5
348faa8f-2b28-55fb-bfcd-9019aa8bcd3d,2025-01-01T20:10:00+00:00,21.38683,72.966865,2025-01-01T20:00:00+00:00,21.5,73.0,13.042855956079931,-1.179840087890625,-1.83355712890625,2.1803564795594066,32.76008935760274,0.16666666666666666,ERA5
180cf506-8a56-53e7-ab23-1a21def606f6,2025-01-03T08:44:00+00:00,21.62058,72.80255,2025-01-03T09:00:00+00:00,21.5,72.75,14.467361570566217,0.6202392578125,-0.111724853515625,0.6302215323399294,280.2112916855414,0.26666666666666666,ERA5
41a0ed15-55af-5a90-9231-d8c9e5793f74,2025-01-03T21:13:00+00:00,21.36782,72.88428,2025-01-03T21:00:00+00:00,21.25,73.0,17.75789486812281,-2.3055877685546875,-0.7990264892578125,2.4401184989759512,70.88568552601964,0.21666666666666667,ERA5
8d25eade-2e7e-5b17-8df4-d4d1122816d9,2025-01-03T21:13:00+00:00,21.3563933333333,72.9396566666667,2025-01-03T21:00:00+00:00,21.25,73.0,13.380517190635873,-2.3055877685546875,-0.7990264892578125,2.4401184989759512,70.88568552601964,0.21666666666666667,ERA5
ce2257b2-a8a0-5900-b7f9-aed9f36b4487,2025-01-03T21:36:00+00:00,21.35732,72.87566,2025-01-03T22:00:00+00:00,21.25,73.0,17.559406286226018,-2.71484375,-0.1716156005859375,2.7202625794725286,86.38292862406718,0.4,ERA5
10c1d615-95eb-5295-84e0-99e22fc7a51a,2025-01-04T08:25:00+00:00,21.44492,72.71553,2025-01-04T08:00:00+00:00,21.5,72.75,7.087554749057105,1.434234619140625,-0.9893341064453125,1.7423578613239585,304.5978864182313,0.4166666666666667,ERA5
20cdc51e-85ea-5fcf-9e35-d5b6b4279b14,2025-01-04T08:25:00+00:00,21.54717,72.87548,2025-01-04T08:00:00+00:00,21.5,73.0,13.907445716179225,0.650054931640625,-0.1865997314453125,0.6763067897971751,286.01624495003097,0.4166666666666667,ERA5
79a28a87-8e99-5a24-a70b-30b40b327b26,2025-01-04T08:25:00+00:00,21.54812,72.9544,2025-01-04T08:00:00+00:00,21.5,73.0,7.132955009983413,0.650054931640625,-0.1865997314453125,0.6763067897971751,286.01624495003097,0.4166666666666667,ERA5
85de714e-9187-5dba-974c-7595f6d47869,2025-01-04T08:25:00+00:00,21.684876,72.612518,2025-01-04T08:00:00+00:00,21.75,72.5,13.694575839558373,0.342437744140625,-1.1084747314453125,1.1601637120962187,342.83267048286325,0.4166666666666667,ERA5
9e9d0851-6662-5faa-bc56-fdb729e99a3e,2025-01-04T08:25:00+00:00,21.7916433333333,72.6123533333333,2025-01-04T08:00:00+00:00,21.75,72.5,12.491967680930808,0.342437744140625,-1.1084747314453125,1.1601637120962187,342.83267048286325,0.4166666666666667,ERA5
b29d19c5-5641-5a82-95cf-117c811d2d46,2025-01-04T08:25:00+00:00,21.70695,72.72399,2025-01-04T08:00:00+00:00,21.75,72.75,5.489362050343455,0.586578369140625,-0.4463653564453125,0.7370998674387523,307.2698492671265,0.4166666666666667,ERA5
a914804a-01ff-5982-be87-de9b888aef7a,2025-01-04T08:48:00+00:00,21.75093,72.66813,2025-01-04T09:00:00+00:00,21.75,72.75,8.456049238662242,0.6133575439453125,-0.0345306396484375,0.6143287733690782,273.2222212006919,0.2,ERA5
2ae03bb5-9fd1-5fd3-8f87-9e5bc955bf93,2025-01-05T08:07:00+00:00,21.62169,72.80227,2025-01-05T08:00:00+00:00,21.5,72.75,14.57104839534201,1.7204437255859375,-3.061004638671875,3.5113638391483666,330.66174987901286,0.11666666666666667,ERA5
a4c236bb-d994-52f9-8d40-a612bed432c6,2025-01-05T08:29:00+00:00,21.75907,72.68432,2025-01-05T08:00:00+00:00,21.75,72.75,6.857710883123101,1.2028656005859375,-2.644989013671875,2.905658709401,335.54531276783433,0.48333333333333334,ERA5
59889989-bf51-5522-9b8b-fe5a4d3c284f,2025-01-05T20:58:00+00:00,21.36039,72.82989,2025-01-05T21:00:00+00:00,21.25,72.75,14.80430114070336,0.4175262451171875,-5.432647705078125,5.448668576161729,355.6051711326407,0.03333333333333333,ERA5
51420a5e-a0d7-541a-abf4-b6ba5d4427f5,2025-01-06T08:10:00+00:00,21.6207,72.79877,2025-01-06T08:00:00+00:00,21.5,72.75,14.337593833139643,0.6845550537109375,-4.54974365234375,4.60095456656588,351.4434523532048,0.16666666666666666,ERA5
0f90fa29-f3f2-562d-bf47-ac4e525c3b34,2025-01-06T08:11:00+00:00,22.00433,72.89163,2025-01-06T08:00:00+00:00,22.0,73.0,11.182944266165416,-0.3662261962890625,-3.41790771484375,3.437472148837977,6.115864832136367,0.18333333333333332,ERA5
30dd9680-4f0b-5e2b-9fae-2454eeee4426,2025-01-06T08:11:00+00:00,21.83574,72.84482,2025-01-06T08:00:00+00:00,21.75,72.75,13.665212644646143,-0.2519683837890625,-4.39544677734375,4.402662880449834,3.280882035353102,0.18333333333333332,ERA5
33cb24d6-2d69-5d09-afc7-dcbdd26b95fd,2025-01-06T08:11:00+00:00,21.8917,72.91217,2025-01-06T08:00:00+00:00,22.0,73.0,15.069080338378516,-0.3662261962890625,-3.41790771484375,3.437472148837977,6.115864832136367,0.18333333333333332,ERA5
34313996-2089-540b-a0b5-86b2ca46ae22,2025-01-06T08:11:00+00:00,21.71974,72.74799,2025-01-06T08:00:00+00:00,21.75,72.75,3.3711574522213166,-0.2519683837890625,-4.39544677734375,4.402662880449834,3.280882035353102,0.18333333333333332,ERA5
5b64be47-7ca4-51dc-92a9-11319bbf2952,2025-01-06T08:11:00+00:00,21.8561325,72.88494,2025-01-06T08:00:00+00:00,21.75,73.0,16.74456776913929,-0.3564605712890625,-3.45697021484375,3.475299584956751,5.887166793460381,0.18333333333333332,ERA5
6285cb42-eca0-5e9f-b5fd-a7ac1ddabc92,2025-01-06T08:11:00+00:00,22.007212,72.939606,2025-01-06T08:00:00+00:00,22.0,73.0,6.277782058212711,-0.3662261962890625,-3.41790771484375,3.437472148837977,6.115864832136367,0.18333333333333332,ERA5
8826c20a-4015-5401-a66e-b9c70f96fe47,2025-01-06T08:11:00+00:00,21.89718,72.90318,2025-01-06T08:00:00+00:00,22.0,73.0,15.17980937642143,-0.3662261962890625,-3.41790771484375,3.437472148837977,6.115864832136367,0.18333333333333332,ERA5
91bcfe4a-3ed5-5ec1-aeeb-970e77480a17,2025-01-06T08:11:00+00:00,21.8959566666667,72.9206633333333,2025-01-06T08:00:00+00:00,22.0,73.0,14.170267626277806,-0.3662261962890625,-3.41790771484375,3.437472148837977,6.115864832136367,0.18333333333333332,ERA5
9ee58c94-77cd-5119-a0ce-0dbb1cc3d4e6,2025-01-06T08:11:00+00:00,21.98691,72.8909,2025-01-06T08:00:00+00:00,22.0,73.0,11.342307386377987,-0.3662261962890625,-3.41790771484375,3.437472148837977,6.115864832136367,0.18333333333333332,ERA5
f14ac133-829b-591a-a496-ce9ce263f049,2025-01-06T08:11:00+00:00,22.0033733333333,72.87853,2025-01-06T08:00:00+00:00,22.0,73.0,12.528798114070467,-0.3662261962890625,-3.41790771484375,3.437472148837977,6.115864832136367,0.18333333333333332,ERA5
f4af287b-19da-5a50-8870-c4dd4d30b364,2025-01-06T08:11:00+00:00,21.8723075,72.6815425,2025-01-06T08:00:00+00:00,21.75,72.75,15.326597282241792,-0.2519683837890625,-4.39544677734375,4.402662880449834,3.280882035353102,0.18333333333333332,ERA5
e276dadd-6a01-5d99-8483-4a64a5a439f9,2025-01-07T07:29:00+00:00,21.90429,72.7564,2025-01-07T07:00:00+00:00,22.0,72.75,10.662915091535265,-3.3217926025390625,-4.1900177001953125,5.34701359847095,38.406932218789166,0.48333333333333334,ERA5
050c0f76-7e28-51f7-a20c-62537dd51694,2025-01-07T07:52:00+00:00,21.773855,72.6547,2025-01-07T08:00:00+00:00,21.75,72.75,10.19285842888387,-3.03460693359375,-4.358306884765625,5.310713524867512,34.848767292084574,0.13333333333333333,ERA5
8dd8a3d6-fb31-571d-94a9-9452b37027e0,2025-01-07T07:52:00+00:00,21.7593,72.68938,2025-01-07T08:00:00+00:00,21.75,72.75,6.345396774993042,-3.03460693359375,-4.358306884765625,5.310713524867512,34.848767292084574,0.13333333333333333,ERA5
11efec48-0b78-5bf9-b2ed-36a30bef2e09,2025-01-07T20:21:00+00:00,21.38838,72.99989,2025-01-07T20:00:00+00:00,21.5,73.0,12.41158293346166,-1.8090667724609375,-2.3106536865234375,2.9345941876631914,38.05825284714376,0.35,ERA5
431f3f62-9f3a-594f-a924-2ce903550ea0,2025-01-07T20:21:00+00:00,21.43457,72.974415,2025-01-07T20:00:00+00:00,21.5,73.0,7.74223764040797,-1.8090667724609375,-2.3106536865234375,2.9345941876631914,38.05825284714376,0.35,ERA5
4697a51c-7f41-5918-b15d-75a1fb03b735,2025-01-08T07:33:00+00:00,21.88824,72.7842,2025-01-08T08:00:00+00:00,22.0,72.75,12.918052618844957,-2.8785247802734375,-1.60589599609375,3.2961806474946393,60.843352755760236,0.45,ERA5
d41cb5eb-a30c-55ed-b0d9-b7b696785e0f,2025-01-08T09:13:00+00:00,21.79915,72.695475,2025-01-08T09:00:00+00:00,21.75,72.75,7.846606173641785,-2.6604156494140625,-1.7582244873046875,3.188912788930591,56.539946822726506,0.21666666666666667,ERA5
b4d6298f-a38e-5e56-8af9-7785c36ab921,2025-01-09T08:32:00+00:00,21.44609,72.77393,2025-01-09T09:00:00+00:00,21.5,72.75,6.485817271494613,0.2675933837890625,-0.3965606689453125,0.4784000242496171,,0.4666666666666667,ERA5
c6551534-7805-5900-9648-449a1cbfdab0,2025-01-09T08:32:00+00:00,21.99667,72.75295,2025-01-09T09:00:00+00:00,22.0,72.75,0.4791759934820692,-1.6454925537109375,-0.2432403564453125,1.66337356457345,81.59130528861238,0.4666666666666667,ERA5
0d809792-34a7-54a0-8a42-01934b600f88,2025-01-09T08:55:00+00:00,22.00103,72.77538,2025-01-09T09:00:00+00:00,22.0,72.75,2.619126639377771,-1.6454925537109375,-0.2432403564453125,1.66337356457345,81.59130528861238,0.08333333333333333,ERA5
1a5e790d-bf24-52d8-85d7-6859afb45351,2025-01-09T08:55:00+00:00,21.78414,72.62545,2025-01-09T09:00:00+00:00,21.75,72.75,13.410387339838499,-1.2919769287109375,0.0350799560546875,1.2924530891441073,91.55532166797065,0.08333333333333333,ERA5
55c04334-06e4-5c74-81da-116585176bf5,2025-01-09T08:55:00+00:00,21.7936814285714,72.6479785714286,2025-01-09T09:00:00+00:00,21.75,72.75,11.600835696212158,-1.2919769287109375,0.0350799560546875,1.2924530891441073,91.55532166797065,0.08333333333333333,ERA5
7dd1a679-b016-5174-95b8-8994b3f3dfb1,2025-01-09T08:55:00+00:00,21.37163,72.65321,2025-01-09T09:00:00+00:00,21.25,72.75,16.83595394205855,0.7558746337890625,-1.0996856689453125,1.3344118676366188,325.4971120730867,0.08333333333333333,ERA5
cc876686-c4c8-54d0-9411-7afc9c5ac11d,2025-01-09T08:55:00+00:00,21.75133,72.6091,2025-01-09T09:00:00+00:00,21.75,72.5,11.268647169584828,-0.8945159912109375,-0.3389434814453125,0.956578037666742,69.2476649570171,0.08333333333333333,ERA5
081fa66f-ebae-5a69-a2b4-7da64cc48232,2025-01-10T08:13:00+00:00,22.0041,72.87746,2025-01-10T08:00:00+00:00,22.0,73.0,12.641686439906998,-0.811920166015625,2.335357666015625,2.472470380854094,160.82926871041343,0.21666666666666667,ERA5
122ed8a2-3642-5fb8-882d-1fcfe7b0409f,2025-01-10T08:13:00+00:00,21.87351,72.682645,2025-01-10T08:00:00+00:00,21.75,72.75,15.393610385570295,0.059173583984375,2.914459228515625,2.9150598806407815,181.1631423175853,0.21666666666666667,ERA5
2e90ad8d-f24c-573f-93e1-40ddc641410f,2025-01-10T08:13:00+00:00,21.83664,72.84633,2025-01-10T08:00:00+00:00,21.75,72.75,13.846752293495582,0.059173583984375,2.914459228515625,2.9150598806407815,181.1631423175853,0.21666666666666667,ERA5
4ea0793d-e7f9-5b25-9c76-43168ebb554c,2025-01-10T08:13:00+00:00,21.75484,72.679825,2025-01-10T08:00:00+00:00,21.75,72.75,7.26743007389437,0.059173583984375,2.914459228515625,2.9150598806407815,181.1631423175853,0.21666666666666667,ERA5
4ff5c946-9329-51a8-b2e3-8e84ff8f0843,2025-01-10T08:13:00+00:00,21.39493,72.87443,2025-01-10T08:00:00+00:00,21.5,72.75,17.387876805430544,1.151947021484375,2.146881103515625,2.4364072756703035,208.21656923644775,0.21666666666666667,ERA5
6996b75a-505e-5b09-98a2-7ad7b3437555,2025-01-10T08:13:00+00:00,21.51655,72.86792,2025-01-10T08:00:00+00:00,21.5,72.75,12.33706483165716,1.151947021484375,2.146881103515625,2.4364072756703035,208.21656923644775,0.21666666666666667,ERA5
75307968-947a-5b2e-bfd8-f7cd94432497,2025-01-10T08:13:00+00:00,22.00723,72.94018,2025-01-10T08:00:00+00:00,22.0,73.0,6.219352656076227,-0.811920166015625,2.335357666015625,2.472470380854094,160.82926871041343,0.21666666666666667,ERA5
948ec1fa-0769-50c5-ae5e-0d2ee947e6a4,2025-01-10T08:13:00+00:00,21.98884,72.8902,2025-01-10T08:00:00+00:00,22.0,73.0,11.388431819455812,-0.811920166015625,2.335357666015625,2.472470380854094,160.82926871041343,0.21666666666666667,ERA5
a6513406-a35a-55df-bbb4-617a223cbe9b,2025-01-10T08:13:00+00:00,21.89965,72.90403,2025-01-10T08:00:00+00:00,22.0,73.0,14.915664350951161,-0.811920166015625,2.335357666015625,2.472470380854094,160.82926871041343,0.21666666666666667,ERA5
d6e1f3e1-6342-5223-9fbb-a0640c36b5ac,2025-01-10T08:13:00+00:00,21.896248,72.91733,2025-01-10T08:00:00+00:00,22.0,73.0,14.345454053925765,-0.811920166015625,2.335357666015625,2.472470380854094,160.82926871041343,0.21666666666666667,ERA5
df5e59ab-1a4c-5008-b411-58788563017c,2025-01-10T08:13:00+00:00,21.85559,72.88844,2025-01-10T08:00:00+00:00,21.75,73.0,16.447090419904765,-0.392974853515625,2.660552978515625,2.6894184105460406,171.59792256007842,0.21666666666666667,ERA5
1e4c627c-71e5-510a-bbd9-12e884f834d1,2025-01-10T20:42:00+00:00,21.35789,72.8079,2025-01-10T21:00:00+00:00,21.25,72.75,13.412776742163903,0.481353759765625,1.139739990234375,1.2372181244145901,202.89610676331384,0.3,ERA5
114919ac-9399-515d-b889-209c3010664b,2025-01-10T21:05:00+00:00,21.52774,72.86777,2025-01-10T21:00:00+00:00,21.5,72.75,12.567465663609552,1.105377197265625,1.248138427734375,1.667245717649935,221.52876499142317,0.08333333333333333,ERA5
9db8202a-f56d-5516-8019-942750a020ea,2025-01-11T08:17:00+00:00,21.65486,72.94855,2025-01-11T08:00:00+00:00,21.75,73.0,11.839389010923963,2.28179931640625,-0.421142578125,2.3203381631697138,280.45717293202006,0.2833333333333333,ERA5
a5d1dbfb-6b77-504e-b27b-423b7fd5f803,2025-01-12T07:58:00+00:00,21.81188,72.89719,2025-01-12T08:00:00+00:00,21.75,73.0,12.6506969179484,-1.136993408203125,-3.40142822265625,3.586428301831756,18.483205224425546,0.03333333333333333,ERA5
58d24769-d1f1-58fc-8235-a3c5ebff575f,2025-01-12T09:16:00+00:00,21.91833,72.771695,2025-01-12T09:00:00+00:00,22.0,72.75,9.352838601177801,-1.1793975830078125,-4.2080841064453125,4.370234605341264,15.656563512957973,0.26666666666666666,ERA5
49961e18-bf59-5aff-9796-eb041eb0cf14,2025-01-13T07:39:00+00:00,21.957705,72.61729,2025-01-13T08:00:00+00:00,22.0,72.5,12.976415665070428,-3.2880706787109375,-4.309356689453125,5.420513247390232,37.34389648346951,0.35,ERA5
1655c04e-fbd7-5e00-8893-2d355b6d68ac,2025-01-13T08:57:00+00:00,21.8765,72.65875,2025-01-13T09:00:00+00:00,22.0,72.75,16.648286089913295,-2.4994354248046875,-3.8448333740234375,4.5858391943866765,33.026944562741676,0.05,ERA5
5e66a8a0-4af2-5422-b4ae-28da60452434,2025-01-13T08:57:00+00:00,21.72642,72.7469,2025-01-13T09:00:00+00:00,21.75,72.75,2.641454579532138,-2.6371307373046875,-3.9669036865234375,4.763484374256979,33.61529049805267,0.05,ERA5
c241e60e-5786-5bfc-ba06-b7939911b20c,2025-01-13T20:08:00+00:00,21.66575,72.96576,2025-01-13T20:00:00+00:00,21.75,73.0,10.013749998836696,-1.2073211669921875,-2.5045013427734375,2.7803149778795437,25.736879493180084,0.13333333333333333,ERA5
d706e288-61de-5801-b008-f00e463adadc,2025-01-13T20:08:00+00:00,21.40305,72.96606,2025-01-13T20:00:00+00:00,21.5,73.0,11.338153496784242,-1.5247039794921875,-2.1529388427734375,2.638156152656992,35.30599650804379,0.13333333333333333,ERA5
55e9961c-68a6-59d2-81ae-47319d71dde0,2025-01-14T08:38:00+00:00,21.77057,72.57606,2025-01-14T09:00:00+00:00,21.75,72.5,8.181076894876298,-1.330535888671875,-3.7884368896484375,4.015293241830911,19.35177106011986,0.36666666666666664,ERA5
8a719c3b-1b15-5f57-84ca-a389b1a81a83,2025-01-14T08:38:00+00:00,21.523,72.95635,2025-01-14T09:00:00+00:00,21.5,73.0,5.189519369651983,-1.445770263671875,-1.3314056396484375,1.9654242881895776,47.35811856542142,0.36666666666666664,ERA5
9d89098e-bd73-5755-8bae-34772b7cef18,2025-01-14T08:38:00+00:00,22.02048,72.560365,2025-01-14T09:00:00+00:00,22.0,72.5,6.626655604682967,-2.215301513671875,-3.3899993896484375,4.049648954945808,33.1638687893643,0.36666666666666664,ERA5
f4d2812e-e353-590b-9bb2-f6ee6287342f,2025-01-14T08:38:00+00:00,21.75401,72.6399,2025-01-14T09:00:00+00:00,21.75,72.75,11.379588144024135,-1.898895263671875,-2.5833587646484375,3.2061730660214494,36.317708976442134,0.36666666666666664,ERA5
4cbc550c-ca20-5ac8-9901-0427b27ce7e7,2025-01-15T08:19:00+00:00,21.77333,72.72272,2025-01-15T08:00:00+00:00,21.75,72.75,3.829684663352583,2.718048095703125,-1.2465362548828125,2.9902571938367863,294.63687614038736,0.31666666666666665,ERA5
5a197bf6-5da8-5d33-aded-f0c25d93994d,2025-01-15T08:19:00+00:00,21.73641,72.7254,2025-01-15T08:00:00+00:00,21.75,72.75,2.956198776443701,2.718048095703125,-1.2465362548828125,2.9902571938367863,294.63687614038736,0.31666666666666665,ERA5
5ac20c84-b231-5068-864a-a3020aaa6cc0,2025-01-16T08:00:00+00:00,21.7891933333333,72.62437,2025-01-16T08:00:00+00:00,21.75,72.5,13.562330528405665,-0.344696044921875,-6.5510406494140625,6.560102815784232,3.011953967472607,0.0,ERA5
0b5695ea-a0c0-57fa-9862-e0b3a384a406,2025-01-16T08:23:00+00:00,21.68423,72.63786,2025-01-16T08:00:00+00:00,21.75,72.75,13.699681938375551,-0.873016357421875,-5.4680328369140625,5.53728639912156,9.071181822682377,0.38333333333333336,ERA5
99476b45-ebd6-5361-bfde-22166043205d,2025-01-16T08:23:00+00:00,21.624785,72.883115,2025-01-16T08:00:00+00:00,21.5,73.0,18.402037107541723,-0.654266357421875,-4.4475250244140625,4.495391341056237,8.368642124009796,0.38333333333333336,ERA5
b11b6879-8999-577c-8746-bbe98a19ec7d,2025-01-16T08:23:00+00:00,21.44768,72.7154,2025-01-16T08:00:00+00:00,21.5,72.75,6.8311239905905525,0.195343017578125,-5.6125640869140625,5.61596247532282,358.00664825200795,0.38333333333333336,ERA5
e5279a29-2e98-584b-a0a7-f94bca1e2b9a,2025-01-16T20:29:00+00:00,21.90763,72.755985,2025-01-16T20:00:00+00:00,22.0,72.75,10.289605351929021,-2.5057525634765625,-4.035980224609375,4.7505717848283595,31.83422407053297,0.48333333333333334,ERA5
ddfc1757-8751-51b8-8b33-04ff3aea95b1,2025-01-17T08:04:00+00:00,21.43505,72.92848,2025-01-17T08:00:00+00:00,21.5,73.0,10.34083551223026,-3.697784423828125,-0.95599365234375,3.8193629715474073,75.50462463507756,0.06666666666666667,ERA5
4eb265fe-3e4e-5efb-bc16-afe08d482048,2025-01-18T07:46:00+00:00,21.77304,72.61099,2025-01-18T08:00:00+00:00,21.75,72.5,11.744831869257638,-1.2061004638671875,0.7250518798828125,1.4072592360550509,121.01234061733743,0.23333333333333334,ERA5
0ea35ede-605b-58d0-b178-e6c96cba75de,2025-01-18T20:14:00+00:00,21.46678,72.79533,2025-01-18T20:00:00+00:00,21.5,72.75,5.970220096223046,-2.4886322021484375,-0.6261138916015625,2.566185660241019,75.87807068675443,0.23333333333333334,ERA5
c730209f-26a8-5d8c-bc23-d375d6595bd3,2025-01-19T08:44:00+00:00,21.57525,72.84688,2025-01-19T09:00:00+00:00,21.5,72.75,13.054571900305886,1.605072021484375,0.4510498046875,1.6672438695225633,254.30382422210084,0.26666666666666666,ERA5
f2d2a412-233e-5ae7-b703-a62cc79cfcdc,2025-01-19T08:44:00+00:00,21.81196,72.64793,2025-01-19T09:00:00+00:00,21.75,72.75,12.591508958278963,0.706634521484375,0.6756591796875,0.977674625859461,226.2837064790022,0.26666666666666666,ERA5
6f2842c7-5209-5a79-9a30-69e12ded5e5e,2025-01-19T21:13:00+00:00,21.35922,72.85214,2025-01-19T21:00:00+00:00,21.25,72.75,16.1076977633576,-1.8296051025390625,-1.7248992919921875,2.5145044042021727,46.68728634085835,0.21666666666666667,ERA5
4c9f8d70-4b54-554b-8147-db47eeb83b83,2025-01-20T08:26:00+00:00,21.75742,72.5549,2025-01-20T08:00:00+00:00,21.75,72.5,5.729582086483073,0.0377044677734375,-1.5315093994140625,1.531973455182465,358.5897111857987,0.43333333333333335,ERA5
be953d3d-9c04-55e4-bab9-befccdf8c249,2025-01-20T08:48:00+00:00,21.4785833333333,72.8567266666667,2025-01-20T09:00:00+00:00,21.5,72.75,11.29637970018837,1.1393890380859375,-1.56134033203125,1.9328711836379195,323.87987902562054,0.2,ERA5
c3beb143-de58-5d4c-bae5-29df6d72151e,2025-01-20T20:54:00+00:00,21.35071,72.99766,2025-01-20T21:00:00+00:00,21.25,73.0,11.201064706797332,-1.21221923828125,-1.352783203125,1.8164520022054833,41.86328784332795,0.1,ERA5
584b4c1e-9cda-585d-91fb-655b179b709a,2025-01-21T08:07:00+00:00,21.48265,72.87717,2025-01-21T08:00:00+00:00,21.5,73.0,12.854069465340348,-0.1193695068359375,-1.552886962890625,1.5574681372913939,4.395648622601925,0.11666666666666667,ERA5
97bd7017-0334-5289-9c6f-77797653da95,2025-01-21T08:29:00+00:00,21.50865,72.73964,2025-01-21T08:00:00+00:00,21.5,72.75,1.4400911742825262,1.0378570556640625,-2.423980712890625,2.6368219060940423,336.8212183385822,0.48333333333333334,ERA5
f5537d83-4492-5fd9-9541-3f1ac0d37caa,2025-01-21T08:29:00+00:00,21.452335,72.99024,2025-01-21T08:00:00+00:00,21.5,73.0,5.3954655922846975,-0.1193695068359375,-1.552886962890625,1.5574681372913939,4.395648622601925,0.48333333333333334,ERA5
c14f2a8e-7ac8-5f84-b807-f6dc2bd2ed83,2025-01-21T08:30:00+00:00,21.77916,72.63136,2025-01-21T08:00:00+00:00,21.75,72.75,12.673562644305559,-0.0754241943359375,-2.285308837890625,2.2865531469074196,1.8903002898267687,0.5,ERA5
de2068ff-241b-57f5-b9d2-f35445f09aec,2025-01-21T08:30:00+00:00,21.72614,72.69455,2025-01-21T08:00:00+00:00,21.75,72.75,6.31196172414914,-0.0754241943359375,-2.285308837890625,2.2865531469074196,1.8903002898267687,0.5,ERA5
9ba55e0c-473d-5758-93e6-c6c99d4f3f05,2025-01-21T20:58:00+00:00,21.57365,72.80323,2025-01-21T21:00:00+00:00,21.5,72.75,9.868144988143634,-1.3328704833984375,-2.4918975830078125,2.825968380876715,28.14151241497251,0.03333333333333333,ERA5
2c9bf6b8-dd79-5d91-8b74-2d7eebae4f05,2025-01-22T07:48:00+00:00,21.52005,72.9528333333333,2025-01-22T08:00:00+00:00,21.5,73.0,5.364626193323368,1.011474609375,-2.91522216796875,3.0857091849405913,340.86511128639796,0.2,ERA5
1267232a-b6f1-5252-994d-2e650d71d3da,2025-01-22T08:11:00+00:00,21.51483,72.85371,2025-01-22T08:00:00+00:00,21.5,72.75,10.855037037206555,1.725341796875,-3.71697998046875,4.097895129362064,335.10028998006055,0.18333333333333332,ERA5
2341dc33-1859-5c20-8de2-22a18578963d,2025-01-22T08:11:00+00:00,22.00424,72.93871,2025-01-22T08:00:00+00:00,22.0,73.0,6.336354979477127,1.038818359375,-2.64373779296875,2.840509303231701,338.54837585608556,0.18333333333333332,ERA5
28036dcd-863b-51ad-be92-2312403a2700,2025-01-22T08:11:00+00:00,21.77013,72.8398966666667,2025-01-22T08:00:00+00:00,21.75,72.75,9.549804990448381,1.136474609375,-3.53045654296875,3.708867473979748,342.15632928640014,0.18333333333333332,ERA5
3ad2b7ad-e9c0-5f1d-a942-69ed429fb00e,2025-01-22T08:11:00+00:00,21.72064,72.7472,2025-01-22T08:00:00+00:00,21.75,72.75,3.2774682458414452,1.136474609375,-3.53045654296875,3.708867473979748,342.15632928640014,0.18333333333333332,ERA5
3ef300db-aa3e-599d-93ae-28984cd0e3fc,2025-01-22T08:11:00+00:00,21.7538,72.87703,2025-01-22T08:00:00+00:00,21.75,73.0,12.707066399915423,0.812255859375,-2.88104248046875,2.9933535299651037,344.25519796406275,0.18333333333333332,ERA5
4ac312a8-3b42-5b41-9bae-fd2707459983,2025-01-22T08:11:00+00:00,21.8560166666667,72.885,2025-01-22T08:00:00+00:00,21.75,73.0,16.731099677593726,0.812255859375,-2.88104248046875,2.9933535299651037,344.25519796406275,0.18333333333333332,ERA5
698f6751-7451-51c1-b9cb-5efe7474e432,2025-01-22T08:11:00+00:00,21.988135,72.8879,2025-01-22T08:00:00+00:00,22.0,73.0,11.63284200478608,1.038818359375,-2.64373779296875,2.840509303231701,338.54837585608556,0.18333333333333332,ERA5
891fa94a-861f-5fab-9428-a65f43756c1c,2025-01-22T08:11:00+00:00,21.86176,72.881275,2025-01-22T08:00:00+00:00,21.75,73.0,17.45474693653602,0.812255859375,-2.88104248046875,2.9933535299651037,344.25519796406275,0.18333333333333332,ERA5
917ba636-ab24-5276-a84e-a6ee306fd0cf,2025-01-22T08:11:00+00:00,21.89693,72.9212,2025-01-22T08:00:00+00:00,22.0,73.0,14.049938774360111,1.038818359375,-2.64373779296875,2.840509303231701,338.54837585608556,0.18333333333333332,ERA5
aa57e4b5-41d7-528c-af53-09b326e7952f,2025-01-22T08:11:00+00:00,21.83565,72.8483,2025-01-22T08:00:00+00:00,21.75,72.75,13.918032181435652,1.136474609375,-3.53045654296875,3.708867473979748,342.15632928640014,0.18333333333333332,ERA5
e1526709-99c9-5e42-be99-211f84fe3cf5,2025-01-22T08:11:00+00:00,22.00342,72.89124,2025-01-22T08:00:00+00:00,22.0,73.0,11.219265253873042,1.038818359375,-2.64373779296875,2.840509303231701,338.54837585608556,0.18333333333333332,ERA5
e2a68a20-44e3-558f-a74a-5909453f7ba7,2025-01-22T08:11:00+00:00,21.89729,72.89863,2025-01-22T08:00:00+00:00,22.0,73.0,15.483507032391614,1.038818359375,-2.64373779296875,2.840509303231701,338.54837585608556,0.18333333333333332,ERA5
e4ceeb60-fa13-58b4-8ff6-ca8357c05847,2025-01-22T08:11:00+00:00,21.36402,72.66022,2025-01-22T08:00:00+00:00,21.25,72.75,15.724059492882303,1.957763671875,-4.35076904296875,4.770956912420054,335.77315705989224,0.18333333333333332,ERA5
fbec89f4-57fa-5294-8fd3-254d5aca6b0f,2025-01-22T08:11:00+00:00,21.7666766666667,72.8747833333333,2025-01-22T08:00:00+00:00,21.75,72.75,13.019472573950727,1.136474609375,-3.53045654296875,3.708867473979748,342.15632928640014,0.18333333333333332,ERA5
5002712d-b1f6-5950-b142-5344beb7507c,2025-01-23T09:10:00+00:00,21.72565,72.70382,2025-01-23T09:00:00+00:00,21.75,72.75,5.484733516092623,-0.0173797607421875,-4.029296875,4.029334357306206,0.2471351193286182,0.16666666666666666,ERA5
fa0d836d-9caf-5b14-82c8-6129dc61c03f,2025-01-23T09:10:00+00:00,21.436525,72.70343,2025-01-23T09:00:00+00:00,21.5,72.75,8.546358236616788,1.0597686767578125,-3.8759765625,4.018246378868065,344.7079567255353,0.16666666666666666,ERA5
a87f5912-1fcd-5b8e-95b3-0933c4e1df68,2025-01-23T19:58:00+00:00,21.410435,72.986505,2025-01-23T20:00:00+00:00,21.5,73.0,10.056619982541365,-0.55389404296875,-3.1044464111328125,3.153472075416503,10.116240335636292,0.03333333333333333,ERA5
72d5282f-8783-5706-8308-1c6755956847,2025-01-23T20:21:00+00:00,21.36752,72.83152,2025-01-23T20:00:00+00:00,21.25,72.75,15.558902223316485,-0.56463623046875,-5.1366729736328125,5.167612921921274,6.272914373509593,0.35,ERA5
d1556702-778a-53d3-8468-638ee7d9d1cd,2025-01-24T08:51:00+00:00,21.54111,72.82402,2025-01-24T09:00:00+00:00,21.5,72.75,8.917597311710267,-1.6414642333984375,-3.86767578125,4.201585507685654,22.996651793244723,0.15,ERA5
16f0c24a-009a-5493-a6eb-8d45ceb4c8a3,2025-01-25T08:32:00+00:00,21.80142,72.7022,2025-01-25T09:00:00+00:00,21.75,72.75,7.553411946783883,-0.7737884521484375,-2.9586029052734375,3.0581170219222646,14.656751115760414,0.4666666666666667,ERA5
a987bba1-b2f3-5390-9986-96fcc8d1043a,2025-01-25T08:32:00+00:00,21.788335,72.6155625,2025-01-25T09:00:00+00:00,21.75,72.5,12.672034457608339,-0.2864837646484375,-4.1177825927734375,4.127736235366194,3.9797885002212183,0.4666666666666667,ERA5
cd73c9ca-8df5-57ee-a9c8-141dc987ed57,2025-01-25T08:55:00+00:00,21.88215,72.66376,2025-01-25T09:00:00+00:00,22.0,72.75,15.837991871818955,-1.1390228271484375,-3.1968841552734375,3.3937355970970366,19.610554033187668,0.08333333333333333,ERA5
278afc6f-0fae-5827-842f-7e50429166ca,2025-01-25T21:01:00+00:00,21.53919,72.96369,2025-01-25T21:00:00+00:00,21.5,73.0,5.753056909774589,-0.6999664306640625,-2.3155517578125,2.4190355406990505,16.81950316435166,0.016666666666666666,ERA5
73b7b6df-e35a-59b8-8ec0-a2e79ec0cb9f,2025-01-25T21:01:00+00:00,22.0894,72.6541,2025-01-25T21:00:00+00:00,22.0,72.75,14.018320139049877,-0.7673492431640625,-2.8760986328125,2.9767042524662055,14.938663160419253,0.016666666666666666,ERA5
01975e5f-f336-5799-a35d-ce934327c6b8,2025-01-26T08:13:00+00:00,21.85578,72.883625,2025-01-26T08:00:00+00:00,21.75,73.0,16.813718201685763,-0.5310516357421875,-1.560302734375,1.6481991574814479,18.796092420105936,0.21666666666666667,ERA5
01d684c6-1a3a-5a7c-a6ce-809576969cd0,2025-01-26T08:13:00+00:00,21.76643,72.85654,2025-01-26T08:00:00+00:00,21.75,72.75,11.153349556935277,-0.1980438232421875,-2.311279296875,2.319748551909749,4.897472430875098,0.21666666666666667,ERA5
13d5adb0-461d-5d33-9e06-5457bbd5ecb0,2025-01-26T08:13:00+00:00,21.768975,72.840175,2025-01-26T08:00:00+00:00,21.75,72.75,9.548589137226413,-0.1980438232421875,-2.311279296875,2.319748551909749,4.897472430875098,0.21666666666666667,ERA5
17d95c7d-b158-5dcd-a5a2-0a78a85253a2,2025-01-26T08:13:00+00:00,21.7554,72.87854,2025-01-26T08:00:00+00:00,21.75,73.0,12.558383139343995,-0.5310516357421875,-1.560302734375,1.6481991574814479,18.796092420105936,0.21666666666666667,ERA5
2decc108-bc6e-5248-b3fa-01222de6c341,2025-01-26T08:13:00+00:00,21.89779,72.89968,2025-01-26T08:00:00+00:00,22.0,73.0,15.369422230000794,-0.6404266357421875,-1.563232421875,1.6893317852243337,22.27798076507446,0.21666666666666667,ERA5
31ca4be0-7880-5c8f-b92c-3a8696d12be6,2025-01-26T08:13:00+00:00,22.0032,72.89254,2025-01-26T08:00:00+00:00,22.0,73.0,11.084513584343892,-0.6404266357421875,-1.563232421875,1.6893317852243337,22.27798076507446,0.21666666666666667,ERA5
320102d7-5a26-5b92-8a1d-4ed750d53014,2025-01-26T08:13:00+00:00,21.83443,72.8479,2025-01-26T08:00:00+00:00,21.75,72.75,13.795300497556386,-0.1980438232421875,-2.311279296875,2.319748551909749,4.897472430875098,0.21666666666666667,ERA5
39e3f615-edde-577c-a046-bb6381ddb775,2025-01-26T08:13:00+00:00,21.7671233333333,72.87494,2025-01-26T08:00:00+00:00,21.75,72.75,13.042625419041691,-0.1980438232421875,-2.311279296875,2.319748551909749,4.897472430875098,0.21666666666666667,ERA5
5e32e989-f48a-5aaf-9348-498348d617a0,2025-01-26T08:13:00+00:00,21.44022,72.80894,2025-01-26T08:00:00+00:00,21.5,72.75,9.021314011539737,0.9865264892578125,-2.710693359375,2.884630479379823,340.001590367528,0.21666666666666667,ERA5
7267d121-43a7-50f6-b087-9dcf439ae2d9,2025-01-26T08:13:00+00:00,21.9892166666667,72.88457,2025-01-26T08:00:00+00:00,22.0,73.0,11.961321170096983,-0.6404266357421875,-1.563232421875,1.6893317852243337,22.27798076507446,0.21666666666666667,ERA5
84c07cb6-ef35-5abd-ba40-23069d6488b0,2025-01-26T08:13:00+00:00,21.62047,72.93118,2025-01-26T08:00:00+00:00,21.5,73.0,15.168891858817968,0.0158233642578125,-1.605224609375,1.6053025962103085,359.43523004734493,0.21666666666666667,ERA5
885a37d1-9be9-5fa9-8d67-ff85f6dc51e7,2025-01-26T08:13:00+00:00,21.89586,72.91982,2025-01-26T08:00:00+00:00,22.0,73.0,14.229416962315659,-0.6404266357421875,-1.563232421875,1.6893317852243337,22.27798076507446,0.21666666666666667,ERA5
ecaa4195-8d18-5db3-8438-94486155de47,2025-01-26T08:13:00+00:00,21.46853,72.81168,2025-01-26T08:00:00+00:00,21.5,72.75,7.278362839603446,0.9865264892578125,-2.710693359375,2.884630479379823,340.001590367528,0.21666666666666667,ERA5
f407e3b7-c7f3-517d-8aae-d391907c49b6,2025-01-26T08:13:00+00:00,21.52074,72.7463,2025-01-26T08:00:00+00:00,21.5,72.75,2.337731593189722,0.9865264892578125,-2.710693359375,2.884630479379823,340.001590367528,0.21666666666666667,ERA5
ffd52990-0cec-5c2e-9ad9-5f17ff4710c2,2025-01-26T08:13:00+00:00,21.86251,72.88238,2025-01-26T08:00:00+00:00,21.75,73.0,17.43455225500495,-0.5310516357421875,-1.560302734375,1.6481991574814479,18.796092420105936,0.21666666666666667,ERA5
693fd0e5-b7be-50f6-8af5-a96e13f5c711,2025-01-26T20:42:00+00:00,21.35935,72.80128,2025-01-26T21:00:00+00:00,21.25,72.75,13.269021568192926,-0.4567413330078125,-3.08349609375,3.11713984374286,8.425643465756878,0.3,ERA5
1d684803-4724-5a5b-a5f8-7cb84cb9b54e,2025-01-27T08:17:00+00:00,21.77696,72.67902,2025-01-27T08:00:00+00:00,21.75,72.75,7.919375502463095,0.09832763671875,-2.235260009765625,2.2374216489969245,357.481219683807,0.2833333333333333,ERA5
1e5a6003-51f1-5ad0-8f8c-f282902205e8,2025-01-27T08:17:00+00:00,21.53483,72.95993,2025-01-27T08:00:00+00:00,21.5,73.0,5.672827862283967,0.56805419921875,-1.480377197265625,1.5856236058516795,339.00706282675213,0.2833333333333333,ERA5
24080a92-2322-5aa3-b030-0850e81f626b,2025-01-27T20:23:00+00:00,21.4057,72.94509,2025-01-27T20:00:00+00:00,21.5,73.0,11.926550891165306,-0.6383514404296875,-1.7795257568359375,1.8905566589608398,19.73392437643639,0.38333333333333336,ERA5
e062d8e2-facd-5143-9a8c-cbeda371c387,2025-01-27T20:23:00+00:00,21.4022866666667,72.7706233333333,2025-01-27T20:00:00+00:00,21.5,72.75,11.072878675449562,-0.7506561279296875,-2.6633148193359375,2.767079769231962,15.740507197630166,0.38333333333333336,ERA5
95ca82b7-44e5-5e3c-af46-fe5d701e04f2,2025-01-29T07:39:00+00:00,21.79189,72.64864,2025-01-29T08:00:00+00:00,21.75,72.75,11.456479366320144,1.11407470703125,-0.4020843505859375,1.1844130520358516,289.8451861447557,0.35,ERA5
c785337d-9720-54ac-9cb0-c75cdf05905e,2025-01-29T07:39:00+00:00,21.79237,72.60715,2025-01-29T08:00:00+00:00,21.75,72.5,12.025981826092066,0.69219970703125,-0.5026702880859375,0.8554635310394872,305.98687440010286,0.35,ERA5
cfdd303e-9abf-5374-8ccf-adc464e0b7a5,2025-01-29T07:39:00+00:00,21.54356,72.89223,2025-01-29T08:00:00+00:00,21.5,73.0,12.154757050757684,1.21173095703125,-0.2106781005859375,1.2299094171093932,279.863157890516,0.35,ERA5
c0425690-8749-5aab-93c3-17304c621c58,2025-01-29T08:57:00+00:00,21.47201,72.86185,2025-01-29T09:00:00+00:00,21.5,72.75,11.984061768043665,1.9063262939453125,0.129913330078125,1.9107478672810962,266.1014048450658,0.05,ERA5
01a21fa7-b062-5ef5-97bc-147902b62a2c,2025-01-29T20:08:00+00:00,21.43645,72.97771,2025-01-29T20:00:00+00:00,21.5,73.0,7.433359368876738,0.4231414794921875,-2.0023651123046875,2.0465861219703902,348.0677580172351,0.13333333333333333,ERA5
413058a0-6a35-5810-b9d4-816b8fba6830,2025-01-29T20:08:00+00:00,21.60322,72.9560425,2025-01-29T20:00:00+00:00,21.5,73.0,12.345087845190985,0.4231414794921875,-2.0023651123046875,2.0465861219703902,348.0677580172351,0.13333333333333333,ERA5
af47864e-6202-556e-b529-b5a75606e4f6,2025-01-29T20:08:00+00:00,21.38607,72.94221,2025-01-29T20:00:00+00:00,21.5,73.0,14.00941027531747,0.4231414794921875,-2.0023651123046875,2.0465861219703902,348.0677580172351,0.13333333333333333,ERA5
4ec65114-3e1e-5f7e-957f-6ff11d564df7,2025-01-30T21:07:00+00:00,21.680865,72.550085,2025-01-30T21:00:00+00:00,21.75,72.5,9.266445050961925,3.039886474609375,-1.54168701171875,3.4084759967785168,296.89197357537194,0.11666666666666667,ERA5
c0956e88-7a45-5dd9-b48a-e4898e54e83b,2025-01-30T21:07:00+00:00,21.37696,72.96178,2025-01-30T21:00:00+00:00,21.5,73.0,14.241835929549175,2.007659912109375,0.57159423828125,2.08744300423445,254.10799142640093,0.11666666666666667,ERA5
454caab4-6412-51b2-8f80-0062dddea237,2025-01-31T08:19:00+00:00,21.8115733333333,72.63805,2025-01-31T08:00:00+00:00,21.75,72.75,13.435054626259262,1.9163970947265625,0.11993408203125,1.9201463508569048,266.41892256869465,0.31666666666666665,ERA5
85f6bf33-14b3-5eec-b55b-36d27cda52ae,2025-01-31T08:19:00+00:00,21.36884,72.79892,2025-01-31T08:00:00+00:00,21.25,72.75,14.152831003141516,2.3011627197265625,-0.42401123046875,2.339900721445885,280.4401925516234,0.31666666666666665,ERA5
baf223dd-9fc2-5e89-b848-21aa1104d273,2025-01-31T20:48:00+00:00,21.409745,72.989115,2025-01-31T21:00:00+00:00,21.5,73.0,10.098921805787757,1.2581024169921875,1.5516510009765625,1.997609201138489,219.0356690925665,0.2,ERA5
b79134a4-785c-579c-a375-e7e72c265cd4,2025-02-01T08:00:00+00:00,21.50462,72.8646,2025-02-01T08:00:00+00:00,21.5,72.75,11.86718983947008,1.437469482421875,-2.7426300048828125,3.0965041347586975,332.34003067231515,0.0,ERA5
0ee710a6-c13d-5f1e-970d-fa9a86b9c1f2,2025-02-01T08:01:00+00:00,21.72709,72.75858,2025-02-01T08:00:00+00:00,21.75,72.75,2.6972189007388643,1.288055419921875,-2.4643096923828125,2.780631047938937,332.4046482790203,0.016666666666666666,ERA5
622fc066-287b-5881-b97e-67879720711f,2025-02-01T08:23:00+00:00,21.40214,72.76292,2025-02-01T08:00:00+00:00,21.5,72.75,10.963380505048566,1.437469482421875,-2.7426300048828125,3.0965041347586975,332.34003067231515,0.38333333333333336,ERA5
eca881ed-be11-5649-9ab2-39f5a856a8b5,2025-02-01T08:23:00+00:00,21.41916,72.83401,2025-02-01T08:00:00+00:00,21.5,72.75,12.505434142539565,1.437469482421875,-2.7426300048828125,3.0965041347586975,332.34003067231515,0.38333333333333336,ERA5
f7c8d9f8-b8b4-597a-b1ac-a9999638c15b,2025-02-01T08:23:00+00:00,21.58297,72.90852,2025-02-01T08:00:00+00:00,21.5,73.0,13.21507528307477,1.138641357421875,-1.9857940673828125,2.289078901847707,330.1703221008557,0.38333333333333336,ERA5
9f0be6a5-2018-5a88-886a-b8334034b9b2,2025-02-01T20:29:00+00:00,21.4340666666667,72.9754766666667,2025-02-01T20:00:00+00:00,21.5,73.0,7.758229453627505,-0.628570556640625,-1.9760894775390625,2.0736515058987397,17.645248322202065,0.48333333333333334,ERA5
2ca22e25-27d7-5f4c-abae-9aec6f268e1c,2025-02-02T07:42:00+00:00,21.781805,72.61941,2025-02-02T08:00:00+00:00,21.75,72.5,12.828286085974073,-1.0088653564453125,-3.1279144287109375,3.286587589092005,17.87638545594575,0.3,ERA5
4203608f-df15-50a7-a7e1-6d9423f75ce4,2025-02-02T08:04:00+00:00,21.57021,72.80862,2025-02-02T08:00:00+00:00,21.5,72.75,9.884932448456915,-0.1153106689453125,-3.0009613037109375,3.0031758684337926,2.2004835560288143,0.06666666666666667,ERA5
11619e36-8a62-56a2-8a83-157a0350138c,2025-02-02T20:33:00+00:00,21.4628,72.78699,2025-02-02T21:00:00+00:00,21.5,72.75,5.635525027801272,-1.0264129638671875,-2.29278564453125,2.5120488817224884,24.116664162232325,0.45,ERA5
1f0543fa-0dc8-5572-8c6b-f0c7a60a602b,2025-02-03T07:46:00+00:00,21.48141,72.87378,2025-02-03T08:00:00+00:00,21.5,72.75,12.972564555057566,1.9547882080078125,0.0650787353515625,1.955871207406396,268.0932153242657,0.23333333333333334,ERA5
c2c5d30f-fc20-578e-bc21-d5d425dcc526,2025-02-03T07:46:00+00:00,22.039125,72.74382,2025-02-03T08:00:00+00:00,22.0,72.75,4.396897423826577,1.4723663330078125,-0.5950775146484375,1.5880742636964538,292.00678741146936,0.23333333333333334,ERA5
b67be9d0-4dc1-5b04-b68f-05b20f6c7fc7,2025-02-03T20:14:00+00:00,21.50785,72.78239,2025-02-03T20:00:00+00:00,21.5,72.75,3.462727735544026,-0.3803863525390625,1.5990753173828125,1.6436957284914122,166.61923055182075,0.23333333333333334,ERA5
e57122e1-9a4b-56e4-b1b9-bbb66c881ed8,2025-02-04T08:44:00+00:00,21.54484,72.94153,2025-02-04T09:00:00+00:00,21.5,73.0,7.838443786073445,1.877899169921875,-2.0144195556640625,2.7539773852802543,317.00878634566146,0.26666666666666666,ERA5
6db47ba0-aa34-5eee-bb57-0790015042eb,2025-02-05T08:26:00+00:00,21.47815,72.8413,2025-02-05T08:00:00+00:00,21.5,72.75,9.753842385210463,-0.9613189697265625,-4.385955810546875,4.490071551058628,12.36266176805674,0.43333333333333335,ERA5
7e00ce96-a1f7-5baa-ad7b-61405a20ede8,2025-02-05T08:26:00+00:00,21.84051,72.69198,2025-02-05T08:00:00+00:00,21.75,72.75,11.712108821646636,-1.9632720947265625,-4.293182373046875,4.72078936261431,24.574615911969317,0.43333333333333335,ERA5
934242af-8d0f-5799-aaa4-86a26bfcc38e,2025-02-05T08:26:00+00:00,21.992575,72.714025,2025-02-05T08:00:00+00:00,22.0,72.75,3.7998321114929876,-1.9056549072265625,-4.005096435546875,4.435348699196824,25.445455300788296,0.43333333333333335,ERA5
a9f8e427-b07b-5846-a949-6ac3c76d3cca,2025-02-05T08:26:00+00:00,21.7350066666667,72.59295,2025-02-05T08:00:00+00:00,21.75,72.5,9.743961630314143,-1.7728424072265625,-5.067596435546875,5.368752539876304,19.281823226126846,0.43333333333333335,ERA5
0382c176-06d4-55b7-8df0-a27c5d5cfdda,2025-02-05T08:48:00+00:00,21.71168,72.77658,2025-02-05T09:00:00+00:00,21.75,72.75,5.068915986088957,-1.69122314453125,-4.144317626953125,4.476114868686074,22.199507556663832,0.2,ERA5
2b7df902-bf8b-55fa-b1af-1d6cc7a2795e,2025-02-05T20:54:00+00:00,21.68455,72.53483,2025-02-05T21:00:00+00:00,21.75,72.5,8.11854693180314,-1.2552337646484375,-5.37835693359375,5.5228919153872145,13.136889633570775,0.1,ERA5
21b90928-096a-5209-a520-64a510227b69,2025-02-05T20:55:00+00:00,21.3567,72.82087,2025-02-05T21:00:00+00:00,21.25,72.75,13.952421309752772,-1.5667572021484375,-5.32073974609375,5.54662055454903,16.407712964479458,0.08333333333333333,ERA5
1759ab93-de7d-5f48-a4ed-85c7550a1d80,2025-02-06T08:07:00+00:00,21.52128,72.8625,2025-02-06T08:00:00+00:00,21.5,72.75,11.876251773772228,-3.2404327392578125,-3.9931793212890625,5.142556312732459,39.059050446269794,0.11666666666666667,ERA5
9096eddc-8204-50fc-9860-976d0a2b6272,2025-02-06T08:07:00+00:00,21.35233,72.92892,2025-02-06T08:00:00+00:00,21.25,73.0,13.553497056356829,-4.0490264892578125,-3.0957183837890625,5.09687039490323,52.59996536347194,0.11666666666666667,ERA5
9bd81094-7f88-5bfb-8d95-241881722c0f,2025-02-06T08:07:00+00:00,22.081985,72.64361,2025-02-06T08:00:00+00:00,22.0,72.75,14.260014325039684,-4.5919952392578125,-3.7490386962890625,5.928044485632611,50.7707982493265,0.11666666666666667,ERA5
5ed862c6-ab8b-5a13-a2a5-6ad63c5b2c80,2025-02-06T08:30:00+00:00,21.51891,72.96432,2025-02-06T08:00:00+00:00,21.5,73.0,4.248032493870539,-3.5666046142578125,-2.8613433837890625,4.572521671288017,51.26133051721854,0.5,ERA5
36bfe81b-6f71-5869-b588-13576681a200,2025-02-07T07:48:00+00:00,21.38127,72.86866,2025-02-07T08:00:00+00:00,21.5,72.75,18.0312932331742,-2.413421630859375,-2.9832000732421875,3.837197759471372,38.97300707491661,0.2,ERA5
d5a5d204-bf6b-5199-9d0d-f95f682ecae8,2025-02-07T07:48:00+00:00,21.720135,72.70985,2025-02-07T08:00:00+00:00,21.75,72.75,5.31283546219277,-3.949554443359375,-2.5398406982421875,4.695718376724391,57.25613761965428,0.2,ERA5
9f852199-db4c-52b6-8ffb-80a6563225af,2025-02-07T08:11:00+00:00,21.48999,72.70912,2025-02-07T08:00:00+00:00,21.5,72.75,4.373505292057633,-2.413421630859375,-2.9832000732421875,3.837197759471372,38.97300707491661,0.18333333333333332,ERA5
29b51118-657c-5f36-871c-ef9120c7a89b,2025-02-07T20:17:00+00:00,21.70299,72.68258,2025-02-07T20:00:00+00:00,21.75,72.75,8.707726986988035,-1.662261962890625,-2.43524169921875,2.9484770589046168,34.316899123642315,0.2833333333333333,ERA5
8778f916-4d32-5df2-b87e-5d0b43b88010,2025-02-07T20:17:00+00:00,21.53018,72.899925,2025-02-07T20:00:00+00:00,21.5,73.0,10.882791792769767,-1.786285400390625,-1.10028076171875,2.0979593147287408,58.368582675937716,0.2833333333333333,ERA5
f6c5b250-f824-5b5f-a5dd-cf45c3ec5371,2025-02-08T07:52:00+00:00,21.47788,72.85708,2025-02-08T08:00:00+00:00,21.5,72.75,11.348837268813647,1.0431976318359375,-0.7384185791015625,1.278093618257473,305.2924442499136,0.13333333333333333,ERA5
ff52ddf7-01fe-5b8b-a624-7613d1a359c6,2025-02-08T07:52:00+00:00,22.01893,72.63395,2025-02-08T08:00:00+00:00,22.0,72.75,12.147500412194015,-1.0505523681640625,-0.9864654541015625,1.441101790433598,46.80199647089273,0.13333333333333333,ERA5
35a10ffc-bd47-50b4-9d1f-4000ebda91e4,2025-02-09T08:51:00+00:00,21.4963,72.816565,2025-02-09T09:00:00+00:00,21.5,72.75,6.899028622091435,1.89794921875,-1.6416778564453125,2.509445640235431,310.8589727992574,0.15,ERA5
6f661293-4c0c-5f41-9587-417c809f9822,2025-02-09T08:51:00+00:00,21.76214,72.62766,2025-02-09T09:00:00+00:00,21.75,72.75,12.706516087029554,1.08447265625,-1.4463653564453125,1.807775894982314,323.137743442112,0.15,ERA5
f4f9868a-7696-52e2-9049-774d99d44899,2025-02-09T20:02:00+00:00,21.53267,72.870755,2025-02-09T20:00:00+00:00,21.5,72.75,13.009137527752646,-0.32623291015625,-2.430511474609375,2.452307880319446,7.644776132181335,0.03333333333333333,ERA5
d298c3c0-9055-58aa-a24c-26c29c62a6b1,2025-02-10T08:55:00+00:00,22.03084,72.737415,2025-02-10T09:00:00+00:00,22.0,72.75,3.6664533814740023,1.3408355712890625,-1.9399261474609375,2.358209805517037,325.3485988745449,0.08333333333333333,ERA5
ec2a652d-8993-5a2a-b8aa-9bb9d1e9fbe2,2025-02-10T08:55:00+00:00,22.05118,72.72477,2025-02-10T09:00:00+00:00,22.0,72.75,6.25704446723823,1.3408355712890625,-1.9399261474609375,2.358209805517037,325.3485988745449,0.08333333333333333,ERA5
12e59f3e-ede3-552d-82c4-3021eda02a6b,2025-02-11T08:13:00+00:00,21.55099,72.8474,2025-02-11T08:00:00+00:00,21.5,72.75,11.560832964119392,1.9191131591796875,-2.071807861328125,2.8240720833572324,317.19109741318545,0.21666666666666667,ERA5
2ff0112e-7b1b-5800-a3a5-d6047c05f1cd,2025-02-11T08:13:00+00:00,21.72934,72.776515,2025-02-11T08:00:00+00:00,21.75,72.75,3.5745855918570917,1.5519256591796875,-2.147979736328125,2.649960414665953,324.1517082399435,0.21666666666666667,ERA5
3a77bfd3-bea6-5546-ab07-e9e0cd33c802,2025-02-11T08:13:00+00:00,21.43827,72.71526,2025-02-11T08:00:00+00:00,21.5,72.75,7.748454106899757,1.9191131591796875,-2.071807861328125,2.8240720833572324,317.19109741318545,0.21666666666666667,ERA5
8243fccf-ec3a-5e0d-ac26-b7fb80df0c15,2025-02-11T08:13:00+00:00,21.8785,72.71113,2025-02-11T08:00:00+00:00,22.0,72.75,14.092489084113982,1.4396209716796875,-2.091339111328125,2.538938325495655,325.4575331049176,0.21666666666666667,ERA5
f0dcbd13-a803-51a7-a3a8-61850400c85a,2025-02-11T08:36:00+00:00,21.41764,72.83064,2025-02-11T09:00:00+00:00,21.5,72.75,12.389971638810213,2.172119140625,-1.5532989501953125,2.6703631194553576,305.5688480533329,0.4,ERA5
14d1b8f0-3f36-51ac-84f6-31ad09d7313f,2025-02-11T20:42:00+00:00,21.38671,72.9413733333333,2025-02-11T21:00:00+00:00,21.5,73.0,13.982444120696348,0.24737548828125,-1.0862274169921875,1.114039780989847,347.17037618833194,0.3,ERA5
766d9e9b-b81b-5bad-bc35-92175ac120af,2025-02-12T07:54:00+00:00,21.513835,72.95814,2025-02-12T08:00:00+00:00,21.5,73.0,4.5956655724433935,0.22406005859375,-2.1534271240234375,2.1650522599551465,354.05985595343566,0.1,ERA5
8c831d64-6230-5153-9a23-b61de4ec3574,2025-02-12T08:17:00+00:00,21.62002,72.84695,2025-02-12T08:00:00+00:00,21.5,72.75,16.69214478960429,0.96527099609375,-1.5518646240234375,1.8275754176490844,328.1180897043795,0.2833333333333333,ERA5
5db2f4e6-2969-5cf7-95ba-9cdac80fc566,2025-02-12T20:23:00+00:00,21.35152,72.94015,2025-02-12T20:00:00+00:00,21.25,73.0,12.879255967779148,-0.698883056640625,-2.5836181640625,2.6764753584767087,15.136569518091676,0.38333333333333336,ERA5
ac1a63fe-3f43-5986-b266-242094fddba0,2025-02-12T20:23:00+00:00,21.4336075,72.97647,2025-02-12T20:00:00+00:00,21.5,73.0,7.773689760252179,-0.758453369140625,-2.2496337890625,2.3740479561399903,18.631290110421673,0.38333333333333336,ERA5
9face34d-b7a4-5394-89f0-5ef29941876d,2025-02-12T20:46:00+00:00,21.56326,72.82014,2025-02-12T21:00:00+00:00,21.5,72.75,10.105150214356692,-0.73193359375,-3.30377197265625,3.3838788443099967,12.491817022335908,0.23333333333333334,ERA5
65a0286a-d53e-5b7a-85b3-ba28c5fae7a9,2025-02-13T07:58:00+00:00,21.43976,72.99516,2025-02-13T08:00:00+00:00,21.5,73.0,6.717080180114322,-1.4116058349609375,-2.1495361328125,2.5716019558948626,33.29300765620218,0.03333333333333333,ERA5
e17d1bea-9c32-5f59-800b-4dfb8eb1d2cf,2025-02-14T08:57:00+00:00,21.4212,72.74961,2025-02-14T09:00:00+00:00,21.5,72.75,8.762253168954283,1.0372161865234375,-2.41363525390625,2.6270615821646266,336.74525794930474,0.05,ERA5
a4427b89-138f-5b14-bbe2-8af7326c83d6,2025-02-14T21:26:00+00:00,21.4333409090909,72.9764718181818,2025-02-14T21:00:00+00:00,21.5,73.0,7.801789122473462,-1.8053131103515625,-0.1651153564453125,1.812848175480036,84.77422193875248,0.43333333333333335,ERA5
36ede8c8-2700-5c6b-883b-c3cd582e04e9,2025-02-15T08:38:00+00:00,21.543194,72.881498,2025-02-15T09:00:00+00:00,21.5,73.0,13.165483943224123,1.978302001953125,-1.1068878173828125,2.266909669837382,299.227627233973,0.36666666666666664,ERA5
903bddb2-8a50-53cc-95e5-1350b29ddaa8,2025-02-15T08:38:00+00:00,21.56911,72.90226,2025-02-15T09:00:00+00:00,21.5,73.0,12.698715050286182,1.978302001953125,-1.1068878173828125,2.266909669837382,299.227627233973,0.36666666666666664,ERA5
f7de06f6-87c0-5448-8885-341e4ab325c7,2025-02-15T08:38:00+00:00,22.09928,72.284945,2025-02-15T09:00:00+00:00,22.0,72.25,11.612057443707327,-0.598846435546875,1.3188934326171875,1.448480907698802,155.57947274153747,0.36666666666666664,ERA5
0f8f1800-fe89-53d3-86af-4742aeceda6b,2025-02-15T09:01:00+00:00,21.74386,72.96896,2025-02-15T09:00:00+00:00,21.75,73.0,3.2777396869636783,1.527130126953125,-0.9682159423828125,1.808194827924277,302.37511060049377,0.016666666666666666,ERA5
ce40ca2f-a521-566f-b032-a2821be57a19,2025-02-15T09:01:00+00:00,21.54506,72.84955,2025-02-15T09:00:00+00:00,21.5,72.75,11.451877308325832,1.724395751953125,-0.2973175048828125,1.7498395378044596,279.7826617012216,0.016666666666666666,ERA5
e2bf734a-2f37-5b7d-bfd3-3ecb7de18c47,2025-02-15T09:01:00+00:00,21.55503,72.9579,2025-02-15T09:00:00+00:00,21.5,73.0,7.510436779900602,1.978302001953125,-1.1068878173828125,2.266909669837382,299.227627233973,0.016666666666666666,ERA5
3eedfba3-637f-5ec5-814f-2cdb27c8f5c1,2025-02-15T21:07:00+00:00,21.52748,72.83665,2025-02-15T21:00:00+00:00,21.5,72.75,9.47026776404824,3.102691650390625,-0.2398529052734375,3.11194872926464,274.4204462282695,0.11666666666666667,ERA5
1fcf9f65-c8cf-5855-920b-36267cb8e3bd,2025-02-16T08:19:00+00:00,21.52189,72.89629,2025-02-16T08:00:00+00:00,21.5,73.0,11.001436356552608,1.9227752685546875,-0.8802642822265625,2.114693817064162,294.59874442495993,0.31666666666666665,ERA5
25bf9b31-873e-533a-adc9-41f2fab70d7e,2025-02-16T08:19:00+00:00,21.8203,72.85838,2025-02-16T08:00:00+00:00,21.75,72.75,13.650481133846466,1.9169158935546875,-0.8695220947265625,2.104907412733452,294.3992682462429,0.31666666666666665,ERA5
37c3fa0c-87bd-52aa-b24a-54ff1d41f46b,2025-02-16T08:19:00+00:00,21.36266,72.74227,2025-02-16T08:00:00+00:00,21.25,72.75,12.55278907559747,1.8944549560546875,-0.6624908447265625,2.0069513446684955,289.2747304446208,0.31666666666666665,ERA5
49566d61-bb16-5e31-8fdc-88ad05bf9d64,2025-02-16T08:19:00+00:00,21.52196,72.91904,2025-02-16T08:00:00+00:00,21.5,73.0,8.724007116946295,1.9227752685546875,-0.8802642822265625,2.114693817064162,294.59874442495993,0.31666666666666665,ERA5
c5857741-7d54-5048-9589-dd881c237a4a,2025-02-16T08:19:00+00:00,21.4545,72.8777,2025-02-16T08:00:00+00:00,21.5,73.0,13.628741121029845,1.9227752685546875,-0.8802642822265625,2.114693817064162,294.59874442495993,0.31666666666666665,ERA5
d5277da7-3bd2-52fa-805f-50812c176a8a,2025-02-16T08:19:00+00:00,21.51387,72.84113,2025-02-16T08:00:00+00:00,21.5,72.75,9.552969362827929,1.8632049560546875,0.1197357177734375,1.8670482988871686,266.32303966499654,0.31666666666666665,ERA5
a117b125-f2d3-5d3a-833b-9dc3436980e8,2025-02-16T20:48:00+00:00,21.40939,72.987075,2025-02-16T21:00:00+00:00,21.5,73.0,10.163774842813952,1.971466064453125,0.524871826171875,2.040139425921496,255.09171509769263,0.2,ERA5
fb75fd6d-7ccc-5389-ba33-b68417d48c42,2025-02-16T20:48:00+00:00,21.59293,72.99933,2025-02-16T21:00:00+00:00,21.5,73.0,10.333576871817705,1.971466064453125,0.524871826171875,2.040139425921496,255.09171509769263,0.2,ERA5
0dd716f7-b6ba-530e-b7ad-d756a0684ab5,2025-02-17T20:29:00+00:00,21.43319,72.9761333333333,2025-02-17T20:00:00+00:00,21.5,73.0,7.828712978293102,1.0047454833984375,-0.9904327392578125,1.4108403514938512,314.5889862086196,0.48333333333333334,ERA5
8906f996-8077-5ab8-9ea3-d8ba3566d4ff,2025-02-18T07:42:00+00:00,21.56137,72.80109,2025-02-18T08:00:00+00:00,21.5,72.75,8.630977185713403,1.7783966064453125,-2.5736083984375,3.1282830240124113,325.3550266363723,0.3,ERA5
edb40381-3b7f-557b-9e10-e76d6756d6b0,2025-02-18T08:04:00+00:00,21.40251,72.79063,2025-02-18T08:00:00+00:00,21.5,72.75,11.62734951323419,1.7783966064453125,-2.5736083984375,3.1282830240124113,325.3550266363723,0.06666666666666667,ERA5
4e50c7fa-3311-554a-843d-2020b6e66c24,2025-02-18T20:10:00+00:00,21.436535,72.86329,2025-02-18T20:00:00+00:00,21.5,72.75,13.683431898520958,1.0454254150390625,-1.89544677734375,2.164632251481162,331.1212591389097,0.16666666666666666,ERA5
6baf3732-0968-531c-af0c-a7910ebbc883,2025-02-18T20:33:00+00:00,21.91691,72.5537,2025-02-18T21:00:00+00:00,22.0,72.5,10.771810349219166,3.05780029296875,-2.335205078125,3.8475089848602773,307.3685344563146,0.45,ERA5
82d4db02-b5c1-57f6-a9bb-f5a90454dbe2,2025-02-18T20:33:00+00:00,21.38082,72.82656,2025-02-18T21:00:00+00:00,21.5,72.75,15.440539651657431,1.50018310546875,-1.662353515625,2.2391892641857365,317.9354754943682,0.45,ERA5
5b9d00aa-d065-5b3a-b345-354e0c9e3bd5,2025-02-19T09:03:00+00:00,21.99574,72.74728,2025-02-19T09:00:00+00:00,22.0,72.75,0.5504763533150795,1.0505218505859375,-2.2218017578125,2.457640984679662,334.6940779247421,0.05,ERA5
5f09785c-05da-572d-b33b-3e9d1dcd0793,2025-02-19T21:32:00+00:00,21.9084,72.68623,2025-02-19T22:00:00+00:00,22.0,72.75,12.124204385738729,2.391998291015625,-0.51275634765625,2.4463390803981873,282.0990003213442,0.4666666666666667,ERA5
c9680ea4-53dc-5790-b794-d968c347ac3a,2025-02-19T21:32:00+00:00,21.43563,72.97951,2025-02-19T22:00:00+00:00,21.5,73.0,7.465067440663824,2.175201416015625,-0.59283447265625,2.254540731990885,285.2452556597582,0.4666666666666667,ERA5
26647dd1-8c54-5bb0-a09e-8acd6b896fbe,2025-02-20T07:27:00+00:00,21.73091,72.7247666666667,2025-02-20T07:00:00+00:00,21.75,72.75,3.361311062706097,0.4307098388671875,-2.3916015625,2.430075924544219,349.79088506667705,0.45,ERA5
2b6e2552-3e42-5ebb-92e4-8db672ee348f,2025-02-20T08:44:00+00:00,21.72271,72.70695,2025-02-20T09:00:00+00:00,21.75,72.75,5.383336866486667,1.073455810546875,-1.927215576171875,2.206007083904388,330.8822672072742,0.26666666666666666,ERA5
3425dad6-3d83-5a1c-b26c-f17d8564e4da,2025-02-20T08:44:00+00:00,21.74697,72.65676,2025-02-20T09:00:00+00:00,21.75,72.75,9.635719163519063,1.073455810546875,-1.927215576171875,2.206007083904388,330.8822672072742,0.26666666666666666,ERA5
cb15d8c5-e1e3-5b71-98fd-3e6f7b9c4533,2025-02-20T08:44:00+00:00,21.681625,72.631355,2025-02-20T09:00:00+00:00,21.75,72.75,14.423079097181857,1.073455810546875,-1.927215576171875,2.206007083904388,330.8822672072742,0.26666666666666666,ERA5
d8620d2a-9813-55d0-ac79-e71e6cbc11ed,2025-02-20T08:44:00+00:00,21.55302,72.78824,2025-02-20T09:00:00+00:00,21.5,72.75,7.099546402932911,1.307830810546875,-1.238739013671875,1.8013594236044248,313.4458712207084,0.26666666666666666,ERA5
31806c0d-8f6d-5122-bafc-d05905d19131,2025-02-20T19:55:00+00:00,21.77671,72.89182,2025-02-20T20:00:00+00:00,21.75,73.0,11.559726284201624,0.967254638671875,-0.699249267578125,1.1935372110834264,305.86397903357886,0.08333333333333333,ERA5
6a2f8fe5-2ff1-59b3-98eb-ea4b84e8ae29,2025-02-21T08:25:00+00:00,21.69446,72.95544,2025-02-21T08:00:00+00:00,21.75,73.0,7.702445889643931,-0.9728851318359375,-3.2876129150390625,3.4285425706674655,16.48477505074868,0.4166666666666667,ERA5
d5dbe5c7-3c87-523c-842d-f558a1347562,2025-02-21T08:25:00+00:00,21.54813,72.931,2025-02-21T08:00:00+00:00,21.5,73.0,8.921007270375313,-0.4347991943359375,-3.4008941650390625,3.428575719040185,7.285655374115436,0.4166666666666667,ERA5
1e0831f3-c9b9-5047-afc4-280bf48cb4c7,2025-02-21T08:26:00+00:00,21.77763,72.60719,2025-02-21T08:00:00+00:00,21.75,72.5,11.487852592152338,-1.0568695068359375,-3.5561676025390625,3.7098923396546244,16.551601262973122,0.43333333333333335,ERA5
b9c1e254-3212-5c99-a3f3-86798b17ddc5,2025-02-21T08:26:00+00:00,21.75139,72.62701,2025-02-21T08:00:00+00:00,21.75,72.75,12.703151662084817,-0.9465179443359375,-3.4897613525390625,3.6158443711843016,15.175086765195147,0.43333333333333335,ERA5
88e4b1d9-3095-5d24-9fe7-e3ed31a619a5,2025-02-21T08:48:00+00:00,21.59156,72.97081,2025-02-21T09:00:00+00:00,21.5,73.0,10.619187628342466,-0.11517333984375,-3.524627685546875,3.5265089280950765,1.8715733008386906,0.2,ERA5
d35ec373-9b1e-5e76-acc7-74a6736fa0c5,2025-02-21T08:48:00+00:00,21.47081,72.84131,2025-02-21T09:00:00+00:00,21.5,72.75,9.9896734885635,0.54595947265625,-3.277557373046875,3.3227178753840994,350.54278202366703,0.2,ERA5
90f0e69a-0888-5c80-9d66-55dfb906fc4b,2025-02-21T20:54:00+00:00,21.79533,72.64754,2025-02-21T21:00:00+00:00,21.75,72.75,11.719587974049958,-1.8965606689453125,-1.033416748046875,2.1598362313226596,61.414479927360276,0.1,ERA5
0ce8e3c1-ca46-5116-92cb-8cc0788649e5,2025-02-22T08:07:00+00:00,21.73808,72.78471,2025-02-22T08:00:00+00:00,21.75,72.75,3.8221377029532997,-0.3807525634765625,-2.5922088623046875,2.62002276715393,8.356050042154607,0.11666666666666667,ERA5
e47d2c30-448a-587e-abec-32ea5225724e,2025-02-22T08:30:00+00:00,21.68128,72.63702,2025-02-22T08:00:00+00:00,21.75,72.75,13.950180435045683,-0.3807525634765625,-2.5922088623046875,2.62002276715393,8.356050042154607,0.5,ERA5
818cf114-48e1-5567-873b-c2318749626d,2025-02-23T07:48:00+00:00,21.433855,72.852015,2025-02-23T08:00:00+00:00,21.5,72.75,12.866173067234076,0.3783721923828125,-2.0655975341796875,2.0999663542966065,349.6197484674432,0.2,ERA5
a5524064-19c6-5af5-ba81-c0f72c5fd09c,2025-02-23T07:48:00+00:00,21.73416,72.6035733333333,2025-02-23T08:00:00+00:00,21.75,72.5,10.841560535524776,-0.6724090576171875,-2.1251678466796875,2.229007024961297,17.55751717393389,0.2,ERA5
0f649edb-fc8d-5b77-8bcf-d5fad6a468d6,2025-02-23T08:11:00+00:00,21.87812,72.70982,2025-02-23T08:00:00+00:00,22.0,72.75,14.171924944375307,-1.1704559326171875,-1.3927459716796875,1.819260407920968,40.04350609522896,0.18333333333333332,ERA5
c3c3eef4-c13b-5f71-80d8-0b4e2fa60a48,2025-02-23T08:11:00+00:00,21.81889,72.65168,2025-02-23T08:00:00+00:00,21.75,72.75,12.717740178688898,-1.1977996826171875,-1.5831756591796875,1.985237831469286,37.11043533290996,0.18333333333333332,ERA5
d34ed4bf-2aaa-56ae-8e8c-0072d236beeb,2025-02-23T08:11:00+00:00,21.59709,72.84139,2025-02-23T08:00:00+00:00,21.5,72.75,14.34883487669845,0.3783721923828125,-2.0655975341796875,2.0999663542966065,349.6197484674432,0.18333333333333332,ERA5
faae2291-902b-5252-b585-9a2f8d3081f5,2025-02-23T08:11:00+00:00,21.56695,72.89101,2025-02-23T08:00:00+00:00,21.5,73.0,13.509512639988806,-1.0571746826171875,-1.5167694091796875,1.8488395685375325,34.876151254443016,0.18333333333333332,ERA5
35c3c153-d77f-5c29-a9df-b64c79243eb0,2025-02-23T20:17:00+00:00,21.37974,72.96925,2025-02-23T20:00:00+00:00,21.5,73.0,13.74582253535153,-1.5659332275390625,-1.7857666015625,2.375101940626336,41.247423629921684,0.2833333333333333,ERA5
e87af850-2249-5b24-bb9d-7707d2e97f04,2025-02-23T20:17:00+00:00,21.434015,72.9758425,2025-02-23T20:00:00+00:00,21.5,73.0,7.751367183553385,-1.5659332275390625,-1.7857666015625,2.375101940626336,41.247423629921684,0.2833333333333333,ERA5
40504d49-243f-5904-ad09-6d9dd99dff97,2025-02-24T07:29:00+00:00,21.436295,72.704155,2025-02-24T07:00:00+00:00,21.5,72.75,8.525520021036161,-2.0738677978515625,-1.7189178466796875,2.693623248822972,50.34648500928279,0.48333333333333334,ERA5
5318045b-768e-5e4d-aa4e-b25afa872a5c,2025-02-24T07:29:00+00:00,21.6908775,72.6606975,2025-02-24T07:00:00+00:00,21.75,72.75,11.32779736890781,-3.3131256103515625,-1.6036834716796875,3.680842564862837,64.17118695584963,0.48333333333333334,ERA5
898b650a-ccaa-5c75-b034-543a2418df21,2025-02-24T07:29:00+00:00,21.7061033333333,72.6812733333333,2025-02-24T07:00:00+00:00,21.75,72.75,8.615231619527798,-3.3131256103515625,-1.6036834716796875,3.680842564862837,64.17118695584963,0.48333333333333334,ERA5
a84be2e1-f389-583a-87fe-3ddf3ba8d219,2025-02-24T07:52:00+00:00,21.3861,72.79689,2025-02-24T08:00:00+00:00,21.5,72.75,13.563063547852389,-1.0886383056640625,-1.8551025390625,2.1509390486471847,30.40588420584527,0.13333333333333333,ERA5
b2a08a64-2f3f-5ef2-8549-835391dd5a36,2025-02-24T07:52:00+00:00,21.765732,72.630788,2025-02-24T08:00:00+00:00,21.75,72.75,12.435069211242835,-2.5573883056640625,-1.7515869140625,3.099724449602302,55.59227365091971,0.13333333333333333,ERA5
f56bbc34-ec66-5bca-986b-b670ee26d90b,2025-02-24T07:52:00+00:00,21.79327,72.6203,2025-02-24T08:00:00+00:00,21.75,72.5,13.32179024115708,-2.1980133056640625,-1.9644775390625,2.9479542895637505,48.21120241171133,0.13333333333333333,ERA5
a2edb031-790a-5109-acb1-e9753efebaf8,2025-02-24T09:10:00+00:00,22.01689,72.74436,2025-02-24T09:00:00+00:00,22.0,72.75,1.9660275518318493,-1.9628143310546875,-1.8448638916015625,2.693726577945305,46.774283854840064,0.16666666666666666,ERA5
2a344c09-f62f-508d-a4fc-a0dcfb3374ff,2025-02-25T08:51:00+00:00,21.95779,72.8098,2025-02-25T09:00:00+00:00,22.0,72.75,7.74926728858971,-2.5918731689453125,-0.5020904541015625,2.6400570728676547,79.03661375795951,0.15,ERA5
31bf5232-84a8-59a1-b01f-194fca776fdb,2025-02-25T08:51:00+00:00,21.709394,72.546696,2025-02-25T09:00:00+00:00,21.75,72.5,6.606964831238909,-1.3731231689453125,-0.5255279541015625,1.470254014664334,69.05692436543018,0.15,ERA5
f151ea3d-c352-566b-b70a-d8c7b113bd62,2025-02-25T08:51:00+00:00,21.81603,72.659905,2025-02-25T09:00:00+00:00,21.75,72.75,11.85113834800326,-2.3936309814453125,-0.3653717041015625,2.421356181459665,81.32117549033217,0.15,ERA5
fc514d22-6ad8-5442-b148-436b46cb83d8,2025-02-25T08:51:00+00:00,21.86,72.6614,2025-02-25T09:00:00+00:00,21.75,72.75,15.27336871339266,-2.3936309814453125,-0.3653717041015625,2.421356181459665,81.32117549033217,0.15,ERA5
ea2400a1-0883-55a1-bec6-e6ea1e104ae0,2025-02-25T21:19:00+00:00,21.68079,72.535345,2025-02-25T21:00:00+00:00,21.75,72.5,8.51804765909916,-1.629669189453125,-3.2863922119140625,3.668268724832221,26.376075426249088,0.31666666666666665,ERA5
8403dc98-cb20-5ad3-9f47-e853b9039bf8,2025-02-26T08:55:00+00:00,21.52648,72.81112,2025-02-26T09:00:00+00:00,21.5,72.75,6.974741936173401,1.632843017578125,0.382080078125,1.6769500607214405,256.8299306959663,0.08333333333333333,ERA5
bffea3d4-ac89-5578-b873-289bc59cd095,2025-02-26T08:55:00+00:00,21.78102,72.69087,2025-02-26T09:00:00+00:00,21.75,72.75,7.013086905947046,-0.364227294921875,0.886962890625,0.9588350701303964,157.67471734807782,0.08333333333333333,ERA5
195a20da-26a1-5ec4-8c5a-fcf596c04caa,2025-02-27T08:13:00+00:00,21.40821,72.66888,2025-02-27T08:00:00+00:00,21.5,72.75,13.21561924496806,2.3624114990234375,2.270263671875,3.27644399167047,226.13951124628736,0.21666666666666667,ERA5
80a51243-2152-55cc-bbb4-9163d52440d3,2025-02-27T08:13:00+00:00,22.0963,72.63853,2025-02-27T08:00:00+00:00,22.0,72.75,15.705001718491092,1.4053802490234375,2.272216796875,2.6717153322062708,211.73704929474755,0.21666666666666667,ERA5
cc3d3d85-46f4-5bc4-b3d2-95f9621e0181,2025-02-27T08:13:00+00:00,21.616155,72.83098,2025-02-27T08:00:00+00:00,21.5,72.75,15.393307769356985,2.3624114990234375,2.270263671875,3.27644399167047,226.13951124628736,0.21666666666666667,ERA5
0a472cff-9c60-5a62-b864-8a9dd29dd0bf,2025-02-27T20:42:00+00:00,21.434595,72.975955,2025-02-27T21:00:00+00:00,21.5,73.0,7.686570258515176,0.408233642578125,1.88677978515625,1.9304384643409045,192.2086279356763,0.3,ERA5
57853340-fc52-57e9-9a36-b9c18840dbf8,2025-02-27T20:42:00+00:00,21.41202,72.98704,2025-02-27T21:00:00+00:00,21.5,73.0,9.874440499720459,0.408233642578125,1.88677978515625,1.9304384643409045,192.2086279356763,0.3,ERA5
939c8c65-2d62-58e4-b606-55169a6f70a7,2025-02-27T20:42:00+00:00,21.57344,72.841395,2025-02-27T21:00:00+00:00,21.5,72.75,12.49190601753802,1.590850830078125,0.62017822265625,1.7074622664695476,248.70214463551537,0.3,ERA5
1787a4a9-156e-5c41-b7a1-b627a55e4d02,2025-02-28T08:17:00+00:00,21.44275,72.98054,2025-02-28T08:00:00+00:00,21.5,73.0,6.6768048769781005,0.758575439453125,-0.244384765625,0.796969642465187,287.85700811622286,0.2833333333333333,ERA5
64d74422-bc65-511c-a908-c6e672ef98b9,2025-02-28T08:17:00+00:00,21.75679,72.6593,2025-02-28T08:00:00+00:00,21.75,72.75,9.397554102417573,0.934356689453125,0.056396484375,0.9360571492038631,266.5458961251471,0.2833333333333333,ERA5
ce5c5464-edbb-55ff-8f9f-e140340d5bf7,2025-02-28T08:17:00+00:00,21.38112,72.82121,2025-02-28T08:00:00+00:00,21.5,72.75,15.134673386770633,1.424591064453125,0.313232421875,1.458620667285832,257.59939527938093,0.2833333333333333,ERA5
e1b51109-123c-5e44-8c68-546173c003b6,2025-02-28T08:17:00+00:00,21.76213,72.62798,2025-02-28T08:00:00+00:00,21.75,72.75,12.673537794043884,0.934356689453125,0.056396484375,0.9360571492038631,266.5458961251471,0.2833333333333333,ERA5
390ff0c4-1824-52c8-874e-d7c6a4f3863a,2025-02-28T20:23:00+00:00,21.522355,72.78199,2025-02-28T20:00:00+00:00,21.5,72.75,4.138944888507527,2.965362548828125,-1.2226715087890625,3.2075381002253045,292.40722143972005,0.38333333333333336,ERA5
65710996-1b22-5034-b91b-e64d53b802b7,2025-02-28T20:46:00+00:00,21.682335,72.53484125,2025-02-28T21:00:00+00:00,21.75,72.5,8.340562436785595,3.3839263916015625,-2.941131591796875,4.4834376168341175,310.9954598053953,0.23333333333333334,ERA5
2e681c0b-e078-5f5b-acf3-ac0bdfea72a6,2025-03-01T07:35:00+00:00,21.6939275,72.6034275,2025-03-01T08:00:00+00:00,21.75,72.5,12.370206285456662,0.0722198486328125,-3.1914520263671875,3.192269058701001,358.7036664195659,0.4166666666666667,ERA5
a1b23eb4-808b-5ed6-9ebf-dbf60eda19ff,2025-03-01T07:35:00+00:00,21.828235,72.665075,2025-03-01T08:00:00+00:00,21.75,72.75,12.351770614390862,0.7812042236328125,-3.1523895263671875,3.2477437960792543,346.08173287746536,0.4166666666666667,ERA5
264bfe89-e2a4-5fd3-b444-abdd398b73eb,2025-03-01T09:16:00+00:00,21.68402,72.63163,2025-03-01T09:00:00+00:00,21.75,72.75,14.260033878118044,1.02593994140625,-2.9761199951171875,3.1479903095004897,340.97969928897453,0.26666666666666666,ERA5
252001c4-152a-575b-b981-be05a5886ae4,2025-03-02T07:39:00+00:00,21.35644,72.80146,2025-03-02T08:00:00+00:00,21.25,72.75,12.9808248007089,2.1411895751953125,-3.1110076904296875,3.776646878758688,325.4618258684868,0.35,ERA5
71fba740-583c-56b8-a7df-4e897cdfb6be,2025-03-02T21:26:00+00:00,21.6815257142857,72.5358257142857,2025-03-02T21:00:00+00:00,21.75,72.5,8.465796736586704,2.77288818359375,-2.7975311279296875,3.9389198126452634,315.25346879928486,0.43333333333333335,ERA5
2390eabe-54f6-57b2-9ea1-6175ccf28d67,2025-03-03T08:38:00+00:00,21.5125125,72.8095125,2025-03-03T09:00:00+00:00,21.5,72.75,6.312013210605437,1.9315948486328125,-2.24859619140625,2.9643285059641267,319.33667778000205,0.36666666666666664,ERA5
ea8f1688-9386-586b-a8b9-ee0bb5de54f9,2025-03-03T08:38:00+00:00,21.52435,72.81099,2025-03-03T09:00:00+00:00,21.5,72.75,6.865789895754,1.9315948486328125,-2.24859619140625,2.9643285059641267,319.33667778000205,0.36666666666666664,ERA5
feb73eac-1065-5190-9953-e1f0384e08a0,2025-03-03T08:38:00+00:00,21.401515,72.81708,2025-03-03T09:00:00+00:00,21.5,72.75,12.96612842225543,1.9315948486328125,-2.24859619140625,2.9643285059641267,319.33667778000205,0.36666666666666664,ERA5
4e092b89-cf46-5b8e-aa05-e8fc56bb2108,2025-03-03T09:01:00+00:00,21.75843,72.65248,2025-03-03T09:00:00+00:00,21.75,72.75,10.11499113423784,1.4091339111328125,-2.43902587890625,2.816825450303739,329.98305988260836,0.016666666666666666,ERA5
01eb77df-a646-535e-ab08-d4de71e9d264,2025-03-04T08:19:00+00:00,21.5136,72.82778,2025-03-04T08:00:00+00:00,21.5,72.75,8.187435769605214,0.6180419921875,-4.9562835693359375,4.9946694308809345,352.8919833426669,0.31666666666666665,ERA5
c7f93fd8-9f8c-5283-b836-74f239888fb3,2025-03-04T08:42:00+00:00,21.53797,72.76711,2025-03-04T09:00:00+00:00,21.5,72.75,4.578049782452731,0.834503173828125,-4.9377899169921875,5.007810380942845,350.4074621618758,0.3,ERA5
2fb5a55f-f5ee-5430-86c8-0af0886954e1,2025-03-04T20:48:00+00:00,21.68236,72.544805,2025-03-04T21:00:00+00:00,21.75,72.5,8.831298659693875,-0.935028076171875,-7.0450897216796875,7.106867572267437,7.560143126774449,0.2,ERA5
5dfb1e48-dcf1-5ff5-88d7-80b035093ed7,2025-03-05T08:00:00+00:00,21.429655,72.702465,2025-03-05T08:00:00+00:00,21.5,72.75,9.240175873036018,-2.442474365234375,-4.319915771484375,4.9625954194903406,29.483757434029144,0.0,ERA5
b1baa614-f9fd-5d4d-96cf-e515a8fb8094,2025-03-05T08:00:00+00:00,21.4683,72.9781,2025-03-05T08:00:00+00:00,21.5,73.0,4.190393338576195,-2.801849365234375,-3.493743896484375,4.478460257687467,38.728283232523154,0.0,ERA5
188b39ab-22b1-5b64-b643-fdd22754b870,2025-03-05T20:52:00+00:00,21.68187,72.53584,2025-03-05T21:00:00+00:00,21.75,72.5,8.432028368135427,0.7244720458984375,-6.048675537109375,6.091907377703116,353.17001080215033,0.13333333333333333,ERA5
b5a873fb-bd54-5751-84c6-0ecab030fcd1,2025-03-06T07:41:00+00:00,21.38376,72.680675,2025-03-06T08:00:00+00:00,21.5,72.75,14.78326457221756,1.946014404296875,-2.7845458984375,3.3971558578075314,325.05174828366813,0.31666666666666665,ERA5
ef2dbb62-59d7-5d62-916b-02a8b5698152,2025-03-07T07:45:00+00:00,21.36708,72.83295,2025-03-07T08:00:00+00:00,21.25,72.75,15.598953134117721,0.975250244140625,-2.8011474609375,2.96606475597094,340.80387668890256,0.25,ERA5
10764cf7-9c69-59fe-b816-0f0cf251c916,2025-03-08T07:27:00+00:00,21.90618,72.757415,2025-03-08T07:00:00+00:00,22.0,72.75,10.460299002636186,0.613525390625,-1.1649932861328125,1.3166710909244146,332.2271718767164,0.45,ERA5
d552d9ee-848b-5c51-9566-26121ca7f4dc,2025-03-08T08:44:00+00:00,21.73503,72.6821533333333,2025-03-08T09:00:00+00:00,21.75,72.75,7.202488280223606,1.0776214599609375,-0.989715576171875,1.4631489782949545,312.56517499590336,0.26666666666666666,ERA5
da367d40-99f5-5a23-ad98-f4d94144b460,2025-03-08T08:44:00+00:00,21.78314,72.87735,2025-03-08T09:00:00+00:00,21.75,73.0,13.19087073814364,1.2035980224609375,-1.232879638671875,1.722974289745373,315.68854818076915,0.26666666666666666,ERA5
1c0393b6-64c4-5872-9585-1fcfc649b128,2025-03-08T19:55:00+00:00,21.39948,72.94817,2025-03-08T20:00:00+00:00,21.5,73.0,12.397803075891748,1.3612060546875,1.5888824462890625,2.0922307118105845,220.5868817643432,0.08333333333333333,ERA5
8ab755d1-72c2-5e92-9041-3778ef211a26,2025-03-09T08:25:00+00:00,21.4212966666667,72.9041166666667,2025-03-09T08:00:00+00:00,21.5,73.0,13.230427433285435,-0.3375396728515625,-0.063568115234375,0.34347334106621813,,0.4166666666666667,ERA5
b5233971-2c5e-55b0-91f0-8b4fe4671504,2025-03-09T08:25:00+00:00,21.6284825,72.80832,2025-03-09T08:00:00+00:00,21.75,72.75,14.794848366194032,-0.5572662353515625,0.132720947265625,0.5728529539995302,103.3962447430813,0.4166666666666667,ERA5
f3093fd1-483b-5b78-87c1-780711f3f9c0,2025-03-10T08:06:00+00:00,21.632755,72.8503,2025-03-10T08:00:00+00:00,21.75,72.75,16.654080181957895,-2.4211273193359375,-0.4006500244140625,2.45405336912175,80.6038006892876,0.1,ERA5
f402d5c2-6e54-5d64-8318-f0ea77397531,2025-03-10T08:29:00+00:00,21.46264,72.80642,2025-03-10T08:00:00+00:00,21.5,72.75,7.16505605416485,-0.8244476318359375,-0.9924468994140625,1.2902188751512171,39.71716366558206,0.48333333333333334,ERA5
a42b3a75-c636-5569-b222-732150148722,2025-03-10T20:35:00+00:00,21.90732,72.75537,2025-03-10T21:00:00+00:00,22.0,72.75,10.320416089586574,-1.4685516357421875,-1.7750396728515625,2.3037816187820486,39.60212921769164,0.4166666666666667,ERA5
ae5340e7-5511-5c0f-98bd-5ef5a26b1ba5,2025-03-10T20:58:00+00:00,21.79357,72.648295,2025-03-10T21:00:00+00:00,21.75,72.75,11.565978459230648,-1.9968719482421875,-1.9068756103515625,2.7610998118558108,46.32065330516457,0.03333333333333333,ERA5
882dd2c7-333b-5656-8e3f-bfbd0f3d1827,2025-03-11T07:48:00+00:00,21.71733,72.54439,2025-03-11T08:00:00+00:00,21.75,72.5,5.849758314936988,0.7635650634765625,2.0975341796875,2.232192026040609,200.00301636512435,0.2,ERA5
b8e37358-065a-5c4c-ab4b-cec3c1f61bf0,2025-03-11T07:48:00+00:00,22.0823866666667,72.56621,2025-03-11T08:00:00+00:00,22.0,72.5,11.423329711316455,0.2137603759765625,1.8250732421875,1.8375488667478845,186.68029049585533,0.2,ERA5
892b6858-e52f-580c-92e1-540cfc26f5f8,2025-03-11T08:10:00+00:00,21.75826,72.61852,2025-03-11T08:00:00+00:00,21.75,72.5,12.274675216408658,0.7635650634765625,2.0975341796875,2.232192026040609,200.00301636512435,0.16666666666666666,ERA5
f09ef32b-693f-58f3-b280-60cad5db15e2,2025-03-11T08:10:00+00:00,22.0404,72.70824,2025-03-11T08:00:00+00:00,22.0,72.75,6.221859360811854,0.2352447509765625,1.5838623046875,1.6012369884161508,188.44815287290083,0.16666666666666666,ERA5
834b6795-4ef6-5552-9bf5-e2eba1cc1bb9,2025-03-12T07:29:00+00:00,21.90692,72.75586,2025-03-12T07:00:00+00:00,22.0,72.75,10.367653289241682,0.3691864013671875,-1.281951904296875,1.334053703523527,343.93424936412924,0.48333333333333334,ERA5
d6790000-a716-529a-93b4-178a28f87794,2025-03-12T20:20:00+00:00,21.39714,72.94673,2025-03-12T20:00:00+00:00,21.5,73.0,12.69690222166024,1.316680908203125,1.1016693115234375,1.7167771800612714,230.08071577661588,0.3333333333333333,ERA5
679f385a-6969-54ce-a87a-75430cecc349,2025-03-13T07:33:00+00:00,21.40549,72.82018,2025-03-13T08:00:00+00:00,21.5,72.75,12.774630581830742,2.1220855712890625,-0.9477081298828125,2.324090762280855,294.06519473088173,0.45,ERA5
963a5d5c-026f-528e-b175-a9ffecdadf11,2025-03-13T08:50:00+00:00,21.35128,72.94411,2025-03-13T09:00:00+00:00,21.25,73.0,12.663110487909563,3.036041259765625,-1.9206085205078125,3.5925316449610367,302.3175641549741,0.16666666666666666,ERA5
c1d52a8a-d7c5-59bc-b2b8-69a9f6934203,2025-03-13T08:50:00+00:00,21.5163,72.81141,2025-03-13T09:00:00+00:00,21.5,72.75,6.6064706798142385,2.154205322265625,-0.2672882080078125,2.1707242009563474,277.07296294264376,0.16666666666666666,ERA5
f8e14d13-7e45-51a2-9d1a-5b451d95fbcc,2025-03-13T08:50:00+00:00,21.7947183333333,72.6472166666667,2025-03-13T09:00:00+00:00,21.75,72.75,11.720743616815106,1.934478759765625,-1.6100616455078125,2.516844566976609,309.7705243517372,0.16666666666666666,ERA5
3ec67e5b-1cb7-582f-bc26-3a7763eee2b4,2025-03-13T20:01:00+00:00,21.64003,72.871735,2025-03-13T20:00:00+00:00,21.75,72.75,17.541925492047977,2.614593505859375,0.4248199462890625,2.6488811199536797,260.7712132540785,0.016666666666666666,ERA5
acccb17c-2a48-5792-96c7-2e3f27e2c4d5,2025-03-13T20:02:00+00:00,21.43679,72.97474,2025-03-13T20:00:00+00:00,21.5,73.0,7.498945181111745,1.305023193359375,1.2256011962890625,1.7903027195284829,226.79760065235826,0.03333333333333333,ERA5
af392c90-fbc4-5683-b364-5fe10490e4d3,2025-03-13T21:19:00+00:00,21.9931133333333,72.6920066666667,2025-03-13T21:00:00+00:00,22.0,72.75,6.02798692186611,2.9105987548828125,-0.626556396484375,2.9772735900318037,282.14851148842587,0.31666666666666665,ERA5
8d11960d-e593-5c62-906e-6c4e60a14c9f,2025-03-14T08:31:00+00:00,21.7392366666667,72.6011716666667,2025-03-14T09:00:00+00:00,21.75,72.5,10.51760785231473,0.486328125,0.26055908203125,0.5517300792914804,241.81901540739042,0.48333333333333334,ERA5
b17654f0-9c6e-597b-9ea4-fa760998ddd5,2025-03-14T08:31:00+00:00,21.923365,72.56079,2025-03-14T09:00:00+00:00,22.0,72.5,10.579005447069113,1.4697265625,0.41290283203125,1.5266253362293885,254.30790083163075,0.48333333333333334,ERA5
17bf6a16-235b-5b25-9abe-8c5e032b48b8,2025-03-15T08:12:00+00:00,21.37684,72.67046,2025-03-15T08:00:00+00:00,21.5,72.75,15.978759561547697,2.1210784912109375,0.3338470458984375,2.1471906799194107,261.0553145928759,0.2,ERA5
acf6ef91-3345-5af0-83b7-99f2254cf3da,2025-03-15T08:13:00+00:00,21.73968,72.69394,2025-03-15T08:00:00+00:00,21.75,72.75,5.902643718254553,1.5077972412109375,-0.5909576416015625,1.619470115429919,291.4019225250557,0.21666666666666667,ERA5
fb19eb3d-b51a-56f3-b30f-bcdf8668c16e,2025-03-15T08:13:00+00:00,21.82371,72.70623,2025-03-15T08:00:00+00:00,21.75,72.75,9.359589560761721,1.5077972412109375,-0.5909576416015625,1.619470115429919,291.4019225250557,0.21666666666666667,ERA5
9d7b7344-7c77-5c2c-ba59-4463a516808a,2025-03-15T20:41:00+00:00,21.79349,72.64739,2025-03-15T21:00:00+00:00,21.75,72.75,11.647210079967085,2.652496337890625,-1.16497802734375,2.8970520579922123,293.7111107929433,0.31666666666666665,ERA5
f385a0f3-e850-5467-bc43-7da99b9d23ba,2025-03-15T21:04:00+00:00,21.55208,72.83335,2025-03-15T21:00:00+00:00,21.5,72.75,10.385999582633975,2.956207275390625,-1.18450927734375,3.1846858060389374,291.8352584374319,0.06666666666666667,ERA5
6784826d-22f4-534c-b0c5-7991d8952be3,2025-03-16T07:54:00+00:00,21.84879,72.66135,2025-03-16T08:00:00+00:00,21.75,72.75,14.298171183689224,1.871551513671875,-2.8980865478515625,3.4498711145730754,327.14608311374633,0.1,ERA5
f71c2e3e-f4d0-52e3-90e4-ae13ede5fdd8,2025-03-16T07:54:00+00:00,21.35468,72.91778,2025-03-16T08:00:00+00:00,21.25,73.0,14.423586214026132,1.942840576171875,-2.2486724853515625,2.971726341841899,319.17316612810674,0.1,ERA5
2632fbb5-1222-591f-9a19-4167ada8f47d,2025-03-16T20:23:00+00:00,21.374755,72.93844,2025-03-16T20:00:00+00:00,21.25,73.0,15.267690962569912,2.0440673828125,-1.2482147216796875,2.395047276547134,301.410427297969,0.38333333333333336,ERA5
69b2ac8f-edb6-55ef-a715-9dcb250e3298,2025-03-16T20:45:00+00:00,21.43384,72.97626,2025-03-16T21:00:00+00:00,21.5,73.0,7.755997210773973,1.53887939453125,-1.9757080078125,2.50431066823733,322.08496744804125,0.25,ERA5
cade6ebd-f0ba-5804-8f94-6615be01b50e,2025-03-16T20:45:00+00:00,21.35699,72.90247,2025-03-16T21:00:00+00:00,21.25,73.0,15.608309862634245,1.56329345703125,-1.9132080078125,2.4706783104958427,320.747540610924,0.25,ERA5
cdb2ca37-2b40-5425-acbc-0ab72b8866e5,2025-03-16T20:45:00+00:00,21.410155,72.987085,2025-03-16T21:00:00+00:00,21.5,73.0,10.07931906210294,1.53887939453125,-1.9757080078125,2.50431066823733,322.08496744804125,0.25,ERA5
1b101772-9d52-5301-a07f-c10f2600702f,2025-03-18T07:39:00+00:00,21.866385,72.68162,2025-03-18T08:00:00+00:00,21.75,72.75,14.741598950201773,0.135528564453125,-1.27020263671875,1.2774125136814614,353.9096752153425,0.35,ERA5
e7dfd564-1aa9-5e1a-b858-4807e10df2d3,2025-03-18T08:56:00+00:00,21.427675,72.97675,2025-03-18T09:00:00+00:00,21.5,73.0,8.394363074837914,1.006500244140625,-0.768798828125,1.2665284756299446,307.37381138813845,0.06666666666666667,ERA5
cceca48d-d0bb-54fc-b459-65bafc425c9f,2025-03-18T08:57:00+00:00,21.74733,72.78162,2025-03-18T09:00:00+00:00,21.75,72.75,3.2791770916144802,0.684234619140625,-0.862548828125,1.1009847841502294,321.5760663562848,0.05,ERA5
d587d0f6-cabe-5606-b611-155905d5352c,2025-03-19T07:20:00+00:00,21.78018,72.97084,2025-03-19T07:00:00+00:00,21.75,73.0,4.508849278236564,1.05548095703125,-1.4040069580078125,1.7564952572637236,323.06549670348653,0.3333333333333333,ERA5
2aaba67b-59bf-5798-889e-a15525de86dc,2025-03-19T08:38:00+00:00,21.7079375,72.68225,2025-03-19T09:00:00+00:00,21.75,72.75,8.417243693286643,1.942657470703125,-1.884124755859375,2.706260176723741,314.12369823336746,0.36666666666666664,ERA5
8742071e-07b4-5cd4-a160-35fed8be665a,2025-03-19T09:00:00+00:00,21.52056,72.818615,2025-03-19T09:00:00+00:00,21.5,72.75,7.457325419690026,2.511993408203125,-1.495452880859375,2.9234380789964676,300.76640283530685,0.0,ERA5
45a71da8-2fd4-504b-a406-fcfc0f508341,2025-03-19T21:06:00+00:00,21.79411,72.65013,2025-03-19T21:00:00+00:00,21.75,72.75,11.419834736984114,2.430389404296875,-1.8941802978515625,3.0813489995921515,307.93189467137285,0.1,ERA5
37079564-be51-5b2d-8ad3-7a4f8a782c87,2025-03-19T21:29:00+00:00,21.39776,72.9527,2025-03-19T21:00:00+00:00,21.5,73.0,12.377722110143914,1.946990966796875,-0.6705474853515625,2.059225037459465,289.0038076360115,0.48333333333333334,ERA5
3a8840fe-a7b1-592c-adee-13916e0d8e21,2025-03-20T08:19:00+00:00,22.0725,72.5669383333333,2025-03-20T08:00:00+00:00,22.0,72.5,10.610953980171818,1.5554962158203125,-3.0065155029296875,3.3850707447242314,332.64408070346894,0.31666666666666665,ERA5
14852869-676f-539c-a216-bcb2373d26ef,2025-03-20T08:42:00+00:00,21.73243,72.74256,2025-03-20T09:00:00+00:00,21.75,72.75,2.0993872541365506,1.996978759765625,-1.9730682373046875,2.807298066827903,314.6549271432111,0.3,ERA5
fc8bc8cc-1f11-5cf2-bd25-05a0e743a331,2025-03-20T08:42:00+00:00,21.56327,72.8052,2025-03-20T09:00:00+00:00,21.5,72.75,9.060644354836713,2.040924072265625,-1.0013885498046875,2.2733565704555097,296.1350850674377,0.3,ERA5
be2213d9-7c8a-524d-bde1-0703c702169c,2025-03-20T20:48:00+00:00,21.40964,72.98861,2025-03-20T21:00:00+00:00,21.5,73.0,10.116480785453895,2.5664215087890625,-0.79345703125,2.6862787311102307,287.1799684633409,0.2,ERA5
d4e9d1ba-d51a-5846-ad0e-d2d5035dca95,2025-03-20T20:48:00+00:00,21.4335233333333,72.9763666666667,2025-03-20T21:00:00+00:00,21.5,73.0,7.785930626191293,2.5664215087890625,-0.79345703125,2.6862787311102307,287.1799684633409,0.2,ERA5
4bfe6b0a-2c02-5f20-9a4d-01538ebc5fe6,2025-03-21T08:00:00+00:00,21.50061,72.73338,2025-03-21T08:00:00+00:00,21.5,72.75,1.7208009148721224,1.8876190185546875,1.0640106201171875,2.1668465933082395,240.5909704284381,0.0,ERA5
5f99c4ed-8530-5a28-9609-0611858563b1,2025-03-21T08:00:00+00:00,21.4373,72.70993,2025-03-21T08:00:00+00:00,21.5,72.75,8.111762179263966,1.8876190185546875,1.0640106201171875,2.1668465933082395,240.5909704284381,0.0,ERA5
07257975-7c26-514d-9c0a-811e044bb12d,2025-03-21T20:29:00+00:00,21.7943157142857,72.6473742857143,2025-03-21T20:00:00+00:00,21.75,72.75,11.687073592021497,3.0547943115234375,1.4215087890625,3.369340517534238,245.04569896632594,0.48333333333333334,ERA5
d33b403b-c937-5b94-ad8c-b986661a4fdf,2025-03-22T08:04:00+00:00,21.47086,72.81644,2025-03-22T08:00:00+00:00,21.5,72.75,7.599780132963698,2.2697906494140625,1.2473602294921875,2.5899531143027117,241.20906757019685,0.06666666666666667,ERA5
289cb9b0-52d7-5925-b02b-c9e49468d900,2025-03-22T20:33:00+00:00,21.40973,72.98811,2025-03-22T21:00:00+00:00,21.5,73.0,10.112707137989785,0.3256988525390625,-1.9378509521484375,1.9650308026308054,350.45934166722793,0.45,ERA5
7576afc0-048b-5af3-947b-a4487b2414d0,2025-03-22T20:33:00+00:00,21.4068333333333,72.9709366666667,2025-03-22T21:00:00+00:00,21.5,73.0,10.78746284907132,0.3256988525390625,-1.9378509521484375,1.9650308026308054,350.45934166722793,0.45,ERA5
02b8e950-9d0a-57b2-960e-429c10476f39,2025-03-23T09:03:00+00:00,21.51637,72.70262,2025-03-23T09:00:00+00:00,21.5,72.75,5.228627683309463,1.4838409423828125,-1.226898193359375,1.9253735012095734,309.5852842948175,0.05,ERA5
1f200628-038d-5899-86a8-a9468ed2bd4e,2025-03-23T09:03:00+00:00,22.04693,72.68076,2025-03-23T09:00:00+00:00,22.0,72.75,8.841549193614215,-0.3394012451171875,-1.313812255859375,1.3569435687726283,14.484723163487615,0.05,ERA5
230654d7-2103-5cbd-b46a-ed568d095482,2025-03-23T21:31:00+00:00,22.04473,72.748942,2025-03-23T22:00:00+00:00,22.0,72.75,4.9749446246038485,-0.924346923828125,-1.614105224609375,1.8600411048419867,29.798400079562043,0.48333333333333334,ERA5
3cec2ffd-26ea-5c84-8791-9b43865d7e52,2025-03-24T08:44:00+00:00,21.43422,72.70355,2025-03-24T09:00:00+00:00,21.5,72.75,8.752417337974375,1.9142608642578125,1.0146026611328125,2.166520993760931,242.0753727201892,0.26666666666666666,ERA5
cccf7dcb-8578-508a-ad2e-9efd2e72d5bd,2025-03-24T08:44:00+00:00,21.42455,72.98972,2025-03-24T09:00:00+00:00,21.5,73.0,8.456835274796775,0.5373077392578125,-0.0293426513671875,0.5381083514085223,273.12584697571816,0.26666666666666666,ERA5
e95f247d-4c1e-52e1-be44-8d6d3c7827bb,2025-03-24T08:44:00+00:00,21.50178,72.73581,2025-03-24T09:00:00+00:00,21.5,72.75,1.4813383839149914,1.9142608642578125,1.0146026611328125,2.166520993760931,242.0753727201892,0.26666666666666666,ERA5
4b8b262d-8601-56ad-b7bb-33d19dcb9093,2025-03-24T09:07:00+00:00,21.54768,72.81869,2025-03-24T09:00:00+00:00,21.5,72.75,8.86536690192994,1.9142608642578125,1.0146026611328125,2.166520993760931,242.0753727201892,0.11666666666666667,ERA5
ad190d42-caa3-5988-9879-5987b73d64c3,2025-03-24T19:55:00+00:00,21.4352,72.97295,2025-03-24T20:00:00+00:00,21.5,73.0,7.730038921027706,0.9802398681640625,0.681915283203125,1.1941016089949368,235.17514500014778,0.08333333333333333,ERA5
d54c8743-aa7a-5383-abda-f6731a49f0b3,2025-03-25T08:25:00+00:00,22.01269,72.72238,2025-03-25T08:00:00+00:00,22.0,72.75,3.1778976330207107,0.3380279541015625,-0.8188629150390625,0.8858890288181466,337.56908453586374,0.4166666666666667,ERA5
e6659285-2749-5403-a592-245f503d4340,2025-03-25T08:25:00+00:00,22.03427,72.80092,2025-03-25T08:00:00+00:00,22.0,72.75,6.486473834100317,0.3380279541015625,-0.8188629150390625,0.8858890288181466,337.56908453586374,0.4166666666666667,ERA5
5deb1c69-0f1e-5e1a-ae8c-ce66e27a6578,2025-03-25T20:54:00+00:00,21.794266,72.64885,2025-03-25T21:00:00+00:00,21.75,72.75,11.54671746705523,2.9509124755859375,-1.452789306640625,3.2891459694057477,296.2118843090029,0.1,ERA5
d476b6bc-7a23-563b-8576-311d76887a54,2025-03-25T20:54:00+00:00,21.41111,72.98866,2025-03-25T21:00:00+00:00,21.5,73.0,9.953543706174676,-0.4953765869140625,1.079437255859375,1.187679566297174,155.34860877778095,0.1,ERA5
f56e5663-9474-5d0c-a3d2-67e3fb0168fc,2025-03-25T20:54:00+00:00,21.74397,72.94653,2025-03-25T21:00:00+00:00,21.75,73.0,5.562994915696984,0.6735687255859375,0.795257568359375,1.0421753346344031,220.26399371153195,0.1,ERA5
8e14d430-21c7-5ab5-80a1-14b1b526099b,2025-03-25T21:17:00+00:00,21.39534,72.78698,2025-03-25T21:00:00+00:00,21.5,72.75,12.250833534172628,1.7184906005859375,-1.531890869140625,2.302151076549633,311.71433799495344,0.2833333333333333,ERA5
06bb3ae7-00f0-5f11-8fb7-a45bda266ba8,2025-03-26T08:06:00+00:00,21.85849,72.66456,2025-03-26T08:00:00+00:00,21.75,72.75,14.944418574509447,2.364044189453125,0.2711639404296875,2.3795450851531346,263.45657546363555,0.1,ERA5
2bfdeb38-25bc-5780-a5f9-f907c494e988,2025-03-26T08:29:00+00:00,21.40186,72.94166,2025-03-26T08:00:00+00:00,21.5,73.0,12.47160232504452,2.489044189453125,0.0494842529296875,2.4895360347539404,268.8610626497868,0.48333333333333334,ERA5
4dd6fb21-538b-5e83-8544-1915c56523d0,2025-03-26T08:29:00+00:00,21.95601,72.61205,2025-03-26T08:00:00+00:00,22.0,72.5,12.54670814407802,1.601348876953125,0.6363983154296875,1.723171796891064,248.32643892415382,0.48333333333333334,ERA5
b382d625-feed-5c7e-bced-e34da24c7860,2025-03-26T08:29:00+00:00,21.59539,72.82694,2025-03-26T08:00:00+00:00,21.5,72.75,13.259960645643261,2.803497314453125,0.8951873779296875,2.9429504980122436,252.29114823430618,0.48333333333333334,ERA5
b12215bc-3ea6-5a83-9fa7-5bf5e9da9242,2025-03-27T07:47:00+00:00,21.43205,72.89535,2025-03-27T08:00:00+00:00,21.5,73.0,13.204692591961711,2.934234619140625,0.234283447265625,2.943572919739885,265.43491322859205,0.21666666666666667,ERA5
3752a242-fe86-5ab4-8421-496ad48c9053,2025-03-27T08:10:00+00:00,22.048095,72.672565,2025-03-27T08:00:00+00:00,22.0,72.75,9.607984407406875,2.906890869140625,-0.563568115234375,2.9610173159915774,280.9719977013957,0.16666666666666666,ERA5
c4c39d36-7927-588b-9c2a-a46e0c536543,2025-03-27T08:10:00+00:00,21.71181,72.93681,2025-03-27T08:00:00+00:00,21.75,73.0,7.786885425428197,2.902984619140625,-0.002044677734375,2.9029853392110123,270.040355496374,0.16666666666666666,ERA5
d16f7a90-2ac7-51b0-9a8d-8de82ab8e5ec,2025-03-27T08:10:00+00:00,21.59661,72.87789,2025-03-27T08:00:00+00:00,21.5,73.0,16.579937380208182,2.934234619140625,0.234283447265625,2.943572919739885,265.43491322859205,0.16666666666666666,ERA5
188c738f-3185-5b82-9c31-a4867fdc34b8,2025-03-28T07:51:00+00:00,21.75349,72.614635,2025-03-28T08:00:00+00:00,21.75,72.5,11.845592163259372,-0.17327880859375,-5.2911376953125,5.2939742780131205,1.875701973846276,0.15,ERA5
f399cc2d-21f9-5968-9c35-2a46efbf183d,2025-03-28T07:51:00+00:00,21.4537,72.85766,2025-03-28T08:00:00+00:00,21.5,72.75,12.272142754933695,0.74859619140625,-3.9962158203125,4.065727135495427,349.389961132659,0.15,ERA5
34e2268f-2d27-5816-a8f7-d0c51e6c03ec,2025-03-28T09:09:00+00:00,21.83523,72.67057,2025-03-28T09:00:00+00:00,21.75,72.75,12.53286686545825,0.07586669921875,-4.4158477783203125,4.416499446093794,359.01572375746434,0.15,ERA5
cb80e4d9-213e-58d7-bda9-6614b4a580fd,2025-03-28T09:09:00+00:00,21.7467566666667,72.60223,2025-03-28T09:00:00+00:00,21.75,72.5,10.564479463150729,0.10321044921875,-5.0838165283203125,5.084864097539946,358.8369543103532,0.15,ERA5
5372a25c-0490-5180-aa62-4c4295f07b12,2025-03-28T20:20:00+00:00,21.3982,72.89376,2025-03-28T20:00:00+00:00,21.5,73.0,15.780635883778325,-0.008514404296875,-3.691802978515625,3.6918127968868317,0.13214100784318816,0.3333333333333333,ERA5
56b1eae7-11fd-553e-8f86-16fc8fb59f26,2025-03-29T07:32:00+00:00,21.42081,72.70478,2025-03-29T08:00:00+00:00,21.5,72.75,9.971771455683937,0.6395263671875,-3.5265960693359375,3.584114090062386,349.72146549077115,0.4666666666666667,ERA5
c2afaa63-a311-5f57-a54c-c964c063ff60,2025-03-29T07:32:00+00:00,21.97996,72.5507025,2025-03-29T08:00:00+00:00,22.0,72.5,5.682816440850014,-1.7374267578125,-4.4680023193359375,4.793922868002173,21.24906077053481,0.4666666666666667,ERA5
20c77d77-6c23-53e2-9697-b9a8d72fc54a,2025-03-29T08:50:00+00:00,21.5121,72.80905,2025-03-29T09:00:00+00:00,21.5,72.75,6.255334407607328,1.2322998046875,-3.7888946533203125,3.9842546985091327,341.9834059722458,0.16666666666666666,ERA5
b6311a57-bd0b-5f72-8a00-eca8a5f03bdd,2025-03-29T08:50:00+00:00,21.43138,72.91645,2025-03-29T09:00:00+00:00,21.5,73.0,11.531347194462075,0.0496826171875,-2.9197540283203125,2.9201766981371677,359.0251474747874,0.16666666666666666,ERA5
c425074b-f5bb-56f9-9970-a66a2b6ff438,2025-03-29T08:50:00+00:00,21.64025,72.92324,2025-03-29T09:00:00+00:00,21.75,73.0,14.554212906162057,-0.8653564453125,-3.1687774658203125,3.2848123851042828,15.274376846308542,0.16666666666666666,ERA5
b5a93577-9853-557a-b618-ebaa5f04b790,2025-03-29T20:01:00+00:00,21.9711325,72.5706325,2025-03-29T20:00:00+00:00,22.0,72.5,7.95883492620788,-0.042755126953125,-3.557861328125,3.5581182148782196,0.6884951916713931,0.016666666666666666,ERA5
1196afb5-e6ab-5573-a4f5-43d76c992e61,2025-03-30T08:31:00+00:00,21.49249,72.734265,2025-03-30T09:00:00+00:00,21.5,72.75,1.8296357043290215,2.286224365234375,-2.7765655517578125,3.5966843218997533,320.53195513940136,0.48333333333333334,ERA5
53b89284-c12b-5cc7-931a-c9600d0ea361,2025-03-30T08:31:00+00:00,21.63516,72.85954,2025-03-30T09:00:00+00:00,21.75,72.75,17.063216500255812,1.069427490234375,-2.6720733642578125,2.8781332875398697,338.18753474672246,0.48333333333333334,ERA5
6861c987-461c-5d7a-bbc1-a406f33f6d49,2025-03-30T08:31:00+00:00,21.38595,72.79726,2025-03-30T09:00:00+00:00,21.5,72.75,13.592374233367513,2.286224365234375,-2.7765655517578125,3.5966843218997533,320.53195513940136,0.48333333333333334,ERA5
8d2e3deb-a6be-56cc-a57c-35cbf485ff6a,2025-03-30T08:31:00+00:00,21.91578,72.54782,2025-03-30T09:00:00+00:00,22.0,72.5,10.583997061755811,0.448333740234375,-3.0080108642578125,3.041238646033155,351.52266657526593,0.48333333333333334,ERA5
bacc9230-e5b0-514e-8511-dd25f06a2f2d,2025-03-30T08:31:00+00:00,21.4287733333333,72.70545,2025-03-30T09:00:00+00:00,21.5,72.75,9.164101051777916,2.286224365234375,-2.7765655517578125,3.5966843218997533,320.53195513940136,0.48333333333333334,ERA5
c1062790-6277-59ad-861d-3e4dc545abf7,2025-03-30T08:31:00+00:00,21.68946,72.89129,2025-03-30T09:00:00+00:00,21.75,73.0,13.092939403256388,0.635833740234375,-2.0148468017578125,2.112792507506149,342.4856462411263,0.48333333333333334,ERA5
cf0f99ac-e32c-5b00-9781-832a8ca1b4d9,2025-03-30T08:31:00+00:00,21.41606,72.67373,2025-03-30T09:00:00+00:00,21.5,72.75,12.223638587451726,2.286224365234375,-2.7765655517578125,3.5966843218997533,320.53195513940136,0.48333333333333334,ERA5
40d112bc-c994-5b70-8099-00aadec8f743,2025-03-30T08:54:00+00:00,22.02079,72.71599,2025-03-30T09:00:00+00:00,22.0,72.75,4.199638721781845,0.611419677734375,-2.6144561767578125,2.6849981606153634,346.8373019020409,0.1,ERA5
9ffecb8c-835e-57ec-904e-f84b67a0d2ae,2025-03-30T08:54:00+00:00,21.71288,72.67183,2025-03-30T09:00:00+00:00,21.75,72.75,9.06818202946651,1.069427490234375,-2.6720733642578125,2.8781332875398697,338.18753474672246,0.1,ERA5
feaf98e8-fa5b-5965-b57f-f76382607d63,2025-03-30T21:00:00+00:00,21.82458,72.9826,2025-03-30T21:00:00+00:00,21.75,73.0,8.485293366925996,-0.6403656005859375,-2.358367919921875,2.443760902406457,15.191203608990236,0.0,ERA5
546512c0-b7d3-52d9-b9fe-38cf2a612ca6,2025-03-30T21:23:00+00:00,21.45933,72.941,2025-03-30T21:00:00+00:00,21.5,73.0,7.597398592352714,-0.7653656005859375,-2.451141357421875,2.56785483558246,17.3409040997293,0.38333333333333336,ERA5
ef08275e-0ef2-5fa8-8782-6e9184b360f2,2025-03-31T08:12:00+00:00,21.75452,72.61244,2025-03-31T08:00:00+00:00,21.75,72.5,11.623369098006416,1.1895599365234375,-4.1817169189453125,4.347621100415159,344.120703248978,0.2,ERA5
5113f9e1-7a9b-5c14-af40-9ac11af93f07,2025-04-01T08:16:00+00:00,21.80087,72.81139,2025-04-01T08:00:00+00:00,21.75,72.75,8.495933671895507,1.4709930419921875,-2.0753173828125,2.543769401693706,324.67083723492686,0.26666666666666666,ERA5
d02db2b5-afb0-54fb-8110-1e35898e2af9,2025-04-01T08:16:00+00:00,21.727,72.75287,2025-04-01T08:00:00+00:00,21.75,72.75,2.5746056260001375,1.4709930419921875,-2.0753173828125,2.543769401693706,324.67083723492686,0.26666666666666666,ERA5
8bd9658a-c516-5eb5-9d90-c193cae6327e,2025-04-01T20:22:00+00:00,21.41228,72.79766,2025-04-01T20:00:00+00:00,21.5,72.75,10.930153922731389,1.6890869140625,1.129241943359375,2.0317977187454557,236.23522483467679,0.36666666666666664,ERA5
d8f97748-8152-563e-a5e8-26c8f197880d,2025-04-01T20:22:00+00:00,22.01951,72.7504966666667,2025-04-01T20:00:00+00:00,22.0,72.75,2.170017161099914,-1.0355224609375,-1.288726806640625,1.6532161229737021,38.78270047858666,0.36666666666666664,ERA5
dec8323b-1778-5e64-888f-247217f81f4e,2025-04-01T20:22:00+00:00,21.794,72.64841,2025-04-01T20:00:00+00:00,21.75,72.75,11.57531039424547,0.2633056640625,0.331390380859375,0.4232605075524005,,0.36666666666666664,ERA5
5b9fd800-ed43-55ed-9cc9-1b103c6ac6e9,2025-04-02T07:35:00+00:00,22.0925,72.71157,2025-04-02T08:00:00+00:00,22.0,72.75,11.021788454793652,1.44854736328125,-0.1159210205078125,1.4531782914235385,274.5753845428522,0.4166666666666667,ERA5
7211709a-ce37-5229-bfc5-6fadd4e5b8ad,2025-04-02T07:57:00+00:00,22.00326,72.553952,2025-04-02T08:00:00+00:00,22.0,72.5,5.5740863595652135,0.92022705078125,-0.3083038330078125,0.9704993964124173,288.52240409118275,0.05,ERA5
7c267d70-a3bc-5f36-bb68-3e48ee28604a,2025-04-02T07:57:00+00:00,21.43139,72.71915,2025-04-02T08:00:00+00:00,21.5,72.75,8.270095637110261,2.52374267578125,-0.0358428955078125,2.5239971883339902,270.81367589406415,0.05,ERA5
031cbe57-1e3e-53c5-ab9c-ad358f940385,2025-04-02T09:15:00+00:00,21.95593,72.58136,2025-04-02T09:00:00+00:00,22.0,72.5,9.715709534210212,0.738983154296875,-0.6703948974609375,0.9977602020907729,312.2138634824011,0.25,ERA5
4a452d39-ec9a-5a30-a60d-aa559f4e9b67,2025-04-02T21:44:00+00:00,21.4152,72.95425,2025-04-02T22:00:00+00:00,21.5,73.0,10.551227218304971,-0.036041259765625,1.5387725830078125,1.5391946058319035,178.65825879521586,0.26666666666666666,ERA5
29526859-27a4-5d04-98ec-7cdfc0c3da69,2025-04-03T07:39:00+00:00,21.80528,72.7089,2025-04-03T08:00:00+00:00,21.75,72.75,7.469598818215515,2.5573272705078125,4.27178955078125,4.978765784272927,210.9070501502373,0.35,ERA5
38327fbc-48c5-5b2c-8768-ca10ac869dbe,2025-04-03T07:39:00+00:00,22.01186,72.63591,2025-04-03T08:00:00+00:00,22.0,72.75,11.835675169677673,1.9391632080078125,3.45343017578125,3.9606229214970297,209.31499468973234,0.35,ERA5
f0686ef4-338e-5339-b467-08f1a9d95ae7,2025-04-03T07:39:00+00:00,21.78947,72.61864,2025-04-03T08:00:00+00:00,21.75,72.5,13.013726698116988,1.5485382080078125,5.72979736328125,5.935364218472596,195.12348848653198,0.35,ERA5
15dc61fd-c3dc-53e2-b6c7-f606327006be,2025-04-03T08:57:00+00:00,21.90675,72.75769,2025-04-03T09:00:00+00:00,22.0,72.75,10.399212904500347,1.9403228759765625,3.151763916015625,3.701144234603146,211.61773117593023,0.05,ERA5
d03f875a-886b-5f0c-bb27-7a3d6166be8b,2025-04-03T08:57:00+00:00,21.67093,72.88826,2025-04-03T09:00:00+00:00,21.75,73.0,14.510555142781033,2.2928619384765625,2.434967041015625,3.3445897147104438,223.2783700377032,0.05,ERA5
b68652e7-b50e-5519-a810-883d9ac6a7ce,2025-04-03T20:07:00+00:00,21.4415,72.98978,2025-04-03T20:00:00+00:00,21.5,73.0,6.59030942246041,1.001922607421875,2.966644287109375,3.1312660758073148,198.66133081630994,0.11666666666666667,ERA5
4db74c10-b188-5e27-82fb-b2658414dae4,2025-04-04T07:20:00+00:00,21.529025,72.80384,2025-04-04T07:00:00+00:00,21.5,72.75,6.437145859417925,2.6921844482421875,2.8131256103515625,3.893781298811342,223.74152341984484,0.3333333333333333,ERA5
17ea4f98-c5bf-5adf-a00e-51f9e70baa8e,2025-04-04T08:38:00+00:00,21.92399,72.74643,2025-04-04T09:00:00+00:00,22.0,72.75,8.459940921571619,1.6767578125,-0.575836181640625,1.7728801622970007,288.9536192633258,0.36666666666666664,ERA5
748c5f48-1caa-5beb-aac5-e95b9ccdb2f8,2025-04-04T08:38:00+00:00,21.55469,72.91288,2025-04-04T09:00:00+00:00,21.5,73.0,10.871497541301386,2.701171875,-0.023101806640625,2.7012706624403777,270.49001093215907,0.36666666666666664,ERA5
ac0943f9-cb12-5609-a7c5-eae83782bbbe,2025-04-04T08:38:00+00:00,21.81278,72.71407,2025-04-04T09:00:00+00:00,21.75,72.75,7.905435333524032,2.1728515625,0.618499755859375,2.2591648591142697,254.11105637166804,0.36666666666666664,ERA5
e21f7a57-4859-5188-b8f4-718bb7ea09b6,2025-04-04T09:00:00+00:00,22.0759675,72.7102175,2025-04-04T09:00:00+00:00,22.0,72.75,9.38980793998137,1.6767578125,-0.575836181640625,1.7728801622970007,288.9536192633258,0.0,ERA5
e3aa7757-643e-57a6-876f-33d2647f42e1,2025-04-04T09:00:00+00:00,21.5083,72.92968,2025-04-04T09:00:00+00:00,21.5,73.0,7.333246962629925,2.701171875,-0.023101806640625,2.7012706624403777,270.49001093215907,0.0,ERA5
b2a425c3-83d1-53f8-a39f-d0b2cea9c664,2025-04-04T19:48:00+00:00,21.59305,72.9992,2025-04-04T20:00:00+00:00,21.5,73.0,10.347018742279499,0.745941162109375,2.0269622802734375,2.159862102769614,200.20408924897325,0.2,ERA5
f0d2fbdc-3220-5b7d-b6fb-9b3040ff1430,2025-04-04T21:07:00+00:00,21.433085,72.97785,2025-04-04T21:00:00+00:00,21.5,73.0,7.785656408633171,0.7882843017578125,1.6370697021484375,1.81697257824387,205.71181635744244,0.11666666666666667,ERA5
b54e9987-5239-55f9-a653-6881531e7738,2025-04-05T08:19:00+00:00,21.628075,72.809195,2025-04-05T08:00:00+00:00,21.75,72.75,14.873195277268113,2.156005859375,-2.3430023193359375,3.1840259317525845,317.3800678162625,0.31666666666666665,ERA5
29b5c35c-7b31-5586-879d-84e98ce55f5d,2025-04-05T08:41:00+00:00,22.074885,72.642675,2025-04-05T09:00:00+00:00,22.0,72.75,13.845786587107874,1.683135986328125,-2.9351654052734375,3.3835104115085466,330.1683932725523,0.31666666666666665,ERA5
6b75a2b5-f3f1-51ce-bb10-1444c24eb490,2025-04-05T20:48:00+00:00,21.40435,72.96975,2025-04-05T21:00:00+00:00,21.5,73.0,11.086971239321187,2.4161376953125,0.093353271484375,2.4179404864485052,267.78734083407244,0.2,ERA5
774aa9a9-e9fe-535c-a4a0-7ae78967661c,2025-04-06T20:29:00+00:00,21.79615,72.64663,2025-04-06T20:00:00+00:00,21.75,72.75,11.843683937109954,3.515106201171875,-0.70819091796875,3.5857364629613246,281.39093362890605,0.48333333333333334,ERA5
a0401e00-0a42-558c-ad81-7111627f7b95,2025-04-06T20:51:00+00:00,21.4337,72.97716,2025-04-06T21:00:00+00:00,21.5,73.0,7.741826068946044,2.5775909423828125,-1.3528594970703125,2.9110485885789084,297.69292481852193,0.15,ERA5
77dd5ec1-12da-504c-9f74-26f5d17c9828,2025-04-07T07:41:00+00:00,21.40936,72.83744,2025-04-07T08:00:00+00:00,21.5,72.75,13.545021069357668,1.881988525390625,-2.59039306640625,3.201877113223984,324.00061094845705,0.31666666666666665,ERA5
cd912818-7fb1-542c-93e3-e0d710042726,2025-04-07T07:41:00+00:00,22.005095,72.95393,2025-04-07T08:00:00+00:00,22.0,73.0,4.783315015324173,1.840972900390625,-2.79644775390625,3.3480294592939264,326.6420702227788,0.31666666666666665,ERA5
d5731360-a27f-57d3-a251-1dc5e711cdc5,2025-04-07T07:41:00+00:00,21.6286575,72.80666375,2025-04-07T08:00:00+00:00,21.75,72.75,14.708124872179889,1.714019775390625,-3.47613525390625,3.875742521618277,333.7529225372673,0.31666666666666665,ERA5
df814c32-9a3f-5a07-941e-b81602f64146,2025-04-07T07:41:00+00:00,22.060514,72.669866,2025-04-07T08:00:00+00:00,22.0,72.75,10.653797377495849,1.858551025390625,-3.03277587890625,3.5569567674707714,328.49912681401594,0.31666666666666665,ERA5
e04787f4-6950-5dfa-9762-b04705861ed2,2025-04-07T07:41:00+00:00,21.35402,72.78733,2025-04-07T08:00:00+00:00,21.25,72.75,12.195897648931924,1.975738525390625,-3.13824462890625,3.7083853725808553,327.8067930933193,0.31666666666666665,ERA5
eb14e016-b8f2-5377-8f0e-54805c6dc8a9,2025-04-07T07:41:00+00:00,21.43174,72.99384,2025-04-07T08:00:00+00:00,21.5,73.0,7.616886261690393,1.583160400390625,-3.51617431640625,3.8561481658152044,335.7603045064111,0.31666666666666665,ERA5
5fb0ccac-19ff-5dcc-ae32-c5543794ef16,2025-04-08T07:23:00+00:00,21.810365,72.78434,2025-04-08T07:00:00+00:00,21.75,72.75,7.591297005965756,1.2794189453125,-3.51446533203125,3.7401041974354237,339.9962834576232,0.38333333333333336,ERA5
12c29d37-e63b-53ed-b8b3-92401888a7a1,2025-04-08T07:45:00+00:00,21.78247,72.6442733333333,2025-04-08T08:00:00+00:00,21.75,72.75,11.499591499945494,1.5037384033203125,-3.6371002197265625,3.9356990730943,337.5376303524498,0.25,ERA5
b455a496-b69e-5f88-8e8c-c7d8e0d0d57c,2025-04-08T20:14:00+00:00,21.396105,72.952405,2025-04-08T20:00:00+00:00,21.5,73.0,12.558911229026812,1.6483306884765625,-2.479644775390625,2.977521162090312,326.3862379820361,0.23333333333333334,ERA5
01332fb2-9a6e-569f-a3f2-b4d79b3ec291,2025-04-09T07:26:00+00:00,21.520535,72.83869,2025-04-09T07:00:00+00:00,21.5,72.75,9.454881723590564,1.667449951171875,-0.21356201171875,1.6810705138430238,277.2985377463933,0.43333333333333335,ERA5
152631ff-f8ee-5c5c-9093-53d4980fda33,2025-04-09T08:44:00+00:00,21.42753,72.78655,2025-04-09T09:00:00+00:00,21.5,72.75,8.90180243433314,2.13458251953125,-0.743072509765625,2.260221070483541,289.19358969098704,0.26666666666666666,ERA5
572c8f98-2c00-5ba4-b032-22cd77488089,2025-04-09T08:44:00+00:00,21.71683,72.66642,2025-04-09T09:00:00+00:00,21.75,72.75,9.387935338919645,1.16387939453125,-3.760650634765625,3.9366366916160205,342.8032873432775,0.26666666666666666,ERA5
993bd4e2-a08b-522b-9cb4-a1fc6b041a27,2025-04-09T08:44:00+00:00,21.44864,72.962,2025-04-09T09:00:00+00:00,21.5,73.0,6.9337219226751134,1.63067626953125,-3.696197509765625,4.0399234061068485,336.19404483484664,0.26666666666666666,ERA5
d33ee032-d4c2-599e-b3e1-bcb38e49c899,2025-04-09T08:44:00+00:00,21.60879,72.83623,2025-04-09T09:00:00+00:00,21.5,72.75,15.028717239183667,2.13458251953125,-0.743072509765625,2.260221070483541,289.19358969098704,0.26666666666666666,ERA5
e5461349-33d5-54d0-877d-2d3815a6dae1,2025-04-09T08:44:00+00:00,21.99673,72.60609,2025-04-09T09:00:00+00:00,22.0,72.5,10.943849687553636,0.49298095703125,-3.918853759765625,3.9497398666778833,352.8300127622027,0.26666666666666666,ERA5
19133556-dc5c-5e6c-af12-77b1279506bc,2025-04-09T09:07:00+00:00,21.77006,72.64773,2025-04-09T09:00:00+00:00,21.75,72.75,10.79457058430801,1.16387939453125,-3.760650634765625,3.9366366916160205,342.8032873432775,0.11666666666666667,ERA5
d470f1c5-d576-59b9-a184-5bc4c7c928ec,2025-04-09T09:07:00+00:00,21.55201,72.78464,2025-04-09T09:00:00+00:00,21.5,72.75,6.803293875323137,2.13458251953125,-0.743072509765625,2.260221070483541,289.19358969098704,0.11666666666666667,ERA5
14c00951-5dc0-56f3-b48e-a45563d8ef00,2025-04-09T19:55:00+00:00,21.98263,72.69292,2025-04-09T20:00:00+00:00,22.0,72.75,6.194039557711764,3.37005615234375,-2.435455322265625,4.157970790746601,305.8546984768265,0.08333333333333333,ERA5
48c22d0c-373a-5ebd-bb27-7cb83277b497,2025-04-10T08:25:00+00:00,22.0790666666667,72.54572,2025-04-10T08:00:00+00:00,22.0,72.5,9.975070308197477,1.089691162109375,4.5257415771484375,4.655079338948941,193.5377803479984,0.4166666666666667,ERA5
9feb2d0b-4176-5077-84fa-335fab623e1e,2025-04-10T08:25:00+00:00,21.52108,72.7075,2025-04-10T08:00:00+00:00,21.5,72.75,4.982436737658078,3.392425537109375,3.4730072021484375,4.854928429030314,224.3275329484686,0.4166666666666667,ERA5
b5ca23cf-b410-51f9-aee7-7cd8198bf85c,2025-04-10T08:25:00+00:00,21.42967,72.99187,2025-04-10T08:00:00+00:00,21.5,73.0,7.865463422219252,2.774261474609375,0.5247650146484375,2.8234562242224968,259.2887764606314,0.4166666666666667,ERA5
8d289f10-3d0d-5bf1-9d5c-76da79d7badb,2025-04-10T20:54:00+00:00,22.079555,72.5616225,2025-04-10T21:00:00+00:00,22.0,72.5,10.890075418393826,3.4283599853515625,0.4233245849609375,3.454396603372594,262.9609025664233,0.1,ERA5
c45655b5-a89c-50c5-8bae-8a0c9e7c84f3,2025-04-10T20:54:00+00:00,22.0769333333333,72.5542633333333,2025-04-10T21:00:00+00:00,22.0,72.5,10.220664245545978,3.4283599853515625,0.4233245849609375,3.454396603372594,262.9609025664233,0.1,ERA5
2bbe8dd6-4e1b-500b-a3f2-8a5cfebeef19,2025-04-11T08:29:00+00:00,21.76444,72.842545,2025-04-11T08:00:00+00:00,21.75,72.75,9.691402518587998,3.7694091796875,6.392730712890625,7.4212836848787465,210.5252983205352,0.48333333333333334,ERA5
56171720-59e1-50c9-92ed-d8dfe9abe48f,2025-04-11T08:29:00+00:00,21.62886,72.80687,2025-04-11T08:00:00+00:00,21.75,72.75,14.69597732048909,3.7694091796875,6.392730712890625,7.4212836848787465,210.5252983205352,0.48333333333333334,ERA5
6e3ee6ef-b9e4-5d90-8707-a094da193d47,2025-04-11T08:29:00+00:00,21.79221,72.64809,2025-04-11T08:00:00+00:00,21.75,72.75,11.522828427547235,3.7694091796875,6.392730712890625,7.4212836848787465,210.5252983205352,0.48333333333333334,ERA5
2be69995-ebf1-5884-9bfd-cb2794f54f1e,2025-04-12T08:10:00+00:00,22.02493,72.54798,2025-04-12T08:00:00+00:00,22.0,72.5,5.6700538985436255,1.461395263671875,4.6252288818359375,4.850610098333188,197.53454189208355,0.16666666666666666,ERA5
3c3e2e6c-670c-5391-a196-111be1cb602d,2025-04-12T08:10:00+00:00,21.92568,72.93181,2025-04-12T08:00:00+00:00,22.0,73.0,10.851003236695647,3.302215576171875,2.3849945068359375,4.073429330324726,234.16165107406658,0.16666666666666666,ERA5
ac745ece-c5b2-518d-b3c9-0d59bbf0408b,2025-04-12T08:10:00+00:00,21.70387,72.58351,2025-04-12T08:00:00+00:00,21.75,72.5,10.03605483566186,1.368621826171875,5.7180023193359375,5.8795132644637516,193.46068447307997,0.16666666666666666,ERA5
97d62893-a929-5f84-ad6b-2fec66e4b3c8,2025-04-12T20:17:00+00:00,21.39527625,72.9535525,2025-04-12T20:00:00+00:00,21.5,73.0,12.597944441547448,0.8612060546875,3.7076873779296875,3.8063921974869497,193.07654529481846,0.2833333333333333,ERA5
ec06e9c3-58ba-5152-9abd-8d5e697987ae,2025-04-13T07:51:00+00:00,21.95552,72.5938066666667,2025-04-13T08:00:00+00:00,22.0,72.5,10.863960929168073,2.14678955078125,1.093109130859375,2.409064745354865,243.01557085140155,0.15,ERA5
6fe9dc68-c69d-5077-9c6f-3a6435a34d27,2025-04-13T09:09:00+00:00,21.68538,72.91689,2025-04-13T09:00:00+00:00,21.75,73.0,11.195533553013561,3.36920166015625,-0.9257965087890625,3.494083428094648,285.3646468120457,0.15,ERA5
b804500b-2372-57b7-9509-9a30d650008d,2025-04-13T09:09:00+00:00,21.719335,72.728565,2025-04-13T09:00:00+00:00,21.75,72.75,4.065534094327565,3.22564697265625,0.2753753662109375,3.23738011121991,265.1204571426295,0.15,ERA5
35033cb3-04ce-5efb-b7e0-23367ad446b9,2025-04-13T19:58:00+00:00,21.432675,72.97518,2025-04-13T20:00:00+00:00,21.5,73.0,7.9145383804111535,0.6395416259765625,1.943328857421875,2.0458593645325074,198.21616518997882,0.03333333333333333,ERA5
c17ebb48-40f1-5ef6-b8ab-d2065af8a19a,2025-04-14T07:32:00+00:00,21.38888,72.67017,2025-04-14T08:00:00+00:00,21.5,72.75,14.86384322745389,2.74444580078125,0.4340057373046875,2.7785506533873416,261.0136819496469,0.4666666666666667,ERA5
ca17cfd4-148f-590d-b8b2-32d74760a661,2025-04-14T07:33:00+00:00,21.95984,72.86039,2025-04-14T08:00:00+00:00,22.0,72.75,12.227239224976818,3.22198486328125,-1.9263458251953125,3.7539305664144753,300.87416922994277,0.45,ERA5
db75e77c-114b-57ef-88d6-396f0badc69a,2025-04-14T08:51:00+00:00,21.74686,72.57544,2025-04-14T09:00:00+00:00,21.75,72.5,7.79926529036575,1.9339141845703125,0.8785400390625,2.124113149885899,245.56861463257357,0.15,ERA5
12b177ab-55f0-517a-b19a-3aec343eb53c,2025-04-14T09:13:00+00:00,21.84934,72.68255,2025-04-14T09:00:00+00:00,21.75,72.75,13.057956075020552,3.2845001220703125,-1.3304443359375,3.5437301227531526,292.0512711186132,0.21666666666666667,ERA5
5dff518e-0328-5491-a38d-ea73d54e73f8,2025-04-15T08:32:00+00:00,22.018075,72.739615,2025-04-15T09:00:00+00:00,22.0,72.75,2.2772104119862586,2.1069183349609375,-0.258392333984375,2.12270381081687,276.9918366446512,0.4666666666666667,ERA5
2f3711dc-8362-5bc0-872f-f19471d2c2c8,2025-04-15T08:54:00+00:00,21.96091,72.91409,2025-04-15T09:00:00+00:00,22.0,73.0,9.867316326841266,2.2543792724609375,-0.983978271484375,2.4597640421095037,293.5800250064414,0.1,ERA5
f5949387-0b7d-5bd7-9998-03f354666fbd,2025-04-15T08:54:00+00:00,22.08846,72.79504,2025-04-15T09:00:00+00:00,22.0,72.75,10.87666582077074,2.1069183349609375,-0.258392333984375,2.12270381081687,276.9918366446512,0.1,ERA5
ee71a0e6-3544-59dc-8dd7-5c55baea7302,2025-04-16T08:13:00+00:00,22.01472,72.64346,2025-04-16T08:00:00+00:00,22.0,72.75,11.10479499786471,2.215667724609375,0.51397705078125,2.274501236448439,256.9398687612609,0.21666666666666667,ERA5
2d80b4be-78c8-5202-a32c-8df83263f587,2025-04-16T08:35:00+00:00,21.77409,72.75176,2025-04-16T09:00:00+00:00,21.75,72.75,2.684844992272556,2.6172027587890625,1.5359649658203125,3.034623313829984,239.59248897965492,0.4166666666666667,ERA5
69551e1f-3264-5b59-ad61-5fadff81d5c6,2025-04-16T08:35:00+00:00,21.82535,72.66859,2025-04-16T09:00:00+00:00,21.75,72.75,11.868283362616205,2.6172027587890625,1.5359649658203125,3.034623313829984,239.59248897965492,0.4166666666666667,ERA5
e95bf374-a6d9-542a-b1a5-380a956f62e6,2025-04-16T08:35:00+00:00,21.43358,72.88799,2025-04-16T09:00:00+00:00,21.5,73.0,13.743962934035004,2.8984527587890625,0.3670196533203125,2.921597477554923,262.783269030582,0.4166666666666667,ERA5
1e0a08c1-1957-5cb1-bc60-86faf17d7156,2025-04-16T20:42:00+00:00,21.41117,72.98849,2025-04-16T21:00:00+00:00,21.5,73.0,9.949009584576643,0.7420196533203125,1.9072113037109375,2.0464721163300443,201.25902165483922,0.3,ERA5
df66eb86-a4c0-5b2f-8327-f32da314dd22,2025-04-16T20:42:00+00:00,21.395358,72.953946,2025-04-16T21:00:00+00:00,21.5,73.0,12.574048188803562,0.7420196533203125,1.9072113037109375,2.0464721163300443,201.25902165483922,0.3,ERA5
20e5809d-1c7a-547f-b324-83808be547df,2025-04-17T07:54:00+00:00,21.6180733333333,72.8329666666667,2025-04-17T08:00:00+00:00,21.5,72.75,15.684132115050405,3.248046875,2.5826568603515625,4.149689742681765,231.5103332713234,0.1,ERA5
31073fa9-8ba7-5f3e-85b9-224f69757136,2025-04-17T07:54:00+00:00,21.82731,72.6526125,2025-04-17T08:00:00+00:00,21.75,72.75,13.2291273493846,3.2802734375,1.0953521728515625,3.4583218773472644,251.53475299857226,0.1,ERA5
48816931-41f6-5769-bdc2-297a97d43b89,2025-04-17T07:54:00+00:00,21.8299225,72.64091,2025-04-17T08:00:00+00:00,21.75,72.75,14.347336575952909,3.2802734375,1.0953521728515625,3.4583218773472644,251.53475299857226,0.1,ERA5
a3dcbcd4-f710-58fa-ab41-4738fb8e2348,2025-04-17T07:54:00+00:00,22.03827,72.85023,2025-04-17T08:00:00+00:00,22.0,72.75,11.174149619167924,3.177734375,0.5709381103515625,3.228616744661474,259.81443631035313,0.1,ERA5
88b73801-df30-5497-80a3-f979cc7626c7,2025-04-17T08:16:00+00:00,21.4154,72.67229,2025-04-17T08:00:00+00:00,21.5,72.75,12.376092346351859,3.248046875,2.5826568603515625,4.149689742681765,231.5103332713234,0.26666666666666666,ERA5
6360f776-447e-5500-84b3-24ddd9e84f29,2025-04-18T07:35:00+00:00,21.74248,72.84526,2025-04-18T08:00:00+00:00,21.75,72.75,9.874076265747027,3.131134033203125,-0.15530681610107422,3.134983339829786,272.8395904891317,0.4166666666666667,ERA5
ec7c6ff5-f626-5f2c-a30c-65f04a5c9438,2025-04-18T07:36:00+00:00,21.86114,72.81048,2025-04-18T08:00:00+00:00,21.75,72.75,13.845986269534873,3.131134033203125,-0.15530681610107422,3.134983339829786,272.8395904891317,0.4,ERA5
44b37d46-c8bf-51d1-8e2c-a0dc4df98b19,2025-04-18T07:58:00+00:00,21.42276,72.7905933333333,2025-04-18T08:00:00+00:00,21.5,72.75,9.560987471963836,3.130157470703125,1.6474275588989258,3.537216893720013,242.24179970658577,0.03333333333333333,ERA5
46dbf138-f892-59c5-bc5f-c9e2f5d4f0e9,2025-04-18T20:27:00+00:00,21.43411,72.97685,2025-04-18T20:00:00+00:00,21.5,73.0,7.708333361326075,0.0484466552734375,2.20001220703125,2.2005455663297897,181.26151132900492,0.45,ERA5
4f7757d7-3321-5b64-b33e-a7471eaa44e7,2025-04-18T21:44:00+00:00,21.90532,72.75814,2025-04-18T22:00:00+00:00,22.0,72.75,10.561353465646006,0.7824554443359375,1.6094512939453125,1.7895725718598814,205.92729973739029,0.26666666666666666,ERA5
50788ead-d4bc-5d5e-ad55-f1cdfc987920,2025-04-19T07:39:00+00:00,21.8209366666667,72.63071,2025-04-19T08:00:00+00:00,21.75,72.75,14.62628348846707,3.2543487548828125,2.870574951171875,4.339468443104837,228.585336272319,0.35,ERA5
56a9a97e-5ed2-5d63-a9eb-9113da8dbeb1,2025-04-20T08:38:00+00:00,21.924835,72.543105,2025-04-20T09:00:00+00:00,22.0,72.5,9.466551762070658,0.7983551025390625,3.0467529296875,3.1496149422285766,194.6833619063308,0.36666666666666664,ERA5
468eae4b-6493-5dc0-aa27-b203db7242fd,2025-04-21T08:19:00+00:00,22.03603,72.592815,2025-04-21T08:00:00+00:00,22.0,72.5,10.372771084260956,1.09649658203125,-0.1963653564453125,1.113940800769102,280.1531481183516,0.31666666666666665,ERA5
7c4daf72-c319-5ecd-81dd-9bd55ce2eaca,2025-04-21T08:19:00+00:00,22.064385,72.60827,2025-04-21T08:00:00+00:00,22.0,72.5,13.25891056040245,1.09649658203125,-0.1963653564453125,1.113940800769102,280.1531481183516,0.31666666666666665,ERA5
3bf79ce0-9861-565a-9ccc-67b6cbf7005f,2025-04-21T20:48:00+00:00,21.7033785714286,72.5335078571429,2025-04-21T21:00:00+00:00,21.75,72.5,6.233342735214352,3.1911773681640625,0.0477294921875,3.191534286124307,269.1431079340055,0.2,ERA5
93944394-3da9-5c86-b626-2148ef92441d,2025-04-21T20:48:00+00:00,21.8365266666667,72.7000266666667,2025-04-21T21:00:00+00:00,21.75,72.75,10.91749731746461,1.6296539306640625,0.9569091796875,1.889827270387173,239.5791613807229,0.2,ERA5
a2d8695b-2c90-56a4-aa32-2e8849377367,2025-04-21T20:48:00+00:00,21.90689,72.75566,2025-04-21T21:00:00+00:00,22.0,72.75,10.36980194328654,1.8181304931640625,0.8621826171875,2.012202115979725,244.62904532126655,0.2,ERA5
e8533d11-aba5-5102-8036-afbe496ce3fd,2025-04-21T20:48:00+00:00,21.79498,72.64668,2025-04-21T21:00:00+00:00,21.75,72.75,11.783262339980896,1.6296539306640625,0.9569091796875,1.889827270387173,239.5791613807229,0.2,ERA5
ed6e8385-245c-5a3d-aaa1-2e9c7cd43533,2025-04-22T08:01:00+00:00,22.03233125,72.58402875,2025-04-22T08:00:00+00:00,22.0,72.5,9.378623871160956,0.432891845703125,-2.818756103515625,2.851803170133389,351.2689877664557,0.016666666666666666,ERA5
2a67c2e8-e819-5fba-b75f-ba0734e20694,2025-04-22T20:29:00+00:00,21.396205,72.95505,2025-04-22T20:00:00+00:00,21.5,73.0,12.44377574761776,2.423309326171875,0.6186981201171875,2.5010428733126764,255.67770519179663,0.48333333333333334,ERA5
a0529389-1678-5a18-acf5-8d0ce8784bd9,2025-04-22T20:52:00+00:00,21.41125,72.98888,2025-04-22T21:00:00+00:00,21.5,73.0,9.935422243095404,2.5503082275390625,0.1548309326171875,2.555003849928321,266.5257987812794,0.13333333333333333,ERA5
18cd95e5-54bc-596f-9205-011936e3151d,2025-04-23T07:42:00+00:00,21.71129,72.76124,2025-04-23T08:00:00+00:00,21.75,72.75,4.45818623007673,0.8017425537109375,-2.5072021484375,2.6322715922868887,342.2669820264621,0.3,ERA5
36ae7323-5af4-5f58-b765-bc53d7e5d34f,2025-04-23T07:42:00+00:00,21.751335,72.892935,2025-04-23T08:00:00+00:00,21.75,73.0,11.058501274913516,0.5771331787109375,-2.5072021484375,2.572769970109766,347.0368898026374,0.3,ERA5
5be1df6b-12f2-56be-91c0-e5d6e741e398,2025-04-23T07:42:00+00:00,21.81268,72.62785,2025-04-23T08:00:00+00:00,21.75,72.75,14.410359921577617,0.8017425537109375,-2.5072021484375,2.6322715922868887,342.2669820264621,0.3,ERA5
832829d9-b32f-5119-90b9-79576b58f73c,2025-04-23T07:42:00+00:00,21.42526,72.824725,2025-04-23T08:00:00+00:00,21.5,72.75,11.351873202391253,1.7245941162109375,-0.3900146484375,1.7681448729290288,282.7430101745362,0.3,ERA5
87cc5cc5-ac9f-536c-ab7f-40dec5437c72,2025-04-23T07:42:00+00:00,22.038362,72.738938,2025-04-23T08:00:00+00:00,22.0,72.75,4.415447522470878,0.6445159912109375,-2.9281005859375,2.998195107776368,347.5863503453116,0.3,ERA5
8f78261b-3f18-548c-b535-614d23f3aeb0,2025-04-23T07:42:00+00:00,21.70543,72.67664,2025-04-23T08:00:00+00:00,21.75,72.75,9.05446255926614,0.8017425537109375,-2.5072021484375,2.6322715922868887,342.2669820264621,0.3,ERA5
c42bd24e-0bc0-5da8-957b-5fc89091afb0,2025-04-23T07:42:00+00:00,21.7968166666667,72.6469766666667,2025-04-23T08:00:00+00:00,21.75,72.75,11.843804027568092,0.8017425537109375,-2.5072021484375,2.6322715922868887,342.2669820264621,0.3,ERA5
c4e36024-9ea4-5dbd-a1e0-69083652ac1f,2025-04-23T07:42:00+00:00,21.9862,72.56547,2025-04-23T08:00:00+00:00,22.0,72.5,6.922381648897683,0.1728363037109375,-2.9642333984375,2.969267928007304,356.66301874186274,0.3,ERA5
ddc9a0e1-8488-5cb2-b0e0-c27f529a4969,2025-04-23T07:42:00+00:00,21.97411,72.56096,2025-04-23T08:00:00+00:00,22.0,72.5,6.913349919942434,0.1728363037109375,-2.9642333984375,2.969267928007304,356.66301874186274,0.3,ERA5
e2a6b152-fe27-5874-8c0a-e2e5e08c99b2,2025-04-23T07:42:00+00:00,21.96491,72.95047,2025-04-23T08:00:00+00:00,22.0,73.0,6.427018497507201,0.6484222412109375,-2.6380615234375,2.716582412579894,346.1907382583021,0.3,ERA5
b2ebc6a4-4e20-55e2-a051-0a0639f09141,2025-04-23T08:04:00+00:00,21.43231,72.78129,2025-04-23T08:00:00+00:00,21.5,72.75,8.193703017522532,1.7245941162109375,-0.3900146484375,1.7681448729290288,282.7430101745362,0.06666666666666667,ERA5
4ae15fbd-6102-575f-8404-9d7be971416f,2025-04-23T20:10:00+00:00,22.03938,72.68395,2025-04-23T20:00:00+00:00,22.0,72.75,8.095220036447623,1.5700531005859375,1.5321502685546875,2.1937527627542073,225.70000705806711,0.16666666666666666,ERA5
54e8a534-d9f7-5bb6-9217-00e50f4ad719,2025-04-23T20:10:00+00:00,22.0505728571429,72.7315828571429,2025-04-23T20:00:00+00:00,22.0,72.75,5.9352496309549,1.5700531005859375,1.5321502685546875,2.1937527627542073,225.70000705806711,0.16666666666666666,ERA5
60a0d53d-669a-50f5-8467-8e50f997cb02,2025-04-23T20:10:00+00:00,22.052345,72.71801,2025-04-23T20:00:00+00:00,22.0,72.75,6.689671914030936,1.5700531005859375,1.5321502685546875,2.1937527627542073,225.70000705806711,0.16666666666666666,ERA5
86b68fc0-345a-511a-af5e-f29d2c62d6e4,2025-04-23T20:33:00+00:00,21.905485,72.75566,2025-04-23T21:00:00+00:00,22.0,72.75,10.525786932873563,1.607177734375,0.9300994873046875,1.8569074630027207,239.94134627881215,0.45,ERA5
3b031cb6-6227-597d-bf05-7fc27ed3a034,2025-04-24T07:23:00+00:00,21.79435,72.59711,2025-04-24T07:00:00+00:00,21.75,72.5,11.174870038890518,0.814483642578125,1.464111328125,1.6754120642908366,209.08714302267524,0.38333333333333336,ERA5
ff9305ea-095d-5364-b323-f8459225ab4a,2025-04-24T07:23:00+00:00,21.650455,72.83182,2025-04-24T07:00:00+00:00,21.75,72.75,13.927569276886002,2.149444580078125,0.143798828125,2.1542493137511616,266.17258935348434,0.38333333333333336,ERA5
a912bdc6-b28e-507c-b3ed-2d17978675a3,2025-04-24T09:03:00+00:00,21.78377,72.703435,2025-04-24T09:00:00+00:00,21.75,72.75,6.101083103767992,2.4673614501953125,1.3577728271484375,2.8162776099050633,241.17629957550452,0.05,ERA5
c43f708b-9783-5ceb-84e2-68cc2b923926,2025-04-24T09:03:00+00:00,21.6291,72.80629,2025-04-24T09:00:00+00:00,21.75,72.75,14.64762066993029,2.4673614501953125,1.3577728271484375,2.8162776099050633,241.17629957550452,0.05,ERA5
fbc106f8-db9f-5c96-bd2c-85ab0e3a671a,2025-04-24T09:03:00+00:00,21.66922,72.27242,2025-04-24T09:00:00+00:00,21.75,72.25,9.276141275835123,-1.8929901123046875,4.2151947021484375,4.620744306094373,155.81576048980332,0.05,ERA5
d2be96b6-9997-5b36-8d2e-d64f6dd54339,2025-04-24T09:04:00+00:00,21.985055,72.796515,2025-04-24T09:00:00+00:00,22.0,72.75,5.075618660619782,2.1734161376953125,0.1839447021484375,2.1811862279601177,265.162362770413,0.06666666666666667,ERA5
e857119e-2cc8-5668-ac13-80bd51f2bde5,2025-04-24T09:04:00+00:00,21.99628,72.791055,2025-04-24T09:00:00+00:00,22.0,72.75,4.252913357470283,2.1734161376953125,0.1839447021484375,2.1811862279601177,265.162362770413,0.06666666666666667,ERA5
4f367d0d-9041-53ba-865f-a04e8e8d9589,2025-04-25T07:27:00+00:00,22.08062,72.61089,2025-04-25T07:00:00+00:00,22.0,72.5,14.52555523405567,1.0040283203125,2.9384002685546875,3.105200316603069,198.86489526684088,0.45,ERA5
4fe85ccb-5493-588a-9442-86a514dd4ec5,2025-04-25T07:27:00+00:00,21.96372,72.797075,2025-04-25T07:00:00+00:00,22.0,72.75,6.311526127803126,2.0958251953125,1.6337127685546875,2.6573484264291163,232.06329528660672,0.45,ERA5
7fa4ab2f-7a29-533c-847f-a0a47c333fbd,2025-04-25T08:45:00+00:00,21.73323,72.71809,2025-04-25T09:00:00+00:00,21.75,72.75,3.7867791604996754,2.27972412109375,2.882476806640625,3.6750257970683426,218.3401447644102,0.25,ERA5
b2a87460-17cc-557b-976a-47cc683e5894,2025-04-25T08:45:00+00:00,21.42991,72.82914,2025-04-25T09:00:00+00:00,21.5,72.75,11.305343483599776,2.91448974609375,3.434234619140625,4.504244431576684,220.31985876015705,0.25,ERA5
ba5cdd03-bbca-5ea1-8002-f4316bcc031c,2025-04-25T08:45:00+00:00,22.02471,72.68637,2025-04-25T09:00:00+00:00,22.0,72.75,7.11177315057623,2.06390380859375,2.311187744140625,3.098594474885931,221.76503517306264,0.25,ERA5
30bdc165-b08e-59b8-9ceb-6b12a3db7156,2025-04-25T19:55:00+00:00,21.397755,72.953025,2025-04-25T20:00:00+00:00,21.5,73.0,12.364969403990061,1.483551025390625,2.4006195068359375,2.822037856149133,211.7155154961801,0.08333333333333333,ERA5
fb916f33-1ac2-56c5-9b29-d5b9888e4054,2025-04-25T19:55:00+00:00,22.05493,72.69163,2025-04-25T20:00:00+00:00,22.0,72.75,8.573636290576168,2.216949462890625,2.2189788818359375,3.136675341670683,224.97378741871336,0.08333333333333333,ERA5
3f5dc92c-6eb2-5e04-8ca2-705e0e0eb7cc,2025-04-25T21:13:00+00:00,21.794525,72.649255,2025-04-25T21:00:00+00:00,21.75,72.75,11.521237902202824,1.86590576171875,2.1394805908203125,2.838834533767698,221.09266749394848,0.21666666666666667,ERA5
21b4565f-652a-5395-ad81-49496cfb9c84,2025-04-26T08:26:00+00:00,21.41586,72.97776,2025-04-26T08:00:00+00:00,21.5,73.0,9.634875803679323,2.719482421875,2.1745147705078125,3.4819677095061867,231.35395538115642,0.43333333333333335,ERA5
8200c900-ca20-522b-b1e9-52cd2ec1f411,2025-04-26T08:26:00+00:00,22.07159,72.62298,2025-04-26T08:00:00+00:00,22.0,72.5,14.968123227658287,0.950927734375,4.6071319580078125,4.704245788062149,191.6622712805057,0.43333333333333335,ERA5
bcb79781-6e92-5257-905b-76340a9f9d5d,2025-04-26T08:48:00+00:00,21.40375,72.66509,2025-04-26T09:00:00+00:00,21.5,72.75,13.847882357028505,3.1933135986328125,4.6184539794921875,5.614923766169979,214.660943090193,0.2,ERA5
b0c68092-0147-5e28-a6b6-934dfba0e7e8,2025-04-26T20:55:00+00:00,21.68632,72.5619,2025-04-26T21:00:00+00:00,21.75,72.5,9.540814701336224,1.7444915771484375,3.3643035888671875,3.78969517254442,207.40808364682752,0.08333333333333333,ERA5
0a09c81d-ef39-51ae-a0b9-70cfbb97f70b,2025-04-27T08:07:00+00:00,22.05801,72.61694,2025-04-27T08:00:00+00:00,22.0,72.5,13.67123475477516,1.3318634033203125,2.687164306640625,2.9991185598417673,206.36480872031217,0.11666666666666667,ERA5
b46e44f6-4f1f-5877-a968-7f37297c9f6f,2025-04-27T08:07:00+00:00,21.916925,72.76298,2025-04-27T08:00:00+00:00,22.0,72.75,9.334003041864753,2.6023712158203125,1.556304931640625,3.032230364794044,239.1191663265088,0.11666666666666667,ERA5
c632469a-c943-52ef-85a2-3cf534c52ac7,2025-04-27T08:29:00+00:00,21.54337,72.94441,2025-04-27T08:00:00+00:00,21.5,73.0,7.504887341824361,3.4676055908203125,1.240875244140625,3.682941746078716,250.31035961735728,0.48333333333333334,ERA5
de69a437-3478-53fd-9b89-3042b23c8035,2025-04-27T08:29:00+00:00,21.9993,72.79566,2025-04-27T08:00:00+00:00,22.0,72.75,4.708116160310719,2.6023712158203125,1.556304931640625,3.032230364794044,239.1191663265088,0.48333333333333334,ERA5
cbd8b60b-0970-5aec-8bb1-24a2156ae58d,2025-04-27T20:58:00+00:00,21.41013,72.98872,2025-04-27T21:00:00+00:00,21.5,73.0,10.061040964165118,-0.0087890625,2.922607421875,2.9226206373764048,179.82769678017348,0.03333333333333333,ERA5
4ce30bdd-a18d-58fb-a3b6-ebf9ed581053,2025-04-28T07:48:00+00:00,21.76246,72.76046,2025-04-28T08:00:00+00:00,21.75,72.75,1.7568495596385982,2.85980224609375,3.48809814453125,4.510576188542347,219.34744810323787,0.2,ERA5
43e01a03-7da8-5a67-9a76-27361fb6243a,2025-04-28T08:10:00+00:00,21.4485,72.88776,2025-04-28T08:00:00+00:00,21.5,73.0,12.949195602978696,3.27874755859375,2.08477783203125,3.885419431916379,237.54993100885065,0.16666666666666666,ERA5
e0f35e71-8104-5019-b7ad-4e48c0b56cbc,2025-04-28T08:10:00+00:00,21.460775,72.662805,2025-04-28T08:00:00+00:00,21.5,72.75,10.021178810464018,3.15277099609375,4.50665283203125,5.499989518377763,214.97592463519123,0.16666666666666666,ERA5
c4fb9336-870a-558c-8d1b-5ca51dd57202,2025-04-28T20:17:00+00:00,21.7951,72.64728,2025-04-28T20:00:00+00:00,21.75,72.75,11.732885592748811,1.287109375,2.1894378662109375,2.5397418595619503,210.45008126804046,0.2833333333333333,ERA5
787edee5-1fcc-5bf4-b302-4728bc989562,2025-04-29T07:30:00+00:00,22.09675,72.69459,2025-04-29T07:00:00+00:00,22.0,72.75,12.179868304782376,2.9430999755859375,2.0331268310546875,3.577071732220144,235.36284379228275,0.5,ERA5
a2ed530c-6cb3-5e87-96f8-58ccff15f93d,2025-04-29T07:30:00+00:00,21.82837,72.83555,2025-04-29T07:00:00+00:00,21.75,72.75,12.408200188846264,3.1013031005859375,3.0790252685546875,4.370180491250014,225.2065295155091,0.5,ERA5
b1274ff9-13cf-5744-8b64-4844347f3ba6,2025-04-29T07:30:00+00:00,21.8991866666667,72.6637833333333,2025-04-29T07:00:00+00:00,22.0,72.75,14.308354792681163,2.9430999755859375,2.0331268310546875,3.577071732220144,235.36284379228275,0.5,ERA5
d0a03665-5e79-5e50-9138-4b32d3af90c4,2025-04-29T09:10:00+00:00,22.087905,72.643665,2025-04-29T09:00:00+00:00,22.0,72.75,14.685165375121079,2.652435302734375,3.2780609130859375,4.216763733610576,218.9779718578398,0.16666666666666666,ERA5
436e1ddd-788b-53cb-8591-7c13ec8516ac,2025-04-29T19:58:00+00:00,21.75804,72.71617,2025-04-29T20:00:00+00:00,21.75,72.75,3.6063944514878132,1.1232757568359375,2.1733551025390625,2.4464710968306833,207.33170673486347,0.03333333333333333,ERA5
a049a731-aa73-5dc8-b045-126f8ed64813,2025-04-29T19:58:00+00:00,21.3955133333333,72.9526666666667,2025-04-29T20:00:00+00:00,21.5,73.0,12.608914117110317,0.4611663818359375,2.9126129150390625,2.9488961366226505,188.9971946652547,0.03333333333333333,ERA5
59b83d8b-fd30-5920-a4af-81a2aa208da9,2025-04-30T07:33:00+00:00,22.04087,72.56033,2025-04-30T08:00:00+00:00,22.0,72.5,7.702528637495206,1.5381927490234375,3.8923492431640625,4.185262185802477,201.56312114156304,0.45,ERA5
7b3740a7-5f90-5ef9-ade5-80d00e2cb14c,2025-04-30T07:33:00+00:00,21.91645,72.89589,2025-04-30T08:00:00+00:00,22.0,73.0,14.198139882010572,3.7286224365234375,0.0612945556640625,3.729126210883728,269.05820363794396,0.45,ERA5
a67f9963-495e-5f90-951b-bce7509c704d,2025-04-30T07:33:00+00:00,21.93738,72.56364,2025-04-30T08:00:00+00:00,22.0,72.5,9.568261164027037,1.5381927490234375,3.8923492431640625,4.185262185802477,201.56312114156304,0.45,ERA5
48fb3849-b55e-58ed-b277-7144e357b05a,2025-04-30T08:51:00+00:00,21.78224,72.95911,2025-04-30T09:00:00+00:00,21.75,73.0,5.539136837769883,3.7964019775390625,0.9042510986328125,3.9026065679800666,256.6025625308755,0.15,ERA5
6cbc4525-7324-5f28-a86d-8422de15e678,2025-04-30T08:51:00+00:00,22.0587,72.68967,2025-04-30T09:00:00+00:00,22.0,72.75,9.01525640963348,3.0571441650390625,2.3759307861328125,3.871844204810683,232.14660272104913,0.15,ERA5
594355e1-96ca-503e-9493-d31e6a8858fc,2025-04-30T20:02:00+00:00,21.69372,72.60179,2025-04-30T20:00:00+00:00,21.75,72.5,12.236200186410231,2.4226531982421875,0.490966796875,2.471901477524296,258.54378180979216,0.03333333333333333,ERA5
1e48ca21-08a7-5a38-a575-180cc6831e4b,2025-05-01T08:32:00+00:00,22.00867,72.74583,2025-05-01T09:00:00+00:00,22.0,72.75,1.0555713940007603,2.3375091552734375,0.97735595703125,2.533608832817649,247.30929017187916,0.4666666666666667,ERA5
1f8aa9a9-80ea-58af-8568-5da455e983bc,2025-05-01T08:32:00+00:00,22.07555,72.57368,2025-05-01T09:00:00+00:00,22.0,72.5,11.324557679378096,0.8716888427734375,2.97247314453125,3.0976504053193596,196.34397197612196,0.4666666666666667,ERA5
8620368f-8879-5868-9699-f1dc95d7fe76,2025-05-01T08:54:00+00:00,21.42738,72.79109,2025-05-01T09:00:00+00:00,21.5,72.75,9.126111035860514,2.7310638427734375,2.93438720703125,4.008657879402167,222.94463442067257,0.1,ERA5
98e22870-2dbb-53d6-998f-1a2e3dd6a725,2025-05-01T08:54:00+00:00,21.63973,72.827095,2025-05-01T09:00:00+00:00,21.75,72.75,14.621564066489933,2.4654388427734375,1.57989501953125,2.9282173690140687,237.34756248475483,0.1,ERA5
1653b421-ec74-570c-b32b-d1d6a6b89fe8,2025-05-01T08:55:00+00:00,21.81788,72.67302,2025-05-01T09:00:00+00:00,21.75,72.75,10.961299637129944,2.4654388427734375,1.57989501953125,2.9282173690140687,237.34756248475483,0.08333333333333333,ERA5
1f978976-b656-5b30-8cb5-323d083999af,2025-05-02T08:13:00+00:00,22.0633433333333,72.6513266666667,2025-05-02T08:00:00+00:00,22.0,72.75,12.371527983909976,2.2918701171875,1.1367034912109375,2.558273531307428,243.61987434200844,0.21666666666666667,ERA5
26559304-31c0-5b32-9181-a0e350b5ce65,2025-05-02T08:13:00+00:00,22.0733016666667,72.6481016666667,2025-05-02T08:00:00+00:00,22.0,72.75,13.29451501178105,2.2918701171875,1.1367034912109375,2.558273531307428,243.61987434200844,0.21666666666666667,ERA5
3b717651-8172-5fa3-a430-5bc34051160b,2025-05-02T08:13:00+00:00,22.012355,72.827825,2025-05-02T08:00:00+00:00,22.0,72.75,8.140031585254606,2.2918701171875,1.1367034912109375,2.558273531307428,243.61987434200844,0.21666666666666667,ERA5
66a1400f-7f4d-5018-b2ae-aa2194c62538,2025-05-02T08:13:00+00:00,22.01671,72.61964,2025-05-02T08:00:00+00:00,22.0,72.5,12.47310506374062,1.0809326171875,2.4872894287109375,2.7120147538457458,203.48892546368594,0.21666666666666667,ERA5
7300f2bc-3cba-5187-ae95-f3c910f6cd80,2025-05-02T08:13:00+00:00,21.6762166666667,72.8849566666667,2025-05-02T08:00:00+00:00,21.75,73.0,14.44142464341452,2.4588623046875,0.6513519287109375,2.543671198965893,255.1631418448753,0.21666666666666667,ERA5
c7248e71-2c7b-55e4-a7a0-1925c2d80af1,2025-05-02T08:36:00+00:00,21.45903,72.65686,2025-05-02T09:00:00+00:00,21.5,72.75,10.659907371157754,2.8687591552734375,3.649627685546875,4.642150507477694,218.16881981626886,0.4,ERA5
0e0ce6a1-6801-5dce-815b-72af96daf1fd,2025-05-02T20:42:00+00:00,21.39629,72.95565,2025-05-02T21:00:00+00:00,21.5,73.0,12.411912009721751,1.518157958984375,1.0808563232421875,1.8636131518961288,234.55094075271745,0.3,ERA5
3f339566-25ee-5241-8d05-a639daac2f3f,2025-05-04T07:36:00+00:00,22.06131,72.624675,2025-05-04T08:00:00+00:00,22.0,72.5,14.547304642438778,1.711578369140625,5.149383544921875,5.426384745520931,198.38603817630576,0.4,ERA5
305d5386-91c3-5e12-a278-e678a419a8f7,2025-05-04T07:58:00+00:00,21.43898,72.70757,2025-05-04T08:00:00+00:00,21.5,72.75,8.08179527488717,3.412750244140625,6.304656982421875,7.169069946295879,208.42696041193363,0.03333333333333333,ERA5
6f611fc8-b05d-52bf-95d9-b7f52cba9791,2025-05-04T07:58:00+00:00,22.07613,72.56257,2025-05-04T08:00:00+00:00,22.0,72.5,10.641987678122126,1.711578369140625,5.149383544921875,5.426384745520931,198.38603817630576,0.03333333333333333,ERA5
f59a6ec6-65ef-534a-87dc-ad695fe63b9b,2025-05-04T07:58:00+00:00,22.01516,72.55791,2025-05-04T08:00:00+00:00,22.0,72.5,6.203519870908789,1.711578369140625,5.149383544921875,5.426384745520931,198.38603817630576,0.03333333333333333,ERA5
ed959c07-c61a-5fe8-a4ec-58d4a5038a65,2025-05-04T09:16:00+00:00,22.07805,72.63354,2025-05-04T09:00:00+00:00,22.0,72.75,14.812325212259893,2.9764862060546875,5.140594482421875,5.940133143923632,210.07152580330506,0.26666666666666666,ERA5
9b1109eb-453b-52a1-b5b1-ad5889a3fff8,2025-05-04T20:27:00+00:00,21.3964,72.95531,2025-05-04T20:00:00+00:00,21.5,73.0,12.41361553819632,1.4210357666015625,4.0991973876953125,4.338520701028055,199.1194851618137,0.45,ERA5
51104088-ad25-5956-9dd0-63ac9bd405a0,2025-05-05T07:39:00+00:00,22.08909,72.56459,2025-05-05T08:00:00+00:00,22.0,72.5,11.935314266937262,2.032501220703125,5.996795654296875,6.331873287705115,198.72312379060205,0.35,ERA5
91cd452f-aee1-564b-9227-9387bed16ade,2025-05-05T07:39:00+00:00,22.08851,72.71957,2025-05-05T08:00:00+00:00,22.0,72.75,10.32950235448612,3.566680908203125,4.608123779296875,5.827179203204754,217.7398174633524,0.35,ERA5
ac504f66-42d1-59cc-b071-c18c15c18eff,2025-05-05T07:39:00+00:00,21.95219,72.9493,2025-05-05T08:00:00+00:00,22.0,73.0,7.456126405058148,3.919219970703125,3.271209716796875,5.105007168459658,230.14965374118407,0.35,ERA5
5ba31e9e-b101-5eac-8be6-1f8ea1bf9a8f,2025-05-07T20:49:00+00:00,21.79485,72.6466433333333,2025-05-07T21:00:00+00:00,21.75,72.75,11.780568434839134,0.9793853759765625,3.598724365234375,3.729612951984201,195.22421814925946,0.18333333333333332,ERA5
b1cdb4d0-bcce-5cc4-9797-dcf2f66e6112,2025-05-09T07:42:00+00:00,21.715525,72.70019,2025-05-09T08:00:00+00:00,21.75,72.75,6.416050562032317,2.075653076171875,3.1121368408203125,3.7408196172246533,213.70147572080612,0.3,ERA5
f6094fcd-596c-577b-befa-f6abecdf460c,2025-05-09T08:04:00+00:00,21.76938,72.81872,2025-05-09T08:00:00+00:00,21.75,72.75,7.416811218658181,2.075653076171875,3.1121368408203125,3.7408196172246533,213.70147572080612,0.06666666666666667,ERA5
8208fbad-625c-5e9d-b335-0e55f3b3f8f8,2025-05-10T07:46:00+00:00,21.79182,72.64786,2025-05-10T08:00:00+00:00,21.75,72.75,11.526973894629215,1.664886474609375,2.4494781494140625,2.961720813613966,214.20356554418012,0.23333333333333334,ERA5
a3d85e18-6406-5b23-a4ac-3a1f7f6443a4,2025-05-11T09:07:00+00:00,21.993295,72.742155,2025-05-11T09:00:00+00:00,22.0,72.75,1.100026811319888,1.717742919921875,1.4142608642578125,2.225033602243567,230.53451624072497,0.11666666666666667,ERA5
c6256f86-3248-5427-a855-5f80afa91aff,2025-05-11T09:07:00+00:00,22.08541,72.659115,2025-05-11T09:00:00+00:00,22.0,72.75,13.339466747015745,1.717742919921875,1.4142608642578125,2.225033602243567,230.53451624072497,0.11666666666666667,ERA5
b54bf84f-3649-5b85-b199-5cd282730895,2025-05-12T08:26:00+00:00,21.41686,72.67426,2025-05-12T08:00:00+00:00,21.5,72.75,12.120293417566074,2.06829833984375,2.828155517578125,3.503758218571596,216.17890500352993,0.43333333333333335,ERA5
c29ffe5e-87a8-5c2c-8a19-7947090838a3,2025-05-12T08:26:00+00:00,21.7920233333333,72.8891966666667,2025-05-12T08:00:00+00:00,21.75,73.0,12.359352963633293,1.44818115234375,1.396514892578125,2.0118356034219507,226.04050947646996,0.43333333333333335,ERA5
e1f0a72a-c189-5bb1-95f1-6d19dafc16ad,2025-05-12T08:26:00+00:00,21.755225,72.868565,2025-05-12T08:00:00+00:00,21.75,72.75,12.258816422570401,1.40716552734375,2.260772705078125,2.662932226957884,211.89924110885198,0.43333333333333335,ERA5
ef1c70bc-4671-5681-b818-24c0f13d4bab,2025-05-12T08:26:00+00:00,22.00892,72.7601,2025-05-12T08:00:00+00:00,22.0,72.75,1.4380552726905622,1.12786865234375,1.787139892578125,2.113281025463452,212.2561303445889,0.43333333333333335,ERA5
dc36b905-b301-5c33-9857-92ea86eb6b74,2025-05-12T08:48:00+00:00,21.92573,72.96313,2025-05-12T09:00:00+00:00,22.0,73.0,9.091691105669408,1.2294921875,1.1819915771484375,1.7055072933216633,226.1284474020945,0.2,ERA5
8e783800-fe30-5274-bb2e-f6a8ab92af1c,2025-05-13T08:07:00+00:00,21.96971,72.55078,2025-05-13T08:00:00+00:00,22.0,72.5,6.225634418178967,0.497650146484375,2.1796112060546875,2.23570138387377,192.86134315455666,0.11666666666666667,ERA5
b428ec8e-7f80-5afb-9c13-127c0347afda,2025-05-13T08:07:00+00:00,21.68539,72.66327,2025-05-13T08:00:00+00:00,21.75,72.75,11.4841169362414,1.703704833984375,2.1766815185546875,2.764154951257123,218.05055126878827,0.11666666666666667,ERA5
cdec26e9-71e9-5908-9e66-c652e4875e1f,2025-05-13T08:07:00+00:00,22.02331,72.77092,2025-05-13T08:00:00+00:00,22.0,72.75,3.3718395653468383,1.440032958984375,1.4911346435546875,2.072963445931997,224.00121225884186,0.11666666666666667,ERA5
81d43214-a34e-54f9-9430-b091c4903055,2025-05-13T08:30:00+00:00,22.05608,72.69943,2025-05-13T08:00:00+00:00,22.0,72.75,8.12754406295887,1.440032958984375,1.4911346435546875,2.072963445931997,224.00121225884186,0.5,ERA5
e34b2040-dd42-59a6-b43e-df86f45636dd,2025-05-13T08:30:00+00:00,21.72906,72.715445,2025-05-13T08:00:00+00:00,21.75,72.75,4.261426679587104,1.703704833984375,2.1766815185546875,2.764154951257123,218.05055126878827,0.5,ERA5
3980c870-9350-5fc3-8454-f05f3c4fdaf0,2025-05-14T08:11:00+00:00,21.5192,72.85142,2025-05-14T08:00:00+00:00,21.5,72.75,10.706997684983186,2.62689208984375,3.443634033203125,4.331186604883064,217.33731428093813,0.18333333333333332,ERA5
dc87628f-c416-5905-9417-5f55b0a1988b,2025-05-15T07:30:00+00:00,21.79544,72.64725,2025-05-15T07:00:00+00:00,21.75,72.75,11.751880033022376,1.9414215087890625,3.275970458984375,3.808030977149096,210.65203589286858,0.5,ERA5
18401013-704d-5392-8ace-5014c3c836ff,2025-05-15T07:52:00+00:00,21.79175,72.88705,2025-05-15T08:00:00+00:00,21.75,73.0,12.55359055875927,1.7622833251953125,2.184478759765625,2.806704467899784,218.8941404404043,0.13333333333333333,ERA5
80caca04-b121-504c-b1e8-4158faa5c30e,2025-05-15T07:52:00+00:00,21.41722,72.67427,2025-05-15T08:00:00+00:00,21.5,72.75,12.089110966155936,3.0152130126953125,4.301666259765625,5.253174480476841,215.02817793962114,0.13333333333333333,ERA5
18ed1296-0eb5-53e2-9e22-758971a34b0d,2025-05-15T09:10:00+00:00,21.69395,72.88058,2025-05-15T09:00:00+00:00,21.75,73.0,13.820996756532924,1.7988128662109375,2.3665771484375,2.972610826723299,217.23812153868357,0.16666666666666666,ERA5
e1f7d17c-d62a-5938-a013-27a3d7f4f8b3,2025-05-15T19:58:00+00:00,21.3958266666667,72.95483,2025-05-15T20:00:00+00:00,21.5,73.0,12.491309590945622,1.46380615234375,2.4512481689453125,2.8550562231586896,210.84428338767745,0.03333333333333333,ERA5
71370b4f-632d-5252-a2fc-ae81d2da4126,2025-05-16T07:33:00+00:00,21.75484,72.87253,2025-05-16T08:00:00+00:00,21.75,72.75,12.665990252846083,2.4290008544921875,4.4621429443359375,5.080429588805534,208.56199288801156,0.45,ERA5
0d0ca083-89aa-5318-95f5-4699375327a8,2025-05-17T08:32:00+00:00,21.76821,72.76189,2025-05-17T09:00:00+00:00,21.75,72.75,2.368082643662253,2.2093658447265625,4.9106903076171875,5.384809814020334,204.2234294480034,0.4666666666666667,ERA5
7d0e7b85-fe61-54dd-b95d-6d87ddbb4b36,2025-05-17T08:32:00+00:00,21.77562,72.97786,2025-05-17T09:00:00+00:00,21.75,73.0,3.652851657529671,2.0648345947265625,3.1509246826171875,3.7672096117824174,213.23725350822914,0.4666666666666667,ERA5
96dfaa78-9f5e-55c9-823a-fd56be4df102,2025-05-17T08:32:00+00:00,21.89963,72.90724,2025-05-17T09:00:00+00:00,22.0,73.0,14.699751981447706,1.5072174072265625,2.8413543701171875,3.216364246976825,207.94404504651968,0.4666666666666667,ERA5
d373ed25-c76f-5aa0-b403-722ea426eee7,2025-05-17T08:32:00+00:00,21.35502,72.789435,2025-05-17T09:00:00+00:00,21.25,72.75,12.37169000713752,4.1419830322265625,3.8169403076171875,5.632500044488729,227.3386621148474,0.4666666666666667,ERA5
6559dde5-f3d5-50c2-a4ca-0b2b1bbbcd3e,2025-05-18T08:14:00+00:00,21.98426,72.954,2025-05-18T08:00:00+00:00,22.0,73.0,5.055409746376551,2.2521820068359375,2.0676116943359375,3.057342295273834,227.4465686366586,0.23333333333333334,ERA5
8d3bf1ec-9c33-544c-a09d-54f78b522af6,2025-05-18T08:14:00+00:00,21.97087,72.853315,2025-05-18T08:00:00+00:00,22.0,72.75,11.134242841238505,2.0920257568359375,3.3293304443359375,3.9320494624110602,212.14370584436386,0.23333333333333334,ERA5
337a6037-6182-59bc-a8a6-c9bdc5a6c539,2025-05-18T08:36:00+00:00,21.80047,72.90436,2025-05-18T09:00:00+00:00,21.75,73.0,11.359014002055982,2.9086456298828125,2.4478607177734375,3.801610381648108,229.91667401699624,0.4,ERA5
bac902b7-67a7-525a-b263-dc17a5898f29,2025-05-19T07:55:00+00:00,22.02116,72.56328,2025-05-19T08:00:00+00:00,22.0,72.5,6.93490775533974,0.599822998046875,2.981109619140625,3.0408555030317874,191.37646627719687,0.08333333333333333,ERA5
f6841634-e9de-5a55-b71f-1651ad65376f,2025-05-19T07:55:00+00:00,21.79025,72.88966,2025-05-19T08:00:00+00:00,21.75,73.0,12.241677848010037,2.203338623046875,1.189117431640625,2.503737477061382,241.6447553133582,0.08333333333333333,ERA5
03b3f5f8-3bbf-5ce6-8a88-7c9293257c4a,2025-05-19T08:17:00+00:00,22.02389,72.79639,2025-05-19T08:00:00+00:00,22.0,72.75,5.470584198845802,1.791229248046875,1.716461181640625,2.480875088983261,226.2211014955213,0.2833333333333333,ERA5
a407e247-fc8c-5765-b341-9dfa61bd801a,2025-05-19T08:17:00+00:00,21.99708,72.95263,2025-05-19T08:00:00+00:00,22.0,73.0,4.894590401664139,1.820526123046875,0.833648681640625,2.0023200266434027,245.39618203336488,0.2833333333333333,ERA5
82b9a530-a6f6-5b82-8379-e425684a4396,2025-05-19T20:46:00+00:00,21.39755,72.95561,2025-05-19T21:00:00+00:00,21.5,73.0,12.283388147598307,1.4205322265625,1.766143798828125,2.2665338569811073,218.8101687128434,0.23333333333333334,ERA5
7b9805d8-b543-5c40-a074-a45a7cc318c4,2025-05-21T07:39:00+00:00,21.905935,72.758505,2025-05-21T08:00:00+00:00,22.0,72.75,10.496264911254286,1.098876953125,1.306976318359375,1.7075472628485309,220.0563848782098,0.35,ERA5
8b58563e-bb85-5e10-bedf-93a2ddfb870a,2025-05-21T08:58:00+00:00,22.02592,72.56091,2025-05-21T09:00:00+00:00,22.0,72.5,6.909011271805714,0.5400238037109375,2.2021636962890625,2.267410561373466,193.77841770728764,0.03333333333333333,ERA5
b42e2530-05ee-5d86-a9d6-a37352cf4c97,2025-05-22T08:39:00+00:00,22.06379,72.75942,2025-05-22T09:00:00+00:00,22.0,72.75,7.1592728668144785,0.2967681884765625,1.9285736083984375,1.9512733075360382,188.7480358080186,0.35,ERA5
05418786-7f4d-5745-ba91-d0cc648b890b,2025-05-23T08:42:00+00:00,22.05255,72.57935,2025-05-23T09:00:00+00:00,22.0,72.5,10.052132054784009,0.172271728515625,-0.41864013671875,0.45269980397351056,,0.3,ERA5
15ab4daf-6b91-53cc-94fb-d7efeb5c7bcc,2025-05-28T08:26:00+00:00,21.71241,72.86777,2025-05-28T08:00:00+00:00,21.75,72.75,12.862813126505939,2.646575927734375,2.047332763671875,3.3460328131187516,232.27525451463268,0.43333333333333335,ERA5
782961c9-4738-5282-951c-64fb50a09ea7,2025-05-29T20:36:00+00:00,21.90837,72.68365,2025-05-29T21:00:00+00:00,22.0,72.75,12.273342755345336,3.522674560546875,4.566802978515625,5.767575357470703,217.64535739765827,0.4,ERA5
1377b3b3-cad2-5c0f-9177-8b775c1187bb,2025-05-30T20:18:00+00:00,21.69752,72.53887,2025-05-30T20:00:00+00:00,21.75,72.5,7.083422712517352,6.06951904296875,6.11322021484375,8.614552966238849,224.79447299038057,0.3,ERA5
aa7de1ae-25fc-55d0-8d70-a180a416ce76,2025-06-02T08:33:00+00:00,22.07732,72.76402,2025-06-02T09:00:00+00:00,22.0,72.75,8.718183764470945,3.6238250732421875,6.5404815673828125,7.4772994653640215,208.9891224320242,0.45,ERA5
8d6718db-3677-50e0-aac7-34cd4f01b190,2025-06-02T08:55:00+00:00,22.013,72.75738,2025-06-02T09:00:00+00:00,22.0,72.75,1.6335329962289533,3.6238250732421875,6.5404815673828125,7.4772994653640215,208.9891224320242,0.08333333333333333,ERA5
c2f2115a-5d83-5ef1-b016-371d3bc6ad19,2025-06-02T08:55:00+00:00,21.36518,72.8714,2025-06-02T09:00:00+00:00,21.25,72.75,17.94975741043294,5.2009735107421875,6.7660675048828125,8.534037434888193,217.54893541210274,0.08333333333333333,ERA5
f77e172e-9450-5ae1-9bc8-c17bf8b0c77a,2025-06-03T08:14:00+00:00,21.46971,72.99219,2025-06-03T08:00:00+00:00,21.5,73.0,3.463678241289372,4.27239990234375,4.912322998046875,6.510323967567753,221.0144973169844,0.23333333333333334,ERA5
90da5906-5ada-5360-83c8-323a4437e4fb,2025-06-03T20:43:00+00:00,21.6860066666667,72.561415,2025-06-03T21:00:00+00:00,21.75,72.5,9.533290845111397,2.03338623046875,6.759124755859375,7.05835866384891,196.74316421937755,0.2833333333333333,ERA5
3589b6e7-729e-576e-accc-95e5de837998,2025-06-06T08:58:00+00:00,21.99439,72.65997,2025-06-06T09:00:00+00:00,22.0,72.75,9.303046773399048,2.5602874755859375,0.5503387451171875,2.6187677812321146,257.86875214242235,0.03333333333333333,ERA5
cd0636be-cd6f-5350-b55b-ecdc4092399f,2025-06-06T08:58:00+00:00,21.74426,72.80846,2025-06-06T09:00:00+00:00,21.75,72.75,6.071447275277558,2.8014984130859375,1.3306121826171875,3.1014387208281744,244.5939433178363,0.03333333333333333,ERA5
16b1f9b3-db1b-5cf7-8e93-5cfe5b0ffc95,2025-06-09T08:23:00+00:00,21.52921,72.9492,2025-06-09T08:00:00+00:00,21.5,73.0,6.177851993383339,3.6099395751953125,1.3820343017578125,3.865447263616012,249.0510854854994,0.38333333333333336,ERA5
816d7c69-86d1-54e4-ad07-b2ae7ca5c23f,2025-06-09T08:23:00+00:00,21.4768,72.91872,2025-06-09T08:00:00+00:00,21.5,73.0,8.796490397263634,3.6099395751953125,1.3820343017578125,3.865447263616012,249.0510854854994,0.38333333333333336,ERA5
c19a7820-b853-5b02-9178-581a2aa68e26,2025-06-10T08:05:00+00:00,22.02258,72.57255,2025-06-10T08:00:00+00:00,22.0,72.5,7.8893645006525555,2.60284423828125,0.88006591796875,2.747601526554402,251.31873002675349,0.08333333333333333,ERA5
17e23642-bd03-55a0-b97f-27dc5638e5ed,2025-06-12T08:45:00+00:00,22.00577,72.74271,2025-06-12T09:00:00+00:00,22.0,72.75,0.9881808993404413,3.119873046875,-2.10845947265625,3.765529069925097,304.0514487319078,0.25,ERA5
1b6e2298-667b-5731-bcb1-be2da92ae0e2,2025-06-13T08:26:00+00:00,21.5983,72.93472,2025-06-13T08:00:00+00:00,21.5,73.0,12.84744488642939,2.787353515625,0.779571533203125,2.894317086369031,254.37467084306584,0.43333333333333335,ERA5
ad2b54d7-2c90-5cf6-95d9-2019fa1b938e,2025-06-13T08:27:00+00:00,21.88822,72.888,2025-06-13T08:00:00+00:00,22.0,73.0,16.968416291405912,2.863525390625,0.288360595703125,2.878007904073288,264.24962858650446,0.45,ERA5
6c761274-ddc0-5b64-ad61-c300622471ba,2025-06-14T08:08:00+00:00,21.83343,72.65469,2025-06-14T08:00:00+00:00,21.75,72.75,13.524088860880974,1.092010498046875,0.060302734375,1.0936742420015595,266.83923684213767,0.13333333333333333,ERA5
3bdd80fc-eb04-547c-8f8f-2030c9a2ea9e,2025-06-14T08:30:00+00:00,22.00017,72.794,2025-06-14T08:00:00+00:00,22.0,72.75,4.53635484107408,0.899627685546875,-0.374267578125,0.9743747701156779,292.5885299844856,0.5,ERA5
43809a6c-7686-5933-baff-dda1de11775f,2025-08-05T21:02:00+00:00,21.694045,72.6053275,2025-08-05T21:00:00+00:00,21.75,72.5,12.533615514229718,3.59930419921875,2.2907867431640625,4.266461604323885,237.5251772431028,0.03333333333333333,ERA5
3e5315b2-012f-5601-8140-62c1f11d6859,2025-08-07T20:47:00+00:00,21.79355,72.64822,2025-08-07T21:00:00+00:00,21.75,72.75,11.572081320341047,2.3380279541015625,2.144073486328125,3.1722903128395386,227.4778207052607,0.21666666666666667,ERA5
156176e7-7a4c-5866-80cb-8450457a7252,2025-08-12T08:24:00+00:00,21.7911,72.88676,2025-08-12T08:00:00+00:00,21.75,73.0,12.55495421616117,3.1473846435546875,2.333526611328125,3.918083273778186,233.44610872007138,0.4,ERA5
08bc64ef-671f-5753-92e5-51e16f8bbff8,2025-08-12T08:24:00+00:00,21.74487,72.68262,2025-08-12T08:00:00+00:00,21.75,72.75,6.982396958539764,3.2714080810546875,3.169464111328125,4.554954839050207,225.90678270919074,0.4,ERA5
2e5d69c6-f37b-5cc6-a58a-8d7824a95de2,2025-08-25T20:09:00+00:00,21.79553,72.64597,2025-08-25T20:00:00+00:00,21.75,72.75,11.875611524538197,2.85723876953125,2.691436767578125,3.9252573495229375,226.71156683535207,0.15,ERA5
7c2d7f33-5edc-5da5-86f4-895d09d6cd0e,2025-09-09T21:46:00+00:00,21.72998,72.94559,2025-09-09T22:00:00+00:00,21.75,73.0,6.04464553428954,0.03564453125,1.3658447265625,1.366309756126561,181.49491206188665,0.23333333333333334,ERA5
04d9d9cd-cc37-5168-9cc7-3372dc095152,2025-09-12T21:12:00+00:00,21.433015,72.975795,2025-09-12T21:00:00+00:00,21.5,73.0,7.858270687109246,1.1056365966796875,1.684967041015625,2.015327817806918,213.27196384662324,0.2,ERA5
59f76b62-be57-5b99-8260-ea5cba460528,2025-09-17T20:56:00+00:00,21.7137,72.79055,2025-09-17T21:00:00+00:00,21.75,72.75,5.816852068048126,1.0256500244140625,2.1979217529296875,2.4254521237456075,205.01589178992805,0.06666666666666667,ERA5
e81e8d20-ee85-5b21-881d-2b01ac8b039f,2025-09-25T20:06:00+00:00,21.5637,72.91288,2025-09-25T20:00:00+00:00,21.5,73.0,11.46182156697333,0.88067626953125,1.75115966796875,1.9601405241553223,206.69829508023412,0.1,ERA5
b75efeae-b9de-58be-9985-95785b513e9a,2025-09-25T20:28:00+00:00,21.79499,72.64614,2025-09-25T20:00:00+00:00,21.75,72.75,11.834245024726705,1.32501220703125,2.02069091796875,2.4163710672707563,213.25375153362324,0.4666666666666667,ERA5
a41a792a-ea4b-5aa8-bca7-b93dc79f947d,2025-10-03T20:57:00+00:00,21.56442,72.91662,2025-10-03T21:00:00+00:00,21.5,73.0,11.211210470497788,0.670074462890625,1.88763427734375,2.0030384296915575,199.543899838767,0.05,ERA5
67ac9dbd-6bfc-5d19-a9df-5bbc37dba95b,2025-10-05T20:19:00+00:00,21.69456,72.6028025,2025-10-05T20:00:00+00:00,21.75,72.5,12.279008378646193,3.9604949951171875,3.07421875,5.01361561442437,232.1806404954586,0.31666666666666665,ERA5
860dfb2f-ab6e-54a2-826c-fdbc5b3bbbbe,2025-10-05T20:19:00+00:00,21.433194,72.97722,2025-10-05T20:00:00+00:00,21.5,73.0,7.793544497268444,1.3208465576171875,2.306640625,2.6580493978986857,209.7966520708194,0.31666666666666665,ERA5
19ca853f-f3c9-511f-be94-6e9507df473b,2025-10-06T07:52:00+00:00,21.97678,72.65321,2025-10-06T08:00:00+00:00,22.0,72.75,10.308276738924182,3.552520751953125,3.976348876953125,5.332143479343366,221.77800768824608,0.13333333333333333,ERA5
5a6069d2-f5d6-50be-a494-0ffe5c3a9725,2025-10-06T07:52:00+00:00,22.01507,72.73377,2025-10-06T08:00:00+00:00,22.0,72.75,2.3680315832727987,3.552520751953125,3.976348876953125,5.332143479343366,221.77800768824608,0.13333333333333333,ERA5
e5c70ef4-b80c-50bb-ac3f-af2915ed067b,2025-10-08T21:03:00+00:00,21.43345,72.9773066666667,2025-10-08T21:00:00+00:00,21.5,73.0,7.763698677133971,-0.5980224609375,-1.02752685546875,1.1888827959455217,30.199481443359332,0.05,ERA5
68213fe2-26ab-54ca-b52c-9f243af87110,2025-10-10T20:26:00+00:00,21.4315833333333,72.97846,2025-10-10T20:00:00+00:00,21.5,73.0,7.927409481427424,-1.2328033447265625,-1.553253173828125,1.9830278638425995,38.43872118613103,0.43333333333333335,ERA5
96e8160b-66a3-57ab-90ee-58670b41c971,2025-10-12T09:00:00+00:00,21.71901,72.69569,2025-10-12T09:00:00+00:00,21.75,72.75,6.583538274332104,-2.4264984130859375,-1.4251251220703125,2.814049779635125,59.573535833571555,0.0,ERA5
0c19a229-4041-5cd4-82a2-9e875a8840dd,2025-10-12T21:27:00+00:00,21.43224,72.97562,2025-10-12T21:00:00+00:00,21.5,73.0,7.945732921729933,-1.9341583251953125,-0.4788818359375,1.9925602223554517,76.09369053588159,0.45,ERA5
9f00339d-4573-5921-b763-5f550fd68d3f,2025-10-13T08:41:00+00:00,21.58924,72.8125,2025-10-13T09:00:00+00:00,21.5,72.75,11.842781896980409,-0.114715576171875,-1.9158172607421875,1.919248665487134,3.4266733535328058,0.31666666666666665,ERA5
1e0575d7-1706-5efb-a0e5-f113bef6196c,2025-10-15T08:24:00+00:00,21.4029,72.72575,2025-10-15T08:00:00+00:00,21.5,72.75,11.084869059442198,-1.0480194091796875,0.0079193115234375,1.048049329713228,90.4329447403529,0.4,ERA5
3e114398-3639-5cf2-a841-940e118eb86f,2025-10-15T08:24:00+00:00,21.77684,72.65976,2025-10-15T08:00:00+00:00,21.75,72.75,9.785252065642212,-2.3751678466796875,0.3838958740234375,2.4059921741338317,99.18125576411649,0.4,ERA5
a2d76013-547b-5ee7-8599-1c1a3a8b61c5,2025-10-16T20:34:00+00:00,21.43429,72.97646,2025-10-16T21:00:00+00:00,21.5,73.0,7.701980222247095,-1.058624267578125,-0.7719268798828125,1.3101742051311098,53.90124425550755,0.43333333333333335,ERA5
e3d84105-71d4-5583-b3e7-3b9d372668e6,2025-10-18T08:47:00+00:00,21.66796,72.25294,2025-10-18T09:00:00+00:00,21.75,72.25,9.127486590957465,1.3197174072265625,-1.0580902099609375,1.6915108416300444,308.7210740170631,0.21666666666666667,ERA5
c78ffd41-3f5a-56a8-8109-8db222052522,2025-10-18T09:08:00+00:00,21.61351,72.9311,2025-10-18T09:00:00+00:00,21.5,73.0,14.494145627920387,0.2601470947265625,-0.7221527099609375,0.7675812969312091,340.1890353496721,0.13333333333333333,ERA5
6be91fb7-b6e8-567f-9e9c-d01860ae51cc,2025-10-19T08:49:00+00:00,21.76691,72.69879,2025-10-19T09:00:00+00:00,21.75,72.75,5.612918782496852,-1.556854248046875,-0.1266326904296875,1.5619958348046457,85.34986586532028,0.18333333333333332,ERA5
562a2f5a-8274-58d7-a53e-928504203519,2025-10-19T21:18:00+00:00,21.43187,72.97599,2025-10-19T21:00:00+00:00,21.5,73.0,7.972742842564823,-1.978973388671875,0.115570068359375,1.9823451046102025,93.3422202344131,0.3,ERA5
84608f86-faca-59c0-8261-ba9189192d54,2025-10-22T20:21:00+00:00,21.43266,72.97463,2025-10-22T20:00:00+00:00,21.5,73.0,7.9347649888896905,-1.6159210205078125,-0.8651580810546875,1.83294823978563,61.83556973879803,0.35,ERA5
8576919d-6799-55c6-9acc-f84b6112259a,2025-11-01T20:34:00+00:00,21.79568,72.64586,2025-11-01T21:00:00+00:00,21.75,72.75,11.892996370442514,-0.1260833740234375,3.34637451171875,3.348748929060827,177.8422529638831,0.43333333333333335,ERA5
60383275-b125-51c4-a117-98f8bb6b098f,2025-11-02T19:55:00+00:00,21.5641222222222,72.9133022222222,2025-11-02T20:00:00+00:00,21.5,73.0,11.456667554759495,0.6026153564453125,2.90185546875,2.9637662575409003,191.73161339271013,0.08333333333333333,ERA5
af54bb7b-cb00-595b-bb22-a881b4a6966d,2025-11-04T08:29:00+00:00,21.79352,72.64709,2025-11-04T08:00:00+00:00,21.75,72.75,11.676780807502883,1.991241455078125,1.78753662109375,2.6758792394599777,228.08569089181236,0.48333333333333334,ERA5
c1059d9b-688e-5867-85d3-8c69b3f656c7,2025-11-04T20:57:00+00:00,21.563636,72.915795,2025-11-04T21:00:00+00:00,21.5,73.0,11.2218317565253,0.7292938232421875,1.31365966796875,1.5025216151080734,209.03736681311108,0.05,ERA5
c7848fc8-2553-559a-ba5d-f2852c0f2216,2025-11-07T07:32:00+00:00,21.5642916666667,72.913945,2025-11-07T08:00:00+00:00,21.5,73.0,11.416486529465868,-2.4961090087890625,-2.44580078125,3.4946389864077556,45.58324608731334,0.4666666666666667,ERA5
ea9d0b90-e122-5544-92c0-aa5f84b597c1,2025-11-08T08:54:00+00:00,21.88976,72.783605,2025-11-08T09:00:00+00:00,22.0,72.75,12.738703984913695,-1.265960693359375,-3.13568115234375,3.3815902717944373,21.985284296294992,0.1,ERA5
8d69dcec-6ed6-50e0-b15d-77cdd2ec09b3,2025-11-09T08:56:00+00:00,21.56179,72.9164357142857,2025-11-09T09:00:00+00:00,21.5,73.0,11.041631748422907,-1.259765625,-1.79156494140625,2.1901402624507,35.11354185183967,0.06666666666666667,ERA5
bd40cae3-4dd0-58c8-9360-197708860ac0,2025-11-09T21:04:00+00:00,21.433676,72.975552,2025-11-09T21:00:00+00:00,21.5,73.0,7.796761012554002,-1.5137176513671875,-1.0024261474609375,1.8155438053580453,56.486360590445315,0.06666666666666667,ERA5
3adc67d6-120a-55de-8811-505a9cb08068,2025-11-11T07:57:00+00:00,21.35713,72.85526,2025-11-11T08:00:00+00:00,21.25,72.75,16.1497205183137,-0.5829925537109375,-1.3516845703125,1.4720500994542571,23.33092966414972,0.05,ERA5
6dd55e6b-a9e4-536a-add6-83a18d6016c1,2025-11-11T20:47:00+00:00,21.43279,72.9773733333333,2025-11-11T21:00:00+00:00,21.5,73.0,7.831617302183065,-1.6360321044921875,-1.0599517822265625,1.9493842175349636,57.06162223184748,0.21666666666666667,ERA5
d6f0405b-ff03-58c9-b80b-52f1e44c83b5,2025-11-11T20:47:00+00:00,21.5633833333333,72.9141333333333,2025-11-11T21:00:00+00:00,21.5,73.0,11.338268846473916,-1.6360321044921875,-1.0599517822265625,1.9493842175349636,57.06162223184748,0.21666666666666667,ERA5
65f3ba5e-6092-5896-9202-8ccd92b849f4,2025-11-13T07:41:00+00:00,21.795075,72.61219,2025-11-13T08:00:00+00:00,21.75,72.5,12.622774432671093,-1.7059478759765625,-2.7902374267578125,3.2704255156216298,31.441566365595747,0.31666666666666665,ERA5
c042489f-1a12-5dba-94dc-ae2dac812251,2025-11-13T07:41:00+00:00,21.7948425,72.6029925,2025-11-13T08:00:00+00:00,21.75,72.5,11.746156386755656,-1.7059478759765625,-2.7902374267578125,3.2704255156216298,31.441566365595747,0.31666666666666665,ERA5
ab2dcde0-3d03-5142-8555-fee34b5c2dea,2025-11-13T21:29:00+00:00,21.6934866666667,72.60702,2025-11-13T21:00:00+00:00,21.75,72.5,12.716266398961796,-2.3754730224609375,-2.9506378173828125,3.7880252916010617,38.83653426935609,0.48333333333333334,ERA5
d968ba7e-f737-5937-99a2-181205b723f1,2025-11-13T21:29:00+00:00,21.562825,72.91816,2025-11-13T21:00:00+00:00,21.5,73.0,10.975447211449271,-1.5258636474609375,-1.0775909423828125,1.8680102006542347,54.76960933608564,0.48333333333333334,ERA5
3f820a1b-bc23-5671-8c7f-56d47d766621,2025-11-15T08:22:00+00:00,21.77571,72.61378,2025-11-15T08:00:00+00:00,21.75,72.5,12.09280255851037,-2.199462890625,-1.9578857421875,2.9446482959256066,48.32563007497265,0.36666666666666664,ERA5
799775b3-8805-568d-a17b-a25a55e1d9fe,2025-11-15T20:51:00+00:00,21.79331,72.64599,2025-11-15T21:00:00+00:00,21.75,72.75,11.770684729639504,-1.9772796630859375,-2.576812744140625,3.2480145911646976,37.500303711924175,0.15,ERA5
d5d3fe3d-16d0-5346-b86c-3e25b671ed7e,2025-11-18T20:16:00+00:00,21.43522,72.9748,2025-11-18T20:00:00+00:00,21.5,73.0,7.660702972858925,-1.713134765625,-1.042633056640625,2.0054711207077496,58.674836637021144,0.26666666666666666,ERA5
f5297b8a-a0e8-56d5-8bcc-ecdb7d616f86,2025-11-19T08:47:00+00:00,21.38409,72.79758,2025-11-19T09:00:00+00:00,21.5,72.75,13.797339285338769,-0.2832489013671875,-1.50189208984375,1.528368342272551,10.680235248932036,0.21666666666666667,ERA5
651f99a2-8f53-50bd-a5bc-9ce07b7cf5e8,2025-11-19T21:16:00+00:00,21.5638333333333,72.91541,2025-11-19T21:00:00+00:00,21.5,73.0,11.266573962211307,-1.3495025634765625,-1.1058197021484375,1.7447046691315617,50.667861675306995,0.26666666666666666,ERA5
9f8ebc81-e984-5f56-881b-d133c9162118,2025-11-20T08:29:00+00:00,21.41315,72.73436,2025-11-20T08:00:00+00:00,21.5,72.75,9.791975529603937,-0.829071044921875,-1.504241943359375,1.7175862778007511,28.86159319820922,0.48333333333333334,ERA5
00723de4-7b08-5c38-b1b5-efb0ed243561,2025-11-20T20:58:00+00:00,21.466488,72.991882,2025-11-20T21:00:00+00:00,21.5,73.0,3.819860610223443,-1.8189544677734375,-1.0281219482421875,2.089409030393585,60.523699217112835,0.03333333333333333,ERA5
921c04ed-f7bc-5ae7-a06b-5bce8eb002ce,2025-11-20T20:58:00+00:00,21.38388,72.77325,2025-11-20T21:00:00+00:00,21.5,72.75,13.134271958076587,-1.9781341552734375,-2.3279266357421875,3.0548743276372754,40.355912424575536,0.03333333333333333,ERA5
eafcce3a-20e2-53a8-8aff-be2833af8ed1,2025-11-20T20:58:00+00:00,21.43379,72.97762,2025-11-20T21:00:00+00:00,21.5,73.0,7.717879568228591,-1.8189544677734375,-1.0281219482421875,2.089409030393585,60.523699217112835,0.03333333333333333,ERA5
5e64806b-a8c7-5a53-a515-0283e3ae73ff,2025-11-21T08:10:00+00:00,21.48085,72.707835,2025-11-21T08:00:00+00:00,21.5,72.75,4.854522527521701,-0.2466278076171875,-0.7688140869140625,0.8074034776538704,17.78571712908422,0.16666666666666666,ERA5
fcacb8dd-227f-5938-bd27-0506bf04c1c6,2025-11-21T08:10:00+00:00,21.8291766666667,72.6446566666667,2025-11-21T08:00:00+00:00,21.75,72.75,13.993380190489326,-1.5044403076171875,-0.5686187744140625,1.6083121431486638,69.29539600792913,0.16666666666666666,ERA5
1f258ab9-ad47-57ce-b81c-6eb989b52d31,2025-11-21T20:39:00+00:00,21.593455,72.998835,2025-11-21T21:00:00+00:00,21.5,73.0,10.392420368878394,-1.5177459716796875,-1.0814208984375,1.8636051068097255,54.5294544424346,0.35,ERA5
56abd8ef-00e5-5517-a13f-310fcb3cccf6,2025-11-22T08:12:00+00:00,21.74251,72.70627,2025-11-22T08:00:00+00:00,21.75,72.75,4.592651942960977,-1.512176513671875,-1.92425537109375,2.4473325359836107,38.16204197584352,0.2,ERA5
d766230e-1fae-5f0f-bd3b-0ff47c9d4c29,2025-11-22T08:12:00+00:00,21.74706,72.64895,2025-11-22T08:00:00+00:00,21.75,72.75,10.441559388305246,-1.512176513671875,-1.92425537109375,2.4473325359836107,38.16204197584352,0.2,ERA5
d91918f2-0456-5a33-aab8-d50aed0594f5,2025-11-22T08:13:00+00:00,21.891192,72.898094,2025-11-22T08:00:00+00:00,22.0,73.0,16.026559852098508,-1.999481201171875,-1.43597412109375,2.461695909386594,54.31509968551046,0.21666666666666667,ERA5
a6c8e808-2926-5e0c-ad78-4f7d5d316349,2025-11-23T20:01:00+00:00,21.43295,72.976045,2025-11-23T20:00:00+00:00,21.5,73.0,7.856921331247698,-0.7032012939453125,-1.6075897216796875,1.7546614411494135,23.625811499722374,0.016666666666666666,ERA5
17333a76-402d-565d-b750-5356f9f08245,2025-11-25T08:35:00+00:00,21.79525,72.648,2025-11-25T09:00:00+00:00,21.75,72.75,11.672888239284681,1.1820068359375,-1.2591705322265625,1.7270352021399866,316.81047170704534,0.4166666666666667,ERA5
522ca21e-138d-5f4b-8157-2015838afd54,2025-11-25T21:04:00+00:00,21.4333,72.9764325,2025-11-25T21:00:00+00:00,21.5,73.0,7.807381047997653,-0.5447235107421875,-1.2867431640625,1.3972944118606028,22.94464461112966,0.06666666666666667,ERA5
49cf0e73-2401-5ee5-a0b3-9310f2570f82,2025-11-26T08:16:00+00:00,21.8918125,72.8978875,2025-11-26T08:00:00+00:00,22.0,73.0,15.988542341024049,0.6259918212890625,0.9423370361328125,1.1313111198907095,213.59597531251802,0.26666666666666666,ERA5
73750dd4-746f-5abb-9437-8b69c10c5ff4,2025-11-26T08:16:00+00:00,21.91371,72.96266,2025-11-26T08:00:00+00:00,22.0,73.0,10.338921554108156,0.6259918212890625,0.9423370361328125,1.1313111198907095,213.59597531251802,0.26666666666666666,ERA5
ae0a997e-20ff-5af1-a8cf-fae7b6273fec,2025-11-26T08:16:00+00:00,21.56343,72.91608,2025-11-26T08:00:00+00:00,21.5,73.0,11.184513020186614,1.2461090087890625,1.0712432861328125,1.6432741219498002,229.31531972328244,0.26666666666666666,ERA5
f1d16b07-1e0f-5e27-885e-8eec514c56bf,2025-11-26T08:16:00+00:00,21.74224,72.7056,2025-11-26T08:00:00+00:00,21.75,72.75,4.6661828231961,1.3672027587890625,0.0585479736328125,1.3684557898803058,267.5479105302494,0.26666666666666666,ERA5
80d78a03-dae8-5a6c-84ce-91b59791de67,2025-11-27T08:19:00+00:00,21.82455,72.63489,2025-11-27T08:00:00+00:00,21.75,72.75,14.490638607307952,0.10113525390625,1.4676971435546875,1.4711775028123801,183.94187442762512,0.31666666666666665,ERA5
9f383beb-766d-52d4-890a-0c71e945e94f,2025-11-27T08:19:00+00:00,21.7833,72.63081,2025-11-27T08:00:00+00:00,21.75,72.75,12.853287684506382,0.10113525390625,1.4676971435546875,1.4711775028123801,183.94187442762512,0.31666666666666665,ERA5
de8e118a-ab62-5ffb-948e-0090fcd67373,2025-11-28T07:39:00+00:00,22.06633,72.71074,2025-11-28T08:00:00+00:00,22.0,72.75,8.41276055904776,-1.5629119873046875,0.0980224609375,1.5659828488552905,93.58876684323644,0.35,ERA5
95a5671c-c060-527c-9695-1c9529bba055,2025-11-29T09:01:00+00:00,21.77922,72.73751,2025-11-29T09:00:00+00:00,21.75,72.75,3.4957681204674054,-2.8556671142578125,-1.975006103515625,3.472100772785478,55.33190310302075,0.016666666666666666,ERA5
3e6fc165-9962-5209-a741-4aad64aa7415,2025-11-30T19:51:00+00:00,21.432648,72.975492,2025-11-30T20:00:00+00:00,21.5,73.0,7.906963541397372,-2.35821533203125,-0.2880859375,2.3757468424923798,83.03510381011131,0.15,ERA5
4202afeb-0785-575f-8f4a-58b4b151a2e6,2025-12-01T08:23:00+00:00,21.81214,72.88255,2025-12-01T08:00:00+00:00,21.75,73.0,13.95776093125415,-2.411529541015625,-1.8966827392578125,3.0680417436191365,51.81473290151803,0.38333333333333336,ERA5
741de597-6e40-5056-95db-0fd1552c098e,2025-12-01T08:23:00+00:00,21.36753,72.7636,2025-12-01T08:00:00+00:00,21.25,72.75,13.144461310209334,-1.189849853515625,-3.0812530517578125,3.303008180867554,21.11445597063903,0.38333333333333336,ERA5
ce923b65-dd50-58b1-867e-59b5be4bcdac,2025-12-01T08:44:00+00:00,21.84293,72.71106,2025-12-01T09:00:00+00:00,21.75,72.75,11.087896337057774,-1.8292999267578125,-2.3863677978515625,3.006840449484983,37.47241837317915,0.26666666666666666,ERA5
3379037a-6f19-5a0e-b796-02fbf61a8e64,2025-12-02T08:25:00+00:00,21.41571,72.71127,2025-12-02T08:00:00+00:00,21.5,72.75,10.193659334708357,-1.0655975341796875,-2.5101318359375,2.7269506667038907,23.002123304582824,0.4166666666666667,ERA5
1e79e9f0-a18a-5df9-a79c-f914e6956243,2025-12-02T20:54:00+00:00,21.59179,72.99893,2025-12-02T21:00:00+00:00,21.5,73.0,10.207182239934681,-1.2953033447265625,-1.260528564453125,1.8074133496967637,45.77952121939268,0.1,ERA5
7120ff4d-b48b-5c2e-8b64-310725be2d5d,2025-12-03T08:06:00+00:00,21.47733,72.81703,2025-12-03T08:00:00+00:00,21.5,72.75,7.3792215934126855,-2.3980560302734375,-1.40875244140625,2.7812328499244483,59.567637748418065,0.1,ERA5
85615c75-9c81-564f-9cd9-94f83af24c84,2025-12-03T08:07:00+00:00,21.77152,72.90227,2025-12-03T08:00:00+00:00,21.75,73.0,10.372485587398883,-3.7212982177734375,-0.73297119140625,3.7927967508205946,78.85728490245737,0.11666666666666667,ERA5
c34712b7-68f9-5cf0-ad25-2d3e961bfc68,2025-12-03T08:07:00+00:00,21.85544,72.859455,2025-12-03T08:00:00+00:00,21.75,72.75,16.283633633004218,-3.6812591552734375,-1.16168212890625,3.860203924264191,72.48604846872382,0.11666666666666667,ERA5
ff3a872a-8802-5b0b-99bf-e2440450d20a,2025-12-04T09:07:00+00:00,21.73174,72.694215,2025-12-04T09:00:00+00:00,21.75,72.75,6.10906810289323,-2.52081298828125,-1.758453369140625,3.0735413407549053,55.101377981514474,0.11666666666666667,ERA5
1eb4cd79-5f4c-589f-8732-5c3cfa3f6aee,2025-12-04T19:55:00+00:00,21.6949,72.59979,2025-12-04T20:00:00+00:00,21.75,72.5,11.991526127591246,-3.1540679931640625,-2.7003326416015625,4.15210082738857,49.43175249672299,0.08333333333333333,ERA5
90605b12-95e6-5a84-b2bc-6519d83792ea,2025-12-06T08:30:00+00:00,22.05501,72.71769,2025-12-06T08:00:00+00:00,22.0,72.75,6.964737648885939,-2.8798980712890625,-1.59906005859375,3.2940561579918928,60.95882653440674,0.5,ERA5
5009a990-a4e1-5a7a-8e7f-5a518c3bd20f,2025-12-07T08:11:00+00:00,21.88029,72.67492,2025-12-07T08:00:00+00:00,22.0,72.75,15.399807828222157,-2.75628662109375,-1.0561065673828125,2.9516905358268013,69.03502484876628,0.18333333333333332,ERA5
4c34e90f-58dc-566e-91fd-457f85daa071,2025-12-07T08:32:00+00:00,21.8344,72.68279,2025-12-07T09:00:00+00:00,21.75,72.75,11.671751618494708,-2.4919891357421875,-0.8929595947265625,2.647146896277447,70.28577025730476,0.4666666666666667,ERA5
650b94bb-de54-5c8a-9935-c942603ce6aa,2025-12-07T20:39:00+00:00,21.4314433333333,72.9760466666667,2025-12-07T21:00:00+00:00,21.5,73.0,8.016022940708831,-3.1424407958984375,-0.0933837890625,3.143828030886307,88.29784452096317,0.35,ERA5
6d98713e-c081-5f52-8f1a-7205be077352,2025-12-08T08:13:00+00:00,21.89314,72.894744,2025-12-08T08:00:00+00:00,22.0,73.0,16.094618788300888,-2.58563232421875,-0.826263427734375,2.7144439150692015,72.27822459913841,0.21666666666666667,ERA5
82cb269e-7b6a-54c0-ab9c-75968251fa43,2025-12-08T08:13:00+00:00,21.91192,72.96083,2025-12-08T08:00:00+00:00,22.0,73.0,10.594423965459491,-2.58563232421875,-0.826263427734375,2.7144439150692015,72.27822459913841,0.21666666666666667,ERA5
bdc01131-645b-50f3-b2f1-38fc706c6561,2025-12-08T08:13:00+00:00,21.8916383333333,72.904,2025-12-08T08:00:00+00:00,22.0,73.0,15.595465179794623,-2.58563232421875,-0.826263427734375,2.7144439150692015,72.27822459913841,0.21666666666666667,ERA5
73da39f4-e4d6-504a-bf54-5f5e874162f2,2025-12-09T20:02:00+00:00,21.434354,72.97553,2025-12-09T20:00:00+00:00,21.5,73.0,7.726232706137819,-2.371826171875,-0.5082244873046875,2.425665170440333,77.90579672891545,0.03333333333333333,ERA5
fd943c9b-fabb-57b2-81c7-1f69cdd37094,2025-12-09T20:02:00+00:00,21.56461,72.91317,2025-12-09T20:00:00+00:00,21.5,73.0,11.50116620989436,-2.371826171875,-0.5082244873046875,2.425665170440333,77.90579672891545,0.03333333333333333,ERA5
85ec2714-a97e-5f41-bccd-177a2e1c0659,2025-12-09T20:23:00+00:00,21.3917,72.91022,2025-12-09T20:00:00+00:00,21.5,73.0,15.210482605247762,-2.371826171875,-0.5082244873046875,2.425665170440333,77.90579672891545,0.38333333333333336,ERA5
6a828d41-5b0b-5c74-96c4-e0076cf17040,2025-12-10T08:55:00+00:00,21.75466,72.65544,2025-12-10T09:00:00+00:00,21.75,72.75,9.779632207344406,-2.08642578125,-1.247314453125,2.430836458019994,59.1280240101018,0.08333333333333333,ERA5
7d0aa416-4da0-53fd-b012-3be377f6362b,2025-12-10T09:16:00+00:00,21.78884,72.63013,2025-12-10T09:00:00+00:00,21.75,72.75,13.110152931898696,-2.08642578125,-1.247314453125,2.430836458019994,59.1280240101018,0.26666666666666666,ERA5
1e492f1b-0db4-5cc2-a145-515940aa5d6c,2025-12-11T08:36:00+00:00,22.071575,72.53826,2025-12-11T09:00:00+00:00,22.0,72.5,8.882208248637612,-0.955902099609375,-1.39300537109375,1.6894415609702655,34.458523938891176,0.4,ERA5
30adf3c1-c780-5ddd-831d-a489c4506542,2025-12-12T08:17:00+00:00,21.91243,72.96389,2025-12-12T08:00:00+00:00,22.0,73.0,10.425167739391314,-2.3963775634765625,-0.844268798828125,2.5407509188050197,70.59210777450369,0.2833333333333333,ERA5
78e4196f-4260-5704-b285-6e172e090a6a,2025-12-12T08:17:00+00:00,21.8913257142857,72.8951428571429,2025-12-12T08:00:00+00:00,22.0,73.0,16.21671177158731,-2.3963775634765625,-0.844268798828125,2.5407509188050197,70.59210777450369,0.2833333333333333,ERA5
95652e47-a889-59dc-bab7-f8ec6f555a58,2025-12-12T08:17:00+00:00,21.70988,72.70905,2025-12-12T08:00:00+00:00,21.75,72.75,6.147642176488526,-2.4891510009765625,-0.916534423828125,2.6525286154393464,69.78570473916301,0.2833333333333333,ERA5
cf1db4af-c3d6-5bd1-b2ed-fb95e0c8ac21,2025-12-12T08:17:00+00:00,21.76421,72.62291,2025-12-12T08:00:00+00:00,21.75,72.5,12.791348947800143,-1.5858306884765625,-1.394073486328125,2.111468649494257,48.68191390391905,0.2833333333333333,ERA5
e928dfd5-529c-578d-a3e0-bb356cc1e32e,2025-12-12T08:17:00+00:00,21.44266,72.86348,2025-12-12T08:00:00+00:00,21.5,72.75,13.362004223909352,-1.4569244384765625,-1.052276611328125,1.7971963961065716,54.1609667750738,0.2833333333333333,ERA5
fbe57297-97c9-507d-af4e-d01a95f05119,2025-12-12T08:17:00+00:00,21.89228,72.90407,2025-12-12T08:00:00+00:00,22.0,73.0,15.535792151193181,-2.3963775634765625,-0.844268798828125,2.5407509188050197,70.59210777450369,0.2833333333333333,ERA5
22396cb9-2d7d-5c89-becd-19f2f7749fd7,2025-12-12T20:46:00+00:00,21.432415,72.975955,2025-12-12T21:00:00+00:00,21.5,73.0,7.916318203622928,-2.0389862060546875,-1.0057830810546875,2.27355764268627,63.74397972728332,0.23333333333333334,ERA5
847b9665-d25c-5445-ae31-d0bcf15a032e,2025-12-13T07:58:00+00:00,21.7501766666667,72.7077766666667,2025-12-13T08:00:00+00:00,21.75,72.75,4.3608213985253155,-1.412933349609375,-0.9756011962890625,1.7170260174613017,55.37572520652907,0.03333333333333333,ERA5
cc21009f-f9b7-5b5a-aa05-46c444a934e8,2025-12-13T08:19:00+00:00,21.74901,72.65996,2025-12-13T08:00:00+00:00,21.75,72.75,9.299916533731787,-1.412933349609375,-0.9756011962890625,1.7170260174613017,55.37572520652907,0.31666666666666665,ERA5
c7f3b71f-1e41-5cf3-a30b-658f7071ed0f,2025-12-13T20:48:00+00:00,21.36382,72.87415,2025-12-13T21:00:00+00:00,21.25,72.75,18.044148714491104,-3.2642822265625,-1.6450347900390625,3.655362897865367,63.25418370646776,0.2,ERA5
cbbabbc4-acba-546d-aa2b-a2147e45eb7f,2025-12-13T20:48:00+00:00,21.38171,72.95305,2025-12-13T21:00:00+00:00,21.5,73.0,14.022155034323228,-2.2593994140625,-0.6225738525390625,2.3436048971896475,74.5945419557188,0.2,ERA5
09fe0213-8edb-56ac-a00a-b87beef471f2,2025-12-14T08:01:00+00:00,21.61912,72.837865,2025-12-14T08:00:00+00:00,21.5,72.75,16.062698969117573,0.29876708984375,-0.0261383056640625,0.2999082943112633,,0.016666666666666666,ERA5
d2c32436-59e2-5db2-86b1-04f96ceeb53a,2025-12-14T08:01:00+00:00,21.7407,72.77652,2025-12-14T08:00:00+00:00,21.75,72.75,2.9277566188827513,-0.96099853515625,0.4396820068359375,1.0568057776657618,114.58533595703287,0.016666666666666666,ERA5
fc6a1eca-0b08-5326-ab28-ac2d17445427,2025-12-14T20:08:00+00:00,21.43331,72.97613,2025-12-14T20:00:00+00:00,21.5,73.0,7.816160793342055,-1.729949951171875,-0.886077880859375,1.9436720002376464,62.878540364912,0.13333333333333333,ERA5
06edc7bc-4c57-5705-b445-a182ad3fa5c5,2025-12-15T07:42:00+00:00,21.75803,72.65257,2025-12-15T08:00:00+00:00,21.75,72.75,10.101721756300721,-3.0561370849609375,-1.2415008544921875,3.2986812901185782,67.8914340856362,0.3,ERA5
af24fc53-3575-57f2-b996-378dfa285a68,2025-12-15T07:42:00+00:00,21.71387,72.70145,2025-12-15T08:00:00+00:00,21.75,72.75,6.425614431167484,-3.0561370849609375,-1.2415008544921875,3.2986812901185782,67.8914340856362,0.3,ERA5
a197048a-210b-5c5f-a62f-7f85c2183594,2025-12-15T09:01:00+00:00,21.7858,72.64655,2025-12-15T09:00:00+00:00,21.75,72.75,11.400452642051473,-3.02850341796875,-1.768218994140625,3.506911941279405,59.72109591711512,0.016666666666666666,ERA5
1611d2ba-a491-51a7-bc0b-6d326ee28dec,2025-12-15T20:11:00+00:00,21.39731,72.94495,2025-12-15T20:00:00+00:00,21.5,73.0,12.761051300771884,-2.3455352783203125,-0.7713165283203125,2.4691020490666733,71.79683076791684,0.18333333333333332,ERA5
9f1d063b-e10a-5d84-82d2-f50e01145285,2025-12-16T07:23:00+00:00,21.833775,72.656535,2025-12-16T07:00:00+00:00,21.75,72.75,13.412722129897398,-3.4020843505859375,0.3157806396484375,3.416708261013591,95.30298580771148,0.38333333333333336,ERA5
47e29bc5-8436-58f6-a428-30b4aec065e0,2025-12-16T08:42:00+00:00,21.78869,72.6150716666667,2025-12-16T09:00:00+00:00,21.75,72.5,12.637683160990239,-1.6680145263671875,-0.7125396728515625,1.8138316475239273,66.86887611906889,0.3,ERA5
7b24c7ff-a7df-55ff-9af5-207ee4507304,2025-12-16T08:42:00+00:00,21.73464,72.64606,2025-12-16T09:00:00+00:00,21.75,72.75,10.870398747126352,-2.2754364013671875,-0.2457427978515625,2.2886678088710846,83.83605541710085,0.3,ERA5
b6c7ba6c-64db-5505-898c-8ef49f774318,2025-12-16T08:42:00+00:00,21.71359,72.72712,2025-12-16T09:00:00+00:00,21.75,72.75,4.687910648073312,-2.2754364013671875,-0.2457427978515625,2.2886678088710846,83.83605541710085,0.3,ERA5
3c5a1642-39d3-5bde-a246-b0c3910cd5bc,2025-12-17T08:23:00+00:00,21.467325,72.842985,2025-12-17T08:00:00+00:00,21.5,72.75,10.284274457547648,-0.17559814453125,-1.59423828125,1.603879797792145,6.28553423213998,0.38333333333333336,ERA5
bd853013-ae01-5208-b746-a92df4d8a148,2025-12-17T08:23:00+00:00,21.56102,72.78685,2025-12-17T08:00:00+00:00,21.5,72.75,7.782428674760652,-0.17559814453125,-1.59423828125,1.603879797792145,6.28553423213998,0.38333333333333336,ERA5
f6465655-4c59-5768-ac8b-1f21aeef330f,2025-12-17T08:23:00+00:00,21.55279,72.79969,2025-12-17T08:00:00+00:00,21.5,72.75,7.802245459969878,-0.17559814453125,-1.59423828125,1.603879797792145,6.28553423213998,0.38333333333333336,ERA5
8bc94bd4-58f9-550e-b405-f9bede34d93e,2025-12-17T08:24:00+00:00,22.03528,72.8129,2025-12-17T08:00:00+00:00,22.0,72.75,7.578436658721817,-1.49200439453125,-1.32080078125,1.992634391214598,48.48305604743962,0.4,ERA5
a12f6b35-f2d7-571f-9ba4-a116d95aede5,2025-12-17T08:45:00+00:00,21.72116,72.71093,2025-12-17T09:00:00+00:00,21.75,72.75,5.154543507647848,-1.116943359375,-1.5074615478515625,1.876167046481453,36.53634426624035,0.25,ERA5
9b692445-f5a5-57a9-889e-1aa0c4d63ce6,2025-12-17T20:52:00+00:00,21.43371,72.97761,2025-12-17T21:00:00+00:00,21.5,73.0,7.726676116844926,-2.2512969970703125,-0.4417877197265625,2.2942350704143206,78.89752950879245,0.13333333333333333,ERA5
079152cf-77e5-5c85-8988-8f502aae0295,2025-12-18T08:26:00+00:00,21.71884,72.74805,2025-12-18T08:00:00+00:00,21.75,72.75,3.4706832673603505,-1.3814544677734375,-0.709320068359375,1.5529170634353078,62.82136589439801,0.43333333333333335,ERA5
b4c59ab1-fea0-5ae4-8443-8f81c712dd18,2025-12-18T08:26:00+00:00,21.74978,72.65309,2025-12-18T08:00:00+00:00,21.75,72.75,10.008796575347153,-1.3814544677734375,-0.709320068359375,1.5529170634353078,62.82136589439801,0.43333333333333335,ERA5
9b5574b3-66b7-5656-8477-83a4424603a3,2025-12-18T20:55:00+00:00,21.62801,72.81138,2025-12-18T21:00:00+00:00,21.75,72.75,14.973995232084361,-1.796234130859375,-1.982940673828125,2.675539341662924,42.17165602178238,0.08333333333333333,ERA5
4944a34b-ff2e-5d94-8d8f-dfe23d02b6ef,2025-12-19T20:15:00+00:00,21.41121,72.98852,2025-12-19T20:00:00+00:00,21.5,73.0,9.944222375828058,-2.49652099609375,-0.2415313720703125,2.5081775231492482,84.47399312008042,0.25,ERA5
41639186-7de4-5152-b79a-267fe75bc1d4,2025-12-20T07:48:00+00:00,21.73048,72.72106,2025-12-20T08:00:00+00:00,21.75,72.75,3.6940311118585027,-1.5572967529296875,-1.0811920166015625,1.8958241884331737,55.228723577955066,0.2,ERA5
33677cce-cf65-5718-a307-5e6eea0a5b8c,2025-12-20T20:17:00+00:00,21.62804,72.805025,2025-12-20T20:00:00+00:00,21.75,72.75,14.704854285747238,-2.53759765625,-0.5336456298828125,2.593102297114118,78.12400039224622,0.2833333333333333,ERA5
e4c64d00-d8f8-5c13-b593-173d7fa5759f,2025-12-21T08:49:00+00:00,21.82086,72.63824,2025-12-21T09:00:00+00:00,21.75,72.75,13.973020443321468,-2.0897369384765625,-0.028839111328125,2.089935923988004,89.20934810099504,0.18333333333333332,ERA5
d471673c-e571-5c88-8c26-d5453a4049e8,2025-12-22T08:30:00+00:00,21.6171,72.83884,2025-12-22T08:00:00+00:00,21.5,72.75,15.935941476891237,-0.8353118896484375,-1.0554656982421875,1.346014038988417,38.35863709434494,0.5,ERA5
d88ba88c-53a4-5e01-927c-7965b55c12e3,2025-12-22T20:59:00+00:00,21.6243633333333,72.80275,2025-12-22T21:00:00+00:00,21.5,72.75,14.865632769342536,-3.00115966796875,-1.3364105224609375,3.285262917513089,65.99668367426898,0.016666666666666666,ERA5
3fcf3d85-6649-58ab-8868-8e8ff3f4b110,2025-12-23T08:11:00+00:00,21.821075,72.64863,2025-12-23T08:00:00+00:00,21.75,72.75,13.115407801362597,-2.5662994384765625,-1.37750244140625,2.9126286725233785,61.77460616983376,0.18333333333333332,ERA5
c13036b0-5f34-562e-8b5c-9fb3129fe493,2025-12-23T08:11:00+00:00,21.5485,72.94279,2025-12-23T08:00:00+00:00,21.5,73.0,8.0065374822626,-3.2108306884765625,-0.89312744140625,3.3327331631343893,74.455514038459,0.18333333333333332,ERA5
47315f7e-653e-5654-a2ee-45eeb46c8365,2025-12-24T08:13:00+00:00,21.42066,72.96556,2025-12-24T08:00:00+00:00,21.5,73.0,9.514924666231597,-2.94158935546875,-1.4415130615234375,3.275806441588045,63.89303698017841,0.21666666666666667,ERA5
5210c291-58e3-5b6a-82ff-9ecd8e53ee8a,2025-12-24T08:13:00+00:00,21.91315,72.96162,2025-12-24T08:00:00+00:00,22.0,73.0,10.436940738493483,-2.41717529296875,-1.8526458740234375,3.0454939059986033,52.53161185144211,0.21666666666666667,ERA5
9eae08b8-8a8b-53c3-a56b-117c806387c7,2025-12-24T08:13:00+00:00,21.872285,72.679785,2025-12-24T08:00:00+00:00,21.75,72.75,15.40889172689892,-2.14666748046875,-2.0723724365234375,2.983774252078086,46.00884386529094,0.21666666666666667,ERA5
9f92de68-efb7-5b92-9c6c-f1f4db68452c,2025-12-24T08:13:00+00:00,21.8888575,72.8950725,2025-12-24T08:00:00+00:00,22.0,73.0,16.427084194218633,-2.41717529296875,-1.8526458740234375,3.0454939059986033,52.53161185144211,0.21666666666666667,ERA5
a3f2db9b-b08f-5109-8ac3-66a0bedfa182,2025-12-24T08:13:00+00:00,21.74549,72.73878,2025-12-24T08:00:00+00:00,21.75,72.75,1.2626663491109011,-2.14666748046875,-2.0723724365234375,2.983774252078086,46.00884386529094,0.21666666666666667,ERA5
e7404a64-6819-5d03-8f35-9f18f407be13,2025-12-24T08:13:00+00:00,21.893629,72.901006,2025-12-24T08:00:00+00:00,22.0,73.0,15.625044569584578,-2.41717529296875,-1.8526458740234375,3.0454939059986033,52.53161185144211,0.21666666666666667,ERA5
f34e0dc4-338a-593e-bc30-0043520270c3,2025-12-24T08:13:00+00:00,21.61785,72.83775,2025-12-24T08:00:00+00:00,21.5,72.75,15.939697915677401,-1.08905029296875,-2.0860443115234375,2.3532129972135145,27.567476300682983,0.21666666666666667,ERA5
fb193bb8-d282-56f6-bffc-2f89813d220a,2025-12-24T08:13:00+00:00,21.526575,72.74312,2025-12-24T08:00:00+00:00,21.5,72.75,3.039507634679342,-1.08905029296875,-2.0860443115234375,2.3532129972135145,27.567476300682983,0.21666666666666667,ERA5
8223077d-6fa0-57a0-9cb1-9e9db5e7e161,2025-12-24T20:21:00+00:00,21.437385,72.94059,2025-12-24T20:00:00+00:00,21.5,73.0,9.288205050648557,-2.353607177734375,-0.6443939208984375,2.440227504224479,74.68822652374479,0.35,ERA5
8dedc13d-7e94-50f5-85eb-3f7c0a195214,2025-12-24T20:42:00+00:00,21.41148,72.9865,2025-12-24T21:00:00+00:00,21.5,73.0,9.941632321055724,-2.0530242919921875,-1.0232391357421875,2.293889071516851,63.50806991976401,0.3,ERA5
7b28eba1-0c70-5950-9b0e-4ed5e24a50c6,2025-12-25T07:54:00+00:00,21.42421,72.88781,2025-12-25T08:00:00+00:00,21.5,73.0,14.346179471971197,-1.6980438232421875,-0.4048004150390625,1.7456277385704957,76.59140107069436,0.1,ERA5
e6882e61-6e8e-52e3-bbdf-f0f34f1f32da,2025-12-25T07:55:00+00:00,21.93638,72.54932,2025-12-25T08:00:00+00:00,22.0,72.5,8.71271418654772,-1.5691375732421875,-0.8618316650390625,1.790236448803449,61.22268952292677,0.08333333333333333,ERA5
bd7ee361-a7de-5a33-8578-d416a74d1c06,2025-12-25T20:23:00+00:00,21.37871,72.9502,2025-12-25T20:00:00+00:00,21.5,73.0,14.438208150772267,-1.88201904296875,-1.225677490234375,2.245947681528723,56.925544307493965,0.38333333333333336,ERA5
dd97f173-dc35-5237-a91e-67a155cf73a9,2025-12-26T21:24:00+00:00,21.40938,72.98627,2025-12-26T21:00:00+00:00,21.5,73.0,10.176175009512141,-2.1770172119140625,-0.324432373046875,2.2010589055386283,81.52381495099974,0.4,ERA5
83da4855-1192-54a3-99f2-7733aaac9e4f,2025-12-27T08:36:00+00:00,21.56729,72.91829,2025-12-27T09:00:00+00:00,21.5,73.0,11.287780253927277,0.6733856201171875,-0.4133758544921875,0.7901441580229239,301.54480122681207,0.4,ERA5
923c4937-e5d9-581f-93c2-e6da3481ca90,2025-12-27T08:36:00+00:00,21.72947,72.71658,2025-12-27T09:00:00+00:00,21.75,72.75,4.138409881628265,0.2915496826171875,-0.8665008544921875,0.9142346243004986,341.40356815489156,0.4,ERA5
52c1f739-b4f3-5882-a0e6-a084f234129d,2025-12-27T08:57:00+00:00,21.72086,72.74662,2025-12-27T09:00:00+00:00,21.75,72.75,3.258973789259646,0.2915496826171875,-0.8665008544921875,0.9142346243004986,341.40356815489156,0.05,ERA5
06dcc89c-b90d-5ace-a9e8-6953e866d7c5,2025-12-27T21:05:00+00:00,21.43653,72.94154,2025-12-27T21:00:00+00:00,21.5,73.0,9.295419185188079,-1.7732086181640625,-0.715911865234375,1.9122757652375,68.01419355560142,0.08333333333333333,ERA5
11aa4722-4ae9-59d0-b0d0-55552b7587c1,2025-12-28T08:18:00+00:00,21.47457,72.92401,2025-12-28T08:00:00+00:00,21.5,73.0,8.355462460984851,-0.3099517822265625,0.69622802734375,0.7621046997390791,156.00198537303424,0.3,ERA5
962e5064-1f32-52db-881b-f18a96148753,2025-12-28T08:18:00+00:00,21.87346,72.68245,2025-12-28T08:00:00+00:00,21.75,72.75,15.397757438427238,-0.1458892822265625,0.45892333984375,0.48155406188913374,,0.3,ERA5
d6dc83ba-f895-5818-b529-08160177c4a6,2025-12-28T08:18:00+00:00,21.8919433333333,72.8990344444444,2025-12-28T08:00:00+00:00,22.0,73.0,15.899872296025523,-0.9222564697265625,0.30950927734375,0.9728067581561881,108.55175296542487,0.3,ERA5
86ad40d7-8723-5ce3-a0f5-fe845635014a,2025-12-28T20:46:00+00:00,21.6232766666667,72.7977933333333,2025-12-28T21:00:00+00:00,21.5,72.75,14.571559089499845,-2.734130859375,-1.70556640625,3.2224879087927105,58.04385023579789,0.23333333333333334,ERA5
b7b63a13-1935-532e-8e77-61bedcd7582f,2025-12-28T20:46:00+00:00,21.434495,72.97578,2025-12-28T21:00:00+00:00,21.5,73.0,7.702965287856056,-2.060302734375,-0.75830078125,2.195419648294481,69.79370600807096,0.23333333333333334,ERA5
4cf8ddcd-168d-5f7e-8c61-b8e8c7c4df33,2025-12-29T07:59:00+00:00,21.72384,72.75066,2025-12-29T08:00:00+00:00,21.75,72.75,2.909657970400469,-0.4016571044921875,0.36444091796875,0.5423519265928288,132.21882140646338,0.016666666666666666,ERA5
c2f50062-201c-5ec5-b7fa-5065a9cbd591,2025-12-29T07:59:00+00:00,21.766255,72.68214,2025-12-29T08:00:00+00:00,21.75,72.75,7.237442018563207,-0.4016571044921875,0.36444091796875,0.5423519265928288,132.21882140646338,0.016666666666666666,ERA5
ca4ea282-60f3-5d91-bf21-f021a1f5e62c,2025-12-29T07:59:00+00:00,21.7200633333333,72.71824,2025-12-29T08:00:00+00:00,21.75,72.75,4.673595410609058,-0.4016571044921875,0.36444091796875,0.5423519265928288,132.21882140646338,0.016666666666666666,ERA5
637f7699-9b5d-50ab-9e5e-11229e623dc5,2025-12-29T08:20:00+00:00,22.07055,72.65159,2025-12-29T08:00:00+00:00,22.0,72.75,12.822975346716637,-0.6086883544921875,0.01190185546875,0.6088047035445816,91.1201778291024,0.3333333333333333,ERA5
c03b73ec-0517-5366-a4c4-4fe6224af862,2025-12-29T08:20:00+00:00,21.58951,72.86217,2025-12-29T08:00:00+00:00,21.5,72.75,15.285710754628441,0.7545928955078125,0.10174560546875,0.761421437958682,262.32083162571513,0.3333333333333333,ERA5
a09148ee-5a6b-5112-8ed6-62c10216a1c4,2025-12-29T20:49:00+00:00,21.69422,72.60464,2025-12-29T21:00:00+00:00,21.75,72.5,12.462313867571343,-2.35504150390625,-1.4901275634765625,2.7868800908100817,57.676850531613525,0.18333333333333332,ERA5
75374422-196d-5ae1-b593-41ae42a92917,2025-12-30T07:40:00+00:00,21.52825,72.81176,2025-12-30T08:00:00+00:00,21.5,72.75,7.11940227478793,1.6168212890625,0.1671905517578125,1.6254426355189548,264.09620184859597,0.3333333333333333,ERA5
cdd46c50-b090-5d78-84c2-a248f9102380,2025-12-30T07:40:00+00:00,21.56381,72.91579,2025-12-30T08:00:00+00:00,21.5,73.0,11.234438672400854,0.7847900390625,0.6349639892578125,1.0094922847976182,231.0241032538342,0.3333333333333333,ERA5
67450f1f-d420-5fda-bc6d-e0b203bd1c74,2025-12-30T20:30:00+00:00,21.43448,72.97588,2025-12-30T20:00:00+00:00,21.5,73.0,7.701182466734678,0.189910888671875,1.9366912841796875,1.9459802866045968,185.60048782911764,0.5,ERA5
eea97a9a-5e26-5dd5-937e-a7871b988348,2025-12-30T21:49:00+00:00,21.47876,72.79839,2025-12-30T22:00:00+00:00,21.5,72.75,5.535782852798663,1.10931396484375,0.8614501953125,1.4045191033237336,232.1684730229374,0.18333333333333332,ERA5
