event_id,event_timestamp,event_latitude,event_longitude,weather_timestamp,weather_latitude,weather_longitude,weather_distance_km,u10,v10,wind_speed,wind_direction,time_difference_hours,source
7fd5cbb1-881f-50a9-9ca0-022505581bcd,2023-01-01T07:48:00+00:00,21.72788,72.90686,2023-01-01T08:00:00+00:00,21.75,73.0,9.929594418214062,-0.7096405029296875,-2.095703125,2.212591519357576,18.706969250476277,0.2,ERA5
1ae62e9d-b49e-5f80-9f01-27c0b24d2386,2023-01-01T20:17:00+00:00,21.6834775,72.5326466666667,2023-01-01T20:00:00+00:00,21.75,72.5,8.129501064035567,-1.7914581298828125,-4.181976318359375,4.549532740671492,23.189128290628446,0.2833333333333333,ERA5
33504b50-a84c-5d39-829b-0e42c9e027ee,2023-01-01T21:06:00+00:00,21.37949,72.95348,2023-01-01T21:00:00+00:00,21.5,73.0,14.238869531365227,-1.13751220703125,-2.5018310546875,2.748289039992678,24.44995737090551,0.1,ERA5
9b4e8952-fb54-51ba-b8c1-e067dd855560,2023-01-01T21:06:00+00:00,21.42607,72.96349,2023-01-01T21:00:00+00:00,21.5,73.0,9.047305203895547,-1.13751220703125,-2.5018310546875,2.748289039992678,24.44995737090551,0.1,ERA5
9f6baf4f-8327-5052-bf24-cd8699a91baa,2023-01-02T08:18:00+00:00,21.56251,72.90401,2023-01-02T08:00:00+00:00,21.5,73.0,12.119984110197148,-1.3437347412109375,-1.8245391845703125,2.265958139677281,36.37086475942067,0.3,ERA5
b85aafe7-3be7-5f54-a08d-15b6346410f9,2023-01-02T09:10:00+00:00,21.75424,72.67329,2023-01-02T09:00:00+00:00,21.75,72.75,7.936424357978482,-0.9333953857421875,-2.5428466796875,2.708744392245704,20.156525511205416,0.16666666666666666,ERA5
0b5fe1e4-0514-521e-9113-6f84ed1f0d0c,2023-01-03T08:51:00+00:00,21.407705,72.867675,2023-01-03T09:00:00+00:00,21.5,72.75,15.925870205046774,-0.122406005859375,-4.204193115234375,4.2059746766302055,1.6677080735920526,0.15,ERA5
59bada94-d4f3-5493-a722-1249fe089ae0,2023-01-03T20:28:00+00:00,21.35139,72.91062,2023-01-03T20:00:00+00:00,21.25,73.0,14.589230483839774,-1.8955841064453125,-3.487457275390625,3.969332104055174,28.52599618262019,0.4666666666666667,ERA5
7fc9c1e3-5a90-578c-81d9-be0c743342fc,2023-01-03T20:28:00+00:00,21.60351,72.9931,2023-01-03T20:00:00+00:00,21.5,73.0,11.531887263325803,-2.0908966064453125,-3.432769775390625,4.019422464693146,31.345551894500375,0.4666666666666667,ERA5
827fd5cd-03dd-501c-bc78-48ba0abbb9c3,2023-01-03T20:28:00+00:00,21.90588,72.75584,2023-01-03T20:00:00+00:00,22.0,72.75,10.48298295460044,-2.9356231689453125,-3.538238525390625,4.597500979076235,39.681982636980365,0.4666666666666667,ERA5
8d4de349-959b-5092-aa53-9181f70ea2ca,2023-01-03T20:28:00+00:00,21.6839006666667,72.5329966666666,2023-01-03T20:00:00+00:00,21.75,72.5,8.101853671959233,-3.2266387939453125,-5.301910400390625,6.206565217603303,31.323874699060354,0.4666666666666667,ERA5
1fe8d8b5-d741-5606-9ea9-6f266b84172d,2023-01-04T07:41:00+00:00,21.72957,72.7381866666667,2023-01-04T08:00:00+00:00,21.75,72.75,2.578653736799704,-4.1863250732421875,-4.296722412109375,5.998928329758509,44.254401847060535,0.31666666666666665,ERA5
bd27debe-fe1a-5e59-bd47-2511aa9f5b25,2023-01-04T08:32:00+00:00,21.754795,72.655955,2023-01-04T09:00:00+00:00,21.75,72.75,9.727326253489661,-3.937774658203125,-4.5516204833984375,6.018581085578142,40.86429057286432,0.4666666666666667,ERA5
007c3c45-0405-5028-b41d-7875a1b16b40,2023-01-05T08:13:00+00:00,22.008315,72.941275,2023-01-05T08:00:00+00:00,22.0,73.0,6.124453624578756,-3.925689697265625,-1.440673828125,4.1816959093484805,69.84756151635668,0.21666666666666667,ERA5
5e18a55b-d905-5d05-a545-4aec609a2754,2023-01-05T08:13:00+00:00,21.63199,72.89672,2023-01-05T08:00:00+00:00,21.75,73.0,16.91332370986833,-4.012603759765625,-0.901611328125,4.112650230677119,77.33625991036752,0.21666666666666667,ERA5
66fb25be-04bd-5a3c-86ac-d3ad4d4ab332,2023-01-05T08:13:00+00:00,21.837215,72.84507,2023-01-05T08:00:00+00:00,21.75,72.75,13.798454652517126,-4.266510009765625,-1.664306640625,4.579631454326728,68.68993006674856,0.21666666666666667,ERA5
6c6eee2c-314d-5ed6-9cc6-291eaecd5f4d,2023-01-05T08:13:00+00:00,21.51325,72.7412,2023-01-05T08:00:00+00:00,21.5,72.75,1.7319101800611243,-3.238189697265625,-1.933837890625,3.771684173243326,59.15446843350537,0.21666666666666667,ERA5
752752b6-5297-59cb-9b14-639647cc28f1,2023-01-05T08:13:00+00:00,22.00529,72.87985,2023-01-05T08:00:00+00:00,22.0,73.0,12.400968771716535,-3.925689697265625,-1.440673828125,4.1816959093484805,69.84756151635668,0.21666666666666667,ERA5
7b28beb5-ecba-59fc-b298-9c8276b44b41,2023-01-05T08:13:00+00:00,21.89743,72.90402,2023-01-05T08:00:00+00:00,22.0,73.0,15.101949988116274,-3.925689697265625,-1.440673828125,4.1816959093484805,69.84756151635668,0.21666666666666667,ERA5
8d4cc4f6-dfe0-5ccd-81a5-40232eeac415,2023-01-05T08:13:00+00:00,21.871485,72.681065,2023-01-05T08:00:00+00:00,21.75,72.75,15.268424020405543,-4.266510009765625,-1.664306640625,4.579631454326728,68.68993006674856,0.21666666666666667,ERA5
cecf28ec-1481-54df-81b8-bd1c3aa7a119,2023-01-05T08:13:00+00:00,21.896265,72.91826,2023-01-05T08:00:00+00:00,22.0,73.0,14.28712782177659,-3.925689697265625,-1.440673828125,4.1816959093484805,69.84756151635668,0.21666666666666667,ERA5
f404b23e-e98e-59d1-b3f2-66e3f138f20b,2023-01-05T20:42:00+00:00,21.6848014285714,72.5330714285714,2023-01-05T21:00:00+00:00,21.75,72.5,8.014384933289547,-3.464630126953125,-3.497772216796875,4.9232176873653835,44.727265470120756,0.3,ERA5
2d708e47-7234-56f5-818d-0ce578d31117,2023-01-06T07:55:00+00:00,21.7678,72.62977,2023-01-06T08:00:00+00:00,21.75,72.75,12.573218408543559,-2.357421875,0.720977783203125,2.4652072652418107,107.00536956178192,0.08333333333333333,ERA5
853d85d9-403f-5170-9d51-cb874a9ce3eb,2023-01-06T20:23:00+00:00,22.098105,72.6302,2023-01-06T20:00:00+00:00,22.0,72.75,16.475643778774835,-2.5545654296875,-1.7673187255859375,3.1063193674123695,55.323447751377046,0.38333333333333336,ERA5
7fd07e98-6e29-53fd-bc2a-19077b05cafc,2023-01-07T07:36:00+00:00,21.39622,72.9093,2023-01-07T08:00:00+00:00,21.5,73.0,14.875555501568893,-3.1223907470703125,0.30401611328125,3.1371563197464263,95.56115737930892,0.4,ERA5
045cdf5e-72ba-51ab-822d-a737f645f64f,2023-01-07T20:04:00+00:00,21.682847,72.532257,2023-01-07T20:00:00+00:00,21.75,72.5,8.17686004135403,-3.188629150390625,-2.5233917236328125,4.066308110512461,51.642895803234296,0.06666666666666667,ERA5
c3cd95a3-dd7b-5ec4-8b70-14c25ffb08e3,2023-01-08T08:06:00+00:00,21.751826,72.67816,2023-01-08T08:00:00+00:00,21.75,72.75,7.42228736235889,-2.551605224609375,-1.52508544921875,2.972637692298309,59.133387864266524,0.1,ERA5
cada9523-4f42-5a2a-a2f8-3828449cd039,2023-01-08T08:06:00+00:00,21.73709,72.67367,2023-01-08T08:00:00+00:00,21.75,72.75,8.01326473288045,-2.551605224609375,-1.52508544921875,2.972637692298309,59.133387864266524,0.1,ERA5
09c5bf96-cf55-5589-b183-1de2c23718bb,2023-01-08T08:57:00+00:00,21.883995,72.652305,2023-01-08T09:00:00+00:00,22.0,72.75,16.36826295762704,-2.25140380859375,-2.1353912353515625,3.1030170539922457,46.51488314191272,0.05,ERA5
20ab73f4-dd47-57bb-917b-3f6a946aa3d6,2023-01-08T08:57:00+00:00,21.499135,72.98833,2023-01-08T09:00:00+00:00,21.5,73.0,1.2111802639411262,-1.94671630859375,-2.1519927978515625,2.901857575441957,42.13283937504252,0.05,ERA5
78b9faf4-9de1-59ce-b158-5d4744c035a6,2023-01-08T08:57:00+00:00,21.77915,72.61569,2023-01-08T09:00:00+00:00,21.75,72.5,12.379014384425584,-1.73870849609375,-2.3014068603515625,2.884368348748444,37.070977397063075,0.05,ERA5
17f6f6f5-3636-555a-9b3c-160c69a54ab0,2023-01-08T21:26:00+00:00,21.90535,72.75705,2023-01-08T21:00:00+00:00,22.0,72.75,10.549684941024646,-2.0523834228515625,-1.35711669921875,2.460496585995252,56.525753325040796,0.43333333333333335,ERA5
39ce90dc-2902-5a3f-a234-ff38cff8323d,2023-01-09T08:39:00+00:00,22.09786,72.54313,2023-01-09T09:00:00+00:00,22.0,72.5,11.754429207678177,-2.3955841064453125,-2.714874267578125,3.6206857775580645,41.42493303540607,0.35,ERA5
1e11ed86-b0eb-5711-a97a-75fbe7e07e00,2023-01-09T20:16:00+00:00,21.6821514285714,72.5323471428571,2023-01-09T20:00:00+00:00,21.75,72.5,8.251320477753083,-2.456634521484375,-3.20672607421875,4.0395724139100615,37.45529400595376,0.26666666666666666,ERA5
d6dc529b-66ce-5a74-b944-81528c39b9b7,2023-01-09T20:16:00+00:00,21.37861,72.79967,2023-01-09T20:00:00+00:00,21.5,72.75,14.443801667053158,-2.182220458984375,-2.86199951171875,3.59904533684814,37.324834739113044,0.26666666666666666,ERA5
60c9f08e-02da-54e3-8a7a-2ce6b34f63ae,2023-01-10T08:20:00+00:00,21.44707,72.8073,2023-01-10T08:00:00+00:00,21.5,72.75,8.354348341612912,-0.689910888671875,-2.1377105712890625,2.2462821552309555,17.88663053349819,0.3333333333333333,ERA5
e4f4db61-bf18-5f07-8787-05e50ecb305e,2023-01-10T21:37:00+00:00,21.36484,72.84721,2023-01-10T22:00:00+00:00,21.25,72.75,16.262714846904416,-1.766082763671875,-2.852752685546875,3.355181994025629,31.76083051355107,0.38333333333333336,ERA5
b576db13-417d-5da3-b2f5-c0339478253e,2023-01-11T08:01:00+00:00,22.08704,72.65562,2023-01-11T08:00:00+00:00,22.0,72.75,13.72202958211603,1.424652099609375,-1.939300537109375,2.4063499700072954,323.6981917591578,0.016666666666666666,ERA5
3e1d5990-3f92-5315-a21c-a8fef25366f8,2023-01-11T21:18:00+00:00,21.6823822222222,72.5325277777778,2023-01-11T21:00:00+00:00,21.75,72.5,8.235457532312981,2.9715118408203125,-2.592529296875,3.943487133907058,311.10344117025085,0.3,ERA5
eabfadfb-21da-5e71-8a4d-412bc82e91dd,2023-01-12T07:42:00+00:00,21.4122,72.83345,2023-01-12T08:00:00+00:00,21.5,72.75,13.03447556768108,1.75201416015625,1.72747802734375,2.4604336919217036,225.40402262139105,0.3,ERA5
c1b9aae9-a9d3-5627-bf81-6bb5ae2b9d28,2023-01-12T08:31:00+00:00,21.57868,72.83266,2023-01-12T09:00:00+00:00,21.5,72.75,12.232568037144116,2.02410888671875,2.3064117431640625,3.068640075717403,221.27021560824727,0.48333333333333334,ERA5
11a24098-b41a-5bb8-bf1b-3288518277cd,2023-01-13T08:12:00+00:00,22.00392,72.87775,2023-01-13T08:00:00+00:00,22.0,73.0,12.611108248119253,1.473236083984375,-1.00262451171875,1.78204390256045,304.23760923713684,0.2,ERA5
14bbef53-1355-5d67-9f19-a9fef77cae4a,2023-01-13T08:12:00+00:00,21.836495,72.8463875,2023-01-13T08:00:00+00:00,21.75,72.75,13.839811262345599,1.538665771484375,-1.25262451171875,1.9840767433988646,309.1489615698208,0.2,ERA5
2a13cb20-ec66-5627-a790-599db8367a52,2023-01-13T08:12:00+00:00,21.71867,72.74928,2023-01-13T08:00:00+00:00,21.75,72.75,3.4845307549938855,1.538665771484375,-1.25262451171875,1.9840767433988646,309.1489615698208,0.2,ERA5
2b945ff6-c239-5a40-b638-cdbbe0958457,2023-01-13T08:12:00+00:00,22.00779,72.93683,2023-01-13T08:00:00+00:00,22.0,73.0,6.5698837097640315,1.473236083984375,-1.00262451171875,1.78204390256045,304.23760923713684,0.2,ERA5
2ceafa72-e5ca-54f4-a466-440ca6378ff2,2023-01-13T08:12:00+00:00,22.07781,72.8466175,2023-01-13T08:00:00+00:00,22.0,72.75,13.191934683193965,1.437103271484375,-1.52215576171875,2.093376214598007,316.6462930451646,0.2,ERA5
8aa54cd5-da27-52e3-ab43-d981f6852039,2023-01-13T08:12:00+00:00,21.87299,72.68066,2023-01-13T08:00:00+00:00,21.75,72.75,15.436007531190498,1.538665771484375,-1.25262451171875,1.9840767433988646,309.1489615698208,0.2,ERA5
bb060f7f-e436-5612-900e-f608585f1be6,2023-01-13T08:12:00+00:00,22.0037866666667,72.89108,2023-01-13T08:00:00+00:00,22.0,73.0,11.237190619304425,1.473236083984375,-1.00262451171875,1.78204390256045,304.23760923713684,0.2,ERA5
c7dc94b6-f257-5494-ab2b-c886065f8579,2023-01-13T08:12:00+00:00,22.00394,72.94153,2023-01-13T08:00:00+00:00,22.0,73.0,6.043963954931409,1.473236083984375,-1.00262451171875,1.78204390256045,304.23760923713684,0.2,ERA5
e6798210-e741-570c-9241-193ad4fa15a3,2023-01-13T08:12:00+00:00,21.8953633333333,72.9161733333333,2023-01-13T08:00:00+00:00,22.0,73.0,14.495530933629567,1.473236083984375,-1.00262451171875,1.78204390256045,304.23760923713684,0.2,ERA5
f87bb39f-b346-5a0c-a6e3-133ca90ae64d,2023-01-13T08:12:00+00:00,21.98836,72.88863,2023-01-13T08:00:00+00:00,22.0,73.0,11.555227830330807,1.473236083984375,-1.00262451171875,1.78204390256045,304.23760923713684,0.2,ERA5
aa8e867c-1744-54c2-89bf-40f5e96db70a,2023-01-13T09:04:00+00:00,21.46958,72.8337,2023-01-13T09:00:00+00:00,21.5,72.75,9.297457052420459,1.7451019287109375,-0.5065155029296875,1.8171237427040428,286.1853608346814,0.06666666666666667,ERA5
fdb54ef8-e397-5a90-95e8-0c8fe9c3e7b1,2023-01-13T09:04:00+00:00,21.760445,72.620115,2023-01-13T09:00:00+00:00,21.75,72.5,12.459146695916363,0.7880706787109375,-1.4332733154296875,1.6356429290547267,331.19625484032235,0.06666666666666667,ERA5
5458a16f-829e-5547-a8ae-fe7d281ad689,2023-01-13T20:41:00+00:00,21.47508,72.97594,2023-01-13T21:00:00+00:00,21.5,73.0,3.7249775235555718,-0.4510345458984375,-2.22344970703125,2.268735498309832,11.467050927265063,0.31666666666666665,ERA5
7bd0ca35-1f0c-5c21-b965-9d69470ae99e,2023-01-13T21:32:00+00:00,21.6833011111111,72.5326088888889,2023-01-13T22:00:00+00:00,21.75,72.5,8.145737547563046,-0.34454345703125,-4.7927703857421875,4.805138724764391,4.111814891527388,0.4666666666666667,ERA5
56817f18-7070-59b9-a284-8cda2c99cdfb,2023-01-14T07:53:00+00:00,21.72261,72.69061,2023-01-14T08:00:00+00:00,21.75,72.75,6.848775578024457,-1.09320068359375,-2.576507568359375,2.7988352906920015,22.991296123756513,0.11666666666666667,ERA5
7beb203f-b637-5911-8b72-f352036ed81c,2023-01-14T07:53:00+00:00,21.986215,72.754035,2023-01-14T08:00:00+00:00,22.0,72.75,1.5882748906230135,-1.43109130859375,-2.592132568359375,2.960941334353307,28.902663991552288,0.11666666666666667,ERA5
b10c66a3-e414-5f95-8ece-4b23175ee43b,2023-01-14T07:53:00+00:00,21.66186,72.95934,2023-01-14T08:00:00+00:00,21.75,73.0,10.662984110362547,-1.18109130859375,-1.970062255859375,2.2969810559073895,30.94352133060596,0.11666666666666667,ERA5
2b877a20-ab4b-52b9-ac28-39ab4df5cd47,2023-01-14T08:45:00+00:00,21.54518,72.89423,2023-01-14T09:00:00+00:00,21.5,73.0,12.039284957770882,-0.148162841796875,-2.0442657470703125,2.049627935098043,4.145394451711354,0.25,ERA5
8f942dd0-1425-51bf-b518-11722a791b38,2023-01-14T08:45:00+00:00,22.07113,72.67049,2023-01-14T09:00:00+00:00,22.0,72.75,11.389446001741845,-1.099334716796875,-2.6966094970703125,2.9120850947808288,22.17939267589145,0.25,ERA5
c8884f1b-45f8-5ea3-aafe-fbaba9615d0e,2023-01-14T08:45:00+00:00,21.75962,72.63911,2023-01-14T09:00:00+00:00,21.75,72.75,11.502063455983812,-0.776092529296875,-2.7200469970703125,2.8285995263206924,15.924677647827025,0.25,ERA5
e5a8c1f2-b0ce-52c8-9fc6-a3eee40cc4f1,2023-01-15T07:34:00+00:00,21.486112,72.88431,2023-01-15T08:00:00+00:00,21.5,73.0,12.068801202761827,-0.7244110107421875,-2.1583404541015625,2.2766652868385937,18.553469368897538,0.43333333333333335,ERA5
bdf54519-a7ef-59b0-9690-03d02aca5c7c,2023-01-15T08:26:00+00:00,21.70097,72.6794,2023-01-15T08:00:00+00:00,21.75,72.75,9.105331048902475,-1.0515594482421875,-3.0636138916015625,3.2390596397722415,18.944348063393477,0.43333333333333335,ERA5
8bdce943-3ede-508d-a053-9b029baa3b8f,2023-01-16T08:07:00+00:00,21.7949,72.65018,2023-01-16T08:00:00+00:00,21.75,72.75,11.45316572783119,0.00238037109375,-2.7276611328125,2.7276621714615823,359.9499992205469,0.11666666666666667,ERA5
bdf2e0d0-0d83-50f8-b7ca-24ec321b2d15,2023-01-16T08:56:00+00:00,21.57229,72.87972,2023-01-16T09:00:00+00:00,21.5,73.0,14.811732073967566,0.619415283203125,-1.7374725341796875,1.8445829068096649,340.37866391321313,0.06666666666666667,ERA5
0703af0b-675c-50e4-8c65-53ba8328e8ac,2023-01-16T20:36:00+00:00,21.40866,72.980385,2023-01-16T21:00:00+00:00,21.5,73.0,10.357419214760892,-0.5775909423828125,-2.671966552734375,2.733681868040589,12.197773705363147,0.4,ERA5
765f5af0-2a37-5ede-a810-9870f78baa0f,2023-01-16T20:36:00+00:00,21.42436,72.96156,2023-01-16T21:00:00+00:00,21.5,73.0,9.304050518153614,-0.5775909423828125,-2.671966552734375,2.733681868040589,12.197773705363147,0.4,ERA5
ab71d14f-e8e5-5116-90fd-f51e8d09a2eb,2023-01-16T21:25:00+00:00,21.6844633333333,72.53379,2023-01-16T21:00:00+00:00,21.75,72.5,8.080198753291086,-0.6439971923828125,-4.576263427734375,4.621354708720823,8.01037820713998,0.4166666666666667,ERA5
b4724a5b-ea52-5b7d-9da3-b9c5998de955,2023-01-17T07:49:00+00:00,21.76279,72.73113,2023-01-17T08:00:00+00:00,21.75,72.75,2.4125448351988252,-0.4273223876953125,-2.7833404541015625,2.8159525042983087,8.728388093442732,0.18333333333333332,ERA5
7aba8ee9-7b04-5385-82c9-c9cfcd180404,2023-01-17T08:37:00+00:00,21.47234,72.8358,2023-01-17T09:00:00+00:00,21.5,72.75,9.395206822405507,1.1654815673828125,-3.0191650390625,3.2363103709326713,338.89202661550945,0.38333333333333336,ERA5
fb549b6e-5aa3-5709-8ac6-74b241b9c859,2023-01-17T08:37:00+00:00,22.08465,72.68626,2023-01-17T09:00:00+00:00,22.0,72.75,11.478522152432097,-0.6333465576171875,-2.9869384765625,3.053347232925703,11.97160844432824,0.38333333333333336,ERA5
d3969127-8698-559a-955d-0cf4b5b5e5ec,2023-01-18T07:30:00+00:00,21.90655,72.7555,2023-01-18T07:00:00+00:00,22.0,72.75,10.406636073083437,-2.1403350830078125,-1.66729736328125,2.713100581467386,52.081803524009956,0.5,ERA5
3fa82252-9179-5ec8-be28-e4ee6e70d43f,2023-01-18T08:18:00+00:00,21.56538,72.93382,2023-01-18T08:00:00+00:00,21.5,73.0,9.985479844018757,-1.546478271484375,-0.4608612060546875,1.613687731693924,73.40557996858547,0.3,ERA5
74870e3e-d95d-5f4b-b761-838844a32d64,2023-01-18T08:18:00+00:00,21.79298,72.64732,2023-01-18T08:00:00+00:00,21.75,72.75,11.630385845027176,-1.519134521484375,-1.4481658935546875,2.098798263202209,46.37007624495618,0.3,ERA5
dc453d3e-d3a6-59e0-bc43-204d4b488ba7,2023-01-18T08:18:00+00:00,21.38924,72.9163,2023-01-18T08:00:00+00:00,21.5,73.0,15.057390967006949,-1.546478271484375,-0.4608612060546875,1.613687731693924,73.40557996858547,0.3,ERA5
82509c0e-88c2-5507-9e02-1e426feb7469,2023-01-18T20:47:00+00:00,21.78745,72.99504,2023-01-18T21:00:00+00:00,21.75,73.0,4.195631466652272,-1.1684417724609375,-1.8775634765625,2.211447667061809,31.894752618023404,0.21666666666666667,ERA5
f8baf306-a919-5daf-a826-9e6d9d5cf9d2,2023-01-18T20:47:00+00:00,21.6326,72.8584,2023-01-18T21:00:00+00:00,21.75,72.75,17.20041743651219,-1.2250823974609375,-2.7291259765625,2.9914804823894237,24.17492297054008,0.21666666666666667,ERA5
409c2a1e-2f02-5efe-bec5-8cd53755c80b,2023-01-19T07:59:00+00:00,21.78373,72.82577,2023-01-19T08:00:00+00:00,21.75,72.75,8.67699281792802,-0.4286041259765625,-0.6573638916015625,0.7847475917680052,33.1045258546186,0.016666666666666666,ERA5
0d968525-d131-5518-bd33-a225c2dfdb5a,2023-01-19T08:51:00+00:00,21.51701,72.70897,2023-01-19T09:00:00+00:00,21.5,72.75,4.646967229786725,1.613616943359375,-0.34149169921875,1.6493563049055717,281.9492633384843,0.15,ERA5
286a611f-6129-5e35-a362-12dc509a859f,2023-01-19T08:51:00+00:00,21.42262,72.86494,2023-01-19T09:00:00+00:00,21.5,72.75,14.68041485519088,1.613616943359375,-0.34149169921875,1.6493563049055717,281.9492633384843,0.15,ERA5
afc46904-182b-55aa-9f6b-1f06730b5644,2023-01-19T08:51:00+00:00,21.84232,72.67659,2023-01-19T09:00:00+00:00,21.75,72.75,12.760331343230897,-0.011383056640625,-0.37078857421875,0.3709632606467346,1.7584045798731722,0.15,ERA5
62540a22-c391-551f-810e-c40f6b9d1a31,2023-01-20T07:41:00+00:00,21.35143,72.79367,2023-01-20T08:00:00+00:00,21.25,72.75,12.15206235486569,1.54119873046875,0.0844268798828125,1.5435094508441578,266.8644706102909,0.31666666666666665,ERA5
942e5f19-4eba-5e3c-b3a4-ba3e71769567,2023-01-20T07:41:00+00:00,21.48541,72.85628,2023-01-20T08:00:00+00:00,21.5,72.75,11.115070605026713,1.58319091796875,0.4770050048828125,1.6534894185999454,253.2327914969537,0.31666666666666665,ERA5
fc06ee57-a0c2-5b61-909f-fdc2b2ad664a,2023-01-20T08:32:00+00:00,21.72057,72.71316,2023-01-20T09:00:00+00:00,21.75,72.75,5.0188114988335615,1.717132568359375,-0.017852783203125,1.7172253722760333,270.5956746118832,0.4666666666666667,ERA5
2db2eb89-fea8-5961-876d-e6e9691fb35e,2023-01-21T08:14:00+00:00,21.895615,72.9181683333333,2023-01-21T08:00:00+00:00,22.0,73.0,14.351113468520914,0.9456634521484375,-1.0047149658203125,1.3797577784787487,316.73421177977593,0.23333333333333334,ERA5
31f699c3-1d67-5dce-a776-af0fe6deb70f,2023-01-21T08:14:00+00:00,22.00339,72.88015,2023-01-21T08:00:00+00:00,22.0,73.0,12.361912651590616,0.9456634521484375,-1.0047149658203125,1.3797577784787487,316.73421177977593,0.23333333333333334,ERA5
6b8b49ce-2fcf-508f-8718-a3aeedf6def7,2023-01-21T08:14:00+00:00,21.87295,72.68275,2023-01-21T08:00:00+00:00,21.75,72.75,15.333176808248407,1.1478118896484375,-1.6912384033203125,2.043956817274709,325.8359950042326,0.23333333333333334,ERA5
7082be1a-6a4c-5545-bd73-82c8d75174fb,2023-01-21T08:14:00+00:00,22.00528,72.8918,2023-01-21T08:00:00+00:00,22.0,73.0,11.170450551342338,0.9456634521484375,-1.0047149658203125,1.3797577784787487,316.73421177977593,0.23333333333333334,ERA5
8ac04fa0-5c08-5c0d-aa19-2fe0cafc8440,2023-01-21T08:14:00+00:00,21.9882533333333,72.8869866666667,2023-01-21T08:00:00+00:00,22.0,73.0,11.724928243960283,0.9456634521484375,-1.0047149658203125,1.3797577784787487,316.73421177977593,0.23333333333333334,ERA5
a5e850be-fe9e-507a-8726-cb9680e8124b,2023-01-21T08:14:00+00:00,21.7424875,72.729915,2023-01-21T08:00:00+00:00,21.75,72.75,2.2362903258438296,1.1478118896484375,-1.6912384033203125,2.043956817274709,325.8359950042326,0.23333333333333334,ERA5
bb7505dd-b701-57f8-a39b-e9e1646d0105,2023-01-21T08:14:00+00:00,21.71309,72.66817,2023-01-21T08:00:00+00:00,21.75,72.75,9.396144790523126,1.1478118896484375,-1.6912384033203125,2.043956817274709,325.8359950042326,0.23333333333333334,ERA5
e2c5049d-e648-545a-8932-4d3039fb7f51,2023-01-21T08:14:00+00:00,21.89784,72.89974,2023-01-21T08:00:00+00:00,22.0,73.0,15.361143991728179,0.9456634521484375,-1.0047149658203125,1.3797577784787487,316.73421177977593,0.23333333333333334,ERA5
e6ac596b-4473-5265-a7f7-661e59287f8d,2023-01-21T08:14:00+00:00,22.007455,72.93736,2023-01-21T08:00:00+00:00,22.0,73.0,6.510884318134998,0.9456634521484375,-1.0047149658203125,1.3797577784787487,316.73421177977593,0.23333333333333334,ERA5
f628da48-93ae-5b95-9ed0-f37b3649e6ff,2023-01-21T08:14:00+00:00,21.83694,72.84698,2023-01-21T08:00:00+00:00,21.75,72.75,13.91817712136357,1.1478118896484375,-1.6912384033203125,2.043956817274709,325.8359950042326,0.23333333333333334,ERA5
b78d717e-85be-5852-8fe9-555933cd6569,2023-01-21T19:50:00+00:00,21.6952175,72.6014925,2023-01-21T20:00:00+00:00,21.75,72.5,12.125252143382342,1.634246826171875,-4.7125701904296875,4.987893391861874,340.87424111222026,0.16666666666666666,ERA5
8427da77-cf50-5f9b-a739-ec5aa764e88f,2023-01-21T20:42:00+00:00,21.906075,72.75474,2023-01-21T21:00:00+00:00,22.0,72.75,10.455417839839535,0.9272003173828125,-2.880889892578125,3.0264214844785893,342.15948277667525,0.3,ERA5
41d48a36-45c1-5547-b32b-9918e8f6159a,2023-01-21T20:43:00+00:00,21.3517,72.84698,2023-01-21T21:00:00+00:00,21.25,72.75,15.126962578815608,0.6498565673828125,-4.656280517578125,4.701410619861679,352.0548020976202,0.2833333333333333,ERA5
1b07c095-89f7-58b6-9a17-621187e26d49,2023-01-22T07:55:00+00:00,22.08518,72.68188,2023-01-22T08:00:00+00:00,22.0,72.75,11.790012859947803,0.8531646728515625,-1.820892333984375,2.0108552536085185,334.89493301323,0.08333333333333333,ERA5
c4b07a2b-a911-52d9-8f27-9341d29dfc84,2023-01-22T07:55:00+00:00,21.70687,72.72372,2023-01-22T08:00:00+00:00,21.75,72.75,5.510805999033168,0.8570709228515625,-1.958587646484375,2.137904613344298,336.36598598942993,0.08333333333333333,ERA5
cceaa398-b1d7-5366-afc4-3b1f846a7199,2023-01-22T07:55:00+00:00,21.72483,72.72026,2023-01-22T08:00:00+00:00,21.75,72.75,4.155599199659349,0.8570709228515625,-1.958587646484375,2.137904613344298,336.36598598942993,0.08333333333333333,ERA5
32c07493-f708-5024-af22-acbabf21a81f,2023-01-22T08:43:00+00:00,21.52874,72.79876,2023-01-22T09:00:00+00:00,21.5,72.75,5.971240034177561,1.765655517578125,-2.0712738037109375,2.721711699775208,319.55409658695874,0.2833333333333333,ERA5
487f8a20-c957-5d25-9150-3a23e80bf843,2023-01-22T08:43:00+00:00,21.58982,72.88021,2023-01-22T09:00:00+00:00,21.5,73.0,15.913740488788259,1.509796142578125,-1.5263519287109375,2.1469128073639565,315.3124245748754,0.2833333333333333,ERA5
776dc3c0-6ff7-5489-8057-2c5cbdc0b2a2,2023-01-23T07:36:00+00:00,21.50873,72.87018,2023-01-23T08:00:00+00:00,21.5,72.75,12.47101230655417,2.3477783203125,-2.9677886962890625,3.784155491936149,321.6529457362374,0.4,ERA5
7a9b5e02-c44f-5211-9923-1ccb75e06ecf,2023-01-23T20:53:00+00:00,21.77784,72.90156,2023-01-23T21:00:00+00:00,21.75,73.0,10.626685091038517,1.57391357421875,-2.11456298828125,2.63601604140016,323.33891670082846,0.11666666666666667,ERA5
5802dec6-2bef-5b2e-a3d0-b03dd2238c93,2023-01-23T21:45:00+00:00,21.7930566666667,72.6495266666667,2023-01-23T22:00:00+00:00,21.75,72.75,11.426595653035463,1.980133056640625,-2.9599761962890625,3.561233775617491,326.2186945229303,0.25,ERA5
11f9599d-9041-5cdf-8ed8-b5ec7b9b8ded,2023-01-24T08:06:00+00:00,21.57076,72.86477,2023-01-24T08:00:00+00:00,21.5,72.75,14.241744416543632,2.1154022216796875,-2.220245361328125,3.0666620328928347,316.3852368822537,0.1,ERA5
1bb005bb-1ab5-535e-b9b3-b0b41e74f4dc,2023-01-24T08:06:00+00:00,21.82341,72.91341,2023-01-24T08:00:00+00:00,21.75,73.0,12.106466429258862,2.0226287841796875,-1.068878173828125,2.2876904836708896,297.8546551068064,0.1,ERA5
8b6853b1-a40a-503e-8943-2bfa56b579de,2023-01-24T08:58:00+00:00,21.76387,72.71995,2023-01-24T09:00:00+00:00,21.75,72.75,3.465484628376694,2.3601531982421875,-1.7051544189453125,2.911679019332583,305.8472137746966,0.03333333333333333,ERA5
d1dc3835-51fb-5522-af62-0ef0f770e36a,2023-01-24T08:58:00+00:00,21.711855,72.78166,2023-01-24T09:00:00+00:00,21.75,72.75,5.355845249252657,2.3601531982421875,-1.7051544189453125,2.911679019332583,305.8472137746966,0.03333333333333333,ERA5
966e69aa-d192-5272-9d69-efc001aefd5f,2023-01-24T20:35:00+00:00,21.56265,72.91698,2023-01-24T21:00:00+00:00,21.5,73.0,11.057591779029492,0.63226318359375,-3.0221710205078125,3.0876001053448188,348.18367434307794,0.4166666666666667,ERA5
ae60a86c-344d-52cc-af89-4329d110ef98,2023-01-24T20:35:00+00:00,21.53903,72.85766,2023-01-24T21:00:00+00:00,21.5,72.75,11.952511288679991,1.27288818359375,-4.9137725830078125,5.075963487403339,345.47704887704094,0.4166666666666667,ERA5
c898b776-1235-5599-8bb4-5358bcffbf0f,2023-01-24T20:35:00+00:00,21.37984,72.9612,2023-01-24T21:00:00+00:00,21.5,73.0,13.951629192075494,0.63226318359375,-3.0221710205078125,3.0876001053448188,348.18367434307794,0.4166666666666667,ERA5
9405264f-353f-5ad7-a6b1-e1d39b3af239,2023-01-25T07:47:00+00:00,21.75963,72.6706025,2023-01-25T08:00:00+00:00,21.75,72.75,8.269434568659653,0.367889404296875,-4.5880889892578125,4.602814702672994,355.4156273760369,0.21666666666666667,ERA5
ffef2904-8db4-5c9a-9fdf-16b830855fb9,2023-01-25T07:47:00+00:00,22.0437133333333,72.5445733333333,2023-01-25T08:00:00+00:00,22.0,72.5,6.688636328547603,0.118865966796875,-5.2052764892578125,5.206633504259993,358.69183994593584,0.21666666666666667,ERA5
09ba9899-38e9-5806-bb63-36b3b3c06a04,2023-01-25T08:39:00+00:00,21.683215,72.95203,2023-01-25T09:00:00+00:00,21.75,73.0,8.927717322153326,0.323089599609375,-3.745208740234375,3.759118965569419,355.06944633012705,0.35,ERA5
400e59a8-7439-5222-a6f7-6e032b652b9b,2023-01-25T08:39:00+00:00,21.43301,72.86276,2023-01-25T09:00:00+00:00,21.5,72.75,13.843499174641254,1.292816162109375,-4.873138427734375,5.04171119411581,345.1420149365111,0.35,ERA5
f24b158c-324d-57ef-beb6-a09a59f484f0,2023-01-25T21:07:00+00:00,22.02886,72.81147,2023-01-25T21:00:00+00:00,22.0,72.75,7.103043915303425,0.89239501953125,-4.1156005859375,4.211239372661363,347.7658146890168,0.11666666666666667,ERA5
7505f5f1-24b8-519c-8d8f-450780aa55d9,2023-01-26T08:20:00+00:00,21.49747,72.95181,2023-01-26T08:00:00+00:00,21.5,73.0,4.993601249379927,-1.0730438232421875,-2.8175048828125,3.014922355761503,20.849283576960033,0.3333333333333333,ERA5
e2853cc1-b283-53fb-896c-493921f6d1c0,2023-01-26T08:20:00+00:00,21.55627,72.89219,2023-01-26T08:00:00+00:00,21.5,73.0,12.787017925263697,-1.0730438232421875,-2.8175048828125,3.014922355761503,20.849283576960033,0.3333333333333333,ERA5
0bc28d85-7aec-55ad-9b85-08fc4b9de34d,2023-01-26T20:49:00+00:00,21.68693,72.53511,2023-01-26T21:00:00+00:00,21.75,72.5,7.895416439521273,-1.85284423828125,-5.717010498046875,6.009762125584523,17.95715693587431,0.18333333333333332,ERA5
3542465f-cff7-594b-9832-e320f0da65a0,2023-01-27T08:01:00+00:00,21.46984,72.83602,2023-01-27T08:00:00+00:00,21.5,72.75,9.511214748711089,-1.628570556640625,-3.529449462890625,3.8870625887751893,24.769705308664925,0.016666666666666666,ERA5
6474146a-0534-540d-8d7d-350e39735de6,2023-01-28T21:00:00+00:00,21.90861,72.6813,2023-01-28T21:00:00+00:00,22.0,72.75,12.38819218232151,-0.100921630859375,-0.1246795654296875,0.16040626425128066,38.98837161615768,0.0,ERA5
54630b30-6612-5a1d-869f-fbd0712b1199,2023-01-29T08:12:00+00:00,22.00241,72.89261,2023-01-29T08:00:00+00:00,22.0,73.0,11.074857665404046,2.9030303955078125,2.3903961181640625,3.760529095616209,230.53147775269946,0.2,ERA5
703b7df2-145d-59fd-9ccb-4dc1ea1bfe52,2023-01-29T08:12:00+00:00,21.99041,72.88287,2023-01-29T08:00:00+00:00,22.0,73.0,12.123282522365137,2.9030303955078125,2.3903961181640625,3.760529095616209,230.53147775269946,0.2,ERA5
e7140fa9-9671-5031-bdfc-b666564926f0,2023-01-29T08:12:00+00:00,21.89796,72.89965,2023-01-29T08:00:00+00:00,22.0,73.0,15.357529976817586,2.9030303955078125,2.3903961181640625,3.760529095616209,230.53147775269946,0.2,ERA5
f74b1930-8de4-5c87-b8d8-2076d090d02a,2023-01-29T20:41:00+00:00,21.56807,72.79839,2023-01-29T21:00:00+00:00,21.5,72.75,9.074240043565322,-1.1984100341796875,-1.842987060546875,2.198360278790938,33.03410416381797,0.31666666666666665,ERA5
b94e0bff-fe67-58ad-9501-b8075ef5f8e1,2023-01-30T07:53:00+00:00,21.3989,72.78696,2023-01-30T08:00:00+00:00,21.5,72.75,11.874754659978358,1.1759185791015625,-3.4395599365234375,3.6350181652384284,341.1254405161927,0.11666666666666667,ERA5
e53af563-b0c7-5a25-bff6-c265db0241c2,2023-01-30T08:45:00+00:00,22.05387,72.74308,2023-01-30T09:00:00+00:00,22.0,72.75,6.032391637388755,0.42364501953125,-3.4966583251953125,3.522228633369975,353.09187913772905,0.25,ERA5
04aa6567-5e2c-50b0-8cc8-941395cfdae5,2023-01-31T08:26:00+00:00,21.854735,72.65323,2023-01-31T08:00:00+00:00,21.75,72.75,15.344132624616003,-3.16436767578125,-4.591094970703125,5.575964115518029,34.57617683724499,0.43333333333333335,ERA5
74c5c5bd-5468-5105-b380-96a218ac9694,2023-01-31T09:15:00+00:00,21.85054,72.65774,2023-01-31T09:00:00+00:00,21.75,72.75,14.687101697287238,-2.6471405029296875,-4.49932861328125,5.220278806016228,30.470053799948175,0.25,ERA5
4074802a-7b10-52c6-a055-11582761756e,2023-01-31T20:55:00+00:00,21.68148,72.53374,2023-01-31T21:00:00+00:00,21.75,72.5,8.378470123417424,-3.6841888427734375,-5.5586090087890625,6.668686642946061,33.53600759382937,0.08333333333333333,ERA5
0c26f4b8-aff1-59d7-a983-0b46cf3a8ff1,2023-02-01T08:07:00+00:00,21.98097,72.771,2023-02-01T08:00:00+00:00,22.0,72.75,3.0274974402334673,-2.6731414794921875,-3.4602813720703125,4.372554464300986,37.68685482606031,0.11666666666666667,ERA5
c3adb276-ebbf-5f83-b91b-30dbc87a22be,2023-02-01T08:07:00+00:00,21.49678,72.85101,2023-02-01T08:00:00+00:00,21.5,72.75,10.456510956771972,-1.3176727294921875,-3.6761016845703125,3.905122919620851,19.719860178394015,0.11666666666666667,ERA5
ec5042b4-eb65-5bb9-8227-ec58c35fafdc,2023-02-01T08:07:00+00:00,21.49918,72.95161,2023-02-01T08:00:00+00:00,21.5,73.0,5.007163090011934,-2.5491180419921875,-2.2005157470703125,3.367532085239055,49.1977321844621,0.11666666666666667,ERA5
0713716b-547b-581f-8fb5-dda218861174,2023-02-01T20:36:00+00:00,21.48194,72.96504,2023-02-01T21:00:00+00:00,21.5,73.0,4.137178399987563,-1.958740234375,-2.4727935791015625,3.1545794316525533,38.383320501039634,0.4,ERA5
2f354b9d-ed8a-5b6e-99ff-ece1468fbdb6,2023-02-01T20:36:00+00:00,21.58304,72.98816,2023-02-01T21:00:00+00:00,21.5,73.0,9.314476950655639,-1.958740234375,-2.4727935791015625,3.1545794316525533,38.383320501039634,0.4,ERA5
471c3aea-6e4b-5391-b56b-5f8330eff5c9,2023-02-02T07:49:00+00:00,22.0230125,72.7703075,2023-02-02T08:00:00+00:00,22.0,72.75,3.306139128491056,-3.1546630859375,-1.8951568603515625,3.680151995653753,59.00475025256753,0.18333333333333332,ERA5
13177769-0995-55f2-a60f-260b81c94240,2023-02-02T08:37:00+00:00,21.4985,72.90031,2023-02-02T09:00:00+00:00,21.5,73.0,10.31510101723103,-3.068389892578125,-1.2823638916015625,3.3255786990175262,67.31861858104116,0.38333333333333336,ERA5
5631fee7-7031-58be-ab8e-d2fedd8e96b6,2023-02-02T08:37:00+00:00,21.48386,72.87656,2023-02-02T09:00:00+00:00,21.5,73.0,12.89700854466003,-3.068389892578125,-1.2823638916015625,3.3255786990175262,67.31861858104116,0.38333333333333336,ERA5
5a5698e1-68f3-58c4-bb3b-b663a5ffeb28,2023-02-02T08:37:00+00:00,21.74918,72.68526,2023-02-02T09:00:00+00:00,21.75,72.75,6.68691735211854,-3.000030517578125,-1.9308013916015625,3.5676570911749077,57.23491387371422,0.38333333333333336,ERA5
656309a5-8133-5b02-b1d2-c975aaaac121,2023-02-02T08:37:00+00:00,21.50242,72.83791,2023-02-02T09:00:00+00:00,21.5,72.75,9.098871741937213,-1.564483642578125,-2.3233795166015625,2.801017930335011,33.95496517894475,0.38333333333333336,ERA5
ee1abfb8-8858-57fc-8406-857a473c3fe3,2023-02-02T08:37:00+00:00,21.51644,72.82566,2023-02-02T09:00:00+00:00,21.5,72.75,8.037804821116158,-1.564483642578125,-2.3233795166015625,2.801017930335011,33.95496517894475,0.38333333333333336,ERA5
a1e6cb85-8a10-572b-a736-0270d5b51ddd,2023-02-03T07:30:00+00:00,21.545095,72.943495,2023-02-03T07:00:00+00:00,21.5,73.0,7.70111977479174,-2.2965087890625,-0.1952972412109375,2.3047979587516805,85.13920884333112,0.5,ERA5
84f844ad-f8eb-5d16-9fbb-5dedcf4519c4,2023-02-03T08:18:00+00:00,21.72125,72.71183,2023-02-03T08:00:00+00:00,21.75,72.75,5.075783684880057,-1.47662353515625,-0.98712158203125,1.7761830092333444,56.237305982774615,0.3,ERA5
79b82310-524e-5d2d-b184-c364fd9e10ae,2023-02-03T09:10:00+00:00,21.35619,72.972795,2023-02-03T09:00:00+00:00,21.25,73.0,12.139482710268632,-0.91815185546875,-0.9329833984375,1.3089923038202689,44.54094838240087,0.16666666666666666,ERA5
89fff054-8988-5ba0-a0a7-5781627907a5,2023-02-03T19:58:00+00:00,21.6927975,72.6605725,2023-02-03T20:00:00+00:00,21.75,72.75,11.215826388747347,-1.6009368896484375,-2.388580322265625,2.8754677672600977,33.83182001011579,0.03333333333333333,ERA5
206a7d56-71d3-568b-b227-4d1a7ec20327,2023-02-04T07:59:00+00:00,21.50888,72.889155,2023-02-04T08:00:00+00:00,21.5,73.0,11.509852256614563,-1.0829315185546875,-1.59033203125,1.9240313520051882,34.25278101514624,0.016666666666666666,ERA5
50146fff-fca8-5dc4-9282-cf0304bc0586,2023-02-04T07:59:00+00:00,21.5638,72.9408266666667,2023-02-04T08:00:00+00:00,21.5,73.0,9.3696241076482,-1.0829315185546875,-1.59033203125,1.9240313520051882,34.25278101514624,0.016666666666666666,ERA5
75d64e75-c25f-505a-b6f0-2c7440f9d033,2023-02-04T08:51:00+00:00,21.383295,72.83653,2023-02-04T09:00:00+00:00,21.5,72.75,15.767327974362933,0.44659423828125,-2.1750640869140625,2.220439189856213,348.39702488637636,0.15,ERA5
fbc2e49e-f9d9-55ab-ac99-7290fc59b655,2023-02-04T08:51:00+00:00,21.51433,72.87807,2023-02-04T09:00:00+00:00,21.5,73.0,12.714221033473777,-0.72918701171875,-1.6320953369140625,1.7875818545834334,24.074120659217044,0.15,ERA5
2237e463-f8b8-56e8-a258-966a5f82009f,2023-02-05T07:41:00+00:00,21.7411225,72.6092825,2023-02-05T08:00:00+00:00,21.75,72.5,11.330010200185562,-0.538665771484375,-1.803497314453125,1.8822229880140373,16.62975148119989,0.31666666666666665,ERA5
5c011733-421e-560e-99fa-b196b511f826,2023-02-05T07:41:00+00:00,21.73465,72.73579,2023-02-05T08:00:00+00:00,21.75,72.75,2.2510820342840825,-0.918548583984375,-1.185333251953125,1.4995820815565486,37.77312677649638,0.31666666666666665,ERA5
755cb384-5218-5e51-8668-07089c5343d0,2023-02-05T07:41:00+00:00,21.98032,72.78304,2023-02-05T08:00:00+00:00,22.0,72.75,4.048906432469765,-1.052337646484375,-1.189239501953125,1.5879877566322702,41.50506445239944,0.31666666666666665,ERA5
ff8146f7-2a94-572a-80d3-94787490b6d7,2023-02-05T07:41:00+00:00,22.0332033333333,72.7529433333333,2023-02-05T08:00:00+00:00,22.0,72.75,3.704488814442508,-1.052337646484375,-1.189239501953125,1.5879877566322702,41.50506445239944,0.31666666666666665,ERA5
714bc233-858d-5ea7-8a10-789aa2eed3b4,2023-02-05T08:33:00+00:00,21.71656,72.69956,2023-02-05T09:00:00+00:00,21.75,72.75,6.400799178416314,-0.414703369140625,-1.2288818359375,1.2969693331276981,18.647686559202384,0.45,ERA5
87131702-8e5b-54e3-bf68-cbeabc4f3e6c,2023-02-05T21:01:00+00:00,21.74843,72.607355,2023-02-05T21:00:00+00:00,21.75,72.5,11.088942057167806,1.117431640625,-2.1520538330078125,2.424868897823859,332.5598720785998,0.016666666666666666,ERA5
670e8394-4d2b-5e78-9975-627d374450e1,2023-02-06T07:22:00+00:00,21.717045,72.762075,2023-02-06T07:00:00+00:00,21.75,72.75,3.870870153599764,0.7416229248046875,-3.2779083251953125,3.360756990765711,347.25152984800275,0.36666666666666664,ERA5
215ed899-3078-5261-90ba-a624affddc53,2023-02-06T08:14:00+00:00,21.89816,72.90077,2023-02-06T08:00:00+00:00,22.0,73.0,15.263412428081773,1.0539398193359375,-2.5605621337890625,2.768983131724761,337.62769615832,0.23333333333333334,ERA5
61773197-a3a1-5556-b5ab-feb20b6c570c,2023-02-07T07:55:00+00:00,21.494915,72.859715,2023-02-07T08:00:00+00:00,21.5,72.75,11.365135124887,0.4790191650390625,-2.39715576171875,2.4445480372486283,348.69953624484975,0.08333333333333333,ERA5
6489f464-8386-5376-b1bb-5f5ad415ad37,2023-02-07T07:55:00+00:00,21.83943,72.8227,2023-02-07T08:00:00+00:00,21.75,72.75,12.45901009056748,-1.0346527099609375,-2.98309326171875,3.1574280100013876,19.128534098380896,0.08333333333333333,ERA5
deba6a2f-5e1d-56de-a125-0015527dd933,2023-02-07T07:55:00+00:00,21.479,72.75379,2023-02-07T08:00:00+00:00,21.5,72.75,2.3677900618103833,0.4790191650390625,-2.39715576171875,2.4445480372486283,348.69953624484975,0.08333333333333333,ERA5
404203e3-07a1-5875-862b-97c8eab29171,2023-02-07T08:43:00+00:00,21.42721,72.7096366666667,2023-02-07T09:00:00+00:00,21.5,72.75,9.108112604143153,0.8404541015625,-2.244293212890625,2.39650059926138,339.4698295427115,0.2833333333333333,ERA5
70c26393-3715-5903-97ac-40aa2f19a480,2023-02-07T08:43:00+00:00,21.62119,72.925025,2023-02-07T09:00:00+00:00,21.5,73.0,15.547079185082513,-0.1683349609375,-2.608551025390625,2.613976876550424,3.692290378196617,0.2833333333333333,ERA5
147c670d-3342-5205-93ed-8947bbee21e0,2023-02-08T07:36:00+00:00,21.72677,72.66948,2023-02-08T08:00:00+00:00,21.75,72.75,8.708589039747709,-1.473876953125,-2.6253509521484375,3.0107774568871313,29.309935995799265,0.4,ERA5
2c7288f7-bd67-51b3-871b-eb0044861a8e,2023-02-08T07:36:00+00:00,21.617725,72.828705,2023-02-08T08:00:00+00:00,21.5,72.75,15.414538104614897,-0.021728515625,-2.4905853271484375,2.4906801079621514,0.4998506345877445,0.4,ERA5
bd2407e7-4fa3-5f2e-af3f-cfe16cc4319b,2023-02-08T07:36:00+00:00,22.09622,72.57086,2023-02-08T08:00:00+00:00,22.0,72.5,12.954031454464898,-1.715087890625,-2.9886322021484375,3.445787125213502,29.850243119280435,0.4,ERA5
653ab11a-7c66-5cc6-857f-e474b75e23bb,2023-02-08T08:24:00+00:00,21.44031,72.72939,2023-02-08T08:00:00+00:00,21.5,72.75,6.971453908502263,-0.021728515625,-2.4905853271484375,2.4906801079621514,0.4998506345877445,0.4,ERA5
770aee7b-afac-5759-a011-c22b3d8d8268,2023-02-08T08:24:00+00:00,21.38459,72.98288,2023-02-08T08:00:00+00:00,21.5,73.0,12.954754948493996,-0.968017578125,-1.9710540771484375,2.195930829193504,26.156425723935968,0.4,ERA5
9b553d8c-3d60-591a-88b6-80ea187a2364,2023-02-08T08:24:00+00:00,21.49399,72.91815,2023-02-08T08:00:00+00:00,21.5,73.0,8.49451701511393,-0.968017578125,-1.9710540771484375,2.195930829193504,26.156425723935968,0.4,ERA5
d1809578-a677-541d-b9a9-f2a99248e0e1,2023-02-08T20:53:00+00:00,21.59236,72.9996,2023-02-08T21:00:00+00:00,21.5,73.0,10.27004674864863,-1.983062744140625,-1.5742340087890625,2.5319460029050043,51.55605710337841,0.11666666666666667,ERA5
5b5ef62c-68fb-5016-80be-c754c649764a,2023-02-09T08:58:00+00:00,21.39667,72.83685,2023-02-09T09:00:00+00:00,21.5,72.75,14.587932657795989,1.9680938720703125,-0.99407958984375,2.204900841358775,296.79823348056186,0.03333333333333333,ERA5
9d489a12-95a3-519f-bac3-02e022f977c9,2023-02-09T08:58:00+00:00,21.72003,72.69003,2023-02-09T09:00:00+00:00,21.75,72.75,7.033830194755565,0.9710235595703125,-1.15130615234375,1.5061183916495975,319.8553689620146,0.03333333333333333,ERA5
ea8111f2-6f3b-5098-a303-f47e1214fe2f,2023-02-09T08:58:00+00:00,21.71131,72.70767,2023-02-09T09:00:00+00:00,21.75,72.75,6.134010583832733,0.9710235595703125,-1.15130615234375,1.5061183916495975,319.8553689620146,0.03333333333333333,ERA5
b9944ca4-6abb-5f9d-9f2b-96bb544498e4,2023-02-09T21:26:00+00:00,21.905795,72.756025,2023-02-09T21:00:00+00:00,22.0,72.75,10.493531436292095,2.4104156494140625,0.4672088623046875,2.4552775248342615,259.03043144735807,0.43333333333333335,ERA5
56ecd667-6052-5be7-b9b6-774b93e49805,2023-02-10T07:47:00+00:00,21.79711375,72.60426125,2023-02-10T08:00:00+00:00,21.75,72.5,11.97316300050838,0.5904083251953125,0.60174560546875,0.8430182466357928,224.45513854134504,0.21666666666666667,ERA5
e59f3867-ac35-5057-82a3-2ed7fb23659d,2023-02-10T07:47:00+00:00,21.3589,72.71238,2023-02-10T08:00:00+00:00,21.25,72.75,12.720842123766749,1.9351348876953125,-0.03399658203125,1.9354334917959226,271.0064726359757,0.21666666666666667,ERA5
e5feda21-dee6-5818-824c-db6a2fab07ff,2023-02-10T07:47:00+00:00,21.8159,72.66235,2023-02-10T08:00:00+00:00,21.75,72.75,11.644917233839502,1.6626739501953125,0.21209716796875,1.6761473304332315,262.73038913498897,0.21666666666666667,ERA5
78cfce10-4404-531e-a6e8-5445306a24bd,2023-02-10T08:39:00+00:00,22.04022,72.74368,2023-02-10T09:00:00+00:00,22.0,72.75,4.519462954589422,1.76141357421875,-0.04547119140625,1.7620003997417184,271.4787718687084,0.35,ERA5
c15cff6b-7c87-5fda-953b-42892605d871,2023-02-10T08:39:00+00:00,22.05196,72.73793,2023-02-10T09:00:00+00:00,22.0,72.75,5.910129704791043,1.76141357421875,-0.04547119140625,1.7620003997417184,271.4787718687084,0.35,ERA5
e520b7c9-895f-520d-ab7b-602d58fe157b,2023-02-10T08:39:00+00:00,21.80255,72.60294,2023-02-10T09:00:00+00:00,21.75,72.5,12.129803555525703,0.57586669921875,0.96917724609375,1.1273539770697416,210.71797670133503,0.35,ERA5
ec14b270-6ca7-5a79-bb8e-1e80487b67b8,2023-02-10T08:39:00+00:00,22.08337,72.64565,2023-02-10T09:00:00+00:00,22.0,72.75,14.198998125180626,1.76141357421875,-0.04547119140625,1.7620003997417184,271.4787718687084,0.35,ERA5
3449e1c1-185d-52ba-9d51-d65025c2c97b,2023-02-11T08:20:00+00:00,21.46939,72.92574,2023-02-11T08:00:00+00:00,21.5,73.0,8.403712360044628,1.2302703857421875,-2.36090087890625,2.6622205359538746,332.4758858317114,0.3333333333333333,ERA5
3f8738c8-7ce5-5b10-8078-515e122dea66,2023-02-11T08:20:00+00:00,21.59945,72.82298,2023-02-11T08:00:00+00:00,21.5,72.75,13.388631016192994,1.3494110107421875,-2.59332275390625,2.9233940859624363,332.510211117759,0.3333333333333333,ERA5
ad1524c7-7a41-5d20-bd55-212fd542260d,2023-02-11T08:20:00+00:00,21.43229,72.98949,2023-02-11T08:00:00+00:00,21.5,73.0,7.607156372088782,1.2302703857421875,-2.36090087890625,2.6622205359538746,332.4758858317114,0.3333333333333333,ERA5
722fa9d3-09e4-5913-b3b5-bfc2e8a54049,2023-02-11T09:08:00+00:00,21.47401,72.90405,2023-02-11T09:00:00+00:00,21.5,73.0,10.339736881878165,1.4812164306640625,-2.444915771484375,2.858603722820325,328.79103682630284,0.13333333333333333,ERA5
12bddc12-6d54-53c4-84be-84e930d5c33f,2023-02-12T08:01:00+00:00,21.95097,72.79163,2023-02-12T08:00:00+00:00,22.0,72.75,6.939055657893233,-2.78302001953125,-4.048736572265625,4.9129897476702435,34.50384890547241,0.016666666666666666,ERA5
73f0a2da-290a-5a48-ac8b-e468ad6a5f40,2023-02-12T08:01:00+00:00,21.51458,72.83131,2023-02-12T08:00:00+00:00,21.5,72.75,8.56653231754012,-1.63262939453125,-3.916900634765625,4.243535003097634,22.62718667513758,0.016666666666666666,ERA5
d851c780-3510-56b6-8f02-e630da0370db,2023-02-12T08:01:00+00:00,21.52833,72.90647,2023-02-12T08:00:00+00:00,21.5,73.0,10.175358836623763,-2.53497314453125,-3.428619384765625,4.26397933028354,36.47762197289114,0.016666666666666666,ERA5
5ea4faa0-e659-5950-a9d3-5da952aa49a5,2023-02-12T08:50:00+00:00,21.97581,72.7523,2023-02-12T09:00:00+00:00,22.0,72.75,2.700238992586921,-2.53302001953125,-4.54425048828125,5.202538122838743,29.135822608542696,0.16666666666666666,ERA5
70c40d79-0fda-564c-aeb7-ee2af4270e72,2023-02-12T08:50:00+00:00,22.0995,72.7768,2023-02-12T09:00:00+00:00,22.0,72.75,11.403453360689651,-2.53302001953125,-4.54425048828125,5.202538122838743,29.135822608542696,0.16666666666666666,ERA5
9e67eaff-6ce0-5c19-b960-eb457f048b0a,2023-02-12T20:30:00+00:00,21.40681,72.98162,2023-02-12T20:00:00+00:00,21.5,73.0,10.535395081045792,-1.3704986572265625,-2.6756439208984375,3.0062163862404474,27.122098867773445,0.5,ERA5
d0bfa7b7-fae6-5e00-8adf-ff349000ce95,2023-02-12T20:30:00+00:00,21.43132,72.97481,2023-02-12T20:00:00+00:00,21.5,73.0,8.069492298258917,-1.3704986572265625,-2.6756439208984375,3.0062163862404474,27.122098867773445,0.5,ERA5
3c10bb52-bed7-5545-a00c-d485efeff140,2023-02-13T07:42:00+00:00,21.56652,72.875445,2023-02-13T08:00:00+00:00,21.5,73.0,14.855587013183843,-1.9278411865234375,-2.1893463134765625,2.9171576784242412,41.365713167449485,0.3,ERA5
9311d4c4-e4c3-57d4-903f-2f227f60a3e2,2023-02-13T07:42:00+00:00,21.954225,72.5866225,2023-02-13T08:00:00+00:00,22.0,72.5,10.280527396086732,-2.7579193115234375,-3.1522369384765625,4.1884026364677505,41.18296011583311,0.3,ERA5
03395688-1879-5fb9-997e-2e8ac7b42e3d,2023-02-13T08:31:00+00:00,21.88873,72.78185,2023-02-13T09:00:00+00:00,22.0,72.75,12.80131540650535,-1.9619140625,-2.8163909912109375,3.432370172928523,34.86128970512141,0.48333333333333334,ERA5
517a1aa7-8cc6-5d73-8650-93bcb592986f,2023-02-13T08:31:00+00:00,21.45051,72.79438,2023-02-13T09:00:00+00:00,21.5,72.75,7.167428154042781,-0.556640625,-3.3681488037109375,3.4138358410063905,9.384223606983369,0.48333333333333334,ERA5
b23bb660-66eb-5e05-abf1-ec8eb84bece0,2023-02-13T08:31:00+00:00,21.40207,72.78039,2023-02-13T09:00:00+00:00,21.5,72.75,11.33442350328456,-0.556640625,-3.3681488037109375,3.4138358410063905,9.384223606983369,0.48333333333333334,ERA5
b003f919-5c98-5c1a-8ee1-8f4e7aefa438,2023-02-14T07:24:00+00:00,21.708325,72.68205,2023-02-14T07:00:00+00:00,21.75,72.75,8.410602382942928,-2.0251312255859375,-1.1979217529296875,2.3529073519765578,59.39449832549866,0.4,ERA5
5f533519-13a3-55b7-aad1-72746080d119,2023-02-14T08:12:00+00:00,21.49969,72.74296,2023-02-14T08:00:00+00:00,21.5,72.75,0.7291583150385006,-0.287689208984375,-1.849517822265625,1.871758866906802,8.841404310353937,0.2,ERA5
6c0c0238-0903-5443-9d76-ae6ca1247dac,2023-02-14T08:12:00+00:00,21.39444,72.76616,2023-02-14T08:00:00+00:00,21.5,72.75,11.856291748008376,-0.287689208984375,-1.849517822265625,1.871758866906802,8.841404310353937,0.2,ERA5
e344bc29-e2e4-5e93-876f-2a9a6f5e9093,2023-02-14T09:04:00+00:00,21.590155,72.92626,2023-02-14T09:00:00+00:00,21.5,73.0,12.596081660801932,-1.14990234375,-1.4947662353515625,1.885895410278318,37.570570578684055,0.06666666666666667,ERA5
84002dc0-406f-55d3-86ef-64f34ddd243b,2023-02-14T19:52:00+00:00,21.540205,72.81843,2023-02-14T20:00:00+00:00,21.5,72.75,8.372169758085866,-1.718475341796875,-3.20770263671875,3.639026477778955,28.179467453922825,0.13333333333333333,ERA5
bce6e85f-798c-5197-99d2-40988ea06258,2023-02-14T20:41:00+00:00,21.907025,72.7558,2023-02-14T21:00:00+00:00,22.0,72.75,10.355638414362303,-1.4556884765625,-2.384918212890625,2.794076559970085,31.398742965993563,0.31666666666666665,ERA5
2e224c5f-2384-5b22-bd00-82d0a079a591,2023-02-15T07:53:00+00:00,21.3731466666667,72.77363,2023-02-15T08:00:00+00:00,21.25,72.75,13.91035783200147,0.094940185546875,-2.912139892578125,2.9136870787331657,358.13273188613084,0.11666666666666667,ERA5
d105faa5-e9b6-5c33-9194-758713adcd30,2023-02-15T07:53:00+00:00,21.861335,72.64645,2023-02-15T08:00:00+00:00,21.75,72.75,16.35682693052576,-1.558380126953125,-1.903350830078125,2.4599376013308802,39.309111531872475,0.11666666666666667,ERA5
e694b590-6b5d-5a1a-8942-02edeb0f6dad,2023-02-15T07:53:00+00:00,21.77397,72.90605,2023-02-15T08:00:00+00:00,21.75,73.0,10.061688563641244,-1.580841064453125,-1.620147705078125,2.263611507598246,44.296470062506046,0.11666666666666667,ERA5
4e8377d8-5a92-5c82-ba66-94ea1079c47f,2023-02-15T08:45:00+00:00,21.5431366666667,72.8832,2023-02-15T09:00:00+00:00,21.5,73.0,12.999366162984463,-1.1004791259765625,-1.9149017333984375,2.2085975086652794,29.885647233892485,0.25,ERA5
7586c5bf-6b60-54a2-9f88-67d47e7fcfab,2023-02-15T08:45:00+00:00,22.02325,72.55057,2023-02-15T09:00:00+00:00,22.0,72.5,5.819073024356907,-1.3143463134765625,-2.3338470458984375,2.6784973894701287,29.38678860275212,0.25,ERA5
cbfa8256-f69e-5042-ac81-7c2a98cf5d66,2023-02-16T20:03:00+00:00,21.699485,72.70421,2023-02-16T20:00:00+00:00,21.75,72.75,7.343259408850851,-1.398773193359375,-2.257537841796875,2.655756681928086,31.78240553960643,0.05,ERA5
103da57b-e3d7-59a9-9e45-94b193661859,2023-02-17T08:07:00+00:00,21.824795,72.70733,2023-02-17T08:00:00+00:00,21.75,72.75,9.411711325125296,-0.667327880859375,-2.4171600341796875,2.5075863158439455,15.433727581790095,0.11666666666666667,ERA5
726a1f2d-2602-511d-960b-824bd83f0668,2023-02-17T08:56:00+00:00,21.56124,72.8101,2023-02-17T09:00:00+00:00,21.5,72.75,9.220368423516522,1.1379547119140625,-2.2910614013671875,2.558105406585506,333.5867199014675,0.06666666666666667,ERA5
10a60c07-f975-5858-a4ff-9f2498414ebf,2023-02-17T20:36:00+00:00,21.89061,72.78018,2023-02-17T21:00:00+00:00,22.0,72.75,12.555571752698636,-1.247161865234375,-2.05908203125,2.4073287123929528,31.202798457249173,0.4,ERA5
7117529f-2943-5c5c-ac2c-c175b4e24801,2023-02-17T20:36:00+00:00,21.74615,72.780544,2023-02-17T21:00:00+00:00,21.75,72.75,3.1835089032843387,-1.483489990234375,-2.24169921875,2.6881141974384097,33.49540803345667,0.4,ERA5
73095098-543e-5a42-8ebe-7d3010db5765,2023-02-17T20:36:00+00:00,21.36032,72.83225,2023-02-17T21:00:00+00:00,21.25,72.75,14.93596225540372,-1.984466552734375,-2.90087890625,3.5147127802492837,34.37569867915994,0.4,ERA5
95e99ff2-889e-5af8-9731-a5bf1dad3c69,2023-02-17T20:36:00+00:00,21.698495,72.70458,2023-02-17T21:00:00+00:00,21.75,72.75,7.403533327859451,-1.483489990234375,-2.24169921875,2.6881141974384097,33.49540803345667,0.4,ERA5
2bf4bfdd-60e4-5e4f-a557-3fdfb3d0fd66,2023-02-17T21:25:00+00:00,21.45167,72.95957,2023-02-17T21:00:00+00:00,21.5,73.0,6.810433762739864,-1.456146240234375,-1.71044921875,2.246329985302959,40.40854374662348,0.4166666666666667,ERA5
49854ee7-5332-5000-95fb-900ae5f29b9e,2023-02-18T08:37:00+00:00,21.51575,72.96615,2023-02-18T09:00:00+00:00,21.5,73.0,3.91536754845568,-1.2040252685546875,-1.63031005859375,2.026718464530815,36.44680674855255,0.38333333333333336,ERA5
4fac3c2b-1cfa-5b73-831f-d7da6d05a162,2023-02-18T08:37:00+00:00,21.76208,72.63585,2023-02-18T09:00:00+00:00,21.75,72.75,11.865069828645268,-1.1825408935546875,-1.70941162109375,2.0785790952618286,34.67480338255433,0.38333333333333336,ERA5
2803b1ce-b42e-5657-a978-c61072098ef8,2023-02-19T08:18:00+00:00,21.37794,72.87722,2023-02-19T08:00:00+00:00,21.5,73.0,18.593038936310418,-1.721893310546875,0.0821533203125,1.7238520066828373,92.7315698112015,0.3,ERA5
78485c0c-8c7e-5390-b06a-c3307cc64a8b,2023-02-19T20:47:00+00:00,21.90557,72.75546,2023-02-19T21:00:00+00:00,22.0,72.75,10.515225169657324,-2.2893829345703125,-0.946044921875,2.4771506242671744,67.54804918839017,0.21666666666666667,ERA5
98996d4a-8d07-542c-bf89-4678d7e9a162,2023-02-19T20:47:00+00:00,21.44311,72.85961,2023-02-19T21:00:00+00:00,21.5,72.75,12.987016499363358,-2.6741485595703125,-0.695068359375,2.7630038984511462,75.43000374063388,0.21666666666666667,ERA5
3fa72574-1b06-5029-b1d2-14c60ad694c7,2023-02-20T07:59:00+00:00,21.78204,72.72505,2023-02-20T08:00:00+00:00,21.75,72.75,4.396724822628731,1.148773193359375,1.134857177734375,1.6148005027359655,225.34914542378584,0.016666666666666666,ERA5
46cb21ee-7387-5f8d-9283-dabfa40e9fc6,2023-02-20T07:59:00+00:00,21.75608,72.66959,2023-02-20T08:00:00+00:00,21.75,72.75,8.331954935066374,1.148773193359375,1.134857177734375,1.6148005027359655,225.34914542378584,0.016666666666666666,ERA5
28d0bd15-39a4-559f-a4a7-57d77b493828,2023-02-20T08:00:00+00:00,22.09398,72.55392,2023-02-20T08:00:00+00:00,22.0,72.5,11.835840569581377,0.835296630859375,1.348724365234375,1.5864355880091352,211.77090427184106,0.0,ERA5
99ae35f7-e5b0-5989-8a8a-521c4f9d2896,2023-02-20T08:51:00+00:00,21.49439,72.81983,2023-02-20T09:00:00+00:00,21.5,72.75,7.25147234623155,1.88275146484375,0.980255126953125,2.1226523955394048,242.4962469861812,0.15,ERA5
30875261-7070-5428-80fe-0986bf5d83c7,2023-02-21T07:41:00+00:00,21.4828166666667,72.8741333333333,2023-02-21T08:00:00+00:00,21.5,72.75,12.984658421282264,1.6126251220703125,-0.8779449462890625,1.8361228480270035,298.5647448670103,0.31666666666666665,ERA5
d28e51d3-2c6f-51fa-8017-2c8d3bd763a0,2023-02-21T07:41:00+00:00,21.375225,72.681525,2023-02-21T08:00:00+00:00,21.5,72.75,15.579708384799796,1.6126251220703125,-0.8779449462890625,1.8361228480270035,298.5647448670103,0.31666666666666665,ERA5
f5ba8e43-5708-55f0-9f4b-e8f61b4bf7b7,2023-02-22T20:43:00+00:00,21.56074,72.79625,2023-02-22T21:00:00+00:00,21.5,72.75,8.276601125494928,1.28802490234375,0.9170074462890625,1.581110624089034,234.5510906172909,0.2833333333333333,ERA5
753e9eb4-a646-5855-b233-7d4cacc772a4,2023-02-22T21:31:00+00:00,21.90814,72.75647,2023-02-22T22:00:00+00:00,22.0,72.75,10.236137397847036,1.401458740234375,-0.5102996826171875,1.4914732202284169,290.0075957914041,0.48333333333333334,ERA5
5be0b826-16d7-51bf-bd07-e869b9d87f21,2023-02-23T07:55:00+00:00,21.770535,72.78091,2023-02-23T08:00:00+00:00,21.75,72.75,3.924730292198272,0.1580352783203125,-1.178192138671875,1.1887438179952758,352.36030438320404,0.08333333333333333,ERA5
850472fe-b3f7-5a86-8a82-a21d7b37a535,2023-02-23T07:55:00+00:00,21.63448,72.88708,2023-02-23T08:00:00+00:00,21.75,73.0,17.3527384163056,0.0213165283203125,-0.675262451171875,0.6755988250006653,358.19190057680197,0.08333333333333333,ERA5
3a85a381-00c0-59c6-9134-562a75ee278f,2023-02-23T08:43:00+00:00,21.72557,72.72604,2023-02-23T09:00:00+00:00,21.75,72.75,3.6747558919854266,0.5951995849609375,-0.81976318359375,1.01305193505241,324.0179926907207,0.2833333333333333,ERA5
a201917f-f0c3-59e3-bc75-e5a569ca7082,2023-02-23T08:43:00+00:00,21.45132,72.87793,2023-02-23T09:00:00+00:00,21.5,73.0,13.7421724932842,0.8041839599609375,-0.95550537109375,1.2488804408939471,319.91495919199366,0.2833333333333333,ERA5
20aeaef7-b5ca-53c7-8002-91e854158328,2023-02-23T21:12:00+00:00,21.39717,72.94614,2023-02-23T21:00:00+00:00,21.5,73.0,12.720535903745752,-1.7585601806640625,-1.8150177001953125,2.527216484798938,44.09488232516503,0.2,ERA5
1ffaf3f5-00dc-5abf-990a-294f736e56b3,2023-02-24T08:25:00+00:00,21.42994,72.70387,2023-02-24T08:00:00+00:00,21.5,72.75,9.136563291598886,0.5749359130859375,-1.6750640869140625,1.7709858834629943,341.0561295428106,0.4166666666666667,ERA5
19c310c2-7269-55d6-9806-127b14400d0a,2023-02-25T08:58:00+00:00,21.94908,72.9414,2023-02-25T09:00:00+00:00,22.0,73.0,8.280833058455851,0.3812103271484375,-1.330596923828125,1.3841276990312301,344.01321871176265,0.03333333333333333,ERA5
1a1c6f40-6042-51d7-8f98-20fed7535b1d,2023-02-25T08:58:00+00:00,21.63624,72.94214,2023-02-25T09:00:00+00:00,21.75,73.0,13.991003305241291,0.5149993896484375,-1.332550048828125,1.4286056152661943,338.8696502487996,0.03333333333333333,ERA5
0b175081-a96d-5b7e-87f1-c98b4f68ec6a,2023-02-25T20:35:00+00:00,21.43186,72.97554,2023-02-25T21:00:00+00:00,21.5,73.0,7.988432031193436,-1.76776123046875,-1.9879913330078125,2.660279930395027,41.64412853509964,0.4166666666666667,ERA5
ac1315f7-203c-5be3-a614-aa03d737fccd,2023-02-26T07:47:00+00:00,21.4714,72.74886,2023-02-26T08:00:00+00:00,21.5,72.75,3.1823616086248303,0.640594482421875,-3.04412841796875,3.1108003979674224,348.11629219732083,0.21666666666666667,ERA5
cb5ac3bb-8b79-52f7-bf15-932318b57ca7,2023-02-26T07:47:00+00:00,21.55086,72.8461,2023-02-26T08:00:00+00:00,21.5,72.75,11.436682969911011,0.640594482421875,-3.04412841796875,3.1108003979674224,348.11629219732083,0.21666666666666667,ERA5
340a4094-ce0d-570b-b907-0e792a3c85ef,2023-02-26T08:39:00+00:00,21.7504266666667,72.6195633333333,2023-02-26T09:00:00+00:00,21.75,72.5,12.348443242953119,-0.17071533203125,-3.1692047119140625,3.173799336853046,3.0833678336547905,0.35,ERA5
d31c8111-0682-56dc-93eb-463c31ea3d27,2023-02-26T08:39:00+00:00,21.68441,72.682435,2023-02-26T09:00:00+00:00,21.75,72.75,10.094905474663172,0.10467529296875,-2.9211578369140625,2.9230326760271663,357.9477700868386,0.35,ERA5
da45551c-6938-53ea-a0e9-6d1b8b240b9f,2023-02-26T08:39:00+00:00,21.77131,72.71046,2023-02-26T09:00:00+00:00,21.75,72.75,4.721073978253079,0.10467529296875,-2.9211578369140625,2.9230326760271663,357.9477700868386,0.35,ERA5
45830cc4-f1c0-5ab3-877c-d94cee84a4d2,2023-02-26T21:08:00+00:00,21.36749,72.754915,2023-02-26T21:00:00+00:00,21.25,72.75,13.074210029295699,-1.2886810302734375,-2.5008087158203125,2.813315309543075,27.262310148116057,0.13333333333333333,ERA5
03945895-e913-5aad-82f8-a9b754394ea8,2023-02-27T08:20:00+00:00,21.47219,72.96145,2023-02-27T08:00:00+00:00,21.5,73.0,5.046983864946561,0.655242919921875,-1.092529296875,1.2739558660479282,329.04683579474846,0.3333333333333333,ERA5
3bf908a6-25a9-5ba9-a73c-94cc940d91f2,2023-02-27T08:20:00+00:00,21.79334,72.64954,2023-02-27T08:00:00+00:00,21.75,72.75,11.438573949183708,0.430633544921875,-1.094482421875,1.176153485649448,338.5224152515856,0.3333333333333333,ERA5
f62abf48-6ee9-5deb-b4f7-315e85ad3419,2023-02-27T08:20:00+00:00,21.52219,72.80067,2023-02-27T08:00:00+00:00,21.5,72.75,5.793498954575743,1.434539794921875,-1.007568359375,1.753025505241759,305.0828034157108,0.3333333333333333,ERA5
5a6af671-8fd3-5789-9732-7d830c009a8e,2023-02-27T09:09:00+00:00,21.52388,72.93277,2023-02-27T09:00:00+00:00,21.5,73.0,7.444548979079004,1.1046905517578125,-0.984100341796875,1.4794575687959781,311.69586400737535,0.15,ERA5
7904f3e7-990a-5475-98e3-e021083d5e06,2023-02-27T09:09:00+00:00,21.74614,72.666615,2023-02-27T09:00:00+00:00,21.75,72.75,8.622716606393979,0.5363311767578125,-1.183319091796875,1.2991902109288698,335.6179191461618,0.15,ERA5
6bfd8e84-91ba-5aa7-b308-382ec09c0e4e,2023-02-27T20:49:00+00:00,21.84007,72.88088,2023-02-27T21:00:00+00:00,21.75,73.0,15.860809763934453,-1.18829345703125,-1.597869873046875,1.991288394787183,36.63720342220182,0.18333333333333332,ERA5
f29d0d9a-b00e-59ec-a269-489c8a221e99,2023-02-27T20:49:00+00:00,21.496,72.85112,2023-02-27T21:00:00+00:00,21.5,72.75,10.471238185533077,1.65350341796875,-0.601776123046875,1.7596045167888341,289.9984730560635,0.18333333333333332,ERA5
231363a9-61ba-5163-9de7-b5838a802da8,2023-02-28T08:01:00+00:00,21.48164,72.93812,2023-02-28T08:00:00+00:00,21.5,73.0,6.719984103037705,1.62371826171875,0.2166290283203125,1.6381053474517326,262.40073649893077,0.016666666666666666,ERA5
8cf45a59-d661-5dc2-9733-c4ea38ee81c1,2023-02-28T08:01:00+00:00,21.76782,72.6278,2023-02-28T08:00:00+00:00,21.75,72.75,12.7745126678294,1.67254638671875,0.3513946533203125,1.709061034049998,258.1349743103446,0.016666666666666666,ERA5
e8ef49da-acbb-5c0e-9e50-d062d1908f40,2023-02-28T08:01:00+00:00,21.73618,72.595965,2023-02-28T08:00:00+00:00,21.75,72.5,10.030056927180826,0.94696044921875,0.5193634033203125,1.0800335351705679,241.25729697765183,0.016666666666666666,ERA5
d4645801-d450-59fb-add9-6ee2ce3526cc,2023-02-28T20:30:00+00:00,21.36662,72.82481,2023-02-28T20:00:00+00:00,21.25,72.75,15.10685997485247,2.6372528076171875,1.077423095703125,2.8488493990450325,247.77802421026502,0.5,ERA5
0e118d1c-37cd-579c-add0-3a1d03127201,2023-03-01T07:42:00+00:00,21.89186,72.77994,2023-03-01T08:00:00+00:00,22.0,72.75,12.41478160525011,-0.067291259765625,-1.433624267578125,1.4352026526695665,2.6873690487446424,0.3,ERA5
25d37c91-ff9a-513b-8e8c-42a1bf6b1201,2023-03-01T20:11:00+00:00,21.42484,72.99724,2023-03-01T20:00:00+00:00,21.5,73.0,8.362289784430049,-1.4690704345703125,-1.6569061279296875,2.214386113237607,41.561308945937355,0.18333333333333332,ERA5
cd6c28fa-376b-52a5-8a44-b259c1b41ed9,2023-03-02T08:12:00+00:00,21.74455,72.66047,2023-03-02T08:00:00+00:00,21.75,72.75,9.26657325854462,-1.1186065673828125,-1.381561279296875,1.7776366954595577,38.99599981329084,0.2,ERA5
0097af7c-8fc5-5424-97b2-ad37f9251233,2023-03-02T09:04:00+00:00,21.47981,72.70811,2023-03-02T09:00:00+00:00,21.5,72.75,4.881080456600958,0.92840576171875,-1.2121734619140625,1.526860098424638,322.55143346624357,0.06666666666666667,ERA5
1846ccce-c736-5d52-b8eb-2d1c19f48e5f,2023-03-02T09:04:00+00:00,21.686425,72.6563,2023-03-02T09:00:00+00:00,21.75,72.75,11.985996264475698,-0.61553955078125,-1.1291656494140625,1.2860419909134633,28.596027903646757,0.06666666666666667,ERA5
b8fa2510-f56d-512d-83af-c1aae2f1d2b3,2023-03-02T09:04:00+00:00,21.76324,72.72763,2023-03-02T09:00:00+00:00,21.75,72.75,2.739462626507642,-0.61553955078125,-1.1291656494140625,1.2860419909134633,28.596027903646757,0.06666666666666667,ERA5
4a057768-b091-5899-b3fb-d58a1c34ba4f,2023-03-02T20:41:00+00:00,21.82683,72.92191,2023-03-02T21:00:00+00:00,21.75,73.0,11.747121290232654,-1.9105682373046875,-1.3466796875,2.3374809454031147,54.82159089051544,0.31666666666666665,ERA5
d81189a8-68cb-5233-8451-2c2a7ecfdb36,2023-03-02T20:41:00+00:00,21.90786,72.75674,2023-03-02T21:00:00+00:00,22.0,72.75,10.269053262363697,-2.0140838623046875,-1.203125,2.3460698135437417,59.14776481771355,0.31666666666666665,ERA5
42d27fa6-d6a7-54e6-85a7-879eb2cf42c3,2023-03-03T07:53:00+00:00,21.6105,72.88701,2023-03-03T08:00:00+00:00,21.5,73.0,16.95630069726522,-1.555450439453125,-0.197479248046875,1.5679362624176019,82.7644652321452,0.11666666666666667,ERA5
e892f0e1-af93-55e2-9a08-172ff1c9e726,2023-03-03T07:53:00+00:00,21.36609,72.9836,2023-03-03T08:00:00+00:00,21.25,73.0,13.01993962477976,-2.263458251953125,-0.544158935546875,2.3279502154191793,76.4820344932881,0.11666666666666667,ERA5
ec17f38f-bcc7-5cb4-80ba-374403d0a0b0,2023-03-03T07:53:00+00:00,21.9476,72.88827,2023-03-03T08:00:00+00:00,22.0,73.0,12.910823260634288,-1.406036376953125,-0.528533935546875,1.5020940098210027,69.39858586135705,0.11666666666666667,ERA5
51fbe2c2-e739-58a9-ac90-5ae8dba4f1ff,2023-03-03T07:54:00+00:00,22.07509,72.25737,2023-03-03T08:00:00+00:00,22.0,72.25,8.384110706413693,-2.239044189453125,-1.118377685546875,2.5028159200894073,63.4583814004169,0.1,ERA5
2106d6c2-de22-58e7-a8cc-b67cae383e90,2023-03-03T08:45:00+00:00,21.36139,72.67448,2023-03-03T09:00:00+00:00,21.25,72.75,14.649931183090132,0.683135986328125,-1.53009033203125,1.6756644055394867,335.9407788912272,0.25,ERA5
07128cb3-e3a6-57c7-8da6-72c8bf68c843,2023-03-04T07:35:00+00:00,21.72738,72.701245,2023-03-04T08:00:00+00:00,21.75,72.75,5.628965566330233,-1.7867584228515625,-1.200042724609375,2.1523494610585185,56.113458254853526,0.4166666666666667,ERA5
15769232-da93-5a75-b757-6a0994b7df4e,2023-03-04T07:35:00+00:00,21.5613,72.9749,2023-03-04T08:00:00+00:00,21.5,73.0,7.293950714928169,-0.5572662353515625,-1.000823974609375,1.1455104910980998,29.109385760912858,0.4166666666666667,ERA5
83fc767b-87ec-5f82-919e-eedf63ebc607,2023-03-04T07:35:00+00:00,21.62551,72.86694,2023-03-04T08:00:00+00:00,21.75,72.75,18.37416109983751,-1.7867584228515625,-1.200042724609375,2.1523494610585185,56.113458254853526,0.4166666666666667,ERA5
c0afd5fb-10dc-5520-8924-a32b89abf089,2023-03-04T07:35:00+00:00,21.4579766666667,72.94,2023-03-04T08:00:00+00:00,21.5,73.0,7.770367180097413,-0.5572662353515625,-1.000823974609375,1.1455104910980998,29.109385760912858,0.4166666666666667,ERA5
e1b66602-ad1f-56e2-91fe-cbd87e92911a,2023-03-04T07:35:00+00:00,21.682485,72.63441,2023-03-04T08:00:00+00:00,21.75,72.75,14.104712920482624,-1.7867584228515625,-1.200042724609375,2.1523494610585185,56.113458254853526,0.4166666666666667,ERA5
3565b70b-9a1a-5add-9cc2-6468adbee62b,2023-03-04T08:26:00+00:00,21.42994,72.89854,2023-03-04T08:00:00+00:00,21.5,73.0,13.073838996401632,-0.5572662353515625,-1.000823974609375,1.1455104910980998,29.109385760912858,0.43333333333333335,ERA5
6156e31e-4ac2-5f5b-8e7f-fbe56ee70dbc,2023-03-04T08:26:00+00:00,21.49875,72.92228,2023-03-04T08:00:00+00:00,21.5,73.0,8.041969178807745,-0.5572662353515625,-1.000823974609375,1.1455104910980998,29.109385760912858,0.43333333333333335,ERA5
818a9ed7-47c4-5951-960c-f55ba82e66f5,2023-03-04T08:26:00+00:00,21.43983,72.70671,2023-03-04T08:00:00+00:00,21.5,72.75,8.05177096130522,-0.0748443603515625,-1.220550537109375,1.222843118275774,3.5089929280746333,0.43333333333333335,ERA5
7c251ab8-9a90-5db1-9e4f-17278f519386,2023-03-04T09:15:00+00:00,21.920795,72.707775,2023-03-04T09:00:00+00:00,22.0,72.75,9.824898363310528,-1.812774658203125,-1.043548583984375,2.0916848731487376,60.072527498132786,0.25,ERA5
d6fda513-f0ba-534b-b49c-1eb6ab2d589b,2023-03-04T20:03:00+00:00,21.9249128571429,72.5552985714286,2023-03-04T20:00:00+00:00,22.0,72.5,10.110964829981897,-1.683380126953125,-2.63067626953125,3.123175673396483,32.61533863189027,0.05,ERA5
42be19e7-63e0-579a-bdfe-88960155aa7e,2023-03-04T20:55:00+00:00,22.00084,72.54932,2023-03-04T21:00:00+00:00,22.0,72.5,5.08564302372668,-1.59716796875,-2.7932281494140625,3.21761853162865,29.760923293813903,0.08333333333333333,ERA5
8ec6bc99-1229-5085-ae97-07b72f7f1eaa,2023-03-04T20:55:00+00:00,21.9591675,72.551765,2023-03-04T21:00:00+00:00,22.0,72.5,7.007521989881261,-1.59716796875,-2.7932281494140625,3.21761853162865,29.760923293813903,0.08333333333333333,ERA5
816c5912-4580-5179-810d-4f9b15b417ad,2023-03-05T08:07:00+00:00,21.3927,72.67105,2023-03-05T08:00:00+00:00,21.5,72.75,14.46094898610996,-1.6995086669921875,-0.3265228271484375,1.7305914786079846,79.12441387171714,0.11666666666666667,ERA5
b94d4a7c-cf95-5882-aa05-26bd6a8c7cec,2023-03-05T08:07:00+00:00,21.73153,72.80164,2023-03-05T08:00:00+00:00,21.75,72.75,5.715414484520309,-3.3088836669921875,-0.2659759521484375,3.3195563451776104,85.40430983194756,0.11666666666666667,ERA5
fb414384-0bc3-5aa9-b7fb-49a80ab2c562,2023-03-05T08:07:00+00:00,21.35009,72.7837,2023-03-05T08:00:00+00:00,21.25,72.75,11.664258328213458,-1.3440399169921875,-1.4769134521484375,1.9969267997614186,42.303227297573244,0.11666666666666667,ERA5
fbf8af5f-9d8d-5f67-8ba6-e365ed0f218d,2023-03-05T08:07:00+00:00,21.4276,72.69402,2023-03-05T08:00:00+00:00,21.5,72.75,9.918146579182828,-1.6995086669921875,-0.3265228271484375,1.7305914786079846,79.12441387171714,0.11666666666666667,ERA5
43e8583f-2b8c-5c18-a504-269788c2762c,2023-03-05T08:08:00+00:00,21.92612,72.67183,2023-03-05T08:00:00+00:00,22.0,72.75,11.509638034841132,-3.4836883544921875,-0.5765228271484375,3.5310711011600593,80.60317028399868,0.13333333333333333,ERA5
25544117-649c-5ff2-b1a6-d07c5a942b1a,2023-03-05T20:36:00+00:00,21.72814,72.75346,2023-03-05T21:00:00+00:00,21.75,72.75,2.4568516335653654,-1.762725830078125,-1.1088714599609375,2.082498083250142,57.827384369574986,0.4,ERA5
53cc7759-29a4-5492-af5f-95e686e142ed,2023-03-05T20:36:00+00:00,21.57386,72.95625,2023-03-05T21:00:00+00:00,21.5,73.0,9.376981125415748,-2.028350830078125,-0.6323089599609375,2.124622721973363,72.6858896434502,0.4,ERA5
65749899-a02a-52ee-9737-a2c8f7dd52cf,2023-03-05T20:36:00+00:00,21.4338166666667,72.9762566666667,2023-03-05T21:00:00+00:00,21.5,73.0,7.758567504845471,-2.028350830078125,-0.6323089599609375,2.124622721973363,72.6858896434502,0.4,ERA5
a8ea3ead-3a8f-5c1f-95ad-53ebbea2db8d,2023-03-05T20:36:00+00:00,21.48952,72.73391,2023-03-05T21:00:00+00:00,21.5,72.75,2.032039687203915,-1.946319580078125,-1.1020355224609375,2.236658713474463,60.48080599773664,0.4,ERA5
0902b22a-b65a-54a1-846f-ec02463903e8,2023-03-06T07:49:00+00:00,22.02023,72.72057,2023-03-06T08:00:00+00:00,22.0,72.75,3.77691071498559,-1.8511962890625,3.0583038330078125,3.57493357079947,148.81341217621474,0.18333333333333332,ERA5
72807c92-5c84-5e03-97a3-f4cc65123ff4,2023-03-06T07:49:00+00:00,21.7401925,72.61064,2023-03-06T08:00:00+00:00,21.75,72.5,11.479088214797864,-2.5220947265625,1.8756866455078125,3.1431134567321495,126.63825178553239,0.18333333333333332,ERA5
89ed2535-9ce8-5d02-87f4-e1301f3e286d,2023-03-06T07:49:00+00:00,21.82482,72.65887,2023-03-06T08:00:00+00:00,21.75,72.75,12.559925449065828,-2.2916259765625,0.6383819580078125,2.3788823301638775,105.5663279400107,0.18333333333333332,ERA5
d7f121aa-911b-5647-ba7e-26c80ba8e715,2023-03-06T21:06:00+00:00,21.68251,72.53406,2023-03-06T21:00:00+00:00,21.75,72.5,8.288430750682728,-2.8127288818359375,2.1549224853515625,3.543322548200742,127.45689217443908,0.1,ERA5
d9a5c5d9-1cb9-50ac-8715-6e07fd32bf9e,2023-03-07T07:30:00+00:00,21.5495166666667,72.8293966666667,2023-03-07T07:00:00+00:00,21.5,72.75,9.887674804105453,-0.0683746337890625,0.3766632080078125,0.3828188381108289,169.7112904826518,0.5,ERA5
c8d3b762-4033-546a-97e0-30a2279bd58b,2023-03-07T08:18:00+00:00,21.42945,72.92632,2023-03-07T08:00:00+00:00,21.5,73.0,10.939634752058149,-0.3977508544921875,0.2488555908203125,0.4691853017005031,122.03244296452974,0.3,ERA5
f97fb53a-2716-55d4-a788-ae50ca1a06ff,2023-03-07T08:18:00+00:00,21.49929,72.74969,2023-03-07T08:00:00+00:00,21.5,72.75,0.08521420511436834,0.7340850830078125,0.4129180908203125,0.8422483356001832,240.64252917790014,0.3,ERA5
022c50ee-c5c0-58af-a732-bc1dbad857d7,2023-03-07T08:19:00+00:00,22.08357,72.63945,2023-03-07T08:00:00+00:00,22.0,72.75,14.702993427729137,-0.2747039794921875,0.8992462158203125,0.9402691279713464,163.01300528423872,0.31666666666666665,ERA5
9cf42ad7-7b71-503f-ba3e-8d1130e033a8,2023-03-07T08:19:00+00:00,21.81926,72.92155,2023-03-07T08:00:00+00:00,21.75,73.0,11.17700326481314,-0.7209930419921875,0.5076446533203125,0.8817789182362258,125.14902836928562,0.31666666666666665,ERA5
3692315d-c761-559c-9494-b5cb29c4d529,2023-03-07T19:59:00+00:00,21.69,72.674185,2023-03-07T20:00:00+00:00,21.75,72.75,10.28821809884745,-2.419158935546875,0.2051544189453125,2.4278423118170336,94.84731483500684,0.016666666666666666,ERA5
a61517a7-188b-5e4d-bc31-57059b731987,2023-03-08T08:00:00+00:00,21.44377,72.96862,2023-03-08T08:00:00+00:00,21.5,73.0,7.04538809058366,0.0228118896484375,-1.15087890625,1.1511049644409188,358.86447317480264,0.0,ERA5
3030873d-cad1-5538-a863-55e8c8274a80,2023-03-08T08:51:00+00:00,21.43445,72.70493,2023-03-08T09:00:00+00:00,21.5,72.75,8.653257356786526,1.1628875732421875,-0.8120574951171875,1.418359927302342,304.9270309141677,0.15,ERA5
3fdbffc7-3784-5674-8e11-9574016a4651,2023-03-08T08:51:00+00:00,21.568495,72.94819,2023-03-08T09:00:00+00:00,21.5,73.0,9.312656644969435,0.5710906982421875,-1.2622528076171875,1.3854337717683303,335.6562132946567,0.15,ERA5
537e5e1e-cc4a-5446-a0f5-881aac002f2e,2023-03-08T08:52:00+00:00,21.71956,72.718165,2023-03-08T09:00:00+00:00,21.75,72.75,4.719021533095795,0.1189422607421875,-1.1274871826171875,1.1337436254976279,353.97795685423023,0.13333333333333333,ERA5
fdcb74e6-4bf0-50e9-9f28-894c5126492b,2023-03-08T20:28:00+00:00,22.033955,72.806595,2023-03-08T20:00:00+00:00,22.0,72.75,6.949282541385332,-1.8444366455078125,-2.2993927001953125,2.9477369843667534,38.73452131571105,0.4666666666666667,ERA5
a6a1b9ef-ce10-59d6-ae27-36f1f562b7ff,2023-03-08T20:29:00+00:00,21.49809,72.8147,2023-03-08T20:00:00+00:00,21.5,72.75,6.697126374042765,-1.3034210205078125,-1.9781036376953125,2.3689238818849914,33.38186743023971,0.48333333333333334,ERA5
80263511-9d8a-5bb7-bb98-b8cbfcfc292b,2023-03-09T07:41:00+00:00,21.43792,72.7142,2023-03-09T08:00:00+00:00,21.5,72.75,7.834221627032392,0.1895599365234375,-2.16888427734375,2.1771522634036624,355.00505589734905,0.31666666666666665,ERA5
ac648d61-2857-56a4-be5a-deeb80ba75c4,2023-03-09T07:41:00+00:00,21.5156933333333,72.9564866666667,2023-03-09T08:00:00+00:00,21.5,73.0,4.827941294443697,-0.0799713134765625,-2.38665771484375,2.387997164739179,1.9191294291626946,0.31666666666666665,ERA5
27da037e-d40b-556d-9c30-29d06f0c37fb,2023-03-09T08:33:00+00:00,21.83,72.8635,2023-03-09T09:00:00+00:00,21.75,72.75,14.712712315819381,-0.4859161376953125,-2.512847900390625,2.559398183825702,10.944358667475171,0.45,ERA5
21fbdc9a-4968-5aa0-8af7-dc0f0bc0fc6c,2023-03-10T08:14:00+00:00,21.82703,72.65462,2023-03-10T08:00:00+00:00,21.75,72.75,13.05182575563579,-2.9864501953125,-1.49176025390625,3.338297983136992,63.457435943022574,0.23333333333333334,ERA5
89002c32-b12e-53a1-ad47-63c4128bffe7,2023-03-10T08:14:00+00:00,21.43287,72.82189,2023-03-10T08:00:00+00:00,21.5,72.75,10.53859650947144,-0.9053955078125,-1.36968994140625,1.641886585960343,33.46559015369837,0.23333333333333334,ERA5
89c48f44-27c1-551c-9c62-d1e287bb29ec,2023-03-10T08:14:00+00:00,21.62125,72.85101,2023-03-10T08:00:00+00:00,21.5,72.75,17.05554187206369,-0.9053955078125,-1.36968994140625,1.641886585960343,33.46559015369837,0.23333333333333334,ERA5
f218241f-76c9-5eb7-9a15-faf21cc6d3a8,2023-03-10T08:14:00+00:00,21.709645,72.68066,2023-03-10T08:00:00+00:00,21.75,72.75,8.45192740000691,-2.9864501953125,-1.49176025390625,3.338297983136992,63.457435943022574,0.23333333333333334,ERA5
fe99a4c6-0836-5924-9836-220db205c3c1,2023-03-10T08:14:00+00:00,21.4086,72.81348,2023-03-10T08:00:00+00:00,21.5,72.75,12.10165403626961,-0.9053955078125,-1.36968994140625,1.641886585960343,33.46559015369837,0.23333333333333334,ERA5
79684272-40c9-5c76-a2b4-ead6e43887a3,2023-03-10T09:03:00+00:00,21.56442,72.80587,2023-03-10T09:00:00+00:00,21.5,72.75,9.203629970730898,-0.133026123046875,-1.5788116455078125,1.5844059332771918,4.816201734639662,0.05,ERA5
79cf1466-6771-59ca-b05c-8db1fabaae41,2023-03-10T09:03:00+00:00,21.74395,72.614425,2023-03-10T09:00:00+00:00,21.75,72.5,11.837069794239877,-2.114471435546875,-1.8952178955078125,2.8395140998411548,48.12986952855334,0.05,ERA5
8c04cd24-77f5-5cc6-84a1-38321e9a64a3,2023-03-10T19:51:00+00:00,21.690185,72.64209,2023-03-10T20:00:00+00:00,21.75,72.75,12.980612965828316,-1.5885009765625,-2.513519287109375,2.973401176970716,32.292182603841184,0.15,ERA5
328bbdfd-24cf-5973-a811-fef0cc433270,2023-03-10T20:43:00+00:00,21.600355,72.90887,2023-03-10T21:00:00+00:00,21.5,73.0,14.606512781712935,-1.4831695556640625,-2.1142730712890625,2.5826231918006965,35.04978693924215,0.2833333333333333,ERA5
869e24c8-ce1f-5199-93bf-486cf498e88e,2023-03-10T20:43:00+00:00,21.92503,72.66705,2023-03-10T21:00:00+00:00,22.0,72.75,11.944404208794278,-1.3640289306640625,-2.0009918212890625,2.4216818933448434,34.2813316676087,0.2833333333333333,ERA5
91ff6138-f6cd-583d-8629-7e1f90ff7c1c,2023-03-10T20:43:00+00:00,21.43338,72.97792,2023-03-10T21:00:00+00:00,21.5,73.0,7.752174898160691,-1.4831695556640625,-2.1142730712890625,2.5826231918006965,35.04978693924215,0.2833333333333333,ERA5
72a494e0-c697-554c-9964-add1d842df94,2023-03-11T07:55:00+00:00,21.81248,72.7634,2023-03-11T08:00:00+00:00,21.75,72.75,7.083899737008277,-2.4129486083984375,-0.1304168701171875,2.4164704729797797,86.9062446238072,0.08333333333333333,ERA5
a24abf0f-93fe-5119-9779-42ceb010edae,2023-03-11T07:55:00+00:00,21.501702,72.714582,2023-03-11T08:00:00+00:00,21.5,72.75,3.6691279491213127,-0.7850189208984375,-0.7407684326171875,1.0793482185702035,46.6612116620455,0.08333333333333333,ERA5
d3a87ad2-8a0f-5d53-b731-fc52509f6bac,2023-03-11T07:55:00+00:00,22.0856766666667,72.7133066666667,2023-03-11T08:00:00+00:00,22.0,72.75,10.250007940604213,-2.8191986083984375,-0.5073699951171875,2.8644903744891344,79.79771441512662,0.08333333333333333,ERA5
ed5f49ac-d819-55bf-8530-c5d4c67c9018,2023-03-11T07:55:00+00:00,21.8590025,72.65709,2023-03-11T08:00:00+00:00,21.75,72.75,15.45682700244392,-2.4129486083984375,-0.1304168701171875,2.4164704729797797,86.9062446238072,0.08333333333333333,ERA5
a2b38d71-e781-5913-9fd6-2b846346f397,2023-03-11T08:44:00+00:00,21.7686,72.6434,2023-03-11T09:00:00+00:00,21.75,72.75,11.201412436921396,-1.3983612060546875,-0.2171630859375,1.4151232697163234,81.17257870879894,0.26666666666666666,ERA5
a3545bd2-7b2c-585b-9fae-ec041587a722,2023-03-11T08:44:00+00:00,22.07726,72.71699,2023-03-11T09:00:00+00:00,22.0,72.75,9.24012088688361,-1.9335174560546875,-0.5150146484375,2.000932242974107,75.08490694256909,0.26666666666666666,ERA5
529f3014-b71c-5205-986d-1f809595cab7,2023-03-12T07:36:00+00:00,21.70112,72.6525733333333,2023-03-12T08:00:00+00:00,21.75,72.75,11.437752234950764,-1.8372955322265625,-1.04376220703125,2.1130770022804266,60.39922012336763,0.4,ERA5
c2993716-e74f-5633-821f-fdf7481d2d26,2023-03-12T07:36:00+00:00,21.699765,72.660105,2023-03-12T08:00:00+00:00,21.75,72.75,10.836493431667646,-1.8372955322265625,-1.04376220703125,2.1130770022804266,60.39922012336763,0.4,ERA5
3a25ac4d-e669-512e-8657-aade79e4cda4,2023-03-12T20:54:00+00:00,21.43154,72.97487,2023-03-12T21:00:00+00:00,21.5,73.0,8.044334859214437,-1.7574462890625,-2.1536102294921875,2.7796860397377516,39.216047605759854,0.1,ERA5
acdc7237-4339-58bd-8d81-081f1c8ae9f7,2023-03-12T20:54:00+00:00,21.38136,72.83008,2023-03-12T21:00:00+00:00,21.5,72.75,15.579749548747413,-2.1314697265625,-2.7737274169921875,3.498103340244049,37.54046229383414,0.1,ERA5
d627e994-b938-53d7-8db1-635bbb9a30a7,2023-03-12T20:54:00+00:00,21.74666,72.77793,2023-03-12T21:00:00+00:00,21.75,72.75,2.9084233426812762,-1.8287353515625,-2.2981414794921875,2.936958843058064,38.51085640139547,0.1,ERA5
54f6df75-af3f-5aec-ac2b-3d8baf6a7e35,2023-03-13T08:06:00+00:00,21.42382,72.93317,2023-03-13T08:00:00+00:00,21.5,73.0,10.935467475952716,-2.2646636962890625,-0.73095703125,2.379705830312531,72.11167133465051,0.1,ERA5
040313a4-4d16-504a-adcf-eb124e1089bf,2023-03-13T08:58:00+00:00,21.72345,72.76429,2023-03-13T09:00:00+00:00,21.75,72.75,3.3006342699639224,-1.6861419677734375,-1.1814727783203125,2.058871696196438,54.98122839376231,0.03333333333333333,ERA5
2e5b0d95-a994-55c8-b469-5cfc778ab862,2023-03-13T08:58:00+00:00,21.351835,72.86604,2023-03-13T09:00:00+00:00,21.25,72.75,16.51487412620981,0.1458892822265625,-1.6609649658203125,1.667359679358672,354.98036164238,0.03333333333333333,ERA5
3feff3ab-1c4f-5743-a981-16b8cc78476f,2023-03-13T21:27:00+00:00,22.07966,72.57508,2023-03-13T21:00:00+00:00,22.0,72.5,11.761961026759538,-0.20233154296875,-2.4243927001953125,2.4328209999998838,4.770654893696303,0.45,ERA5
97608b43-f61d-530e-b9b9-51987c7a192f,2023-03-14T07:47:00+00:00,21.79661,72.69318,2023-03-14T08:00:00+00:00,21.75,72.75,7.828615447560716,-0.99932861328125,-1.59210205078125,1.8797464237030717,32.11561845986387,0.21666666666666667,ERA5
a8b428e1-392a-5947-982c-765e0558acf3,2023-03-14T07:47:00+00:00,21.91764,72.72515,2023-03-14T08:00:00+00:00,22.0,72.75,9.509827413025882,-1.12432861328125,-1.78448486328125,2.1091469977037733,32.21329855081325,0.21666666666666667,ERA5
46ed8397-3cb5-542e-a007-39756bcf276e,2023-03-14T08:39:00+00:00,21.92396,72.79448,2023-03-14T09:00:00+00:00,22.0,72.75,9.619372802628776,-1.1121978759765625,-1.9446868896484375,2.24026588022433,29.765937289850967,0.35,ERA5
9580f9e0-941e-55d3-b0fc-8b34576075e0,2023-03-14T08:39:00+00:00,21.87171,72.67606,2023-03-14T09:00:00+00:00,21.75,72.75,15.53777018249677,-0.8621978759765625,-1.7464447021484375,1.9476792022817413,26.27497639463968,0.35,ERA5
a0be0a74-f1ea-5b41-b5e3-b2390bef4c66,2023-03-15T19:57:00+00:00,21.684795,72.533745,2023-03-15T20:00:00+00:00,21.75,72.5,8.044936504798493,-2.86822509765625,-1.068695068359375,3.0608535345489587,69.56470468222426,0.05,ERA5
f6b3609f-111e-5e70-86bd-50d1b568b898,2023-03-16T08:01:00+00:00,21.609,72.89135,2023-03-16T08:00:00+00:00,21.5,73.0,16.527505642376195,-0.2972259521484375,1.5835418701171875,1.6111946254393927,169.3694448990878,0.016666666666666666,ERA5
09cd4f3e-7f19-50a7-b04b-0426753e267e,2023-03-17T07:43:00+00:00,21.53984,72.93587,2023-03-17T08:00:00+00:00,21.5,73.0,7.977010964292699,1.332183837890625,1.2054595947265625,1.796620887236738,227.8588483444286,0.2833333333333333,ERA5
4d8811a9-60d6-5a9e-b607-22b65529b936,2023-03-17T07:43:00+00:00,21.548435,72.911795,2023-03-17T08:00:00+00:00,21.5,73.0,10.594943109392387,1.332183837890625,1.2054595947265625,1.796620887236738,227.8588483444286,0.2833333333333333,ERA5
d87c8301-6941-582e-94d0-451b0506830f,2023-03-17T08:31:00+00:00,21.68262,72.65658,2023-03-17T09:00:00+00:00,21.75,72.75,12.217544714408918,1.177093505859375,2.529510498046875,2.789977147086632,204.95464930974248,0.48333333333333334,ERA5
d426dec9-0035-594b-8bae-3d792bb0bb5b,2023-03-17T20:11:00+00:00,21.90604,72.7534,2023-03-17T20:00:00+00:00,22.0,72.75,10.453757869935517,-0.4300537109375,1.7781219482421875,1.8293889299740795,166.40363047969916,0.18333333333333332,ERA5
27220e51-b914-531c-94af-c1822a6557c5,2023-03-18T08:12:00+00:00,21.703435,72.68108,2023-03-18T08:00:00+00:00,21.75,72.75,8.802932350152664,0.0451507568359375,1.9471588134765625,1.9476822214474088,181.3283376201465,0.2,ERA5
8a1e034b-8d58-5277-b498-c0d9987cac8e,2023-03-18T20:41:00+00:00,21.68465,72.53545,2023-03-18T21:00:00+00:00,21.75,72.5,8.137202261004385,-0.4297027587890625,2.5870361328125,2.6224798213500873,170.56935577670225,0.31666666666666665,ERA5
83f1e6dc-6c5a-5172-85f1-4e1ac8730463,2023-03-18T21:33:00+00:00,21.90619,72.757515,2023-03-18T22:00:00+00:00,22.0,72.75,10.459949136793913,-1.1248321533203125,0.6897430419921875,1.3194668760980124,121.51647637126584,0.45,ERA5
452c2a08-2d3a-5160-8cce-96ad7dde9fbe,2023-03-19T07:54:00+00:00,21.84847,72.73933,2023-03-19T08:00:00+00:00,21.75,72.75,11.004640865673192,1.9731903076171875,2.8582305908203125,3.4731775221510697,214.61940568655416,0.1,ERA5
65b2c34e-529c-596a-ad73-7a11ddd8547d,2023-03-19T07:54:00+00:00,21.7051,72.87458,2023-03-19T08:00:00+00:00,21.75,72.75,13.80307098351878,1.9731903076171875,2.8582305908203125,3.4731775221510697,214.61940568655416,0.1,ERA5
bc5c5d4f-679d-5f45-866e-497f79ad4d44,2023-03-19T07:54:00+00:00,21.795185,72.677085,2023-03-19T08:00:00+00:00,21.75,72.75,9.05184102700246,1.9731903076171875,2.8582305908203125,3.4731775221510697,214.61940568655416,0.1,ERA5
c1edad13-cb1b-5b33-bee8-b15247ae27c4,2023-03-19T08:45:00+00:00,21.64503,72.94427,2023-03-19T09:00:00+00:00,21.75,73.0,13.01504127817479,2.8224639892578125,2.03643798828125,3.480428515394636,234.18914808285726,0.25,ERA5
09dd8d9b-858a-53d7-879d-c19d06422ab0,2023-03-19T08:46:00+00:00,21.7482433333333,72.6952,2023-03-19T09:00:00+00:00,21.75,72.75,5.663088582914796,2.9132843017578125,2.72784423828125,3.9910349047825577,226.88279848676208,0.23333333333333334,ERA5
5645a51e-7a44-5c02-882c-e3f1894d85f6,2023-03-19T08:46:00+00:00,21.82336,72.68047,2023-03-19T09:00:00+00:00,21.75,72.75,10.866509513730819,2.9132843017578125,2.72784423828125,3.9910349047825577,226.88279848676208,0.23333333333333334,ERA5
f48b347a-8557-5259-bd53-941f68148577,2023-03-19T08:46:00+00:00,21.69648,72.65443,2023-03-19T09:00:00+00:00,21.75,72.75,11.527211505322516,2.9132843017578125,2.72784423828125,3.9910349047825577,226.88279848676208,0.23333333333333334,ERA5
b1160fac-297c-5364-ab06-67db545d1bec,2023-03-20T07:35:00+00:00,21.8253,72.72355,2023-03-20T08:00:00+00:00,21.75,72.75,8.807109430836148,2.846588134765625,1.2956085205078125,3.1275654185645556,245.5276129340378,0.4166666666666667,ERA5
121321c7-82b0-5929-b37b-e21249d76070,2023-03-20T08:27:00+00:00,21.54999,72.78809,2023-03-20T08:00:00+00:00,21.5,72.75,6.813385754104583,2.856353759765625,2.9411163330078125,4.099868544869767,224.16236019750093,0.45,ERA5
394ce939-6631-5761-aedc-b42d3217ba52,2023-03-21T08:56:00+00:00,22.04914,72.712135,2023-03-21T09:00:00+00:00,22.0,72.75,6.714986938685068,2.0917816162109375,1.9779510498046875,2.878861004866596,226.60214726490184,0.06666666666666667,ERA5
58df86e3-5266-5267-bbed-63268e559a11,2023-03-22T07:49:00+00:00,21.96826,72.66829,2023-03-22T08:00:00+00:00,22.0,72.75,9.134457349791008,2.504730224609375,0.645294189453125,2.586518526709928,255.55303819506832,0.18333333333333332,ERA5
b55e0e04-0f72-5a30-9894-0b92609c1c54,2023-03-22T08:37:00+00:00,21.43104,72.90989,2023-03-22T09:00:00+00:00,21.5,73.0,12.072688719739194,3.3248138427734375,0.7113494873046875,3.4000595850935484,257.9235430217968,0.38333333333333336,ERA5
07844bd6-be3f-5b04-960f-716a854ed5b4,2023-03-22T08:38:00+00:00,22.0795,72.62345,2023-03-22T09:00:00+00:00,22.0,72.5,15.493320970401458,2.1275482177734375,1.6488494873046875,2.691684612047976,232.22432211225265,0.36666666666666664,ERA5
45b60d43-f02f-5cd8-822f-1fdb28a792e9,2023-03-22T08:38:00+00:00,21.76269,72.73425,2023-03-22T09:00:00+00:00,21.75,72.75,2.153330814584007,3.0425872802734375,1.3607635498046875,3.333018871317528,245.90394672531338,0.36666666666666664,ERA5
af155cb5-88aa-5072-8c9b-9caec58ab146,2023-03-23T07:30:00+00:00,21.81291,72.6389,2023-03-23T07:00:00+00:00,21.75,72.75,13.436345111499342,2.0193634033203125,1.6585693359375,2.6131744673445656,230.6026170447074,0.5,ERA5
80f0a5ec-f8c8-5203-8946-ac46921dbb17,2023-03-23T08:19:00+00:00,21.9194,72.67327,2023-03-23T08:00:00+00:00,22.0,72.75,11.955669835880222,2.03759765625,1.585479736328125,2.5817726861717696,232.11307704298883,0.31666666666666665,ERA5
b8a8a274-2275-5b56-ae2f-38312f276b0b,2023-03-23T08:19:00+00:00,21.71325,72.72506,2023-03-23T08:00:00+00:00,21.75,72.75,4.83064122858843,2.23193359375,2.097198486328125,3.0626408633672293,226.78263489610015,0.31666666666666665,ERA5
8497e5ad-5ce6-5b70-9cb7-18c94b2d3a74,2023-03-24T08:00:00+00:00,21.56376,72.88622,2023-03-24T08:00:00+00:00,21.5,73.0,13.739381107718222,3.6284332275390625,1.3905029296875,3.885746528555235,249.03196531238416,0.0,ERA5
edd26362-c273-5ebc-a939-536c21cd01fb,2023-03-24T08:00:00+00:00,21.55194,72.80028,2023-03-24T08:00:00+00:00,21.5,72.75,7.772104156526685,2.5600738525390625,3.2371826171875,4.127145433283774,218.33814343240886,0.0,ERA5
c39693d9-9871-55df-8a9d-f6201c174c5b,2023-03-24T08:52:00+00:00,21.79211,72.91916,2023-03-24T09:00:00+00:00,21.75,73.0,9.571390155820671,3.6992950439453125,2.131103515625,4.269237170323006,240.0544573572938,0.13333333333333333,ERA5
e0275c91-bba2-52e6-bf91-a8bfabcca23b,2023-03-24T08:52:00+00:00,22.05851,72.55006,2023-03-24T09:00:00+00:00,22.0,72.5,8.303861380816667,2.8330841064453125,3.654541015625,4.624071321798405,217.78366452180302,0.13333333333333333,ERA5
1c8fb6cf-3339-55c0-a161-762e51528796,2023-03-25T07:41:00+00:00,21.73683,72.95742,2023-03-25T08:00:00+00:00,21.75,73.0,4.635232000357311,2.2070159912109375,-0.4079132080078125,2.2443958587397237,280.47155997732466,0.31666666666666665,ERA5
3fc8a2bd-fae9-5071-ab84-824cb5d3a853,2023-03-25T07:41:00+00:00,21.590155,72.987075,2023-03-25T08:00:00+00:00,21.5,73.0,10.11351353731323,2.4853363037109375,-0.7126007080078125,2.585477965792163,285.9987642806234,0.31666666666666665,ERA5
58981c21-4c5a-5504-ae1e-be2b705f690d,2023-03-25T07:41:00+00:00,21.39887,72.67598,2023-03-25T08:00:00+00:00,21.5,72.75,13.606542365651482,2.2861175537109375,-0.4596710205078125,2.3318728345430793,281.3689017247576,0.31666666666666665,ERA5
8659edb2-aeae-5b66-b03a-19e26a998dba,2023-03-25T07:41:00+00:00,21.59789,72.92072,2023-03-25T08:00:00+00:00,21.5,73.0,13.627544811903263,2.4853363037109375,-0.7126007080078125,2.585477965792163,285.9987642806234,0.31666666666666665,ERA5
9bd90a96-da0d-5705-9ab2-8cf239612250,2023-03-25T07:41:00+00:00,21.5063,72.77534,2023-03-25T08:00:00+00:00,21.5,72.75,2.7135447516069773,2.2861175537109375,-0.4596710205078125,2.3318728345430793,281.3689017247576,0.31666666666666665,ERA5
c1a4d4c7-2e28-5a52-b507-046512a849fe,2023-03-25T07:41:00+00:00,21.73419,72.7789166666667,2023-03-25T08:00:00+00:00,21.75,72.75,3.46562987122357,2.2841644287109375,-0.4596710205078125,2.3299580649623413,281.37836947582645,0.31666666666666665,ERA5
c68e5799-92c7-59a3-8024-68fe26c28eb6,2023-03-25T07:41:00+00:00,21.79865,72.8129,2023-03-25T08:00:00+00:00,21.75,72.75,8.45286953400652,2.2841644287109375,-0.4596710205078125,2.3299580649623413,281.37836947582645,0.31666666666666665,ERA5
5f10b182-f79b-57f7-90fc-71a843c4b86b,2023-03-25T08:33:00+00:00,21.83516,72.68015,2023-03-25T09:00:00+00:00,21.75,72.75,11.902946458289515,2.2225494384765625,-0.049407958984375,2.2230985477219596,271.27349308311517,0.45,ERA5
a59482f3-5a88-5f65-a470-3424c6414eba,2023-03-25T08:33:00+00:00,21.43247,72.9436,2023-03-25T09:00:00+00:00,21.5,73.0,9.510424452419217,2.6375885009765625,-0.411712646484375,2.669528123799964,278.871953051342,0.45,ERA5
e3278fce-6491-551d-8257-715e73f6eb68,2023-03-25T08:33:00+00:00,21.63785,72.94905,2023-03-25T09:00:00+00:00,21.75,73.0,13.5360449546109,2.3612213134765625,-0.171478271484375,2.3674397328775347,274.15368230321917,0.45,ERA5
ebd0a3d8-00d4-5f82-bf7c-6165dd7bc6cf,2023-03-25T08:33:00+00:00,21.92686,72.85528,2023-03-25T09:00:00+00:00,22.0,72.75,13.565254700359523,2.0877838134765625,-0.092376708984375,2.0898264780066125,272.53347382217413,0.45,ERA5
fe3817d2-00aa-5677-bdcf-070881dc4e09,2023-03-25T20:10:00+00:00,21.9263616666667,72.7114733333333,2023-03-25T20:00:00+00:00,22.0,72.75,9.101206271183235,1.8864288330078125,1.3198394775390625,2.3023010203867353,235.02145004231957,0.16666666666666666,ERA5
c611b448-db05-5f1d-86eb-7cce1ae0ba6a,2023-03-25T21:02:00+00:00,21.97973,72.87044,2023-03-25T21:00:00+00:00,22.0,72.75,12.620917249033585,2.13958740234375,1.1153106689453125,2.412830731844096,242.46815314083966,0.03333333333333333,ERA5
f9a31a8f-5940-567d-a68c-b8f4125a744e,2023-03-25T21:02:00+00:00,21.6087,72.97675,2023-03-25T21:00:00+00:00,21.5,73.0,12.323735361349707,1.30267333984375,1.1280059814453125,1.7231817444820128,229.11018009096802,0.03333333333333333,ERA5
184b9768-5f62-535f-93b1-b22cb704ddd0,2023-03-26T08:14:00+00:00,22.00852,72.60308,2023-03-26T08:00:00+00:00,22.0,72.5,10.669181910379695,0.7855072021484375,-0.710784912109375,1.0593567651690332,312.1411209065204,0.23333333333333334,ERA5
2551ad1b-395a-5f3e-bd8d-679cde4cbcde,2023-03-26T08:14:00+00:00,21.73135,72.72758,2023-03-26T08:00:00+00:00,21.75,72.75,3.1085178299448093,1.2503509521484375,-0.451995849609375,1.329540428720618,289.8746792730345,0.23333333333333334,ERA5
39f2bc21-de3d-5270-869c-3b7c154b69be,2023-03-26T08:14:00+00:00,21.42328,72.74844,2023-03-26T08:00:00+00:00,21.5,72.75,8.532402131625314,1.9163665771484375,0.616363525390625,2.0130486465665896,252.17058250283642,0.23333333333333334,ERA5
6fc134e8-afb4-52e1-8d41-1633bcc61827,2023-03-26T08:14:00+00:00,21.38512,72.83659,2023-03-26T08:00:00+00:00,21.5,72.75,15.604269006651341,1.9163665771484375,0.616363525390625,2.0130486465665896,252.17058250283642,0.23333333333333334,ERA5
a4b43863-4b8f-56b2-8de1-715635c6e6e6,2023-03-26T08:14:00+00:00,21.57276,72.87043,2023-03-26T08:00:00+00:00,21.5,72.75,14.853151056231269,1.9163665771484375,0.616363525390625,2.0130486465665896,252.17058250283642,0.23333333333333334,ERA5
a8096827-1185-5573-a732-f9f399c3bd75,2023-03-26T08:14:00+00:00,21.94402,72.97865,2023-03-26T08:00:00+00:00,22.0,73.0,6.602555723606324,1.0179290771484375,-0.919769287109375,1.3719165964496376,312.0999933501969,0.23333333333333334,ERA5
d373b03e-25a1-5f3a-b67c-a2c40a4f7bc0,2023-03-26T08:14:00+00:00,21.491175,72.74798,2023-03-26T08:00:00+00:00,21.5,72.75,1.003303308199275,1.9163665771484375,0.616363525390625,2.0130486465665896,252.17058250283642,0.23333333333333334,ERA5
fb7bbc24-97ba-5174-829c-a8ed7a6a081c,2023-03-26T08:14:00+00:00,22.057765,72.91852,2023-03-26T08:00:00+00:00,22.0,73.0,10.573350443869085,1.0179290771484375,-0.919769287109375,1.3719165964496376,312.0999933501969,0.23333333333333334,ERA5
5944c5bd-c90e-575b-bdb3-ba97878c8364,2023-03-26T09:03:00+00:00,21.73667,72.87798,2023-03-26T09:00:00+00:00,21.75,73.0,12.689541710495641,1.544586181640625,-0.6223907470703125,1.6652677606180657,291.94696206483786,0.05,ERA5
70ec0a8f-3a0d-5ac4-9013-105f683136e2,2023-03-26T09:03:00+00:00,22.02997,72.74075,2023-03-26T09:00:00+00:00,22.0,72.75,3.4662525620239744,1.547515869140625,-0.8499298095703125,1.7655554498339303,298.77656038487214,0.05,ERA5
d6610758-7c31-5dde-ac83-68c4293716ee,2023-03-26T09:03:00+00:00,22.03995,72.72256,2023-03-26T09:00:00+00:00,22.0,72.75,5.266358410453771,1.547515869140625,-0.8499298095703125,1.7655554498339303,298.77656038487214,0.05,ERA5
da530e1c-23f8-567f-975a-5576b27e26b2,2023-03-26T09:03:00+00:00,21.84095,72.86093,2023-03-26T09:00:00+00:00,21.75,72.75,15.279063816368632,1.719390869140625,-0.2298126220703125,1.7346811817008294,277.6129942487789,0.05,ERA5
6dbb36db-05f4-5982-9330-4a694e9504b7,2023-03-26T20:43:00+00:00,21.43061,72.97591,2023-03-26T21:00:00+00:00,21.5,73.0,8.108533594369424,1.14825439453125,1.1758575439453125,1.6435112163333203,224.31953810884613,0.2833333333333333,ERA5
25ff3cec-1050-5b6a-a8e2-0357f234884e,2023-03-27T07:55:00+00:00,21.51298,72.9327,2023-03-27T08:00:00+00:00,21.5,73.0,7.1104194529055835,1.5240478515625,-0.072998046875,1.5257950611729731,272.7422275174137,0.08333333333333333,ERA5
5177409d-c1d0-54fb-bdbb-43ca1bc195ec,2023-03-27T07:55:00+00:00,21.76332,72.67039,2023-03-27T08:00:00+00:00,21.75,72.75,8.353997651656826,1.1793212890625,-0.093505859375,1.1830224209935727,274.53337573999715,0.08333333333333333,ERA5
e052391e-cc17-5517-a189-4c62fe436082,2023-03-27T07:55:00+00:00,21.7435175,72.5995125,2023-03-27T08:00:00+00:00,21.75,72.5,10.303020312851482,0.4556884765625,0.974853515625,1.0761000718326685,205.0534098586981,0.08333333333333333,ERA5
50a3c0e3-eed4-590e-a5fb-fd713c983d92,2023-03-27T07:56:00+00:00,21.8378666666667,72.65983,2023-03-27T08:00:00+00:00,21.75,72.75,13.495621232642884,1.1793212890625,-0.093505859375,1.1830224209935727,274.53337573999715,0.06666666666666667,ERA5
b0eebb46-1a40-5e97-9211-bacf78848acc,2023-03-27T07:56:00+00:00,21.92708,72.78521,2023-03-27T08:00:00+00:00,22.0,72.75,8.884220325752416,1.1783447265625,-1.001708984375,1.5465824206925562,310.3678100072527,0.06666666666666667,ERA5
0afabe12-1ea8-5e4d-9fae-8195be566a46,2023-03-27T08:44:00+00:00,21.41248,72.82754,2023-03-27T09:00:00+00:00,21.5,72.75,12.613503819242661,2.633941650390625,2.113983154296875,3.3773618986293807,231.24971573662407,0.26666666666666666,ERA5
2c4d543c-734b-5ad5-a6fb-ecdbd69593b7,2023-03-27T08:44:00+00:00,21.8065533333333,72.9154,2023-03-27T09:00:00+00:00,21.75,73.0,10.763666691658086,1.783355712890625,-0.541290283203125,1.8636933141989185,286.8842742143579,0.26666666666666666,ERA5
3e437e8b-83d8-5f1e-8260-e51596c0fe18,2023-03-27T08:44:00+00:00,21.75464,72.76013,2023-03-27T09:00:00+00:00,21.75,72.75,1.1665032774321145,1.820465087890625,0.155975341796875,1.827134763359636,265.1029234799672,0.26666666666666666,ERA5
8392322a-91d9-5aac-8302-25b910b4a2fc,2023-03-27T08:44:00+00:00,21.77481,72.80434,2023-03-27T09:00:00+00:00,21.75,72.75,6.253139681608658,1.820465087890625,0.155975341796875,1.827134763359636,265.1029234799672,0.26666666666666666,ERA5
8e523f18-ef87-58d8-bd18-fe4a19fd51d1,2023-03-27T08:44:00+00:00,21.45438,72.85606,2023-03-27T09:00:00+00:00,21.5,72.75,12.090113328468158,2.633941650390625,2.113983154296875,3.3773618986293807,231.24971573662407,0.26666666666666666,ERA5
9711a5d1-e52e-504b-9112-960d2b837dcb,2023-03-27T08:44:00+00:00,21.43781,72.71497,2023-03-27T09:00:00+00:00,21.5,72.75,7.8076915129051665,2.633941650390625,2.113983154296875,3.3773618986293807,231.24971573662407,0.26666666666666666,ERA5
d4b68956-6bb6-5f65-8d44-b06e807c5a4a,2023-03-27T08:44:00+00:00,22.02503,72.77677,2023-03-27T09:00:00+00:00,22.0,72.75,3.919459267552887,1.668121337890625,-0.891876220703125,1.8915792320126847,298.1315925671084,0.26666666666666666,ERA5
2e9c9546-05dd-5615-ab32-536c6d71b6de,2023-03-28T07:37:00+00:00,21.51185,72.85349,2023-03-28T08:00:00+00:00,21.5,72.75,10.787181199802843,1.61077880859375,1.65362548828125,2.308481237893889,224.24801197167338,0.38333333333333336,ERA5
b4d11614-74a5-5240-9464-bd7c0636efce,2023-03-28T07:37:00+00:00,21.99142,72.55147,2023-03-28T08:00:00+00:00,22.0,72.5,5.391702036503537,-0.96246337890625,-0.14031982421875,0.9726383751448514,81.7051527761854,0.38333333333333336,ERA5
c00a3a20-8b7d-5387-86e8-5f51f4a22fad,2023-03-28T07:37:00+00:00,22.025268,72.563502,2023-03-28T08:00:00+00:00,22.0,72.5,7.123834847694087,-0.96246337890625,-0.14031982421875,0.9726383751448514,81.7051527761854,0.38333333333333336,ERA5
d70dca59-a9f8-5435-af01-ca1abdc690f0,2023-03-28T07:37:00+00:00,21.77171,72.70175,2023-03-28T08:00:00+00:00,21.75,72.75,5.536804033179539,0.01898193359375,0.44366455078125,0.44407043070090346,182.44987298933756,0.38333333333333336,ERA5
a174917d-2a6e-521c-b636-d19832234043,2023-03-28T08:25:00+00:00,21.57334,72.86491,2023-03-28T08:00:00+00:00,21.5,72.75,14.414074939780175,1.61077880859375,1.65362548828125,2.308481237893889,224.24801197167338,0.4166666666666667,ERA5
140e6acf-8fb9-51de-bf1d-d0aea6683240,2023-03-28T09:17:00+00:00,22.02096,72.57169,2023-03-28T09:00:00+00:00,22.0,72.5,7.749340305812163,-0.2529296875,0.5178985595703125,0.5763612971252079,153.97018592336048,0.2833333333333333,ERA5
267c6f7c-fd4a-52ae-9e5f-7bb234a60b9c,2023-03-28T09:17:00+00:00,21.91607,72.55551,2023-03-28T09:00:00+00:00,22.0,72.5,10.94847363480631,-0.2529296875,0.5178985595703125,0.5763612971252079,153.97018592336048,0.2833333333333333,ERA5
aa299737-d82d-5c3b-9ed8-27bf41adf11c,2023-03-28T09:17:00+00:00,21.747245,72.61802,2023-03-28T09:00:00+00:00,21.75,72.5,12.192942540389955,0.138671875,2.0335235595703125,2.0382462943038875,183.90112592069633,0.2833333333333333,ERA5
be56eb51-0769-54c4-9ccb-be861295682d,2023-03-28T09:17:00+00:00,21.760025,72.698235,2023-03-28T09:00:00+00:00,21.75,72.75,5.461028314121316,0.6494140625,0.8108673095703125,1.038866891522947,218.6908254756299,0.2833333333333333,ERA5
cc1560d1-f1ef-5c53-a14c-d8962e28d536,2023-03-28T09:17:00+00:00,21.81288,72.76108,2023-03-28T09:00:00+00:00,21.75,72.75,7.084920666279584,0.6494140625,0.8108673095703125,1.038866891522947,218.6908254756299,0.2833333333333333,ERA5
f5ae927c-e36d-5d23-8655-081334ca724e,2023-03-28T09:17:00+00:00,21.54453,72.78927,2023-03-28T09:00:00+00:00,21.5,72.75,6.404577461608822,2.1943359375,2.0413360595703125,2.9970257113855485,227.06872429752215,0.2833333333333333,ERA5
1c732c62-fc33-5556-8fbd-a1943d544da6,2023-03-28T20:54:00+00:00,22.049425,72.7328,2023-03-28T21:00:00+00:00,22.0,72.75,5.774718432154853,2.66650390625,0.5616607666015625,2.7250148437735096,258.10534391453666,0.1,ERA5
d0598ad3-038d-5f60-830f-0117b1613d78,2023-03-28T20:54:00+00:00,21.8983,72.84275,2023-03-28T21:00:00+00:00,22.0,72.75,14.811710849084786,2.66650390625,0.5616607666015625,2.7250148437735096,258.10534391453666,0.1,ERA5
302a5014-d0c1-5a42-8139-7e212140cb4d,2023-03-29T08:06:00+00:00,21.81468,72.71201,2023-03-29T08:00:00+00:00,21.75,72.75,8.192286394963867,1.886138916015625,0.378509521484375,1.9237436077510244,258.6526342221425,0.1,ERA5
83df5661-b8c1-518c-8803-b3d6354334b9,2023-03-29T08:06:00+00:00,22.07641,72.66286,2023-03-29T08:00:00+00:00,22.0,72.75,12.363539171558386,1.492584228515625,-0.055084228515625,1.4936003318976416,272.11355718188764,0.1,ERA5
3d116662-3ca5-522d-8abd-0dee883976f2,2023-03-29T08:58:00+00:00,22.0942,72.75779,2023-03-29T09:00:00+00:00,22.0,72.75,10.505286620599948,1.71435546875,1.0726165771484375,2.022256411735827,237.96712122083034,0.03333333333333333,ERA5
503ae114-021a-5c32-8cfd-358850fd530e,2023-03-29T08:58:00+00:00,21.77783,72.61388,2023-03-29T09:00:00+00:00,21.75,72.5,12.160593308558003,0.67138671875,2.2640228271484375,2.361474007471413,196.5175082691223,0.03333333333333333,ERA5
a4b7fd81-9897-55eb-8641-eb8f2a9dd23d,2023-03-29T08:58:00+00:00,21.7744533333333,72.7965333333333,2023-03-29T09:00:00+00:00,21.75,72.75,5.5214388812450705,2.05029296875,1.4544525146484375,2.513788649642776,234.6485811184716,0.03333333333333333,ERA5
ecea53bf-7153-5d3a-898b-cbd750b63e7a,2023-03-29T08:58:00+00:00,22.067815,72.707025,2023-03-29T09:00:00+00:00,22.0,72.75,8.745462340137601,1.71435546875,1.0726165771484375,2.022256411735827,237.96712122083034,0.03333333333333333,ERA5
2f6c8eb8-0ae8-5f01-935a-ac2ade6b5a16,2023-03-29T20:35:00+00:00,22.01868,72.74345,2023-03-29T21:00:00+00:00,22.0,72.75,2.1841229161586115,1.7194061279296875,1.243865966796875,2.12215927209003,234.11698212298268,0.4166666666666667,ERA5
828ed867-6287-56e2-ae99-7a4d01f191db,2023-03-30T21:08:00+00:00,21.79368,72.64647,2023-03-30T21:00:00+00:00,21.75,72.75,11.742419458746534,2.876190185546875,1.231781005859375,3.1288583269032975,246.81608532073577,0.13333333333333333,ERA5
441031b6-af5a-5b74-be0a-095be2036e68,2023-03-31T07:29:00+00:00,21.98922,72.71773,2023-03-31T07:00:00+00:00,22.0,72.75,3.536446532151402,3.0198211669921875,0.953887939453125,3.166894706435341,252.46994253087664,0.48333333333333334,ERA5
5abc282b-a282-5af7-a94e-da57a11948b8,2023-03-31T07:29:00+00:00,22.0696614285714,72.64399,2023-03-31T07:00:00+00:00,22.0,72.75,13.393814245483577,3.0198211669921875,0.953887939453125,3.166894706435341,252.46994253087664,0.48333333333333334,ERA5
b4e8c09c-7ec9-5d7a-b3ea-ea1335e5cb6a,2023-03-31T07:29:00+00:00,21.53008,72.7348,2023-03-31T07:00:00+00:00,21.5,72.75,3.695907602912392,3.0051727294921875,1.926544189453125,3.5696828497779913,237.33704126162067,0.48333333333333334,ERA5
19ee6333-79a7-5798-97cb-42c1074a30e6,2023-03-31T08:21:00+00:00,21.48843,72.71947,2023-03-31T08:00:00+00:00,21.5,72.75,3.410640292207284,2.8366241455078125,3.173187255859375,4.256237059143473,221.7946541328359,0.35,ERA5
4ab25775-1ff0-5e71-9101-3b1bb646efdd,2023-03-31T08:21:00+00:00,21.504185,72.701645,2023-03-31T08:00:00+00:00,21.5,72.75,5.0242228774028606,2.8366241455078125,3.173187255859375,4.256237059143473,221.7946541328359,0.35,ERA5
5dcdbf0c-8f37-53e1-b1cb-79f5f3fa80f8,2023-03-31T08:21:00+00:00,21.47932,72.77054,2023-03-31T08:00:00+00:00,21.5,72.75,3.1311514047593065,2.8366241455078125,3.173187255859375,4.256237059143473,221.7946541328359,0.35,ERA5
75afc857-274e-5d09-af91-6bd4add49ce9,2023-03-31T08:21:00+00:00,21.9295466666667,72.54612,2023-03-31T08:00:00+00:00,22.0,72.5,9.164745169072967,2.0876007080078125,1.962249755859375,2.8650481357989253,226.77285269112954,0.35,ERA5
9581bb13-e828-5eef-8006-135756a82ca5,2023-03-31T08:21:00+00:00,21.97625,72.8996,2023-03-31T08:00:00+00:00,22.0,73.0,10.68346776854581,3.3522491455078125,1.353851318359375,3.615312949909216,248.00801197955371,0.35,ERA5
c006d965-ac62-5421-82ab-ccd5eabe393f,2023-03-31T08:21:00+00:00,21.36778,72.83618,2023-03-31T08:00:00+00:00,21.25,72.75,15.849991293631478,3.5514678955078125,2.805023193359375,4.525602648057683,231.69758709635437,0.35,ERA5
9332c295-3d75-510d-998f-5889fe67918f,2023-03-31T19:57:00+00:00,21.90796,72.75497,2023-03-31T20:00:00+00:00,22.0,72.75,10.247208258069762,1.60400390625,1.4307403564453125,2.149382818119313,228.2676574627725,0.05,ERA5
23e87aef-c7bd-5ab1-96bf-2da632a18c2c,2023-04-01T08:02:00+00:00,21.88598,72.71098,2023-04-01T08:00:00+00:00,22.0,72.75,13.301864955259108,1.9259796142578125,0.115386962890625,1.9294329803706047,266.57146260697243,0.03333333333333333,ERA5
4236f308-e440-5a86-92f3-00cc8b1f228e,2023-04-01T08:02:00+00:00,21.73219,72.73459,2023-04-01T08:00:00+00:00,21.75,72.75,2.5407059810478714,2.0949249267578125,0.569488525390625,2.1709508583343875,254.7921041790252,0.03333333333333333,ERA5
53fdd540-ae7c-51d6-8d24-f7d0477c0163,2023-04-01T08:02:00+00:00,21.48984,72.73386,2023-04-01T08:00:00+00:00,21.5,72.75,2.0161263061403325,2.7589874267578125,1.606597900390625,3.192674182334812,239.7871439408494,0.03333333333333333,ERA5
59b6cd07-19ff-56eb-b02f-10ab04a27b33,2023-04-01T08:02:00+00:00,22.09499,72.70741,2023-04-01T08:00:00+00:00,22.0,72.75,11.43817861724499,1.9259796142578125,0.115386962890625,1.9294329803706047,266.57146260697243,0.03333333333333333,ERA5
777ab845-e016-544b-af12-1a822a10268c,2023-04-01T08:02:00+00:00,21.8241,72.63068,2023-04-01T08:00:00+00:00,21.75,72.75,14.821399086755854,2.0949249267578125,0.569488525390625,2.1709508583343875,254.7921041790252,0.03333333333333333,ERA5
97a21761-b33a-5448-b0ce-8cd3515f1922,2023-04-01T08:02:00+00:00,21.80414,72.68881,2023-04-01T08:00:00+00:00,21.75,72.75,8.727213811550524,2.0949249267578125,0.569488525390625,2.1709508583343875,254.7921041790252,0.03333333333333333,ERA5
d7c0c6ce-c269-5fad-9f65-bde186618ba6,2023-04-01T08:50:00+00:00,21.4846166666667,72.7804166666667,2023-04-01T09:00:00+00:00,21.5,72.75,3.581845601716227,2.97662353515625,2.0028839111328125,3.5877334950523796,236.06453028793018,0.16666666666666666,ERA5
a3c3015d-bdd3-5918-9599-d7315e061b27,2023-04-02T07:43:00+00:00,21.959605,72.97208,2023-04-02T08:00:00+00:00,22.0,73.0,5.335134645203657,1.16265869140625,-1.36663818359375,1.7942895969042785,319.6107379435656,0.2833333333333333,ERA5
e57292c0-9468-54b8-a89e-2adf373fdc0f,2023-04-02T08:31:00+00:00,21.51967,72.74049,2023-04-02T09:00:00+00:00,21.5,72.75,2.3982820445388815,2.8041534423828125,1.1668701171875,3.0372458574854533,247.40672775134004,0.48333333333333334,ERA5
f529fa28-8eb0-5301-80ae-cdc622856166,2023-04-02T08:31:00+00:00,21.77149,72.89619,2023-04-02T09:00:00+00:00,21.75,73.0,10.983667186245219,1.5922393798828125,-1.0274658203125,1.894970251682079,302.8339943172542,0.48333333333333334,ERA5
256550c0-7fb4-5515-83c3-7951e3fb7c3b,2023-04-02T08:32:00+00:00,22.07627,72.53812,2023-04-02T09:00:00+00:00,22.0,72.5,9.346762846970998,0.9525909423828125,0.1854248046875,0.970469917979518,258.98493862174877,0.4666666666666667,ERA5
1c4662b3-f9d3-5f27-9485-7ca70a55f229,2023-04-03T07:24:00+00:00,21.42299,72.79047,2023-04-03T07:00:00+00:00,21.5,72.75,9.532404240160089,2.750396728515625,2.037933349609375,3.4231351860070527,233.46304194930624,0.4,ERA5
8f9e5648-a758-52da-b111-f8141795e5e4,2023-04-03T07:24:00+00:00,22.09876,72.6336866666667,2023-04-03T07:00:00+00:00,22.0,72.75,16.257185357172048,2.174224853515625,0.672698974609375,2.275912481640176,252.80808156138542,0.4,ERA5
0e3995bc-fc42-5503-8875-82ba8c6412fa,2023-04-03T08:13:00+00:00,21.83289,72.943,2023-04-03T08:00:00+00:00,21.75,73.0,10.93561430909811,2.483489990234375,0.7709197998046875,2.600392252973623,252.7547206528655,0.21666666666666667,ERA5
24082977-ad2f-5624-8347-cf5e79e4f5e0,2023-04-03T08:13:00+00:00,21.7492,72.7142,2023-04-03T08:00:00+00:00,21.75,72.75,3.6984652157153985,2.390716552734375,1.7406463623046875,2.9572580871683614,233.94217531999323,0.21666666666666667,ERA5
4d45fc73-931c-5749-9179-5043a3fc9d8a,2023-04-03T08:13:00+00:00,21.57756,72.86253,2023-04-03T08:00:00+00:00,21.5,72.75,14.486001122537202,2.967864990234375,2.6429901123046875,3.9741186864510265,228.313790754053,0.21666666666666667,ERA5
9bb265d2-317a-54be-b96f-6676a6b7cbd8,2023-04-03T08:13:00+00:00,21.83883,72.70195,2023-04-03T08:00:00+00:00,21.75,72.75,11.053306853944651,2.390716552734375,1.7406463623046875,2.9572580871683614,233.94217531999323,0.21666666666666667,ERA5
ac1c817b-c143-50cc-b1e9-2d9a1f60a9dc,2023-04-03T08:13:00+00:00,21.60998,72.78434,2023-04-03T08:00:00+00:00,21.5,72.75,12.734447803406233,2.967864990234375,2.6429901123046875,3.9741186864510265,228.313790754053,0.21666666666666667,ERA5
e999a60d-0e45-5c49-a48d-4cc43ec56e39,2023-04-03T08:13:00+00:00,21.44017,72.95194,2023-04-03T08:00:00+00:00,21.5,73.0,8.30616389282036,2.766693115234375,0.8236541748046875,2.8866930896024403,253.42154824180767,0.21666666666666667,ERA5
4254c61f-10af-56a5-b4ad-2fc0f02a98db,2023-04-03T09:05:00+00:00,21.47011,72.78416,2023-04-03T09:00:00+00:00,21.5,72.75,4.85169695923695,3.1976318359375,3.1011962890625,4.454466048977817,225.87713429718167,0.08333333333333333,ERA5
4b2655ed-6c34-5e1d-9b82-1dd553cfc3ee,2023-04-03T09:05:00+00:00,21.506895,72.86205,2023-04-03T09:00:00+00:00,21.5,72.75,11.617487919054213,3.1976318359375,3.1011962890625,4.454466048977817,225.87713429718167,0.08333333333333333,ERA5
a7e65726-d380-5b55-8dbc-4d63d23c647a,2023-04-03T09:05:00+00:00,21.83925,72.71193,2023-04-03T09:00:00+00:00,21.75,72.75,10.674190837917507,2.5706787109375,2.2017822265625,3.384705896835618,229.41999781809005,0.08333333333333333,ERA5
bd3b0022-bd70-5210-87f9-493de75db835,2023-04-03T09:05:00+00:00,21.77159,72.74032,2023-04-03T09:00:00+00:00,21.75,72.75,2.6005158313439014,2.5706787109375,2.2017822265625,3.384705896835618,229.41999781809005,0.08333333333333333,ERA5
c482e9d9-dc12-5d35-8dfd-287d608060f7,2023-04-03T09:05:00+00:00,21.77198,72.68086,2023-04-03T09:00:00+00:00,21.75,72.75,7.546873212272227,2.5706787109375,2.2017822265625,3.384705896835618,229.41999781809005,0.08333333333333333,ERA5
64158f91-ccdc-520d-a1b6-428c829fa973,2023-04-03T20:41:00+00:00,21.90589,72.75793,2023-04-03T21:00:00+00:00,22.0,72.75,10.496464294576421,2.0981597900390625,0.724578857421875,2.2197497663384387,250.948150279761,0.31666666666666665,ERA5
603dc80a-b95d-54da-ae46-bcdc57863b51,2023-04-04T07:54:00+00:00,21.79131,72.66628,2023-04-04T08:00:00+00:00,21.75,72.75,9.789817073140473,2.48486328125,-0.97674560546875,2.6699396068651127,291.4587081176725,0.1,ERA5
62cef81d-12c8-51fc-9530-d19c44a9dd0f,2023-04-04T07:54:00+00:00,21.93571,72.9886,2023-04-04T08:00:00+00:00,22.0,73.0,7.244737663392956,2.61474609375,-1.07635498046875,2.8276204092418005,292.3744170781506,0.1,ERA5
a7eda47f-f130-57b9-9283-b8bbf1883d8a,2023-04-04T07:54:00+00:00,21.50508,72.9050033333333,2023-04-04T08:00:00+00:00,21.5,73.0,9.844185906699044,2.45654296875,-1.00604248046875,2.6545667875988315,292.2708600574116,0.1,ERA5
085189ff-63c9-5423-8960-b03b9c7fe870,2023-04-04T08:46:00+00:00,21.57003,72.95612,2023-04-04T09:00:00+00:00,21.5,73.0,9.013114552319388,2.94732666015625,-0.7682037353515625,3.045795695820041,284.60878606270705,0.23333333333333334,ERA5
4edd14ad-d2d6-5827-b21f-770f11836eec,2023-04-04T08:46:00+00:00,21.91005,72.67733,2023-04-04T09:00:00+00:00,22.0,72.75,12.4982968407643,2.98736572265625,-1.0680084228515625,3.17253777789696,289.67239814575345,0.23333333333333334,ERA5
a7753059-42c3-5779-a1b5-bd99457c0518,2023-04-04T08:46:00+00:00,21.62688,72.85001,2023-04-04T09:00:00+00:00,21.75,72.75,17.152341130153225,2.88677978515625,-0.6930084228515625,2.9687974336640037,283.4991351519109,0.23333333333333334,ERA5
91b5deb8-6732-5442-8372-d91bf645b414,2023-04-04T20:23:00+00:00,21.96966,72.54739,2023-04-04T20:00:00+00:00,22.0,72.5,5.937835655732791,1.636749267578125,0.5737457275390625,1.7343968187202308,250.682406442723,0.38333333333333336,ERA5
4c636680-6ccf-5201-a68e-769b5f42d587,2023-04-04T21:15:00+00:00,21.79807,72.72749,2023-04-04T21:00:00+00:00,21.75,72.75,5.828674469691126,0.3700714111328125,1.1253204345703125,1.1846091886353693,198.2038998850398,0.25,ERA5
95cbf3a0-9386-5b1b-91c9-75e24109c039,2023-04-04T21:15:00+00:00,21.43077,72.97367,2023-04-04T21:00:00+00:00,21.5,73.0,8.16599755936208,-0.4316864013671875,1.3567657470703125,1.4237859535578428,162.35032793088135,0.25,ERA5
01d4930c-fa34-58f3-b809-360323d5c075,2023-04-05T08:27:00+00:00,21.44234,72.97571,2023-04-05T08:00:00+00:00,21.5,73.0,6.8865764113089645,1.9133758544921875,0.3110198974609375,1.938489240921992,260.7673036609357,0.45,ERA5
5b9e596c-5f69-589f-9931-6be2b9a091eb,2023-04-05T08:27:00+00:00,21.39566,72.81939,2023-04-05T08:00:00+00:00,21.5,72.75,13.644859362667725,2.2483367919921875,1.0444183349609375,2.4790780521452525,245.0837503928502,0.45,ERA5
b2ca8fbe-063b-5c1b-9ebb-dd7882425159,2023-04-05T08:27:00+00:00,21.5663633333333,72.8861733333333,2023-04-05T08:00:00+00:00,21.5,73.0,13.894970685521665,1.9133758544921875,0.3110198974609375,1.938489240921992,260.7673036609357,0.45,ERA5
c9207e91-16e7-5c4a-a5ae-8dbe12432990,2023-04-05T08:27:00+00:00,21.78439,72.93121,2023-04-05T08:00:00+00:00,21.75,73.0,8.067561709605407,1.6653289794921875,0.3041839599609375,1.6928817121801534,259.64863879098175,0.45,ERA5
9cc76b60-764e-5ce4-81a0-c61d466d8178,2023-04-05T09:16:00+00:00,21.92014,72.54543,2023-04-05T09:00:00+00:00,22.0,72.5,10.040155204631942,1.164215087890625,1.00689697265625,1.5392330182322937,229.14439152251776,0.26666666666666666,ERA5
e63fbbe0-92c1-54fa-976b-10392fd8d54b,2023-04-05T20:04:00+00:00,22.0840635714286,72.5613421428571,2023-04-05T20:00:00+00:00,22.0,72.5,11.284822620241991,3.493988037109375,-0.574462890625,3.5408981934205133,279.3367339442092,0.06666666666666667,ERA5
35c70f38-86cc-5f70-9a5c-f4ae2e747020,2023-04-06T08:08:00+00:00,21.52075,72.8374275,2023-04-06T08:00:00+00:00,21.5,72.75,9.33406918267481,1.5314483642578125,-2.0507049560546875,2.5594383972221695,323.24794905315923,0.13333333333333333,ERA5
4bd96503-b56a-504b-bfaf-67105aec80d4,2023-04-06T08:08:00+00:00,21.75744,72.748025,2023-04-06T08:00:00+00:00,21.75,72.75,0.8520640559347115,0.5099639892578125,-2.2831268310546875,2.339386970345343,347.4089709110821,0.13333333333333333,ERA5
655ee6aa-7e82-5965-9434-04225d6db743,2023-04-06T08:08:00+00:00,21.738735,72.651165,2023-04-06T08:00:00+00:00,21.75,72.75,10.284537393968636,0.5099639892578125,-2.2831268310546875,2.339386970345343,347.4089709110821,0.13333333333333333,ERA5
d8babedc-06ad-5081-a701-b63f598ff535,2023-04-06T08:08:00+00:00,21.80491,72.61121,2023-04-06T08:00:00+00:00,21.75,72.5,13.00574302612904,0.2667999267578125,-2.4286346435546875,2.4432454712517075,353.73085733623975,0.13333333333333333,ERA5
e90e31d9-cddd-5b7b-ba34-28539471ef36,2023-04-06T08:08:00+00:00,21.88966,72.75327,2023-04-06T08:00:00+00:00,22.0,72.75,12.273882722666617,0.5929718017578125,-2.2294158935546875,2.3069266967361908,345.10551792734816,0.13333333333333333,ERA5
07925d82-af4e-591d-a863-0fa25bebe130,2023-04-06T08:57:00+00:00,21.515965,72.92201,2023-04-06T09:00:00+00:00,21.5,73.0,8.26121481172935,1.085052490234375,-2.0785064697265625,2.344680799439232,332.43387890205446,0.05,ERA5
25412fc8-5373-59d5-a751-0064d189a0df,2023-04-06T08:57:00+00:00,21.55622,72.95222,2023-04-06T09:00:00+00:00,21.5,73.0,7.969040374887349,1.085052490234375,-2.0785064697265625,2.344680799439232,332.43387890205446,0.05,ERA5
32f29b31-49eb-5095-81de-5bfd68778408,2023-04-06T08:57:00+00:00,22.0912,72.56175,2023-04-06T09:00:00+00:00,22.0,72.5,11.97260316100679,0.535247802734375,-1.9818267822265625,2.0528340422650992,344.88625984238524,0.05,ERA5
331cb54d-7330-5b36-9336-16d595f5a510,2023-04-06T08:57:00+00:00,22.07896,72.56973,2023-04-06T09:00:00+00:00,22.0,72.5,11.346406361388459,0.535247802734375,-1.9818267822265625,2.0528340422650992,344.88625984238524,0.05,ERA5
5a70f7bc-d46e-5c2e-a1a4-62f267940b8b,2023-04-06T08:57:00+00:00,22.05189,72.63969,2023-04-06T09:00:00+00:00,22.0,72.75,12.750843512873042,0.976654052734375,-2.1947174072265625,2.402215151959908,336.01083125145,0.05,ERA5
ba482689-ed88-5856-b889-98ba822ae42a,2023-04-06T08:57:00+00:00,22.00516,72.81669,2023-04-06T09:00:00+00:00,22.0,72.75,6.8993889501519385,0.976654052734375,-2.1947174072265625,2.402215151959908,336.01083125145,0.05,ERA5
4e1f8c22-7c96-5d73-82a0-e5d68935b72e,2023-04-06T20:37:00+00:00,21.7676,72.75147,2023-04-06T21:00:00+00:00,21.75,72.75,1.9629100035516114,1.4886474609375,-1.325408935546875,1.9931834108739632,311.6800917647077,0.38333333333333336,ERA5
e84493ab-112d-5483-b60f-21075fd90f48,2023-04-06T21:25:00+00:00,22.06621,72.671285,2023-04-06T21:00:00+00:00,22.0,72.75,10.955851353795413,-0.1968994140625,-1.780487060546875,1.7913412717941288,6.310548882525893,0.4166666666666667,ERA5
b18069a6-8fed-51b1-951a-43161880691f,2023-04-07T07:49:00+00:00,21.81762,72.6386733333333,2023-04-07T08:00:00+00:00,21.75,72.75,13.735723311486753,0.07037353515625,-2.6833648681640625,2.6842875125715437,358.4977136126631,0.18333333333333332,ERA5
0b9b8870-9271-58dd-9bf7-42fbff793041,2023-04-07T08:38:00+00:00,21.45203,72.66436,2023-04-07T09:00:00+00:00,21.5,72.75,10.343082045199786,1.9080657958984375,-2.7646942138671875,3.3592036523063387,325.38833287412007,0.36666666666666664,ERA5
57f819b6-a52a-5242-89b2-d42b853ee21b,2023-04-07T08:38:00+00:00,21.52252,72.97487,2023-04-07T09:00:00+00:00,21.5,73.0,3.609564915104111,0.9168548583984375,-2.6719207763671875,2.824851052100173,341.06062551481824,0.36666666666666664,ERA5
79eba867-7af8-55a8-b910-355867c27a18,2023-04-07T08:38:00+00:00,21.838185,72.6732,2023-04-07T09:00:00+00:00,21.75,72.75,12.610603685867266,1.1717376708984375,-2.9228973388671875,3.1490154053226513,338.15502672239217,0.36666666666666664,ERA5
b575027f-31f6-5b61-a580-6096f91eb2b3,2023-04-07T08:38:00+00:00,21.68592,72.53458,2023-04-07T09:00:00+00:00,21.75,72.5,7.970657752903108,1.1863861083984375,-3.6436004638671875,3.8318841760280247,341.96432698598574,0.36666666666666664,ERA5
c76dbb21-9998-58aa-ba40-64c681ca5be1,2023-04-07T08:38:00+00:00,21.402025,72.665125,2023-04-07T09:00:00+00:00,21.5,72.75,13.994414103262397,1.9080657958984375,-2.7646942138671875,3.3592036523063387,325.38833287412007,0.36666666666666664,ERA5
d781ff90-df55-55ca-92b0-678f4785dcaa,2023-04-07T08:38:00+00:00,21.697735,72.641725,2023-04-07T09:00:00+00:00,21.75,72.75,12.604326223942126,1.1717376708984375,-2.9228973388671875,3.1490154053226513,338.15502672239217,0.36666666666666664,ERA5
f88ae533-d052-52d0-8e0c-9346ecbf1fcd,2023-04-07T08:38:00+00:00,21.71493,72.88497,2023-04-07T09:00:00+00:00,21.75,73.0,12.505194135055621,0.6395111083984375,-2.4961395263671875,2.57675900946472,345.62990613040205,0.36666666666666664,ERA5
f8accb80-53f6-53ea-8147-e600b1e0ca26,2023-04-07T20:18:00+00:00,21.90402,72.75297,2023-04-07T20:00:00+00:00,22.0,72.75,10.676883695000347,-1.3080902099609375,-0.5921630859375,1.4358819999368586,65.64407722561748,0.3,ERA5
09c7f70f-a81f-5c63-860c-fcf0f285aed8,2023-04-08T07:31:00+00:00,21.973545,72.57785,2023-04-08T08:00:00+00:00,22.0,72.5,8.548983305041022,1.4340667724609375,1.23126220703125,1.8901201364833917,229.35124455918458,0.48333333333333334,ERA5
0bad3f31-eb58-5576-99e2-eb47a89b9f99,2023-04-08T07:31:00+00:00,22.09726,72.70829,2023-04-08T08:00:00+00:00,22.0,72.75,11.637848683523194,1.5287933349609375,0.97637939453125,1.8139806457308731,237.43525035522438,0.48333333333333334,ERA5
5213d808-c28e-57e1-b24c-f91b3f08ef5a,2023-04-08T07:31:00+00:00,21.70397,72.743625,2023-04-08T08:00:00+00:00,21.75,72.75,5.1604896702012955,1.8852386474609375,1.30059814453125,2.2903450158084206,235.39878271766335,0.48333333333333334,ERA5
7a5c86f4-cd09-5265-a012-b458e2c05868,2023-04-08T07:31:00+00:00,21.96841,72.56763,2023-04-08T08:00:00+00:00,22.0,72.5,7.808050615542021,1.4340667724609375,1.23126220703125,1.8901201364833917,229.35124455918458,0.48333333333333334,ERA5
bec5020d-2842-50a9-ab40-900aaf365c23,2023-04-08T07:31:00+00:00,21.91163,72.81429,2023-04-08T08:00:00+00:00,22.0,72.75,11.85395253655202,1.5287933349609375,0.97637939453125,1.8139806457308731,237.43525035522438,0.48333333333333334,ERA5
c74b276c-765e-598d-b0f4-e47d4957669d,2023-04-08T07:31:00+00:00,21.75837,72.85719,2023-04-08T08:00:00+00:00,21.75,72.75,11.10919810674324,1.8852386474609375,1.30059814453125,2.2903450158084206,235.39878271766335,0.48333333333333334,ERA5
152d5521-99a9-50cf-a092-bb615b1a413c,2023-04-08T08:19:00+00:00,21.725595,72.67522,2023-04-08T08:00:00+00:00,21.75,72.75,8.186704810870104,1.8852386474609375,1.30059814453125,2.2903450158084206,235.39878271766335,0.31666666666666665,ERA5
1ff1fe17-d354-5dfc-8981-ecd9850bdda6,2023-04-08T08:19:00+00:00,21.81721,72.7074,2023-04-08T08:00:00+00:00,21.75,72.75,8.67179347881338,1.8852386474609375,1.30059814453125,2.2903450158084206,235.39878271766335,0.31666666666666665,ERA5
5bd9a615-f186-57bd-a4aa-6862baed4652,2023-04-08T08:19:00+00:00,21.49029,72.98906,2023-04-08T08:00:00+00:00,21.5,73.0,1.5642495742484448,1.6244964599609375,0.32989501953125,1.657654810971555,258.52074636370963,0.31666666666666665,ERA5
5dde1cbf-4457-5b14-8e57-64b678ff897b,2023-04-08T08:19:00+00:00,21.42656,72.78673,2023-04-08T08:00:00+00:00,21.5,72.75,9.007407550526395,2.5200042724609375,0.75958251953125,2.63199299717891,253.22608373980648,0.31666666666666665,ERA5
62b55fc2-c5c5-542d-b9b2-f86925711865,2023-04-08T08:19:00+00:00,21.98967,72.52484,2023-04-08T08:00:00+00:00,22.0,72.5,2.806842476255484,1.4340667724609375,1.23126220703125,1.8901201364833917,229.35124455918458,0.31666666666666665,ERA5
86547e30-6fd1-59b7-b810-7cd5a8251879,2023-04-08T08:19:00+00:00,21.61847,72.939815,2023-04-08T08:00:00+00:00,21.5,73.0,14.569619127540921,1.6244964599609375,0.32989501953125,1.657654810971555,258.52074636370963,0.31666666666666665,ERA5
8a12d479-31c2-5dfa-a530-fffeeafb8e17,2023-04-08T20:48:00+00:00,21.791365,72.626485,2023-04-08T21:00:00+00:00,21.75,72.75,13.55866384889554,0.7694549560546875,1.1999359130859375,1.425449797400983,212.66988919225747,0.2,ERA5
ade24947-c8f2-56b0-ae33-ee8f4faae0ee,2023-04-08T20:48:00+00:00,22.0917333333333,72.5835466666667,2023-04-08T21:00:00+00:00,22.0,72.5,13.34878892284973,0.8885955810546875,0.1022796630859375,0.8944625403843867,263.43400176265436,0.2,ERA5
eeb39f92-3cb6-5a82-89d3-6fdd47f700e2,2023-04-08T21:40:00+00:00,21.90322,72.75627,2023-04-08T22:00:00+00:00,22.0,72.75,10.780855671110801,-0.3528289794921875,0.703094482421875,0.7866575747945117,153.35144979756797,0.3333333333333333,ERA5
1c38becc-fc4b-5d42-98ba-842ae74bc62a,2023-04-09T08:00:00+00:00,21.42121,72.97147,2023-04-09T08:00:00+00:00,21.5,73.0,9.245156016275507,0.8550872802734375,0.0126800537109375,0.855181291100043,269.15042553847,0.0,ERA5
5d24d1e4-aee7-56d2-b7d4-6c5ffdb74bb4,2023-04-09T08:00:00+00:00,21.68069,72.6001,2023-04-09T08:00:00+00:00,21.75,72.5,12.89677933292195,0.1548919677734375,-0.5293121337890625,0.5515096161057013,343.6890048280959,0.0,ERA5
2f29f733-0feb-5fd4-848e-04561d3be1d6,2023-04-09T08:52:00+00:00,22.0715,72.69784,2023-04-09T09:00:00+00:00,22.0,72.75,9.597574070968479,0.1674346923828125,-0.2512359619140625,0.3019170163674305,326.3187668549463,0.13333333333333333,ERA5
5c82ac22-3fc9-5911-8b2d-60d3cb62a584,2023-04-09T08:52:00+00:00,21.55776,72.78824,2023-04-09T09:00:00+00:00,21.5,72.75,7.54291148696189,1.7953643798828125,0.4362640380859375,1.8476091490028523,256.3421383338808,0.13333333333333333,ERA5
5f33f517-313c-55d6-a421-9a3dcb3cd97e,2023-04-09T08:52:00+00:00,22.01797,72.64073,2023-04-09T09:00:00+00:00,22.0,72.75,11.44066675140822,0.1674346923828125,-0.2512359619140625,0.3019170163674305,326.3187668549463,0.13333333333333333,ERA5
a8088ec9-2bf0-543b-9e08-e1872770e484,2023-04-09T08:52:00+00:00,21.46129,72.6656,2023-04-09T09:00:00+00:00,21.5,72.75,9.736150551223917,1.7953643798828125,0.4362640380859375,1.8476091490028523,256.3421383338808,0.13333333333333333,ERA5
fffa7feb-8ea4-5f9e-b42c-70d7d15f970d,2023-04-09T20:29:00+00:00,21.43281,72.97687,2023-04-09T20:00:00+00:00,21.5,73.0,7.845228997922189,1.918975830078125,-0.78472900390625,2.0732264338454987,292.24118224994083,0.48333333333333334,ERA5
41c9c31e-031b-5078-a729-f01104be7492,2023-04-09T21:21:00+00:00,21.69359,72.60703,2023-04-09T21:00:00+00:00,21.75,72.5,12.711487247827545,2.3899688720703125,-1.5994873046875,2.8758148145041478,303.79242723126157,0.35,ERA5
281c373a-1f4a-5a94-a412-6742c5660120,2023-04-10T07:41:00+00:00,21.82257,72.76273,2023-04-10T08:00:00+00:00,21.75,72.75,8.1757654103986,-0.439849853515625,0.2388458251953125,0.500514956670574,118.50270016644109,0.31666666666666665,ERA5
b10e6c5f-cce9-5f61-9804-fa66f804eab9,2023-04-10T07:41:00+00:00,21.51318,72.92499,2023-04-10T08:00:00+00:00,21.5,73.0,7.897190006308458,-0.016021728515625,0.6636505126953125,0.6638438813345947,178.61704447073993,0.31666666666666665,ERA5
c5949ba7-101f-55e7-93d7-17b45c043347,2023-04-10T07:41:00+00:00,21.48826,72.80786,2023-04-10T08:00:00+00:00,21.5,72.75,6.126988522568658,1.274017333984375,0.1636505126953125,1.2844849775680887,262.6803055360227,0.31666666666666665,ERA5
9b9d5c2b-5f89-5a93-ac9d-079c465505f6,2023-04-10T07:42:00+00:00,22.0713966666667,72.6660833333333,2023-04-10T08:00:00+00:00,22.0,72.75,11.740538477792066,-0.622467041015625,-0.0902557373046875,0.6289764027904072,81.74979159826864,0.3,ERA5
e8a8a1c3-f89b-50e9-bd8d-0dcb42be4e99,2023-04-10T07:42:00+00:00,22.03538,72.786,2023-04-10T08:00:00+00:00,22.0,72.75,5.4082341892014405,-0.622467041015625,-0.0902557373046875,0.6289764027904072,81.74979159826864,0.3,ERA5
94d3525f-112f-5f61-b945-0f3e04e3f206,2023-04-10T08:33:00+00:00,21.8009,72.70502,2023-04-10T09:00:00+00:00,21.75,72.75,7.321643415337384,-0.11407470703125,1.165283203125,1.170853527248189,174.40887877211213,0.45,ERA5
a22babc1-7feb-5271-92a1-f1915ccfc813,2023-04-10T08:33:00+00:00,21.47866,72.96517,2023-04-10T09:00:00+00:00,21.5,73.0,4.314774709931037,0.61541748046875,1.221923828125,1.3681507654517315,206.73194382417824,0.45,ERA5
2e357d9e-afc3-5e78-a4b7-e14df33f77dc,2023-04-10T20:10:00+00:00,21.935005,72.762165,2023-04-10T20:00:00+00:00,22.0,72.75,7.335181694548598,2.448455810546875,0.7042083740234375,2.5477137378923653,253.9540626323818,0.16666666666666666,ERA5
422a2327-d22c-590d-98b7-b405cffdaeb2,2023-04-11T07:23:00+00:00,21.8619,72.88753,2023-04-11T07:00:00+00:00,21.75,73.0,17.018874884250298,1.390899658203125,-1.210723876953125,1.844032040235195,311.0382989484441,0.38333333333333336,ERA5
9b9c6384-a030-58c4-8269-3a67eda6ed6f,2023-04-11T07:23:00+00:00,21.70148,72.75761,2023-04-11T07:00:00+00:00,21.75,72.75,5.4521439660099045,1.736602783203125,-1.926544189453125,2.593715817229104,317.9682410824594,0.38333333333333336,ERA5
11fc0369-b06b-5a0e-bafe-c349c060ce73,2023-04-11T08:14:00+00:00,21.78909,72.918465,2023-04-11T08:00:00+00:00,21.75,73.0,9.475460315283833,1.7134857177734375,-0.787109375,1.8856230994624676,294.67222880829297,0.23333333333333334,ERA5
2cddd1d5-52cb-5e01-9a04-b6e3c97d6d9d,2023-04-11T08:14:00+00:00,21.74873,72.87753,2023-04-11T08:00:00+00:00,21.75,73.0,12.64941201322981,1.7134857177734375,-0.787109375,1.8856230994624676,294.67222880829297,0.23333333333333334,ERA5
8e02fd54-1670-5d02-85f8-056fda1fde6f,2023-04-11T08:14:00+00:00,21.68536,72.60108,2023-04-11T08:00:00+00:00,21.75,72.5,12.676471013733723,1.0992279052734375,-1.7041015625,2.0278718211580262,327.17602751094205,0.23333333333333334,ERA5
9c5307a3-e16d-5580-b9f6-8f2be31b8e64,2023-04-11T08:14:00+00:00,21.42297,72.74723,2023-04-11T08:00:00+00:00,21.5,72.75,8.570140529889718,2.4156341552734375,-1.2734375,2.730738258883459,297.79662377084657,0.23333333333333334,ERA5
22171b35-7828-5317-b404-8f0b75fa8f21,2023-04-11T08:15:00+00:00,21.86822,72.87951,2023-04-11T08:00:00+00:00,21.75,73.0,18.097805180095143,1.7134857177734375,-0.787109375,1.8856230994624676,294.67222880829297,0.25,ERA5
e416986f-aa0a-5821-aba7-34de962eb0e9,2023-04-11T08:15:00+00:00,21.93578,72.71738,2023-04-11T08:00:00+00:00,22.0,72.75,7.893560472386932,1.7164154052734375,-1.2880859375,2.145983976138972,306.88643790335124,0.25,ERA5
02e9d15f-bb03-50b4-b388-aedbb4e13577,2023-04-11T09:03:00+00:00,21.76306,72.76842,2023-04-11T09:00:00+00:00,21.75,72.75,2.393259006293007,2.1776885986328125,-0.7234344482421875,2.2947080497350467,288.37663645206464,0.05,ERA5
229e988d-4624-5392-8990-b6a5db20ef41,2023-04-11T09:03:00+00:00,22.03913,72.84036,2023-04-11T09:00:00+00:00,22.0,72.75,10.280789132847653,1.9726104736328125,-0.6130828857421875,2.065686981484813,287.2651267921951,0.05,ERA5
7286f2a7-fbed-56ee-bf8e-9814cf41c8b4,2023-04-11T09:03:00+00:00,22.01892,72.61717,2023-04-11T09:00:00+00:00,22.0,72.5,12.261041868520868,1.3974151611328125,-0.7087860107421875,1.566890788021829,296.89467924558846,0.05,ERA5
00b69d0b-7d50-50b9-9cdb-f05ec6c23c6e,2023-04-12T07:56:00+00:00,21.93294,72.74102,2023-04-12T08:00:00+00:00,22.0,72.75,7.514013499531231,1.5693206787109375,-1.550537109375,2.206112581029975,314.65504637812114,0.06666666666666667,ERA5
4f238ea8-c270-5bd4-a73a-7e32e58c79c9,2023-04-12T07:56:00+00:00,21.71825,72.71626,2023-04-12T08:00:00+00:00,21.75,72.75,4.960779313216904,1.4843597412109375,-1.692138671875,2.250923616247937,318.742460673543,0.06666666666666667,ERA5
5fe208e3-ca54-57ea-86f4-b61a935be0d2,2023-04-12T07:56:00+00:00,22.06582,72.69971,2023-04-12T08:00:00+00:00,22.0,72.75,8.968572090558904,1.5693206787109375,-1.550537109375,2.206112581029975,314.65504637812114,0.06666666666666667,ERA5
db0a63ec-3d68-573d-a0f9-53c6084ee10d,2023-04-12T07:56:00+00:00,21.73689,72.71238,2023-04-12T08:00:00+00:00,21.75,72.75,4.149990693523248,1.4843597412109375,-1.692138671875,2.250923616247937,318.742460673543,0.06666666666666667,ERA5
68d75d85-f0d9-5bc5-8613-9e710eebf2aa,2023-04-12T08:44:00+00:00,21.39172,72.66986,2023-04-12T09:00:00+00:00,21.5,72.75,14.620517886203201,2.2363433837890625,-1.0758819580078125,2.481683645790462,295.6917320418737,0.26666666666666666,ERA5
8af82d54-3e86-57ac-ab79-ad8d7db07396,2023-04-12T08:44:00+00:00,21.67561,72.82341,2023-04-12T09:00:00+00:00,21.75,72.75,11.22205457820367,1.8134918212890625,-1.3864288330078125,2.2827477948467556,307.3981982963357,0.26666666666666666,ERA5
d9fc9b28-672f-5b51-82a8-731cdd2b8891,2023-04-12T08:44:00+00:00,21.82139,72.89214,2023-04-12T09:00:00+00:00,21.75,73.0,13.67645616677128,1.8271636962890625,-1.4909210205078125,2.358256275816682,309.21360641756894,0.26666666666666666,ERA5
6cc88655-9719-5a95-a15e-aa1c8be248a2,2023-04-13T07:37:00+00:00,21.794245,72.647945,2023-04-13T08:00:00+00:00,21.75,72.75,11.630335099077168,1.347747802734375,-2.5316925048828125,2.868081428246964,331.971372071501,0.38333333333333336,ERA5
ba9fe1a3-e3ea-580d-a41c-f8d7c0d74d59,2023-04-13T07:37:00+00:00,22.0259,72.6247,2023-04-13T08:00:00+00:00,22.0,72.5,13.17381216332451,1.120208740234375,-2.8842315673828125,3.0941330540209484,338.7742926276792,0.38333333333333336,ERA5
71b9ea4d-0fc1-5563-a9d3-76dae19b7800,2023-04-13T08:25:00+00:00,22.02123,72.79893,2023-04-13T08:00:00+00:00,22.0,72.75,5.569277548488066,1.363372802734375,-2.5912628173828125,2.928041732623785,332.24924698761924,0.4166666666666667,ERA5
d50dfaf8-2af9-545a-a6ff-7f113204058d,2023-04-13T08:25:00+00:00,21.62159,72.96577,2023-04-13T08:00:00+00:00,21.5,73.0,13.9759178159704,1.510833740234375,-2.0912628173828125,2.5799222395255423,324.153754516409,0.4166666666666667,ERA5
deb53a9e-eaab-510b-850d-200190824151,2023-04-13T08:25:00+00:00,21.47025,72.66721,2023-04-13T08:00:00+00:00,21.5,72.75,9.182697550356002,1.777435302734375,-1.9457550048828125,2.635382096477274,317.58849149077713,0.4166666666666667,ERA5
f758b716-2b49-5a27-a8e3-3565983a9d42,2023-04-13T08:25:00+00:00,21.5328,72.81612,2023-04-13T08:00:00+00:00,21.5,72.75,7.751490169915658,1.777435302734375,-1.9457550048828125,2.635382096477274,317.58849149077713,0.4166666666666667,ERA5
19eca15e-bbe0-5e84-8d90-f0e7a939ee8d,2023-04-14T08:07:00+00:00,21.91778,72.68156,2023-04-14T08:00:00+00:00,22.0,72.75,11.549927286047122,1.3092498779296875,-1.6859130859375,2.1345814990752183,322.1677273921486,0.11666666666666667,ERA5
25a7c84d-f22f-51a6-ae80-caa8eea63b71,2023-04-14T08:07:00+00:00,21.71481,72.70505,2023-04-14T08:00:00+00:00,21.75,72.75,6.071919690342093,1.2242889404296875,-1.7728271484375,2.1544835826470075,325.37159934124804,0.11666666666666667,ERA5
cf1f6cbb-987a-51c2-99a5-4360ce573386,2023-04-14T08:07:00+00:00,21.92831,72.97894,2023-04-14T08:00:00+00:00,22.0,73.0,8.262114187808447,1.3883514404296875,-1.3216552734375,1.9168443817765544,313.59017411635654,0.11666666666666667,ERA5
3f8aa346-27bb-5b12-90a0-c23799398195,2023-04-14T08:58:00+00:00,21.71643,72.64986,2023-04-14T09:00:00+00:00,21.75,72.75,10.996503534457101,1.165069580078125,-0.999053955078125,1.5347625000568208,310.61328118372927,0.03333333333333333,ERA5
7e2d68e4-e435-5ffa-83c3-7f46e7644d7d,2023-04-14T08:59:00+00:00,21.91687,72.80389,2023-04-14T09:00:00+00:00,22.0,72.75,10.78570932243337,1.269561767578125,-1.064483642578125,1.6567777482246937,309.97866959738536,0.016666666666666666,ERA5
587676b4-a76b-5ef5-9f87-c31af76db07a,2023-04-15T07:48:00+00:00,21.87387,72.94341,2023-04-15T08:00:00+00:00,21.75,73.0,14.96143475165623,2.610748291015625,1.2671051025390625,2.901992760142853,244.11076560676574,0.2,ERA5
793418f8-733b-5e6b-a705-85b476defc3a,2023-04-15T07:48:00+00:00,22.01589,72.9494,2023-04-15T08:00:00+00:00,22.0,73.0,5.507584529020627,2.340240478515625,1.0112457275390625,2.5493809873671394,246.63025334855976,0.2,ERA5
8983013e-a279-5a22-9a28-73f9e69c6b31,2023-04-15T07:48:00+00:00,22.02572,72.80717,2023-04-15T08:00:00+00:00,22.0,72.75,6.550845367284869,2.155670166015625,1.2856597900390625,2.5099472027062877,239.1877947556178,0.2,ERA5
8b297f99-553e-5ef1-811c-3d697c9649cf,2023-04-15T07:48:00+00:00,21.96163,72.59225,2023-04-15T08:00:00+00:00,22.0,72.5,10.425127541142096,1.083404541015625,1.9995269775390625,2.2741753523859534,208.45018212823663,0.2,ERA5
c350dc38-a7ca-5796-a63a-e2ebd7e226b6,2023-04-15T07:48:00+00:00,21.372635,72.666015,2023-04-15T08:00:00+00:00,21.25,72.75,16.175387910578316,3.457427978515625,0.7407379150390625,3.535887566849243,257.90745335567436,0.2,ERA5
2a62de0e-0d90-5316-97b3-3b01a9c76363,2023-04-15T08:40:00+00:00,21.94747,72.93087,2023-04-15T09:00:00+00:00,22.0,73.0,9.215937810054157,2.64324951171875,1.4522857666015625,3.0159413006679854,241.21419969867063,0.3333333333333333,ERA5
2e5948c9-1489-54a0-a443-00a280c635a8,2023-04-15T08:40:00+00:00,22.04393,72.87346,2023-04-15T09:00:00+00:00,22.0,72.75,13.631786271006641,2.21746826171875,2.0089263916015625,2.9921481812576145,227.8248393838791,0.3333333333333333,ERA5
4dfd50d6-fc48-5fb9-b4e3-a7b7bd78045b,2023-04-15T08:40:00+00:00,21.77559,72.65826,2023-04-15T09:00:00+00:00,21.75,72.75,9.892053018598869,2.50360107421875,2.2882232666015625,3.3917523578006112,227.57353745277837,0.3333333333333333,ERA5
16513514-4d5f-5f38-9c73-1714d10d0732,2023-04-16T07:29:00+00:00,21.51289,72.95061,2023-04-16T07:00:00+00:00,21.5,73.0,5.306774660484939,1.9202117919921875,0.5156402587890625,1.9882399761069838,254.96879483949286,0.48333333333333334,ERA5
2a3a88ea-7b8a-5598-bc24-6e5875bcde31,2023-04-16T07:29:00+00:00,21.7151,72.54767,2023-04-16T07:00:00+00:00,21.75,72.5,6.269344542498742,0.2463836669921875,1.4218902587890625,1.4430789373418713,189.83053951033463,0.48333333333333334,ERA5
3d2a42f6-9df6-503c-a0a2-0af9ccf056f0,2023-04-16T08:21:00+00:00,21.717135,72.544105,2023-04-16T08:00:00+00:00,21.75,72.5,5.840259022161503,0.3424072265625,2.2314910888671875,2.257608289428414,188.72360949519526,0.35,ERA5
7340774a-4aa1-5b8d-99c5-1f49e2ff08c5,2023-04-16T08:21:00+00:00,22.08448,72.6014433333333,2023-04-16T08:00:00+00:00,22.0,72.5,14.055602377720385,0.5758056640625,2.0098114013671875,2.0906683218129065,195.9868680808167,0.35,ERA5
9a6270a1-5bb5-5d70-a6c3-71e64f33b119,2023-04-16T08:21:00+00:00,22.09196,72.79368,2023-04-16T08:00:00+00:00,22.0,72.75,11.17261547447355,1.5826416015625,1.4775848388671875,2.165181607867222,226.9661767691656,0.35,ERA5
fb267196-e2f4-5937-ae24-6773b7acc5ce,2023-04-16T08:21:00+00:00,21.6214,72.77082,2023-04-16T08:00:00+00:00,21.5,72.75,13.669693603987087,2.2027587890625,1.8359832763671875,2.8675740398274083,230.18904196658272,0.35,ERA5
2b4c2f05-c99c-5fc8-b76f-ba6803c08873,2023-04-16T09:09:00+00:00,22.010365,72.758965,2023-04-16T09:00:00+00:00,22.0,72.75,1.4773487729598953,1.970855712890625,1.7465362548828125,2.633374475963055,228.4532253470946,0.15,ERA5
599786e5-dc98-543a-afbc-f3e842930b59,2023-04-16T09:09:00+00:00,21.90494,72.99084,2023-04-16T09:00:00+00:00,22.0,73.0,10.612321117869666,2.260894775390625,1.3881378173828125,2.6530306793244858,238.45102418758464,0.15,ERA5
fb4c18d2-c8ad-5abb-ab9a-957da55cf2ed,2023-04-16T09:09:00+00:00,22.08688,72.804485,2023-04-16T09:00:00+00:00,22.0,72.75,11.174176240135276,1.970855712890625,1.7465362548828125,2.633374475963055,228.4532253470946,0.15,ERA5
24acb05a-961c-5314-ba04-db9f41585780,2023-04-16T20:50:00+00:00,21.78076,72.639,2023-04-16T21:00:00+00:00,21.75,72.75,11.962149640117763,1.2413330078125,0.25177001953125,1.2666079815868816,258.5346656604838,0.16666666666666666,ERA5
9dc6dc87-5163-51d1-843b-7b5d86f0c8bc,2023-04-17T08:02:00+00:00,21.458895,72.68431,2023-04-17T08:00:00+00:00,21.5,72.75,8.190941674659928,1.979522705078125,-0.0116119384765625,1.9795567627716566,270.3360948747356,0.03333333333333333,ERA5
1f6b49fb-6d08-5e16-b7e4-1e1a74fd620e,2023-04-17T08:51:00+00:00,21.89477,72.96538,2023-04-17T09:00:00+00:00,22.0,73.0,12.233700416425775,1.8015899658203125,-0.6019134521484375,1.8994805102505485,288.47453802955374,0.15,ERA5
5733f1d5-a076-5a28-b5c5-e7cbf70c25ef,2023-04-18T07:43:00+00:00,22.00349,72.65143,2023-04-18T08:00:00+00:00,22.0,72.75,10.169665496585733,1.473052978515625,-2.414794921875,2.8286250356360494,328.61632344025656,0.2833333333333333,ERA5
b3dd3a1a-0e19-5cf0-88b5-2e6d612db440,2023-04-18T07:43:00+00:00,21.48074,72.7533,2023-04-18T08:00:00+00:00,21.5,72.75,2.1686604811966212,1.807037353515625,-1.766357421875,2.526935404558979,314.3477665190444,0.2833333333333333,ERA5
ded0f1a2-3940-5517-ad9b-2e23e03409aa,2023-04-18T07:43:00+00:00,21.99089,72.69555,2023-04-18T08:00:00+00:00,22.0,72.75,5.704535184030644,1.473052978515625,-2.414794921875,2.8286250356360494,328.61632344025656,0.2833333333333333,ERA5
71a81a2c-3c92-5e10-97b9-b0c40175d00e,2023-04-18T08:32:00+00:00,21.71288,72.5479,2023-04-18T09:00:00+00:00,21.75,72.5,6.443325115887136,0.884796142578125,-1.9526824951171875,2.1437894347762363,335.62385060450725,0.4666666666666667,ERA5
829a1b99-6dd0-545b-a4eb-67aabbf3a720,2023-04-18T08:32:00+00:00,22.05051,72.8591,2023-04-18T09:00:00+00:00,22.0,72.75,12.570486836533313,2.315460205078125,-2.1743621826171875,3.176351186896092,313.2000042119322,0.4666666666666667,ERA5
8be8d2de-923c-5b2d-a963-0e85947fb32f,2023-04-18T08:32:00+00:00,21.73028,72.83949,2023-04-18T09:00:00+00:00,21.75,72.75,9.499602295213798,1.902374267578125,-2.1294403076171875,2.8554411003640383,318.22341138438094,0.4666666666666667,ERA5
b0d4db0d-770e-502f-b866-3df9bc4bb328,2023-04-18T08:32:00+00:00,21.64799,72.89978,2023-04-18T09:00:00+00:00,21.75,73.0,15.358212211925157,1.540069580078125,-1.7915496826171875,2.3625123442572225,319.31666260815075,0.4666666666666667,ERA5
7bebfd6c-fb0b-56db-87a5-f3542fc9eb47,2023-04-18T21:00:00+00:00,21.83008,72.80399,2023-04-18T21:00:00+00:00,21.75,72.75,10.505459137546685,2.5515899658203125,-1.8244476318359375,3.1367531804378017,305.5656714887889,0.0,ERA5
29da312b-9c95-5ad5-9919-f2ec39d39b04,2023-04-19T08:13:00+00:00,21.96143,72.61021,2023-04-19T08:00:00+00:00,22.0,72.5,12.14635645902781,2.208526611328125,-2.299560546875,3.188348867625458,316.15684353952037,0.21666666666666667,ERA5
b9a43e97-fde4-5d19-9a2f-67c4fa83b1b0,2023-04-19T08:13:00+00:00,21.70591,72.77032,2023-04-19T08:00:00+00:00,21.75,72.75,5.333003038659883,2.451690673828125,-1.764404296875,3.0205810174479293,305.741372471105,0.21666666666666667,ERA5
fff0e8cd-4491-57d8-ad27-0f8e2ba2f92d,2023-04-19T08:13:00+00:00,21.8974,72.77924,2023-04-19T08:00:00+00:00,22.0,72.75,11.800443118581544,2.609893798828125,-1.821044921875,3.1824126458786304,304.9052830876628,0.21666666666666667,ERA5
0c4f2eee-7e27-577b-92b2-014902cb104b,2023-04-19T19:53:00+00:00,22.036744,72.591114,2023-04-19T20:00:00+00:00,22.0,72.5,10.242643413855363,3.694366455078125,-2.9652862548828125,4.737221345662819,308.75229872733877,0.11666666666666667,ERA5
21e55c84-5003-592f-a263-176f3ec18023,2023-04-20T07:54:00+00:00,21.51384,72.95824,2023-04-20T08:00:00+00:00,21.5,73.0,4.586104903465537,2.4354248046875,-0.551727294921875,2.497137758965043,282.764477400569,0.1,ERA5
3ae24b15-77a6-5da6-a700-f4e281acbc2e,2023-04-20T07:54:00+00:00,21.7284,72.778,2023-04-20T08:00:00+00:00,21.75,72.75,3.7593234367587605,2.4696044921875,-0.100555419921875,2.4716508127784445,272.33163667459564,0.1,ERA5
e2709452-0256-588b-8ca2-a135c93549bd,2023-04-20T07:54:00+00:00,22.01971,72.74847,2023-04-20T08:00:00+00:00,22.0,72.75,2.1973204146629426,2.8836669921875,-0.135711669921875,2.8868586697628076,272.69447647139424,0.1,ERA5
1d0fb520-da87-53f9-987a-4c6d62c4be7a,2023-04-20T08:46:00+00:00,21.6673,72.77052,2023-04-20T09:00:00+00:00,21.75,72.75,9.437004721589036,2.6890716552734375,0.7574920654296875,2.7937252184822974,254.267855213102,0.23333333333333334,ERA5
805df984-4ccc-52f4-b05a-eac8b8a837ca,2023-04-20T08:46:00+00:00,22.08766,72.63766,2023-04-20T09:00:00+00:00,22.0,72.75,15.135108768928696,3.1666107177734375,0.7233123779296875,3.248169366579259,257.1333274168996,0.23333333333333334,ERA5
ef52f2c5-9ff2-50b7-92b6-837187493f90,2023-04-20T08:46:00+00:00,21.41645,72.6741,2023-04-20T09:00:00+00:00,21.5,72.75,12.165793834836741,2.2720794677734375,1.8795623779296875,2.948745468908147,230.4009765130956,0.23333333333333334,ERA5
27bc4db2-9331-5e1d-b9c9-af1d30a65a8a,2023-04-21T07:35:00+00:00,22.02715,72.84879,2023-04-21T08:00:00+00:00,22.0,72.75,10.622132380386185,1.625885009765625,0.0076904296875,1.625903197514952,269.72899320979764,0.4166666666666667,ERA5
58ff3b78-466d-5415-9910-a3df9d08c97d,2023-04-21T07:35:00+00:00,22.05551,72.92178,2023-04-21T08:00:00+00:00,22.0,73.0,10.154158898213035,1.790924072265625,-0.2208251953125,1.8044868521286856,277.0292262060784,0.4166666666666667,ERA5
6e835ad6-a3e2-5bfe-9335-50538556021c,2023-04-21T07:35:00+00:00,21.68764,72.6636,2023-04-21T08:00:00+00:00,21.75,72.75,11.302289382307558,1.932525634765625,0.4793701171875,1.991092925575961,256.06876005492927,0.4166666666666667,ERA5
796a06c4-8a8d-5777-8a50-94be97422402,2023-04-21T07:35:00+00:00,22.0062,72.59685,2023-04-21T08:00:00+00:00,22.0,72.5,10.008608463477497,0.580963134765625,0.8953857421875,1.0673489547797206,212.9771673175783,0.4166666666666667,ERA5
d92a94de-38bc-5f6b-9fbd-4e62a5e31819,2023-04-21T07:35:00+00:00,22.08598,72.6271,2023-04-21T08:00:00+00:00,22.0,72.75,15.869929082091787,1.625885009765625,0.0076904296875,1.625903197514952,269.72899320979764,0.4166666666666667,ERA5
4cf309df-3a02-5932-9da9-9ad35ab82bda,2023-04-21T08:27:00+00:00,22.057955,72.60823,2023-04-21T08:00:00+00:00,22.0,72.5,12.88355612823934,0.580963134765625,0.8953857421875,1.0673489547797206,212.9771673175783,0.45,ERA5
4ed29360-2304-59d4-aa17-6c9596a93d54,2023-04-21T08:27:00+00:00,21.71172,72.646,2023-04-21T08:00:00+00:00,21.75,72.75,11.555003332182151,1.932525634765625,0.4793701171875,1.991092925575961,256.06876005492927,0.45,ERA5
6876b3d0-555d-522d-8969-da124286e2ee,2023-04-21T08:27:00+00:00,21.615725,72.87022,2023-04-21T08:00:00+00:00,21.5,72.75,17.892987849346287,2.700103759765625,1.6141357421875,3.1457899656060406,239.1288033803312,0.45,ERA5
d4c13139-a145-5cd8-9648-bad75f03ad6e,2023-04-21T08:27:00+00:00,21.50707,72.81982,2023-04-21T08:00:00+00:00,21.5,72.75,7.265896537160367,2.700103759765625,1.6141357421875,3.1457899656060406,239.1288033803312,0.45,ERA5
353189af-88b1-55fc-88a9-3e5af49a3429,2023-04-22T08:08:00+00:00,21.46325,72.66101,2023-04-22T08:00:00+00:00,21.5,72.75,10.073903801073083,2.462982177734375,1.134552001953125,2.711731818040458,245.2672372590767,0.13333333333333333,ERA5
38a92f92-3234-5940-8ecc-207fed909b29,2023-04-22T08:08:00+00:00,21.79778,72.62263,2023-04-22T08:00:00+00:00,21.75,72.5,13.732370532656482,0.503021240234375,0.953887939453125,1.07839351313009,207.8043794501957,0.13333333333333333,ERA5
8b7b2278-ec2c-545a-ac72-18df5d0a2c61,2023-04-22T08:08:00+00:00,21.733,72.606345,2023-04-22T08:00:00+00:00,21.75,72.5,11.145319418516129,0.503021240234375,0.953887939453125,1.07839351313009,207.8043794501957,0.13333333333333333,ERA5
ac434997-fa09-56d7-8d51-fd0510c6488e,2023-04-22T08:08:00+00:00,21.47535,72.79515,2023-04-22T08:00:00+00:00,21.5,72.75,5.416258170998911,2.462982177734375,1.134552001953125,2.711731818040458,245.2672372590767,0.13333333333333333,ERA5
f1a227ba-349e-5aff-93d9-6b83470a040a,2023-04-22T08:08:00+00:00,21.71379,72.72252,2023-04-22T08:00:00+00:00,21.75,72.75,4.92630777803258,1.829193115234375,-0.442596435546875,1.8819774328029644,283.6020135950459,0.13333333333333333,ERA5
21ee0839-50d7-57bd-9f22-134975f47847,2023-04-22T08:57:00+00:00,21.40011,72.66188,2023-04-22T09:00:00+00:00,21.5,72.75,14.371581251348037,2.683563232421875,1.91693115234375,3.2978988258029505,234.46090462878203,0.05,ERA5
602f36f2-236e-560f-86df-a90aa8f9cf8c,2023-04-22T08:57:00+00:00,21.51833,72.77477,2023-04-22T09:00:00+00:00,21.5,72.75,3.2742336755818453,2.683563232421875,1.91693115234375,3.2978988258029505,234.46090462878203,0.05,ERA5
7c9744a7-dffb-5bba-adcb-bc54bf8429cd,2023-04-22T08:57:00+00:00,21.93939,72.84993,2023-04-22T09:00:00+00:00,22.0,72.75,12.313002137017547,1.665985107421875,-0.31646728515625,1.6957764949207321,280.75564735148487,0.05,ERA5
a1e823c1-17bc-5f99-8ede-d71f40cc1776,2023-04-22T08:57:00+00:00,21.9736775,72.6256825,2023-04-22T09:00:00+00:00,22.0,72.75,13.148018345904756,1.665985107421875,-0.31646728515625,1.6957764949207321,280.75564735148487,0.05,ERA5
a6336edc-984a-50b2-9f50-3c98dc0a134c,2023-04-22T08:57:00+00:00,21.99375,72.80575,2023-04-22T09:00:00+00:00,22.0,72.75,5.789709583775331,1.665985107421875,-0.31646728515625,1.6957764949207321,280.75564735148487,0.05,ERA5
a6f5827b-31f6-58e8-8399-fe7deec51cf2,2023-04-22T08:57:00+00:00,21.49825,72.74546,2023-04-22T09:00:00+00:00,21.5,72.75,0.5084137950219272,2.683563232421875,1.91693115234375,3.2978988258029505,234.46090462878203,0.05,ERA5
ce208086-403f-56fa-8e32-358937b62a19,2023-04-22T08:57:00+00:00,22.07797,72.68743,2023-04-22T09:00:00+00:00,22.0,72.75,10.805423962600049,1.665985107421875,-0.31646728515625,1.6957764949207321,280.75564735148487,0.05,ERA5
4d3096f8-af94-5049-b46c-31cc3e0c9a38,2023-04-22T20:37:00+00:00,22.03266,72.58932,2023-04-22T21:00:00+00:00,22.0,72.5,9.897969550037896,2.0604400634765625,-0.319091796875,2.085001877699926,278.8032268001675,0.38333333333333336,ERA5
02225aab-964b-5233-b521-ac80b06e21c0,2023-04-23T07:49:00+00:00,21.62179,72.91914,2023-04-23T08:00:00+00:00,21.5,73.0,15.916086720616162,3.11688232421875,-1.2019195556640625,3.3405936659993496,291.0874350735121,0.18333333333333332,ERA5
24e073ba-987d-59b7-8340-b02f0e026e5a,2023-04-23T07:49:00+00:00,22.02363,72.62952,2023-04-23T08:00:00+00:00,22.0,72.75,12.695117944227105,2.80438232421875,-2.1638336181640625,3.5421372287769337,307.6534220104157,0.18333333333333332,ERA5
33703524-51d8-5dcf-89cc-2befcaa3851a,2023-04-23T07:49:00+00:00,22.01274,72.7964,2023-04-23T08:00:00+00:00,22.0,72.75,4.9888941737679,2.80438232421875,-2.1638336181640625,3.5421372287769337,307.6534220104157,0.18333333333333332,ERA5
92d95dd5-663d-5ab5-8c1d-f5d9866a81f0,2023-04-23T07:49:00+00:00,21.64255,72.82741,2023-04-23T08:00:00+00:00,21.75,72.75,14.377659458051204,2.76336669921875,-1.1687164306640625,3.000348914652307,292.9250611913992,0.18333333333333332,ERA5
943d4a22-9ffc-5e8f-89b7-ccd87434780a,2023-04-23T07:49:00+00:00,21.44881,72.77422,2023-04-23T08:00:00+00:00,21.5,72.75,6.219373889725443,2.92742919921875,1.3722991943359375,3.2331171947848714,244.8840939200045,0.18333333333333332,ERA5
b9cf1e9c-8af8-52b3-9228-f97fdcb2eaf0,2023-04-24T07:30:00+00:00,21.55392,72.80779,2023-04-24T07:00:00+00:00,21.5,72.75,8.46644115024604,1.74005126953125,1.369873046875,2.214572325563541,231.78805059841704,0.5,ERA5
cf2cb5c0-74af-512a-a997-f700718dbb48,2023-04-24T08:19:00+00:00,22.03479,72.65434,2023-04-24T08:00:00+00:00,22.0,72.75,10.592804164943427,1.3010101318359375,0.4796600341796875,1.3866149831618806,249.76193792993368,0.31666666666666665,ERA5
fd9e1dcd-e254-527c-b321-767dfe1b6fdf,2023-04-24T08:19:00+00:00,21.64820125,72.82622625,2023-04-24T08:00:00+00:00,21.75,72.75,13.789572611581209,1.2707366943359375,0.9552459716796875,1.5897379069337487,233.06685897009862,0.31666666666666665,ERA5
25acca44-ffe9-5946-8971-8a0cf7cfffa1,2023-04-25T08:00:00+00:00,21.43002,72.927755,2023-04-25T08:00:00+00:00,21.5,73.0,10.790855332423167,0.8348236083984375,-0.1529388427734375,0.8487171182250691,280.38141069300497,0.0,ERA5
6550e8c4-0e07-5bfe-ad91-54c06776faf1,2023-04-25T08:00:00+00:00,22.03303,72.68338,2023-04-25T08:00:00+00:00,22.0,72.75,7.788011759753679,0.2645111083984375,0.3226470947265625,0.417213703276464,219.3454331852289,0.0,ERA5
b1bb0fb3-0a5d-5c71-a297-4fea3ee34583,2023-04-25T08:00:00+00:00,22.04841,72.85519,2023-04-25T08:00:00+00:00,22.0,72.75,12.10568642352753,0.2645111083984375,0.3226470947265625,0.417213703276464,219.3454331852289,0.0,ERA5
f5d81efb-f955-5551-9f3b-cfa1a171555e,2023-04-25T08:00:00+00:00,22.01339,72.59851,2023-04-25T08:00:00+00:00,22.0,72.5,10.264279476997373,-0.0274810791015625,0.7992095947265625,0.7996819280261263,178.0306420960119,0.0,ERA5
4278426b-df65-5574-80cc-e42d62189c85,2023-04-25T08:52:00+00:00,22.085265,72.81694,2023-04-25T09:00:00+00:00,22.0,72.75,11.725635891471363,0.7690582275390625,0.6481170654296875,1.005736689122314,229.87778001598062,0.13333333333333333,ERA5
62718b61-7ec4-53c5-a2c2-e1d87ec1ba3a,2023-04-25T08:52:00+00:00,21.99397,72.54871,2023-04-25T09:00:00+00:00,22.0,72.5,5.066580104837992,0.2905426025390625,1.2750701904296875,1.3077534149879217,192.8364758272115,0.13333333333333333,ERA5
46477476-6a80-5bd1-b6d2-029083a044c3,2023-04-25T20:29:00+00:00,21.90593,72.75511,2023-04-25T20:00:00+00:00,22.0,72.75,10.473374265278109,1.7442474365234375,1.4986419677734375,2.2996362467552176,229.33111991463127,0.48333333333333334,ERA5
0b16d5ce-1c65-5946-b50d-78b6ac3fcfbe,2023-04-26T07:42:00+00:00,21.62321,72.95025,2023-04-26T08:00:00+00:00,21.5,73.0,14.634490202586337,3.491546630859375,3.6474151611328125,5.0492113476390506,223.74923125652447,0.3,ERA5
0f1668a7-61ca-5f2f-82fe-89cb97ea26b9,2023-04-26T08:33:00+00:00,21.64621,72.82539,2023-04-26T09:00:00+00:00,21.75,72.75,13.923414749275137,2.8571929931640625,6.560882568359375,7.156027660370502,203.53260148960936,0.45,ERA5
286f2c9c-703d-546d-91b2-cc5ee8effb2d,2023-04-26T08:33:00+00:00,22.09986,72.70128,2023-04-26T09:00:00+00:00,22.0,72.75,12.186439480625744,2.1521148681640625,5.629241943359375,6.026604621397462,200.9223496777514,0.45,ERA5
7efc1a82-2fd1-549d-ad25-8c0af3f10e64,2023-04-26T08:33:00+00:00,22.00804,72.58076,2023-04-26T09:00:00+00:00,22.0,72.5,8.373829479557987,0.6560211181640625,7.811859130859375,7.839356273819185,184.80029845425898,0.45,ERA5
a4c8fef5-fa55-5d4f-a619-41086b5c4a65,2023-04-26T08:33:00+00:00,21.82257,72.96449,2023-04-26T09:00:00+00:00,21.75,73.0,8.863336891335495,2.8659820556640625,3.947601318359375,4.8782588402114415,215.97987297970866,0.45,ERA5
faeb1d1e-5664-5d00-9a4f-fae1a4ce621f,2023-04-27T08:14:00+00:00,21.77662,72.73682,2023-04-27T08:00:00+00:00,21.75,72.75,3.257946972231794,1.6383056640625,2.785858154296875,3.2318804285990623,210.45890660258712,0.23333333333333334,ERA5
28bee387-79f1-5005-a7c5-e9cb18952354,2023-04-27T09:03:00+00:00,22.007345,72.72966,2023-04-27T09:00:00+00:00,22.0,72.75,2.2503981058812244,1.8056640625,2.584716796875,3.1529642602877317,214.93786541363323,0.05,ERA5
92e9cff0-4666-5f86-95c3-b17cd610bd63,2023-04-27T09:03:00+00:00,22.02378,72.64632,2023-04-27T09:00:00+00:00,22.0,72.75,11.010541599086395,1.8056640625,2.584716796875,3.1529642602877317,214.93786541363323,0.05,ERA5
1e872c4c-0bba-5f88-b2fb-4c1c8030ccd9,2023-04-27T20:43:00+00:00,21.79465,72.6473733333333,2023-04-27T21:00:00+00:00,21.75,72.75,11.702872552009326,1.17425537109375,1.108245849609375,1.6146468777162781,226.6565218447767,0.2833333333333333,ERA5
995ea986-c6fe-5e4a-807e-458eb5a2e74b,2023-04-27T21:32:00+00:00,21.68855,72.56158,2023-04-27T22:00:00+00:00,21.75,72.5,9.33566934387041,3.1808624267578125,-1.309967041015625,3.4400435210192954,292.38321770948073,0.4666666666666667,ERA5
40a44d82-1668-5ac5-afae-729989b77fd8,2023-04-29T08:26:00+00:00,22.03037,72.92081,2023-04-29T08:00:00+00:00,22.0,73.0,8.834379133188762,-1.062042236328125,-0.43243408203125,1.1467052572684293,67.84521273727523,0.43333333333333335,ERA5
172b4b24-0292-52a6-ba63-68a8eb7fff14,2023-04-30T08:07:00+00:00,21.56876,72.88932,2023-04-30T08:00:00+00:00,21.5,73.0,13.76641442376468,2.8179931640625,1.92669677734375,3.4136850974467126,235.6391009388145,0.11666666666666667,ERA5
9b89a8ab-02db-543f-9ce9-a60044f3c4ae,2023-04-30T08:07:00+00:00,21.86409,72.7062,2023-04-30T08:00:00+00:00,21.75,72.75,13.468007696009103,2.3951416015625,2.31048583984375,3.3279194863538777,226.03065844839008,0.11666666666666667,ERA5
0437786e-4d25-5188-a8ac-232d0111b226,2023-04-30T08:58:00+00:00,21.74561,72.74949,2023-04-30T09:00:00+00:00,21.75,72.75,0.4909793293416752,2.408294677734375,2.5712127685546875,3.5229275263596294,223.12608163745082,0.03333333333333333,ERA5
8a601c35-aab0-5106-a8c3-a6730be44a48,2023-04-30T08:58:00+00:00,21.99787,72.8306,2023-04-30T09:00:00+00:00,22.0,72.75,8.313147043618635,2.437591552734375,1.9335174560546875,3.1113248513824736,231.57826269744066,0.03333333333333333,ERA5
d78ee780-1714-5760-8bfa-fdf0712cbff4,2023-05-02T07:29:00+00:00,22.07505,72.54464,2023-05-02T07:00:00+00:00,22.0,72.5,9.52953143258575,0.514129638671875,2.390472412109375,2.4451355051237726,192.1379595874278,0.48333333333333334,ERA5
37c8d9b1-7930-57a9-9d83-ee191db351c0,2023-05-02T08:20:00+00:00,21.40891,72.74643,2023-05-02T08:00:00+00:00,21.5,72.75,10.135481892402607,2.6992645263671875,3.3908538818359375,4.334041881577303,218.5212875921065,0.3333333333333333,ERA5
e963848c-a168-5a1f-886c-4a7ade9279cb,2023-05-02T08:20:00+00:00,21.70915,72.65078,2023-05-02T08:00:00+00:00,21.75,72.75,11.210276346012158,1.7119598388671875,3.0226898193359375,3.47382501485197,209.52590010368792,0.3333333333333333,ERA5
3306d888-cd64-50aa-8686-3c7923510c47,2023-05-02T09:10:00+00:00,21.74619,72.83075,2023-05-02T09:00:00+00:00,21.75,72.75,8.350636019979575,2.3730621337890625,3.5646514892578125,4.282308271328845,213.65252645506223,0.16666666666666666,ERA5
5470c515-c9ea-52ce-8f35-799d28b57030,2023-05-03T08:51:00+00:00,21.73343,72.61076,2023-05-03T09:00:00+00:00,21.75,72.5,11.587258202408208,1.475067138671875,3.33660888671875,3.648120327856548,203.849537189821,0.15,ERA5
84abcec1-175a-5beb-80f9-16d5a3115fd1,2023-05-04T07:43:00+00:00,21.8336225,72.658385,2023-05-04T08:00:00+00:00,21.75,72.75,13.264068238935101,0.8413543701171875,1.763458251953125,1.9538838712924729,205.50603275282072,0.2833333333333333,ERA5
b8dcd429-abe5-567c-8c10-9a8e828b6dcf,2023-05-04T07:43:00+00:00,21.824005,72.63667,2023-05-04T08:00:00+00:00,21.75,72.75,14.305351356373635,0.8413543701171875,1.763458251953125,1.9538838712924729,205.50603275282072,0.2833333333333333,ERA5
c53182a9-37c2-59e9-bacf-edefcd0a9244,2023-05-04T08:32:00+00:00,22.04879,72.61623,2023-05-04T09:00:00+00:00,22.0,72.5,13.152108818494439,0.10626220703125,2.174407958984375,2.1770029004890525,182.79778966263046,0.4666666666666667,ERA5
6f9daafa-71b9-55f7-aa6c-95874264e3d9,2023-05-05T08:13:00+00:00,22.07142,72.60009,2023-05-05T08:00:00+00:00,22.0,72.5,13.0191426574311,0.2110595703125,1.3930511474609375,1.4089491267120795,188.6152949535022,0.21666666666666667,ERA5
981d2a73-25c4-58ef-a490-158f10b1c7e8,2023-05-05T08:13:00+00:00,21.55753,72.91596,2023-05-05T08:00:00+00:00,21.5,73.0,10.79296419763158,0.6837158203125,0.4291839599609375,0.8072584433955128,237.88257367116626,0.21666666666666667,ERA5
cb9b03b5-a9a2-56cc-853a-fa2c7b70adf3,2023-05-05T08:13:00+00:00,21.45691,72.66941,2023-05-05T08:00:00+00:00,21.5,72.75,9.617407011948872,2.3175048828125,2.5444183349609375,3.441641112194177,222.32785669554053,0.21666666666666667,ERA5
7adb2b03-cc0e-5057-8cf9-9ee1c0e03bb4,2023-05-06T08:46:00+00:00,21.99622,72.74055,2023-05-06T09:00:00+00:00,22.0,72.75,1.0610881400264824,1.7153778076171875,0.122222900390625,1.719726565546234,265.92448864062595,0.23333333333333334,ERA5
6e2d8807-fa49-5f1f-b6ef-a7eff7b5781e,2023-05-07T07:35:00+00:00,21.760335,72.67006,2023-05-07T08:00:00+00:00,21.75,72.75,8.33541868599398,2.3263702392578125,1.1025543212890625,2.5744173168889377,244.64196777163951,0.4166666666666667,ERA5
4215755b-a9d3-5c94-a6e0-de0753edd573,2023-05-07T08:27:00+00:00,21.40415,72.67686,2023-05-07T08:00:00+00:00,21.5,72.75,13.07246312213287,3.0656280517578125,2.9297027587890625,4.240428469692732,226.2987793175617,0.45,ERA5
a57dd87a-a84a-535f-944f-d43e6d6a0e66,2023-05-07T09:16:00+00:00,21.7059,72.802,2023-05-07T09:00:00+00:00,21.75,72.75,7.273059453632205,2.6097412109375,1.7470703125,3.1405419699288175,236.19998717119375,0.26666666666666666,ERA5
f64f10bc-3d57-5a0f-82e5-dae2e918624b,2023-05-07T09:16:00+00:00,21.782925,72.714975,2023-05-07T09:00:00+00:00,21.75,72.75,5.14643338511161,2.6097412109375,1.7470703125,3.1405419699288175,236.19998717119375,0.26666666666666666,ERA5
bd334619-5de9-5a62-9540-222a198944ab,2023-05-07T20:55:00+00:00,21.43342,72.97529,2023-05-07T21:00:00+00:00,21.5,73.0,7.832501987106777,0.81890869140625,2.6153564453125,2.740565777517178,197.38614805631232,0.08333333333333333,ERA5
4c673093-5ab5-5b25-bde5-e070971b9dcb,2023-05-08T08:08:00+00:00,21.41771,72.88615,2023-05-08T08:00:00+00:00,21.5,73.0,14.917840110337078,2.442626953125,0.1926727294921875,2.450214115709623,265.48988684976405,0.13333333333333333,ERA5
8ee251f0-1f83-53f7-a544-17f90ac38f70,2023-05-08T08:08:00+00:00,21.71879,72.69961,2023-05-08T08:00:00+00:00,21.75,72.75,6.255674662607347,2.291259765625,0.8284149169921875,2.4364200352704177,250.12232310678277,0.13333333333333333,ERA5
d9477d57-a923-5859-a919-f5489eae43c2,2023-05-08T08:08:00+00:00,21.72862,72.81944,2023-05-08T08:00:00+00:00,21.75,72.75,7.555960352252314,2.291259765625,0.8284149169921875,2.4364200352704177,250.12232310678277,0.13333333333333333,ERA5
fb7b11e2-969e-54fd-94d0-e2e6516cb0f8,2023-05-08T08:08:00+00:00,21.849425,72.955705,2023-05-08T08:00:00+00:00,21.75,73.0,11.964072846207992,2.191650390625,-0.1471710205078125,2.196586156745058,273.8416885319304,0.13333333333333333,ERA5
21e78936-1c4e-5d83-a4f5-c8b8acc11ed2,2023-05-08T08:57:00+00:00,22.07017,72.7364,2023-05-08T09:00:00+00:00,22.0,72.75,7.927468909860031,2.309051513671875,0.4875030517578125,2.3599529906893393,258.0783915341933,0.05,ERA5
24184a9b-eef0-5bbd-af14-550e809d05ff,2023-05-08T08:57:00+00:00,22.01007,72.83005,2023-05-08T09:00:00+00:00,22.0,72.75,8.328329583395497,2.309051513671875,0.4875030517578125,2.3599529906893393,258.0783915341933,0.05,ERA5
2bf668bd-38b9-5d29-a056-65a3ea363eb8,2023-05-08T08:57:00+00:00,21.48614,72.6991,2023-05-08T09:00:00+00:00,21.5,72.75,5.4871259970677855,2.926239013671875,2.6437530517578125,3.943641079486582,227.90330721886713,0.05,ERA5
39ace98f-0654-5da0-b86a-88a35002a13f,2023-05-08T08:57:00+00:00,22.02393,72.809605,2023-05-08T09:00:00+00:00,22.0,72.75,6.696046143743147,2.309051513671875,0.4875030517578125,2.3599529906893393,258.0783915341933,0.05,ERA5
39c6947f-e4db-5f9d-9e2e-75bc5131c938,2023-05-08T08:57:00+00:00,21.89717,72.65868,2023-05-08T09:00:00+00:00,22.0,72.75,14.813685537280703,2.309051513671875,0.4875030517578125,2.3599529906893393,258.0783915341933,0.05,ERA5
50060246-5f26-5a33-b885-7e76a1164df8,2023-05-08T08:57:00+00:00,21.795025,72.647815,2023-05-08T09:00:00+00:00,21.75,72.75,11.679389760618234,2.384246826171875,1.3468780517578125,2.738377880135899,240.53758499491795,0.05,ERA5
7b465d72-ec4a-5c42-8427-a4aae4fd1f6b,2023-05-08T08:57:00+00:00,21.42772,72.79585,2023-05-08T09:00:00+00:00,21.5,72.75,9.333187819596576,2.926239013671875,2.6437530517578125,3.943641079486582,227.90330721886713,0.05,ERA5
977fadc4-ba3e-51bb-a9c1-5aa7bb59b1e1,2023-05-09T07:49:00+00:00,21.92093,72.79616,2023-05-09T08:00:00+00:00,22.0,72.75,9.998163355270647,1.4429473876953125,-0.049560546875,1.443798258574679,271.96715025914716,0.18333333333333332,ERA5
e2f7a0cc-1960-5145-8e1e-b0e5f1144f57,2023-05-09T07:49:00+00:00,21.83267,72.6346525,2023-05-09T08:00:00+00:00,21.75,72.75,15.044556700487176,2.0406036376953125,0.884033203125,2.2238655333456627,246.57670592198403,0.18333333333333332,ERA5
543d5614-0c67-5d95-b4fd-5a2367486166,2023-05-09T08:38:00+00:00,21.9896,72.56696,2023-05-09T09:00:00+00:00,22.0,72.5,6.999890023507286,0.7484283447265625,1.1147308349609375,1.3426726412654915,213.87734278897813,0.36666666666666664,ERA5
5c9c25a6-4398-5705-ac55-f7eb4ca881d8,2023-05-09T08:38:00+00:00,22.02079,72.77932,2023-05-09T09:00:00+00:00,22.0,72.75,3.805306813784831,1.5462799072265625,-0.2358551025390625,1.5641640517817492,278.6725184893332,0.36666666666666664,ERA5
1fbb367e-0bc4-53e2-8f72-8ed3287ece7f,2023-05-10T07:30:00+00:00,22.00654,72.71893,2023-05-10T07:00:00+00:00,22.0,72.75,3.2846975224347505,-0.061004638671875,-3.13092041015625,3.1315146783421706,1.116242395213078,0.5,ERA5
5a9a23a7-7a22-5076-a4bc-79cda4e55d8f,2023-05-10T07:30:00+00:00,22.082215,72.80608,2023-05-10T07:00:00+00:00,22.0,72.75,10.815883055829683,-0.061004638671875,-3.13092041015625,3.1315146783421706,1.116242395213078,0.5,ERA5
e1b6c7b0-53b7-5d4c-bae9-e45bb559d19f,2023-05-10T07:30:00+00:00,22.07128,72.73704,2023-05-10T07:00:00+00:00,22.0,72.75,8.03775300448017,-0.061004638671875,-3.13092041015625,3.1315146783421706,1.116242395213078,0.5,ERA5
3a70eb04-29a6-5907-9e85-c7cb613f25ca,2023-05-10T08:19:00+00:00,21.43598,72.91601,2023-05-10T08:00:00+00:00,21.5,73.0,11.234544153891248,0.6043853759765625,-2.68536376953125,2.7525370583164572,347.31599097800836,0.31666666666666665,ERA5
7353cba9-41a4-5573-9c51-b2c0bff92fd0,2023-05-10T08:19:00+00:00,21.6392,72.834155,2023-05-10T08:00:00+00:00,21.75,72.75,15.079504651789883,0.3436431884765625,-2.71466064453125,2.736324735106044,352.7854209870561,0.31666666666666665,ERA5
6b3a919e-90df-59c8-953b-db798ab0b37a,2023-05-10T09:11:00+00:00,21.96068,72.93351,2023-05-10T09:00:00+00:00,22.0,73.0,8.13141931164834,0.8581085205078125,-3.875946044921875,3.9697994881497016,347.5164584792865,0.18333333333333332,ERA5
a3bc03a1-384a-5deb-b568-88cca980d551,2023-05-10T09:11:00+00:00,22.03898,72.86622,2023-05-10T09:00:00+00:00,22.0,72.75,12.740378565198917,0.8678741455078125,-3.850555419921875,3.947148663824387,347.2983856318004,0.18333333333333332,ERA5
a80d02f7-5544-5bbe-86b7-c41b5949a1a2,2023-05-10T09:11:00+00:00,22.08856,72.64546,2023-05-10T09:00:00+00:00,22.0,72.75,14.596636046103198,0.8678741455078125,-3.850555419921875,3.947148663824387,347.2983856318004,0.18333333333333332,ERA5
bab3c1dc-047c-5e6e-84cf-b1928f450830,2023-05-10T09:11:00+00:00,21.6352,72.96819,2023-05-10T09:00:00+00:00,21.75,73.0,13.181486334914169,0.5387725830078125,-3.612274169921875,3.652232272855285,351.51684072788737,0.18333333333333332,ERA5
20b18501-73fd-578c-95d7-ca077f49f9b6,2023-05-10T19:59:00+00:00,21.686215,72.562426,2023-05-10T20:00:00+00:00,21.75,72.5,9.585953750102869,4.1902008056640625,0.51220703125,4.2213906280572635,263.03078163099434,0.016666666666666666,ERA5
4426b4de-be8b-5c39-a24e-cca62f3c8e47,2023-05-11T08:52:00+00:00,22.066175,72.767505,2023-05-11T09:00:00+00:00,22.0,72.75,7.576310169270298,1.16094970703125,-3.4151763916015625,3.6071088156595184,341.2251288981068,0.13333333333333333,ERA5
e3f92059-fc13-5ea3-97fc-7b119356df81,2023-05-11T08:52:00+00:00,21.97926,72.8828,2023-05-11T09:00:00+00:00,22.0,73.0,12.302080079581266,1.55645751953125,-2.9913482666015625,3.372050483341782,332.51115029528864,0.13333333333333333,ERA5
3fbc13a5-bf1c-5b18-ae14-b956f56445bd,2023-05-12T07:42:00+00:00,22.04066,72.58649,2023-05-12T08:00:00+00:00,22.0,72.5,9.996521926747672,1.85821533203125,-3.2945709228515625,3.7824809035730773,330.57598141574016,0.3,ERA5
c0a7b76d-2dc8-5242-8c96-bf454eb9982d,2023-05-12T07:42:00+00:00,21.6953,72.73376,2023-05-12T08:00:00+00:00,21.75,72.75,6.3094666928924585,1.81524658203125,-2.9107818603515625,3.430418515593664,328.05115862569363,0.3,ERA5
c1fc6a14-939c-55e4-8583-872a50489971,2023-05-12T07:42:00+00:00,21.69492,72.78129,2023-05-12T08:00:00+00:00,21.75,72.75,6.925182296672533,1.81524658203125,-2.9107818603515625,3.430418515593664,328.05115862569363,0.3,ERA5
eb637d74-c11e-5428-8cfb-3862627c1db4,2023-05-12T07:42:00+00:00,21.93374,72.67268,2023-05-12T08:00:00+00:00,22.0,72.75,10.856305236358159,2.01251220703125,-3.1959381103515625,3.7768009993441947,327.80099400533345,0.3,ERA5
f3df1999-3289-5a29-96de-3e74eb70b355,2023-05-12T20:10:00+00:00,21.920455,72.68541,2023-05-12T20:00:00+00:00,22.0,72.75,11.072606210776911,3.1528778076171875,0.859466552734375,3.267923075140245,254.7518031315464,0.16666666666666666,ERA5
26c9e172-c370-5609-8b39-667fb2c98ccb,2023-05-13T09:03:00+00:00,22.08488,72.76431,2023-05-13T09:00:00+00:00,22.0,72.75,9.552769514361708,2.6873321533203125,0.74658203125,2.789110760019143,254.47389231073646,0.05,ERA5
2fa7b12f-97ca-53e9-8c34-666401df3b34,2023-05-13T09:03:00+00:00,21.46929,72.70074,2023-05-13T09:00:00+00:00,21.5,72.75,6.13505194971207,2.9178009033203125,3.44384765625,4.5137178457315486,220.2729481387573,0.05,ERA5
3d76d4af-889d-56cd-ad71-d246b716b836,2023-05-13T09:03:00+00:00,22.04023,72.7859,2023-05-13T09:00:00+00:00,22.0,72.75,5.805705914336267,2.6873321533203125,0.74658203125,2.789110760019143,254.47389231073646,0.05,ERA5
56752b4e-4cdf-5ba4-afdb-23e44bced652,2023-05-13T09:03:00+00:00,22.061005,72.62057,2023-05-13T09:00:00+00:00,22.0,72.5,14.158637075820113,1.0125274658203125,2.68505859375,2.8696256760963146,200.66130746248746,0.05,ERA5
7a7b1c9e-bce1-59c3-9e6a-e279f16d54ab,2023-05-13T09:03:00+00:00,21.95857,72.52859,2023-05-13T09:00:00+00:00,22.0,72.5,5.469314383153543,1.0125274658203125,2.68505859375,2.8696256760963146,200.66130746248746,0.05,ERA5
349258c1-2a2a-5cc1-9b93-7a6babb80137,2023-05-14T07:55:00+00:00,21.44337,72.82595,2023-05-14T08:00:00+00:00,21.5,72.75,10.070646392258883,3.1873779296875,5.369720458984375,6.2444596142736275,210.6926724952224,0.08333333333333333,ERA5
737e820c-bf31-58b9-aa15-6fb89a701594,2023-05-14T07:55:00+00:00,21.41597,72.82197,2023-05-14T08:00:00+00:00,21.5,72.75,11.948958319803033,3.1873779296875,5.369720458984375,6.2444596142736275,210.6926724952224,0.08333333333333333,ERA5
6864e029-b04a-59cf-aaaf-cb2ab051fba8,2023-05-14T08:44:00+00:00,21.68962,72.95101,2023-05-14T09:00:00+00:00,21.75,73.0,8.40760178902909,3.487884521484375,2.5735626220703125,4.334577603980313,233.57795130386307,0.26666666666666666,ERA5
7c5d45ce-e394-5e79-a492-1855a9e72436,2023-05-14T08:44:00+00:00,21.46083,72.97863,2023-05-14T09:00:00+00:00,21.5,73.0,4.884647607676774,3.564056396484375,2.9075469970703125,4.599600801971165,230.7925329384098,0.26666666666666666,ERA5
96ab309b-7698-59ff-8525-288fb1c548cd,2023-05-14T08:44:00+00:00,21.684235,72.532825,2023-05-14T09:00:00+00:00,21.75,72.5,8.060665266320518,0.505462646484375,7.3772735595703125,7.3945694708837655,183.9195625186058,0.26666666666666666,ERA5
d139b89e-4395-56fd-a5e1-211904a36099,2023-05-14T08:44:00+00:00,21.48439,72.95819,2023-05-14T09:00:00+00:00,21.5,73.0,4.6610487027109615,3.564056396484375,2.9075469970703125,4.599600801971165,230.7925329384098,0.26666666666666666,ERA5
f8d47bb7-532f-52b8-8f48-2c88b8983bc3,2023-05-14T08:44:00+00:00,21.641375,72.83435,2023-05-14T09:00:00+00:00,21.75,72.75,14.894301285576539,2.534759521484375,4.9710235595703125,5.579971421213445,207.0173510672261,0.26666666666666666,ERA5
7a477a9d-71b6-503f-a1ca-0f46628024f4,2023-05-15T07:36:00+00:00,21.72314,72.6311757142857,2023-05-15T08:00:00+00:00,21.75,72.75,12.631370980914488,3.3222503662109375,5.180389404296875,6.154167845934984,212.67257503847273,0.4,ERA5
881cd39f-da83-5528-a329-b75f015bb529,2023-05-15T07:36:00+00:00,21.42995,72.792135,2023-05-15T08:00:00+00:00,21.5,72.75,8.926555573888637,3.6279144287109375,5.805389404296875,6.845751181395029,212.00216137122436,0.4,ERA5
3cffbc59-2673-58fe-a530-03b26cda28d7,2023-05-15T08:26:00+00:00,21.8264933333333,72.9546233333333,2023-05-15T08:00:00+00:00,21.75,73.0,9.71069304810599,4.1367034912109375,3.330780029296875,5.310970850772922,231.1597691457987,0.43333333333333335,ERA5
46f520d3-cf1d-5c97-bb38-8541efd4b5b1,2023-05-15T08:26:00+00:00,21.87691,72.73299,2023-05-15T08:00:00+00:00,22.0,72.75,13.798972573757792,3.2079925537109375,4.239959716796875,5.316810568820847,217.11148473500035,0.43333333333333335,ERA5
28b751b5-b74d-5f9e-9629-457ea3d4e4fd,2023-05-16T08:07:00+00:00,21.94977,72.55853,2023-05-16T08:00:00+00:00,22.0,72.5,8.223252962130944,1.214385986328125,4.0107269287109375,4.190544573259805,196.84549939732233,0.11666666666666667,ERA5
c4efdf86-73a1-5c85-ad67-f8d065eed991,2023-05-16T08:07:00+00:00,21.5305,72.74358,2023-05-16T08:00:00+00:00,21.5,72.75,3.4558599644981705,3.153839111328125,5.0370941162109375,5.942980588535505,212.05161791740596,0.11666666666666667,ERA5
dbd8a517-de6f-54ef-91aa-66a8d193a15f,2023-05-16T08:07:00+00:00,21.80995,72.85235,2023-05-16T08:00:00+00:00,21.75,72.75,12.495126560520928,3.161651611328125,3.5341644287109375,4.741978397312606,221.8157080645442,0.11666666666666667,ERA5
97626f1f-b5a4-5c45-8ffd-119086e52f41,2023-05-16T08:58:00+00:00,22.014035,72.731285,2023-05-16T09:00:00+00:00,22.0,72.75,2.4815455625284706,2.823455810546875,3.2230682373046875,4.284865409372068,221.2188429385057,0.03333333333333333,ERA5
daf2f2ba-e781-5acb-9d07-9d1e119741cc,2023-05-17T07:48:00+00:00,21.693145,72.654805,2023-05-17T08:00:00+00:00,21.75,72.75,11.690458608147665,3.1007537841796875,2.6213836669921875,4.060335744698714,229.78875251763944,0.2,ERA5
6c9c5085-7184-5a1a-97ea-04d6bdd12f41,2023-05-17T08:39:00+00:00,21.48607,72.7504,2023-05-17T09:00:00+00:00,21.5,72.75,1.5494980972395176,3.3006439208984375,4.450653076171875,5.540989360845407,216.56096046625981,0.35,ERA5
da834a7b-75d7-517f-a53e-a2132144bad9,2023-05-17T08:39:00+00:00,22.01501,72.95403,2023-05-17T09:00:00+00:00,22.0,73.0,5.024481954562597,3.3387298583984375,0.775848388671875,3.4276898619282923,256.9178823600912,0.35,ERA5
67ba8adb-555d-5df4-96c1-6fdd63137805,2023-05-18T08:20:00+00:00,21.90595,72.99567,2023-05-18T08:00:00+00:00,22.0,73.0,10.46741286175787,2.764404296875,0.27252197265625,2.7778047703467963,264.3698289714249,0.3333333333333333,ERA5
6eb22206-d721-5ad6-89a4-1b5662ba4123,2023-05-18T09:10:00+00:00,22.09801,72.88967,2023-05-18T09:00:00+00:00,22.0,73.0,15.750174988469004,3.113311767578125,0.2607269287109375,3.12421009112631,265.21288686274033,0.16666666666666666,ERA5
8e70ea53-20d5-5f5f-af2f-40fd20513816,2023-05-18T09:10:00+00:00,21.69711,72.65343,2023-05-18T09:00:00+00:00,21.75,72.75,11.580048260024421,2.666046142578125,1.8886566162109375,3.2672351994175517,234.68582055557022,0.16666666666666666,ERA5
f72dd1be-5b65-5796-9d1c-cf0e9bea7971,2023-05-18T09:10:00+00:00,22.037665,72.789945,2023-05-18T09:00:00+00:00,22.0,72.75,5.873344649369417,2.608428955078125,1.1767425537109375,2.8615773013154997,245.71839961200945,0.16666666666666666,ERA5
748a6b3e-20a7-55f5-bde1-249c346e10b6,2023-05-20T07:43:00+00:00,21.95094,72.79194,2023-05-20T08:00:00+00:00,22.0,72.75,6.9614901532023605,2.6647186279296875,1.30029296875,2.965044210566879,243.9891822163862,0.2833333333333333,ERA5
ae583ec7-5082-5489-9dfb-bd263dffb35b,2023-05-20T07:43:00+00:00,21.99234,72.85525,2023-05-20T08:00:00+00:00,22.0,72.75,10.884748976325824,2.6647186279296875,1.30029296875,2.965044210566879,243.9891822163862,0.2833333333333333,ERA5
10688b4f-3c25-5634-9402-eb4c618778eb,2023-05-20T08:32:00+00:00,21.8776,72.8252,2023-05-20T09:00:00+00:00,22.0,72.75,15.665236683188581,2.629852294921875,1.650909423828125,3.105096619880026,237.88114576730948,0.4666666666666667,ERA5
85fcbd7c-f447-5214-b33b-e6febf9eeee7,2023-05-21T08:13:00+00:00,21.84603,72.98584,2023-05-21T08:00:00+00:00,21.75,73.0,10.777661799161978,2.79229736328125,1.7917938232421875,3.3177476802789383,237.31205066317432,0.21666666666666667,ERA5
5185bfb7-318c-5c03-bd76-85a8124a0b2f,2023-05-21T09:04:00+00:00,22.0405,72.812595,2023-05-21T09:00:00+00:00,22.0,72.75,7.868633640133414,2.762786865234375,2.2304229736328125,3.5507432889496,231.08574666415444,0.06666666666666667,ERA5
7e9f3c98-110a-59fc-93d9-b773cc2c3f61,2023-05-21T09:04:00+00:00,21.371645,72.7191,2023-05-21T09:00:00+00:00,21.25,72.75,13.899901734216007,3.969818115234375,4.1737823486328125,5.76020094804008,223.56527255797096,0.06666666666666667,ERA5
90a3b6cb-d4b6-5e34-8069-57987399c113,2023-05-21T09:04:00+00:00,22.07485,72.7547566666667,2023-05-21T09:00:00+00:00,22.0,72.75,8.337367874201304,2.762786865234375,2.2304229736328125,3.5507432889496,231.08574666415444,0.06666666666666667,ERA5
977f4003-27c8-5a4a-9d05-7a5496ba3fd3,2023-05-22T07:54:00+00:00,22.08824,72.84084,2023-05-22T08:00:00+00:00,22.0,72.75,13.56204027657608,2.327178955078125,1.6912994384765625,2.8768482197623233,233.99186386750034,0.1,ERA5
bb7c7191-390e-59b3-b5bd-5069174714c9,2023-05-22T07:54:00+00:00,21.71287,72.80217,2023-05-22T08:00:00+00:00,21.75,72.75,6.788563644180793,2.204132080078125,2.5135650634765625,3.3430835399013676,221.24735436809334,0.1,ERA5
e9aaa9db-9c9e-586d-8efe-4ac18cf1035e,2023-05-22T07:54:00+00:00,21.50719,72.95967,2023-05-22T08:00:00+00:00,21.5,73.0,4.2482539220556275,2.581085205078125,1.9061431884765625,3.2086418763783504,233.5539632486513,0.1,ERA5
30657e89-18dc-55a0-8c3e-3a7b4c52ff59,2023-05-22T08:45:00+00:00,21.55293,72.89045,2023-05-22T09:00:00+00:00,21.5,73.0,12.769014648041248,2.89471435546875,2.472686767578125,3.8070396701784994,229.49579834584466,0.25,ERA5
93ff7f4e-cee4-5c3a-bc63-d7c36db96da1,2023-05-22T08:45:00+00:00,22.01858,72.99686,2023-05-22T09:00:00+00:00,22.0,73.0,2.091207633364603,2.88299560546875,1.464874267578125,3.233808943175937,243.06449410615548,0.25,ERA5
d3ec2bfc-ab48-5787-ae4e-49dec1406809,2023-05-22T08:45:00+00:00,21.752805,72.65765,2023-05-22T09:00:00+00:00,21.75,72.75,9.54281259093231,2.22869873046875,3.790069580078125,4.396785809318734,210.45707631440507,0.25,ERA5
9d7cccb5-7706-5f1f-909e-328c4b0b18b7,2023-05-22T21:14:00+00:00,21.90477,72.75558,2023-05-22T21:00:00+00:00,22.0,72.75,10.604719019437232,2.4490509033203125,1.2918243408203125,2.768873499203218,242.18926845114257,0.23333333333333334,ERA5
5c262d99-b9a9-570d-8f17-97c118992c51,2023-05-23T07:35:00+00:00,21.9775566666667,72.85479,2023-05-23T08:00:00+00:00,22.0,72.75,11.088974178677502,2.7311553955078125,3.057952880859375,4.100034831067608,221.76905929904743,0.4166666666666667,ERA5
0e427fd9-c490-5d87-a882-ef6b95a8650b,2023-05-23T08:26:00+00:00,21.63818,72.95735,2023-05-23T08:00:00+00:00,21.75,73.0,13.191570953944783,3.4440460205078125,2.471038818359375,4.238807123851544,234.34126549428484,0.43333333333333335,ERA5
4a575b04-d10e-5290-a48d-8f5e071320d0,2023-05-23T08:26:00+00:00,21.64297,72.82382,2023-05-23T08:00:00+00:00,21.75,72.75,14.135337664683668,2.7174835205078125,3.786468505859375,4.660693127647052,215.66635520255596,0.43333333333333335,ERA5
b436b18d-cfbe-5eb3-b2a9-7f976b8ff486,2023-05-23T08:26:00+00:00,21.965385,72.77442,2023-05-23T08:00:00+00:00,22.0,72.75,4.599460564863239,2.7311553955078125,3.057952880859375,4.100034831067608,221.76905929904743,0.43333333333333335,ERA5
64af4623-9726-53e2-bb92-3f2b28680df8,2023-05-23T08:27:00+00:00,22.03763,72.77793,2023-05-23T08:00:00+00:00,22.0,72.75,5.079131037204783,2.7311553955078125,3.057952880859375,4.100034831067608,221.76905929904743,0.45,ERA5
7926cf0d-3998-5f47-98b9-8655b5688c68,2023-05-23T09:16:00+00:00,21.68335,72.64546,2023-05-23T09:00:00+00:00,21.75,72.75,13.097689322417082,2.5052337646484375,4.4711151123046875,5.12514063836437,209.26257274591316,0.26666666666666666,ERA5
f58888a3-e03e-5562-8308-eb54cd62515b,2023-05-23T20:04:00+00:00,21.794314,72.64702,2023-05-23T20:00:00+00:00,21.75,72.75,11.72017730247352,3.2640838623046875,1.0302276611328125,3.422807691635782,252.48298211197078,0.06666666666666667,ERA5
1a409210-362c-549a-babb-6f38dc2efe36,2023-05-24T08:08:00+00:00,21.70971,72.82821,2023-05-24T08:00:00+00:00,21.75,72.75,9.237649979113131,3.04498291015625,4.594635009765625,5.5120406199616845,213.53346125265858,0.13333333333333333,ERA5
27caa24c-1a02-530d-8c37-4add322dc831,2023-05-24T08:08:00+00:00,21.94059,72.6717866666667,2023-05-24T08:00:00+00:00,22.0,72.75,10.4254538265842,3.03814697265625,3.712799072265625,4.797417427999863,219.29312527449045,0.13333333333333333,ERA5
c8d52ccb-2bd7-5791-b94c-9b2094d65a15,2023-05-24T08:08:00+00:00,21.62535,72.99116,2023-05-24T08:00:00+00:00,21.75,73.0,13.89051016529681,3.74517822265625,2.630767822265625,4.5768219600643025,234.91421117645916,0.13333333333333333,ERA5
6d04214d-5c4d-5197-b642-001368238e07,2023-05-24T08:57:00+00:00,22.00076,72.638945,2023-05-24T09:00:00+00:00,22.0,72.75,11.44984495253462,2.78338623046875,4.5848388671875,5.3635796205553055,211.26130336311525,0.05,ERA5
ab5b0b3f-03dc-5974-a237-2874fbc570db,2023-05-24T08:57:00+00:00,21.4277775,72.9732575,2023-05-24T09:00:00+00:00,21.5,73.0,8.494226346835404,3.77362060546875,3.1463623046875,4.913227882601903,230.1793921287285,0.05,ERA5
ac319672-046b-53b5-8046-775d268de17c,2023-05-24T08:57:00+00:00,21.89218,72.78319,2023-05-24T09:00:00+00:00,22.0,72.75,12.468151362746893,2.78338623046875,4.5848388671875,5.3635796205553055,211.26130336311525,0.05,ERA5
18352225-c717-5c10-8971-06bb87893f2f,2023-05-24T21:26:00+00:00,21.37091,72.91749,2023-05-24T21:00:00+00:00,21.25,73.0,15.93154853009563,3.0263824462890625,3.02703857421875,4.28041507812208,224.99378973295973,0.43333333333333335,ERA5
90b624c7-d91c-5545-bc39-b526bc74c642,2023-05-25T07:49:00+00:00,21.49919,72.838005,2023-05-25T08:00:00+00:00,21.5,72.75,9.105266762434614,3.479461669921875,6.8906402587890625,7.719298976493922,206.79171072075658,0.18333333333333332,ERA5
982d9996-b076-5afb-bdf5-49dc66935386,2023-05-25T07:49:00+00:00,21.99027,72.98617,2023-05-25T08:00:00+00:00,22.0,73.0,1.7899008907240486,4.105438232421875,3.4121246337890625,5.338278523713557,230.26924612035143,0.18333333333333332,ERA5
9060928d-2bfb-5c6f-aac5-efacdb7b03eb,2023-05-25T08:38:00+00:00,22.01887,72.8504,2023-05-25T09:00:00+00:00,22.0,72.75,10.560903655505472,2.8105316162109375,6.2870330810546875,6.8866445332975665,204.08637379157724,0.36666666666666664,ERA5
f4335949-0765-55b6-9cda-71f7e86a439f,2023-05-25T20:18:00+00:00,21.684985,72.56239,2023-05-25T20:00:00+00:00,21.75,72.5,9.685128700297634,5.9902801513671875,4.4274139404296875,7.448855649814596,233.5319064408794,0.3,ERA5
8559bbcd-ad7a-56be-8022-f2c504cda75c,2023-05-26T07:30:00+00:00,21.56279,72.89921,2023-05-26T07:00:00+00:00,21.5,73.0,12.54723755869901,4.7699432373046875,4.5494537353515625,6.591652886584138,226.3553196150853,0.5,ERA5
9fb05d3d-27c8-52b3-9070-fec64fb9c197,2023-05-26T08:19:00+00:00,22.05643,72.88011,2023-05-26T08:00:00+00:00,22.0,73.0,13.859717221033533,4.383392333984375,4.9382171630859375,6.603038475083233,221.59375762445686,0.31666666666666665,ERA5
b961f2b4-d66e-560e-91a8-6572a4e6efa6,2023-05-26T08:19:00+00:00,21.68659,72.5319,2023-05-26T08:00:00+00:00,21.75,72.5,7.782925606140148,2.157806396484375,8.868881225585938,9.127605525999664,193.67442367534846,0.31666666666666665,ERA5
d08817cd-b327-59bd-8a4a-d8e7ea0840e1,2023-05-26T08:19:00+00:00,22.03211,72.98676,2023-05-26T08:00:00+00:00,22.0,73.0,3.8224475639157194,4.383392333984375,4.9382171630859375,6.603038475083233,221.59375762445686,0.31666666666666665,ERA5
db8e3e11-ff85-5ba1-a33b-1d68da1fee9b,2023-05-26T08:19:00+00:00,21.86711,72.88705,2023-05-26T08:00:00+00:00,21.75,73.0,17.479781608039588,4.660736083984375,5.2555999755859375,7.024513644938909,221.567039038136,0.31666666666666665,ERA5
93eff523-238a-58c9-b1bd-ead978e65656,2023-05-27T08:00:00+00:00,21.8325,72.65323,2023-05-27T08:00:00+00:00,21.75,72.75,13.564039914245358,4.05560302734375,7.42828369140625,8.46329217948972,208.63311499014333,0.0,ERA5
eee423df-47ec-530c-9da1-26fcff1e533c,2023-05-27T08:52:00+00:00,22.00716,72.771,2023-05-27T09:00:00+00:00,22.0,72.75,2.306754450613059,3.390960693359375,7.10504150390625,7.872752326609715,205.51333288414534,0.13333333333333333,ERA5
0e87e818-6ee6-536d-acd2-e3cd64621e7b,2023-05-27T20:29:00+00:00,21.563405,72.91605,2023-05-27T20:00:00+00:00,21.5,73.0,11.185169607949485,3.0226898193359375,3.8597259521484375,4.902462459785418,218.06576950951776,0.48333333333333334,ERA5
3f67ca2d-b535-5098-9ad7-4fee9a814e2f,2023-05-28T07:42:00+00:00,21.939165,72.678945,2023-05-28T08:00:00+00:00,22.0,72.75,9.972312917889715,3.0341339111328125,2.5076751708984375,3.936293098008151,230.42667804022727,0.3,ERA5
6ea7d445-c498-57ed-98c9-944d510394b9,2023-05-28T08:33:00+00:00,21.82131,72.70504,2023-05-28T09:00:00+00:00,21.75,72.75,9.1882855067569,2.77337646484375,4.7608184814453125,5.50971955992503,210.22259436801693,0.45,ERA5
df616ac3-e5d0-51ab-a37f-e8b4653ed170,2023-05-28T08:33:00+00:00,21.95093,72.78539,2023-05-28T09:00:00+00:00,22.0,72.75,6.564205398015202,2.84759521484375,3.0655059814453125,4.184032197519279,222.8894797564185,0.45,ERA5
f96727d0-132c-53b9-b528-681eb8dc8f77,2023-05-28T08:33:00+00:00,21.4322,72.97332,2023-05-28T09:00:00+00:00,21.5,73.0,8.028654957709659,3.90618896484375,3.0694122314453125,4.967857050641975,231.84038142270532,0.45,ERA5
5be5996c-b14e-54eb-9326-e3e399e54602,2023-05-29T07:23:00+00:00,21.72285,72.6735766666667,2023-05-29T07:00:00+00:00,21.75,72.75,8.45126898618007,2.76080322265625,-0.0155029296875,2.760846749650917,270.3217335802253,0.38333333333333336,ERA5
4ef40fda-37e5-5269-9ccc-9ef76dee8bb4,2023-05-29T08:14:00+00:00,21.79406,72.64751,2023-05-29T08:00:00+00:00,21.75,72.75,11.662402610994006,2.911956787109375,-0.359588623046875,2.9340750344558506,277.039642089759,0.23333333333333334,ERA5
527a9ed9-7c57-5d26-9c7f-d69fc1d2f2be,2023-05-29T09:03:00+00:00,22.02001,72.64795,2023-05-29T09:00:00+00:00,22.0,72.75,10.753137314974325,2.8704986572265625,-0.7962188720703125,2.978880164320213,285.5029495887208,0.05,ERA5
0e35de31-8dc6-5c75-a702-6f6ad0a51282,2023-05-30T07:55:00+00:00,21.89249,72.723195,2023-05-30T08:00:00+00:00,22.0,72.75,12.270070384292636,1.852142333984375,-2.9181671142578125,3.456317481377088,327.5969603776803,0.08333333333333333,ERA5
98cd6f44-559a-5df2-9469-25cbfbc64def,2023-05-30T07:55:00+00:00,21.4536,72.747875,2023-05-30T08:00:00+00:00,21.5,72.75,5.164127896864453,1.840423583984375,-2.4943389892578125,3.0998203112144385,323.57860227063446,0.08333333333333333,ERA5
f8ef0674-b1e7-50b6-94d6-b4ff4692b4a5,2023-05-30T07:55:00+00:00,22.020325,72.878455,2023-05-30T08:00:00+00:00,22.0,73.0,12.73235244674968,1.947845458984375,-2.5431671142578125,3.2034045799943005,322.5510167767468,0.08333333333333333,ERA5
211d53d7-0df8-584d-8fed-2999d0bebe24,2023-05-30T08:44:00+00:00,21.70702,72.76069,2023-05-30T09:00:00+00:00,21.75,72.75,4.9050632080345915,1.76953125,-2.6804656982421875,3.211874406663427,326.56887779582746,0.26666666666666666,ERA5
6b33c9b9-f4f2-5308-bfb5-05f5ff28f853,2023-05-30T08:44:00+00:00,22.04033,72.82139,2023-05-30T09:00:00+00:00,22.0,72.75,8.617855979858135,1.900390625,-2.3640594482421875,3.0331933011944767,321.20532872135817,0.26666666666666666,ERA5
8cd4ee69-6ffd-5365-9fba-b18a253f1322,2023-05-30T08:44:00+00:00,21.44206,72.9795566666667,2023-05-30T09:00:00+00:00,21.5,73.0,6.78104900834579,1.794921875,-2.6804656982421875,3.225932562346351,326.19252464034827,0.26666666666666666,ERA5
b911dbd0-ac5c-545d-a647-56742d64d925,2023-05-30T08:44:00+00:00,21.75031,72.72979,2023-05-30T09:00:00+00:00,21.75,72.75,2.0875491328125304,1.76953125,-2.6804656982421875,3.211874406663427,326.56887779582746,0.26666666666666666,ERA5
4824f885-e738-5b1b-a0b3-9ccaa20fe581,2023-05-31T07:36:00+00:00,21.966875,72.80299,2023-05-31T08:00:00+00:00,22.0,72.75,6.589395559176793,3.255126953125,-0.3717193603515625,3.276282460933584,276.5146735612327,0.4,ERA5
9c60f7d8-d9ac-5463-afae-5b2952ec7974,2023-05-31T07:36:00+00:00,22.06985,72.737645,2023-05-31T08:00:00+00:00,22.0,72.75,7.870671143669052,3.255126953125,-0.3717193603515625,3.276282460933584,276.5146735612327,0.4,ERA5
c70782c4-af79-59ff-8e5c-3bfdb20c15bb,2023-05-31T07:36:00+00:00,22.00874,72.89405,2023-05-31T08:00:00+00:00,22.0,73.0,10.966059811057569,3.387939453125,-0.3687896728515625,3.4079524000259873,276.21239628090086,0.4,ERA5
d6b76099-378c-51f5-822a-b9d0a7bc626a,2023-05-31T08:25:00+00:00,21.57214,72.95655,2023-05-31T08:00:00+00:00,21.5,73.0,9.194739113130327,3.364501953125,-0.5113677978515625,3.403141257318229,278.64219505520657,0.4166666666666667,ERA5
58beb271-5aa7-56ad-a464-57d4c9792419,2023-05-31T08:26:00+00:00,22.02275,72.84363,2023-05-31T08:00:00+00:00,22.0,72.75,9.978290444388872,3.255126953125,-0.3717193603515625,3.276282460933584,276.5146735612327,0.43333333333333335,ERA5
e3b9598b-5cad-5e0e-9273-4e529253ff27,2023-05-31T08:26:00+00:00,22.090085,72.5573,2023-05-31T08:00:00+00:00,22.0,72.5,11.628276881554937,2.369384765625,-0.0055084228515625,2.3693911686967493,270.1332028538133,0.43333333333333335,ERA5
f016df5c-972b-59f6-9ccc-f6dd8831884b,2023-05-31T20:54:00+00:00,21.68727,72.56487,2023-05-31T21:00:00+00:00,21.75,72.5,9.67263289650321,2.9200286865234375,-3.1096954345703125,4.2657676010194505,316.8016615661651,0.1,ERA5
e1ce1971-df79-5fb2-84f8-3ca0466fd7a7,2023-06-01T08:07:00+00:00,21.7192233333333,72.68253,2023-06-01T08:00:00+00:00,21.75,72.75,7.763898402384638,2.6856689453125,2.02496337890625,3.363524099769076,232.98412828081968,0.11666666666666667,ERA5
16442b05-e938-5237-9a28-f9197773c835,2023-06-01T08:58:00+00:00,21.83616,72.95488,2023-06-01T09:00:00+00:00,21.75,73.0,10.653124867472007,3.510284423828125,1.6046142578125,3.8596481254831394,245.43400587181407,0.03333333333333333,ERA5
9fd6f739-1250-533b-bc0d-43984c75935d,2023-06-01T08:58:00+00:00,21.83303,72.65606,2023-06-01T09:00:00+00:00,21.75,72.75,13.390819503637001,2.720245361328125,3.2833251953125,4.263796332378113,219.6418562590209,0.03333333333333333,ERA5
c69aac68-05f3-5022-8ed9-8548781689c9,2023-06-01T08:58:00+00:00,21.69275,72.72629,2023-06-01T09:00:00+00:00,21.75,72.75,6.820816289821587,2.720245361328125,3.2833251953125,4.263796332378113,219.6418562590209,0.03333333333333333,ERA5
5693e232-515b-577c-bb3a-ec8681d8331a,2023-06-01T21:26:00+00:00,21.562385,72.91533,2023-06-01T21:00:00+00:00,21.5,73.0,11.172334201550198,2.4788970947265625,1.9688720703125,3.1656575992201716,231.5415264196344,0.43333333333333335,ERA5
7bf09742-8989-5a0c-887d-696b8e9e46bd,2023-06-03T08:20:00+00:00,21.75165,72.84183,2023-06-03T08:00:00+00:00,21.75,72.75,9.485822180743975,2.8770904541015625,2.969024658203125,4.134338750284079,224.09905849560676,0.3333333333333333,ERA5
d32dfb7b-d486-5df6-a8c3-9d434a8beb47,2023-06-03T08:20:00+00:00,21.8782,72.96017,2023-06-03T08:00:00+00:00,22.0,73.0,14.152897279251944,3.1319732666015625,1.364532470703125,3.416314594165771,246.4582928934484,0.3333333333333333,ERA5
45827b10-7662-519f-a3c5-4cdf595976fe,2023-06-04T08:01:00+00:00,22.07917,72.78925,2023-06-04T08:00:00+00:00,22.0,72.75,9.68834185058925,2.5367279052734375,2.183837890625,3.347258041729441,229.27524383845983,0.016666666666666666,ERA5
3da78a0c-dce0-5fc6-a712-2b65acb43309,2023-06-04T08:51:00+00:00,22.050935,72.740025,2023-06-04T09:00:00+00:00,22.0,72.75,5.756291007267309,2.884552001953125,2.6424102783203125,3.9119013702986702,227.50858100804146,0.15,ERA5
858427cb-3b19-5a80-b994-699115609d95,2023-06-04T08:51:00+00:00,21.50236,72.73373,2023-06-04T09:00:00+00:00,21.5,72.75,1.7035763567065596,3.290802001953125,4.6707305908203125,5.713589245656653,215.1669278550641,0.15,ERA5
bb2fb79a-263e-538f-a47c-4abd9b0998df,2023-06-04T08:51:00+00:00,21.73272,72.6812,2023-06-04T09:00:00+00:00,21.75,72.75,7.361211288335104,2.931427001953125,3.3787384033203125,4.473157438080106,220.94523220100706,0.15,ERA5
98d79f82-4d62-51cc-b20e-50ccc3b74a8c,2023-06-05T07:42:00+00:00,21.79548,72.64758,2023-06-05T08:00:00+00:00,21.75,72.75,11.723039664471445,2.92572021484375,3.672943115234375,4.695780010104067,218.53943120542286,0.3,ERA5
f53e73b7-6087-5963-93b1-d96d5da70c6c,2023-06-05T08:32:00+00:00,21.77061,72.75735,2023-06-05T09:00:00+00:00,21.75,72.75,2.414159216758933,2.808929443359375,4.30780029296875,5.142686844624399,213.10662435161208,0.4666666666666667,ERA5
1437f573-210f-5a9a-9635-ec2225f078a6,2023-06-06T08:13:00+00:00,21.85821,72.88553,2023-06-06T08:00:00+00:00,21.75,73.0,16.86537534141227,3.102569580078125,3.1264495849609375,4.404614058748913,224.78034795600948,0.21666666666666667,ERA5
28c5979a-b51d-5b1c-9814-f6cfdcc6f3a5,2023-06-06T08:13:00+00:00,21.70821,72.67544,2023-06-06T08:00:00+00:00,21.75,72.75,8.994868061767624,2.574249267578125,4.4135589599609375,5.109428733692054,210.25327179103036,0.21666666666666667,ERA5
bf4ecd6f-3276-5f73-8ad8-8ec17aab6e46,2023-06-06T08:13:00+00:00,21.94743,72.78493,2023-06-06T08:00:00+00:00,22.0,72.75,6.866123197300662,2.379913330078125,3.3002777099609375,4.068884419782474,215.79632218414702,0.21666666666666667,ERA5
fbe057be-3ea2-5b8d-9393-94d6585028e1,2023-06-06T08:13:00+00:00,21.840865,72.711845,2023-06-06T08:00:00+00:00,21.75,72.75,10.84453058155163,2.574249267578125,4.4135589599609375,5.109428733692054,210.25327179103036,0.21666666666666667,ERA5
973eafe1-8382-5af3-b141-e58f69a404ac,2023-06-06T21:33:00+00:00,21.68692,72.56404,2023-06-06T22:00:00+00:00,21.75,72.5,9.64171201301642,3.3383331298828125,5.206146240234375,6.1845312482660875,212.6691793813967,0.45,ERA5
820e901c-db4d-5eab-ab1b-08e270f46388,2023-06-07T07:54:00+00:00,21.46455,72.66966,2023-06-07T08:00:00+00:00,21.5,72.75,9.200053601792618,2.6303863525390625,5.360565185546875,5.971146579353161,206.13681657209952,0.1,ERA5
49f6322c-3337-569c-874b-2cb2dcbad41f,2023-06-07T21:14:00+00:00,21.90503,72.75517,2023-06-07T21:00:00+00:00,22.0,72.75,10.573634440727245,3.0403900146484375,3.9043426513671875,4.9485212923113595,217.9086081128578,0.23333333333333334,ERA5
5b1d54a2-d006-5a60-9b99-1e867b41bfe2,2023-06-08T08:26:00+00:00,21.66927,72.93404,2023-06-08T08:00:00+00:00,21.75,73.0,11.270115699869883,3.864593505859375,2.62652587890625,4.6726567558611345,235.79847019608312,0.43333333333333335,ERA5
649c6607-4c4c-5139-aafe-a0a04cd53d95,2023-06-08T08:26:00+00:00,21.97225,72.86049,2023-06-08T08:00:00+00:00,22.0,72.75,11.802910394626016,3.055023193359375,3.51715087890625,4.658703362197976,220.97782160844176,0.43333333333333335,ERA5
c3fe11a2-0ac3-5bec-82f9-6d429a9f636f,2023-06-08T08:26:00+00:00,21.94412,72.93595,2023-06-08T08:00:00+00:00,22.0,73.0,9.068131945273581,3.571624755859375,2.33160400390625,4.265311316621472,236.86296490015417,0.43333333333333335,ERA5
ed9605b1-98f1-5d20-a90f-9ad6e2c49916,2023-06-08T08:26:00+00:00,22.00279,72.76154,2023-06-08T08:00:00+00:00,22.0,72.75,1.2295236083030603,3.055023193359375,3.51715087890625,4.658703362197976,220.97782160844176,0.43333333333333335,ERA5
c60450c6-5e2c-56c9-be3e-cf4a855cd4bd,2023-06-08T09:16:00+00:00,22.047155,72.78057,2023-06-08T09:00:00+00:00,22.0,72.75,6.11744892242686,2.6902618408203125,3.735809326171875,4.603670285075448,215.75872647081025,0.26666666666666666,ERA5
b24ae399-050e-54b8-ba77-ac8179ce3bc8,2023-06-08T20:55:00+00:00,21.5477,72.99865,2023-06-08T21:00:00+00:00,21.5,73.0,5.305835986746505,1.955322265625,2.387603759765625,3.0860876326014837,219.3156777163524,0.08333333333333333,ERA5
048f5a89-24e2-5617-8932-1d9bd2c12f5f,2023-06-09T08:07:00+00:00,21.9561833333333,72.80306,2023-06-09T08:00:00+00:00,22.0,72.75,7.326160197861986,3.1973724365234375,4.0624847412109375,5.169813610799864,218.2044608014366,0.11666666666666667,ERA5
1885b5c3-a711-51c8-b764-284f4b2b7e77,2023-06-09T08:07:00+00:00,21.42405,72.98392,2023-06-09T08:00:00+00:00,21.5,73.0,8.607632376425721,4.0850677490234375,2.5449066162109375,4.812933429764598,238.07800913583333,0.11666666666666667,ERA5
855536a2-5341-58a1-8cd6-cd5cd27c503e,2023-06-09T08:07:00+00:00,21.94744,72.78112,2023-06-09T08:00:00+00:00,22.0,72.75,6.667443846166872,3.1973724365234375,4.0624847412109375,5.169813610799864,218.2044608014366,0.11666666666666667,ERA5
cb08df20-85d0-5a3f-b398-29c1aba54e09,2023-06-09T08:07:00+00:00,21.734075,72.792905,2023-06-09T08:00:00+00:00,21.75,72.75,4.772128079510576,3.5499114990234375,4.4462738037109375,5.689571371242737,218.6039173955129,0.11666666666666667,ERA5
e9f7fa11-aba9-5ad3-aa44-b795fe47b8ef,2023-06-09T08:07:00+00:00,21.72501,72.72028,2023-06-09T08:00:00+00:00,21.75,72.75,4.140612412072997,3.5499114990234375,4.4462738037109375,5.689571371242737,218.6039173955129,0.11666666666666667,ERA5
46d24681-1570-543e-9d1e-3b031382a601,2023-06-09T08:57:00+00:00,21.90846,72.97797,2023-06-09T09:00:00+00:00,22.0,73.0,10.429263951942318,3.6309661865234375,3.0802459716796875,4.76149458612792,229.69116488708391,0.05,ERA5
7013b11d-7c7f-5b41-b929-646305677a08,2023-06-09T08:57:00+00:00,22.04455,72.84616,2023-06-09T09:00:00+00:00,22.0,72.75,11.081260553233633,2.9952239990234375,4.5460662841796875,5.444087202137863,213.37931347069113,0.05,ERA5
a964971d-97b8-56d4-b7ad-fc4714b81194,2023-06-09T08:57:00+00:00,21.8298,72.93247,2023-06-09T09:00:00+00:00,21.75,73.0,11.285033090442363,4.0391693115234375,3.3038787841796875,5.218285518032276,230.71820816890107,0.05,ERA5
e40389b3-76d7-56e9-bc68-d9e9d07f2e9d,2023-06-09T08:57:00+00:00,21.84675,72.88956,2023-06-09T09:00:00+00:00,21.75,73.0,15.676376339599843,4.0391693115234375,3.3038787841796875,5.218285518032276,230.71820816890107,0.05,ERA5
e5d22603-1866-538d-ab86-2375222cdf76,2023-06-09T20:36:00+00:00,21.687345,72.53611,2023-06-09T21:00:00+00:00,21.75,72.5,7.902685977642415,3.742767333984375,6.58367919921875,7.573185532823433,209.61787320185078,0.4,ERA5
c551b132-f1bd-5ead-bb81-e429e36ef0c4,2023-06-10T08:38:00+00:00,21.97967,72.87139,2023-06-10T09:00:00+00:00,22.0,72.75,12.71849162295368,3.22894287109375,6.0731048583984375,6.8781301736656495,207.99864474202036,0.36666666666666664,ERA5
c6fb07c9-6add-5e82-8dc3-dd84d157901d,2023-06-10T08:38:00+00:00,21.7244,72.70739,2023-06-10T09:00:00+00:00,21.75,72.75,5.241451417037293,3.50238037109375,6.4783782958984375,7.364513127735651,208.39681286832172,0.36666666666666664,ERA5
8b928ee8-d4ac-5a7f-94b0-c17101e64d1a,2023-06-10T21:07:00+00:00,21.59438,72.99976,2023-06-10T21:00:00+00:00,21.5,73.0,10.494606530923855,0.5886077880859375,4.1737518310546875,4.215052013371576,188.02726120841476,0.11666666666666667,ERA5
fdfcfa59-9fd2-5eb0-b820-f431908afb4a,2023-06-11T07:30:00+00:00,22.0048133333333,72.7736833333333,2023-06-11T07:00:00+00:00,22.0,72.75,2.499638443594401,1.241546630859375,7.0631866455078125,7.1714742993249425,189.96944260561037,0.5,ERA5
16f846dc-c873-5998-972e-76db7e96cc6e,2023-06-11T08:19:00+00:00,21.80366,72.91357,2023-06-11T08:00:00+00:00,21.75,73.0,10.735571544968911,2.1383514404296875,5.780731201171875,6.163554177825465,200.29994802143943,0.31666666666666665,ERA5
1b0371e2-7567-5940-8b19-2745aa8ab037,2023-06-11T08:19:00+00:00,21.71238,72.76284,2023-06-11T08:00:00+00:00,21.75,72.75,4.388368148576106,1.9596405029296875,7.788543701171875,8.031289055051287,194.12278849109958,0.31666666666666665,ERA5
3ecac078-2714-50e5-9d2d-a433c54cfe9d,2023-06-11T08:19:00+00:00,21.62542,72.94872,2023-06-11T08:00:00+00:00,21.75,73.0,14.831375918394835,2.1383514404296875,5.780731201171875,6.163554177825465,200.29994802143943,0.31666666666666665,ERA5
61136f2b-a035-591c-b124-98dfe892dd79,2023-06-11T08:19:00+00:00,21.43232,72.97507,2023-06-11T08:00:00+00:00,21.5,73.0,7.955571478143388,2.2106170654296875,5.558074951171875,5.98155706925991,201.6892347299936,0.31666666666666665,ERA5
fada0b4a-41cf-567b-a4f2-701c4da7013d,2023-06-11T09:10:00+00:00,21.45286,72.672285,2023-06-11T09:00:00+00:00,21.5,72.75,9.599048513962629,3.542236328125,6.87640380859375,7.735138495407249,207.25431752176064,0.16666666666666666,ERA5
8a25c34f-efb3-5943-8c6f-19240c7ce489,2023-06-11T20:48:00+00:00,21.37884,72.67997,2023-06-11T21:00:00+00:00,21.5,72.75,15.29838889454065,0.053558349609375,7.5091094970703125,7.509300495772189,180.40865236508142,0.2,ERA5
e4fd1486-ec9d-5337-b6f4-5c00d6aee27f,2023-06-11T20:48:00+00:00,21.68728,72.534875,2023-06-11T21:00:00+00:00,21.75,72.5,7.849694770020706,-0.147613525390625,9.334304809570312,9.335471923306594,179.09399497458128,0.2,ERA5
43f1b45d-93fb-54e4-a18e-1a4783c628db,2023-06-12T20:29:00+00:00,21.6872866666667,72.56153,2023-06-12T20:00:00+00:00,21.75,72.5,9.435510199914413,-2.6622161865234375,10.592987060546875,10.922397625462137,165.89266486314995,0.48333333333333334,ERA5
b1f682d6-c8ff-52d2-9dd1-051873df902d,2023-06-12T20:29:00+00:00,21.56329,72.91628,2023-06-12T20:00:00+00:00,21.5,73.0,11.158644219864613,-1.1036224365234375,5.900604248046875,6.002925368057373,169.4060571820761,0.48333333333333334,ERA5
27e30dd0-f20a-5f1c-9ea2-4f3879c851bc,2023-06-13T07:42:00+00:00,21.72384,72.56971,2023-06-13T08:00:00+00:00,21.75,72.5,7.765613210045729,1.3164215087890625,12.21844482421875,12.289156175721766,186.1493559198632,0.3,ERA5
aefcbf08-45aa-5561-8b39-2990fde437e2,2023-06-13T08:32:00+00:00,21.707555,72.69119,2023-06-13T09:00:00+00:00,21.75,72.75,7.692698622402068,2.2091064453125,10.3624267578125,10.595283837526473,192.0344062967219,0.4666666666666667,ERA5
4523769c-0bc7-5859-a63e-939dc079ce84,2023-06-13T20:10:00+00:00,21.62555,72.97437,2023-06-13T20:00:00+00:00,21.75,73.0,14.08931834046234,0.7351226806640625,6.2755279541015625,6.318437817873724,186.68124548463715,0.16666666666666666,ERA5
156ad1ea-de4d-5b7b-8853-ea5e643a54fa,2023-06-13T21:01:00+00:00,21.68667,72.5345033333333,2023-06-13T21:00:00+00:00,21.75,72.5,7.892610266170196,1.60906982421875,10.169158935546875,10.295673807751692,188.9913884797353,0.016666666666666666,ERA5
d5f829df-45ee-5e8b-a04e-5502df5c2d85,2023-06-14T20:42:00+00:00,21.687895,72.5619,2023-06-14T21:00:00+00:00,21.75,72.5,9.411545408332158,3.0852813720703125,10.005859375,10.470729820653355,197.13701388487002,0.3,ERA5
03f5b2a2-6e21-53f1-a249-c96951983597,2023-06-16T20:05:00+00:00,21.68592,72.53281,2023-06-16T20:00:00+00:00,21.75,72.5,7.890406235643714,5.9220733642578125,7.559173583984375,9.602710982033097,218.07616718054342,0.08333333333333333,ERA5
3f8e2e4d-a17a-5f59-94c0-3d5da206cc34,2023-06-16T20:05:00+00:00,21.686815,72.560995,2023-06-16T20:00:00+00:00,21.75,72.5,9.437356374932738,5.9220733642578125,7.559173583984375,9.602710982033097,218.07616718054342,0.08333333333333333,ERA5
ed50a32a-9434-51da-b2d4-ef80cd9ae5bd,2023-06-18T07:48:00+00:00,21.693389,72.605895,2023-06-18T08:00:00+00:00,21.75,72.5,12.620783126608938,3.99420166015625,4.897125244140625,6.319452710385158,219.20143170431118,0.2,ERA5
5c41089a-0523-5853-a75c-ee2ed53a28ab,2023-06-18T08:39:00+00:00,21.77083,72.87846,2023-06-18T09:00:00+00:00,21.75,73.0,12.763525976754757,5.218048095703125,3.9111328125,6.5211184474816255,233.14699474668296,0.35,ERA5
59f4fd41-7baa-5807-9712-66ed87a79618,2023-06-19T20:49:00+00:00,21.6862247619048,72.5623333333333,2023-06-19T21:00:00+00:00,21.75,72.5,9.57871281647415,5.108642578125,3.1215667724609375,5.986852938394582,238.5735495183519,0.18333333333333332,ERA5
e4f62366-a717-5161-8bad-64432714cae7,2023-06-20T08:01:00+00:00,21.46363,72.83401,2023-06-20T08:00:00+00:00,21.5,72.75,9.58728171356909,3.8976593017578125,4.8272705078125,6.204376567244734,218.9182764542377,0.016666666666666666,ERA5
cf1fcc1a-6bb1-55a6-8591-57d436e40e98,2023-06-21T07:42:00+00:00,22.0184,72.91604,2023-06-21T08:00:00+00:00,22.0,73.0,8.894084922505424,3.48431396484375,2.34857177734375,4.201932079286951,236.01839981527183,0.3,ERA5
3773e00c-f8ae-5c3b-931f-be34b5f5a8f8,2023-06-21T08:32:00+00:00,21.99507,72.85827,2023-06-21T09:00:00+00:00,22.0,72.75,11.176082054314993,3.0433502197265625,3.7081298828125,4.797104104323437,219.37653882624954,0.4666666666666667,ERA5
d08ae506-0b8a-52c5-942e-dd4331b763f1,2023-06-21T08:32:00+00:00,21.914515,72.687045,2023-06-21T09:00:00+00:00,22.0,72.75,11.51116913528747,3.0433502197265625,3.7081298828125,4.797104104323437,219.37653882624954,0.4666666666666667,ERA5
9a241bfb-1643-5a0b-8c7d-192e7c09a092,2023-06-21T21:01:00+00:00,21.6872316666667,72.5629,2023-06-21T21:00:00+00:00,21.75,72.5,9.535895796288768,5.0895233154296875,3.5528564453125,6.206934549300562,235.0821647754409,0.016666666666666666,ERA5
e3efb776-a6e0-5089-acbd-b0c0047ff424,2023-06-22T08:13:00+00:00,22.01171,72.86555,2023-06-22T08:00:00+00:00,22.0,72.75,11.983449086680396,3.25408935546875,2.9498748779296875,4.392136078130516,227.80727852393824,0.21666666666666667,ERA5
1c5a1922-30fc-5d50-a2bd-2b3de2ca7ebf,2023-06-22T09:04:00+00:00,21.9173,72.690695,2023-06-22T09:00:00+00:00,22.0,72.75,11.043946782176311,3.063568115234375,3.4559173583984375,4.618312937075652,221.55603564389978,0.06666666666666667,ERA5
fecee873-b360-53da-abb1-8667d424b0bd,2023-06-22T09:04:00+00:00,21.92514,72.70271,2023-06-22T09:00:00+00:00,22.0,72.75,9.647434257726049,3.063568115234375,3.4559173583984375,4.618312937075652,221.55603564389978,0.06666666666666667,ERA5
6c77bd5a-05f6-5555-a988-32d18f0fc9fc,2023-06-23T07:54:00+00:00,21.646595,72.954975,2023-06-23T08:00:00+00:00,21.75,73.0,12.403461120913065,3.341949462890625,2.3387603759765625,4.07902271491015,235.01493306403063,0.1,ERA5
7fc7ce8a-c9d7-5d4d-a86e-841a6f70ee67,2023-06-23T07:54:00+00:00,21.67528,72.90427,2023-06-23T08:00:00+00:00,21.75,73.0,12.916358489453426,3.341949462890625,2.3387603759765625,4.07902271491015,235.01493306403063,0.1,ERA5
aae435a1-e6da-5ba8-ae0f-b86c1c813304,2023-06-23T07:54:00+00:00,21.6963,72.94484,2023-06-23T08:00:00+00:00,21.75,73.0,8.253558913418594,3.341949462890625,2.3387603759765625,4.07902271491015,235.01493306403063,0.1,ERA5
b721a71c-64c7-5e60-9341-dfe56d780d9e,2023-06-23T08:45:00+00:00,21.73308,72.80387,2023-06-23T09:00:00+00:00,21.75,72.75,5.873449849216617,3.2131500244140625,4.1713409423828125,5.265398212575305,217.60676815915886,0.25,ERA5
ffa63f91-61dc-5314-9f12-81f7f338d2ff,2023-06-23T08:45:00+00:00,21.494,72.91843,2023-06-23T09:00:00+00:00,21.5,73.0,8.465550357701893,3.6682281494140625,2.8129425048828125,4.622612171914286,232.51758157371066,0.25,ERA5
157888fe-c526-568e-85ad-1cf6e10559c3,2023-06-23T21:14:00+00:00,21.685422,72.561186,2023-06-23T21:00:00+00:00,21.75,72.5,9.566275970756639,4.5726165771484375,2.84857177734375,5.387316914039124,238.07861345905064,0.23333333333333334,ERA5
73787a71-2df1-5b3a-b508-1ae11d1201d3,2023-06-25T08:07:00+00:00,21.69364,72.60687,2023-06-25T08:00:00+00:00,21.75,72.5,12.694367052311406,0.9466400146484375,3.7201995849609375,3.838751394565312,194.2764688727625,0.11666666666666667,ERA5
8217497a-79ac-531d-94c9-6ad1c61f8d33,2023-06-26T21:07:00+00:00,21.6856066666667,72.5624033333333,2023-06-26T21:00:00+00:00,21.75,72.5,9.634552404816453,4.4194488525390625,2.31243896484375,4.987875512313481,242.37956970080324,0.11666666666666667,ERA5
efb3f261-2223-55a9-9b2e-39ecafc79ecd,2023-07-05T09:10:00+00:00,21.6855,72.56684,2023-07-05T09:00:00+00:00,21.75,72.5,9.955584350171655,0.3899688720703125,4.3729400634765625,4.3902938990393565,185.09602713167072,0.16666666666666666,ERA5
61faaea3-2dea-50d2-884f-841f1a021532,2023-07-07T07:42:00+00:00,21.69435,72.6049357142857,2023-07-07T08:00:00+00:00,21.75,72.5,12.481641018472072,0.89300537109375,1.7741546630859375,1.9862233916032361,206.71800176193452,0.3,ERA5
28722014-c07d-5c5a-925d-864844ac69e2,2023-07-12T07:48:00+00:00,21.69255,72.60145,2023-07-12T08:00:00+00:00,21.75,72.5,12.273278731799373,1.699737548828125,2.2387542724609375,2.810894595561766,217.20699069184843,0.2,ERA5
a216ffa8-d7ca-57d3-9152-30472c1fb516,2023-08-28T21:26:00+00:00,21.79666,72.64833,2023-08-28T21:00:00+00:00,21.75,72.75,11.710716545815806,3.4336700439453125,3.0565948486328125,4.597049275282576,228.32506578604963,0.43333333333333335,ERA5
6e16d410-28b9-567f-b50d-d1ac98c70d7d,2023-09-12T20:55:00+00:00,21.68618,72.53391,2023-09-12T21:00:00+00:00,21.75,72.5,7.913944197236182,4.8363189697265625,2.7822265625,5.579495122501458,240.08914105765047,0.08333333333333333,ERA5
d288f91e-8d13-5148-9635-0b50ad718b42,2023-09-13T08:07:00+00:00,21.79483,72.64626,2023-09-13T08:00:00+00:00,21.75,72.75,11.81550472937662,3.3642578125,1.2604217529296875,3.5926165428870407,249.46149968963127,0.11666666666666667,ERA5
f82126b0-21a5-55ab-b7b3-4ecff45868b2,2023-09-21T20:35:00+00:00,21.686325,72.56227,2023-09-21T21:00:00+00:00,21.75,72.5,9.56606183314037,2.842254638671875,2.98199462890625,4.11955135881051,223.62557807787428,0.4166666666666667,ERA5
9dc5820f-ab27-51d3-a9b6-7852f5ccc501,2023-10-02T08:00:00+00:00,21.83618,72.86168,2023-10-02T08:00:00+00:00,21.75,72.75,14.99290557830681,2.2904205322265625,1.397216796875,2.6829537811737727,238.6157101055036,0.0,ERA5
9ba8e527-2e1f-5a8b-bdfc-9ec44fd55fce,2023-10-04T08:13:00+00:00,21.69975,72.54162,2023-10-04T08:00:00+00:00,21.75,72.5,7.050102779813027,0.6462249755859375,-1.1832733154296875,1.348236795996538,331.3595759549065,0.21666666666666667,ERA5
23303d68-3e59-5b35-a36f-e64be05650d8,2023-10-04T19:51:00+00:00,21.695512,72.601848,2023-10-04T20:00:00+00:00,21.75,72.5,12.14063337814297,2.883575439453125,2.016143798828125,3.5185001254185546,235.03945014674383,0.15,ERA5
39538ffb-820e-5427-832f-4fd9badbedea,2023-10-04T19:51:00+00:00,21.69105,72.59258,2023-10-04T20:00:00+00:00,21.75,72.5,11.594317623083416,2.883575439453125,2.016143798828125,3.5185001254185546,235.03945014674383,0.15,ERA5
b5a2a1dc-7577-5a4c-af25-0739ba80465c,2023-10-04T19:51:00+00:00,21.69865,72.58589,2023-10-04T20:00:00+00:00,21.75,72.5,10.550763294367314,2.883575439453125,2.016143798828125,3.5185001254185546,235.03945014674383,0.15,ERA5
4ae95ad8-eaac-52a2-ada3-7efc7f88b9ed,2023-10-04T20:42:00+00:00,21.60384,72.99537,2023-10-04T21:00:00+00:00,21.5,73.0,11.556405733322695,0.4456329345703125,2.2901458740234375,2.333100262886343,191.01141860795397,0.3,ERA5
c6010d2d-92ce-5de9-979d-492ed5469557,2023-10-04T21:31:00+00:00,21.6925214285714,72.6077257142857,2023-10-04T22:00:00+00:00,21.75,72.5,12.832842155987452,2.841827392578125,0.3489227294921875,2.863167826091175,263.00019463067116,0.48333333333333334,ERA5
3d5c406e-e866-57b5-b7f9-5cb359a1c7df,2023-10-10T08:00:00+00:00,21.8331088888889,72.8611533333333,2023-10-10T08:00:00+00:00,21.75,72.75,14.734677303963425,2.4391937255859375,0.071380615234375,2.440237943965515,268.32377352070483,0.0,ERA5
0bf78724-8cf2-556d-b41a-ea11623dfe80,2023-10-12T20:41:00+00:00,21.83678,72.85945,2023-10-12T21:00:00+00:00,21.75,72.75,14.85978069404526,-0.0012359619140625,-1.08978271484375,1.0897834157180348,0.06498118385223961,0.31666666666666665,ERA5
ffa1f654-7497-5927-bc3f-2c07f19caaf0,2023-10-12T20:41:00+00:00,21.39612,72.94786,2023-10-12T21:00:00+00:00,21.5,73.0,12.74923613413144,-1.6496734619140625,-0.48138427734375,1.7184741352191752,73.73244902151583,0.31666666666666665,ERA5
f448b1f5-0fa7-5c2d-adaf-de4d5eef3292,2023-10-14T20:54:00+00:00,21.39548,72.94623,2023-10-14T21:00:00+00:00,21.5,73.0,12.885703629487725,1.113739013671875,0.958038330078125,1.4690990546840887,229.29788147337786,0.1,ERA5
78dff2cc-3357-5a63-8347-21d8a30ce7f7,2023-10-19T07:41:00+00:00,21.41626,72.73805,2023-10-19T08:00:00+00:00,21.5,72.75,9.393226886754844,1.26995849609375,-1.780303955078125,2.1868417305025787,324.49829303963537,0.31666666666666665,ERA5
b24306a6-f186-58bc-88e1-98ff8ed24b30,2023-10-19T20:09:00+00:00,21.79618,72.64431,2023-10-19T20:00:00+00:00,21.75,72.75,12.061462664703992,-1.2723541259765625,-2.2165069580078125,2.555736315973663,29.85736250861163,0.15,ERA5
d3c743dc-005e-541b-9d01-0f1fbca1049e,2023-10-22T09:16:00+00:00,21.59822,72.97291,2023-10-22T09:00:00+00:00,21.5,73.0,11.275204715878173,-0.2099609375,-1.5577545166015625,1.5718405546582792,7.676313014488869,0.26666666666666666,ERA5
ed39e080-a0c7-51cb-8270-979853c28eaa,2023-10-22T20:53:00+00:00,21.43448,72.9782,2023-10-22T21:00:00+00:00,21.5,73.0,7.626756024544059,-1.09808349609375,-1.3302001953125,1.7248825826713208,39.53975592780148,0.11666666666666667,ERA5
e5d42134-9ece-59f6-b42f-543293be4809,2023-10-25T08:19:00+00:00,22.04999,72.73939,2023-10-25T08:00:00+00:00,22.0,72.75,5.665205068194363,-0.865447998046875,-1.690460205078125,1.8991197809185496,27.1106303451665,0.31666666666666665,ERA5
421e7f5b-8dea-5dd5-96d3-d3d8a7981864,2023-10-25T19:57:00+00:00,21.564575,72.777345,2023-10-25T20:00:00+00:00,21.5,72.75,7.717402150623848,-2.800506591796875,-1.251708984375,3.0675091772092293,65.91735968309263,0.05,ERA5
2e2af249-0fb5-5d5c-b346-3e9fab90cfac,2023-10-28T08:12:00+00:00,21.709644,72.541,2023-10-28T08:00:00+00:00,21.75,72.5,6.170257632014301,0.2192840576171875,-0.0692291259765625,0.2299525381650239,287.5211796617719,0.2,ERA5
257f5c43-9ad5-5272-b435-f1e95a8eff90,2023-10-28T09:03:00+00:00,21.45123,72.95294,2023-10-28T09:00:00+00:00,21.5,73.0,7.288418983210421,-0.2781219482421875,-0.4548797607421875,0.533167342235906,31.44239137469549,0.05,ERA5
b5de7317-673d-5842-96e8-6635deb83ee3,2023-10-30T08:25:00+00:00,21.6819,72.62762,2023-10-30T08:00:00+00:00,21.75,72.75,14.736612470579216,-2.833282470703125,-0.3121185302734375,2.8504223433964406,83.71356135865489,0.4166666666666667,ERA5
6024d46e-7317-5fcf-a7a2-e869b6ea0d99,2023-10-31T08:06:00+00:00,21.49498,72.99246,2023-10-31T08:00:00+00:00,21.5,73.0,0.959227611973059,-2.1788787841796875,0.606536865234375,2.2617249446023924,105.55566540688753,0.1,ERA5
c39f7bc7-9e8f-52bf-bc96-8358ff36f8d5,2023-11-01T07:48:00+00:00,21.711665,72.544655,2023-11-01T08:00:00+00:00,21.75,72.5,6.280583329278953,-1.1774139404296875,0.386199951171875,1.2391343710039369,108.15984980280507,0.2,ERA5
3d488fcb-3fd0-55f8-bbf5-8b74ad605d55,2023-11-01T08:37:00+00:00,21.76729,72.61626,2023-11-01T09:00:00+00:00,21.75,72.5,12.15943532755405,-0.652130126953125,0.1089019775390625,0.6611606031758225,99.48058277113583,0.38333333333333336,ERA5
4b23355e-536c-55af-a74c-3a71f12fa839,2023-11-01T08:37:00+00:00,21.7654,72.63164,2023-11-01T09:00:00+00:00,21.75,72.75,12.342799762627942,-1.535919189453125,-0.2368011474609375,1.5540664528806871,81.23540340809825,0.38333333333333336,ERA5
ba33f141-baee-5c02-9750-a7dbb884684e,2023-11-01T08:37:00+00:00,21.41919,72.91354,2023-11-01T09:00:00+00:00,21.5,73.0,12.680643493021876,-1.701934814453125,-0.5073089599609375,1.7759348224257108,73.40185024449693,0.38333333333333336,ERA5
4daf7a95-c6ea-5744-abb4-ef20c5fbcefc,2023-11-02T19:57:00+00:00,21.79252,72.64662,2023-11-02T20:00:00+00:00,21.75,72.75,11.675532251452424,-1.886688232421875,-1.4443817138671875,2.376095751798124,52.563610404962674,0.05,ERA5
352b4d01-3dc4-57c3-88c1-8bc817603121,2023-11-02T20:47:00+00:00,21.35588,72.93687,2023-11-02T21:00:00+00:00,21.25,73.0,13.467882724101095,-1.697723388671875,-0.3116455078125,1.7260902719681914,79.59820568375528,0.21666666666666667,ERA5
781de8a9-d8c4-5866-a521-bd38b6397630,2023-11-03T08:00:00+00:00,21.47983,72.91692,2023-11-03T08:00:00+00:00,21.5,73.0,8.88363725397356,-1.518218994140625,-1.6115264892578125,2.214047546858238,43.29233954619946,0.0,ERA5
a3cc89df-9355-5de8-b357-a15e32605f1f,2023-11-03T08:00:00+00:00,21.87809,72.652355,2023-11-03T08:00:00+00:00,22.0,72.75,16.887593416584565,-1.851226806640625,-2.0089874267578125,2.731862216601676,42.65971787937394,0.0,ERA5
dee27132-346e-5e01-a36d-24ce9240510b,2023-11-03T08:00:00+00:00,22.04714,72.54739,2023-11-03T08:00:00+00:00,22.0,72.5,7.16512570270561,-1.936187744140625,-1.8283233642578125,2.663003812398955,46.64124453101647,0.0,ERA5
bc2b6a0d-6c30-5e6a-86eb-ac444228ef5d,2023-11-03T20:28:00+00:00,21.60883,72.97523,2023-11-03T20:00:00+00:00,21.5,73.0,12.369509462827374,-1.9640655517578125,-0.7880096435546875,2.116249675708636,68.13867656935344,0.4666666666666667,ERA5
725f8ddc-2743-5c79-a8da-0c85e634a138,2023-11-04T07:41:00+00:00,21.77055,72.70713,2023-11-04T08:00:00+00:00,21.75,72.75,4.9821704227373,-3.5214385986328125,-0.6039581298828125,3.5728553324466654,80.26794931855153,0.31666666666666665,ERA5
15b3a03d-13cc-503d-9901-7498d31864af,2023-11-04T08:32:00+00:00,21.63096,72.91225,2023-11-04T09:00:00+00:00,21.75,73.0,16.043991965897057,-3.565765380859375,-1.0085906982421875,3.705662956599786,74.20623663666606,0.4666666666666667,ERA5
4d17718c-f232-5f6d-b618-558c3c35f518,2023-11-04T08:32:00+00:00,21.56151,72.90957,2023-11-04T09:00:00+00:00,21.5,73.0,11.587572820604395,-3.662445068359375,-0.7126922607421875,3.731143810853679,78.98816609860864,0.4666666666666667,ERA5
eb3c9c39-ed17-50f1-bf38-1c7e5136c2cd,2023-11-04T08:32:00+00:00,21.82442,72.69614,2023-11-04T09:00:00+00:00,21.75,72.75,9.970165877672272,-3.405609130859375,-0.9529266357421875,3.5364166504103656,74.36779974207059,0.4666666666666667,ERA5
17114438-b647-5a27-b796-083a89bfeca2,2023-11-04T20:10:00+00:00,21.56648,72.89354,2023-11-04T20:00:00+00:00,21.5,73.0,13.262739809380603,-1.87353515625,-1.048675537109375,2.147057140328675,60.76291202740879,0.16666666666666666,ERA5
e1afe83f-5333-5198-9263-552446bb2624,2023-11-05T08:13:00+00:00,21.800745,72.71843,2023-11-05T08:00:00+00:00,21.75,72.75,6.516592905937529,-3.94927978515625,0.387847900390625,3.9682788227745807,95.60887508320053,0.21666666666666667,ERA5
edba3ba3-322a-56e0-baab-5a4ba2c3c586,2023-11-05T20:42:00+00:00,21.36349,72.93633,2023-11-05T21:00:00+00:00,21.25,73.0,14.239295257350246,-2.2131500244140625,-0.5455169677734375,2.279390662587853,76.15324871417374,0.3,ERA5
960d3301-2dc1-5d33-b372-cd09e599367c,2023-11-06T07:54:00+00:00,21.50803,72.74985,2023-11-06T08:00:00+00:00,21.5,72.75,0.8930301016510326,-1.175750732421875,0.3330535888671875,1.22201247041423,105.81577522101327,0.1,ERA5
c6b2a332-959d-55da-a61a-dd2c5375dc75,2023-11-06T07:54:00+00:00,21.79513,72.6481433333333,2023-11-06T08:00:00+00:00,21.75,72.75,11.653786597147588,-2.824188232421875,0.6982879638671875,2.9092344787988433,103.88799474929112,0.1,ERA5
d8be7dde-683a-5067-b912-c12e490c83cf,2023-11-06T07:54:00+00:00,21.90755,72.68137,2023-11-06T08:00:00+00:00,22.0,72.75,12.48098039270238,-2.726531982421875,0.3916473388671875,2.7545170700525907,98.17422543127543,0.1,ERA5
abf80903-352c-5601-8d72-50f112e9daec,2023-11-07T08:25:00+00:00,21.4305,72.69072,2023-11-07T08:00:00+00:00,21.5,72.75,9.866814619264778,-0.7205963134765625,0.21392822265625,0.7516810037807756,106.53492496529933,0.4166666666666667,ERA5
0c37d3c2-84fd-5a2f-9f6d-96fe3d4fff4d,2023-11-08T08:06:00+00:00,21.92431,72.693835,2023-11-08T08:00:00+00:00,22.0,72.75,10.216784947762182,-2.11114501953125,0.173248291015625,2.1182417859704867,94.691389022252,0.1,ERA5
2195ca9c-e288-50f9-9683-3f37a94b7500,2023-11-08T08:06:00+00:00,21.47939,72.71546,2023-11-08T08:00:00+00:00,21.5,72.75,4.24537644767775,-0.40118408203125,0.711334228515625,0.8166670388433563,150.57751642919715,0.1,ERA5
65889108-7d5d-561a-bfd5-3712653fde8b,2023-11-08T08:06:00+00:00,21.49744,72.88253,2023-11-08T08:00:00+00:00,21.5,73.0,12.156617470801434,-1.81524658203125,0.652740478515625,1.9290386947567804,109.77796462794922,0.1,ERA5
f9254a41-d2c4-5500-855c-65d499450b11,2023-11-08T08:06:00+00:00,21.4604,72.66705,2023-11-08T08:00:00+00:00,21.5,72.75,9.646597567487262,-0.40118408203125,0.711334228515625,0.8166670388433563,150.57751642919715,0.1,ERA5
9570019a-9dc8-5aa5-972b-120c8987457c,2023-11-08T20:35:00+00:00,21.366148,72.94361,2023-11-08T21:00:00+00:00,21.25,73.0,14.174759133352627,-0.8729248046875,0.7549285888671875,1.154086170494956,130.85412191062758,0.4166666666666667,ERA5
0504b9f2-4c47-5283-ad67-2c1ebbf3aaad,2023-11-09T07:47:00+00:00,21.753365,72.621025,2023-11-09T08:00:00+00:00,21.75,72.5,12.504782598519268,-0.374664306640625,0.3969879150390625,0.5458688004984001,136.65708316014818,0.21666666666666667,ERA5
14926f15-3f10-5af0-9692-da5dca76f078,2023-11-09T07:47:00+00:00,21.78972,72.62725,2023-11-09T08:00:00+00:00,21.75,72.75,13.423154585108902,-0.607086181640625,0.3256988525390625,0.6889364081569909,118.2133467080098,0.21666666666666667,ERA5
c0cc919e-a9ec-544e-b482-320fb803da06,2023-11-09T07:47:00+00:00,21.6129566666667,72.90814,2023-11-09T08:00:00+00:00,21.5,73.0,15.748252931927441,-0.740875244140625,0.2075347900390625,0.7693937980364727,105.64868046241477,0.21666666666666667,ERA5
70e1588f-42a5-5c37-9061-b11f56332165,2023-11-09T08:38:00+00:00,21.71193,72.7119,2023-11-09T09:00:00+00:00,21.75,72.75,5.779935411349915,-0.033843994140625,-0.050323486328125,0.06064543853916503,33.92196822838264,0.36666666666666664,ERA5
b95aff44-5ced-559e-b6cb-387760f85ea5,2023-11-09T20:16:00+00:00,21.5308766666667,72.9302266666667,2023-11-09T20:00:00+00:00,21.5,73.0,7.992791319178033,-1.7010955810546875,0.69677734375,1.838266803988771,112.27425410938272,0.26666666666666666,ERA5
16362113-f6a7-5c5c-bfab-a9d5f9b36725,2023-11-10T07:28:00+00:00,21.76146,72.68057,2023-11-10T07:00:00+00:00,21.75,72.75,7.282719921452143,-0.950897216796875,0.331207275390625,1.006927890260134,109.20375239967268,0.4666666666666667,ERA5
fb9b2cc1-e0c8-5373-b366-92e5548402c7,2023-11-10T08:19:00+00:00,22.03632,72.80013,2023-11-10T08:00:00+00:00,22.0,72.75,6.558572174133769,-0.4018402099609375,-0.3509674072265625,0.5335294511803318,48.866023577197495,0.31666666666666665,ERA5
05773bda-d36b-5c80-80cc-056df53b6772,2023-11-10T20:48:00+00:00,21.99391,72.57745,2023-11-10T21:00:00+00:00,22.0,72.5,8.013784857638756,-0.901641845703125,-3.3032684326171875,3.424111615565145,15.267233618327168,0.2,ERA5
cc8106f5-9c98-5d99-98b8-99b9b26182ea,2023-11-11T08:00:00+00:00,21.4453,72.98159,2023-11-11T08:00:00+00:00,21.5,73.0,6.373712651349174,-2.618316650390625,-2.417999267578125,3.5640289757128985,47.277715312458895,0.0,ERA5
8f75380a-ad69-52e7-a8be-96f7a6300778,2023-11-11T20:29:00+00:00,21.59241,72.83565,2023-11-11T20:00:00+00:00,21.5,72.75,13.566740795311864,-2.199066162109375,-4.027679443359375,4.588909857885001,28.634027249726103,0.48333333333333334,ERA5
0550ac3e-4ebc-572b-9f10-1febf186231c,2023-11-12T07:41:00+00:00,21.78454,72.64645,2023-11-12T08:00:00+00:00,21.75,72.75,11.36205254003107,-2.4401702880859375,-2.3050537109375,3.3567400324070595,46.63101223048267,0.31666666666666665,ERA5
9c810a79-bed2-59e6-a801-d1653de3327c,2023-11-12T07:41:00+00:00,21.52749,72.94539,2023-11-12T08:00:00+00:00,21.5,73.0,6.4232551456419005,-2.3161468505859375,-1.6077880859375,2.8194890960529935,55.232971714816244,0.31666666666666665,ERA5
f7ca2700-8fc0-5d3b-803c-b7b878eec4b5,2023-11-12T07:41:00+00:00,21.748715,72.636735,2023-11-12T08:00:00+00:00,21.75,72.75,11.698810435025504,-2.4401702880859375,-2.3050537109375,3.3567400324070595,46.63101223048267,0.31666666666666665,ERA5
ec1309f5-4efb-55e2-8587-715196b92646,2023-11-12T08:31:00+00:00,21.71417,72.72836,2023-11-12T09:00:00+00:00,21.75,72.75,4.5683080325080105,-1.8330078125,-2.7913970947265625,3.3394333922289765,33.291433754657305,0.48333333333333334,ERA5
d44015b9-92c3-5692-9223-76fe5728117b,2023-11-12T21:00:00+00:00,21.60358,72.88231,2023-11-12T21:00:00+00:00,21.5,73.0,16.757152525811613,-1.2340087890625,-1.9562530517578125,2.312942648228713,32.24382042176683,0.0,ERA5
76fa3f15-ab65-5033-a99e-623a2fc2b596,2023-11-13T08:12:00+00:00,21.47206,72.909885,2023-11-13T08:00:00+00:00,21.5,73.0,9.827962609921443,-1.2815704345703125,-1.1686859130859375,1.7344306103762845,47.63777972683613,0.2,ERA5
c56e8674-4c42-5f37-945b-ac5db88b26e5,2023-11-13T08:12:00+00:00,21.85881,72.6683633333333,2023-11-13T08:00:00+00:00,21.75,72.75,14.745248428849697,-1.1887969970703125,-1.3630218505859375,1.8086090969079267,41.09420499532513,0.2,ERA5
ddd9004c-da5c-5df1-877e-98a7047672fb,2023-11-14T07:53:00+00:00,21.5242,72.70887,2023-11-14T08:00:00+00:00,21.5,72.75,5.034370151238158,0.20965576171875,-2.411834716796875,2.420930036074676,355.0318860570345,0.11666666666666667,ERA5
d6d11d8e-5b95-59b0-aa94-9f17b734959c,2023-11-14T21:13:00+00:00,21.58401,72.83407,2023-11-14T21:00:00+00:00,21.5,72.75,12.762030322851059,-1.4301910400390625,-3.6207122802734375,3.8929428235630295,21.554152554454845,0.21666666666666667,ERA5
19040e5e-7df3-54ef-94bf-bc49c98154a9,2023-11-15T08:25:00+00:00,22.04596,72.53945,2023-11-15T08:00:00+00:00,22.0,72.5,6.531028234763973,-1.111785888671875,-1.534912109375,1.8952633183164609,35.91701506078198,0.4166666666666667,ERA5
87fd09c9-8b93-582c-8d42-6205d1eff226,2023-11-15T08:25:00+00:00,22.01334,72.79169,2023-11-15T08:00:00+00:00,22.0,72.75,4.5467298559727505,-1.139129638671875,-1.157958984375,1.624341510642235,44.53035426370036,0.4166666666666667,ERA5
cdb21611-9cf0-511f-b470-502694590076,2023-11-15T20:03:00+00:00,21.36437,72.87782,2023-11-15T20:00:00+00:00,21.25,73.0,17.94253755615388,-1.4324951171875,-1.9126129150390625,2.3895879191903044,36.832213650295444,0.05,ERA5
16cc9320-f575-5bc3-802b-6c81b58bcbc5,2023-11-15T20:54:00+00:00,21.56461,72.81662,2023-11-15T21:00:00+00:00,21.5,72.75,9.954779389120452,-2.6237030029296875,-2.7700653076171875,3.8153740650225325,43.44563494680364,0.1,ERA5
259524c5-5d3c-5424-b6b7-5e79f29bb99a,2023-11-16T08:06:00+00:00,21.46685,72.87181,2023-11-16T08:00:00+00:00,21.5,72.75,13.131589107147361,-1.10968017578125,-0.3544921875,1.164926952010486,72.28369097803136,0.1,ERA5
94eafa68-94ac-59b7-be9d-45e07b7eb71a,2023-11-16T08:06:00+00:00,21.51605,72.81144,2023-11-16T08:00:00+00:00,21.5,72.75,6.601891491954396,-1.10968017578125,-0.3544921875,1.164926952010486,72.28369097803136,0.1,ERA5
a2de88c6-fff2-52a5-bf3a-2fb424446eae,2023-11-16T08:07:00+00:00,21.792555,72.61009,2023-11-16T08:00:00+00:00,21.75,72.5,12.31376785903964,-1.91143798828125,-0.7451171875,2.051534744076391,68.70315740337855,0.11666666666666667,ERA5
71dd2d4b-497b-5a22-bbe0-430d59ccaab9,2023-11-16T20:35:00+00:00,21.35669,72.96644,2023-11-16T21:00:00+00:00,21.25,73.0,12.362341365478622,-1.4755096435546875,-2.0113677978515625,2.4945398626714956,36.26322077703463,0.4166666666666667,ERA5
9c85e162-bea9-50d0-8332-7c176a9e5c58,2023-11-16T21:25:00+00:00,21.43504,72.97655,2023-11-16T21:00:00+00:00,21.5,73.0,7.619937598181157,-1.6903533935546875,-1.7994537353515625,2.4688718761354425,43.20936985158119,0.4166666666666667,ERA5
da5013fb-9902-54c4-9a0e-db1641615d37,2023-11-16T21:25:00+00:00,21.4882,72.95768,2023-11-16T21:00:00+00:00,21.5,73.0,4.570879437046189,-1.6903533935546875,-1.7994537353515625,2.4688718761354425,43.20936985158119,0.4166666666666667,ERA5
3639c431-39fa-5fbe-b996-0fbb7eba17b6,2023-11-17T07:48:00+00:00,21.52831,72.88867,2023-11-17T08:00:00+00:00,21.5,73.0,11.939293283764593,-1.6668243408203125,-0.651763916015625,1.7897205327567463,68.6434402187831,0.2,ERA5
0c72f70c-b36e-5fe8-9ab6-c4336fc56ded,2023-11-17T08:37:00+00:00,21.80113,72.72437,2023-11-17T09:00:00+00:00,21.75,72.75,6.271208069105067,-1.565399169921875,-1.0149078369140625,1.8656131642496727,57.04312390514701,0.38333333333333336,ERA5
42485666-ff23-54cd-96a1-75dda7b337ca,2023-11-17T08:37:00+00:00,21.39505,72.850945,2023-11-17T09:00:00+00:00,21.5,72.75,15.663103666048992,-0.074188232421875,-1.1057281494140625,1.108214164426953,3.838476403263371,0.38333333333333336,ERA5
713af156-1d45-58f3-be74-ecc48e747f56,2023-11-17T08:37:00+00:00,21.47709,72.96547,2023-11-17T09:00:00+00:00,21.5,73.0,4.387897793313763,-1.421844482421875,-1.1555328369140625,1.8321839070847095,50.89924355455355,0.38333333333333336,ERA5
34896a85-edfc-59e7-adab-bd9063623a05,2023-11-17T08:38:00+00:00,22.03865,72.78618,2023-11-17T09:00:00+00:00,22.0,72.75,5.6903312427848,-1.789031982421875,-1.3498687744140625,2.241156206574291,52.96454573318181,0.36666666666666664,ERA5
4f72aea8-82f6-5954-a4f6-32a31adc5e6c,2023-11-18T08:19:00+00:00,21.45885,72.82996,2023-11-18T08:00:00+00:00,21.5,72.75,9.454629505900883,0.5957794189453125,-0.9026031494140625,1.0815015309147735,326.5724765975366,0.31666666666666665,ERA5
cc8d3d9e-451e-5ae9-bda0-e6593198530e,2023-11-19T08:00:00+00:00,21.7337025,72.60262,2023-11-19T08:00:00+00:00,21.75,72.5,10.752889002613516,-0.0217742919921875,-1.444488525390625,1.44465262945005,0.863614026526534,0.0,ERA5
e33cde1a-90a3-5eb0-82b7-570cc0ce8ea4,2023-11-19T08:00:00+00:00,21.53805,72.95845,2023-11-19T08:00:00+00:00,21.5,73.0,6.031151724497546,0.0377960205078125,0.515472412109375,0.5168562148335689,184.19359797083308,0.0,ERA5
c1237e39-7e17-5586-bbac-8e13d17ead63,2023-11-19T20:29:00+00:00,21.56961,72.81568,2023-11-19T20:00:00+00:00,21.5,72.75,10.298699690533152,-0.9352874755859375,-2.06988525390625,2.271384517497303,24.31605743721593,0.48333333333333334,ERA5
74d27da5-8555-56db-b91c-517da8f8899a,2023-11-20T20:10:00+00:00,21.41512,72.87901,2023-11-20T20:00:00+00:00,21.5,73.0,15.679777684909524,-1.6536407470703125,-0.941802978515625,1.9030293142020078,60.337059386010765,0.16666666666666666,ERA5
592c7bfe-6ea0-539b-8a18-dca849edc346,2023-11-21T07:22:00+00:00,21.74402875,72.60897375,2023-11-21T07:00:00+00:00,21.75,72.5,11.274492035582872,-1.2392578125,-0.8908233642578125,1.5262130231884055,54.29005255860301,0.36666666666666664,ERA5
255ef4fc-af37-5154-9b7e-91e7d12c9edc,2023-11-21T08:13:00+00:00,21.750475,72.683785,2023-11-21T08:00:00+00:00,21.75,72.75,6.838805634398423,-1.064208984375,-1.0892486572265625,1.5228274359540344,44.333814190051726,0.21666666666666667,ERA5
2eee3bd0-48db-5f25-b182-25e782563864,2023-11-21T08:13:00+00:00,21.49315,72.94021,2023-11-21T08:00:00+00:00,21.5,73.0,6.232600094202658,-1.431396484375,-1.2074127197265625,1.8726295339010874,49.85167201684453,0.21666666666666667,ERA5
89c2659f-5a95-5c0e-be02-2b4e6fedef84,2023-11-21T08:13:00+00:00,21.47559,72.93946,2023-11-21T08:00:00+00:00,21.5,73.0,6.826648840466568,-1.431396484375,-1.2074127197265625,1.8726295339010874,49.85167201684453,0.21666666666666667,ERA5
947b047f-7a38-56d9-9db9-52f4482003a9,2023-11-21T08:13:00+00:00,21.85184,72.69313,2023-11-21T08:00:00+00:00,21.75,72.75,12.755712966965426,-1.064208984375,-1.0892486572265625,1.5228274359540344,44.333814190051726,0.21666666666666667,ERA5
ac6237f6-76e0-5fa0-8ca6-4d63d8b97315,2023-11-21T08:13:00+00:00,21.89258,72.89886,2023-11-21T08:00:00+00:00,22.0,73.0,15.85825535890303,-1.434326171875,-1.3431549072265625,1.965033504073757,46.88006815045196,0.21666666666666667,ERA5
86f1139b-3d29-5e2b-a079-7c7075e5975b,2023-11-21T09:03:00+00:00,21.73859,72.6056933333333,2023-11-21T09:00:00+00:00,21.75,72.5,10.989806689457827,-0.176055908203125,-1.8052520751953125,1.813816621880561,5.570115095866299,0.05,ERA5
8c837f30-6bb0-5578-b7f7-c50b8f99f4da,2023-11-21T20:42:00+00:00,21.3823,72.94751,2023-11-21T21:00:00+00:00,21.5,73.0,14.170409212448998,-1.41015625,-1.9351806640625,2.39446546268169,36.08063201510879,0.3,ERA5
79264dde-4881-51d8-9ab5-df802ddee9ba,2023-11-22T07:54:00+00:00,21.39514,72.71758,2023-11-22T08:00:00+00:00,21.5,72.75,12.133068301511496,0.52777099609375,-1.7595977783203125,1.8370428862134842,343.30399221306016,0.1,ERA5
e15e3d4b-96fe-5e13-8edd-2dfcac755679,2023-11-22T07:54:00+00:00,21.87194,72.66053,2023-11-22T08:00:00+00:00,21.75,72.75,16.406131319825487,-0.26617431640625,-1.5496368408203125,1.5723304694439693,9.746337053397326,0.1,ERA5
0f50e53c-7dad-5d27-8b3f-3ebd5410b207,2023-11-22T08:44:00+00:00,21.54453,72.944665,2023-11-22T09:00:00+00:00,21.5,73.0,7.5684291303355815,-0.173431396484375,-1.57513427734375,1.584653413510266,6.283287007304523,0.26666666666666666,ERA5
22fbc4f9-c8a5-53b9-9701-665ed0e96eb6,2023-11-22T20:23:00+00:00,21.36226,72.83851,2023-11-22T20:00:00+00:00,21.25,72.75,15.488478040640745,-2.239532470703125,-3.46539306640625,4.126070139010019,32.87282422237291,0.38333333333333336,ERA5
f858ea70-f008-559c-8493-275da9a26949,2023-11-22T20:23:00+00:00,21.36442,72.92938,2023-11-22T20:00:00+00:00,21.25,73.0,14.676309790642838,-1.265899658203125,-2.44879150390625,2.7566432076426253,27.336645755465156,0.38333333333333336,ERA5
b371e5b2-1937-5bcb-b394-bc90e5b779f6,2023-11-23T21:44:00+00:00,21.38989,72.95364,2023-11-23T22:00:00+00:00,21.5,73.0,13.150262868512877,-1.1019439697265625,-2.2266998291015625,2.484446143778863,26.32977902453871,0.26666666666666666,ERA5
1955a2dc-f5e0-5b04-8a20-b66ad117219d,2023-11-24T08:06:00+00:00,21.88011,72.67506,2023-11-24T08:00:00+00:00,22.0,72.75,15.409866094541435,-4.090789794921875,-0.5820159912109375,4.13198545015132,81.9026030184682,0.1,ERA5
b4327d3d-3ce3-5d06-a53d-ce1b18236093,2023-11-25T07:47:00+00:00,21.7941,72.67249,2023-11-25T08:00:00+00:00,21.75,72.75,9.386636489956773,-2.2846527099609375,1.48187255859375,2.723157043771997,122.96826827881523,0.21666666666666667,ERA5
8bd6de48-bd62-56d6-a88d-ddaa2c145c4e,2023-11-25T08:38:00+00:00,21.78321,72.6436,2023-11-25T09:00:00+00:00,21.75,72.75,11.591553132705862,-1.455322265625,1.0016326904296875,1.7667005811289296,124.53788336095508,0.36666666666666664,ERA5
3974b17b-cd74-56f4-9075-7c51600471d3,2023-11-29T08:12:00+00:00,21.891325,72.90062,2023-11-29T08:00:00+00:00,22.0,73.0,15.845640677234924,-0.3692169189453125,-0.9077606201171875,0.9799747326696797,22.133236853957328,0.2,ERA5
937210e2-7b70-53a1-b588-675f650f3e1a,2023-11-29T08:12:00+00:00,21.99753,72.52303,2023-11-29T08:00:00+00:00,22.0,72.5,2.390203000744952,0.3280487060546875,-2.6001434326171875,2.6207559641688207,352.80923551686175,0.2,ERA5
ce0f8d36-723f-5d13-a6f8-51e5ce2b83a5,2023-12-02T08:06:00+00:00,21.88176,72.67366,2023-12-02T08:00:00+00:00,22.0,72.75,15.325084743766917,-3.1482391357421875,-1.789581298828125,3.6213272264370246,60.384419517447895,0.1,ERA5
e2b207be-bc55-5bd0-b754-b26ac24c1b19,2023-12-03T21:06:00+00:00,21.43574,72.97466,2023-12-03T21:00:00+00:00,21.5,73.0,7.611337443392722,-1.0364532470703125,-3.1067352294921875,3.275063223745531,18.449468316369064,0.1,ERA5
0b66c03a-f7a9-53c5-8197-9c81fe827dd1,2023-12-04T08:19:00+00:00,21.51501,72.73097,2023-12-04T08:00:00+00:00,21.5,72.75,2.58097948951034,-0.504974365234375,-3.746185302734375,3.7800665909434588,7.677021971981219,0.31666666666666665,ERA5
2be49c8f-b60b-52fb-b4a3-6649e4cc155b,2023-12-04T08:19:00+00:00,21.44699,72.88271,2023-12-04T08:00:00+00:00,21.5,73.0,13.492423921530214,-1.334075927734375,-2.013763427734375,2.415574822654192,33.523635971993144,0.31666666666666665,ERA5
05154a81-8d37-5030-8bb3-b9f9c0e9d0ad,2023-12-05T08:50:00+00:00,22.08978,72.98779,2023-12-05T09:00:00+00:00,22.0,73.0,10.062084312408059,-2.1125335693359375,-2.9935455322265625,3.6638931391465075,35.21047186045644,0.16666666666666666,ERA5
009e9c48-b4d3-5a50-8ca9-29351104c1cc,2023-12-06T08:31:00+00:00,21.48719,72.89663,2023-12-06T09:00:00+00:00,21.5,73.0,10.789332812727192,-2.6098785400390625,-1.25433349609375,2.8956551095009915,64.33059927832676,0.48333333333333334,ERA5
8c23bd3a-6a26-51ed-b4e0-2e4a1268b822,2023-12-06T08:31:00+00:00,21.55163,72.98026,2023-12-06T09:00:00+00:00,21.5,73.0,6.093302698413414,-2.6098785400390625,-1.25433349609375,2.8956551095009915,64.33059927832676,0.48333333333333334,ERA5
b814334c-485c-59cd-bcbb-b9fd7a0aeb24,2023-12-06T08:31:00+00:00,21.36836,72.70615,2023-12-06T09:00:00+00:00,21.25,72.75,13.922911840811421,-1.7241363525390625,-2.69769287109375,3.201592258376563,32.58326179433851,0.48333333333333334,ERA5
c0805d28-b855-5102-b0e6-b1a501aa6352,2023-12-06T08:31:00+00:00,21.40242,72.69234,2023-12-06T09:00:00+00:00,21.5,72.75,12.383081161295834,-2.0717926025390625,-2.16058349609375,2.9934003460159273,43.79816982330931,0.48333333333333334,ERA5
0a0a3e33-df7d-5923-8a81-626f97170c99,2023-12-06T21:00:00+00:00,21.3637,72.82977,2023-12-06T21:00:00+00:00,21.25,72.75,15.104014456849551,-2.417388916015625,-3.2897796630859375,4.082452621026853,36.309111021957506,0.0,ERA5
1370a345-bf89-5f4f-874f-f992884d1bbf,2023-12-07T08:13:00+00:00,21.89243,72.9023433333333,2023-12-07T08:00:00+00:00,22.0,73.0,15.637041275464709,-2.0218353271484375,-2.342559814453125,3.0944150617517505,40.79708369809447,0.21666666666666667,ERA5
a18c31a8-2d07-5a7a-b876-588bfe07ff54,2023-12-07T08:13:00+00:00,21.8928616666667,72.89425,2023-12-07T08:00:00+00:00,22.0,73.0,16.151849189133955,-2.0218353271484375,-2.342559814453125,3.0944150617517505,40.79708369809447,0.21666666666666667,ERA5
11238732-ae42-5aa3-9865-8a351e195ec6,2023-12-08T07:54:00+00:00,21.706155,72.69421,2023-12-08T08:00:00+00:00,21.75,72.75,7.5484386626606605,-1.94097900390625,-0.8412628173828125,2.1154485627203905,66.56703482889714,0.1,ERA5
1e15470d-7332-571b-8f31-4746597235a7,2023-12-08T21:13:00+00:00,21.36749,72.93269,2023-12-08T21:00:00+00:00,21.25,73.0,14.808660445075946,-0.9427642822265625,-2.4620819091796875,2.6364088869809366,20.952515229458527,0.21666666666666667,ERA5
5afa2b4f-5a53-517d-a419-28c99e31efb9,2023-12-09T08:25:00+00:00,22.09041,72.65356,2023-12-09T08:00:00+00:00,22.0,72.75,14.137232599623443,-1.1758270263671875,-2.7855072021484375,3.0235111326331046,22.885733062470536,0.4166666666666667,ERA5
b4cf5083-1870-5f3c-81b1-1be8705c2922,2023-12-09T20:54:00+00:00,21.35167,72.86524,2023-12-09T21:00:00+00:00,21.25,72.75,16.442026963874433,-1.777740478515625,-4.569549560546875,4.903176969603188,21.258057542625693,0.1,ERA5
a233cb1f-aca4-5428-9e76-0c7df47c0235,2023-12-10T08:06:00+00:00,21.7218933333333,72.71807,2023-12-10T08:00:00+00:00,21.75,72.75,4.5436264030022535,-0.7813720703125,-0.7658538818359375,1.0941089893550902,45.57463933576469,0.1,ERA5
cb5bd77f-8273-518a-9e8f-f62544d94dd5,2023-12-10T08:06:00+00:00,21.38328,72.65257,2023-12-10T08:00:00+00:00,21.5,72.75,16.43567440215596,0.0535888671875,-1.2560882568359375,1.2572308760317588,357.5570545666775,0.1,ERA5
0a9d56d6-0e0b-5017-9416-f8d4a006038a,2023-12-10T08:56:00+00:00,21.55362,72.89169,2023-12-10T09:00:00+00:00,21.5,73.0,12.691166148688808,-0.1823883056640625,-0.6231231689453125,0.6492672621651703,16.314766509530273,0.06666666666666667,ERA5
6a2bcc01-296e-5fc6-a7fd-edcdc636ff7d,2023-12-10T08:56:00+00:00,21.42612,72.8851,2023-12-10T09:00:00+00:00,21.5,73.0,14.452229636108115,-0.1823883056640625,-0.6231231689453125,0.6492672621651703,16.314766509530273,0.06666666666666667,ERA5
2c9fc825-9530-5bb4-81d2-05c642981da9,2023-12-10T08:57:00+00:00,21.73169,72.71365,2023-12-10T09:00:00+00:00,21.75,72.75,4.270941078798506,-0.3327789306640625,-1.2149200439453125,1.259671596041602,15.318181544070399,0.05,ERA5
b21b686a-6234-57cb-9d09-83e6b28a41f4,2023-12-10T20:35:00+00:00,21.4333166666667,72.97667,2023-12-10T21:00:00+00:00,21.5,73.0,7.797976645137116,-1.2410430908203125,-1.08929443359375,1.6512874723473085,48.72576893828921,0.4166666666666667,ERA5
39900c80-f773-517c-b0d9-03e8a91b5447,2023-12-11T20:16:00+00:00,21.3886133333333,72.9351133333333,2023-12-11T20:00:00+00:00,21.5,73.0,14.089111341792762,-1.0575103759765625,-1.804046630859375,2.0911509848916103,30.3783176017987,0.26666666666666666,ERA5
390fb1f3-7a15-57e8-86c7-87b7d8ac5401,2023-12-12T08:19:00+00:00,21.86899,72.6451,2023-12-12T08:00:00+00:00,21.75,72.75,17.09791822219523,1.0607147216796875,-1.2123565673828125,1.6108768318106301,318.8166786564632,0.31666666666666665,ERA5
48cd534f-b185-5f55-a02a-55dd842c99d4,2023-12-12T08:19:00+00:00,21.35986,72.87995,2023-12-12T08:00:00+00:00,21.25,73.0,17.432687862342643,1.2989959716796875,-0.4516143798828125,1.3752621868418373,289.17073262349214,0.31666666666666665,ERA5
855b37cb-2f3c-50e5-881c-66b4a0d6e350,2023-12-12T08:19:00+00:00,21.61128,72.90743,2023-12-12T08:00:00+00:00,21.5,73.0,15.644820280344556,1.1534881591796875,-0.5033721923828125,1.2585382383670443,293.57603746094117,0.31666666666666665,ERA5
e5262583-4524-521f-a18c-84d160031d57,2023-12-13T08:00:00+00:00,21.757496,72.61529,2023-12-13T08:00:00+00:00,21.75,72.5,11.935853578481698,-1.4456329345703125,-2.1315155029296875,2.5755024598598175,34.14584065767167,0.0,ERA5
68162708-4f51-51a8-bf9a-399135c572de,2023-12-13T20:29:00+00:00,21.7125,72.70448,2023-12-13T20:00:00+00:00,21.75,72.75,6.2844959288403714,-2.3058013916015625,-1.9877166748046875,3.044295918075033,49.23700983812705,0.48333333333333334,ERA5
36cae12d-dade-5379-87d6-e77dc8c91156,2023-12-14T21:00:00+00:00,21.35719,72.83413,2023-12-14T21:00:00+00:00,21.25,72.75,14.765629575442706,-3.3881378173828125,-1.2406463623046875,3.608140970898923,69.88860703024795,0.0,ERA5
f23f29bf-502e-53c2-beba-c0bd402e4b6a,2023-12-14T21:00:00+00:00,21.36762,72.94125,2023-12-14T21:00:00+00:00,21.25,73.0,14.4254697324425,-2.7250518798828125,-0.6888885498046875,2.810778394342901,75.81295528602828,0.0,ERA5
461d9881-f64b-537e-b26a-ddfb614364da,2023-12-15T08:12:00+00:00,21.87185,72.68271,2023-12-15T08:00:00+00:00,21.75,72.75,15.226114875789339,-0.165496826171875,1.0571136474609375,1.0699899359905827,171.1022617904352,0.2,ERA5
8b024db4-a0cf-5beb-a607-03b13cb1ca11,2023-12-15T08:12:00+00:00,21.53274,72.84584,2023-12-15T08:00:00+00:00,21.5,72.75,10.561541571287023,0.729034423828125,0.7826995849609375,1.0696306986172517,222.96690648091635,0.2,ERA5
c55f1a7a-8ece-5ac7-a05f-0a3f4554ebb8,2023-12-15T08:12:00+00:00,21.77059,72.64526,2023-12-15T08:00:00+00:00,21.75,72.75,11.056305790135843,-0.165496826171875,1.0571136474609375,1.0699899359905827,171.1022617904352,0.2,ERA5
ef4c8192-9cd7-5b06-b7ce-496fde4e6e53,2023-12-15T08:12:00+00:00,21.89209,72.897859,2023-12-15T08:00:00+00:00,22.0,73.0,15.96727092326788,-0.705535888671875,0.4965667724609375,0.8627626844713933,125.13845937174182,0.2,ERA5
0ad5838c-1a0f-57d2-b9f3-99e0f6db478f,2023-12-15T08:13:00+00:00,21.99556,72.75209,2023-12-15T08:00:00+00:00,22.0,72.75,0.5386799362344477,-0.426239013671875,0.3412933349609375,0.5460410582224853,128.68456312590902,0.21666666666666667,ERA5
ccf52e8d-2b71-5e29-a3e6-4480e070d201,2023-12-15T21:31:00+00:00,21.79261,72.64694,2023-12-15T22:00:00+00:00,21.75,72.75,11.64938981236195,-2.4684600830078125,-1.077239990234375,2.6932770332743514,66.42346541660669,0.48333333333333334,ERA5
33441c0e-0120-5202-bd01-526e2be3bd6b,2023-12-16T08:44:00+00:00,21.47671,72.81185,2023-12-16T09:00:00+00:00,21.5,72.75,6.90352502179269,0.0426177978515625,-2.5986785888671875,2.599028026961324,359.06044514971074,0.26666666666666666,ERA5
b3d636e0-580e-5d2f-b536-ce82625c47c8,2023-12-16T08:44:00+00:00,21.56486,72.94124,2023-12-16T09:00:00+00:00,21.5,73.0,9.43155897493839,-0.4896087646484375,-2.3779754638671875,2.427855854282732,11.634225289759229,0.26666666666666666,ERA5
dbccc60f-8f02-5986-a516-1407c86eb504,2023-12-17T07:35:00+00:00,21.85825,72.66146,2023-12-17T08:00:00+00:00,21.75,72.75,15.114269367938018,-3.2395782470703125,-2.26483154296875,3.952762216086033,55.04209903161734,0.4166666666666667,ERA5
114a67ff-087e-59ca-bcd0-bec48c72ad53,2023-12-17T08:25:00+00:00,21.537935,72.982185,2023-12-17T08:00:00+00:00,21.5,73.0,4.603169203014616,-3.0149688720703125,-1.43963623046875,3.341046209741973,64.47570115444245,0.4166666666666667,ERA5
2b7c001f-5c23-51d7-b90e-8d6e751c612b,2023-12-17T08:25:00+00:00,21.66971,72.97662,2023-12-17T08:00:00+00:00,21.75,73.0,9.248793548083004,-3.0823516845703125,-1.61834716796875,3.4813703427595746,62.298887383985345,0.4166666666666667,ERA5
c7f8b4c6-b6b7-5ed1-a94e-6cd2a75c105f,2023-12-17T08:25:00+00:00,21.60885,72.96706,2023-12-17T08:00:00+00:00,21.5,73.0,12.573838314767944,-3.0149688720703125,-1.43963623046875,3.341046209741973,64.47570115444245,0.4166666666666667,ERA5
21c462cd-5f88-5507-b17b-bc9985408067,2023-12-17T20:04:00+00:00,21.434035,72.97537,2023-12-17T20:00:00+00:00,21.5,73.0,7.765173068010591,-1.960113525390625,-2.0114288330078125,2.8085389409218515,44.25973672525572,0.06666666666666667,ERA5
4d76ace2-0b2b-5b83-bd2c-1150f565c34f,2023-12-17T20:04:00+00:00,21.366105,72.84364,2023-12-17T20:00:00+00:00,21.25,72.75,16.148540493231213,-3.025543212890625,-4.0221710205078125,5.033067797206926,36.95108694166288,0.06666666666666667,ERA5
6b579cc1-6fa5-53be-bc4e-4f0a72888ca9,2023-12-17T20:04:00+00:00,21.38403,72.8428,2023-12-17T20:00:00+00:00,21.5,72.75,16.07912664238188,-2.567535400390625,-3.8209991455078125,4.603506544171571,33.89928235590395,0.06666666666666667,ERA5
8e8e3a16-f287-5422-80b6-a73041c91c9f,2023-12-17T20:54:00+00:00,21.4271,72.9633,2023-12-17T21:00:00+00:00,21.5,73.0,8.951685557713786,-2.18914794921875,-1.739166259765625,2.7959020051990042,51.534652030648374,0.1,ERA5
3ddbd0c1-50d9-5c9b-8a87-29e4f837d68b,2023-12-18T08:06:00+00:00,21.38736,72.79182,2023-12-18T08:00:00+00:00,21.5,72.75,13.251773148843554,-4.984375,-2.5711517333984375,5.608459269423537,62.71339960772087,0.1,ERA5
c6d47f9f-cdc0-5f18-92ac-ae9544b84ba7,2023-12-18T08:06:00+00:00,21.47741,72.85884,2023-12-18T08:00:00+00:00,21.5,72.75,11.537958644691162,-4.984375,-2.5711517333984375,5.608459269423537,62.71339960772087,0.1,ERA5
4de582c3-587b-5070-abcc-35ed5a436556,2023-12-20T07:28:00+00:00,21.4882433333333,72.9735033333333,2023-12-20T07:00:00+00:00,21.5,73.0,3.03714234326161,-4.15802001953125,-0.954010009765625,4.2660597255026405,77.0777926938224,0.4666666666666667,ERA5
38a58cba-9247-53db-91c2-b28024cdf476,2023-12-20T08:19:00+00:00,21.48308,72.87474,2023-12-20T08:00:00+00:00,21.5,72.75,13.04247880424834,-3.522247314453125,-2.37176513671875,4.246350904944946,56.044975915572536,0.31666666666666665,ERA5
f452567d-5f94-5105-bde1-fee96caaf251,2023-12-22T20:10:00+00:00,21.446715,72.948505,2023-12-22T20:00:00+00:00,21.5,73.0,7.968633046703053,-1.9264678955078125,0.432830810546875,1.974492608996287,102.66270472290822,0.16666666666666666,ERA5
a47eb448-9050-51e5-9cc4-f8dd5226d8ec,2023-12-23T07:22:00+00:00,21.7024725,72.6817575,2023-12-23T07:00:00+00:00,21.75,72.75,8.810231320802318,-1.2323150634765625,-1.93634033203125,2.295215523022214,32.47326650272896,0.36666666666666664,ERA5
05c917a1-c0be-5e4b-9c93-a8fd8e3eeca3,2023-12-23T08:12:00+00:00,21.98642,72.766955,2023-12-23T08:00:00+00:00,22.0,72.75,2.309995605960261,-1.0521697998046875,-2.450531005859375,2.666863981964434,23.23694406427927,0.2,ERA5
111ebd82-a992-54a7-a190-2b609ace235f,2023-12-23T08:12:00+00:00,21.7154,72.70399,2023-12-23T08:00:00+00:00,21.75,72.75,6.114547842346652,-1.1381072998046875,-2.332366943359375,2.5952309693636657,26.010634506334497,0.2,ERA5
54eb6997-137b-547a-8741-a4704a45679c,2023-12-23T08:12:00+00:00,21.89775,72.92036,2023-12-23T08:00:00+00:00,22.0,73.0,14.02620304289454,-1.0550994873046875,-1.910491943359375,2.1824789560845015,28.91037172601966,0.2,ERA5
797f38f8-0069-59f7-af97-99d402de6fb2,2023-12-23T08:12:00+00:00,21.8915166666667,72.8961266666667,2023-12-23T08:00:00+00:00,22.0,73.0,16.133334627697767,-1.0550994873046875,-1.910491943359375,2.1824789560845015,28.91037172601966,0.2,ERA5
a1924d1c-87f9-5075-82fe-7c9df5a45416,2023-12-23T08:12:00+00:00,21.8961566666667,72.90328,2023-12-23T08:00:00+00:00,22.0,73.0,15.258975506041526,-1.0550994873046875,-1.910491943359375,2.1824789560845015,28.91037172601966,0.2,ERA5
ac676bc6-bf43-50c0-a559-4b62803c4070,2023-12-23T08:12:00+00:00,21.83676,72.8454,2023-12-23T08:00:00+00:00,21.75,72.75,13.787275130640122,-1.1381072998046875,-2.332366943359375,2.5952309693636657,26.010634506334497,0.2,ERA5
b237982a-1c5b-5925-8cc7-c69c6d3ed3fe,2023-12-23T08:12:00+00:00,21.37224,72.85218,2023-12-23T08:00:00+00:00,21.25,72.75,17.22779436841977,0.2212677001953125,-2.811859130859375,2.820551571403537,355.5006158904639,0.2,ERA5
df85beeb-b1d2-5b3e-a118-57090a2a2af8,2023-12-23T08:12:00+00:00,21.87274,72.6808475,2023-12-23T08:00:00+00:00,21.75,72.75,15.402405758244113,-1.1381072998046875,-2.332366943359375,2.5952309693636657,26.010634506334497,0.2,ERA5
f3a299cd-9485-598f-8af8-8f05cf35cca4,2023-12-23T08:12:00+00:00,21.56074,72.95802,2023-12-23T08:00:00+00:00,21.5,73.0,8.029405531779139,-1.2914276123046875,-1.666351318359375,2.108201127506817,37.77579902985593,0.2,ERA5
10bbb2d7-c76e-52a8-812b-efeebc03f596,2023-12-23T08:13:00+00:00,22.07577,72.63683,2023-12-23T08:00:00+00:00,22.0,72.75,14.389062424617094,-1.0521697998046875,-2.450531005859375,2.666863981964434,23.23694406427927,0.21666666666666667,ERA5
3a2ae7c3-45b5-5457-b41e-3268f798c842,2023-12-23T08:13:00+00:00,22.03681,72.74158,2023-12-23T08:00:00+00:00,22.0,72.75,4.184103853339109,-1.0521697998046875,-2.450531005859375,2.666863981964434,23.23694406427927,0.21666666666666667,ERA5
b98cb89e-a047-5edc-9250-a2120ac72234,2023-12-23T09:03:00+00:00,21.59019,72.98739,2023-12-23T09:00:00+00:00,21.5,73.0,10.113118198567847,-1.11474609375,-1.9787445068359375,2.2711425928074798,29.39518369564098,0.05,ERA5
c29f790b-99ae-5698-a499-d03fb5810d95,2023-12-23T20:41:00+00:00,21.43154,72.9773433333333,2023-12-23T21:00:00+00:00,21.5,73.0,7.965278200905459,-1.68341064453125,-1.03643798828125,1.976885201946133,58.380329378771194,0.31666666666666665,ERA5
f5cb92d5-0149-526d-8542-d111894e033b,2023-12-23T20:41:00+00:00,21.37879,72.95303,2023-12-23T21:00:00+00:00,21.5,73.0,14.327884830145607,-1.68341064453125,-1.03643798828125,1.976885201946133,58.380329378771194,0.31666666666666665,ERA5
1c2cc1ce-cd28-5202-8b76-171a068ada1b,2023-12-24T07:54:00+00:00,21.47626,72.85709,2023-12-24T08:00:00+00:00,21.5,72.75,11.390302235610354,-0.9128875732421875,-1.6968536376953125,1.9268305553783978,28.27973604043052,0.1,ERA5
3a92b520-8db6-5b85-8348-fe22f143180b,2023-12-24T07:54:00+00:00,21.82944,72.70858,2023-12-24T08:00:00+00:00,21.75,72.75,9.814131399184122,-1.8982391357421875,-1.3316192626953125,2.318732774004899,54.950248912892675,0.1,ERA5
9eefc67f-a19c-5790-84a0-a5259bee8485,2023-12-24T07:54:00+00:00,21.73235,72.72424,2023-12-24T08:00:00+00:00,21.75,72.75,3.3061614444058036,-1.8982391357421875,-1.3316192626953125,2.318732774004899,54.950248912892675,0.1,ERA5
bc627789-f042-5410-bd26-ed5047563cfc,2023-12-24T07:54:00+00:00,22.0541133333333,72.5433433333333,2023-12-24T08:00:00+00:00,22.0,72.5,7.49444752903731,-1.7175750732421875,-1.9800567626953125,2.6211998999920527,40.93958816311715,0.1,ERA5
a12c8735-c112-5490-8b43-ce19f0eb003f,2023-12-24T08:44:00+00:00,21.7933533333333,72.6481866666667,2023-12-24T09:00:00+00:00,21.75,72.75,11.566082536560382,-1.7440185546875,-1.7523345947265625,2.4723020145139594,44.86372283415426,0.26666666666666666,ERA5
09376c6f-52f0-50aa-ab73-cc85bb7a5b04,2023-12-25T08:25:00+00:00,21.76846,72.64278,2023-12-25T08:00:00+00:00,21.75,72.75,11.261503946534543,-0.974517822265625,-1.4574737548828125,1.7532583186985142,33.76806927763636,0.4166666666666667,ERA5
a0c43c9c-dde5-5495-9df3-5b5c6f02be28,2023-12-25T08:25:00+00:00,21.46298,72.99684,2023-12-25T08:00:00+00:00,21.5,73.0,4.129401276423621,-1.082916259765625,-1.0590362548828125,1.5146832721136734,45.63874749893699,0.4166666666666667,ERA5
93c80d5a-4bee-5826-a381-ac2b33bad8ce,2023-12-25T20:04:00+00:00,21.35914,72.99945,2023-12-25T20:00:00+00:00,21.25,73.0,12.13594804923181,-1.1346893310546875,-1.9585113525390625,2.2634678252702694,30.086422327665503,0.06666666666666667,ERA5
3f87b430-deee-55f3-97d3-4aae5f84e832,2023-12-25T20:54:00+00:00,21.4328933333333,72.97595,2023-12-25T21:00:00+00:00,21.5,73.0,7.866005773984895,-1.1529541015625,-1.2899169921875,1.7300835260309944,41.79099381086223,0.1,ERA5
68629766-7b27-5321-9131-06a03b8aad51,2023-12-25T20:54:00+00:00,21.36133,72.9627,2023-12-25T21:00:00+00:00,21.25,73.0,12.968390464768323,-1.2515869140625,-1.6483154296875,2.069640925184458,37.209865782038264,0.1,ERA5
f199ed5d-cfe8-55c8-9dd5-183192e56412,2023-12-25T20:54:00+00:00,21.40882,72.8877,2023-12-25T21:00:00+00:00,21.5,73.0,15.422831810872184,-1.1529541015625,-1.2899169921875,1.7300835260309944,41.79099381086223,0.1,ERA5
586fa61d-a5fe-52b0-9be6-f43e026ff771,2023-12-28T09:09:00+00:00,22.051175,72.686065,2023-12-28T09:00:00+00:00,22.0,72.75,8.707117028960557,-1.2212677001953125,-0.272674560546875,1.251337768753816,77.41390206242329,0.15,ERA5
1a3c9d6b-c8ca-5ffd-b0f8-93f3f3ea59b4,2023-12-29T08:00:00+00:00,21.84022,72.68195,2023-12-29T08:00:00+00:00,21.75,72.75,12.247640052909789,-0.317901611328125,-0.663177490234375,0.7354358014392438,25.61125532533066,0.0,ERA5
413ca726-d1b9-5684-a195-e11712daad48,2023-12-29T08:00:00+00:00,22.01894,72.7757,2023-12-29T08:00:00+00:00,22.0,72.75,3.3845133159714367,-0.685089111328125,-0.929779052734375,1.154918255706434,36.38390276873838,0.0,ERA5
659cd077-1387-5faa-9d61-ae9fd2df95ac,2023-12-29T08:00:00+00:00,21.68766,72.56006,2023-12-29T08:00:00+00:00,21.75,72.5,9.302911716582319,-0.382354736328125,-1.522552490234375,1.5698284077922169,14.097025981042577,0.0,ERA5
304eb247-8144-52a5-939a-698729278171,2023-12-29T08:50:00+00:00,21.71026,72.70885,2023-12-29T09:00:00+00:00,21.75,72.75,6.131348356906314,-0.085723876953125,-0.7526092529296875,0.757475590811517,6.498112420069333,0.16666666666666666,ERA5
23339187-3392-52db-a60d-643fea153141,2023-12-30T08:31:00+00:00,21.36085,72.86605,2023-12-30T09:00:00+00:00,21.25,72.75,17.218126400282042,1.7033843994140625,-1.7553253173828125,2.4459528576839493,315.8603704673168,0.48333333333333334,ERA5
1594cf6a-f0c5-5418-a997-db0eb08dc65a,2023-12-31T08:12:00+00:00,21.8957266666667,72.9069166666667,2023-12-31T08:00:00+00:00,22.0,73.0,15.053268519211079,-0.0291748046875,-2.2890777587890625,2.289263670923756,0.7302079047042298,0.2,ERA5
389186f7-d90f-59c3-941e-c823cad64c50,2023-12-31T08:12:00+00:00,22.01495,72.79195,2023-12-31T08:00:00+00:00,22.0,72.75,4.633230154651117,0.0909423828125,-2.8681793212890625,2.869620730351278,358.1839107642521,0.2,ERA5
5c800e92-58ac-5500-8814-b94b575a360c,2023-12-31T08:12:00+00:00,22.007655,72.938865,2023-12-31T08:00:00+00:00,22.0,73.0,6.359952886637203,-0.0291748046875,-2.2890777587890625,2.289263670923756,0.7302079047042298,0.2,ERA5
661dd842-bae3-518d-afc4-0259666e5df3,2023-12-31T08:12:00+00:00,22.00464,72.87778,2023-12-31T08:00:00+00:00,22.0,73.0,12.611006902443835,-0.0291748046875,-2.2890777587890625,2.289263670923756,0.7302079047042298,0.2,ERA5
84a00562-7bfc-5f3b-998c-cb5f6c9a46ce,2023-12-31T08:12:00+00:00,21.872205,72.681495,2023-12-31T08:00:00+00:00,21.75,72.75,15.318749081338188,0.0450439453125,-2.8974761962890625,2.897826300017144,359.1093558992409,0.2,ERA5
a8036198-2f33-54f8-b338-d046d86f4773,2023-12-31T08:12:00+00:00,21.8361766666667,72.84742,2023-12-31T08:00:00+00:00,21.75,72.75,13.892232448775111,0.0450439453125,-2.8974761962890625,2.897826300017144,359.1093558992409,0.2,ERA5
cec497a5-382d-53f7-8a97-5310fd455b64,2023-12-31T08:12:00+00:00,21.98573,72.88927,2023-12-31T08:00:00+00:00,22.0,73.0,11.52637179055575,-0.0291748046875,-2.2890777587890625,2.289263670923756,0.7302079047042298,0.2,ERA5
cecfa998-5ceb-5059-9c1e-e7b3f826d560,2023-12-31T08:12:00+00:00,21.897155,72.91925,2023-12-31T08:00:00+00:00,22.0,73.0,14.14698596625612,-0.0291748046875,-2.2890777587890625,2.289263670923756,0.7302079047042298,0.2,ERA5
d7756880-883a-5b0c-813c-6f857b34cea2,2023-12-31T08:12:00+00:00,21.54878,72.94618,2023-12-31T08:00:00+00:00,21.5,73.0,7.772644541149156,0.0802001953125,-2.1025543212890625,2.1040833503688665,357.81555891374063,0.2,ERA5
51983785-847d-5f5c-bd89-a015978198e9,2023-12-31T20:41:00+00:00,21.3563933333333,72.9139066666667,2023-12-31T21:00:00+00:00,21.25,73.0,14.815775036517607,-0.4805450439453125,-2.5164642333984375,2.561935943233942,10.81106793180453,0.31666666666666665,ERA5
5730b02a-e760-549e-a38c-46deecebd8fb,2023-12-31T20:41:00+00:00,21.68826,72.53333,2023-12-31T21:00:00+00:00,21.75,72.5,7.680172361934733,-0.0010528564453125,-3.7274017333984375,3.7274018820954056,0.016183989132343868,0.31666666666666665,ERA5
c69e6ff6-bad7-5102-965f-08c3dde6857b,2023-12-31T20:41:00+00:00,21.43318,72.97791,2023-12-31T21:00:00+00:00,21.5,73.0,7.773733431792605,-0.6397247314453125,-2.2518157958984375,2.3409233457506655,15.859468327350555,0.31666666666666665,ERA5
