event_id,event_timestamp,event_latitude,event_longitude,weather_timestamp,weather_latitude,weather_longitude,weather_distance_km,u10,v10,wind_speed,wind_direction,time_difference_hours,source
5a5c40e6-58f2-531c-91ae-17642a387313,2024-01-01T07:54:00+00:00,22.02022,72.750865,2024-01-01T08:00:00+00:00,22.0,72.75,2.250129102768611,0.8761749267578125,-2.5626220703125,2.708267781725393,341.1241527101862,0.1,ERA5
e7bc0c5c-9773-59aa-894d-8be895320a08,2024-01-02T20:54:00+00:00,21.6868633333333,72.5325,2024-01-02T21:00:00+00:00,21.75,72.5,7.781938822912601,0.69439697265625,-3.9976348876953125,4.057495761051745,350.14593320271024,0.1,ERA5
c67d7235-f2bc-5420-96c7-e8a5d55332a3,2024-01-03T20:35:00+00:00,21.632455,72.89806,2024-01-03T21:00:00+00:00,21.75,73.0,16.786012422133926,-0.5328521728515625,-2.84967041015625,2.899060690056819,10.591274697850338,0.4166666666666667,ERA5
53c95970-14f2-50e1-b94c-2df5e3e2b862,2024-01-04T21:06:00+00:00,21.6865985714286,72.5327685714286,2024-01-04T21:00:00+00:00,21.75,72.5,7.82047866621752,-0.3955078125,-4.60260009765625,4.619562110059118,4.911440519387156,0.1,ERA5
7af375d9-f0c1-54cf-93df-a4f60909e12c,2024-01-05T08:19:00+00:00,21.72001,72.69433,2024-01-05T08:00:00+00:00,21.75,72.75,6.647145089123821,-0.75341796875,-3.258575439453125,3.344540705424663,13.018637549343907,0.31666666666666665,ERA5
4ceeef57-2af5-5f81-a777-41ab1d242e96,2024-01-05T19:57:00+00:00,21.38598,72.91104,2024-01-05T20:00:00+00:00,21.5,73.0,15.668933813053584,-1.430755615234375,-3.1829376220703125,3.4897211258946337,24.204293938029764,0.05,ERA5
c80ce34d-7b33-5c18-89de-7a99a9164460,2024-01-05T20:47:00+00:00,21.434485,72.9758975,2024-01-05T21:00:00+00:00,21.5,73.0,7.70006972075429,-1.398590087890625,-2.9568023681640625,3.2708920004070015,25.314506594692034,0.21666666666666667,ERA5
237e67d8-03f1-5b32-997f-04ea60ed56d4,2024-01-06T21:19:00+00:00,21.685692,72.532968,2024-01-06T21:00:00+00:00,21.75,72.5,7.920313673756992,-2.2372894287109375,-4.93988037109375,5.422903472176048,24.365941663871922,0.31666666666666665,ERA5
7bca7e02-8b01-54a7-929c-9c775652dc5e,2024-01-07T08:31:00+00:00,21.4019,72.84402,2024-01-07T09:00:00+00:00,21.5,72.75,14.617434562672736,-1.050323486328125,-2.48052978515625,2.69373484979123,22.949114985652272,0.48333333333333334,ERA5
112bb058-9963-54a1-9877-562731cdbb7a,2024-01-08T08:13:00+00:00,22.008065,72.94005,2024-01-08T08:00:00+00:00,22.0,73.0,6.2452798816254615,-1.65093994140625,-1.260284423828125,2.0769977176381924,52.64283149922994,0.21666666666666667,ERA5
6bace585-28ae-56a8-a594-c0c8b8029b49,2024-01-08T08:13:00+00:00,21.98945,72.88964,2024-01-08T08:00:00+00:00,22.0,73.0,11.438647512092707,-1.65093994140625,-1.260284423828125,2.0769977176381924,52.64283149922994,0.21666666666666667,ERA5
707c6ff1-0566-5005-b942-4346c07dfced,2024-01-08T08:13:00+00:00,21.837,72.84718,2024-01-08T08:00:00+00:00,21.75,72.75,13.937668485721781,-1.76031494140625,-1.574737548828125,2.3618863310132645,48.18491165667092,0.21666666666666667,ERA5
764da6e2-fcea-598e-9b03-0cb8892611b2,2024-01-08T08:13:00+00:00,21.8736866666667,72.6825066666667,2024-01-08T08:00:00+00:00,21.75,72.75,15.417585736335916,-1.76031494140625,-1.574737548828125,2.3618863310132645,48.18491165667092,0.21666666666666667,ERA5
8bab127d-0826-5d2b-94a6-e92b580ac606,2024-01-08T08:13:00+00:00,22.00358,72.89101,2024-01-08T08:00:00+00:00,22.0,73.0,11.243573442342937,-1.65093994140625,-1.260284423828125,2.0769977176381924,52.64283149922994,0.21666666666666667,ERA5
8e688188-3c3d-5cb3-bbba-8ba2f95b30f6,2024-01-08T08:13:00+00:00,21.89456,72.9105,2024-01-08T08:00:00+00:00,22.0,73.0,14.922042822782265,-1.65093994140625,-1.260284423828125,2.0769977176381924,52.64283149922994,0.21666666666666667,ERA5
cef5bb8b-e17b-5f2e-a9a2-c03878b300aa,2024-01-08T08:13:00+00:00,22.00507,72.87874,2024-01-08T08:00:00+00:00,22.0,73.0,12.514161716156066,-1.65093994140625,-1.260284423828125,2.0769977176381924,52.64283149922994,0.21666666666666667,ERA5
de7c2b48-cd9f-5178-8b16-a3772eb6c7ad,2024-01-08T08:13:00+00:00,21.89682,72.9190625,2024-01-08T08:00:00+00:00,22.0,73.0,14.188488782021068,-1.65093994140625,-1.260284423828125,2.0769977176381924,52.64283149922994,0.21666666666666667,ERA5
f52ee659-e9eb-570d-b389-011bf3c11373,2024-01-08T08:13:00+00:00,21.85847,72.88124,2024-01-08T08:00:00+00:00,21.75,73.0,17.19888351138447,-1.89508056640625,-0.632354736328125,1.9977995058882274,71.5470610529519,0.21666666666666667,ERA5
cf58f527-95df-5cdb-9ef0-4b93ffeca02a,2024-01-08T21:31:00+00:00,21.91061,72.68195,2024-01-08T22:00:00+00:00,22.0,72.75,12.16761107216569,-0.171844482421875,-4.160797119140625,4.164344269244291,2.365020627137426,0.48333333333333334,ERA5
8f62dd7c-8605-54a6-abe8-bdd2bad2251d,2024-01-10T08:25:00+00:00,21.49892,72.79711,2024-01-10T08:00:00+00:00,21.5,72.75,4.875390203627136,0.6817626953125,-3.7922210693359375,3.8530171309553203,349.8082773355502,0.4166666666666667,ERA5
c7e08184-29a9-5594-bfbe-8bca827d09f8,2024-01-10T20:54:00+00:00,21.6874,72.53088,2024-01-10T21:00:00+00:00,21.75,72.5,7.656927109832865,-0.5007781982421875,-4.37933349609375,4.407872579129687,6.523455784752116,0.1,ERA5
ffd9024c-d876-5f51-8272-06dcceb0a9a6,2024-01-10T20:54:00+00:00,21.68573,72.56181,2024-01-10T21:00:00+00:00,21.75,72.5,9.583417324749762,-0.5007781982421875,-4.37933349609375,4.407872579129687,6.523455784752116,0.1,ERA5
acd7bba5-e67b-5954-9384-82b7e1115697,2024-01-11T08:06:00+00:00,21.49984,72.8543,2024-01-11T08:00:00+00:00,21.5,72.75,10.790659890336329,-0.1301727294921875,-3.058349609375,3.061118630936681,2.437212864892615,0.1,ERA5
63aa0174-2711-5ddb-9347-971dfb229eec,2024-01-11T20:35:00+00:00,21.36807,72.940295,2024-01-11T21:00:00+00:00,21.25,73.0,14.512733166698302,-1.2895965576171875,-3.0115203857421875,3.276021110304217,23.181630453764853,0.4166666666666667,ERA5
0ef9384c-ad26-5b33-aac2-7e3c82dd326f,2024-01-12T07:47:00+00:00,21.74248,72.65926,2024-01-12T08:00:00+00:00,21.75,72.75,9.409003415569586,-1.136444091796875,-1.0327606201171875,1.535610521012689,47.73653631017618,0.21666666666666667,ERA5
5bc38f35-810b-579b-8d92-cba0c8124209,2024-01-12T07:47:00+00:00,21.75445,72.64465,2024-01-12T08:00:00+00:00,21.75,72.75,10.891510334954747,-1.136444091796875,-1.0327606201171875,1.535610521012689,47.73653631017618,0.21666666666666667,ERA5
b17dea81-6bd2-5673-9ecc-479193f9ef71,2024-01-12T08:38:00+00:00,21.56099,72.97301,2024-01-12T09:00:00+00:00,21.5,73.0,7.333915723932608,-1.0221099853515625,-0.5013580322265625,1.138450130059926,63.87145806200505,0.36666666666666664,ERA5
c1f99ba4-246b-5bde-8e9a-aca0e9b6f08b,2024-01-12T08:38:00+00:00,21.54349,72.94377,2024-01-12T09:00:00+00:00,21.5,73.0,7.564254551255735,-1.0221099853515625,-0.5013580322265625,1.138450130059926,63.87145806200505,0.36666666666666664,ERA5
f0643f01-5264-569b-bdc3-1bfae557adf7,2024-01-12T21:07:00+00:00,21.79589,72.64821,2024-01-12T21:00:00+00:00,21.75,72.75,11.684206952134298,-1.6949462890625,-1.7854766845703125,2.4618630981333904,43.5099971267677,0.11666666666666667,ERA5
78b467e4-f249-5ab5-92a1-8db9c99294f5,2024-01-13T08:19:00+00:00,21.99854,72.64729,2024-01-13T08:00:00+00:00,22.0,72.75,10.590508723957873,0.8914947509765625,-3.3857269287109375,3.501129778631058,345.24830285172874,0.31666666666666665,ERA5
95654a65-7a89-5c39-b632-4890a157fcc0,2024-01-13T08:19:00+00:00,21.788435,72.612595,2024-01-13T08:00:00+00:00,21.75,72.5,12.387709967921804,0.7069244384765625,-4.4081878662109375,4.464511443094836,350.88926497281614,0.31666666666666665,ERA5
ac43c5db-0983-55d4-b15e-a9ed15fad92a,2024-01-13T08:19:00+00:00,21.51923,72.89941,2024-01-13T08:00:00+00:00,21.5,73.0,10.62354138654707,1.2020416259765625,-2.6132659912109375,2.876467140677964,335.29866874447384,0.31666666666666665,ERA5
05084c05-758a-51b1-a3ea-588cccda3245,2024-01-13T20:48:00+00:00,21.36705,72.93705,2024-01-13T21:00:00+00:00,21.25,73.0,14.557670920108688,-0.28338623046875,-1.774169921875,1.7966598641104083,9.07513175462634,0.2,ERA5
e48627d9-d0a9-54cc-a97d-695941380ea7,2024-01-13T20:48:00+00:00,21.35284,72.91928,2024-01-13T21:00:00+00:00,21.25,73.0,14.166737176047254,-0.28338623046875,-1.774169921875,1.7966598641104083,9.07513175462634,0.2,ERA5
5293eb7b-632b-5234-8fb1-411e70f5e7eb,2024-01-14T08:00:00+00:00,21.53139,72.73091,2024-01-14T08:00:00+00:00,21.5,72.75,4.01033248407484,0.8529205322265625,-3.21234130859375,3.3236441020649985,345.130276466888,0.0,ERA5
07493a9a-e543-52bc-8d64-782474223203,2024-01-14T08:50:00+00:00,21.40294,72.70293,2024-01-14T09:00:00+00:00,21.5,72.75,11.841033953725125,1.03338623046875,-3.2577972412109375,3.417766809799055,342.4007658645468,0.16666666666666666,ERA5
6da0532a-c927-53e8-86bc-8ac51de03557,2024-01-14T08:50:00+00:00,22.04532,72.75793,2024-01-14T09:00:00+00:00,22.0,72.75,5.10522218910735,0.71307373046875,-3.3183441162109375,3.394095139897579,347.8722304657232,0.16666666666666666,ERA5
12d6693b-eb9d-5dd5-a102-8c60dc89e058,2024-01-14T20:29:00+00:00,21.4335466666667,72.9769066666667,2024-01-14T20:00:00+00:00,21.5,73.0,7.766090789617051,-0.8704681396484375,-2.308563232421875,2.4672209021960616,20.659480791728697,0.48333333333333334,ERA5
67c2c470-db9c-5288-9cc2-616d7fb66786,2024-01-15T07:41:00+00:00,21.74318,72.79099,2024-01-15T08:00:00+00:00,21.75,72.75,4.300888470919605,0.5944061279296875,-1.2790985107421875,1.410465045686438,335.07537343344376,0.31666666666666665,ERA5
8b925b62-1274-5312-aeaa-562915ab71cd,2024-01-15T07:41:00+00:00,21.38252,72.965255,2024-01-15T08:00:00+00:00,21.5,73.0,13.549114862931996,0.6783905029296875,-0.9568328857421875,1.1729206476581937,324.6635191235183,0.31666666666666665,ERA5
969f3166-e75a-5292-b388-eca217d26597,2024-01-15T07:41:00+00:00,21.9692075,72.5536375,2024-01-15T08:00:00+00:00,22.0,72.5,6.5046362819117,0.5143280029296875,-1.7224578857421875,1.7976079836140824,343.3743115305445,0.31666666666666665,ERA5
a483de03-bfd9-5b85-b879-ff4cbcbbb5e0,2024-01-15T07:41:00+00:00,21.58012,72.96675,2024-01-15T08:00:00+00:00,21.5,73.0,9.549661163934063,0.6783905029296875,-0.9568328857421875,1.1729206476581937,324.6635191235183,0.31666666666666665,ERA5
06fae226-6e95-5148-b8cb-190844064a3d,2024-01-15T08:31:00+00:00,21.5122,72.8382,2024-01-15T09:00:00+00:00,21.5,72.75,9.224879396464766,1.4398651123046875,-1.5543975830078125,2.11881178675519,317.1905324411772,0.48333333333333334,ERA5
14bfedd1-cbc4-5d56-b96f-90eb3264c91f,2024-01-15T08:31:00+00:00,21.52491,72.71989,2024-01-15T09:00:00+00:00,21.5,72.75,4.16826273706376,1.4398651123046875,-1.5543975830078125,2.11881178675519,317.1905324411772,0.48333333333333334,ERA5
33593c08-d836-558d-a495-85ab9a658505,2024-01-15T08:31:00+00:00,21.40199,72.66515,2024-01-15T09:00:00+00:00,21.5,72.75,13.995821177867532,1.4398651123046875,-1.5543975830078125,2.11881178675519,317.1905324411772,0.48333333333333334,ERA5
89ac1557-8332-54f5-95b4-dfbe500ff613,2024-01-15T08:31:00+00:00,21.99011,72.74656,2024-01-15T09:00:00+00:00,22.0,72.75,1.1554955994857063,0.3334197998046875,-1.1325225830078125,1.1805829762979327,343.59533137263026,0.48333333333333334,ERA5
a65d3020-12ae-568b-924c-35890f0a6194,2024-01-15T08:31:00+00:00,21.51873,72.96794,2024-01-15T09:00:00+00:00,21.5,73.0,3.9163331461543898,0.8578338623046875,-1.0866241455078125,1.3844244179142324,321.7107237667883,0.48333333333333334,ERA5
1a7dfe1f-27fb-5f50-87bd-423fa71a7a23,2024-01-15T20:10:00+00:00,21.3590366666667,72.87024,2024-01-15T20:00:00+00:00,21.25,72.75,17.382781552198313,-0.616119384765625,-2.3306732177734375,2.4107344823373564,14.807558950192401,0.16666666666666666,ERA5
5cb1e43b-e6eb-5e17-8368-ac9738110e0a,2024-01-15T20:10:00+00:00,21.41206,72.78614,2024-01-15T20:00:00+00:00,21.5,72.75,10.469335381075592,-0.652252197265625,-2.5035247802734375,2.5870966843705316,14.602846921367416,0.16666666666666666,ERA5
153f00c8-5ef1-5506-b9a4-8632dd7e0896,2024-01-16T08:12:00+00:00,21.77013,72.84145,2024-01-16T08:00:00+00:00,21.75,72.75,9.705824493213031,1.2096710205078125,-1.6999359130859375,2.0864050628906488,324.5644207927862,0.2,ERA5
0ac6f414-3010-5bb3-ac07-5dcdfd837996,2024-01-16T08:12:00+00:00,21.58211,72.89661,2024-01-16T08:00:00+00:00,21.5,73.0,14.060978799391712,1.0417022705078125,-1.2214202880859375,1.6053071794921576,319.54041707905355,0.2,ERA5
25c41efc-053f-5d65-bd99-92b220559e05,2024-01-16T08:12:00+00:00,21.858275,72.88107,2024-01-16T08:00:00+00:00,21.75,73.0,17.196217555689064,0.9264678955078125,-1.1276702880859375,1.4594461415340054,320.5942640490987,0.2,ERA5
30efe7fe-c0e8-54c4-a4f1-c05c4ee26c20,2024-01-16T08:12:00+00:00,22.0031,72.89065,2024-01-16T08:00:00+00:00,22.0,73.0,11.278926838192964,0.9821319580078125,-0.9772796630859375,1.385517492788028,314.858112788213,0.2,ERA5
3196d0ff-49ce-5731-8756-cc33bad73765,2024-01-16T08:12:00+00:00,22.007204,72.936942,2024-01-16T08:00:00+00:00,22.0,73.0,6.550163738843427,0.9821319580078125,-0.9772796630859375,1.385517492788028,314.858112788213,0.2,ERA5
31db126d-8049-5d37-84b5-ff45cbf632f0,2024-01-16T08:12:00+00:00,21.90393,72.9087,2024-01-16T08:00:00+00:00,22.0,73.0,14.240000317596317,0.9821319580078125,-0.9772796630859375,1.385517492788028,314.858112788213,0.2,ERA5
47e33927-de67-562c-a233-59d935035cd5,2024-01-16T08:12:00+00:00,21.89866,72.8977,2024-01-16T08:00:00+00:00,22.0,73.0,15.436847618372365,0.9821319580078125,-0.9772796630859375,1.385517492788028,314.858112788213,0.2,ERA5
6133594c-1d47-5cfd-9100-b5d49ac86b24,2024-01-16T08:12:00+00:00,22.00288,72.87871,2024-01-16T08:00:00+00:00,22.0,73.0,12.508746159733093,0.9821319580078125,-0.9772796630859375,1.385517492788028,314.858112788213,0.2,ERA5
6b5ad009-7eb1-5173-afb4-075a7b603b62,2024-01-16T08:12:00+00:00,21.8967485714286,72.9163071428571,2024-01-16T08:00:00+00:00,22.0,73.0,14.363866060593587,0.9821319580078125,-0.9772796630859375,1.385517492788028,314.858112788213,0.2,ERA5
7df1e07f-2ab8-5d00-b6a9-72e1c61e69d7,2024-01-16T08:12:00+00:00,21.87353,72.68113,2024-01-16T08:00:00+00:00,21.75,72.75,15.466861187434123,1.2096710205078125,-1.6999359130859375,2.0864050628906488,324.5644207927862,0.2,ERA5
9e9a3f52-5578-538c-97e1-d5f297065853,2024-01-16T08:12:00+00:00,21.72039,72.74612,2024-01-16T08:00:00+00:00,21.75,72.75,3.3167827197683937,1.2096710205078125,-1.6999359130859375,2.0864050628906488,324.5644207927862,0.2,ERA5
c32c4e23-de72-5d3e-acf1-1b9651bbca34,2024-01-16T08:12:00+00:00,21.48123,72.73351,2024-01-16T08:00:00+00:00,21.5,72.75,2.695733361083535,1.3532257080078125,-1.7927093505859375,2.246113673101052,322.9526891314015,0.2,ERA5
cce9be1d-1791-567b-8c9d-5fe7768ad1c9,2024-01-16T08:12:00+00:00,21.37555,72.934155,2024-01-16T08:00:00+00:00,21.5,73.0,15.42534769517156,1.0417022705078125,-1.2214202880859375,1.6053071794921576,319.54041707905355,0.2,ERA5
dbfbabda-742d-5446-a866-7c2f4ba16e89,2024-01-16T08:12:00+00:00,21.8360966666667,72.8478366666667,2024-01-16T08:00:00+00:00,21.75,72.75,13.917293244181149,1.2096710205078125,-1.6999359130859375,2.0864050628906488,324.5644207927862,0.2,ERA5
e7c31c3e-950b-5fa6-8361-c6ef3dc26088,2024-01-16T08:12:00+00:00,21.9882733333333,72.88792,2024-01-16T08:00:00+00:00,22.0,73.0,11.629052868507214,0.9821319580078125,-0.9772796630859375,1.385517492788028,314.858112788213,0.2,ERA5
2285c424-c433-5a60-8039-2806aa1ed121,2024-01-16T09:03:00+00:00,21.99109,72.52489,2024-01-16T09:00:00+00:00,22.0,72.5,2.750804859950482,1.130401611328125,-1.6116180419921875,1.968532579402219,324.95387721920446,0.05,ERA5
6d31234a-2cb8-570d-a79e-1bf42da284cf,2024-01-16T09:03:00+00:00,21.55683,72.97909,2024-01-16T09:00:00+00:00,21.5,73.0,6.679103681813002,1.334503173828125,-1.1526336669921875,1.7633669757714063,310.8177445769224,0.05,ERA5
8cc42c58-800b-52d1-a63e-4b6575f0b6f0,2024-01-16T09:03:00+00:00,21.39331,72.84312,2024-01-16T09:00:00+00:00,21.5,72.75,15.284682763833013,1.650909423828125,-1.5227508544921875,2.2459457007107715,312.68754151201,0.05,ERA5
2b11839c-2e0a-5a1c-960b-2112f95b4ba9,2024-01-17T07:53:00+00:00,22.0792083333333,72.56371,2024-01-17T08:00:00+00:00,22.0,72.5,10.986023914240395,-0.24676513671875,-2.087615966796875,2.1021497229086883,6.741325184299967,0.11666666666666667,ERA5
4ecb7975-06ae-5006-98d6-5c3e9972130c,2024-01-17T07:53:00+00:00,22.0807775,72.5570475,2024-01-17T08:00:00+00:00,22.0,72.5,10.735427375142818,-0.24676513671875,-2.087615966796875,2.1021497229086883,6.741325184299967,0.11666666666666667,ERA5
a370c6a5-954e-5f28-97e3-34fece95d6f6,2024-01-17T08:44:00+00:00,21.957355,72.78007,2024-01-17T09:00:00+00:00,22.0,72.75,5.6656487081431175,0.5167388916015625,-1.9123687744140625,1.9809526525001941,344.87927441958516,0.26666666666666666,ERA5
326e37c2-6160-5112-a92d-5798920e640b,2024-01-17T20:22:00+00:00,21.36456,72.88257,2024-01-17T20:00:00+00:00,21.25,73.0,17.614140211543834,-1.0605316162109375,-1.7207183837890625,2.0212864876836796,31.646804129721204,0.36666666666666664,ERA5
1b9e4a51-0eea-54ad-9426-b1ff9f9a2e7e,2024-01-18T07:35:00+00:00,21.83424,72.6610966666667,2024-01-18T08:00:00+00:00,21.75,72.75,13.114819244265611,-1.1128082275390625,-2.5936737060546875,2.822319160682946,23.221612300236075,0.4166666666666667,ERA5
90674ca5-5552-5cb1-a32b-0a1b31a02d0b,2024-01-18T08:25:00+00:00,21.586,72.8497,2024-01-18T08:00:00+00:00,21.5,72.75,14.063328124693943,0.3129730224609375,-2.2450408935546875,2.2667511390801516,352.0637504595492,0.4166666666666667,ERA5
9ed563ff-5137-5df7-b71b-ba171050ccb2,2024-01-18T08:25:00+00:00,21.52796,72.92593,2024-01-18T08:00:00+00:00,21.5,73.0,8.269095976436162,-0.4995269775390625,-2.1571502685546875,2.214232255752515,13.038061374091,0.4166666666666667,ERA5
feba4939-a8c3-5edb-8a5d-996f79542830,2024-01-18T08:25:00+00:00,21.76845,72.83147,2024-01-18T08:00:00+00:00,21.75,72.75,8.660102425114067,-1.1128082275390625,-2.5936737060546875,2.822319160682946,23.221612300236075,0.4166666666666667,ERA5
a470f54c-c0e5-5c63-a277-c313437ac44e,2024-01-18T09:15:00+00:00,21.499905,72.862285,2024-01-18T09:00:00+00:00,21.5,72.75,11.61675767576473,0.670867919921875,-2.122955322265625,2.226432811992369,342.4631193566007,0.25,ERA5
69d8ba50-9727-53ea-9588-a51640940c46,2024-01-18T20:03:00+00:00,21.57059,72.8031,2024-01-18T20:00:00+00:00,21.5,72.75,9.57996621688338,-1.393463134765625,-3.5079193115234375,3.774551285134421,21.66463474418788,0.05,ERA5
44b2d618-5eac-5939-893e-cc9dfbda9693,2024-01-18T20:54:00+00:00,21.36007,72.97678,2024-01-18T21:00:00+00:00,21.25,73.0,12.47337333694659,-0.9517669677734375,-2.773895263671875,2.9326362363521845,18.93789846857692,0.1,ERA5
41f78eec-4ec7-5fb8-afd4-e121e5c9e3c0,2024-01-19T08:06:00+00:00,21.613845,72.858365,2024-01-19T08:00:00+00:00,21.5,72.75,16.906870953342445,-0.418853759765625,-2.32159423828125,2.359075725637161,10.227083299061064,0.1,ERA5
a7f69458-52ef-54e1-b322-7a390c53fac7,2024-01-20T07:48:00+00:00,21.56121,72.88452,2024-01-20T08:00:00+00:00,21.5,73.0,13.747825060557041,0.243988037109375,-3.319549560546875,3.3285040854983845,355.79629946339065,0.2,ERA5
c3c467f4-9e64-591e-94e8-e469f3f2082f,2024-01-20T07:48:00+00:00,21.5418,72.88467,2024-01-20T08:00:00+00:00,21.5,73.0,12.803507451558668,0.243988037109375,-3.319549560546875,3.3285040854983845,355.79629946339065,0.2,ERA5
e7e0ea2b-2036-5eb9-8bd2-d9107e3e8ebe,2024-01-20T07:48:00+00:00,21.75376,72.66688,2024-01-20T08:00:00+00:00,21.75,72.75,8.594605810076272,-0.175933837890625,-4.252166748046875,4.255804832051214,2.3692674228108217,0.2,ERA5
c9d3736b-d0ae-5aeb-aa5b-3a75b8a39e6a,2024-01-20T20:16:00+00:00,21.62428,72.974655,2024-01-20T20:00:00+00:00,21.5,73.0,14.065664377532842,-1.401763916015625,-2.5867919921875,2.9421819942159995,28.45294436020157,0.26666666666666666,ERA5
0ab0373d-eb11-50ee-ac25-f6cd54e935c5,2024-01-21T08:18:00+00:00,21.54749,72.97079,2024-01-21T08:00:00+00:00,21.5,73.0,6.083973407086104,-2.4147186279296875,-2.739990234375,3.652179149020623,41.389318281066494,0.3,ERA5
4c275ce5-bbd0-56bd-bcdc-c7948e742965,2024-01-21T08:18:00+00:00,21.40588,72.9542,2024-01-21T08:00:00+00:00,21.5,73.0,11.488984704431328,-2.4147186279296875,-2.739990234375,3.652179149020623,41.389318281066494,0.3,ERA5
5bc3a6cf-2967-5ef1-8d2c-1b90c8167d93,2024-01-21T08:18:00+00:00,21.510805,72.937555,2024-01-21T08:00:00+00:00,21.5,73.0,6.570950772120855,-2.4147186279296875,-2.739990234375,3.652179149020623,41.389318281066494,0.3,ERA5
edaeac9a-f09d-582e-a5cc-9b393351d5a2,2024-01-21T08:18:00+00:00,21.38654,72.91978,2024-01-21T08:00:00+00:00,21.5,73.0,15.103020060537892,-2.4147186279296875,-2.739990234375,3.652179149020623,41.389318281066494,0.3,ERA5
0b61a912-008c-5b36-bf66-a15cea9f73cd,2024-01-21T08:19:00+00:00,21.72563,72.69254,2024-01-21T08:00:00+00:00,21.75,72.75,6.524283607180883,-3.0387420654296875,-3.172607421875,4.393107236745789,43.76536768818488,0.31666666666666665,ERA5
3f27abc0-c97f-5565-a81b-a6aa70ec9020,2024-01-21T08:19:00+00:00,21.91937,72.69223,2024-01-21T08:00:00+00:00,22.0,72.75,10.764602326352557,-2.9440155029296875,-2.958740234375,4.173891596100667,44.85707299203125,0.31666666666666665,ERA5
5480d6ce-9872-5dd3-b3c6-0621bffb3d83,2024-01-21T08:19:00+00:00,21.73132,72.7294666666667,2024-01-21T08:00:00+00:00,21.75,72.75,2.968537931405019,-3.0387420654296875,-3.172607421875,4.393107236745789,43.76536768818488,0.31666666666666665,ERA5
900c1ce6-8f7f-5b4d-be00-7f12736f19c4,2024-01-21T08:19:00+00:00,21.91404,72.72354,2024-01-21T08:00:00+00:00,22.0,72.75,9.940209529296599,-2.9440155029296875,-2.958740234375,4.173891596100667,44.85707299203125,0.31666666666666665,ERA5
132e2d91-b9d2-576e-9bac-34b3132d29be,2024-01-21T09:09:00+00:00,22.0749,72.84606,2024-01-21T09:00:00+00:00,22.0,72.75,12.938063595411304,-2.545806884765625,-3.406768798828125,4.252905635349658,36.76999121489263,0.15,ERA5
e104a6bd-9153-5b76-87d3-ee0fa427ff5b,2024-01-21T09:09:00+00:00,21.40254,72.84692,2024-01-21T09:00:00+00:00,21.5,72.75,14.766592399696277,-1.459869384765625,-3.624542236328125,3.9074960068440827,21.938267164515196,0.15,ERA5
7f5fc781-613b-5797-89fc-00a6f92cb5d4,2024-01-21T19:58:00+00:00,21.4333216666667,72.9761983333333,2024-01-21T20:00:00+00:00,21.5,73.0,7.812697827177706,-1.668060302734375,-2.6444244384765625,3.12656453385667,32.24306820019967,0.03333333333333333,ERA5
fcb50881-e430-51b3-af97-76dfcbe75262,2024-01-21T21:38:00+00:00,21.38317,72.96261,2024-01-21T22:00:00+00:00,21.5,73.0,13.555042842502095,-1.5638885498046875,-2.0726470947265625,2.596461703066053,37.03589772967564,0.36666666666666664,ERA5
411e4c47-bfce-57c6-963b-6549eec1d07b,2024-01-22T08:00:00+00:00,22.01656,72.72473,2024-01-22T08:00:00+00:00,22.0,72.75,3.190212055971286,-1.3445587158203125,-2.826812744140625,3.1302888733668364,25.437852724335414,0.0,ERA5
bdca5aee-9f78-5d65-a1d6-d05b1ee95125,2024-01-22T08:00:00+00:00,21.50405,72.951795,2024-01-22T08:00:00+00:00,21.5,73.0,5.007401310725023,-0.6902618408203125,-2.516265869140625,2.6092250445476473,15.340018604869613,0.0,ERA5
c88ca87a-b1f0-5177-a7ff-a823ec7bbc03,2024-01-22T08:00:00+00:00,21.55794,72.82626,2024-01-22T08:00:00+00:00,21.5,72.75,10.184785136056965,-0.0818634033203125,-3.262359619140625,3.263386569409537,1.4374391378054838,0.0,ERA5
c6b5d5d9-2243-55c5-a8d6-5f5bec8518e1,2024-01-22T20:28:00+00:00,21.6258,72.97581,2024-01-22T20:00:00+00:00,21.75,73.0,14.034756727678115,-1.2154998779296875,-1.8338470458984375,2.2000988480060415,33.53698289400842,0.4666666666666667,ERA5
1413abfa-96a0-52ef-856f-c98b2b408e90,2024-01-22T20:29:00+00:00,21.37349,72.94034,2024-01-22T20:00:00+00:00,21.25,73.0,15.05816750452329,-1.1901092529296875,-2.5506439208984375,2.8146304278048677,25.01336567862245,0.48333333333333334,ERA5
a5f95628-a66a-5017-883a-99d068097328,2024-01-23T07:41:00+00:00,21.84772,72.61186,2024-01-23T08:00:00+00:00,21.75,72.5,15.857017823096308,-1.254364013671875,-4.3128509521484375,4.491560131429023,16.216720787716724,0.31666666666666665,ERA5
578782af-61f1-5ab5-a359-c93970f49df8,2024-01-23T08:31:00+00:00,21.46144,72.78026,2024-01-23T09:00:00+00:00,21.5,72.75,5.309200701386436,-0.423919677734375,-3.8364105224609375,3.8597608203125,6.305547973083378,0.48333333333333334,ERA5
f62a4fc9-0e68-50ca-94c7-4e5408df12ca,2024-01-23T08:31:00+00:00,21.52611,72.96368,2024-01-23T09:00:00+00:00,21.5,73.0,4.748268232462543,-1.514739990234375,-3.5278167724609375,3.839261441745266,23.23725209160557,0.48333333333333334,ERA5
fe174f17-d863-59a3-b9e4-458d97921f28,2024-01-23T08:31:00+00:00,21.5186,72.85456,2024-01-23T09:00:00+00:00,21.5,72.75,11.012798190388988,-0.423919677734375,-3.8364105224609375,3.8597608203125,6.305547973083378,0.48333333333333334,ERA5
39cc8859-2b1e-52d3-8440-f529ab565ce5,2024-01-23T08:32:00+00:00,21.5916,72.78716,2024-01-23T09:00:00+00:00,21.5,72.75,10.886426023995828,-0.423919677734375,-3.8364105224609375,3.8597608203125,6.305547973083378,0.4666666666666667,ERA5
ce31cf8e-9bee-5dde-9ea6-1d9051b4e73f,2024-01-23T08:32:00+00:00,21.7361133333333,72.6445033333333,2024-01-23T09:00:00+00:00,21.75,72.75,11.004975231876449,-1.764739990234375,-4.1860198974609375,4.542804179696864,22.85928867298867,0.4666666666666667,ERA5
ee91eeb5-7dbc-5286-a58c-4f49b8e2923d,2024-01-23T21:00:00+00:00,21.62501,72.97326,2024-01-23T21:00:00+00:00,21.75,73.0,14.170213561178134,-1.380615234375,-1.6233367919921875,2.131037485738771,40.38049417951606,0.0,ERA5
5de43afc-e44a-523f-8c52-164df3243b5b,2024-01-24T07:22:00+00:00,21.3901116666667,72.9146566666667,2024-01-24T07:00:00+00:00,21.5,73.0,15.077205993087551,-2.487457275390625,-2.09735107421875,3.2536633546543037,49.86339465216588,0.36666666666666664,ERA5
1ed253c2-f1e5-52af-9849-49d2bac1e6cc,2024-01-24T08:13:00+00:00,21.51085,72.89134,2024-01-24T08:00:00+00:00,21.5,73.0,11.305851713705103,-2.1012420654296875,-2.17034912109375,3.0208663533767317,44.07313292580841,0.21666666666666667,ERA5
2570e54d-7593-50fc-990f-fd15c08a3d2d,2024-01-24T08:13:00+00:00,21.7722133333333,72.8408433333333,2024-01-24T08:00:00+00:00,21.75,72.75,9.701186130862226,-2.0524139404296875,-2.75335693359375,3.4341487135298747,36.701671202932744,0.21666666666666667,ERA5
2df43400-fb17-5e88-bf24-31abec928fe5,2024-01-24T08:13:00+00:00,21.52388,72.92893,2024-01-24T08:00:00+00:00,21.5,73.0,7.816949793446566,-2.1012420654296875,-2.17034912109375,3.0208663533767317,44.07313292580841,0.21666666666666667,ERA5
473636db-99ae-560b-8cab-70e8171cae0d,2024-01-24T08:13:00+00:00,21.50904,72.81541,2024-01-24T08:00:00+00:00,21.5,72.75,6.841210471061995,-1.3893280029296875,-2.43109130859375,2.8000780793479074,29.74724365496479,0.21666666666666667,ERA5
5e612c8c-37ab-59d9-9ae6-d8aa26987490,2024-01-24T08:13:00+00:00,21.59061,72.84444,2024-01-24T08:00:00+00:00,21.5,72.75,14.032717252258887,-1.3893280029296875,-2.43109130859375,2.8000780793479074,29.74724365496479,0.21666666666666667,ERA5
67b68069-8621-5e56-90e6-47918bf27485,2024-01-24T08:13:00+00:00,21.89603,72.9191766666667,2024-01-24T08:00:00+00:00,22.0,73.0,14.25273870922234,-1.7037811279296875,-2.17425537109375,2.7622919017763814,38.08281460978486,0.21666666666666667,ERA5
78ada79f-90c9-54da-a6ab-469f0cd2dc82,2024-01-24T08:13:00+00:00,21.72208,72.74766,2024-01-24T08:00:00+00:00,21.75,72.75,3.1139563928569984,-2.0524139404296875,-2.75335693359375,3.4341487135298747,36.701671202932744,0.21666666666666667,ERA5
924da89a-1213-591b-a3fb-9b72053f7513,2024-01-24T08:13:00+00:00,22.00536,72.93995,2024-01-24T08:00:00+00:00,22.0,73.0,6.21954903252132,-1.7037811279296875,-2.17425537109375,2.7622919017763814,38.08281460978486,0.21666666666666667,ERA5
a05b9ec3-f2f7-55ff-9f25-807560e70f38,2024-01-24T08:13:00+00:00,21.401115,72.733705,2024-01-24T08:00:00+00:00,21.5,72.75,11.124083991028806,-1.3893280029296875,-2.43109130859375,2.8000780793479074,29.74724365496479,0.21666666666666667,ERA5
af37b52d-1af8-50fb-b6f5-69b9a8c95103,2024-01-24T08:13:00+00:00,21.989495,72.88513,2024-01-24T08:00:00+00:00,22.0,73.0,11.900787078223646,-1.7037811279296875,-2.17425537109375,2.7622919017763814,38.08281460978486,0.21666666666666667,ERA5
bed31c1b-fe69-5794-a7a0-ad0bf113a47d,2024-01-24T08:13:00+00:00,21.54681,72.96055,2024-01-24T08:00:00+00:00,21.5,73.0,6.61399282068334,-2.1012420654296875,-2.17034912109375,3.0208663533767317,44.07313292580841,0.21666666666666667,ERA5
cd08df84-956f-57bf-b9f1-c0e0fb4a22ff,2024-01-24T08:13:00+00:00,21.48444,72.83607,2024-01-24T08:00:00+00:00,21.5,72.75,9.071606433892253,-1.3893280029296875,-2.43109130859375,2.8000780793479074,29.74724365496479,0.21666666666666667,ERA5
dfb25b8c-b1a0-5ff9-b708-e193c17e24a3,2024-01-24T08:13:00+00:00,21.837405,72.845385,2024-01-24T08:00:00+00:00,21.75,72.75,13.836436476990166,-2.0524139404296875,-2.75335693359375,3.4341487135298747,36.701671202932744,0.21666666666666667,ERA5
f8f35f31-d818-53a0-bb89-69bbd6a498fe,2024-01-24T08:13:00+00:00,22.00456,72.8923,2024-01-24T08:00:00+00:00,22.0,73.0,11.115062334893,-1.7037811279296875,-2.17425537109375,2.7622919017763814,38.08281460978486,0.21666666666666667,ERA5
fc8c42c0-842e-5c3d-8592-869f2f4c25b4,2024-01-24T08:13:00+00:00,21.59583,72.91954,2024-01-24T08:00:00+00:00,21.5,73.0,13.520096034854118,-2.1012420654296875,-2.17034912109375,3.0208663533767317,44.07313292580841,0.21666666666666667,ERA5
fdf0ac56-68db-515f-b7a1-53c11ed79674,2024-01-24T08:13:00+00:00,21.7448,72.63083,2024-01-24T08:00:00+00:00,21.75,72.75,12.321544619156363,-2.0524139404296875,-2.75335693359375,3.4341487135298747,36.701671202932744,0.21666666666666667,ERA5
0a23dc0a-dfd1-56b5-8694-37f9443a41d1,2024-01-24T09:03:00+00:00,21.72863,72.64423,2024-01-24T09:00:00+00:00,21.75,72.75,11.180065914852237,-1.740814208984375,-2.868865966796875,3.3557154297775704,31.249176808304867,0.05,ERA5
46d9b026-fc67-5ee6-9df7-b902f1bef051,2024-01-24T09:03:00+00:00,21.88794,72.78264,2024-01-24T09:00:00+00:00,22.0,72.75,12.907251282657967,-1.435150146484375,-2.791717529296875,3.1390034575223984,27.206529828711894,0.05,ERA5
f9c42c5a-8339-56e5-a85f-23f493e4cae2,2024-01-24T09:03:00+00:00,21.98535,72.76126,2024-01-24T09:00:00+00:00,22.0,72.75,2.0003631702990665,-1.435150146484375,-2.791717529296875,3.1390034575223984,27.206529828711894,0.05,ERA5
c62a0eb4-93c3-5aec-88e5-1303bf441c46,2024-01-24T19:51:00+00:00,21.71421,72.6819266666667,2024-01-24T20:00:00+00:00,21.75,72.75,8.079513838586427,-1.998504638671875,-2.4046173095703125,3.1266923731442096,39.73035360742847,0.15,ERA5
e66f7f75-58d5-5f12-8291-d5196aaabbf7,2024-01-24T20:42:00+00:00,21.43618,72.96307,2024-01-24T21:00:00+00:00,21.5,73.0,8.060015145820769,-1.5121002197265625,-2.0248260498046875,2.527126353482305,36.75165119568999,0.3,ERA5
42a84aa3-5b0e-5d1b-b118-af0168517753,2024-01-25T07:54:00+00:00,21.62587,72.81588,2024-01-25T08:00:00+00:00,21.75,72.75,15.389835830590414,-3.1897735595703125,0.2499847412109375,3.199554302113368,94.4811501535585,0.1,ERA5
697520f5-b194-51d2-bb7f-23cfca205315,2024-01-25T07:54:00+00:00,21.801365,72.692495,2024-01-25T08:00:00+00:00,21.75,72.75,8.239009589312642,-3.1897735595703125,0.2499847412109375,3.199554302113368,94.4811501535585,0.1,ERA5
7e89ee61-a275-55e9-9136-0eb3aa0640ee,2024-01-25T07:54:00+00:00,21.48772,72.8577666666667,2024-01-25T08:00:00+00:00,21.5,72.75,11.233064510683684,-2.4544219970703125,-0.2148590087890625,2.4638083800004495,84.99710630968059,0.1,ERA5
39ad8a65-30a6-5afe-8a88-0eb451b6ee44,2024-01-25T08:44:00+00:00,21.51581,72.85929,2024-01-25T09:00:00+00:00,21.5,72.75,11.442135757188222,-1.7120819091796875,-0.2113189697265625,1.7250739609380983,82.96367994853495,0.26666666666666666,ERA5
85ac644d-03be-5bfa-9acd-a97da9c0e10f,2024-01-25T08:44:00+00:00,21.5059,72.84784,2024-01-25T09:00:00+00:00,21.5,72.75,10.14333540107265,-1.7120819091796875,-0.2113189697265625,1.7250739609380983,82.96367994853495,0.26666666666666666,ERA5
bd54ed62-3e5a-56ad-8031-f275b84fe44c,2024-01-25T08:44:00+00:00,22.02715,72.75275,2024-01-25T09:00:00+00:00,22.0,72.75,3.032223687383999,-2.4718475341796875,0.1959075927734375,2.4795987613193557,94.53153517297744,0.26666666666666666,ERA5
e81823b3-e950-59a7-aeb3-752d947c400e,2024-01-25T08:44:00+00:00,21.47573,72.77173,2024-01-25T09:00:00+00:00,21.5,72.75,3.512541152780405,-1.7120819091796875,-0.2113189697265625,1.7250739609380983,82.96367994853495,0.26666666666666666,ERA5
f0c5d22b-722c-5e1c-87c6-66066434e239,2024-01-25T08:44:00+00:00,21.40014,72.78902,2024-01-25T09:00:00+00:00,21.5,72.75,11.815458237112825,-1.7120819091796875,-0.2113189697265625,1.7250739609380983,82.96367994853495,0.26666666666666666,ERA5
fdcc5942-896a-52b2-bace-cfa5e448ce76,2024-01-25T08:44:00+00:00,21.69671,72.75257,2024-01-25T09:00:00+00:00,21.75,72.75,5.931521548948953,-2.7989959716796875,0.2584075927734375,2.810898954690844,95.27468214396555,0.26666666666666666,ERA5
c3769061-cdf0-5e5c-844d-a5aef215ecf9,2024-01-25T20:23:00+00:00,21.37907,72.80692,2024-01-25T20:00:00+00:00,21.5,72.75,14.680715082494686,-2.183746337890625,-2.2071533203125,3.1048790391281282,44.69457088414458,0.38333333333333336,ERA5
ff77b5a8-576b-5dd4-923f-285ed2b792c9,2024-01-25T20:23:00+00:00,21.73191,72.692315,2024-01-25T20:00:00+00:00,21.75,72.75,6.288416970794161,-1.886871337890625,-1.9932861328125,2.7447172992889026,43.42903523632748,0.38333333333333336,ERA5
9e47bdba-3929-5841-afe6-62dec7416e7a,2024-01-25T21:12:00+00:00,21.796425,72.621235,2024-01-25T21:00:00+00:00,21.75,72.5,13.54155631551026,-2.5430450439453125,-2.8750457763671875,3.838354636005071,41.49350911225963,0.2,ERA5
cc9cde4b-b7d6-5a7a-bdfc-f5e4cdb02d5a,2024-01-25T21:13:00+00:00,21.36184,72.80671,2024-01-25T21:00:00+00:00,21.25,72.75,13.753883988983565,-2.6338653564453125,-2.3643035888671875,3.5393753935140952,48.08709114822818,0.21666666666666667,ERA5
0b3763b5-848a-5dcb-8635-c414e44886e3,2024-01-26T07:35:00+00:00,21.8088166666667,72.7067666666667,2024-01-26T08:00:00+00:00,21.75,72.75,7.918457775670851,-1.63922119140625,-1.9842987060546875,2.5738079705381347,39.55997539126179,0.4166666666666667,ERA5
9bac0fa6-ca54-517a-8390-3727f9150227,2024-01-26T07:35:00+00:00,21.78463,72.73172,2024-01-26T08:00:00+00:00,21.75,72.75,4.2884951467258166,-1.63922119140625,-1.9842987060546875,2.5738079705381347,39.55997539126179,0.4166666666666667,ERA5
39a590e8-483d-5ead-9fd2-c2d313d39e69,2024-01-26T08:25:00+00:00,21.71281,72.6722075,2024-01-26T08:00:00+00:00,21.75,72.75,9.037040933632094,-1.63922119140625,-1.9842987060546875,2.5738079705381347,39.55997539126179,0.4166666666666667,ERA5
76657d91-edf5-5ef8-b1ce-f76c29a0866d,2024-01-26T08:25:00+00:00,21.99374,72.53866,2024-01-26T08:00:00+00:00,22.0,72.5,4.046186371850099,-1.75250244140625,-2.6141815185546875,3.1472543302198757,33.83722185086151,0.4166666666666667,ERA5
3bca04ed-3e80-551a-956f-39738abe494a,2024-01-26T09:16:00+00:00,21.47571,72.77327,2024-01-26T09:00:00+00:00,21.5,72.75,3.6182634683562815,0.0871124267578125,-2.6370849609375,2.638523387445783,358.10800176344924,0.26666666666666666,ERA5
cb84595f-3701-54bd-a3c3-8b89919a047b,2024-01-26T09:16:00+00:00,21.5015633333333,72.84454,2024-01-26T09:00:00+00:00,21.5,72.75,9.782384154386982,0.0871124267578125,-2.6370849609375,2.638523387445783,358.10800176344924,0.26666666666666666,ERA5
0159e625-6c7c-5fcb-a534-4c395ac3c05b,2024-01-26T20:54:00+00:00,21.68529,72.62308,2024-01-26T21:00:00+00:00,21.75,72.5,14.609271714059863,-1.857666015625,-2.811187744140625,3.3695251235766914,33.45719833446731,0.1,ERA5
cd69eadd-e8f7-5ce7-b2a7-ae575c57be64,2024-01-26T20:54:00+00:00,21.43237,72.97579,2024-01-26T21:00:00+00:00,21.5,73.0,7.926448780640307,-1.616455078125,-1.208648681640625,2.018355433323804,53.2139615245577,0.1,ERA5
2544937f-58fa-5062-92cf-ff3265c548ee,2024-01-27T08:06:00+00:00,21.7401133333333,72.67387,2024-01-27T08:00:00+00:00,21.75,72.75,7.939374369623385,-1.613677978515625,0.2799530029296875,1.6377821290378105,99.84214073466467,0.1,ERA5
2dbad4cc-e57d-5bec-858e-391877e4bc51,2024-01-27T08:06:00+00:00,21.56932,72.89265,2024-01-27T08:00:00+00:00,21.5,73.0,13.516740333323881,-1.951568603515625,0.7789764404296875,2.1012911052427823,111.75961155539,0.1,ERA5
0c25d74c-4ef1-5be6-832d-4909a831b7a2,2024-01-27T08:57:00+00:00,21.59068,72.88918,2024-01-27T09:00:00+00:00,21.5,73.0,15.265595559354946,-1.1500396728515625,0.6021728515625,1.2981538399941055,117.63702668458365,0.05,ERA5
345ac54e-b329-55ab-853d-27af290c8775,2024-01-27T08:57:00+00:00,22.03814,72.59626,2024-01-27T09:00:00+00:00,22.0,72.5,10.79118344823626,-0.9869537353515625,-0.7327880859375,1.2292502001693337,53.407051514291425,0.05,ERA5
3a845285-4643-5d15-8bed-8ce91f3a76ad,2024-01-27T08:57:00+00:00,21.46382,72.88907,2024-01-27T09:00:00+00:00,21.5,73.0,12.162608806136902,-1.1500396728515625,0.6021728515625,1.2981538399941055,117.63702668458365,0.05,ERA5
6544c6a3-38f0-5caf-93e8-7c68b1655086,2024-01-27T08:57:00+00:00,21.35619,72.65852,2024-01-27T09:00:00+00:00,21.25,72.75,15.140629490799821,1.3538665771484375,-0.8529052734375,1.6001256557461738,302.2099985390552,0.05,ERA5
ba442468-cf50-5a2a-8323-d8ca03b2fa07,2024-01-27T08:57:00+00:00,21.46967,72.78584,2024-01-27T09:00:00+00:00,21.5,72.75,5.0125452202129415,0.5579681396484375,-0.3275146484375,0.6469886318969426,300.4119679594741,0.05,ERA5
f1ca944a-8317-55ab-b69e-a1bee2f707fd,2024-01-27T20:35:00+00:00,21.37613,72.76101,2024-01-27T21:00:00+00:00,21.5,72.75,13.820775032446488,-1.720184326171875,-2.5759735107421875,3.0975270207139145,33.734217969330416,0.4166666666666667,ERA5
1bc40b53-adcd-5534-a259-7c171e291a97,2024-01-27T21:25:00+00:00,21.53713,72.765245,2024-01-27T21:00:00+00:00,21.5,72.75,4.419599681534542,-1.720184326171875,-2.5759735107421875,3.0975270207139145,33.734217969330416,0.4166666666666667,ERA5
380b0aef-cd70-5130-bb57-a968a15e6454,2024-01-28T07:47:00+00:00,21.968865,72.814085,2024-01-28T08:00:00+00:00,22.0,72.75,7.459787685976044,1.2690582275390625,-0.5611724853515625,1.3875962464637315,293.854823095715,0.21666666666666667,ERA5
88b98157-d10f-587d-8a3f-76c70f026c44,2024-01-28T07:47:00+00:00,21.5701,72.94836,2024-01-28T08:00:00+00:00,21.5,73.0,9.449205726257723,1.4956207275390625,-0.0269927978515625,1.4958642892255734,271.03395565372483,0.21666666666666667,ERA5
9f25eb37-cfa0-59cf-962e-f54f7d7b60da,2024-01-28T08:38:00+00:00,21.75922,72.73632,2024-01-28T09:00:00+00:00,21.75,72.75,1.7455952620971293,1.7979736328125,-0.326629638671875,1.8274014625002077,280.2963738255427,0.36666666666666664,ERA5
b06051f5-7b29-57a2-a85f-1eed2d83df1e,2024-01-28T08:38:00+00:00,21.70826,72.57908,2024-01-28T09:00:00+00:00,21.75,72.5,9.394974532520148,1.0489501953125,-0.727020263671875,1.2762660287086132,304.7255671866076,0.36666666666666664,ERA5
d74185ed-3767-59f7-bf72-6af1c11713f1,2024-01-28T08:38:00+00:00,22.04921,72.85817,2024-01-28T09:00:00+00:00,22.0,72.75,12.420484436271144,1.6466064453125,-0.505340576171875,1.7224058417429935,287.0611564274348,0.36666666666666664,ERA5
f9d3f293-473c-53cf-a90f-556cb63c46fa,2024-01-28T08:38:00+00:00,21.8377,72.644925,2024-01-28T09:00:00+00:00,21.75,72.75,14.587394603616767,1.7979736328125,-0.326629638671875,1.8274014625002077,280.2963738255427,0.36666666666666664,ERA5
32e021dd-4d23-5f50-b82b-eb286330e778,2024-01-28T20:16:00+00:00,21.394595,72.756185,2024-01-28T20:00:00+00:00,21.5,72.75,11.737968294288773,1.8292694091796875,-1.1936187744140625,2.1842509814566484,303.12489814396577,0.26666666666666666,ERA5
4fbdffc5-ee3a-593b-a7e7-f7fbabd4fac4,2024-01-28T20:16:00+00:00,21.36052,72.84373,2024-01-28T20:00:00+00:00,21.25,72.75,15.662388154021158,1.6427459716796875,-0.4358062744140625,1.6995709565324144,284.8578229834212,0.26666666666666666,ERA5
ce91f0ed-1cf7-5219-a784-24b8aa23ff3d,2024-01-29T07:29:00+00:00,21.93445,72.72021,2024-01-29T07:00:00+00:00,22.0,72.75,7.909753847806512,0.27392578125,-2.4995880126953125,2.514552756822478,353.7460051314398,0.48333333333333334,ERA5
0ba7f9cb-34ca-557f-a9c0-7199bcf10024,2024-01-29T08:19:00+00:00,21.64881,72.93393,2024-01-29T08:00:00+00:00,21.75,73.0,13.160475711227633,0.662811279296875,-1.8667755126953125,1.9809516921828272,340.452249208762,0.31666666666666665,ERA5
6e285895-4879-528a-b0ec-0f5e24783adb,2024-01-29T08:19:00+00:00,21.90974,72.536845,2024-01-29T08:00:00+00:00,22.0,72.5,10.731697537651776,0.578826904296875,-2.6636505126953125,2.7258163252354155,347.73990023598566,0.31666666666666665,ERA5
902df5ed-61a1-54ef-a262-f60e96548d91,2024-01-29T08:19:00+00:00,21.95946,72.51163,2024-01-29T08:00:00+00:00,22.0,72.5,4.664625325659365,0.578826904296875,-2.6636505126953125,2.7258163252354155,347.73990023598566,0.31666666666666665,ERA5
131171a8-1f09-5c8b-85a3-7f8be6593757,2024-01-29T09:09:00+00:00,21.56267,72.88549,2024-01-29T09:00:00+00:00,21.5,73.0,13.742296409887697,1.339324951171875,-1.7153472900390625,2.176282989474462,322.0176598434246,0.15,ERA5
1373db8c-a55c-5cc8-9ce3-185d791dedca,2024-01-30T08:00:00+00:00,22.05763,72.54304,2024-01-30T08:00:00+00:00,22.0,72.5,7.794008859973377,-0.2568206787109375,-1.4803924560546875,1.5025041380832123,9.841804520717119,0.0,ERA5
6bc4edc3-21cb-54a8-ae1d-9c740e1e2588,2024-01-30T08:00:00+00:00,21.545245,72.95786,2024-01-30T08:00:00+00:00,21.5,73.0,6.656744263516648,0.6015777587890625,-1.7020721435546875,1.8052549353857257,340.5346328972182,0.0,ERA5
0db879cf-538c-5c3f-b686-90e0216b4443,2024-01-30T08:50:00+00:00,21.68241,72.64807,2024-01-30T09:00:00+00:00,21.75,72.75,12.93675655240134,0.4081268310546875,-1.3552093505859375,1.4153303127334975,343.24011068352496,0.16666666666666666,ERA5
78f3baf8-11b9-584b-9067-6794060cbb78,2024-01-30T08:50:00+00:00,21.76193,72.60621,2024-01-30T09:00:00+00:00,21.75,72.5,11.048722090421633,0.1708221435546875,-1.2438812255859375,1.2555559358681685,352.18048620211476,0.16666666666666666,ERA5
ba92ab16-2a98-5d5b-98ec-fd6420b47336,2024-01-30T08:50:00+00:00,21.68637,72.66326,2024-01-30T09:00:00+00:00,21.75,72.75,11.41704950474907,0.4081268310546875,-1.3552093505859375,1.4153303127334975,343.24011068352496,0.16666666666666666,ERA5
ae5f3d1c-3c56-54fb-85f2-15ca970fe102,2024-01-31T08:31:00+00:00,21.54614,72.94127,2024-01-31T09:00:00+00:00,21.5,73.0,7.9516855803376565,1.37518310546875,-1.513916015625,2.0452555527201364,317.7491992162564,0.48333333333333334,ERA5
c6e09854-b337-586d-aca8-de89a95bbeef,2024-01-31T08:31:00+00:00,21.37311,72.887,2024-01-31T09:00:00+00:00,21.25,73.0,18.011667734891386,1.47283935546875,-1.856689453125,2.369926474041592,321.5764032189704,0.48333333333333334,ERA5
31110339-d143-5917-ac09-b378690ddac8,2024-02-01T08:12:00+00:00,21.72589,72.99039,2024-02-01T08:00:00+00:00,21.75,73.0,2.858761757310538,1.4086761474609375,-0.9357147216796875,1.6911329128112562,303.59414522138536,0.2,ERA5
6dd0dc2b-7c38-5178-a2fa-6541d82ee7e5,2024-02-01T08:12:00+00:00,21.89939,72.89781,2024-02-01T08:00:00+00:00,22.0,73.0,15.369893988294193,1.4418792724609375,-0.8214569091796875,1.659459939254795,299.67071352483293,0.2,ERA5
7bfda2cc-81ff-5d50-834f-7f3b9bea5432,2024-02-01T08:12:00+00:00,21.772835,72.841935,2024-02-01T08:00:00+00:00,21.75,72.75,9.827862487303934,1.5883636474609375,-1.1027069091796875,1.9336136129351265,304.7699602947503,0.2,ERA5
cf6136b4-7a76-58e0-80f1-27a3cc8c89bb,2024-02-01T08:12:00+00:00,21.64374,72.98531,2024-02-01T08:00:00+00:00,21.75,73.0,11.912651251080542,1.4086761474609375,-0.9357147216796875,1.6911329128112562,303.59414522138536,0.2,ERA5
db2a831a-e27f-5fc7-8b03-e1a9b1c72728,2024-02-01T08:12:00+00:00,21.51508,72.73641,2024-02-01T08:00:00+00:00,21.5,72.75,2.188224716212221,1.6616058349609375,-0.2081756591796875,1.6745957887953533,277.14114044513803,0.2,ERA5
a42ef150-fd1f-5d7f-a601-7db8d97d2bce,2024-02-01T09:03:00+00:00,21.352425,72.832025,2024-02-01T09:00:00+00:00,21.25,72.75,14.209954557570908,2.2337188720703125,0.02947998046875,2.2339133977599728,269.24387064788317,0.05,ERA5
626a1476-345a-58d2-a11b-c7cebc655281,2024-02-01T20:41:00+00:00,21.433,72.97549,2024-02-01T21:00:00+00:00,21.5,73.0,7.869966638189995,1.2496337890625,-1.37835693359375,1.8604979019479344,317.8041967817977,0.31666666666666665,ERA5
46937836-6c8a-56ed-ab99-eb0d61f00fd3,2024-02-02T07:53:00+00:00,21.48457,72.85773,2024-02-02T08:00:00+00:00,21.5,72.75,11.277370420176592,0.7895660400390625,-1.1201324462890625,1.3704419830158758,324.82051442663055,0.11666666666666667,ERA5
85062f9f-4e9e-5fec-b133-58d0fa1fe50f,2024-02-02T08:44:00+00:00,21.5002,72.78603,2024-02-02T09:00:00+00:00,21.5,72.75,3.72764517540183,1.0143585205078125,-0.995513916015625,1.4212568962392278,314.46280935702885,0.26666666666666666,ERA5
be11a4db-266f-56ca-bf1e-f29c85c53d70,2024-02-02T20:22:00+00:00,21.59227,72.9999,2024-02-02T20:00:00+00:00,21.5,73.0,10.259961094330691,-1.2230072021484375,-1.95758056640625,2.3082175570076497,31.995265747958513,0.36666666666666664,ERA5
4b7721eb-f55c-58e9-b105-fc5ce6f8da88,2024-02-03T08:25:00+00:00,21.46954,72.87617,2024-02-03T08:00:00+00:00,21.5,73.0,13.252627650182038,-1.006927490234375,0.41851806640625,1.0904404350986456,112.56966285057362,0.4166666666666667,ERA5
8a45aee4-c49c-57db-8395-29da7f022b97,2024-02-03T08:25:00+00:00,21.40934,72.85075,2024-02-03T08:00:00+00:00,21.5,72.75,14.503080523237717,0.680572509765625,0.00347900390625,0.6805814018299805,269.70711349395634,0.4166666666666667,ERA5
96444646-1005-58ba-838e-f5b5f4909b6b,2024-02-03T08:25:00+00:00,21.51058,72.84987,2024-02-03T08:00:00+00:00,21.5,72.75,10.398707641188132,0.680572509765625,0.00347900390625,0.6805814018299805,269.70711349395634,0.4166666666666667,ERA5
c2816581-46c7-5d82-9dc9-66c8a6cb66f2,2024-02-03T08:25:00+00:00,21.43184,72.8158,2024-02-03T08:00:00+00:00,21.5,72.75,10.188519509182393,0.680572509765625,0.00347900390625,0.6805814018299805,269.70711349395634,0.4166666666666667,ERA5
e24d13d2-6f8e-5380-8c68-64bbc9b773c8,2024-02-03T08:25:00+00:00,21.72479,72.88544,2024-02-03T08:00:00+00:00,21.75,73.0,12.16018658936646,-0.998138427734375,0.72906494140625,1.236048546663014,126.1453143472041,0.4166666666666667,ERA5
39e35cb4-fc1f-5074-851d-7ede19e5acd2,2024-02-03T20:54:00+00:00,21.38257,72.7417,2024-02-03T21:00:00+00:00,21.5,72.75,13.0858474887216,-2.1108856201171875,-1.6230010986328125,2.662699883084994,52.44432028464507,0.1,ERA5
4538675c-8548-5c18-814a-ae9ecd5668ec,2024-02-03T20:54:00+00:00,21.37736,72.96018,2024-02-03T21:00:00+00:00,21.5,73.0,14.246135918028171,-1.4185028076171875,-1.2987823486328125,1.9232747604900367,47.52275462125965,0.1,ERA5
d8039784-7689-5375-9c94-0bd253406649,2024-02-03T20:54:00+00:00,21.37773,72.81268,2024-02-03T21:00:00+00:00,21.5,72.75,15.064291509270273,-2.1108856201171875,-1.6230010986328125,2.662699883084994,52.44432028464507,0.1,ERA5
1d79a570-0b6a-5094-9e5b-7da70e16dfc7,2024-02-04T08:06:00+00:00,21.711675,72.669775,2024-02-04T08:00:00+00:00,21.75,72.75,9.318230903968944,0.3440093994140625,0.9556427001953125,1.0156748679187706,199.79771011395331,0.1,ERA5
7b97781a-3c7b-59dd-b939-842315207f6c,2024-02-04T08:06:00+00:00,21.46874,72.80275,2024-02-04T08:00:00+00:00,21.5,72.75,6.4708425254853985,1.2502593994140625,0.7066192626953125,1.436126508436941,240.5258161130763,0.1,ERA5
7c91567e-bad9-5a6d-8154-cb322a341e12,2024-02-04T08:06:00+00:00,21.71774,72.68309,2024-02-04T08:00:00+00:00,21.75,72.75,7.786646915090859,0.3440093994140625,0.9556427001953125,1.0156748679187706,199.79771011395331,0.1,ERA5
a2e9bca8-9c96-5618-a392-58ce939f6d37,2024-02-04T20:35:00+00:00,21.43395,72.97461,2024-02-04T21:00:00+00:00,21.5,73.0,7.800239747991723,1.5613555908203125,-1.491485595703125,2.1592500001564785,313.6889075358622,0.4166666666666667,ERA5
78e2151d-9097-56e8-9a3f-58598ed383d2,2024-02-05T07:48:00+00:00,21.54479,72.849,2024-02-05T08:00:00+00:00,21.5,72.75,11.387591952815237,1.6520843505859375,-1.2446441650390625,2.0684587979983418,306.99356939015524,0.2,ERA5
e81b2947-b30a-5537-8eb6-08217ae3afbb,2024-02-05T07:48:00+00:00,21.92979,72.5556033333333,2024-02-05T08:00:00+00:00,22.0,72.5,9.686492795379333,0.8669281005859375,-1.9887847900390625,2.1695228214232407,336.4472058981562,0.2,ERA5
f9ef8b5e-a49e-5dec-a185-d05b83e84a01,2024-02-05T20:16:00+00:00,21.35991,72.76382,2024-02-05T20:00:00+00:00,21.25,72.75,12.305007391473715,1.5751190185546875,-1.516143798828125,2.186250658396164,313.90704171131114,0.26666666666666666,ERA5
7e0b66d9-b2ad-5d0b-bc41-4db4a5f17445,2024-02-05T21:06:00+00:00,21.40487,72.73686,2024-02-05T21:00:00+00:00,21.5,72.75,10.665026459547525,0.66845703125,-2.15936279296875,2.2604606774472686,342.79945308598025,0.1,ERA5
00e9ab57-de64-53fe-93bc-9c38420cd2d5,2024-02-06T08:19:00+00:00,21.574665,72.827045,2024-02-06T08:00:00+00:00,21.5,72.75,11.507906930901752,1.4225921630859375,-1.2692718505859375,1.9065202577374774,311.74013030927426,0.31666666666666665,ERA5
63b384b5-96ad-59a1-9390-6b81a02bf821,2024-02-06T08:19:00+00:00,21.62228,72.81289,2024-02-06T08:00:00+00:00,21.5,72.75,15.0723065518079,1.4225921630859375,-1.2692718505859375,1.9065202577374774,311.74013030927426,0.31666666666666665,ERA5
84f8b6aa-fd35-5cbd-a012-8009d74188c8,2024-02-06T20:48:00+00:00,21.47861,72.80557,2024-02-06T21:00:00+00:00,21.5,72.75,6.22210558399146,-0.554046630859375,-2.1923370361328125,2.261262777557316,14.182807248451923,0.2,ERA5
a5435afd-e37c-57b1-8466-0c9da147c30b,2024-02-06T20:48:00+00:00,21.36549,72.7891,2024-02-06T21:00:00+00:00,21.25,72.75,13.465554492782589,-0.250335693359375,-2.3368682861328125,2.3502385721673082,6.114459997092638,0.2,ERA5
8e7b820f-7549-51f1-bbef-0dfbd6f380d8,2024-02-07T08:00:00+00:00,21.42903,72.8133066666667,2024-02-07T08:00:00+00:00,21.5,72.75,10.256389094266359,1.1724395751953125,-2.9580841064453125,3.1819610522896924,338.3790520378666,0.0,ERA5
1220e7fa-004c-52bd-baac-480ece727d53,2024-02-07T08:50:00+00:00,21.513265,72.80861,2024-02-07T09:00:00+00:00,21.5,72.75,6.240208639700475,1.3565673828125,-3.2537078857421875,3.5251794379650594,337.36729599312275,0.16666666666666666,ERA5
228d281e-4cc1-5726-a573-1945f58e0f37,2024-02-07T20:29:00+00:00,21.57821,72.86234,2024-02-07T20:00:00+00:00,21.5,72.75,14.513388653844656,-0.998779296875,-4.598052978515625,4.705279085995063,12.255285023847875,0.48333333333333334,ERA5
2494bfd2-9cb2-5f87-b809-4bc0e05141fa,2024-02-07T20:29:00+00:00,21.69572,72.60204,2024-02-07T20:00:00+00:00,21.75,72.5,12.146308363893079,-1.006591796875,-5.614654541015625,5.704171513943407,10.163976099525428,0.48333333333333334,ERA5
12316bf4-9db9-5ce6-b8cd-432ed8a140a7,2024-02-08T07:41:00+00:00,21.56773,72.87884,2024-02-08T08:00:00+00:00,21.5,73.0,14.620904539265624,-2.887725830078125,-0.620513916015625,2.953641479541727,77.87270328296012,0.31666666666666665,ERA5
150b1ee9-a20f-52ec-a3ac-f319f268bb1b,2024-02-08T07:41:00+00:00,21.71926,72.6985033333333,2024-02-08T08:00:00+00:00,21.75,72.75,6.322683702235913,-3.395538330078125,-1.246490478515625,3.6171009198057846,69.84198700723556,0.31666666666666665,ERA5
7a93826a-470d-5d57-876a-7884e0ef0303,2024-02-08T07:41:00+00:00,21.49277,72.80923,2024-02-08T08:00:00+00:00,21.5,72.75,6.180462882054405,-1.862335205078125,-1.350982666015625,2.300749134509903,54.04196751157804,0.31666666666666665,ERA5
51436093-9110-5173-aacf-72c438246720,2024-02-08T20:10:00+00:00,21.783555,72.608675,2024-02-08T20:00:00+00:00,21.75,72.5,11.826515966130726,-2.5741424560546875,-4.21527099609375,4.939101026965581,31.411189279431994,0.16666666666666666,ERA5
846c1bfc-f76d-512e-bbce-fa024b2fac42,2024-02-08T20:10:00+00:00,21.40745,72.97169,2024-02-08T20:00:00+00:00,21.5,73.0,10.700017653618367,-1.1659393310546875,-3.20843505859375,3.4137179216967724,19.971050434488973,0.16666666666666666,ERA5
f54fd463-efda-513a-b95b-690b921376a3,2024-02-09T07:22:00+00:00,21.7662266666667,72.61327,2024-02-09T07:00:00+00:00,21.75,72.5,11.836077125130643,-0.2973480224609375,-2.960174560546875,2.975071305930383,5.736090845007482,0.36666666666666664,ERA5
5a8f4c22-44ec-5b19-aa9c-57a32c3fec23,2024-02-09T08:13:00+00:00,21.751245,72.62111,2024-02-09T08:00:00+00:00,21.75,72.5,12.50882034652558,0.2340545654296875,-2.980926513671875,2.9901010717884504,355.5104957985726,0.21666666666666667,ERA5
b5355d98-086c-51e7-b54d-557711c05c24,2024-02-09T09:03:00+00:00,21.7912,72.6611,2024-02-09T09:00:00+00:00,21.75,72.75,10.25979184541845,0.742523193359375,-2.286468505859375,2.4040130866872182,342.00896382992045,0.05,ERA5
0c6a1e43-7417-5ee8-8aa8-e18cd557ae03,2024-02-09T20:42:00+00:00,21.43354,72.976045,2024-02-09T21:00:00+00:00,21.5,73.0,7.794693065095996,-0.7178802490234375,-2.405242919921875,2.5100887545607344,16.61851034289907,0.3,ERA5
3208236d-281f-5a6e-934b-a4ffcd586184,2024-02-09T20:42:00+00:00,21.6815533333333,72.5340033333333,2024-02-09T21:00:00+00:00,21.75,72.5,8.382418340793139,-0.1895599365234375,-3.988250732421875,3.992753044479259,2.7211972307443375,0.3,ERA5
a26435c1-f4c6-53f9-9536-14aedac3a03f,2024-02-09T20:42:00+00:00,21.74649,72.65653,2024-02-09T21:00:00+00:00,21.75,72.75,9.661484102320147,-0.7872161865234375,-2.941375732421875,3.0448974569933918,14.983222535872983,0.3,ERA5
a60a77eb-d64a-5ad5-8b4e-8f978f3629c4,2024-02-10T07:54:00+00:00,21.68569,72.56393,2024-02-10T08:00:00+00:00,21.75,72.5,9.733967743939896,0.778045654296875,-3.50128173828125,3.5866877269971558,347.4714566775899,0.1,ERA5
310cac38-bd7b-5dd4-bfef-771dff722787,2024-02-10T08:44:00+00:00,21.54473,72.92194,2024-02-10T09:00:00+00:00,21.5,73.0,9.483586680039116,1.70123291015625,-1.18896484375,2.0755314534528657,304.94909219717505,0.26666666666666666,ERA5
58a47f5b-729e-51dc-9695-2269488d3a5e,2024-02-10T08:44:00+00:00,21.71659,72.63038,2024-02-10T09:00:00+00:00,21.75,72.75,12.90208145040569,1.13677978515625,-2.18994140625,2.467409905700331,332.5665612869988,0.26666666666666666,ERA5
5b827614-fa5a-5ae3-bbb6-0fd950c70a2a,2024-02-10T08:44:00+00:00,21.44115,72.8277,2024-02-10T09:00:00+00:00,21.5,72.75,10.366669857350544,2.25982666015625,-1.86962890625,2.9329726867188044,309.6020727763645,0.26666666666666666,ERA5
d89d930c-9b29-5fc9-b8bc-7ef1b0e831c3,2024-02-10T08:44:00+00:00,21.62637,72.81351,2024-02-10T09:00:00+00:00,21.75,72.75,15.232906696858615,1.13677978515625,-2.18994140625,2.467409905700331,332.5665612869988,0.26666666666666666,ERA5
8315c9fe-09c7-5e35-80bd-7b82dcc1857d,2024-02-10T20:23:00+00:00,21.35819,72.90959,2024-02-10T20:00:00+00:00,21.25,73.0,15.24631202872526,-0.493438720703125,-2.2935791015625,2.3460577286617186,12.141501893302177,0.38333333333333336,ERA5
4e4d08af-f29f-5112-8603-9c3eaa2c9a33,2024-02-11T07:35:00+00:00,21.9563475,72.81447,2024-02-11T08:00:00+00:00,22.0,72.75,8.231245614206605,-0.95745849609375,-2.7577362060546875,2.9192183463946315,19.146491042398907,0.4166666666666667,ERA5
06e6561a-669f-57a8-875c-1f753fc28ef1,2024-02-11T08:25:00+00:00,22.014045,72.742385,2024-02-11T08:00:00+00:00,22.0,72.75,1.7479468221223946,-0.95745849609375,-2.7577362060546875,2.9192183463946315,19.146491042398907,0.4166666666666667,ERA5
0b039440-58bb-5c5c-9829-80a4d40bf8a3,2024-02-11T08:25:00+00:00,21.77556,72.9817,2024-02-11T08:00:00+00:00,21.75,73.0,3.4131001044106823,-0.44964599609375,-1.8514862060546875,1.9053038322047016,13.650400024880526,0.4166666666666667,ERA5
5881a5a2-bb0f-5013-9130-db6ff24f852b,2024-02-11T08:25:00+00:00,21.89881,72.66434,2024-02-11T08:00:00+00:00,22.0,72.75,14.305673458106112,-0.95745849609375,-2.7577362060546875,2.9192183463946315,19.146491042398907,0.4166666666666667,ERA5
6a06c945-ce45-5570-bd8b-56f98547af66,2024-02-11T08:25:00+00:00,21.509,72.73294,2024-02-11T08:00:00+00:00,21.5,72.75,2.0289162577703395,0.93414306640625,-2.4764862060546875,2.6468107596301653,339.33327201577976,0.4166666666666667,ERA5
9979f281-8ba2-5af9-b2ed-72a3f6a3e84c,2024-02-11T08:25:00+00:00,21.46448,72.89964,2024-02-11T08:00:00+00:00,21.5,73.0,11.110041337034653,0.41656494140625,-1.5555877685546875,1.6103973596866534,345.00871341300063,0.4166666666666667,ERA5
86d3a541-5ce4-5fe0-a56b-395dcc8c63bb,2024-02-11T20:04:00+00:00,21.43161,72.975155,2024-02-11T20:00:00+00:00,21.5,73.0,8.0274750675911,-1.0615234375,-2.393218994140625,2.6180773789705456,23.919903250509947,0.06666666666666667,ERA5
4e1b9977-774a-517b-bfee-54089601c810,2024-02-11T20:54:00+00:00,21.68197,72.53529,2024-02-11T21:00:00+00:00,21.75,72.5,8.397216929292705,-0.980224609375,-3.8418121337890625,3.9648910144105147,14.31342857348858,0.1,ERA5
010562ed-a780-5967-95c2-e73a0300095c,2024-02-12T08:06:00+00:00,21.92457,72.72224,2024-02-12T08:00:00+00:00,22.0,72.75,8.862531175285124,0.7971038818359375,-1.7701568603515625,1.9413474466688392,335.75790163610185,0.1,ERA5
09d774e0-9443-5c01-a4ff-0f5f591d6cc0,2024-02-12T08:06:00+00:00,21.56525,72.85818,2024-02-12T08:00:00+00:00,21.5,72.75,13.335954524388626,1.8586273193359375,-1.4986724853515625,2.387575073276592,308.8803772412102,0.1,ERA5
ccb7ddd1-f02a-520b-bcbc-db9a9ee0166e,2024-02-12T08:57:00+00:00,21.91574,72.85986,2024-02-12T09:00:00+00:00,22.0,72.75,14.701907637118255,1.238189697265625,-1.7671356201171875,2.1577492964433325,324.9819895571949,0.05,ERA5
3597927d-6cce-54af-81d9-fa3804dcd5e1,2024-02-14T07:29:00+00:00,21.887275,72.677225,2024-02-14T07:00:00+00:00,22.0,72.75,14.609982211917476,0.2725372314453125,-2.087677001953125,2.105391129222279,352.5623439830473,0.48333333333333334,ERA5
0b0ac52c-a6ec-57e4-b2ec-38f6daacd8db,2024-02-14T08:19:00+00:00,21.51975,72.93362,2024-02-14T08:00:00+00:00,21.5,73.0,7.209668515158993,0.760223388671875,-1.84716796875,1.9974907022211017,337.6298161575341,0.31666666666666665,ERA5
c5b0af9f-4ab8-54bd-b629-d2378cd6d0a5,2024-02-14T08:19:00+00:00,22.03645,72.64053,2024-02-14T08:00:00+00:00,22.0,72.75,11.990485935137338,0.540496826171875,-2.30126953125,2.363890495467475,346.78256306811033,0.31666666666666665,ERA5
840c951c-8041-5318-a5fe-eba2bb664ff3,2024-02-14T09:09:00+00:00,22.01711,72.57224,2024-02-14T09:00:00+00:00,22.0,72.5,7.686537063975079,0.5676116943359375,-3.241729736328125,3.291047662818168,350.0684556238784,0.15,ERA5
29f3c0b9-8f21-54fb-b3a6-a6bd22b7c540,2024-02-14T20:48:00+00:00,21.83904,72.98441,2024-02-14T21:00:00+00:00,21.75,73.0,10.030784514088609,0.0006103515625,-2.5569915771484375,2.5569916499936176,359.98632354983147,0.2,ERA5
6802d359-b440-5320-aaca-58b4693d99a3,2024-02-15T08:00:00+00:00,21.685575,72.613145,2024-02-15T08:00:00+00:00,21.75,72.5,13.708792643935993,-1.69439697265625,-0.934173583984375,1.9348543578163389,61.130689524834224,0.0,ERA5
6f83cf0d-ceee-5cdf-9736-8ea8a6b4085a,2024-02-15T08:00:00+00:00,21.95225,72.59214,2024-02-15T08:00:00+00:00,22.0,72.5,10.88400459722348,-2.83599853515625,-0.992767333984375,3.004742030663338,70.7069328900547,0.0,ERA5
68622d75-1495-5722-bef0-e78814898593,2024-02-15T08:50:00+00:00,21.38851,72.84616,2024-02-15T09:00:00+00:00,21.5,72.75,15.897701225134782,0.35589599609375,-0.8428955078125,0.9149507074843184,337.10905710687746,0.16666666666666666,ERA5
2e894061-126a-5573-ba7e-06ef6c68ca0d,2024-02-16T08:31:00+00:00,21.37047,72.79956,2024-02-16T09:00:00+00:00,21.25,72.75,14.345790942967735,0.5167083740234375,-1.979400634765625,2.045730778156428,345.36983077273646,0.48333333333333334,ERA5
085d7ce0-da1e-54fe-844c-89a10cd37c95,2024-02-16T20:10:00+00:00,21.36516,72.95885,2024-02-16T20:00:00+00:00,21.25,73.0,13.49613247360523,-1.277801513671875,-1.398284912109375,1.8941957142214363,42.422156635129795,0.16666666666666666,ERA5
b70bf4c6-7096-56b4-a978-b3ef4896da39,2024-02-16T20:10:00+00:00,21.92562,72.70531,2024-02-16T20:00:00+00:00,22.0,72.75,9.468046126833295,-1.474090576171875,-3.180511474609375,3.505509416173437,24.866588549733365,0.16666666666666666,ERA5
a939a475-703e-5a35-b3c0-ef170f883983,2024-02-17T08:12:00+00:00,21.77926,72.64123,2024-02-17T08:00:00+00:00,21.75,72.75,11.694219704937572,0.145904541015625,-1.4688568115234375,1.4760855218610403,354.32730182651466,0.2,ERA5
dbbd8bde-66b6-583a-9c70-a950e5879e27,2024-02-17T08:12:00+00:00,21.87903,72.71205,2024-02-17T08:00:00+00:00,22.0,72.75,14.009190137460374,-0.072845458984375,-1.6758880615234375,1.6774704932282503,2.488896402128546,0.2,ERA5
7b73dfb3-d5d4-5a1a-b6a0-638b669aa806,2024-02-17T08:13:00+00:00,21.95013,72.58888,2024-02-17T08:00:00+00:00,22.0,72.5,10.712001379433493,-0.300384521484375,-2.1192474365234375,2.140429993706535,8.067428486481504,0.21666666666666667,ERA5
81d5a958-684d-5a7e-9ede-fa0febc7a039,2024-02-17T08:13:00+00:00,22.03695,72.64951,2024-02-17T08:00:00+00:00,22.0,72.75,11.144035274223917,-0.072845458984375,-1.6758880615234375,1.6774704932282503,2.488896402128546,0.21666666666666667,ERA5
a079a981-982c-516b-bc3d-4054d2861b0c,2024-02-17T09:03:00+00:00,21.75282,72.66512,2024-02-17T09:00:00+00:00,21.75,72.75,8.771834139046833,0.7205963134765625,-1.3767242431640625,1.55390755475082,332.37182425238774,0.05,ERA5
6a587fa1-c596-5359-9dd8-1664255e465e,2024-02-17T20:41:00+00:00,21.39536,72.7651,2024-02-17T21:00:00+00:00,21.5,72.75,11.739917152054582,0.4331512451171875,-1.14599609375,1.2251232787098727,339.2949511605279,0.31666666666666665,ERA5
7df09845-7004-5b8e-8bd5-cf9d1694a2e5,2024-02-17T20:41:00+00:00,21.36257,72.78749,2024-02-17T21:00:00+00:00,21.25,72.75,13.105888160576225,1.2241668701171875,-0.93408203125,1.5398356298633427,307.3448949801254,0.31666666666666665,ERA5
b92de742-f734-58d2-a40d-944f0207a472,2024-02-17T20:41:00+00:00,21.79256,72.87643,2024-02-17T21:00:00+00:00,21.75,73.0,13.60959010522268,-0.3490753173828125,-1.51513671875,1.5548288824531231,12.974091985406574,0.31666666666666665,ERA5
28f4bf74-0e25-5eab-ba5b-a7888f6832c9,2024-02-18T07:54:00+00:00,21.71692,72.73503,2024-02-18T08:00:00+00:00,21.75,72.75,3.9901163131888193,2.1429290771484375,-0.676025390625,2.247032567289121,287.5088141089078,0.1,ERA5
a5460da6-6ee2-5fa1-a50b-e75fccf149d8,2024-02-18T07:54:00+00:00,21.79803,72.9105,2024-02-18T08:00:00+00:00,21.75,73.0,10.67408052867354,2.3343353271484375,-0.562744140625,2.4012085264260103,283.55382414342705,0.1,ERA5
076de633-0bd0-5d00-98a0-72b1598f163a,2024-02-18T08:44:00+00:00,21.50207,72.73138,2024-02-18T09:00:00+00:00,21.5,72.75,1.9400713958015285,2.430572509765625,0.076416015625,2.4317734542247904,268.19924176371956,0.26666666666666666,ERA5
3703762e-f2fe-5207-b326-08196107f417,2024-02-18T08:44:00+00:00,21.61916,72.83596,2024-02-18T09:00:00+00:00,21.5,72.75,15.955773583747806,2.430572509765625,0.076416015625,2.4317734542247904,268.19924176371956,0.26666666666666666,ERA5
82df161b-d9b7-50d9-92e4-568402d132d8,2024-02-18T08:44:00+00:00,21.55673,72.90369,2024-02-18T09:00:00+00:00,21.5,73.0,11.791300244720851,2.794830322265625,-0.575927734375,2.853553799296186,281.6438897918746,0.26666666666666666,ERA5
6f394ab9-bf82-5fa7-a935-519bfa053a55,2024-02-18T20:22:00+00:00,21.4329433333333,72.97649,2024-02-18T20:00:00+00:00,21.5,73.0,7.843219027780626,2.1151275634765625,0.5032806396484375,2.1741793881883895,256.6157355974321,0.36666666666666664,ERA5
9c9cf899-0e8a-5da7-a958-c9596cdfb151,2024-02-18T21:13:00+00:00,22.04237,72.63874,2024-02-18T21:00:00+00:00,22.0,72.75,12.398960366049758,2.3860321044921875,-1.0570068359375,2.609676733790226,293.89323447421816,0.21666666666666667,ERA5
5db64c7d-32d3-541c-91cf-e52aecce141e,2024-02-19T08:25:00+00:00,21.39654,72.90486,2024-02-19T08:00:00+00:00,21.5,73.0,15.142656371611265,3.098236083984375,0.41357421875,3.125717592252619,262.39670653240256,0.4166666666666667,ERA5
9cecb86d-b7b0-5e59-851a-13eb4760b97b,2024-02-19T08:25:00+00:00,21.70948,72.68141,2024-02-19T08:00:00+00:00,21.75,72.75,8.396212975590094,4.033782958984375,1.42822265625,4.2791617071593055,250.5027111845796,0.4166666666666667,ERA5
61120351-df50-59bc-b429-196c5aea7a72,2024-02-19T20:54:00+00:00,21.36558,72.79089,2024-02-19T21:00:00+00:00,21.25,72.75,13.5319940899427,3.125579833984375,-0.992431640625,3.2793550981745514,287.61564317003285,0.1,ERA5
04550948-b9ba-5c0a-9fa4-e00c5d808fb2,2024-02-20T08:06:00+00:00,21.70029,72.58306,2024-02-20T08:00:00+00:00,21.75,72.5,10.206210377816246,1.5609893798828125,0.1035308837890625,1.5644188978675346,266.20547851603334,0.1,ERA5
0a728c37-0d59-5bbc-8e2a-68ba477c93e9,2024-02-20T08:06:00+00:00,22.04708,72.68158,2024-02-20T08:00:00+00:00,22.0,72.75,8.783385013747086,2.8373565673828125,-0.0234222412109375,2.837453240470003,270.4729631452437,0.1,ERA5
8e554065-534e-5ed9-8b37-16665f376900,2024-02-20T08:06:00+00:00,21.923225,72.713705,2024-02-20T08:00:00+00:00,22.0,72.75,9.3214776876287,2.8373565673828125,-0.0234222412109375,2.837453240470003,270.4729631452437,0.1,ERA5
3a11e74e-35ae-586e-8a39-5dab2cd90cfe,2024-02-20T08:56:00+00:00,21.39652,72.67747,2024-02-20T09:00:00+00:00,21.5,72.75,13.73845858664143,2.3625335693359375,1.11572265625,2.6127383933162465,244.7206556202755,0.06666666666666667,ERA5
7087ebd6-ffd0-57e3-b1c6-465591547b80,2024-02-20T08:56:00+00:00,21.70529,72.67817,2024-02-20T09:00:00+00:00,21.75,72.75,8.931275600896313,3.1994476318359375,0.44775390625,3.2306266744120595,262.03335372813035,0.06666666666666667,ERA5
bab06023-c39e-524a-b2fc-60c13b5d7829,2024-02-20T08:56:00+00:00,21.70317,72.76207,2024-02-20T09:00:00+00:00,21.75,72.75,5.3544373564791865,3.1994476318359375,0.44775390625,3.2306266744120595,262.03335372813035,0.06666666666666667,ERA5
5ff1db02-93ef-5d02-a127-688c49ecd399,2024-02-21T07:47:00+00:00,21.35639,72.93307,2024-02-21T08:00:00+00:00,21.25,73.0,13.712274679386853,2.8594512939453125,0.4791259765625,2.8993142989097422,260.487955913259,0.21666666666666667,ERA5
2d256b81-3593-54ae-b2c2-9dd9e95c7887,2024-02-21T07:48:00+00:00,21.75064,72.61137,2024-02-21T08:00:00+00:00,21.75,72.5,11.502366488547887,0.7871856689453125,2.1568603515625,2.296020002860426,200.0504796869197,0.2,ERA5
46b84408-1c49-5777-92ec-34d3540beb89,2024-02-22T08:19:00+00:00,21.94677,72.5919,2024-02-22T08:00:00+00:00,22.0,72.5,11.173066610351585,3.800811767578125,-1.159423828125,3.9737178694245996,286.96413648158295,0.31666666666666665,ERA5
9d298f94-0d3f-5c05-a078-cac3960b3e75,2024-02-22T08:19:00+00:00,21.83872,72.6408033333333,2024-02-22T08:00:00+00:00,21.75,72.75,14.981006975562023,3.353546142578125,-0.991455078125,3.49703515886536,286.46998647853394,0.31666666666666665,ERA5
9e87d3bf-24da-5a45-be66-53c2c26d1c0e,2024-02-23T08:00:00+00:00,21.698235,72.64175,2024-02-23T08:00:00+00:00,21.75,72.75,12.576474669370876,-0.46209716796875,-2.990570068359375,3.0260606613899426,8.78376728151352,0.0,ERA5
b32973f4-38f8-5f76-a984-db07822f639c,2024-02-23T08:00:00+00:00,21.69424,72.77679,2024-02-23T08:00:00+00:00,21.75,72.75,6.789788330500355,-0.46209716796875,-2.990570068359375,3.0260606613899426,8.78376728151352,0.0,ERA5
6e863f95-176c-58b0-8254-f0e8fc371759,2024-02-23T08:50:00+00:00,21.50816,72.90036,2024-02-23T09:00:00+00:00,21.5,73.0,10.348093486002469,0.607421875,-2.5594482421875,2.6305392296381362,346.64925591910867,0.16666666666666666,ERA5
2e6db1cc-c72f-5278-ab29-18f3bf5a91f5,2024-02-23T20:29:00+00:00,21.3777,72.95985,2024-02-23T20:00:00+00:00,21.5,73.0,14.219893023409293,-0.2254486083984375,-2.2900543212890625,2.3011249139243835,5.622471153753679,0.48333333333333334,ERA5
608fae66-0ce5-50c7-b054-72893c2541b4,2024-02-23T21:19:00+00:00,21.92471,72.756185,2024-02-23T21:00:00+00:00,22.0,72.75,8.39612822937137,0.213165283203125,-2.9632415771484375,2.970898867767839,355.88542876350874,0.31666666666666665,ERA5
185f5b0a-5128-57f6-abce-33edb175e31f,2024-02-24T07:41:00+00:00,21.75386,72.78494,2024-02-24T08:00:00+00:00,21.75,72.75,3.633953142916396,0.351837158203125,-4.183380126953125,4.198149434272057,355.19253476887945,0.31666666666666665,ERA5
265ae49f-abf1-5b15-9642-862d33964660,2024-02-24T08:31:00+00:00,21.5072,72.76842,2024-02-24T09:00:00+00:00,21.5,72.75,2.0669892623701775,1.069976806640625,-3.654205322265625,3.8076327165344206,343.6796011591378,0.48333333333333334,ERA5
83e3d236-ff1c-5aaa-a91f-e2af9d746ce6,2024-02-24T08:31:00+00:00,21.99865,72.58072,2024-02-24T09:00:00+00:00,22.0,72.5,8.323475179953194,-0.111663818359375,-4.471588134765625,4.472982143414762,1.430484188715809,0.48333333333333334,ERA5
97e5add6-e110-5f72-bc4b-65972fbb6d0e,2024-02-24T08:31:00+00:00,21.704,72.95592,2024-02-24T09:00:00+00:00,21.75,73.0,6.84799872735618,0.347320556640625,-3.529205322265625,3.546254612372491,354.3794350163,0.48333333333333334,ERA5
ba464192-bb2b-5082-88a8-712033adb58c,2024-02-24T08:31:00+00:00,21.47311,72.99178,2024-02-24T09:00:00+00:00,21.5,73.0,3.108639693679119,0.764312744140625,-3.523345947265625,3.605293418706566,347.7605706902368,0.48333333333333334,ERA5
42987fc3-c6df-5e15-a509-c40b4d83451f,2024-02-24T20:10:00+00:00,21.35278,72.958435,2024-02-24T20:00:00+00:00,21.25,73.0,12.212920436541957,-0.7360382080078125,-3.2111663818359375,3.2944410414333807,12.909882204650671,0.16666666666666666,ERA5
c851157a-1808-5926-b4b5-a14f850ace69,2024-02-24T21:00:00+00:00,21.47343,72.79807,2024-02-24T21:00:00+00:00,21.5,72.75,5.784991476276831,-1.313201904296875,-4.4263458251953125,4.617037643952333,16.52449373294195,0.0,ERA5
112c3a9c-7b0a-5bea-9eb7-d54e47990970,2024-02-25T07:22:00+00:00,21.8069866666667,72.91127,2024-02-25T07:00:00+00:00,21.75,73.0,11.139894894617019,-3.6255950927734375,-3.630279541015625,5.13067922624865,44.963009411011,0.36666666666666664,ERA5
697c7887-6c8e-50a4-a1c3-8d62e476d24d,2024-02-25T07:22:00+00:00,21.978795,72.551915,2024-02-25T07:00:00+00:00,22.0,72.5,5.849056594974181,-4.6119232177734375,-4.271881103515625,6.286398327278631,47.192019411260276,0.36666666666666664,ERA5
93a1bc11-32c1-5aaa-a799-90ad720fa274,2024-02-25T08:12:00+00:00,21.40373,72.6681566666667,2024-02-25T08:00:00+00:00,21.5,72.75,13.650433139004397,-2.703125,-4.1733856201171875,4.972326648544514,32.931353986757074,0.2,ERA5
ea654edc-ab26-5e93-9b5e-f18cd355368b,2024-02-25T08:12:00+00:00,21.37537,72.69857,2024-02-25T08:00:00+00:00,21.5,72.75,14.845396977531795,-2.703125,-4.1733856201171875,4.972326648544514,32.931353986757074,0.2,ERA5
53b9c45f-dcfd-5732-af66-6250c50c3c04,2024-02-25T08:13:00+00:00,22.02463,72.85733,2024-02-25T08:00:00+00:00,22.0,72.75,11.39847260428867,-3.4853515625,-4.2544403076171875,5.499812528195759,39.325253398411746,0.21666666666666667,ERA5
f4cdc97a-b9a6-5a53-9e22-16998c79ba0e,2024-02-25T08:13:00+00:00,21.87828,72.71131,2024-02-25T08:00:00+00:00,22.0,72.75,14.110682063563324,-3.4853515625,-4.2544403076171875,5.499812528195759,39.325253398411746,0.21666666666666667,ERA5
0c23c980-3336-5468-ad37-389112658e48,2024-02-25T09:03:00+00:00,22.03232,72.771,2024-02-25T09:00:00+00:00,22.0,72.75,4.195469285003221,-2.9296417236328125,-4.362152099609375,5.254633342962829,33.885493760945735,0.05,ERA5
1d111f0b-6f5b-569f-8f58-d2c539081e59,2024-02-25T20:41:00+00:00,21.35956,72.76073,2024-02-25T21:00:00+00:00,21.25,72.75,12.233123891079083,-1.8441925048828125,-4.8069915771484375,5.1486128246200416,20.989208912896288,0.31666666666666665,ERA5
41d7ae1d-8c3c-5f27-9103-a35b9e22741c,2024-02-25T20:41:00+00:00,21.39273,72.79396,2024-02-25T21:00:00+00:00,21.5,72.75,12.766121568547195,-1.7318878173828125,-4.2933197021484375,4.629473995699182,21.968719558945793,0.31666666666666665,ERA5
5dd76310-7982-53e0-a080-db371d276816,2024-02-25T20:41:00+00:00,21.4327,72.97657,2024-02-25T21:00:00+00:00,21.5,73.0,7.866391441737848,-1.2787628173828125,-2.8343353271484375,3.1094518954057593,24.28339672834261,0.31666666666666665,ERA5
cf0b3d94-cd67-5975-a58a-358c964c8ba1,2024-02-25T20:41:00+00:00,21.62796,72.92253,2024-02-25T21:00:00+00:00,21.75,73.0,15.755052792841816,-1.2807159423828125,-2.6546478271484375,2.9474376009098844,25.754654436251144,0.31666666666666665,ERA5
c581a229-35f0-5e61-8511-a10d5dc9e43b,2024-02-26T07:54:00+00:00,21.621985,72.947525,2024-02-26T08:00:00+00:00,21.5,73.0,14.60937472040785,-1.985015869140625,-0.2070770263671875,1.995787788215267,84.04444115474189,0.1,ERA5
95a12fd6-ea2d-55ab-9c96-b31e2a4c2fb6,2024-02-26T08:44:00+00:00,21.8165,72.91705,2024-02-26T09:00:00+00:00,21.75,73.0,11.315356828261985,-2.0377960205078125,-0.7706298828125,2.1786424758278,69.28497037189993,0.26666666666666666,ERA5
350d6c84-2124-50e5-ba63-9a44a2044e0e,2024-02-26T21:13:00+00:00,21.90824,72.68187,2024-02-26T21:00:00+00:00,22.0,72.75,12.388533724611063,-0.4124755859375,-2.5379791259765625,2.571278699963744,9.231073461404208,0.21666666666666667,ERA5
5760bf8c-e569-59a5-9fd2-e86fb81986af,2024-02-27T08:25:00+00:00,21.84698,72.65816,2024-02-27T08:00:00+00:00,21.75,72.75,14.359484168559927,1.142852783203125,-0.39703369140625,1.2098546343205048,289.1575237490118,0.4166666666666667,ERA5
5f5f6569-3aad-5b2e-8cac-dc970f4a6383,2024-02-27T08:25:00+00:00,21.56931,72.89478,2024-02-27T08:00:00+00:00,21.5,73.0,13.335710789116849,1.575469970703125,0.46331787109375,1.6421842400480375,253.61232238643618,0.4166666666666667,ERA5
655a7955-9e50-5b5a-bf14-141f6ed4e85e,2024-02-27T08:25:00+00:00,21.46633,72.86111,2024-02-27T08:00:00+00:00,21.5,72.75,12.090778132742965,2.037384033203125,-0.18316650390625,2.0456010527236903,275.1372394005558,0.4166666666666667,ERA5
737d7658-d475-5ba7-8e0b-54f917343291,2024-02-27T08:25:00+00:00,21.82623,72.72767,2024-02-27T08:00:00+00:00,21.75,72.75,8.78436055249835,1.142852783203125,-0.39703369140625,1.2098546343205048,289.1575237490118,0.4166666666666667,ERA5
c4da635c-2a17-53b1-91f9-ed6ef0cbc4e0,2024-02-27T08:25:00+00:00,21.783515,72.6726,2024-02-27T08:00:00+00:00,21.75,72.75,8.818956710480268,1.142852783203125,-0.39703369140625,1.2098546343205048,289.1575237490118,0.4166666666666667,ERA5
99a622a7-2fe0-5cce-8f26-27bad7f93e4c,2024-02-28T08:06:00+00:00,21.95608,72.82252,2024-02-28T08:00:00+00:00,22.0,72.75,8.931312558989712,-0.9524078369140625,-1.357635498046875,1.6583892285504962,35.050410385550606,0.1,ERA5
b36b8e23-eef8-5f87-95d8-a0d8415c75b6,2024-02-28T08:06:00+00:00,21.35075,72.82864,2024-02-28T08:00:00+00:00,21.25,72.75,13.852032656383404,1.6706390380859375,-2.486541748046875,2.9956509576979617,326.10393184882935,0.1,ERA5
bc31552e-10c0-572e-b1ec-011b7e606d12,2024-02-28T08:06:00+00:00,21.82305,72.6634,2024-02-28T08:00:00+00:00,21.75,72.75,12.080284703479276,-0.4885406494140625,-1.137908935546875,1.2383491881239863,23.235392911662757,0.1,ERA5
0a62b88c-756e-5418-898c-617b19cda9b5,2024-02-28T08:56:00+00:00,21.47166,72.80087,2024-02-28T09:00:00+00:00,21.5,72.75,6.134648501563377,1.6806488037109375,-1.673858642578125,2.3719998222488314,314.88402260242367,0.06666666666666667,ERA5
3544ef6b-e2d3-584c-9d84-8fde7dc72615,2024-02-28T08:56:00+00:00,21.49247,72.74479,2024-02-28T09:00:00+00:00,21.5,72.75,0.9958009201748527,1.6806488037109375,-1.673858642578125,2.3719998222488314,314.88402260242367,0.06666666666666667,ERA5
c358b0c2-8d66-50a4-ba37-daad557ad292,2024-02-28T08:56:00+00:00,21.4364033333333,72.7123933333333,2024-02-28T09:00:00+00:00,21.5,72.75,8.07168264288894,1.6806488037109375,-1.673858642578125,2.3719998222488314,314.88402260242367,0.06666666666666667,ERA5
addd1ee8-06d3-51e0-a26b-798e329a5b84,2024-02-28T08:57:00+00:00,21.75652,72.89878,2024-02-28T09:00:00+00:00,21.75,73.0,10.478763710246195,-0.3916168212890625,-1.247100830078125,1.3071435327071383,17.4334244491057,0.05,ERA5
14f5d9cd-e117-5916-a696-909b34790fe9,2024-02-28T21:25:00+00:00,21.86911,72.9407,2024-02-28T21:00:00+00:00,21.75,73.0,14.590834775467382,-1.373046875,-1.817047119140625,2.277480615532108,37.0764219790571,0.4166666666666667,ERA5
18e4fcbc-20ac-5090-937c-878a7799c3f5,2024-02-28T21:25:00+00:00,21.5857,72.86499,2024-02-28T21:00:00+00:00,21.5,72.75,15.239921713692462,-2.103515625,-2.626617431640625,3.3650998672873786,38.68934646686199,0.4166666666666667,ERA5
cd17df3c-c7fd-5d32-970f-661683818d2f,2024-02-28T21:25:00+00:00,21.47191,72.81187,2024-02-28T21:00:00+00:00,21.5,72.75,7.122909080309131,-2.103515625,-2.626617431640625,3.3650998672873786,38.68934646686199,0.4166666666666667,ERA5
0f4ebbbb-3e3f-5d76-8e88-f66d1c518c3b,2024-02-29T07:47:00+00:00,21.55911,72.8075,2024-02-29T08:00:00+00:00,21.5,72.75,8.864245872169201,2.07598876953125,0.586517333984375,2.1572510179123827,254.22372313122852,0.21666666666666667,ERA5
14daf55e-2bb0-5f59-86fe-dd3e3117877b,2024-02-29T07:47:00+00:00,21.757808,72.628582,2024-02-29T08:00:00+00:00,21.75,72.75,12.569597896911127,1.24786376953125,1.016204833984375,1.6092968190865076,230.84215866515535,0.21666666666666667,ERA5
159b5eb0-e698-5803-be6f-7b2063a2fd52,2024-02-29T07:47:00+00:00,21.75183,72.6313933333333,2024-02-29T08:00:00+00:00,21.75,72.75,12.251178944694134,1.24786376953125,1.016204833984375,1.6092968190865076,230.84215866515535,0.21666666666666667,ERA5
8ac9f119-1a9a-5089-95cd-75bf08e15851,2024-02-29T07:47:00+00:00,21.95991,72.593555,2024-02-29T08:00:00+00:00,22.0,72.5,10.626900496002998,0.69512939453125,0.228118896484375,0.7316031069334187,251.8318435630924,0.21666666666666667,ERA5
0e037d48-3e8f-55bc-b9df-6d77300c898d,2024-02-29T08:38:00+00:00,22.051435,72.74014,2024-02-29T09:00:00+00:00,22.0,72.75,5.808916679517957,1.5120086669921875,0.462860107421875,1.5812683795302054,252.97946359926746,0.36666666666666664,ERA5
1ecb8369-47bf-5702-bcd7-bc87a3cc3ced,2024-02-29T08:38:00+00:00,21.42413,72.81168,2024-02-29T09:00:00+00:00,21.5,72.75,10.57894133094132,2.6946258544921875,0.952117919921875,2.857890310899652,250.53967028405629,0.36666666666666664,ERA5
96b8773c-2e89-5b69-b473-3a2b5f9be059,2024-02-29T08:38:00+00:00,21.75776,72.6346466666667,2024-02-29T09:00:00+00:00,21.75,72.75,11.944452280016895,1.8655242919921875,1.121063232421875,2.1764566742991085,238.99676976455004,0.36666666666666664,ERA5
2237c7da-f960-58a2-9093-f8f3274ce151,2024-03-01T07:29:00+00:00,21.93561,72.5769733333333,2024-03-01T07:00:00+00:00,22.0,72.5,10.689664928606275,2.539276123046875,2.47540283203125,3.5462011237244146,225.72975202170636,0.48333333333333334,ERA5
126ae2a1-2a5b-572f-bf6f-a04534cdbb99,2024-03-01T08:19:00+00:00,21.52003,72.71799,2024-03-01T08:00:00+00:00,21.5,72.75,3.990776357240547,2.8765716552734375,2.394317626953125,3.7426489798885774,230.2276575633494,0.31666666666666665,ERA5
6589a27b-1b62-57a0-b12c-d7eaacff3e25,2024-03-01T08:19:00+00:00,21.79164,72.76828,2024-03-01T08:00:00+00:00,21.75,72.75,5.00016290634045,3.1031341552734375,2.708770751953125,4.119087347005558,228.88182126820288,0.31666666666666665,ERA5
8ef47132-3fe7-552c-9ae3-d3b3b9402cb6,2024-03-01T08:19:00+00:00,21.93591,72.56366,2024-03-01T08:00:00+00:00,22.0,72.5,9.689280871308746,2.3765716552734375,3.015411376953125,3.839374767446839,218.2431207033806,0.31666666666666665,ERA5
c05af5f0-4c12-5c92-951d-255a6377d5b5,2024-03-01T08:19:00+00:00,21.59309,72.97466,2024-03-01T08:00:00+00:00,21.5,73.0,10.677756756339653,2.9683685302734375,1.930450439453125,3.540882747381287,236.96241759915654,0.31666666666666665,ERA5
3cdc7749-33a0-5c68-9c25-a15fd0a044c2,2024-03-01T20:48:00+00:00,21.43365,72.97523,2024-03-01T21:00:00+00:00,21.5,73.0,7.81036765212025,1.3771820068359375,0.5175628662109375,1.471224524140738,249.40312843984714,0.2,ERA5
226b519e-431b-566a-88ed-aeafc641b47c,2024-03-01T21:38:00+00:00,21.40724,72.9665,2024-03-01T22:00:00+00:00,21.5,73.0,10.881514244860563,1.4141387939453125,0.3443756103515625,1.455466622614931,256.3135493180662,0.36666666666666664,ERA5
82dc2241-02f0-56e5-a8b7-723f93f70812,2024-03-02T08:00:00+00:00,21.37056,72.91841,2024-03-02T08:00:00+00:00,21.25,73.0,15.847691353328162,4.2590484619140625,2.12957763671875,4.761784824175192,243.43437406366718,0.0,ERA5
ef43a1ed-10ad-5527-9e2b-56ae066cdaf8,2024-03-02T08:50:00+00:00,21.941925,72.77894,2024-03-02T09:00:00+00:00,22.0,72.75,7.113863533414225,3.3116912841796875,2.6630401611328125,4.249597870565871,231.19609112805685,0.16666666666666666,ERA5
f98e71ff-fa3f-5852-8261-cf8fcb9ae836,2024-03-03T07:41:00+00:00,21.93136,72.85798,2024-03-03T08:00:00+00:00,22.0,72.75,13.499894022913162,3.14935302734375,-1.3099517822265625,3.4109233592383443,292.5845331758903,0.31666666666666665,ERA5
3c6d208a-5cb6-57d1-91df-5e0d78c63915,2024-03-03T08:31:00+00:00,21.96075,72.78546,2024-03-03T09:00:00+00:00,22.0,72.75,5.693593315034032,2.896453857421875,-1.0514068603515625,3.0813797776594156,289.95079425982783,0.48333333333333334,ERA5
ccb23c2d-51b4-5594-a6d3-cd24636c99fb,2024-03-03T08:31:00+00:00,21.96538,72.81977,2024-03-03T09:00:00+00:00,22.0,72.75,8.159247049609583,2.896453857421875,-1.0514068603515625,3.0813797776594156,289.95079425982783,0.48333333333333334,ERA5
fba9d6a4-bb24-5e69-a2be-cdbbe8fc9587,2024-03-03T08:31:00+00:00,21.7347,72.92819,2024-03-03T09:00:00+00:00,21.75,73.0,7.609472815517214,2.915008544921875,-0.5279693603515625,2.9624359001398806,280.2661762711997,0.48333333333333334,ERA5
9de11025-b648-523c-ad1b-fb43385e9d4d,2024-03-03T20:10:00+00:00,21.433614,72.974984,2024-03-03T20:00:00+00:00,21.5,73.0,7.822536457188481,1.2859649658203125,-0.8302459716796875,1.530690780924608,302.8471356356145,0.16666666666666666,ERA5
a129fee2-33a7-5873-8554-d7a8bf6a809e,2024-03-03T21:00:00+00:00,21.379,72.93449,2024-03-03T21:00:00+00:00,21.5,73.0,15.066477282644144,-0.357421875,-1.4117584228515625,1.4563008759253173,14.207325989367007,0.0,ERA5
6991af0d-02c2-5825-850c-894750cb7259,2024-03-04T08:12:00+00:00,21.66361,72.98992,2024-03-04T08:00:00+00:00,21.75,73.0,9.662410011674872,-0.7307281494140625,-1.97021484375,2.101359121825429,20.34919001917808,0.2,ERA5
49db150a-a904-5901-adad-05a8a2afea0e,2024-03-04T09:03:00+00:00,21.43876,72.83307,2024-03-04T09:00:00+00:00,21.5,72.75,10.966414108944921,0.6194610595703125,-2.3568115234375,2.4368612109292895,345.2735474724924,0.05,ERA5
edcfa49c-2890-5dff-a125-fdb79dc5b8b6,2024-03-04T09:03:00+00:00,21.62325,72.99809,2024-03-04T09:00:00+00:00,21.5,73.0,13.706198017993621,0.0930938720703125,-2.0970458984375,2.0991112331581157,357.45814517797135,0.05,ERA5
b843c6f5-f36e-5beb-b4ef-8e8319ff7280,2024-03-04T20:41:00+00:00,21.41787,72.90087,2024-03-04T21:00:00+00:00,21.5,73.0,13.734680170638635,-0.964874267578125,-2.62103271484375,2.792990305123815,20.210049710775024,0.31666666666666665,ERA5
6ae0b90b-5f06-575c-9cd8-2ab0454b3477,2024-03-05T07:54:00+00:00,21.6941985714286,72.6053814285714,2024-03-05T08:00:00+00:00,21.75,72.5,12.52998169166838,1.022705078125,-3.7439727783203125,3.8811413065780256,344.72178586476275,0.1,ERA5
82d30430-c7fb-5ece-b423-e27eca51ed34,2024-03-05T07:54:00+00:00,21.422255,72.880165,2024-03-05T08:00:00+00:00,21.5,73.0,15.116953684215428,1.397705078125,-2.2781524658203125,2.6727435610135855,328.4698145962859,0.1,ERA5
a4846d4b-5354-5d38-863b-a1be379d9609,2024-03-05T07:54:00+00:00,21.54128,72.81031,2024-03-05T08:00:00+00:00,21.5,72.75,7.745321097564306,2.006103515625,-3.2351837158203125,3.806686878443236,328.1973824081919,0.1,ERA5
b27a6007-af81-5e0f-9646-bde2e40c80e6,2024-03-05T07:54:00+00:00,21.60032,72.95261,2024-03-05T08:00:00+00:00,21.5,73.0,12.184298977419877,1.397705078125,-2.2781524658203125,2.6727435610135855,328.4698145962859,0.1,ERA5
c2783323-d61e-557b-b453-09934a292623,2024-03-05T07:54:00+00:00,21.69666,72.58144,2024-03-05T08:00:00+00:00,21.75,72.5,10.293208677950457,1.022705078125,-3.7439727783203125,3.8811413065780256,344.72178586476275,0.1,ERA5
c2b34e6f-fd09-5405-be6f-7b1159cd101f,2024-03-05T07:54:00+00:00,21.4368233333333,72.7031266666667,2024-03-05T08:00:00+00:00,21.5,72.75,8.536775154193903,2.006103515625,-3.2351837158203125,3.806686878443236,328.1973824081919,0.1,ERA5
50c88e90-5a81-56b1-972c-81ebe74aafd4,2024-03-05T08:44:00+00:00,21.40905,72.66541,2024-03-05T09:00:00+00:00,21.5,72.75,13.375826924894795,2.36737060546875,-3.1319580078125,3.9260163711245935,322.91525554497133,0.26666666666666666,ERA5
82c92f8c-c354-55ef-8b60-54ac11fe695b,2024-03-05T08:44:00+00:00,22.04091,72.65266,2024-03-05T09:00:00+00:00,22.0,72.75,11.017119001272958,1.21697998046875,-2.6622314453125,2.927202852771294,335.43354268263477,0.26666666666666666,ERA5
90ea3f0c-dc58-5bd6-9d81-cc8889146c7d,2024-03-05T08:44:00+00:00,21.97974,72.89511,2024-03-05T09:00:00+00:00,22.0,73.0,11.046884797011957,1.02752685546875,-2.0870361328125,2.326269816331384,333.7872317762798,0.26666666666666666,ERA5
cb3d9fd9-6b4a-5dd1-8d74-55e014b32114,2024-03-05T08:44:00+00:00,21.42832,72.97549,2024-03-05T09:00:00+00:00,21.5,73.0,8.36428697563524,1.82830810546875,-2.3995361328125,3.016700876983911,322.694690541424,0.26666666666666666,ERA5
a78a1918-3b1d-581a-aca1-c65522976567,2024-03-05T21:13:00+00:00,21.96962,72.57018,2024-03-05T21:00:00+00:00,22.0,72.5,7.985874581928883,1.0953826904296875,-4.046844482421875,4.192471049798836,344.85434379933366,0.21666666666666667,ERA5
3dbe22e1-ccdd-5247-8e6d-04bff84b816d,2024-03-06T07:35:00+00:00,21.51915,72.83075,2024-03-06T08:00:00+00:00,21.5,72.75,8.620783542628915,2.4642791748046875,-2.0754852294921875,3.2218489705782782,310.1050260198655,0.4166666666666667,ERA5
927a1b31-3bb5-56a4-a69d-f647f70234ac,2024-03-06T07:35:00+00:00,22.07933,72.57243,2024-03-06T08:00:00+00:00,22.0,72.5,11.556058965097415,1.7787322998046875,-2.3020477294921875,2.909177262256222,322.3076727142119,0.4166666666666667,ERA5
f5c29737-f229-5041-a122-71c5b4c3401b,2024-03-06T07:35:00+00:00,21.36932,72.6533366666667,2024-03-06T08:00:00+00:00,21.25,72.75,16.622456411136024,2.4720916748046875,-2.7893524169921875,3.72716033392968,318.4507100783331,0.4166666666666667,ERA5
0204b089-90e8-504b-adc4-3d326ab70241,2024-03-06T08:25:00+00:00,22.00809,72.77333,2024-03-06T08:00:00+00:00,22.0,72.75,2.5679292594624634,2.1351776123046875,-2.1145477294921875,3.0050450140368468,314.72186533544465,0.4166666666666667,ERA5
54b12b2e-e7e7-5a49-8323-da293ae3b95a,2024-03-06T08:25:00+00:00,21.96868,72.83485,2024-03-06T08:00:00+00:00,22.0,72.75,9.416524053790575,2.1351776123046875,-2.1145477294921875,3.0050450140368468,314.72186533544465,0.4166666666666667,ERA5
69cda61a-6dad-570c-9782-627a3d5c37b1,2024-03-06T08:25:00+00:00,21.71994,72.99732,2024-03-06T08:00:00+00:00,21.75,73.0,3.3539624194767397,2.1908416748046875,-1.7483367919921875,2.802939311204319,308.590588307093,0.4166666666666667,ERA5
792a47a9-b352-50b2-ae8c-45ad88fedd1b,2024-03-06T08:25:00+00:00,21.38572,72.77431,2024-03-06T08:00:00+00:00,21.5,72.75,12.954048602670117,2.4642791748046875,-2.0754852294921875,3.2218489705782782,310.1050260198655,0.4166666666666667,ERA5
b4795c8e-a3ee-54c0-b320-29a252433482,2024-03-06T08:25:00+00:00,21.745945,72.633245,2024-03-06T08:00:00+00:00,21.75,72.75,12.066926159565245,2.3998260498046875,-2.1946258544921875,3.2520067205537466,312.4427206453249,0.4166666666666667,ERA5
ccea6ed6-4783-5c74-83cd-e39b8d2be373,2024-03-06T08:25:00+00:00,21.5425,72.816715,2024-03-06T08:00:00+00:00,21.5,72.75,8.36416259221193,2.4642791748046875,-2.0754852294921875,3.2218489705782782,310.1050260198655,0.4166666666666667,ERA5
ccf9b2c5-370a-5a2e-af2b-0f2f1a6c565d,2024-03-06T08:25:00+00:00,21.679135,72.59178,2024-03-06T08:00:00+00:00,21.75,72.5,12.328270643828048,1.6185760498046875,-2.6653289794921875,3.1182955276756905,328.7309188992967,0.4166666666666667,ERA5
de49967e-ba06-5863-916f-66358b683555,2024-03-06T08:25:00+00:00,21.51264,72.81158,2024-03-06T08:00:00+00:00,21.5,72.75,6.523849371454261,2.4642791748046875,-2.0754852294921875,3.2218489705782782,310.1050260198655,0.4166666666666667,ERA5
05eb58a4-b146-581f-b197-ea3b266ff94e,2024-03-07T08:06:00+00:00,21.6202,72.855535,2024-03-07T08:00:00+00:00,21.5,72.75,17.255522260748094,1.5122222900390625,-1.9506683349609375,2.4681821665975674,322.2159794107408,0.1,ERA5
58667175-d4f0-5f7b-8e34-64c0f06bf3d9,2024-03-07T08:06:00+00:00,22.01861,72.87619,2024-03-07T08:00:00+00:00,22.0,73.0,12.930401559338865,0.2485504150390625,-1.6157073974609375,1.6347133397100808,351.25452897442625,0.1,ERA5
aa652176-c8dc-5ef2-a8c1-a38756f034ee,2024-03-07T08:06:00+00:00,21.97978,72.741475,2024-03-07T08:00:00+00:00,22.0,72.75,2.4140681139877436,0.2817535400390625,-1.8627777099609375,1.883965459888227,351.3989505928084,0.1,ERA5
d851ceab-0d86-5a00-adcb-b3d93fe68159,2024-03-07T08:06:00+00:00,21.74075,72.6792,2024-03-07T08:00:00+00:00,21.75,72.75,7.3843655893568,0.3881988525390625,-1.8842620849609375,1.9238352200575766,348.3587076164258,0.1,ERA5
81987937-10c8-536e-9bb8-7f8bdba60207,2024-03-07T08:56:00+00:00,21.39029,72.79735,2024-03-07T09:00:00+00:00,21.5,72.75,13.146707709168528,1.8634490966796875,-1.891693115234375,2.655361628505895,315.43093775238185,0.06666666666666667,ERA5
86bda1a8-d677-54ea-90c5-b9338d8993c8,2024-03-07T08:56:00+00:00,21.71651,72.81899,2024-03-07T09:00:00+00:00,21.75,72.75,8.040400770490937,0.7794647216796875,-1.947357177734375,2.097561734494788,338.1853554795224,0.06666666666666667,ERA5
ed41bc5f-1676-595d-a26e-40cdc3f312fc,2024-03-07T08:56:00+00:00,21.36066,72.78288,2024-03-07T09:00:00+00:00,21.25,72.75,12.767584078447058,2.1769256591796875,-3.128997802734375,3.811775514784608,325.17265387104004,0.06666666666666667,ERA5
571ae331-90c5-50d6-bcae-bd2bfb3c9c3c,2024-03-07T21:25:00+00:00,21.75475,72.79152,2024-03-07T21:00:00+00:00,21.75,72.75,4.320475561833126,-0.326934814453125,-2.6336212158203125,2.653836295124543,7.07643228932028,0.4166666666666667,ERA5
e7f37f7d-8bf4-50c9-861b-9ecb0dec0cad,2024-03-08T07:47:00+00:00,21.76025,72.80382,2024-03-08T08:00:00+00:00,21.75,72.75,5.673924470907579,1.2073516845703125,-2.432647705078125,2.7157821980520898,333.6042541862846,0.21666666666666667,ERA5
6aa1270a-a1ad-5bda-b5e8-8590e39298c5,2024-03-08T08:37:00+00:00,21.61392,72.83491,2024-03-08T09:00:00+00:00,21.5,72.75,15.413296391145831,2.158355712890625,-2.108123779296875,3.0170656691899396,314.32545209151635,0.38333333333333336,ERA5
bad03a34-811f-5869-8549-92988468e727,2024-03-08T08:37:00+00:00,21.72267,72.71915,2024-03-08T09:00:00+00:00,21.75,72.75,4.4032683918358035,1.756011962890625,-2.508514404296875,3.0620618103460764,325.0071845315664,0.38333333333333336,ERA5
f529fd2b-09d4-501e-89e6-cebdc39697d8,2024-03-08T08:37:00+00:00,21.69875,72.776315,2024-03-08T09:00:00+00:00,21.75,72.75,6.313843844467878,1.756011962890625,-2.508514404296875,3.0620618103460764,325.0071845315664,0.38333333333333336,ERA5
4be2f8f1-592a-5ff5-a864-adeb0b607c9b,2024-03-08T08:38:00+00:00,21.89329,72.78415,2024-03-08T09:00:00+00:00,22.0,72.75,12.377320873365981,1.546051025390625,-2.329803466796875,2.796114798610769,326.43185997596845,0.36666666666666664,ERA5
e939e31b-5207-52cb-a948-91a02473f8be,2024-03-08T08:38:00+00:00,22.03352,72.80595,2024-03-08T09:00:00+00:00,22.0,72.75,6.867190870312311,1.546051025390625,-2.329803466796875,2.796114798610769,326.43185997596845,0.36666666666666664,ERA5
994268c2-1262-5f5c-a102-c6dbcb6b5bed,2024-03-09T08:19:00+00:00,21.72553,72.568805,2024-03-09T08:00:00+00:00,21.75,72.5,7.609786326912246,0.818695068359375,-1.7784271240234375,1.9578214041168915,335.2811232624497,0.31666666666666665,ERA5
c2673f64-31bd-59b4-8d88-4754012d2660,2024-03-09T08:19:00+00:00,21.5462,72.9378,2024-03-09T08:00:00+00:00,21.5,73.0,8.23333722476015,1.239593505859375,-1.2588958740234375,1.7667515052779694,315.44263635350666,0.31666666666666665,ERA5
d8be1f43-6a2e-58eb-b60a-83df5c975533,2024-03-09T09:09:00+00:00,21.97983,72.67271,2024-03-09T09:00:00+00:00,22.0,72.75,8.278614995641627,2.1554107666015625,-1.289459228515625,2.5116728837143674,300.88967463948484,0.15,ERA5
5a70aa62-692f-52c4-9fec-2466150dd592,2024-03-09T20:48:00+00:00,21.681,72.54791,2024-03-09T21:00:00+00:00,21.75,72.5,9.130271605119157,1.603912353515625,-2.6237335205078125,3.0751442932643585,328.56217290862844,0.2,ERA5
87468de7-db66-5b05-9883-be145b711615,2024-03-10T08:00:00+00:00,21.75992,72.79928,2024-03-10T08:00:00+00:00,21.75,72.75,5.207572365436007,2.9571075439453125,-0.0009307861328125,2.957107690433526,270.01803455386244,0.0,ERA5
c4196a44-3111-5b39-bb18-09d94021ea94,2024-03-10T08:00:00+00:00,21.37428,72.74657,2024-03-10T08:00:00+00:00,21.25,72.75,13.823872601066128,2.6455841064453125,-0.5946807861328125,2.711597407741714,282.66851698541734,0.0,ERA5
824dd168-2811-56a5-acc3-0d4c8c132d68,2024-03-10T20:29:00+00:00,21.7399266666667,72.6098466666667,2024-03-10T20:00:00+00:00,21.75,72.5,11.400400807747982,1.2808380126953125,0.1928558349609375,1.2952757960541676,261.43729469555336,0.48333333333333334,ERA5
1d84c005-4943-5723-a98e-fb54f835e214,2024-03-11T07:41:00+00:00,22.00545,72.61021,2024-03-11T08:00:00+00:00,22.0,72.5,11.378377054175731,0.3690948486328125,-2.073638916015625,2.1062310797492603,349.90740507801615,0.31666666666666665,ERA5
75df7029-9f07-5b76-9fe6-6879600def70,2024-03-11T07:41:00+00:00,21.79137,72.8580733333333,2024-03-11T08:00:00+00:00,21.75,72.75,12.070989115807299,0.5751495361328125,-1.981842041015625,2.063612091564393,343.8167653631371,0.31666666666666665,ERA5
c0775b3c-0efe-5b4c-800c-1d24aeb67824,2024-03-11T07:41:00+00:00,21.9797,72.6945,2024-03-11T08:00:00+00:00,22.0,72.75,6.151468889720552,0.6864776611328125,-1.978912353515625,2.094599169801021,340.8685215947703,0.31666666666666665,ERA5
1833df53-cefc-58af-8243-70c3be077bd8,2024-03-11T08:31:00+00:00,21.68682,72.78205,2024-03-11T09:00:00+00:00,21.75,72.75,7.766355756740487,1.0528564453125,-1.5421905517578125,1.8673131479125669,325.6785716736514,0.48333333333333334,ERA5
392eecfd-59f4-52ba-9dd6-543a6788cf0b,2024-03-11T08:31:00+00:00,21.97901,72.81432,2024-03-11T09:00:00+00:00,22.0,72.75,7.0304871471944494,1.1632080078125,-1.7082061767578125,2.066644916707432,325.74697914354545,0.48333333333333334,ERA5
89dea9f6-34aa-5c5e-8e05-eef9e65fdce4,2024-03-11T08:31:00+00:00,21.704535,72.952575,2024-03-11T09:00:00+00:00,21.75,73.0,7.039592846331719,0.7628173828125,-1.4386749267578125,1.6283967281969431,332.066472058204,0.48333333333333334,ERA5
d8a16c95-bf2f-5714-b662-0fc8cd168475,2024-03-11T08:31:00+00:00,22.09689,72.81026,2024-03-11T09:00:00+00:00,22.0,72.75,12.435564404728888,1.1632080078125,-1.7082061767578125,2.066644916707432,325.74697914354545,0.48333333333333334,ERA5
8f706f8a-7458-5fbe-9389-d350a3c0a8be,2024-03-11T20:10:00+00:00,21.38759,72.84103,2024-03-11T20:00:00+00:00,21.5,72.75,15.652414914632633,2.5263824462890625,-1.1155853271484375,2.761727518613376,293.8250165240759,0.16666666666666666,ERA5
cdb47e7b-1080-51bd-a133-3e9b6cddcb87,2024-03-11T20:10:00+00:00,21.69364,72.60201,2024-03-11T20:00:00+00:00,21.75,72.5,12.260281641623196,2.4013824462890625,-1.6058197021484375,2.888822349877773,303.770898278382,0.16666666666666666,ERA5
bed8328e-9afb-5fe9-b8d5-b9ce53d3b322,2024-03-11T21:00:00+00:00,21.79227,72.64935,2024-03-11T21:00:00+00:00,21.75,72.75,11.406867688923759,1.859466552734375,-2.028656005859375,2.7519195211428644,317.4916215857349,0.0,ERA5
0e8c16f7-c8d8-596f-b3cb-f41d7b0b17b5,2024-03-12T07:22:00+00:00,21.439455,72.710375,2024-03-12T07:00:00+00:00,21.5,72.75,7.882690371799417,1.0352630615234375,-2.86663818359375,3.047849091112051,340.14322681859215,0.36666666666666664,ERA5
d8eae84a-bd60-5209-b81d-4eb8f67472df,2024-03-12T08:12:00+00:00,21.519975,72.933155,2024-03-12T08:00:00+00:00,21.5,73.0,7.263108664396852,1.1224517822265625,-2.21038818359375,2.479055046906878,333.07819639607186,0.2,ERA5
34c09c04-a683-56bb-91ed-63afa6d33b1b,2024-03-12T08:13:00+00:00,21.76217,72.88435,2024-03-12T08:00:00+00:00,21.75,73.0,12.020117389924447,0.7406158447265625,-2.15863037109375,2.2821474335520877,341.063148523691,0.21666666666666667,ERA5
607f4e01-1ca2-520d-b99a-800ad76241f8,2024-03-12T08:13:00+00:00,22.0069525,72.6411775,2024-03-12T08:00:00+00:00,22.0,72.75,11.24572621861285,1.1156158447265625,-2.51116943359375,2.747830168918836,336.04626562405014,0.21666666666666667,ERA5
97386a16-f742-5bd5-b472-743984f5e606,2024-03-12T08:13:00+00:00,21.7590866666667,72.8263066666667,2024-03-12T08:00:00+00:00,21.75,72.75,7.945128126016801,1.0638580322265625,-2.51995849609375,2.7353216876206807,337.11184974724245,0.21666666666666667,ERA5
4ac0528c-62b7-512d-ad61-303341ce9d11,2024-03-12T09:03:00+00:00,21.99885,72.64875,2024-03-12T09:00:00+00:00,22.0,72.75,10.439512077572878,1.7714385986328125,-2.064117431640625,2.720032257222122,319.3635987621708,0.05,ERA5
48954de5-b39f-59de-b66d-f8dba4563859,2024-03-12T20:41:00+00:00,21.98077,72.58234,2024-03-12T21:00:00+00:00,22.0,72.5,8.754817904960934,2.9434051513671875,-1.8498992919921875,3.4764581509933485,302.1489311117776,0.31666666666666665,ERA5
8970dc92-8812-5e20-9623-c8b5e6b9a99b,2024-03-13T07:54:00+00:00,21.73886,72.73959,2024-03-13T08:00:00+00:00,21.75,72.75,1.6402462407954879,1.8356781005859375,-0.4009552001953125,1.8789569344544483,282.3212322189278,0.1,ERA5
b07caa4b-3a64-5bd7-b9bc-80635610b10e,2024-03-13T07:54:00+00:00,21.7317033333333,72.7974733333333,2024-03-13T08:00:00+00:00,21.75,72.75,5.308633449723446,1.8356781005859375,-0.4009552001953125,1.8789569344544483,282.3212322189278,0.1,ERA5
23c22349-2ed8-5864-8515-b6944f9e9932,2024-03-13T08:44:00+00:00,21.46695,72.80219,2024-03-13T09:00:00+00:00,21.5,72.75,6.531947393968187,2.2481842041015625,0.6425628662109375,2.3382085562680226,254.04931406162305,0.26666666666666666,ERA5
c794dc53-4e5d-5877-9a02-4f18b7e0f6b3,2024-03-13T08:44:00+00:00,21.67535,72.581375,2024-03-13T09:00:00+00:00,21.75,72.5,11.81401420057485,1.1778717041015625,0.1826019287109375,1.1919417836841164,261.18775575662653,0.26666666666666666,ERA5
d193f19c-34fc-52fb-b2f6-17fb526f6b69,2024-03-13T08:44:00+00:00,21.4482,72.78792,2024-03-13T09:00:00+00:00,21.5,72.75,6.969414289393881,2.2481842041015625,0.6425628662109375,2.3382085562680226,254.04931406162305,0.26666666666666666,ERA5
1c3dd30d-41f0-5ae2-b4b6-3808f4c75f80,2024-03-14T07:35:00+00:00,21.97449,72.86507,2024-03-14T08:00:00+00:00,22.0,72.75,12.198942865980156,0.497039794921875,-1.38116455078125,1.4678774043055338,340.20771383489216,0.4166666666666667,ERA5
6f96bf39-f3b9-5384-88ad-2de4bfc36c4e,2024-03-14T07:35:00+00:00,21.72919,72.63509,2024-03-14T08:00:00+00:00,21.75,72.75,12.092106036522365,0.553680419921875,-1.01788330078125,1.1587270694232514,331.4558983533311,0.4166666666666667,ERA5
777bb633-e015-50d1-8a4c-c77347e1ccc6,2024-03-14T07:35:00+00:00,22.03963,72.741215,2024-03-14T08:00:00+00:00,22.0,72.75,4.498744491153577,0.497039794921875,-1.38116455078125,1.4678774043055338,340.20771383489216,0.4166666666666667,ERA5
d1ea411d-d9ab-528f-a30b-a1e6802734a5,2024-03-14T07:35:00+00:00,22.09586,72.57647,2024-03-14T08:00:00+00:00,22.0,72.5,13.256372979887884,0.213836669921875,-1.54132080078125,1.5560835235694228,352.10143204572114,0.4166666666666667,ERA5
18aaf7d9-6ec7-5c1e-9e2e-f57fae36456d,2024-03-14T08:25:00+00:00,21.40629,72.66354,2024-03-14T08:00:00+00:00,21.5,72.75,13.734688605719093,1.465789794921875,0.04364013671875,1.4664392876726753,268.2946686689348,0.4166666666666667,ERA5
2a626a9e-9109-578b-9004-a2a7f132f3bf,2024-03-15T08:06:00+00:00,21.64087,72.84978,2024-03-15T08:00:00+00:00,21.75,72.75,15.922565371897784,0.4916229248046875,-0.7711944580078125,0.914567653186728,327.4832047699593,0.1,ERA5
668d5312-de51-5abb-8da3-bba159e9c938,2024-03-15T08:06:00+00:00,21.72691,72.6927266666667,2024-03-15T08:00:00+00:00,21.75,72.75,6.448749115162795,0.4916229248046875,-0.7711944580078125,0.914567653186728,327.4832047699593,0.1,ERA5
9a17d77d-07d7-5488-8d8f-bd041be6f67b,2024-03-15T08:06:00+00:00,21.85143,72.8056,2024-03-15T08:00:00+00:00,21.75,72.75,12.655250484304986,0.4916229248046875,-0.7711944580078125,0.914567653186728,327.4832047699593,0.1,ERA5
a1a80a7d-e2e0-5863-acc7-c361ad269fc5,2024-03-15T08:06:00+00:00,22.021,72.720625,2024-03-15T08:00:00+00:00,22.0,72.75,3.8240244276075073,0.4408416748046875,-1.2819366455078125,1.355619026622312,341.02255938498814,0.1,ERA5
9972b08b-d7e9-51eb-b2de-638ee646cedc,2024-03-15T08:56:00+00:00,21.35377,72.88426,2024-03-15T09:00:00+00:00,21.25,73.0,16.640672269982275,1.496124267578125,-0.76983642578125,1.682568259089607,297.22825752528047,0.06666666666666667,ERA5
03babf46-de35-525b-a6d8-0cf95a9a0a6d,2024-03-15T20:35:00+00:00,22.08881,72.89872,2024-03-15T21:00:00+00:00,22.0,73.0,14.36949510193964,2.06005859375,1.0916595458984375,2.3314291698085983,242.0801344520944,0.4166666666666667,ERA5
a904336a-5e5f-54bd-b20e-9e4e81bc1412,2024-03-16T07:47:00+00:00,21.734565,72.78151,2024-03-16T08:00:00+00:00,21.75,72.75,3.6793193127985004,0.7956085205078125,-0.46685791015625,0.922469092262766,300.4041337999902,0.21666666666666667,ERA5
b2c2b145-4093-5781-abf2-a67fff7a5d91,2024-03-16T07:47:00+00:00,21.77334,72.77716,2024-03-16T08:00:00+00:00,21.75,72.75,3.8213326853748857,0.7956085205078125,-0.46685791015625,0.922469092262766,300.4041337999902,0.21666666666666667,ERA5
1c9c4f12-7fe2-54d8-bc9f-eba2e3974385,2024-03-16T08:38:00+00:00,21.75552,72.62208,2024-03-16T09:00:00+00:00,21.75,72.5,12.622978521057409,0.2587890625,0.7148590087890625,0.760259943253957,199.9009718104954,0.36666666666666664,ERA5
24636ed5-a06c-5745-b609-6b9a29260cd6,2024-03-16T08:38:00+00:00,22.03369,72.75358,2024-03-16T09:00:00+00:00,22.0,72.75,3.764291287709479,0.5517578125,-0.5312347412109375,0.7659288700161634,313.9143557503025,0.36666666666666664,ERA5
27f19d32-ccf1-5a3d-b668-7b9264f864e0,2024-03-16T08:38:00+00:00,21.74878,72.857555,2024-03-16T09:00:00+00:00,21.75,72.75,11.109038455220627,0.970703125,-0.0029144287109375,0.9707075001149815,270.1720237205165,0.36666666666666664,ERA5
30fc00d2-cb4a-5e2f-8518-c281c7818fed,2024-03-16T08:38:00+00:00,21.53111,72.73147,2024-03-16T09:00:00+00:00,21.5,72.75,3.95486462514304,1.931640625,0.8828277587890625,2.1238221102151917,245.43793097263335,0.36666666666666664,ERA5
8447d43c-d718-5b3d-88c1-4026a5d0be5b,2024-03-16T08:38:00+00:00,22.08973,72.65925,2024-03-16T09:00:00+00:00,22.0,72.75,13.676005197135918,0.5517578125,-0.5312347412109375,0.7659288700161634,313.9143557503025,0.36666666666666664,ERA5
4116ecdd-bffa-585b-ab06-a622ca00d97b,2024-03-17T08:19:00+00:00,21.97715,72.78393,2024-03-17T08:00:00+00:00,22.0,72.75,4.323713598447327,1.6132354736328125,0.9953765869140625,1.8956010242569434,238.32514924636902,0.31666666666666665,ERA5
4fbdc757-1066-5042-8144-574b608df6ae,2024-03-17T08:19:00+00:00,21.831025,72.87795,2024-03-17T08:00:00+00:00,21.75,73.0,15.491075273100533,1.9608917236328125,1.1477203369140625,2.2720823760545725,239.65933482437038,0.31666666666666665,ERA5
25dd5610-9eee-5c42-8666-2594b6a6ef94,2024-03-17T09:09:00+00:00,21.856345,72.662645,2024-03-17T09:00:00+00:00,21.75,72.75,14.871652282164796,2.4417266845703125,1.6641998291015625,2.954926441271322,235.72295670530693,0.15,ERA5
79f596a6-673c-5fac-97e3-cac409284be4,2024-03-17T20:48:00+00:00,21.43336,72.97727,2024-03-17T21:00:00+00:00,21.5,73.0,7.77438536914973,0.8814544677734375,2.080230712890625,2.2592746175733467,202.9637911768202,0.2,ERA5
cdceff57-c12b-5059-9a99-b8a4e1d6430e,2024-03-18T08:00:00+00:00,21.75985,72.61406,2024-03-18T08:00:00+00:00,21.75,72.5,11.830397881155099,0.650421142578125,-2.55908203125,2.6404447552219796,345.73954513846707,0.0,ERA5
6b9653dc-5a94-5540-8ac6-5baa3a83deca,2024-03-18T08:50:00+00:00,21.8653,72.76358,2024-03-18T09:00:00+00:00,21.75,72.75,12.897200254828299,1.4546966552734375,-3.1520538330078125,3.471539388375562,335.2263193266567,0.16666666666666666,ERA5
2e81b46b-eea0-5234-8454-77256b2fe2d8,2024-03-19T07:41:00+00:00,21.697616,72.634268,2024-03-19T08:00:00+00:00,21.75,72.75,13.298391025496429,-1.261260986328125,-2.246734619140625,2.5765472486407783,29.308771649568484,0.31666666666666665,ERA5
4be82149-179b-52e1-80e8-51114e831739,2024-03-19T07:41:00+00:00,21.96572,72.815975,2024-03-19T08:00:00+00:00,22.0,72.75,7.797855413950041,-1.803253173828125,-2.209625244140625,2.85204588470535,39.217542162764744,0.31666666666666665,ERA5
a45a8503-8b0c-58da-9b4b-06eb1515818e,2024-03-19T07:41:00+00:00,21.92462,72.98795,2024-03-19T08:00:00+00:00,22.0,73.0,8.473488910987118,-1.674346923828125,-2.223297119140625,2.7832512824593665,36.983105184681335,0.31666666666666665,ERA5
bc778909-6851-5c69-87ab-2b081b36d9df,2024-03-19T07:41:00+00:00,21.95357,72.79102,2024-03-19T08:00:00+00:00,22.0,72.75,6.6742280236428195,-1.803253173828125,-2.209625244140625,2.85204588470535,39.217542162764744,0.31666666666666665,ERA5
69745dd1-851c-5cc6-88f5-e160a2e6e17b,2024-03-19T20:10:00+00:00,21.76249,72.75015,2024-03-19T20:00:00+00:00,21.75,72.75,1.3889110265045979,-0.429290771484375,-2.562255859375,2.597969525491623,9.511227978474949,0.16666666666666666,ERA5
07d9224b-99ab-525e-bef4-10d3629355fd,2024-03-20T07:23:00+00:00,21.96016,72.58041,2024-03-20T07:00:00+00:00,22.0,72.5,9.400551121063188,0.466339111328125,-0.2430572509765625,0.52587925801137,297.52865193490265,0.38333333333333336,ERA5
24f023eb-5661-550e-b9bb-68db8fb08800,2024-03-20T07:23:00+00:00,22.06902375,72.67035,2024-03-20T07:00:00+00:00,22.0,72.75,11.238651125377757,1.344268798828125,-0.1659088134765625,1.3544682860414305,277.0358291449403,0.38333333333333336,ERA5
2c151c12-cc3a-5ce3-84d4-5305cdf6dda1,2024-03-20T07:23:00+00:00,21.95068,72.5847,2024-03-20T07:00:00+00:00,22.0,72.5,10.312965200536416,0.466339111328125,-0.2430572509765625,0.52587925801137,297.52865193490265,0.38333333333333336,ERA5
4fac5400-a504-5b8d-93f7-7d58db3e972b,2024-03-20T08:12:00+00:00,21.81528,72.66055,2024-03-20T08:00:00+00:00,21.75,72.75,11.747236814854748,2.1746978759765625,0.2096405029296875,2.1847791632669846,264.4937111142113,0.2,ERA5
6ebb9b83-67d0-5094-bc08-6653b35e7116,2024-03-20T08:12:00+00:00,21.68141,72.63574,2024-03-20T08:00:00+00:00,21.75,72.75,14.053139477964066,2.1746978759765625,0.2096405029296875,2.1847791632669846,264.4937111142113,0.2,ERA5
d100ceef-d8f1-590b-ab02-a052627d5aa7,2024-03-20T08:12:00+00:00,21.45425,72.96929,2024-03-20T08:00:00+00:00,21.5,73.0,5.998079968505042,2.3875885009765625,-0.0637969970703125,2.388440685223457,271.5305942046012,0.2,ERA5
51260a34-efad-5fb7-a74f-f9dac316dcaf,2024-03-20T09:03:00+00:00,21.52334,72.74148,2024-03-20T09:00:00+00:00,21.5,72.75,2.7408711313177103,2.278564453125,1.0799407958984375,2.521532884911593,244.64107592967963,0.05,ERA5
84ac89ac-cdf1-56fa-a43e-a8408b46a5fe,2024-03-20T09:03:00+00:00,22.061015,72.6702,2024-03-20T09:00:00+00:00,22.0,72.75,10.662477377236996,2.328369140625,-0.4962310791015625,2.380661281846097,282.0310965794085,0.05,ERA5
98ebd7d2-1b33-50e5-9ded-2522f4e59b21,2024-03-20T09:03:00+00:00,21.8276,72.87157,2024-03-20T09:00:00+00:00,21.75,72.75,15.23197796323655,2.468994140625,0.0447845458984375,2.4694002757738387,268.9608383160332,0.05,ERA5
c4785d6d-ce14-52b8-9312-274e7cbc38d2,2024-03-20T09:03:00+00:00,22.08057,72.66906,2024-03-20T09:00:00+00:00,22.0,72.75,12.241679006453976,2.328369140625,-0.4962310791015625,2.380661281846097,282.0310965794085,0.05,ERA5
c5c31285-50c6-59f4-b160-d631f34fe144,2024-03-20T09:03:00+00:00,22.00701,72.55339,2024-03-20T09:00:00+00:00,22.0,72.5,5.559191653799558,0.919189453125,-0.1729888916015625,0.935325829512782,280.6582409547906,0.05,ERA5
829d6ad1-bb5a-5762-8322-27e2b08872c6,2024-03-20T19:51:00+00:00,22.054475,72.69873,2024-03-20T20:00:00+00:00,22.0,72.75,8.038705901373996,1.1934356689453125,2.137481689453125,2.448084285448181,209.17625056468654,0.15,ERA5
3573043d-e28e-5684-8aff-007d3a8fa0cf,2024-03-20T20:41:00+00:00,21.74971,72.66191,2024-03-20T21:00:00+00:00,21.75,72.75,9.097905400509891,0.7248992919921875,1.3159027099609375,1.5023577888150725,208.84931628736592,0.31666666666666665,ERA5
875e2aca-40a5-5d7b-a736-4af80d9622c8,2024-03-20T20:41:00+00:00,21.4348,72.97602,2024-03-20T21:00:00+00:00,21.5,73.0,7.662824803714441,-0.4254913330078125,0.8676605224609375,0.9663734561244697,153.8771676017526,0.31666666666666665,ERA5
d0d2c6fa-f4d4-5b08-a78b-a3565839cb7f,2024-03-20T21:32:00+00:00,21.69331,72.6070566666667,2024-03-20T22:00:00+00:00,21.75,72.5,12.729281909354683,2.7489166259765625,-0.534759521484375,2.8004482431190487,281.0085206285275,0.4666666666666667,ERA5
77ec61f2-334c-5efa-9dbb-37cf79416fad,2024-03-21T20:20:00+00:00,21.350215,72.95718,2024-03-21T20:00:00+00:00,21.25,73.0,11.993936417896704,1.5509796142578125,-0.76141357421875,1.7277987136376403,296.14754321009843,0.3333333333333333,ERA5
b3b681a9-4ec9-5da6-9fa0-c0b650b3ff26,2024-03-21T21:13:00+00:00,21.41253,72.79044,2024-03-21T21:00:00+00:00,21.5,72.75,10.588404299576567,2.800048828125,-1.81451416015625,3.336575351658003,302.9444266498906,0.21666666666666667,ERA5
34278315-2856-5010-b9fa-f48f0b09ecf4,2024-03-22T07:32:00+00:00,21.922,72.56239,2024-03-22T08:00:00+00:00,22.0,72.5,10.799147949517833,-0.262176513671875,-1.9014434814453125,1.9194332073432536,7.850606050901092,0.4666666666666667,ERA5
6ee36714-0c16-5166-8b4e-139c11a19adc,2024-03-22T07:32:00+00:00,21.7224466666667,72.67303,2024-03-22T08:00:00+00:00,21.75,72.75,8.520066805756697,0.448760986328125,-1.1367950439453125,1.2221658622252614,338.45788593607756,0.4666666666666667,ERA5
4d1c0652-ed8c-559f-b002-e006768d1929,2024-03-22T08:25:00+00:00,21.68863,72.84536,2024-03-22T08:00:00+00:00,21.75,72.75,11.98354149827172,0.448760986328125,-1.1367950439453125,1.2221658622252614,338.45788593607756,0.4166666666666667,ERA5
0ac70768-b59c-5692-8e73-1caedeb257ba,2024-03-22T09:12:00+00:00,21.84721,72.73569,2024-03-22T09:00:00+00:00,21.75,72.75,10.909759241637012,0.950836181640625,-0.53167724609375,1.0893898009118488,299.21252748799867,0.2,ERA5
13bf1d5a-0a7e-5031-80ba-d0a9f17d8fdd,2024-03-22T09:12:00+00:00,21.82678,72.63967,2024-03-22T09:00:00+00:00,21.75,72.75,14.23589842899261,0.950836181640625,-0.53167724609375,1.0893898009118488,299.21252748799867,0.2,ERA5
ec2c650b-5802-5e70-b064-34ebc5365db3,2024-03-22T09:12:00+00:00,22.01082,72.7238,2024-03-22T09:00:00+00:00,22.0,72.75,2.956905335445054,0.698883056640625,-1.07562255859375,1.2827320123139938,326.98630431032603,0.2,ERA5
4d0ac786-85f0-5eed-9d8c-3807c8eda49e,2024-03-22T20:54:00+00:00,21.37956,72.77724,2024-03-22T21:00:00+00:00,21.5,72.75,13.685865063924503,1.7474212646484375,-0.6035308837890625,1.8487105246178352,289.0540798676961,0.1,ERA5
56b2ec35-6895-5b84-b2ef-56a00b349ddd,2024-03-23T08:06:00+00:00,21.39411,72.88593,2024-03-23T08:00:00+00:00,21.5,73.0,16.673691616507945,1.72088623046875,-0.6338043212890625,1.8338913097295686,290.2188086659042,0.1,ERA5
daff6359-6ae0-5cc8-8453-78e186ddd241,2024-03-23T08:06:00+00:00,21.67286,72.80779,2024-03-23T08:00:00+00:00,21.75,72.75,10.450683473113942,1.61053466796875,-0.2763824462890625,1.6340774685876855,279.737627910211,0.1,ERA5
e5d18d38-c7c4-5339-bc98-0e8fa90d6d35,2024-03-23T08:06:00+00:00,21.92375,72.70081,2024-03-23T08:00:00+00:00,22.0,72.75,9.880271625583262,1.56170654296875,-0.4463043212890625,1.62422746976915,285.94887090864455,0.1,ERA5
d360417a-d2ee-50c7-bb97-df6cfe88adc2,2024-03-23T08:07:00+00:00,21.96904,72.55879,2024-03-23T08:00:00+00:00,22.0,72.5,6.97114700636356,0.93572998046875,-0.0507965087890625,0.9371077214777416,273.10727640821693,0.11666666666666667,ERA5
f77cd7d1-6832-5194-b45b-79e3bc71f7b2,2024-03-23T20:35:00+00:00,21.74558,72.6647466666667,2024-03-23T21:00:00+00:00,21.75,72.75,8.818712917155427,3.162994384765625,-1.5762786865234375,3.5340045239992164,296.48937715341054,0.4166666666666667,ERA5
2ec572a1-0a99-579b-b3bc-4db5391edb09,2024-03-24T07:48:00+00:00,21.98798,72.88097,2024-03-24T08:00:00+00:00,22.0,73.0,12.344858678500083,1.56396484375,-1.88262939453125,2.447504743537602,320.2824242085992,0.2,ERA5
39ee1e64-73d6-5774-86fe-fd3d0a84616e,2024-03-24T08:31:00+00:00,21.85323,72.64621,2024-03-24T09:00:00+00:00,21.75,72.75,15.702882407788714,0.8606109619140625,-1.64532470703125,1.8568103347768496,332.3875305994221,0.48333333333333334,ERA5
c5878368-ef68-56ce-8be9-8f9d6f30d85b,2024-03-24T20:16:00+00:00,21.431965,72.977045,2024-03-24T20:00:00+00:00,21.5,73.0,7.929318895126116,0.4877777099609375,1.8111572265625,1.8756912308971068,195.0731620239653,0.26666666666666666,ERA5
1307d098-5d66-54cb-a733-490e756c91a9,2024-03-24T20:59:00+00:00,21.39535,72.95287,2024-03-24T21:00:00+00:00,21.5,73.0,12.617502083984068,0.1725921630859375,1.96881103515625,1.976361542560396,185.00992084250245,0.016666666666666666,ERA5
52097cca-c103-54de-9712-26f78fc75dff,2024-03-25T07:29:00+00:00,22.03123,72.80224,2024-03-25T07:00:00+00:00,22.0,72.75,6.407809924867154,0.0478057861328125,-1.3233489990234375,1.3242122059564736,357.93109813360905,0.48333333333333334,ERA5
1d06e475-d1be-5ecf-9792-4814c116ff8e,2024-03-25T08:11:00+00:00,21.81485,72.71288,2024-03-25T08:00:00+00:00,21.75,72.75,8.166339722592339,0.6172637939453125,-1.00726318359375,1.1813524928399557,328.4994987508738,0.18333333333333332,ERA5
f5155808-7c34-595f-9511-ab534888e28c,2024-03-25T08:11:00+00:00,21.805515,72.98508,2024-03-25T08:00:00+00:00,21.75,73.0,6.362332942804758,0.3311309814453125,-1.15374755859375,1.200325437468512,343.98627171649093,0.18333333333333332,ERA5
069515cf-16ac-5414-a365-c277649a6cef,2024-03-26T07:50:00+00:00,21.791655,72.9035,2024-03-26T08:00:00+00:00,21.75,73.0,10.988830372689483,1.0361328125,-0.8634490966796875,1.348745916655961,309.8057370806264,0.16666666666666666,ERA5
a66940bb-24d7-5a73-a8c2-afa078e6f155,2024-03-26T07:50:00+00:00,21.7347933333333,72.6796033333333,2024-03-26T08:00:00+00:00,21.75,72.75,7.46490398220406,1.103515625,-0.6974334716796875,1.305434863192462,302.2933167541811,0.16666666666666666,ERA5
a7fb6a96-55cb-5474-946b-d94f17f51821,2024-03-26T07:50:00+00:00,21.952025,72.7486925,2024-03-26T08:00:00+00:00,22.0,72.75,5.336280068243888,0.998046875,-0.7267303466796875,1.2345989476273032,306.0603293983776,0.16666666666666666,ERA5
f3836ae5-8069-5273-af9b-0dfcc4fe9750,2024-03-26T07:50:00+00:00,21.77391,72.78639,2024-03-26T08:00:00+00:00,21.75,72.75,4.603383873352313,1.103515625,-0.6974334716796875,1.305434863192462,302.2933167541811,0.16666666666666666,ERA5
eacb2e7f-f8e2-5b17-8e7c-a93047ab8396,2024-03-26T08:50:00+00:00,21.69255,72.60863,2024-03-26T09:00:00+00:00,21.75,72.5,12.912355560114078,0.108489990234375,0.010711669921875,0.1090175116830777,,0.16666666666666666,ERA5
f3f4370f-9409-5d1f-a33e-4ea1b4b724c8,2024-03-26T08:51:00+00:00,22.06935,72.70633,2024-03-26T09:00:00+00:00,22.0,72.75,8.928938542554945,1.223724365234375,-0.809600830078125,1.467295071255766,303.4881259821985,0.15,ERA5
0642800d-b257-5029-9ba8-25eda8556db6,2024-03-26T20:18:00+00:00,21.67318,72.54091,2024-03-26T20:00:00+00:00,21.75,72.5,9.53032077839865,2.28607177734375,1.210357666015625,2.586714103036979,242.10107730672732,0.3,ERA5
22f4ac22-de06-5812-8831-412b7842647e,2024-03-27T07:30:00+00:00,21.90947,72.68316,2024-03-27T07:00:00+00:00,22.0,72.75,12.200459318297145,-0.0794677734375,-1.3671112060546875,1.3694189193725257,3.326759487177469,0.5,ERA5
6e33a22c-78d1-5e9f-86f9-eebf1cbad707,2024-03-27T07:30:00+00:00,21.731395,72.83759,2024-03-27T07:00:00+00:00,21.75,72.75,9.280311603885329,-0.0013427734375,-1.1952362060546875,1.1952369603156137,0.0643682127886791,0.5,ERA5
58f8cc51-a98b-5bef-a2ac-dbb58a24665b,2024-03-27T09:10:00+00:00,21.78633,72.76598,2024-03-27T09:00:00+00:00,21.75,72.75,4.363758848373146,0.4432220458984375,-0.3841400146484375,0.5865230880574936,310.91543454628936,0.16666666666666666,ERA5
7bb08cf3-6427-5630-9767-ab24bc603fed,2024-03-27T21:00:00+00:00,21.72572,72.72125,2024-03-27T21:00:00+00:00,21.75,72.75,4.013357159070218,0.574432373046875,0.337982177734375,0.6664866867915179,239.5284693255999,0.0,ERA5
285d0837-e7bb-5568-8633-ffe9db612b16,2024-03-28T08:13:00+00:00,21.83484,72.99869,2024-03-28T08:00:00+00:00,21.75,73.0,9.434747128251157,1.37762451171875,-0.6166839599609375,1.5093536370782785,294.11534150182433,0.21666666666666667,ERA5
323ea813-781a-5216-ad53-df756a25cd21,2024-03-28T08:13:00+00:00,21.76312,72.72845,2024-03-28T08:00:00+00:00,21.75,72.75,2.66109666486072,1.48602294921875,-0.8412933349609375,1.707641262401002,299.5158279287937,0.21666666666666667,ERA5
4acbf69d-b06d-507c-84c6-29ca3d7e72d1,2024-03-28T08:13:00+00:00,21.83889,72.70335,2024-03-28T08:00:00+00:00,21.75,72.75,10.995186797109717,1.48602294921875,-0.8412933349609375,1.707641262401002,299.5158279287937,0.21666666666666667,ERA5
68ae59f0-42f6-5fe7-b717-7c2db6d792e5,2024-03-28T08:13:00+00:00,21.89211,72.66267,2024-03-28T08:00:00+00:00,22.0,72.75,15.001646061376263,1.32586669921875,-1.4213714599609375,1.943764216999765,316.99102394021236,0.21666666666666667,ERA5
9e0cd657-d3e4-5fe7-a13e-220423fc042c,2024-03-28T08:13:00+00:00,21.73084,72.7905,2024-03-28T08:00:00+00:00,21.75,72.75,4.694371384876597,1.48602294921875,-0.8412933349609375,1.707641262401002,299.5158279287937,0.21666666666666667,ERA5
a2b87f34-5a38-5830-a20c-f8a97a56c473,2024-03-28T08:49:00+00:00,21.80697,72.98269,2024-03-28T09:00:00+00:00,21.75,73.0,6.58211086581353,1.962066650390625,-0.50506591796875,2.0260298917016755,284.43541227342695,0.18333333333333332,ERA5
e6cefbb6-4cba-50c0-b163-ea153a702dc6,2024-03-28T08:50:00+00:00,22.07132,72.664015,2024-03-28T09:00:00+00:00,22.0,72.75,11.892786450202586,1.829254150390625,-0.98260498046875,2.0764593168091015,298.2429820179728,0.16666666666666666,ERA5
4bf04843-3230-57cc-a1eb-56485644965e,2024-03-29T07:54:00+00:00,22.08644,72.59419,2024-03-29T08:00:00+00:00,22.0,72.5,13.661146594915902,0.37249755859375,-0.8152008056640625,0.8962738335540321,335.4424604926523,0.1,ERA5
545c8df5-ff86-578a-8357-4b0565b35100,2024-03-29T08:29:00+00:00,21.777215,72.81147,2024-03-29T08:00:00+00:00,21.75,72.75,7.032368640900187,0.81195068359375,-0.9880523681640625,1.2788711408202822,320.5876989146931,0.48333333333333334,ERA5
613cb35e-3ba2-55eb-89a9-015f62d64452,2024-03-29T08:29:00+00:00,21.70562,72.74886,2024-03-29T08:00:00+00:00,21.75,72.75,4.936235607355467,0.81195068359375,-0.9880523681640625,1.2788711408202822,320.5876989146931,0.48333333333333334,ERA5
b0882855-00e0-552e-8ddc-fb3ce74999cf,2024-03-29T08:29:00+00:00,21.7710233333333,72.78597,2024-03-29T08:00:00+00:00,21.75,72.75,4.389027371267476,0.81195068359375,-0.9880523681640625,1.2788711408202822,320.5876989146931,0.48333333333333334,ERA5
cc50f28f-3452-50af-8a10-5e42c0ca5b31,2024-03-29T08:29:00+00:00,22.05081,72.91811,2024-03-29T08:00:00+00:00,22.0,73.0,10.157467141976383,0.85589599609375,-0.8278961181640625,1.1907854292862488,314.04731292607386,0.48333333333333334,ERA5
3d806329-8a8c-532e-985e-81e7e4642df5,2024-03-29T20:57:00+00:00,21.90869,72.68215,2024-03-29T21:00:00+00:00,22.0,72.75,12.330939116914633,2.49639892578125,-0.8051605224609375,2.623030892607128,287.8760054492635,0.05,ERA5
a1798d19-1654-5756-b319-a25206af3434,2024-03-29T20:57:00+00:00,21.72856,72.89434,2024-03-29T21:00:00+00:00,21.75,73.0,11.170625423508909,0.43096923828125,1.7807769775390625,1.832184796377778,193.60467922320453,0.05,ERA5
4b560ffd-9a7e-5b45-990e-0b8da52707e5,2024-03-30T07:35:00+00:00,21.81168,72.86018,2024-03-30T08:00:00+00:00,21.75,72.75,13.28424587321585,2.2360992431640625,-1.3514404296875,2.612763108334322,301.14767781501126,0.4166666666666667,ERA5
8478cf6e-d16f-5001-a8e5-94a96e3c7e91,2024-03-30T07:35:00+00:00,22.078115,72.6085825,2024-03-30T08:00:00+00:00,22.0,72.5,14.166778501822627,1.5056304931640625,-1.5125732421875,2.1341979746328743,315.1317967740182,0.4166666666666667,ERA5
acf3e10a-5aa4-5672-b05a-f07c3ba26aad,2024-03-30T07:35:00+00:00,21.477815,72.853125,2024-03-30T08:00:00+00:00,21.5,72.75,10.951344409129923,2.4734039306640625,-0.7371826171875,2.58092332611952,286.5963595269041,0.4166666666666667,ERA5
e7577d85-9b2d-576e-ad07-3bd964dcc6c7,2024-03-30T07:35:00+00:00,21.88954,72.77536,2024-03-30T08:00:00+00:00,22.0,72.75,12.557999155190881,2.1579742431640625,-1.4617919921875,2.6064705374477204,304.1133531829222,0.4166666666666667,ERA5
8d9d0d38-b3db-5ae0-97b9-e84763e602b5,2024-03-30T08:08:00+00:00,22.00028,72.86363,2024-03-30T08:00:00+00:00,22.0,72.75,11.715071264809572,2.1579742431640625,-1.4617919921875,2.6064705374477204,304.1133531829222,0.13333333333333333,ERA5
8d9ed564-0361-5aaf-8a64-8321f6c04725,2024-03-30T08:08:00+00:00,21.74706,72.80769,2024-03-30T08:00:00+00:00,21.75,72.75,5.967182995457942,2.2360992431640625,-1.3514404296875,2.612763108334322,301.14767781501126,0.13333333333333333,ERA5
9232b784-d083-5d17-8195-c05bede3e479,2024-03-30T08:08:00+00:00,21.87275,72.81895,2024-03-30T08:00:00+00:00,21.75,72.75,15.393713342985729,2.2360992431640625,-1.3514404296875,2.612763108334322,301.14767781501126,0.13333333333333333,ERA5
c35212a0-f70e-5351-b9e9-d57fdc191abd,2024-03-30T08:08:00+00:00,21.69251,72.77055,2024-03-30T08:00:00+00:00,21.75,72.75,6.735843913649924,2.2360992431640625,-1.3514404296875,2.612763108334322,301.14767781501126,0.13333333333333333,ERA5
de7dc0f0-b992-59de-8544-bd99a8ce95ea,2024-03-30T08:08:00+00:00,21.42204,72.8037,2024-03-30T08:00:00+00:00,21.5,72.75,10.29705949340763,2.4734039306640625,-0.7371826171875,2.58092332611952,286.5963595269041,0.13333333333333333,ERA5
18d5b730-5d9b-5d27-87ab-7004dbb55f67,2024-03-31T07:48:00+00:00,21.66812,72.7725,2024-03-31T08:00:00+00:00,21.75,72.75,9.396674297761635,1.3756866455078125,-1.7392425537109375,2.2175388175334114,321.6571017326708,0.2,ERA5
6f999347-9d77-50ad-9c53-0cf2d9175a43,2024-03-31T07:48:00+00:00,21.37777,72.98251,2024-03-31T08:00:00+00:00,21.5,73.0,13.711378576013626,1.5739288330078125,-1.4990081787109375,2.17354031276524,313.60335990338035,0.2,ERA5
4d6c5918-f4f4-5fa4-8214-085947728500,2024-03-31T08:57:00+00:00,21.90828,72.6854,2024-03-31T09:00:00+00:00,22.0,72.75,12.182019877256993,1.4874420166015625,-1.8996124267578125,2.4126771695866043,321.93820547064433,0.05,ERA5
a988ee15-76d2-5b28-9cf7-0e1bad368b1e,2024-04-01T07:27:00+00:00,21.6317,72.95353,2024-04-01T07:00:00+00:00,21.75,73.0,14.003216951548675,0.8934478759765625,-0.4168701171875,0.9859157173364014,295.01308995569127,0.45,ERA5
e9ebfbad-6326-56f9-b5ab-c489f419709f,2024-04-01T08:38:00+00:00,22.04348,72.9379,2024-04-01T09:00:00+00:00,22.0,73.0,8.022028384153328,2.34808349609375,-0.0071258544921875,2.348094308674609,270.1738780307966,0.36666666666666664,ERA5
fb8e1657-2bf8-5633-bdfc-65590f7dd0ad,2024-04-01T08:38:00+00:00,21.63542,72.91347,2024-04-01T09:00:00+00:00,21.75,73.0,15.564525668396506,2.40765380859375,0.2360382080078125,2.419196333015477,264.40080875954476,0.36666666666666664,ERA5
a025fcde-d5bc-57fd-89fe-df68294f1961,2024-04-01T21:07:00+00:00,21.38025,72.93272,2024-04-01T21:00:00+00:00,21.5,73.0,15.026485244523887,-0.326171875,1.73114013671875,1.761599916269193,169.32973655443766,0.11666666666666667,ERA5
721499e9-cdd9-5f4c-a597-7c65f7ffe804,2024-04-01T21:35:00+00:00,21.89359,72.97128,2024-04-01T22:00:00+00:00,22.0,73.0,12.19738306648578,1.3585357666015625,1.393035888671875,1.945807908366994,224.2816440716112,0.4166666666666667,ERA5
84547eb5-f352-5265-bd6f-efd526c3912a,2024-04-02T08:19:00+00:00,21.400685,72.675475,2024-04-02T08:00:00+00:00,21.5,72.75,13.470059643054059,2.222564697265625,-0.9527587890625,2.418169378614178,293.2036225973159,0.31666666666666665,ERA5
769bcfde-a607-52aa-bf08-a58dde3b13a1,2024-04-02T08:47:00+00:00,21.39302,72.82767,2024-04-02T09:00:00+00:00,21.5,72.75,14.35701009563117,2.4790496826171875,-0.737274169921875,2.58636047961578,286.5625795941198,0.21666666666666667,ERA5
810a6b47-d4b0-58a4-9798-1a2143635143,2024-04-03T08:27:00+00:00,21.98507,72.76935,2024-04-03T08:00:00+00:00,22.0,72.75,2.5954394943466053,1.269287109375,-1.3956146240234375,1.886486136925905,317.71402842605295,0.45,ERA5
b3749307-f653-50e6-a133-6975b323abe3,2024-04-03T08:27:00+00:00,22.00036,72.70769,2024-04-03T08:00:00+00:00,22.0,72.75,4.362260453925925,1.269287109375,-1.3956146240234375,1.886486136925905,317.71402842605295,0.45,ERA5
dd606d7b-8f14-5d08-96ac-056a3c23cec5,2024-04-03T08:27:00+00:00,21.35059,72.76913,2024-04-03T08:00:00+00:00,21.25,72.75,11.359319663656235,2.257568359375,-0.6436614990234375,2.3475338171315503,285.9135259805142,0.45,ERA5
e81697f9-6a94-56c2-8208-143e8a78c588,2024-04-03T08:27:00+00:00,21.72293,72.80715,2024-04-03T08:00:00+00:00,21.75,72.75,6.626096059734631,1.175537109375,-1.1358489990234375,1.6346377103506071,314.0162882039564,0.45,ERA5
aad558b6-cace-531d-8ee0-5b99c8a2fc14,2024-04-04T07:42:00+00:00,21.69843,72.95565,2024-04-04T08:00:00+00:00,21.75,73.0,7.339633865867854,1.7703857421875,-1.8259124755859375,2.5432699511929817,315.88457477833293,0.3,ERA5
3b7822c1-84e9-537c-8b17-80cfb23f7ce1,2024-04-04T08:06:00+00:00,21.70069,72.71161,2024-04-04T08:00:00+00:00,21.75,72.75,6.7667698739962745,1.9852294921875,-1.9919281005859375,2.81227909257864,315.0965014883042,0.1,ERA5
a37b66f0-8d54-5cd8-9515-498218ab4de0,2024-04-04T08:06:00+00:00,21.80749,72.76099,2024-04-04T08:00:00+00:00,21.75,72.75,6.492540078618763,1.9852294921875,-1.9919281005859375,2.81227909257864,315.0965014883042,0.1,ERA5
15feabc2-bd44-52b9-b1c6-669e92d74fe0,2024-04-04T20:10:00+00:00,21.6944,72.6028533333333,2024-04-04T20:00:00+00:00,21.75,72.5,12.292493414843472,2.9904327392578125,-1.1741485595703125,3.2126800039789245,291.4367093962767,0.16666666666666666,ERA5
cc0f242f-e6e0-53fc-af39-88bc6d7ba608,2024-04-04T20:35:00+00:00,21.37058,72.76186,2024-04-04T21:00:00+00:00,21.25,72.75,13.464056687240902,1.69775390625,-0.1690673828125,1.7061512553458449,275.6869348950699,0.4166666666666667,ERA5
3f9d2676-5df7-5aec-a148-567cf553c5d8,2024-04-05T07:23:00+00:00,21.71885125,72.6763575,2024-04-05T07:00:00+00:00,21.75,72.75,8.357983010734008,2.2944183349609375,-3.9802093505859375,4.594172609980675,330.03841330078035,0.38333333333333336,ERA5
799876f2-e30e-52c1-8502-91ef41dca1ee,2024-04-05T07:23:00+00:00,21.712436,72.764408,2024-04-05T07:00:00+00:00,21.75,72.75,4.434136007214505,2.2944183349609375,-3.9802093505859375,4.594172609980675,330.03841330078035,0.38333333333333336,ERA5
8075014b-ce11-5ef1-8c64-7cd54bd46518,2024-04-05T07:23:00+00:00,21.9581,72.552405,2024-04-05T07:00:00+00:00,22.0,72.5,7.134872376276405,2.3100433349609375,-3.8513031005859375,4.490972698868287,329.04432285091826,0.38333333333333336,ERA5
ba9abf7a-e97a-558d-92bb-f58e2d3ca6bf,2024-04-05T07:23:00+00:00,21.765645,72.614265,2024-04-05T07:00:00+00:00,21.75,72.5,11.928062265512873,1.5873870849609375,-4.1667327880859375,4.458863070874815,339.1448177730131,0.38333333333333336,ERA5
0f2a0c1f-67a2-5f02-8092-75121ef2074d,2024-04-05T07:47:00+00:00,21.59012,72.96378,2024-04-05T08:00:00+00:00,21.5,73.0,10.698189371707901,2.0154876708984375,-3.463165283203125,4.006956991324837,329.80151582098193,0.21666666666666667,ERA5
870636a2-a5f8-54c2-86e4-1713bf81fcf6,2024-04-05T07:47:00+00:00,21.69592,72.97133,2024-04-05T08:00:00+00:00,21.75,73.0,6.70314085370585,1.9402923583984375,-3.331329345703125,3.8551899623238,329.781858209552,0.21666666666666667,ERA5
daf22857-d124-5418-9667-a586cc6c4e01,2024-04-05T07:47:00+00:00,21.72343,72.6953,2024-04-05T08:00:00+00:00,21.75,72.75,6.375727383374696,2.2781829833984375,-3.909454345703125,4.524815022405143,329.76907002330694,0.21666666666666667,ERA5
1c8142e7-171d-5137-bc72-d9699cc5c600,2024-04-05T09:03:00+00:00,21.43923,72.87021,2024-04-05T09:00:00+00:00,21.5,72.75,14.15613563221281,1.7046356201171875,-2.8061065673828125,3.283293569707293,328.7224247459562,0.05,ERA5
254e898f-32e1-5e7a-abc8-94325ec9fca1,2024-04-05T09:03:00+00:00,21.82007,72.877145,2024-04-05T09:00:00+00:00,21.75,73.0,14.886955704603356,2.0327606201171875,-3.3168487548828125,3.8901929774070174,328.4975752064334,0.05,ERA5
294a10b8-2e93-530e-8d94-8b01df8c47d8,2024-04-05T09:03:00+00:00,22.04469,72.77752,2024-04-05T09:00:00+00:00,22.0,72.75,5.722015872706074,2.5171356201171875,-3.4613800048828125,4.27985084649749,323.9751347138953,0.05,ERA5
542b9465-646a-5e6e-aceb-f3f7eda26c4f,2024-04-05T09:03:00+00:00,22.0379933333333,72.7203166666667,2024-04-05T09:00:00+00:00,22.0,72.75,5.216388221508407,2.5171356201171875,-3.4613800048828125,4.27985084649749,323.9751347138953,0.05,ERA5
60808a3b-0c2d-5f07-bf48-22f504b50bf6,2024-04-05T09:03:00+00:00,21.8072,72.66375,2024-04-05T09:00:00+00:00,21.75,72.75,10.944013191925528,2.3960418701171875,-3.7973175048828125,4.490059785375257,327.7487809894424,0.05,ERA5
6c7f33f5-c38f-5348-9a71-a966f80e3901,2024-04-05T09:03:00+00:00,21.852375,72.813455,2024-04-05T09:00:00+00:00,21.75,72.75,13.134094410561344,2.3960418701171875,-3.7973175048828125,4.490059785375257,327.7487809894424,0.05,ERA5
04fd3b43-bf53-5564-9c1a-37ee6202c24b,2024-04-06T08:44:00+00:00,21.75416,72.60593,2024-04-06T09:00:00+00:00,21.75,72.5,10.949951078937211,1.7644500732421875,-4.000885009765625,4.372683949513347,336.2018039580413,0.26666666666666666,ERA5
158af449-5f72-5cc9-b802-6d974c33c112,2024-04-06T08:44:00+00:00,21.71873,72.98862,2024-04-06T09:00:00+00:00,21.75,73.0,3.6703742479244545,2.5974578857421875,-3.445220947265625,4.314665090558261,322.9862375973343,0.26666666666666666,ERA5
1e726952-8dcd-5960-9345-a2f4f64ebe98,2024-04-06T08:44:00+00:00,21.51606,72.76736,2024-04-06T09:00:00+00:00,21.5,72.75,2.53266669319971,2.1453094482421875,-3.491119384765625,4.097592852810479,328.4290774158836,0.26666666666666666,ERA5
bbc24d92-bce1-59e2-9eab-94ae980a1496,2024-04-06T08:44:00+00:00,21.78101,72.98565,2024-04-06T09:00:00+00:00,21.75,73.0,3.753102099010796,2.5974578857421875,-3.445220947265625,4.314665090558261,322.9862375973343,0.26666666666666666,ERA5
dfd3072c-cd59-5fa0-ae74-39ee66499fb5,2024-04-06T08:44:00+00:00,21.73359,72.91607,2024-04-06T09:00:00+00:00,21.75,73.0,8.85865770551265,2.5974578857421875,-3.445220947265625,4.314665090558261,322.9862375973343,0.26666666666666666,ERA5
6d4bab5e-0154-5b73-8cec-4d35c020fd86,2024-04-06T09:09:00+00:00,21.97103,72.81919,2024-04-06T09:00:00+00:00,22.0,72.75,7.827649909344009,2.8035125732421875,-3.549713134765625,4.523289299553438,321.69882638999474,0.15,ERA5
f94b16c7-72b7-5d51-b734-7871410a5a89,2024-04-06T21:13:00+00:00,22.076365,72.650655,2024-04-06T21:00:00+00:00,22.0,72.75,13.302320290105893,3.12603759765625,-2.14691162109375,3.7922737995492692,304.4806444203974,0.21666666666666667,ERA5
2376063f-44ce-597b-8554-61b5474cc0b6,2024-04-07T08:25:00+00:00,21.76534,72.63587,2024-04-07T08:00:00+00:00,21.75,72.75,11.90937730508498,0.98291015625,-0.595245361328125,1.1490993931954057,301.1988830723501,0.4166666666666667,ERA5
2edd99a6-613b-5c86-8881-8bf75731ff9c,2024-04-07T08:25:00+00:00,21.69336,72.91147,2024-04-07T08:00:00+00:00,21.75,73.0,11.10397971562926,0.72705078125,-0.589385986328125,0.9359373266390288,309.03006130502837,0.4166666666666667,ERA5
3ac45295-0f2c-532e-ab49-01415d0e61d8,2024-04-07T08:50:00+00:00,21.68246,72.64622,2024-04-07T09:00:00+00:00,21.75,72.75,13.089587167814699,1.342071533203125,0.078857421875,1.3443862886904785,266.6372816977921,0.16666666666666666,ERA5
650b8e1c-6042-5550-8261-3ff36fa0c6a9,2024-04-07T08:50:00+00:00,21.79339,72.90576,2024-04-07T09:00:00+00:00,21.75,73.0,10.861902502185924,1.316680908203125,-0.093017578125,1.319962455476233,274.04097523765955,0.16666666666666666,ERA5
591398e1-76f5-5b6c-b98e-085aa0cfa957,2024-04-07T20:54:00+00:00,21.72081,72.81459,2024-04-07T21:00:00+00:00,21.75,72.75,7.419130495644934,1.24945068359375,0.8201446533203125,1.4945782893855994,236.7189377313905,0.1,ERA5
f871ced5-cad6-5c39-aa97-3a33cd25ce18,2024-04-07T20:54:00+00:00,21.43117,72.97493,2024-04-07T21:00:00+00:00,21.5,73.0,8.081284548923033,-0.60406494140625,1.9490509033203125,2.0405131406511114,162.7803410952976,0.1,ERA5
3398bff0-184b-54cb-9646-bcf9de88790c,2024-04-08T08:07:00+00:00,21.40978,72.98898,2024-04-08T08:00:00+00:00,21.5,73.0,10.096622818501817,1.20635986328125,-0.9055938720703125,1.5084443578956626,306.8949355035806,0.11666666666666667,ERA5
df514667-75c6-5ed0-a30a-b90ec63507b3,2024-04-08T08:07:00+00:00,21.8033166666667,72.9198266666667,2024-04-08T08:00:00+00:00,21.75,73.0,10.182538829080697,0.73956298828125,-0.8499298095703125,1.1266472805770757,318.971971360854,0.11666666666666667,ERA5
28199962-193a-5ab4-a5d6-126d89e198e0,2024-04-08T08:31:00+00:00,21.97085,72.88276,2024-04-08T09:00:00+00:00,22.0,73.0,12.51548155148615,0.600830078125,-1.0473480224609375,1.2074496523385685,330.15848481139665,0.48333333333333334,ERA5
3dc332f3-c89a-5f5e-9e29-4c87ce12a473,2024-04-08T08:31:00+00:00,22.00758,72.85957,2024-04-08T09:00:00+00:00,22.0,72.75,11.327562151171874,0.694580078125,-1.0580902099609375,1.2656999554962907,326.71722569212045,0.48333333333333334,ERA5
894b85b0-4338-515f-9cb2-01ec9775423e,2024-04-08T08:31:00+00:00,21.62492,72.85741,2024-04-08T09:00:00+00:00,21.5,72.75,17.78550498974198,2.078369140625,0.6206207275390625,2.1690524134177616,253.3738763243278,0.48333333333333334,ERA5
3644b50e-e25c-53d7-b02d-4ca0be835b96,2024-04-08T20:35:00+00:00,21.71289,72.92534,2024-04-08T21:00:00+00:00,21.75,73.0,8.746392490473298,1.5839996337890625,1.45709228515625,2.15224830521614,227.38961504234226,0.4166666666666667,ERA5
0f263620-f332-5b3f-a4f6-a6e2a4b4f12a,2024-04-09T07:48:00+00:00,21.73911,72.76262,2024-04-09T08:00:00+00:00,21.75,72.75,1.779111438019361,0.589630126953125,1.974212646484375,2.0603832799141033,196.6290950964706,0.2,ERA5
6faab44d-58a6-5c70-a178-8ead35344600,2024-04-09T07:48:00+00:00,21.84371,72.69154,2024-04-09T08:00:00+00:00,21.75,72.75,12.041919176160492,0.589630126953125,1.974212646484375,2.0603832799141033,196.6290950964706,0.2,ERA5
f85842a8-e2fa-57de-a236-d9c1a17e9c96,2024-04-09T08:13:00+00:00,21.73467,72.60246,2024-04-09T08:00:00+00:00,21.75,72.5,10.71893121050855,-0.072479248046875,2.915618896484375,2.9165196366447126,178.57597990105987,0.21666666666666667,ERA5
92f841e3-ff0a-56e9-a97b-3d919fa98207,2024-04-10T07:54:00+00:00,21.36616,72.85519,2024-04-10T08:00:00+00:00,21.25,72.75,16.899063035563024,2.3154449462890625,1.585845947265625,2.8064555346120073,235.59279520688617,0.1,ERA5
9cadba65-7195-5099-999b-9134d7f0cffb,2024-04-10T07:54:00+00:00,21.72373,72.81321,2024-04-10T08:00:00+00:00,21.75,72.75,7.152533862803125,0.5195465087890625,1.795806884765625,1.8694520432914352,196.13573275568604,0.1,ERA5
ede20c23-b05e-54eb-9d6a-c0570ee0339b,2024-04-10T07:54:00+00:00,21.42502,72.8151566666667,2024-04-10T08:00:00+00:00,21.5,72.75,10.72269094400676,1.9804840087890625,2.079010009765625,2.871341068172651,223.60967500892855,0.1,ERA5
a5d5e68c-5047-5db9-a03d-b7028eddabcf,2024-04-10T09:09:00+00:00,21.7955166666667,72.71956,2024-04-10T09:00:00+00:00,21.75,72.75,5.957883782002315,0.803070068359375,1.6903533935546875,1.8714208852624734,205.41192736484635,0.15,ERA5
1d938cb5-67c8-5578-b3c4-579b4feaeed7,2024-04-12T08:32:00+00:00,21.71009,72.79652,2024-04-12T09:00:00+00:00,21.75,72.75,6.540943543027498,1.515350341796875,4.08203125,4.354223901496163,200.36616371249863,0.4666666666666667,ERA5
f8283e4d-bb67-56c8-a6a5-1e04b766195f,2024-04-12T08:32:00+00:00,21.73245,72.98988,2024-04-12T09:00:00+00:00,21.75,73.0,2.21377030972587,1.458709716796875,2.9560546875,3.2963757906780504,206.2647295047018,0.4666666666666667,ERA5
ea988002-2f20-591e-937e-29ed7a320889,2024-04-12T08:57:00+00:00,21.781,72.96207,2024-04-12T09:00:00+00:00,21.75,73.0,5.21771691691221,1.458709716796875,2.9560546875,3.2963757906780504,206.2647295047018,0.05,ERA5
675ef0de-cb48-5f5f-a846-641d95e2f549,2024-04-13T08:13:00+00:00,21.37081,72.81477,2024-04-13T08:00:00+00:00,21.25,72.75,15.015900022748733,3.3527374267578125,3.1938323974609375,4.630487408022365,226.39046864531934,0.21666666666666667,ERA5
e979e4ae-3435-59ca-9a85-969625e44e59,2024-04-13T08:13:00+00:00,21.75096,72.74128,2024-04-13T08:00:00+00:00,21.75,72.75,0.9068934067383035,1.7765655517578125,3.1410980224609375,3.6086953246846085,209.49195467469,0.21666666666666667,ERA5
478c5b0a-16b7-5912-9fc6-44e99f8c0c6c,2024-04-13T08:38:00+00:00,22.04078,72.86413,2024-04-13T09:00:00+00:00,22.0,72.75,12.608519716927768,1.8084869384765625,2.6380767822265625,3.198448704538371,214.43189787953693,0.36666666666666664,ERA5
4bf62cb3-b8e5-5c9c-a1cc-f41acf666ec2,2024-04-13T08:38:00+00:00,21.90693,72.87573,2024-04-13T09:00:00+00:00,22.0,73.0,16.472857901004076,1.7743072509765625,1.6361236572265625,2.4135175248181704,227.32023710740347,0.36666666666666664,ERA5
7b71b1fb-80a2-5e01-9537-a7c54a3094fc,2024-04-13T08:38:00+00:00,21.96963,72.80863,2024-04-13T09:00:00+00:00,22.0,72.75,6.924565171710926,1.8084869384765625,2.6380767822265625,3.198448704538371,214.43189787953693,0.36666666666666664,ERA5
b1ae0ea0-1db9-53af-acc1-a40bfce02306,2024-04-13T08:38:00+00:00,21.45378,72.89859,2024-04-13T09:00:00+00:00,21.5,73.0,11.684320098116618,2.5702056884765625,1.9466705322265625,3.22420276070171,232.85975811091615,0.36666666666666664,ERA5
bf47725c-134f-5738-94d3-a73c08c022eb,2024-04-13T20:42:00+00:00,21.43271,72.9754266666667,2024-04-13T21:00:00+00:00,21.5,73.0,7.902606725879299,-0.0684661865234375,2.5743560791015625,2.5752663630592143,178.4765514545433,0.3,ERA5
81577a6a-b46a-51f4-8cbd-2c19cb7f4f12,2024-04-14T07:54:00+00:00,22.07144,72.66408,2024-04-14T08:00:00+00:00,22.0,72.75,11.896697406957658,0.9554443359375,0.97216796875,1.363079028720841,224.50292414301143,0.1,ERA5
85860615-210a-5af0-a7a9-5e2ab20b7832,2024-04-14T07:54:00+00:00,21.8242433333333,72.9523133333333,2024-04-14T08:00:00+00:00,21.75,73.0,9.612300472806782,0.8421630859375,0.87158203125,1.2119793317188412,224.01653061284728,0.1,ERA5
b27c2723-181f-545a-9498-8493b8fb8306,2024-04-14T08:19:00+00:00,21.68274,72.78156,2024-04-14T08:00:00+00:00,21.75,72.75,8.158688626716145,1.3187255859375,1.51123046875,2.005705536883355,221.10850779299264,0.31666666666666665,ERA5
b328e846-8236-50ef-badf-9bea73909247,2024-04-14T08:19:00+00:00,21.47418,72.79536,2024-04-14T08:00:00+00:00,21.5,72.75,5.501783155154807,2.6087646484375,2.45947265625,3.5853394173744086,226.68723914364938,0.31666666666666665,ERA5
e8417578-ef42-54c6-bd87-c0f4647974ce,2024-04-14T08:19:00+00:00,21.72959,72.84526,2024-04-14T08:00:00+00:00,21.75,72.75,10.097397551095494,1.3187255859375,1.51123046875,2.005705536883355,221.10850779299264,0.31666666666666665,ERA5
40cf52fb-aacf-5733-bdd2-e62a9d050594,2024-04-15T07:35:00+00:00,21.74574,72.93531,2024-04-15T08:00:00+00:00,21.75,73.0,6.697982738178736,-1.2280731201171875,-2.0051727294921875,2.351357323643838,31.485491672448063,0.4166666666666667,ERA5
c957a713-366c-5f62-9c3c-0b99d360a2cc,2024-04-15T07:35:00+00:00,21.81301,72.88719,2024-04-15T08:00:00+00:00,21.75,73.0,13.593132198484856,-1.2280731201171875,-2.0051727294921875,2.351357323643838,31.485491672448063,0.4166666666666667,ERA5
3de8fa99-315f-5fbc-a155-83c18719e6fd,2024-04-15T08:01:00+00:00,21.73826,72.76322,2024-04-15T08:00:00+00:00,21.75,72.75,1.8890391013381846,-1.1060028076171875,-1.7366180419921875,2.058903697172328,32.491905115697705,0.016666666666666666,ERA5
9c3bc8d6-d213-51d6-bd66-b4881a4df9b0,2024-04-15T08:01:00+00:00,21.95903,72.81985,2024-04-15T08:00:00+00:00,22.0,72.75,8.522277370886204,-1.2017059326171875,-1.7161102294921875,2.0950254099306465,35.001626729696,0.016666666666666666,ERA5
af6465b0-8774-5195-b3c0-c01ca199ef35,2024-04-15T08:01:00+00:00,22.04015,72.66533,2024-04-15T08:00:00+00:00,22.0,72.75,9.803620776355366,-1.2017059326171875,-1.7161102294921875,2.0950254099306465,35.001626729696,0.016666666666666666,ERA5
37f2b42e-e467-5fc2-852a-75fd47be234a,2024-04-16T07:42:00+00:00,21.37656,72.91328,2024-04-16T08:00:00+00:00,21.5,73.0,16.400082564065926,-0.3021087646484375,-3.1514739990234375,3.1659213622890543,5.475794715298207,0.3,ERA5
93f052cb-7c17-5256-8242-52b6030e52a0,2024-04-16T07:42:00+00:00,21.45277,72.98701,2024-04-16T08:00:00+00:00,21.5,73.0,5.421017478700808,-0.3021087646484375,-3.1514739990234375,3.1659213622890543,5.475794715298207,0.3,ERA5
ea350128-468f-5f65-969a-7fd26c1a33f0,2024-04-16T07:42:00+00:00,21.971615,72.949215,2024-04-16T08:00:00+00:00,22.0,73.0,6.114043109023576,-0.6380462646484375,-2.8272552490234375,2.8983573414888655,12.717294086903564,0.3,ERA5
2c76aa68-65ef-5711-bcc3-9e8ed66afb2f,2024-04-16T08:57:00+00:00,22.08242,72.90423,2024-04-16T09:00:00+00:00,22.0,73.0,13.469404738627455,-0.3206787109375,-2.8393402099609375,2.8573917588509907,6.443752857437289,0.05,ERA5
9389b0c6-4d65-57a7-8bd6-d6f852f0ad57,2024-04-16T08:57:00+00:00,21.81564,72.77625,2024-04-16T09:00:00+00:00,21.75,72.75,7.785854970724729,-0.5775146484375,-3.2299652099609375,3.281188569210537,10.137308807253191,0.05,ERA5
a5ca672b-09b5-55e0-bf0a-d4b3f3fa5af9,2024-04-16T08:57:00+00:00,21.74269,72.62246,2024-04-16T09:00:00+00:00,21.75,72.5,12.673949005364722,-0.4681396484375,-3.4369964599609375,3.4687316696774344,7.756300593176434,0.05,ERA5
4dc8a934-df84-548e-b676-b111b454c2e2,2024-04-17T08:38:00+00:00,22.062675,72.712635,2024-04-17T09:00:00+00:00,22.0,72.75,7.962556040880128,0.4666290283203125,-1.9143524169921875,1.9704029604410842,346.3011240332967,0.36666666666666664,ERA5
bc87e630-c1f9-53ef-9986-e60ec74cd8b9,2024-04-17T08:38:00+00:00,21.71413,72.92997,2024-04-17T09:00:00+00:00,21.75,73.0,8.260297023223389,0.8416290283203125,-2.0344696044921875,2.201682536814513,337.525866921583,0.36666666666666664,ERA5
e848422a-b314-52fd-8b44-2a210b8735d6,2024-04-17T08:38:00+00:00,21.53345,72.81923,2024-04-17T09:00:00+00:00,21.5,72.75,8.069839310448257,2.5369415283203125,-1.5198211669921875,2.9573516357974237,300.92481961784,0.36666666666666664,ERA5
90786300-a9c1-58ef-8dd8-2ecf918f1bd8,2024-04-17T09:04:00+00:00,21.7380825,72.683685,2024-04-17T09:00:00+00:00,21.75,72.75,6.976241585831991,0.9529571533203125,-1.8801727294921875,2.1078844438892888,333.1220325546345,0.06666666666666667,ERA5
f14f4ebf-562c-5b3c-99f8-c065c4b78858,2024-04-17T09:04:00+00:00,21.75521,72.93773,2024-04-17T09:00:00+00:00,21.75,73.0,6.457101826424532,0.8416290283203125,-2.0344696044921875,2.201682536814513,337.525866921583,0.06666666666666667,ERA5
9e8fa956-985b-535f-b569-a0e37f228d23,2024-04-17T21:07:00+00:00,21.39538,72.95287,2024-04-17T21:00:00+00:00,21.5,73.0,12.614425455228956,0.9084625244140625,-0.2903900146484375,0.9537455210234493,287.72647720110837,0.11666666666666667,ERA5
2c6378ad-2ba0-5f37-9094-65177eb4bf72,2024-04-18T08:19:00+00:00,22.05124,72.85346,2024-04-18T08:00:00+00:00,22.0,72.75,12.091185255713151,1.7826385498046875,-2.317718505859375,2.9239731995442044,322.43485349278603,0.31666666666666665,ERA5
2d7411b4-587d-5d4f-aa71-8a3374651d9a,2024-04-18T08:19:00+00:00,21.73555,72.88972,2024-04-18T08:00:00+00:00,21.75,73.0,11.502942695282028,1.4242401123046875,-1.959320068359375,2.422270634708982,323.9863987582744,0.31666666666666665,ERA5
433b6c56-61d5-55f6-b270-e5aac878a787,2024-04-18T08:19:00+00:00,21.75299,72.67361,2024-04-18T08:00:00+00:00,21.75,72.75,7.89639611466382,1.7123260498046875,-2.104827880859375,2.713367079641583,320.8708501393165,0.31666666666666665,ERA5
8c3d255b-7577-5bb0-bc9e-d15e2a0dfc16,2024-04-18T08:19:00+00:00,21.828445,72.984035,2024-04-18T08:00:00+00:00,21.75,73.0,8.87707518042344,1.4242401123046875,-1.959320068359375,2.422270634708982,323.9863987582744,0.31666666666666665,ERA5
9c5a13ea-5412-55a7-8ad8-f4c1f9c6a242,2024-04-18T08:19:00+00:00,21.75416,72.84884,2024-04-18T08:00:00+00:00,21.75,72.75,10.218414725377341,1.7123260498046875,-2.104827880859375,2.713367079641583,320.8708501393165,0.31666666666666665,ERA5
a4e1cbd4-a534-5242-a4a7-e96b8f3d850e,2024-04-18T08:19:00+00:00,22.0129866666667,72.78489,2024-04-18T08:00:00+00:00,22.0,72.75,3.8759754332044105,1.7826385498046875,-2.317718505859375,2.9239731995442044,322.43485349278603,0.31666666666666665,ERA5
7b76289c-a8bd-5d97-8ce1-fd9db7698c0b,2024-04-18T08:45:00+00:00,21.96045,72.87334,2024-04-18T09:00:00+00:00,22.0,72.75,13.456789218709014,2.181396484375,-2.0590667724609375,2.999707751681205,313.34757845671515,0.25,ERA5
9900a049-3338-5687-b43e-e6de879ab836,2024-04-18T08:45:00+00:00,21.98594,72.94219,2024-04-18T09:00:00+00:00,22.0,73.0,6.16202696603535,2.149169921875,-1.7475433349609375,2.769989000097038,309.11541511864175,0.25,ERA5
c3cfff72-9927-5645-8317-dfa0918d7668,2024-04-18T08:45:00+00:00,21.98835,72.63312,2024-04-18T09:00:00+00:00,22.0,72.75,12.120033105868508,2.181396484375,-2.0590667724609375,2.999707751681205,313.34757845671515,0.25,ERA5
0c666252-587c-5b04-be9e-eaa2c2becb62,2024-04-19T08:00:00+00:00,21.80907,72.94659,2024-04-19T08:00:00+00:00,21.75,73.0,8.576566038433656,1.8317413330078125,-0.999755859375,2.086812902347473,298.62550569450036,0.0,ERA5
45d98f2f-d521-52cb-8852-b3591f2f8b87,2024-04-19T08:00:00+00:00,21.48033,72.73232,2024-04-19T08:00:00+00:00,21.5,72.75,2.8513224622034232,1.8112335205078125,-0.022216796875,1.8113697722647657,270.70276132039766,0.0,ERA5
4aa26a14-4fc0-5a13-b2d8-cffcc507faf7,2024-04-19T08:00:00+00:00,21.98939,72.6988833333333,2024-04-19T08:00:00+00:00,22.0,72.75,5.400667067745136,2.2731475830078125,-1.110107421875,2.529730899174104,296.0288916685609,0.0,ERA5
6c25e5b6-084d-5837-a209-e03cfec1000e,2024-04-19T08:00:00+00:00,22.0031933333333,72.7663566666667,2024-04-19T08:00:00+00:00,22.0,72.75,1.7233016542695718,2.2731475830078125,-1.110107421875,2.529730899174104,296.0288916685609,0.0,ERA5
9def333e-c775-5aab-9e52-bbce29d80c49,2024-04-19T08:00:00+00:00,21.73907,72.9344,2024-04-19T08:00:00+00:00,21.75,73.0,6.883496648319803,1.8317413330078125,-0.999755859375,2.086812902347473,298.62550569450036,0.0,ERA5
fe2c291b-00a5-56ff-b772-f3fb06dcf13d,2024-04-19T08:00:00+00:00,21.73042,72.6848,2024-04-19T08:00:00+00:00,21.75,72.75,7.077444778467136,2.0026397705078125,-1.060302734375,2.2660114604614616,297.89909627579095,0.0,ERA5
9ade71d2-b246-589c-8c3f-3a70e68ee64e,2024-04-19T08:26:00+00:00,21.74069,72.87509,2024-04-19T08:00:00+00:00,21.75,73.0,12.942454959507803,1.8317413330078125,-0.999755859375,2.086812902347473,298.62550569450036,0.43333333333333335,ERA5
109ca16e-b009-5203-9e1c-5adff04d24dc,2024-04-20T07:42:00+00:00,22.04328,72.83372,2024-04-20T08:00:00+00:00,22.0,72.75,9.881205329085452,2.143310546875,-1.464874267578125,2.596081031123289,304.35117638504556,0.3,ERA5
25a0f074-5798-508c-b123-2e85a412c16d,2024-04-20T07:42:00+00:00,21.74805,72.57716,2024-04-20T08:00:00+00:00,21.75,72.5,7.972004041703011,0.833740234375,-1.223663330078125,1.4807007543030315,325.7315277924465,0.3,ERA5
37102c40-bd9a-521a-98a6-906e7cc19dbc,2024-04-20T07:42:00+00:00,21.72462,72.66827,2024-04-20T08:00:00+00:00,21.75,72.75,8.900967404526217,2.177490234375,-1.408233642578125,2.5931806170969556,302.8916897052473,0.3,ERA5
6a443563-c4f4-5dbf-ba98-9e5689952bae,2024-04-20T07:42:00+00:00,22.08993,72.82251,2024-04-20T08:00:00+00:00,22.0,72.75,12.48378926440949,2.143310546875,-1.464874267578125,2.596081031123289,304.35117638504556,0.3,ERA5
b9680070-53bf-5126-bb7e-706ef2c5bd2b,2024-04-20T08:07:00+00:00,21.43384,72.88444,2024-04-20T08:00:00+00:00,21.5,73.0,14.039981165031024,2.220458984375,-1.178741455078125,2.513935066625897,297.96181506293715,0.11666666666666667,ERA5
c861e780-7e26-5647-9963-35d53a67f175,2024-04-21T07:49:00+00:00,22.03569,72.78905,2024-04-21T08:00:00+00:00,22.0,72.75,5.65277078816059,1.99884033203125,-1.211395263671875,2.337272161687947,301.217918083262,0.18333333333333332,ERA5
82d9a493-0a6e-5d1a-b907-452c1009ef06,2024-04-21T09:03:00+00:00,21.4141,72.67201,2024-04-21T09:00:00+00:00,21.5,72.75,12.505026694072619,2.2229156494140625,0.41864013671875,2.2619932688851745,259.3344502540396,0.05,ERA5
3716600f-6ee3-50ae-b83f-dc0e01679c75,2024-04-21T19:51:00+00:00,21.4313433333333,72.9752233333333,2024-04-21T20:00:00+00:00,21.5,73.0,8.053317375630739,1.2906036376953125,1.641204833984375,2.087872375583827,218.18065098723048,0.15,ERA5
68f5e1ac-23f6-593e-90fc-611b16b26445,2024-04-22T07:30:00+00:00,21.95026,72.8278,2024-04-22T07:00:00+00:00,22.0,72.75,9.744213638053791,1.672698974609375,-1.163818359375,2.0377426317564176,304.82914429030507,0.5,ERA5
1433dfed-6eee-5555-8751-5661224ef35f,2024-04-22T08:44:00+00:00,21.54031,72.77588,2024-04-22T09:00:00+00:00,21.5,72.75,5.220887201521321,2.3769073486328125,0.68743896484375,2.4743202853248634,253.86929978404177,0.26666666666666666,ERA5
5b33ba32-12e2-5ab7-8181-e6259332a99e,2024-04-22T08:44:00+00:00,21.76332,72.89301,2024-04-22T09:00:00+00:00,21.75,73.0,11.148124881006337,2.6073760986328125,-0.07427978515625,2.6084339374813625,271.63181959401277,0.26666666666666666,ERA5
98127d0b-9a36-5bc3-b275-0e623169a85b,2024-04-22T09:10:00+00:00,21.86629,72.71865,2024-04-22T09:00:00+00:00,21.75,72.75,13.329737235657468,2.4647979736328125,-0.26666259765625,2.479180911473222,276.1747234131589,0.16666666666666666,ERA5
8b813dcc-f2c8-52ae-83e4-d71f8ddd23aa,2024-04-22T19:59:00+00:00,21.39512,72.95367,2024-04-22T20:00:00+00:00,21.5,73.0,12.609377489879215,0.675079345703125,1.69427490234375,1.823814565055034,201.724678563985,0.016666666666666666,ERA5
5d3f412f-550e-5428-a759-051faedce2e7,2024-04-23T08:25:00+00:00,21.73996,72.84158,2024-04-23T08:00:00+00:00,21.75,72.75,9.52426913001487,1.7249298095703125,-0.155364990234375,1.7319125636517572,275.14676153867185,0.4166666666666667,ERA5
a94b71fd-b4a7-5127-be90-cd66fdc4875a,2024-04-23T08:25:00+00:00,21.46565,72.9486,2024-04-23T08:00:00+00:00,21.5,73.0,6.547810225746071,2.0110626220703125,-0.488372802734375,2.069512228603385,283.6496626109841,0.4166666666666667,ERA5
f6722275-fa9a-5e1d-b8c5-3c823eb6d74f,2024-04-23T08:25:00+00:00,21.75962,72.85817,2024-04-23T08:00:00+00:00,21.75,72.75,11.222402093675736,1.7249298095703125,-0.155364990234375,1.7319125636517572,275.14676153867185,0.4166666666666667,ERA5
ae4ae622-a30b-5b80-82a8-e9fccf411b9e,2024-04-23T08:26:00+00:00,22.0773925,72.5744475,2024-04-23T08:00:00+00:00,22.0,72.5,11.529823478912588,0.7239532470703125,0.168853759765625,0.7433840838561425,256.87113152380584,0.43333333333333335,ERA5
6b84f151-901b-5537-a54e-fa4c4fed09b7,2024-04-23T20:54:00+00:00,21.7937633333333,72.64901,2024-04-23T21:00:00+00:00,21.75,72.75,11.50804401929429,0.9829864501953125,0.6361236572265625,1.170861079953928,237.09173323389092,0.1,ERA5
dd214d7e-57fb-5d51-8082-8fbe6dc179f9,2024-04-23T20:54:00+00:00,21.92192,72.94463,2024-04-23T21:00:00+00:00,22.0,73.0,10.391547291565882,0.8628692626953125,1.7884674072265625,1.9857389131545102,205.75558729181404,0.1,ERA5
185df0ce-e6b1-5ad2-8afc-cbdc983d463e,2024-04-24T08:07:00+00:00,21.99498,72.80753,2024-04-24T08:00:00+00:00,22.0,72.75,5.957549102551618,-0.0987091064453125,-0.2844085693359375,0.3010510289086334,,0.11666666666666667,ERA5
8ce3b5db-1505-588f-b901-6fcbb9c7ce8f,2024-04-24T08:07:00+00:00,21.7742,72.90168,2024-04-24T08:00:00+00:00,21.75,73.0,10.504053194105431,-0.1084747314453125,-0.0187835693359375,0.11008900871172671,,0.11666666666666667,ERA5
e3ab4e7b-0e31-583e-9c4c-5a1f400f1969,2024-04-24T08:07:00+00:00,21.70829,72.92768,2024-04-24T08:00:00+00:00,21.75,73.0,8.792871968019247,-0.1084747314453125,-0.0187835693359375,0.11008900871172671,,0.11666666666666667,ERA5
4c4d1b89-991e-5ca5-9702-0fbffca0a504,2024-04-24T08:33:00+00:00,21.71148,72.83895,2024-04-24T09:00:00+00:00,21.75,72.75,10.13722708433399,0.770172119140625,0.4382171630859375,0.8861147640823102,240.3607292015278,0.45,ERA5
405a5fd1-a6b5-5f0e-9754-904aacbc7c9f,2024-04-24T21:01:00+00:00,21.682405,72.630165,2024-04-24T21:00:00+00:00,21.75,72.75,14.482457361858895,3.2848968505859375,0.354827880859375,3.3040051670698953,263.8349299730969,0.016666666666666666,ERA5
34489ae8-560f-59b4-b971-afbb9c7cfdf9,2024-04-25T07:48:00+00:00,21.7951216666667,72.6481666666667,2024-04-25T08:00:00+00:00,21.75,72.75,11.651213229335136,1.6892852783203125,0.004425048828125,1.6892910739735965,269.84991520061664,0.2,ERA5
34f6b392-da04-5ed0-808a-2ba56d6d7233,2024-04-25T07:48:00+00:00,21.76764,72.77289,2024-04-25T08:00:00+00:00,21.75,72.75,3.0717200039760786,1.6892852783203125,0.004425048828125,1.6892910739735965,269.84991520061664,0.2,ERA5
4bf42580-ce41-5afb-859a-1b7f3028a584,2024-04-25T07:48:00+00:00,21.977585,72.85312,2024-04-25T08:00:00+00:00,22.0,72.75,10.92055203337771,1.4392852783203125,-0.238739013671875,1.458951140044998,279.41808909794497,0.2,ERA5
d106f774-0a43-5418-bb13-9bc40ad72471,2024-04-25T07:48:00+00:00,22.04309,72.6719,2024-04-25T08:00:00+00:00,22.0,72.75,9.3686624206975,1.4392852783203125,-0.238739013671875,1.458951140044998,279.41808909794497,0.2,ERA5
2a93830a-385f-59a7-830b-dbb05dae7227,2024-04-25T08:14:00+00:00,21.81635,72.65046,2024-04-25T08:00:00+00:00,21.75,72.75,12.65184088553696,1.6892852783203125,0.004425048828125,1.6892910739735965,269.84991520061664,0.23333333333333334,ERA5
5ba8e2d5-a3cc-534d-97e9-88659ac29e03,2024-04-25T08:14:00+00:00,21.86806,72.73585,2024-04-25T08:00:00+00:00,21.75,72.75,13.208698675141562,1.6892852783203125,0.004425048828125,1.6892910739735965,269.84991520061664,0.23333333333333334,ERA5
6ab3ea26-d2ce-5bdd-bf83-25db8761b2af,2024-04-26T07:29:00+00:00,21.76041,72.86761,2024-04-26T07:00:00+00:00,21.75,72.75,12.201224424171993,1.2955942153930664,-0.899627685546875,1.57730603991819,304.77513059357506,0.48333333333333334,ERA5
9c750d7e-4ea3-59c6-936f-5950ee428020,2024-04-26T07:55:00+00:00,21.70205,72.77557,2024-04-26T08:00:00+00:00,21.75,72.75,5.950162041581846,1.219919204711914,-0.8824920654296875,1.50565437985326,305.88205466545395,0.08333333333333333,ERA5
e7d47e49-d4ff-503f-81d7-5b5d022357be,2024-04-26T07:55:00+00:00,21.43374,72.7879,2024-04-26T08:00:00+00:00,21.5,72.75,8.346599895274819,1.505075454711914,-0.6197967529296875,1.627697803438482,292.3820815223263,0.08333333333333333,ERA5
a7999066-2af6-59d3-bb08-e8d966070667,2024-04-26T20:24:00+00:00,21.39657,72.95514,2024-04-26T20:00:00+00:00,21.5,73.0,12.402649839107317,1.8950042724609375,0.221588134765625,1.907915746073216,263.3305324790402,0.4,ERA5
4e4eb803-e8f0-5f8c-b36b-c9676aa0db62,2024-04-27T07:36:00+00:00,21.6346,72.9603,2024-04-27T08:00:00+00:00,21.75,73.0,13.471541104754964,0.4587554931640625,-2.0868682861328125,2.1366974156803544,347.60189238185114,0.4,ERA5
cb9eddcb-f316-590a-ba7b-594e7faa27f1,2024-04-27T07:36:00+00:00,21.4893,72.68753,2024-04-27T08:00:00+00:00,21.5,72.75,6.571839468078622,1.4734039306640625,-2.3730010986328125,2.7932155944375014,328.1637225924004,0.4,ERA5
1492a317-fbc1-5403-807a-28eb17fe866b,2024-04-28T08:32:00+00:00,21.96849,72.97609,2024-04-28T09:00:00+00:00,22.0,73.0,4.284183817867874,0.8281402587890625,-2.037384033203125,2.1992612366379416,337.87961790300665,0.4666666666666667,ERA5
5df4e1be-d195-5917-9656-70fe28807c8e,2024-04-28T08:32:00+00:00,21.65642,72.83587,2024-04-28T09:00:00+00:00,21.75,72.75,13.674044324473767,0.7705230712890625,-2.501251220703125,2.6172434874229036,342.8782868348345,0.4666666666666667,ERA5
79a404ea-b88a-5bb5-b7ca-6dcaae145768,2024-04-28T08:32:00+00:00,21.75647,72.83492,2024-04-28T09:00:00+00:00,21.75,72.75,8.799705668318877,0.7705230712890625,-2.501251220703125,2.6172434874229036,342.8782868348345,0.4666666666666667,ERA5
91a62669-9a8d-59d9-b941-574cc8c06376,2024-04-28T08:32:00+00:00,21.780435,72.8596,2024-04-28T09:00:00+00:00,21.75,72.75,11.813291759986196,0.7705230712890625,-2.501251220703125,2.6172434874229036,342.8782868348345,0.4666666666666667,ERA5
b248331b-303c-5a50-b076-a90d3537deba,2024-04-28T08:32:00+00:00,21.37275,72.67879,2024-04-28T09:00:00+00:00,21.25,72.75,15.515033571642048,1.6709136962890625,-3.038360595703125,3.467504533517992,331.19187939988365,0.4666666666666667,ERA5
c985f4e0-87fa-5b89-b65d-b2c9fdfb6381,2024-04-28T08:32:00+00:00,22.07224,72.69725,2024-04-28T09:00:00+00:00,22.0,72.75,9.699794825871164,0.9189605712890625,-2.449493408203125,2.616200773720259,339.4357412570276,0.4666666666666667,ERA5
36742f95-e9c6-5274-9860-1fd24541119e,2024-04-28T08:58:00+00:00,21.40418,72.6659,2024-04-28T09:00:00+00:00,21.5,72.75,13.75776857290612,1.4238433837890625,-2.086212158203125,2.5257892134131916,325.68639630634766,0.03333333333333333,ERA5
80f62a68-a6f0-50d7-a89c-7eea685e29d7,2024-04-28T08:58:00+00:00,21.9903,72.78996,2024-04-28T09:00:00+00:00,22.0,72.75,4.258789128305844,0.9189605712890625,-2.449493408203125,2.616200773720259,339.4357412570276,0.03333333333333333,ERA5
bc614155-42d3-54c2-a1f9-6f28b6c1980f,2024-04-28T08:58:00+00:00,21.70725,72.556,2024-04-28T09:00:00+00:00,21.75,72.5,7.4871056817934205,0.1308746337890625,-2.639923095703125,2.6431651709638184,357.1618756056749,0.03333333333333333,ERA5
40e67e01-db8f-57a5-8fd4-17319da1d7a8,2024-04-28T21:26:00+00:00,21.43503,72.97677,2024-04-28T21:00:00+00:00,21.5,73.0,7.613773352024231,2.2918548583984375,-1.9313507080078125,2.997117656897507,310.1209066707262,0.43333333333333335,ERA5
8e0426db-7a4f-598e-ab71-c405656956e2,2024-04-29T08:13:00+00:00,21.4321666666667,72.7094266666667,2024-04-29T08:00:00+00:00,21.5,72.75,8.632550121596152,1.941925048828125,-1.74530029296875,2.6109664892340003,311.94753991365263,0.21666666666666667,ERA5
c4f4cfaa-9f51-553b-bfed-0b70cbcac002,2024-04-29T08:13:00+00:00,21.82632,72.95855,2024-04-29T08:00:00+00:00,21.75,73.0,9.504492524340678,2.336456298828125,-2.07244873046875,3.1231509372355277,311.57319027856255,0.21666666666666667,ERA5
084ad21a-9a8b-55eb-a572-1b63b4020944,2024-04-29T08:39:00+00:00,21.41449,72.67204,2024-04-29T09:00:00+00:00,21.5,72.75,12.46991819473328,1.863800048828125,-1.2008056640625,2.2171343813256565,302.792799045037,0.35,ERA5
d887af22-1606-5523-a7d7-681c41c0042d,2024-04-29T08:39:00+00:00,22.02159,72.83485,2024-04-29T09:00:00+00:00,22.0,72.75,9.070669942184571,2.464385986328125,-2.5552978515625,3.5500345631853185,316.0375746648693,0.35,ERA5
fb76dc84-fc7b-5559-bade-837f72668e2e,2024-04-29T08:39:00+00:00,21.7019,72.96193,2024-04-29T09:00:00+00:00,21.75,73.0,6.638572249886945,2.397003173828125,-1.8677978515625,3.038797958016228,307.9265094810643,0.35,ERA5
9f1ec156-c592-551d-950e-3e55ec3e95e3,2024-04-30T07:54:00+00:00,21.81825,72.8544,2024-04-30T08:00:00+00:00,21.75,72.75,13.1832019352891,2.148193359375,-2.5899658203125,3.3649156987434097,320.3266955587668,0.1,ERA5
cdc245de-b155-515c-80b9-c2cbb8e3b003,2024-04-30T07:54:00+00:00,21.44489,72.91148,2024-04-30T08:00:00+00:00,21.5,73.0,11.02061340767903,2.078857421875,-2.4766845703125,3.2335142865478086,319.9908741583799,0.1,ERA5
d60cdc56-35a8-576d-8ebb-3e887d89ecd7,2024-04-30T07:54:00+00:00,21.79788,72.71583,2024-04-30T08:00:00+00:00,21.75,72.75,6.387103107187749,2.148193359375,-2.5899658203125,3.3649156987434097,320.3266955587668,0.1,ERA5
b1e80105-666a-5cd6-8df0-aa9f4d48e2ee,2024-04-30T08:20:00+00:00,22.03589,72.96087,2024-04-30T08:00:00+00:00,22.0,73.0,5.674263369636792,1.828857421875,-2.0499267578125,2.7471656633597727,318.26201485218206,0.3333333333333333,ERA5
2e35df4b-43aa-5985-9db2-bfc1035c91af,2024-04-30T20:23:00+00:00,21.3959933333333,72.9551633333333,2024-04-30T20:00:00+00:00,21.5,73.0,12.461237175509726,2.27203369140625,0.0123138427734375,2.2720670601038515,269.68947453759563,0.38333333333333336,ERA5
86172154-ee0f-5aeb-ab5e-d2abfd09ec4c,2024-04-30T20:23:00+00:00,21.431645,72.97746,2024-04-30T20:00:00+00:00,21.5,73.0,7.950570228836417,2.27203369140625,0.0123138427734375,2.2720670601038515,269.68947453759563,0.38333333333333336,ERA5
3acd8afe-5505-5ff2-9220-5ba53372c687,2024-05-01T07:35:00+00:00,21.928916,72.672576,2024-05-01T08:00:00+00:00,22.0,72.75,11.234972620848216,1.9473114013671875,-1.1609039306640625,2.26709497598268,300.8015924849782,0.4166666666666667,ERA5
7ad6cbb7-494f-5ff1-91e1-b800abdaff75,2024-05-01T07:35:00+00:00,21.41,72.66293,2024-05-01T08:00:00+00:00,21.5,72.75,13.46648675473568,2.0596160888671875,0.7365570068359375,2.187357917177636,250.322005398388,0.4166666666666667,ERA5
ca4dfd27-9226-5afe-aa51-19d0368d0c2b,2024-05-01T08:01:00+00:00,21.41568,72.67503,2024-05-01T08:00:00+00:00,21.5,72.75,12.169733244862554,2.0596160888671875,0.7365570068359375,2.187357917177636,250.322005398388,0.016666666666666666,ERA5
a9f2fe8a-012b-57f8-b3c4-469b560ba80e,2024-05-01T09:16:00+00:00,21.69849,72.75983,2024-05-01T09:00:00+00:00,21.75,72.75,5.816962007344465,2.278533935546875,-0.1286468505859375,2.2821627697437386,273.23150958790086,0.26666666666666666,ERA5
c645e423-f166-5f7b-8b0e-101e82e1026e,2024-05-01T09:16:00+00:00,21.42476,72.69205,2024-05-01T09:00:00+00:00,21.5,72.75,10.293598407417031,2.220916748046875,1.8205718994140625,2.8717509019222462,230.65719297331663,0.26666666666666666,ERA5
4e866118-2677-5f0b-9bbc-21273a6d1b37,2024-05-02T07:42:00+00:00,21.7554,72.61282,2024-05-02T08:00:00+00:00,21.75,72.5,11.667168733970971,0.255279541015625,1.1089019775390625,1.1379065163057955,192.96415315092312,0.3,ERA5
40c43e50-3bc7-50f5-a3b1-fa87af05c737,2024-05-04T08:19:00+00:00,21.71027,72.92388,2024-05-04T08:00:00+00:00,21.75,73.0,9.018781800409743,2.3581695556640625,-2.6261749267578125,3.529554985999261,318.0777976698942,0.31666666666666665,ERA5
82d0d47b-8b1b-567d-9bf9-8dadf60eb49c,2024-05-04T08:19:00+00:00,21.36114,72.65199,2024-05-04T08:00:00+00:00,21.25,72.75,15.994261796842402,2.4831695556640625,-0.3927764892578125,2.5140414500740733,278.98831900646894,0.31666666666666665,ERA5
ab35df8b-056c-5d25-9723-b2031ceba593,2024-05-04T08:19:00+00:00,21.81193,72.81172,2024-05-04T08:00:00+00:00,21.75,72.75,9.382764111874298,2.5788726806640625,-2.8361358642578125,3.833308094010297,317.72003624794564,0.31666666666666665,ERA5
3ddb629a-b25e-5f3b-ae43-9653aaf607aa,2024-05-04T08:45:00+00:00,21.88532,72.85534,2024-05-04T09:00:00+00:00,22.0,72.75,16.752667643429117,2.7685699462890625,-3.5132904052734375,4.473051421488626,321.76091308646244,0.25,ERA5
62b2e678-26f9-510c-90ff-47741f9763de,2024-05-04T08:45:00+00:00,21.72651,72.66368,2024-05-04T09:00:00+00:00,21.75,72.75,9.290491521796657,2.6513824462890625,-3.1714935302734375,4.133787620216603,320.1042293441988,0.25,ERA5
7e9e8853-f125-5241-904c-b279decb501a,2024-05-04T08:45:00+00:00,21.65792,72.9236,2024-05-04T09:00:00+00:00,21.75,73.0,12.92801641702093,2.5312652587890625,-3.0171966552734375,3.9383726927432448,320.00516370361987,0.25,ERA5
c1aff7cd-3672-5b51-994f-a35ba3739871,2024-05-04T08:45:00+00:00,21.92752,72.9301,2024-05-04T09:00:00+00:00,22.0,73.0,10.812727892718213,2.6386871337890625,-3.0484466552734375,4.03183541331634,319.1210550627304,0.25,ERA5
4f140685-7e87-5b96-8f73-abe4a38ae9a5,2024-05-05T08:00:00+00:00,22.02507,72.92297,2024-05-05T08:00:00+00:00,22.0,73.0,8.416036872545357,2.871795654296875,-2.9795989990234375,4.138262977992081,316.05547110320424,0.0,ERA5
b77fab6f-be6a-54b5-90ff-bea76869b6f1,2024-05-05T08:00:00+00:00,21.69227,72.77812,2024-05-05T08:00:00+00:00,21.75,72.75,7.04591925200891,3.057342529296875,-3.0684661865234375,4.331608024658406,315.1040414320599,0.0,ERA5
c550aa70-e74a-5540-893e-fdb35ae8cefb,2024-05-05T08:00:00+00:00,21.42139,72.88311,2024-05-05T08:00:00+00:00,21.5,73.0,14.924121798386732,2.944061279296875,-2.3858489990234375,3.7894290153526153,309.02109405229754,0.0,ERA5
cf0c5d26-40a1-5414-9c3c-a8d935e71495,2024-05-05T08:00:00+00:00,21.71896,72.88123,2024-05-05T08:00:00+00:00,21.75,73.0,12.744047303155474,2.875701904296875,-2.8428802490234375,4.043714820887377,314.671155957114,0.0,ERA5
10589a18-0234-53f0-89ef-aaa7e3a6d7e7,2024-05-05T08:26:00+00:00,21.5002,72.97189,2024-05-05T08:00:00+00:00,21.5,73.0,2.9082793449173705,2.944061279296875,-2.3858489990234375,3.7894290153526153,309.02109405229754,0.43333333333333335,ERA5
3bb753ee-3d8d-5e78-bbbd-e94d506697dd,2024-05-05T20:29:00+00:00,21.4323333333333,72.9752333333333,2024-05-05T20:00:00+00:00,21.5,73.0,7.9487031672626935,1.08782958984375,0.868011474609375,1.3916957773138363,231.41259580953374,0.48333333333333334,ERA5
002e4ee7-6e18-5d4a-8dec-1fcd6c76bf31,2024-05-06T07:41:00+00:00,21.78105,72.96453,2024-05-06T08:00:00+00:00,21.75,73.0,5.033621902639141,3.0080108642578125,-0.53363037109375,3.054978024871322,280.05978538379003,0.31666666666666665,ERA5
70088930-b7ec-520a-91c4-91ff53c07d26,2024-05-06T07:41:00+00:00,21.69285,72.85548,2024-05-06T08:00:00+00:00,21.75,72.75,12.613750936583488,2.8468780517578125,-0.21624755859375,2.855079271785306,274.343819700312,0.31666666666666665,ERA5
89c08fc9-7074-5daa-b5fc-62c60b4c0430,2024-05-06T07:41:00+00:00,21.41584,72.7773,2024-05-06T08:00:00+00:00,21.5,72.75,9.775329809391506,2.7433624267578125,1.59429931640625,3.172984039487112,239.83707714127658,0.31666666666666665,ERA5
e849ea35-66ab-553a-9d31-8c0d3fd30d3d,2024-05-06T07:42:00+00:00,22.019175,72.82444,2024-05-06T08:00:00+00:00,22.0,72.75,7.964799331619535,2.6056671142578125,-0.51800537109375,2.6566578016008404,281.2437802617934,0.3,ERA5
e9336f6f-39ff-582a-9313-47130800bcce,2024-05-06T07:42:00+00:00,22.08387,72.97855,2024-05-06T08:00:00+00:00,22.0,73.0,9.584382803266296,2.7453155517578125,-0.57659912109375,2.805213721834646,281.86143529329485,0.3,ERA5
2e982751-556e-54e5-8d76-3124462c3af3,2024-05-07T07:48:00+00:00,22.05311,72.62691,2024-05-07T08:00:00+00:00,22.0,72.75,13.99500939418392,2.479583740234375,1.35137939453125,2.8239266620785926,241.40950448435956,0.2,ERA5
7fc4ebed-fcea-52c8-ad24-a2be719cbe59,2024-05-07T07:48:00+00:00,21.7249066666667,72.9481733333333,2024-05-07T08:00:00+00:00,21.75,73.0,6.0366257946644515,2.638763427734375,1.09552001953125,2.857137823196882,247.45352631952636,0.2,ERA5
0d7c1190-3ca0-5a22-afdb-1510e0c2cf8e,2024-05-07T09:03:00+00:00,21.80191,72.77593,2024-05-07T09:00:00+00:00,21.75,72.75,6.362914218837418,2.6287689208984375,2.9945526123046875,3.9846921320652067,221.27828899618808,0.05,ERA5
3ede2559-8c76-5950-be75-40253b552324,2024-05-08T07:30:00+00:00,21.6201,72.811892,2024-05-08T07:00:00+00:00,21.5,72.75,14.809121260589942,2.812530517578125,2.803619384765625,3.9712226790929086,225.09091101221355,0.5,ERA5
6bfbb3d3-585e-5d45-bc0f-3583825c7405,2024-05-08T08:44:00+00:00,22.0233675,72.76924,2024-05-08T09:00:00+00:00,22.0,72.75,3.268862567465492,2.5067291259765625,0.9286651611328125,2.6732208836011013,249.67189939600695,0.26666666666666666,ERA5
8ca37cb8-c9ac-53a7-be93-773ab97ca1c3,2024-05-08T08:44:00+00:00,21.75571,72.85537,2024-05-08T09:00:00+00:00,21.75,72.75,10.900788631662516,2.6678619384765625,2.2147979736328125,3.4673934571634546,230.30131817294196,0.26666666666666666,ERA5
a24b2a49-7a48-5007-9c23-0487f74c4081,2024-05-08T08:44:00+00:00,21.79361,72.76727,2024-05-08T09:00:00+00:00,21.75,72.75,5.166740047573898,2.6678619384765625,2.2147979736328125,3.4673934571634546,230.30131817294196,0.26666666666666666,ERA5
b87b60e8-238e-5138-92fc-f1c33ddd7db9,2024-05-08T08:44:00+00:00,22.06706,72.94279,2024-05-08T09:00:00+00:00,22.0,73.0,9.506611968625107,2.7547760009765625,-0.4580535888671875,2.7925980566186985,279.4405514382034,0.26666666666666666,ERA5
42835098-015c-50a5-9ff6-7513057d8a99,2024-05-08T19:58:00+00:00,21.43452,72.97614,2024-05-08T20:00:00+00:00,21.5,73.0,7.688292179052662,0.4295196533203125,3.691009521484375,3.7159169016915214,186.63760712063683,0.03333333333333333,ERA5
b70cb5fa-8fb5-53d2-ab51-a97fc3ed3ce8,2024-05-08T21:13:00+00:00,21.39396,72.94514,2024-05-08T21:00:00+00:00,21.5,73.0,13.086908787437862,0.2130584716796875,3.618560791015625,3.6248277353041356,183.36964734632306,0.21666666666666667,ERA5
13cdd72d-7677-518a-bdea-f0e3e819c7b2,2024-05-09T08:25:00+00:00,21.73835,72.95618,2024-05-09T08:00:00+00:00,21.75,73.0,4.707607937998365,2.865966796875,1.0888824462890625,3.065849093257266,249.19643975417563,0.4166666666666667,ERA5
20f699a9-4c59-5667-9592-61126d74a3bb,2024-05-09T08:25:00+00:00,22.01887,72.84395,2024-05-09T08:00:00+00:00,22.0,72.75,9.910101595965799,2.570068359375,1.5166168212890625,2.9841879891316236,239.45482307197864,0.4166666666666667,ERA5
27522b9e-e8f3-5690-b972-418424049403,2024-05-09T08:25:00+00:00,21.42861,72.78919,2024-05-09T08:00:00+00:00,21.5,72.75,8.914157543324782,3.109130859375,3.9707183837890625,5.043143779833999,218.06146611337533,0.4166666666666667,ERA5
3981662c-0c74-55f0-944c-1df7486283e7,2024-05-09T08:25:00+00:00,22.08654,72.8026333333333,2024-05-09T08:00:00+00:00,22.0,72.75,11.046549882006339,2.570068359375,1.5166168212890625,2.9841879891316236,239.45482307197864,0.4166666666666667,ERA5
56aaab49-d650-541e-9c72-a8bdbbf21cd0,2024-05-09T08:25:00+00:00,21.82452,72.7052,2024-05-09T08:00:00+00:00,21.75,72.75,9.489937292207717,2.698974609375,2.5869293212890625,3.7385381174191634,226.21431660080793,0.4166666666666667,ERA5
6c39fab8-935d-5ef7-b5ae-1ae6c4bb2b17,2024-05-09T08:25:00+00:00,21.92104,72.6714414285714,2024-05-09T08:00:00+00:00,22.0,72.75,11.94662126475676,2.570068359375,1.5166168212890625,2.9841879891316236,239.45482307197864,0.4166666666666667,ERA5
f95e545c-2009-568d-bb45-5f978c44b4ae,2024-05-09T08:25:00+00:00,21.36074,72.79635,2024-05-09T08:00:00+00:00,21.25,72.75,13.216796930333768,3.781005859375,3.6142730712890625,5.230580765314054,226.29156276430922,0.4166666666666667,ERA5
837a032b-6c65-565a-be4c-da9f5d15a3f7,2024-05-09T08:51:00+00:00,21.77692,72.83947,2024-05-09T09:00:00+00:00,21.75,72.75,9.71228928662224,2.8193206787109375,3.4037322998046875,4.41972427399502,219.63504459818165,0.15,ERA5
0dfd7ac5-4a84-5cfc-a4ad-8f2d7e23460f,2024-05-09T20:54:00+00:00,21.79451,72.64647,2024-05-09T21:00:00+00:00,21.75,72.75,11.78086551660256,3.2347869873046875,2.286376953125,3.961232942534041,234.74698162338166,0.1,ERA5
acd46634-dbce-558e-b603-8bf7ebd01a90,2024-05-09T20:54:00+00:00,22.09846,72.96712,2024-05-09T21:00:00+00:00,22.0,73.0,11.460691078298714,1.9496307373046875,2.221923828125,2.9560117573908387,221.26538646559055,0.1,ERA5
1573cc22-2d42-5906-9279-6512d5552f15,2024-05-10T08:06:00+00:00,21.53374,72.89838,2024-05-10T08:00:00+00:00,21.5,73.0,11.161573871201469,3.253204345703125,2.33502197265625,4.004455784209533,234.33070392120172,0.1,ERA5
ec12138a-3df8-5482-8db9-ee69bcc25ccf,2024-05-10T08:06:00+00:00,21.502825,72.716935,2024-05-10T08:00:00+00:00,21.5,72.75,3.435188585776797,2.716094970703125,4.40142822265625,5.172015302478693,211.6784866732089,0.1,ERA5
17230a6b-0e82-539b-a0a7-977925c0a32e,2024-05-10T08:07:00+00:00,21.7965,72.85075,2024-05-10T08:00:00+00:00,21.75,72.75,11.617700340041658,2.457305908203125,3.58599853515625,4.347152840726072,214.42089604701755,0.11666666666666667,ERA5
c08deb21-ee65-561b-bf55-121d8955e142,2024-05-10T08:32:00+00:00,21.61865,72.88228,2024-05-10T09:00:00+00:00,21.5,73.0,17.95189224497487,3.43902587890625,2.3441314697265625,4.161952828078343,235.72061758100182,0.4666666666666667,ERA5
af305005-b9be-5769-b1c3-9d7393ec0606,2024-05-11T08:13:00+00:00,21.66394,72.25564,2024-05-11T08:00:00+00:00,21.75,72.25,9.587157808875844,-1.9553985595703125,1.9360198974609375,2.751682498060834,134.714678237335,0.21666666666666667,ERA5
f94180da-3a8f-5dca-8be5-31f098adb5aa,2024-05-11T08:13:00+00:00,21.8984,72.89215,2024-05-11T08:00:00+00:00,22.0,73.0,15.854177480729806,1.0299530029296875,-0.4790191650390625,1.135897243908357,294.9425906624582,0.21666666666666667,ERA5
0d3a5658-eca8-5ae6-8be8-762976e54165,2024-05-12T07:54:00+00:00,21.48589,72.71475,2024-05-12T08:00:00+00:00,21.5,72.75,3.970225735011016,2.732757568359375,3.0709075927734375,4.110770897383968,221.6654365831608,0.1,ERA5
78269d95-b1a2-552d-856d-b7dad15f1101,2024-05-12T07:54:00+00:00,21.40015,72.67478,2024-05-12T08:00:00+00:00,21.5,72.75,13.560047529735773,2.732757568359375,3.0709075927734375,4.110770897383968,221.6654365831608,0.1,ERA5
6ebcc84f-001f-5d1a-958e-fa01ce160081,2024-05-12T07:55:00+00:00,21.90335,72.68076,2024-05-12T08:00:00+00:00,22.0,72.75,12.90313402546945,1.658538818359375,1.1949310302734375,2.0441651545594968,234.22830043420214,0.08333333333333333,ERA5
8ac57d83-5572-5b52-aff4-b1b346072606,2024-05-12T07:55:00+00:00,22.01238,72.76871,2024-05-12T08:00:00+00:00,22.0,72.75,2.369724577114884,1.658538818359375,1.1949310302734375,2.0441651545594968,234.22830043420214,0.08333333333333333,ERA5
d6bc1f38-1d25-55ab-a7d9-6532af1cc127,2024-05-12T07:55:00+00:00,22.00216,72.80593,2024-05-12T08:00:00+00:00,22.0,72.75,5.771235024842619,1.658538818359375,1.1949310302734375,2.0441651545594968,234.22830043420214,0.08333333333333333,ERA5
2500c538-8171-5b4d-8353-75a66f3025ba,2024-05-12T09:09:00+00:00,21.92977,72.54848,2024-05-12T09:00:00+00:00,22.0,72.5,9.272445919722905,0.604949951171875,2.940582275390625,3.002163979825945,191.62495968155008,0.15,ERA5
aefabb1c-2570-5486-8348-6c94eec87710,2024-05-12T20:23:00+00:00,21.43467,72.97652,2024-05-12T20:00:00+00:00,21.5,73.0,7.6599340888060805,1.0170135498046875,1.885589599609375,2.142373613224681,208.34069384085632,0.38333333333333336,ERA5
023ce0f0-2ac0-5f9f-b4a6-5d29baf4abb3,2024-05-13T07:36:00+00:00,22.09455,72.768,2024-05-13T08:00:00+00:00,22.0,72.75,10.675899891256224,-1.4119873046875,0.900787353515625,1.6748510396009415,122.53612940685471,0.4,ERA5
1462070b-8502-5812-a860-201ba6725622,2024-05-13T07:36:00+00:00,22.08145,72.76257,2024-05-13T08:00:00+00:00,22.0,72.75,9.149022646458446,-1.4119873046875,0.900787353515625,1.6748510396009415,122.53612940685471,0.4,ERA5
29e432da-8944-5fbf-8b64-6fb5d8106115,2024-05-14T08:32:00+00:00,21.76696,72.84403,2024-05-14T09:00:00+00:00,21.75,72.75,9.892168824800061,-0.9264373779296875,-2.3280181884765625,2.5055847423511604,21.700136454639562,0.4666666666666667,ERA5
2c3debaf-27ab-501f-b02c-d06e9411c4b5,2024-05-14T08:32:00+00:00,21.68575,72.537205,2024-05-14T09:00:00+00:00,21.75,72.5,8.112459205881633,-0.0406951904296875,-2.2332916259765625,2.2336623704537684,1.0439320199199074,0.4666666666666667,ERA5
c6a06f06-e5f4-592a-be13-c481db58db2e,2024-05-14T08:57:00+00:00,21.59611,72.82152,2024-05-14T09:00:00+00:00,21.5,72.75,12.99708152227622,1.4261016845703125,-1.2137603759765625,1.872693318465426,310.40122809175335,0.05,ERA5
08600f19-8733-5dcf-9709-999437ccba94,2024-05-15T08:13:00+00:00,21.53445,72.981415,2024-05-15T08:00:00+00:00,21.5,73.0,4.286039215017213,0.67108154296875,0.9419097900390625,1.1565225851165852,215.4686947271952,0.21666666666666667,ERA5
d79ef041-9e92-5cc3-84c3-368e560f2d03,2024-05-15T08:13:00+00:00,21.77872,72.86938,2024-05-15T08:00:00+00:00,21.75,72.75,12.73511435833932,0.64666748046875,0.9790191650390625,1.1733104260210017,213.44579372624617,0.21666666666666667,ERA5
24bde6e5-a58d-5967-a488-19eea08397b9,2024-05-15T08:38:00+00:00,21.7563,72.93477,2024-05-15T09:00:00+00:00,21.75,73.0,6.773060193144684,0.7994537353515625,0.32391357421875,0.8625811721401829,247.9437527268557,0.36666666666666664,ERA5
e0f71d79-33dd-5137-b998-32150e9d3ad7,2024-05-15T08:38:00+00:00,21.72742,72.655795,2024-05-15T09:00:00+00:00,21.75,72.75,10.048876725341014,1.1842193603515625,0.75164794921875,1.402622591075809,237.595878770969,0.36666666666666664,ERA5
5ccf80d2-3e58-5fbb-9466-5d7755bb9b11,2024-05-15T20:42:00+00:00,21.4219766666667,72.9684666666667,2024-05-15T21:00:00+00:00,21.5,73.0,9.269208341580399,0.9102630615234375,-0.1077423095703125,0.9166172846098672,276.75034615976267,0.3,ERA5
12a4721e-a437-5b2e-a3de-4dd981668bdd,2024-05-15T21:07:00+00:00,21.43368,72.97644,2024-05-15T21:00:00+00:00,21.5,73.0,7.767007924765887,0.9102630615234375,-0.1077423095703125,0.9166172846098672,276.75034615976267,0.11666666666666667,ERA5
6fcab237-3164-5160-a5e1-e4abeeea5d1d,2024-05-16T08:19:00+00:00,21.61349,72.92499,2024-05-16T08:00:00+00:00,21.5,73.0,14.81311090858363,-0.0014495849609375,-2.228179931640625,2.22818040316815,0.03727485712016687,0.31666666666666665,ERA5
f519fd4c-8fbb-51eb-9b00-29e31d7cf92d,2024-05-16T08:20:00+00:00,21.97929,72.80397,2024-05-16T08:00:00+00:00,22.0,72.75,6.022293533536116,-0.2006683349609375,-2.523101806640625,2.5310690443623187,4.547298979313894,0.3333333333333333,ERA5
8f8d2fd2-d1a9-5038-a294-5a1c64f2dfc4,2024-05-16T20:23:00+00:00,21.9059516666667,72.75564,2024-05-16T20:00:00+00:00,22.0,72.75,10.473861414087297,2.2940826416015625,0.781524658203125,2.423550279626382,251.1875741060622,0.38333333333333336,ERA5
46569d82-1767-5228-ba73-43ee89e8b830,2024-05-17T08:01:00+00:00,21.95966,72.81435,2024-05-17T08:00:00+00:00,22.0,72.75,8.009241758997314,2.7010498046875,-1.2278594970703125,2.9670370728974964,294.4458812865341,0.016666666666666666,ERA5
7c0d0562-b7f1-5fd6-b4e4-179ebee8a8c7,2024-05-18T07:42:00+00:00,21.79133,72.64895,2024-05-18T08:00:00+00:00,21.75,72.75,11.40201866180055,1.3371429443359375,-2.0683135986328125,2.4628991850818407,327.1177576145078,0.3,ERA5
9ae6d32c-356d-5a90-b8e7-3e968268f51d,2024-05-18T07:42:00+00:00,22.09727,72.57129,2024-05-18T08:00:00+00:00,22.0,72.5,13.075464953046492,0.7736663818359375,-3.3261260986328125,3.414919397934517,346.9056771366598,0.3,ERA5
ce0e4272-2d16-5415-9f1a-3a97b16b387d,2024-05-18T07:42:00+00:00,21.6702,72.54145,2024-05-18T08:00:00+00:00,21.75,72.5,9.852552979098311,0.2541351318359375,-1.0634307861328125,1.0933753711001182,346.5597195978634,0.3,ERA5
ffe17736-f8f7-5444-a94e-75d950423f29,2024-05-18T08:57:00+00:00,22.05759,72.61259,2024-05-18T09:00:00+00:00,22.0,72.5,13.25497203074749,0.7647552490234375,-3.525146484375,3.6071468402617493,347.759764774457,0.05,ERA5
2aa98554-9484-5252-8215-a43dd5a1dca6,2024-05-19T07:23:00+00:00,22.01433,72.81683,2024-05-19T07:00:00+00:00,22.0,72.75,7.071560694156336,2.4156494140625,-3.2678070068359375,4.0637328560803,323.5272076419246,0.38333333333333336,ERA5
5f847e15-07e2-5e7b-b0ca-b296c90e88ca,2024-05-19T08:38:00+00:00,21.82854,72.64919,2024-05-19T09:00:00+00:00,21.75,72.75,13.587148432083822,2.4055328369140625,-3.6398162841796875,4.362894774350104,326.5395223028056,0.36666666666666664,ERA5
7f8e7933-e92b-5bfa-af46-fbed73e3a2ee,2024-05-19T08:38:00+00:00,22.0054,72.76306,2024-05-19T09:00:00+00:00,22.0,72.75,1.4742569127364789,2.3625640869140625,-4.3380584716796875,4.939682213309676,331.42670367448846,0.36666666666666664,ERA5
62ca362f-f0c7-5f11-9b68-ed0dcb765d45,2024-05-19T09:03:00+00:00,21.59461,72.80241,2024-05-19T09:00:00+00:00,21.5,72.75,11.834479458104042,2.6789703369140625,0.4285430908203125,2.713029901559375,260.91164500248726,0.05,ERA5
9fde6d13-d906-53db-b80f-961cd4fb5e28,2024-05-19T09:03:00+00:00,21.95259,72.80502,2024-05-19T09:00:00+00:00,22.0,72.75,7.7446053589660515,2.3625640869140625,-4.3380584716796875,4.939682213309676,331.42670367448846,0.05,ERA5
2f53b7cb-8a7d-5628-ba16-46bdc5a6b228,2024-05-19T21:07:00+00:00,21.4323925,72.975315,2024-05-19T21:00:00+00:00,21.5,73.0,7.939752650625152,0.8194427490234375,-0.415679931640625,0.9188450492307411,296.8973806731129,0.11666666666666667,ERA5
0d6a7d34-3a6d-576f-9d0a-984bd704e6de,2024-05-20T08:19:00+00:00,21.53195,72.74666,2024-05-20T08:00:00+00:00,21.5,72.75,3.569439453549313,2.77362060546875,0.326263427734375,2.792744006771444,263.2910776165619,0.31666666666666665,ERA5
3b03ba80-eba2-5db2-bb7d-9de810f0be65,2024-05-20T08:19:00+00:00,21.45556,72.79836,2024-05-20T08:00:00+00:00,21.5,72.75,7.032656011345043,2.77362060546875,0.326263427734375,2.792744006771444,263.2910776165619,0.31666666666666665,ERA5
8cc8c416-98f8-5e3d-be83-94863a21c731,2024-05-20T08:19:00+00:00,21.82786,72.85396,2024-05-20T08:00:00+00:00,21.75,72.75,13.79030814706425,2.72576904296875,-2.368072509765625,3.610759516654971,310.9832055248068,0.31666666666666665,ERA5
98c8d2c2-f4cf-5cea-9454-cb5220ca68df,2024-05-20T08:19:00+00:00,21.55471,72.78442,2024-05-20T08:00:00+00:00,21.5,72.75,7.048738314747028,2.77362060546875,0.326263427734375,2.792744006771444,263.2910776165619,0.31666666666666665,ERA5
bd0a7429-fdf9-5ff9-89bd-e7a55299d00e,2024-05-20T08:44:00+00:00,21.41571,72.86372,2024-05-20T09:00:00+00:00,21.5,72.75,15.044810201023354,2.8907928466796875,0.59844970703125,2.952088300552719,258.3038906140756,0.26666666666666666,ERA5
350375ba-31ea-5135-b60e-9491326b8e0b,2024-05-20T08:45:00+00:00,22.01674,72.64341,2024-05-20T09:00:00+00:00,22.0,72.75,11.145122327331157,2.8048553466796875,-3.22283935546875,4.272459131104224,318.96676419702527,0.25,ERA5
61d92d9d-795b-5c6c-b414-fc0691664231,2024-05-20T08:45:00+00:00,22.042,72.74956,2024-05-20T09:00:00+00:00,22.0,72.75,4.670407162926473,2.8048553466796875,-3.22283935546875,4.272459131104224,318.96676419702527,0.25,ERA5
4f39950c-f3a9-5247-bfe1-84d0804e77e6,2024-05-20T20:48:00+00:00,21.84136,72.980325,2024-05-20T21:00:00+00:00,21.75,73.0,10.35987558788743,2.0812225341796875,-0.3298187255859375,2.107194255052071,279.0049806571479,0.2,ERA5
cc683784-b27f-57ae-a255-0965d53b7478,2024-05-21T08:00:00+00:00,21.77392,72.9365,2024-05-21T08:00:00+00:00,21.75,73.0,7.0765391037264305,1.7529449462890625,-2.9481048583984375,3.429888954592092,329.26425767756734,0.0,ERA5
f6ef5ac0-0db4-565c-bf92-61ba897d5f3e,2024-05-21T08:00:00+00:00,21.74804,72.68476,2024-05-21T08:00:00+00:00,21.75,72.75,6.741485811929422,1.8232574462890625,-3.3426361083984375,3.807556154361688,331.3895220089261,0.0,ERA5
ea9bed4e-1a15-586d-9768-f912da314999,2024-05-21T08:26:00+00:00,22.00665,72.84161,2024-05-21T08:00:00+00:00,22.0,72.75,9.473501575361645,1.8095855712890625,-3.0428314208984375,3.5402574759223895,329.25985974862454,0.43333333333333335,ERA5
11854dd9-85e9-5e47-a5d1-8bddc7680cea,2024-05-21T20:29:00+00:00,21.43092,72.84047,2024-05-21T20:00:00+00:00,21.5,72.75,12.109948328007691,2.7917633056640625,-1.802490234375,3.3230879314080113,302.84813874404284,0.48333333333333334,ERA5
e770e1b0-0437-583c-8ac1-4d44322ea6fd,2024-05-21T20:54:00+00:00,21.794445,72.647395,2024-05-21T21:00:00+00:00,21.75,72.75,11.691199375769854,3.11431884765625,-2.025360107421875,3.714978526129445,303.0374822957744,0.1,ERA5
0e352aea-b1ae-58cb-96b4-11b7d2ec2999,2024-05-22T07:41:00+00:00,21.75931,72.840545,2024-05-22T08:00:00+00:00,21.75,72.75,9.4082141059648,2.6179656982421875,-1.1395111083984375,2.8552110190555338,293.5218481899668,0.31666666666666665,ERA5
7d4d4dd9-f409-57e1-ab12-d8f2d89fcb11,2024-05-22T07:41:00+00:00,22.05754,72.9819,2024-05-22T08:00:00+00:00,22.0,73.0,6.664625124927099,2.4675750732421875,-1.4715423583984375,2.873040837622574,300.80980501152686,0.31666666666666665,ERA5
286ed42e-965a-592a-9e36-708648089869,2024-05-22T20:35:00+00:00,21.91246,72.99844,2024-05-22T21:00:00+00:00,22.0,73.0,9.735333314247589,2.6375274658203125,0.4979248046875,2.68411628736156,259.30925386575325,0.4166666666666667,ERA5
1bb8c886-9be3-5929-8755-56868f9b9597,2024-05-23T07:48:00+00:00,21.62952,72.81343,2024-05-23T08:00:00+00:00,21.75,72.75,14.913906276065688,3.1336212158203125,-0.0911712646484375,3.134947228221995,271.6665241639592,0.2,ERA5
663936ec-b504-517e-930a-a3ebdf20104d,2024-05-23T09:03:00+00:00,21.9049,72.75853,2024-05-23T09:00:00+00:00,22.0,72.75,10.611167173669873,3.470489501953125,-1.2830657958984375,3.700075028938108,290.28972840227607,0.05,ERA5
6798d6e3-02f6-5fa7-b609-8a96a2153eb9,2024-05-24T07:29:00+00:00,22.02249,72.81452,2024-05-24T07:00:00+00:00,22.0,72.75,7.105949451269807,4.0285797119140625,-2.3792877197265625,4.678724671156363,300.5661889027399,0.48333333333333334,ERA5
9526c468-bac4-57a3-8495-4ae15813525c,2024-05-24T07:29:00+00:00,21.99166,72.79487,2024-05-24T07:00:00+00:00,22.0,72.75,4.718184707243475,4.0285797119140625,-2.3792877197265625,4.678724671156363,300.5661889027399,0.48333333333333334,ERA5
9da2ebff-6537-5a80-9183-3e284778f8d7,2024-05-24T21:13:00+00:00,21.68746,72.534,2024-05-24T21:00:00+00:00,21.75,72.5,7.790751640249484,5.0331573486328125,-0.64447021484375,5.07425016666672,277.29672836209363,0.21666666666666667,ERA5
f1bc40ee-5aae-554a-bfb4-d521a4f033c2,2024-05-24T21:13:00+00:00,22.04923,72.98196,2024-05-24T21:00:00+00:00,22.0,73.0,5.781353550922073,2.4784698486328125,1.60943603515625,2.9551814059108836,237.00164398735222,0.21666666666666667,ERA5
2c0e0cc2-507b-5da5-8b5f-27a0b1a34553,2024-05-25T08:25:00+00:00,21.99642,72.85668,2024-05-25T08:00:00+00:00,22.0,72.75,11.005849771308341,4.19244384765625,-0.78289794921875,4.264916718371142,280.5775965886766,0.4166666666666667,ERA5
2f01d737-b873-5bea-9dc2-444784e3ce70,2024-05-25T08:25:00+00:00,21.59492,72.9255,2024-05-25T08:00:00+00:00,21.5,73.0,13.067835462167341,4.05084228515625,0.55596923828125,4.088817067701237,262.1851051964581,0.4166666666666667,ERA5
63727f8e-f428-542a-ba16-d0333039c59d,2024-05-25T08:25:00+00:00,22.03973,72.86942,2024-05-25T08:00:00+00:00,22.0,72.75,13.078955676414294,4.19244384765625,-0.78289794921875,4.264916718371142,280.5775965886766,0.4166666666666667,ERA5
bf7a6757-d7ed-52fe-9ea1-5a36fbd496c9,2024-05-25T08:25:00+00:00,22.09822,72.61935,2024-05-25T08:00:00+00:00,22.0,72.5,16.449400301463633,3.96002197265625,0.07452392578125,3.9607231460219667,268.9218740492692,0.4166666666666667,ERA5
f4c8e818-a67e-58c4-a2f6-c5565e8d6e54,2024-05-25T08:25:00+00:00,21.72856,72.85636,2024-05-25T08:00:00+00:00,21.75,72.75,11.241270896078742,4.36041259765625,0.32354736328125,4.372399903723992,265.7563675619789,0.4166666666666667,ERA5
5ecd6649-8870-54aa-b3b1-80218fb8cfdf,2024-05-25T20:54:00+00:00,21.79352,72.6483333333333,2024-05-25T21:00:00+00:00,21.75,72.75,11.560057336911795,2.410736083984375,4.04833984375,4.711762298452469,210.77327302301217,0.1,ERA5
b30a4837-8098-5aff-b855-bf530c0c2b53,2024-05-26T08:06:00+00:00,21.71995,72.54953,2024-05-26T08:00:00+00:00,21.75,72.5,6.1104696586382055,1.691619873046875,2.1154937744140625,2.7086697296776108,218.64700476194773,0.1,ERA5
060e4b5a-7d6b-570e-ac1c-74bc9da4da7c,2024-05-26T08:32:00+00:00,21.94783,72.94378,2024-05-26T09:00:00+00:00,22.0,73.0,8.201224301822107,4.145050048828125,0.1497039794921875,4.147752546713201,267.93158596604,0.4666666666666667,ERA5
a29fd719-3ec8-5ace-81ee-004fbc08cbd8,2024-05-26T08:32:00+00:00,21.54573,72.8967,2024-05-26T09:00:00+00:00,21.5,73.0,11.83370493106303,3.592315673828125,1.8938446044921875,4.060957927188533,242.20210407928238,0.4666666666666667,ERA5
4ed259c2-71be-5f0b-aed0-fdebaec312d9,2024-05-26T20:35:00+00:00,22.010655,72.825035,2024-05-26T21:00:00+00:00,22.0,72.75,7.825881808484265,3.12176513671875,1.2801666259765625,3.3740545578127294,247.70255409084632,0.4166666666666667,ERA5
683bfe41-ee35-5fa6-8d12-aec6e547d0a9,2024-05-27T20:42:00+00:00,21.97991,72.87861,2024-05-27T21:00:00+00:00,22.0,73.0,12.713765002122743,4.0539093017578125,3.4271240234375,5.30842346642588,229.78924122699647,0.3,ERA5
9ea1ce26-a573-5382-8d4b-ddbfb861f4d3,2024-05-27T20:42:00+00:00,21.6855336363636,72.5370945454545,2024-05-27T21:00:00+00:00,21.75,72.5,8.128270445405466,5.9953155517578125,4.0032958984375,7.209035068273395,236.2674848601428,0.3,ERA5
1368a7dd-65fb-5a77-982b-58f4b01c4f4d,2024-05-29T21:19:00+00:00,21.68471875,72.53944625,2024-05-29T21:00:00+00:00,21.75,72.5,8.32448190341089,6.2451171875,4.050750732421875,7.44379407169652,237.0314749217117,0.31666666666666665,ERA5
08557b1f-d12d-5ca7-8185-cbd9c9d50cc0,2024-05-31T08:38:00+00:00,21.6846485714286,72.5351271428571,2024-05-31T09:00:00+00:00,21.75,72.5,8.122389285040201,1.23919677734375,5.826629638671875,5.956947338967223,192.0066648618486,0.36666666666666664,ERA5
1cf29181-0fe1-5374-8bb6-8415ba3a22b0,2024-06-01T08:19:00+00:00,21.86265,72.91483,2024-06-01T08:00:00+00:00,21.75,73.0,15.304145639398355,3.46795654296875,4.10003662109375,5.370011441163754,220.225727329752,0.31666666666666665,ERA5
296f9f98-7a5d-56d6-896e-78c9c82ea0cb,2024-06-01T08:19:00+00:00,21.57002,72.88638,2024-06-01T08:00:00+00:00,21.5,73.0,14.09716356504831,3.71014404296875,3.82269287109375,5.327114566656839,224.1440020371245,0.31666666666666665,ERA5
41ef6323-ad28-5f04-be66-0b58e8a2954f,2024-06-01T08:19:00+00:00,21.98929,72.90015,2024-06-01T08:00:00+00:00,22.0,73.0,10.363390572126137,3.19061279296875,3.68304443359375,4.872866332507157,220.90230740216833,0.31666666666666665,ERA5
b1c540e4-5cc7-50d7-9f7a-b832571d906d,2024-06-01T20:48:00+00:00,21.89132,72.77991,2024-06-01T21:00:00+00:00,22.0,72.75,12.472184545230638,3.8188018798828125,2.8772430419921875,4.78139888740617,233.00412070258398,0.2,ERA5
e6792f56-2a54-53aa-950b-be14d8bedee4,2024-06-01T20:48:00+00:00,21.79285,72.64868,2024-06-01T21:00:00+00:00,21.75,72.75,11.496502852184427,4.0893096923828125,2.8840789794921875,5.0040349039714656,234.80572304621637,0.2,ERA5
392b6d9a-c034-527d-a2f6-66184db97d22,2024-06-02T08:00:00+00:00,22.06067,72.68112,2024-06-02T08:00:00+00:00,22.0,72.75,9.793847534917047,1.91607666015625,2.284637451171875,2.9817642513942397,219.98584270868892,0.0,ERA5
edbdadf4-238b-528c-b580-7f1eeb25bc03,2024-06-02T20:29:00+00:00,21.90641,72.75737,2024-06-02T20:00:00+00:00,22.0,72.75,10.43445363815915,2.125701904296875,3.5860748291015625,4.1687577605141755,210.65800498660104,0.48333333333333334,ERA5
b85ba6f3-6646-5007-bdd6-1f5aa4dedb2d,2024-06-05T08:18:00+00:00,21.41033,72.98946,2024-06-05T08:00:00+00:00,21.5,73.0,10.030335590477868,3.8103485107421875,1.6182708740234375,4.139753180447814,246.98886651433747,0.3,ERA5
52f9e601-70a6-57fd-9764-70fa5a76d4ae,2024-06-05T08:19:00+00:00,21.96698,72.89174,2024-06-05T08:00:00+00:00,22.0,73.0,11.751042692714295,3.5847625732421875,1.2032318115234375,3.7813079084861525,251.44558278304797,0.31666666666666665,ERA5
e0d1bf2f-5400-5bb2-8b44-6020c1f067b7,2024-06-05T08:19:00+00:00,22.02192,72.82886,2024-06-05T08:00:00+00:00,22.0,72.75,8.487211239309403,3.5769500732421875,1.8409271240234375,4.022882611067901,242.766754338045,0.31666666666666665,ERA5
f87206cf-58b1-55ff-87a2-c9045a55ac1a,2024-06-05T08:19:00+00:00,22.00126,72.91617,2024-06-05T08:00:00+00:00,22.0,73.0,8.643814174653905,3.5847625732421875,1.2032318115234375,3.7813079084861525,251.44558278304797,0.31666666666666665,ERA5
614a4e6d-655b-5ebf-97a5-f66e5f1c2b19,2024-06-05T08:44:00+00:00,22.00384,72.77141,2024-06-05T09:00:00+00:00,22.0,72.75,2.2482211276877777,3.3631591796875,2.46856689453125,4.171889521630691,233.72124174890104,0.26666666666666666,ERA5
88040459-8c34-5715-87ed-6dca3242e14e,2024-06-06T08:00:00+00:00,22.0131466666667,72.86514,2024-06-06T08:00:00+00:00,22.0,72.75,11.959845431917037,2.3576202392578125,0.9088134765625,2.5267202313947785,248.91938828692966,0.0,ERA5
ae0092b1-31c8-5d3f-8fa4-7f79b13ec6de,2024-06-06T08:00:00+00:00,21.60492,72.798008,2024-06-06T08:00:00+00:00,21.5,72.75,12.679122776151194,2.6574249267578125,2.2681884765625,3.493792524830958,229.51829151917363,0.0,ERA5
c88215e8-a008-50e0-9abc-b48bbe379f15,2024-06-06T08:00:00+00:00,21.94767,72.87528,2024-06-06T08:00:00+00:00,22.0,73.0,14.115884605643435,2.6193389892578125,0.4976806640625,2.6662000645165076,259.2419008328487,0.0,ERA5
2811b713-fa5a-5adc-89ae-4e8be7ecf541,2024-06-06T08:25:00+00:00,21.58307,72.89346,2024-06-06T08:00:00+00:00,21.5,73.0,14.378628850517101,3.1125030517578125,0.9000244140625,3.240018393946282,253.8720244223675,0.4166666666666667,ERA5
bcae8144-95ca-52d0-ab9f-3abebe03f79c,2024-06-06T08:25:00+00:00,21.36381,72.73387,2024-06-06T08:00:00+00:00,21.25,72.75,12.764935884651464,3.2755889892578125,1.5396728515625,3.619402673976138,244.82438339834962,0.4166666666666667,ERA5
fe8c98a6-3792-57a6-b7eb-4daea8ed1594,2024-06-06T20:54:00+00:00,21.9073,72.68462,2024-06-06T21:00:00+00:00,22.0,72.75,12.317259316583089,3.36627197265625,0.8048095703125,3.461142215852679,256.55409797445014,0.1,ERA5
f146d321-9115-5f25-8254-5b713fbd01ab,2024-06-07T08:06:00+00:00,21.36417,72.65456,2024-06-07T08:00:00+00:00,21.25,72.75,16.090984508024388,3.805328369140625,1.7803955078125,4.201229839133463,244.92655940062326,0.1,ERA5
d1ec8a9c-aec8-50c3-be67-0729cdf5563e,2024-06-08T07:47:00+00:00,21.6264,72.81318,2024-06-08T08:00:00+00:00,21.75,72.75,15.215235992202343,2.3918914794921875,1.35040283203125,2.7467676746360157,240.5520007116845,0.21666666666666667,ERA5
1b38ab7b-f0bd-5684-8a86-6a61b9b9b06c,2024-06-09T08:43:00+00:00,21.62741,72.8141,2024-06-09T09:00:00+00:00,21.75,72.75,15.15515714284011,2.653228759765625,0.9384002685546875,2.814288172108703,250.52221013789784,0.2833333333333333,ERA5
061b6311-ebc5-53ea-a23a-a38ce231c182,2024-06-09T08:44:00+00:00,22.00378,72.74224,2024-06-09T09:00:00+00:00,22.0,72.75,0.9037232352943544,2.388580322265625,0.0282440185546875,2.3887473036088758,269.3225316191474,0.26666666666666666,ERA5
29014993-97d1-5e8b-99b5-87e3c51f4eaa,2024-06-09T09:09:00+00:00,21.68876,72.87614,2024-06-09T09:00:00+00:00,21.75,73.0,14.494086173652985,2.459869384765625,0.1620330810546875,2.4652002169120646,266.2313367929445,0.15,ERA5
c2c135ad-50df-565b-9022-fab0f61e6d56,2024-06-10T20:53:00+00:00,21.39643,72.95467,2024-06-10T21:00:00+00:00,21.5,73.0,12.435356763071756,2.1709747314453125,3.2369842529296875,3.8975887851707514,213.84889527453802,0.11666666666666667,ERA5
a67cbba6-1e0f-5d2e-a261-b156a255eb22,2024-06-11T08:31:00+00:00,21.72199,72.75117,2024-06-11T09:00:00+00:00,21.75,72.75,3.1169135209144314,2.9344635009765625,2.3063812255859375,3.7323545378619802,231.8339456082329,0.48333333333333334,ERA5
bc02cdfb-09ff-5cdb-bc48-d36afc6f8016,2024-06-11T08:31:00+00:00,21.46135,72.79703,2024-06-11T09:00:00+00:00,21.5,72.75,6.4923489969290005,2.9637603759765625,4.4489593505859375,5.345756716254003,213.67033643491823,0.48333333333333334,ERA5
21ebbd38-9240-50a3-b9eb-8c60ba3c11ec,2024-06-11T20:34:00+00:00,21.7259466666667,72.7212866666667,2024-06-11T21:00:00+00:00,21.75,72.75,3.9936306598217683,4.3964385986328125,1.7759246826171875,4.741579992985187,248.0039416263133,0.43333333333333335,ERA5
b13901d8-0eca-52e2-918c-e36f591450ed,2024-06-11T21:00:00+00:00,21.6337,72.99586,2024-06-11T21:00:00+00:00,21.75,73.0,12.939042282411421,3.0116729736328125,2.6040496826171875,3.9813626875291055,229.1515949976817,0.0,ERA5
f3964266-9286-5628-83dc-1693b23274cd,2024-06-13T07:28:00+00:00,22.07954,72.88837,2024-06-13T07:00:00+00:00,22.0,73.0,14.512179003844405,4.079254150390625,1.402313232421875,4.313559646661285,251.0287176971662,0.4666666666666667,ERA5
99c2265d-398c-5704-823c-90bc2d1b9cf1,2024-06-13T07:53:00+00:00,21.90092,72.72046,2024-06-13T08:00:00+00:00,22.0,72.75,11.430669551214722,3.4773712158203125,2.509918212890625,4.288566194897276,234.1787725030675,0.11666666666666667,ERA5
b18bb92c-9282-54ce-9578-f48cdae754cd,2024-06-13T07:53:00+00:00,21.71404,72.97697,2024-06-13T08:00:00+00:00,21.75,73.0,4.652665888828911,3.8914337158203125,2.239410400390625,4.489790118257287,240.08078653487775,0.11666666666666667,ERA5
ed04f6b6-5e95-5844-b4d3-381496140c99,2024-06-14T07:34:00+00:00,21.92213,72.69431,2024-06-14T08:00:00+00:00,22.0,72.75,10.390247510785125,2.72430419921875,4.1171112060546875,4.936844949246634,213.4927197078771,0.43333333333333335,ERA5
51dbd292-0143-523e-b3cb-817a866f3166,2024-06-16T08:12:00+00:00,22.03088,72.58652,2024-06-16T08:00:00+00:00,22.0,72.5,9.557210235378845,1.2186279296875,4.737640380859375,4.8918596064649895,194.42505580155364,0.2,ERA5
8c63d702-4799-523e-8f6c-f3032eb01f16,2024-06-16T08:12:00+00:00,21.63013,72.81115,2024-06-16T08:00:00+00:00,21.75,72.75,14.75057191068132,2.8035888671875,3.958343505859375,4.850628190925045,215.30892147314208,0.2,ERA5
4e236cd5-ea6e-5cca-95a5-d8484ecfab3e,2024-06-17T08:18:00+00:00,21.79046,72.74963,2024-06-17T08:00:00+00:00,21.75,72.75,4.499108971173131,3.135986328125,4.1679534912109375,5.215960750914865,216.95796169016916,0.3,ERA5
fd250349-6fc5-56e1-9b44-5d20da1883b9,2024-06-17T08:18:00+00:00,22.03584,72.91119,2024-06-17T08:00:00+00:00,22.0,73.0,9.984780122588013,3.139892578125,2.4941253662109375,4.00993600254933,231.53866786340149,0.3,ERA5
d3c56f86-d43a-5d51-8f00-58dafcc3c0ba,2024-06-18T20:28:00+00:00,21.79511,72.64605,2024-06-18T20:00:00+00:00,21.75,72.75,11.848306814151732,2.948699951171875,4.39691162109375,5.294115904072208,213.84698289485297,0.4666666666666667,ERA5
0f77e338-ba3a-5c88-a231-1768671baaa0,2024-08-30T20:59:00+00:00,21.79367,72.64636,2024-08-30T21:00:00+00:00,21.75,72.75,11.752302963096907,-0.7526397705078125,2.5693817138671875,2.6773473842042126,163.67329842784858,0.016666666666666666,ERA5
f97d2f5d-9eeb-5464-84ad-fd2379beb8d6,2024-09-20T20:41:00+00:00,21.6713833333333,72.5380166666667,2024-09-20T21:00:00+00:00,21.75,72.5,9.583477361208637,4.465087890625,2.167724609375,4.9634705452028225,244.1042115371934,0.31666666666666665,ERA5
5d6a9b71-8f05-52ac-8a7f-c3fde27e5afa,2024-09-22T20:27:00+00:00,21.673115,72.53657,2024-09-22T20:00:00+00:00,21.75,72.5,9.346757257865239,2.331756591796875,2.037567138671875,3.0965736949059797,228.85194887285118,0.45,ERA5
4594ded5-5fbe-5702-b661-512607cf801b,2024-10-02T08:10:00+00:00,21.69932,72.54212,2024-10-02T08:00:00+00:00,21.75,72.5,7.119506975185125,1.7494354248046875,0.664642333984375,1.871436276683167,249.19730519124042,0.16666666666666666,ERA5
4354a19a-4656-5c3c-91a5-d02c0ada1cd8,2024-10-08T07:34:00+00:00,21.6865085714286,72.5594957142857,2024-10-08T08:00:00+00:00,21.75,72.5,9.360340187225232,-0.8959808349609375,-0.3366546630859375,0.9571405428644243,69.40685809866818,0.43333333333333335,ERA5
b778ab68-9f4b-50be-9df8-69223e330f44,2024-10-15T21:12:00+00:00,21.67278,72.54088,2024-10-15T21:00:00+00:00,21.75,72.5,9.568840925135401,-0.2472381591796875,-1.0542144775390625,1.0828180234958775,13.198680469325438,0.2,ERA5
f18b7b13-595a-5726-ac8d-4a2cc0ca83ff,2024-10-24T07:58:00+00:00,22.07543,72.84362,2024-10-24T08:00:00+00:00,22.0,72.75,12.785204620226342,-1.49407958984375,-0.59112548828125,1.6067679246497966,68.41400691816932,0.03333333333333333,ERA5
f1a8f03f-c2f0-5ef0-a308-eccac88c5d6d,2024-10-25T20:08:00+00:00,21.6712985714286,72.54064,2024-10-25T20:00:00+00:00,21.75,72.5,9.706188019702926,0.464019775390625,-1.0686492919921875,1.1650432014431782,336.52896159725276,0.13333333333333333,ERA5
bd66ce52-4792-5ef0-9215-def2ce55e536,2024-10-28T07:59:00+00:00,22.07639,72.84393,2024-10-28T08:00:00+00:00,22.0,72.75,12.879462108492513,0.7112579345703125,-0.1770172119140625,0.7329549391354526,283.9757807964538,0.016666666666666666,ERA5
3a56b122-eaaf-5d66-8a70-b8c96aeb8d5e,2024-10-28T20:28:00+00:00,21.69506,72.602875,2024-10-28T20:00:00+00:00,21.75,72.5,12.257666361317808,2.8553009033203125,1.763763427734375,3.356129419065228,238.2957347576986,0.4666666666666667,ERA5
f6f2f913-3ab3-5c8f-9f2d-3514cd52d2e1,2024-10-28T20:28:00+00:00,21.35496,72.96421,2024-10-28T20:00:00+00:00,21.25,73.0,12.245822056584725,0.4529571533203125,1.693450927734375,1.7529820955698483,194.9746909087466,0.4666666666666667,ERA5
57a269f3-4005-5ba6-97fe-774766bde53a,2024-11-05T21:42:00+00:00,21.796435,72.647705,2024-11-05T22:00:00+00:00,21.75,72.75,11.757609327356425,-1.528167724609375,-1.830230712890625,2.3843324132649624,39.86049948734478,0.3,ERA5
1da642ed-05e2-52b9-b376-1a61f26b67da,2024-11-08T08:17:00+00:00,22.07271,72.89281,2024-11-08T08:00:00+00:00,22.0,73.0,13.690538635954852,0.0641632080078125,-1.3723907470703125,1.3738898354329812,357.323206996351,0.2833333333333333,ERA5
8c3a8e70-0f6f-5b4b-89ca-90b9e406b0f3,2024-11-10T07:39:00+00:00,21.686006,72.562118,2024-11-10T08:00:00+00:00,21.75,72.5,9.581827752130252,0.503143310546875,-1.2674102783203125,1.363628250125393,338.347647567044,0.35,ERA5
9c7c5fba-fe5d-54f6-9726-165b28241f55,2024-11-10T07:39:00+00:00,21.46034,72.92841,2024-11-10T08:00:00+00:00,21.5,73.0,8.620891315236578,-1.059356689453125,-1.2908477783203125,1.669887595703247,39.374609996820936,0.35,ERA5
5c9ce592-e6f2-5aba-9c86-e1b1a0d31bf7,2024-11-10T08:56:00+00:00,21.759985,72.71472,2024-11-10T09:00:00+00:00,21.75,72.75,3.8089637649603096,-0.9955902099609375,-1.499847412109375,1.8002061342472013,33.575981491245386,0.06666666666666667,ERA5
33b656c8-c04e-5e99-8e6a-b63f9c911310,2024-11-12T20:47:00+00:00,21.39392,72.76408,2024-11-12T21:00:00+00:00,21.5,72.75,11.88522862144645,-2.732940673828125,-0.2818756103515625,2.74743855006353,84.11133305757448,0.21666666666666667,ERA5
043c1624-e849-54de-b625-1870100e9971,2024-11-17T08:24:00+00:00,21.74863,72.66759,2024-11-17T08:00:00+00:00,21.75,72.75,8.512618654390595,-3.0989837646484375,-1.45806884765625,3.4248598713027993,64.80306104421504,0.4,ERA5
0dc28d82-1603-55b3-80f4-8b44dc97bc2b,2024-11-18T08:05:00+00:00,21.40293,72.89562,2024-11-18T08:00:00+00:00,21.5,73.0,15.270824313291342,-3.0323638916015625,-1.3871917724609375,3.334596195144517,65.41769757994444,0.08333333333333333,ERA5
86fc8c19-6f87-58a0-a0a5-b6a38c476f88,2024-11-18T08:29:00+00:00,21.89079,72.78008,2024-11-18T08:00:00+00:00,22.0,72.75,12.533625089415391,-2.8126373291015625,-1.7944183349609375,3.336295236620937,57.46276552604752,0.48333333333333334,ERA5
adda5a74-7361-531b-9b41-5e2ad8ddb432,2024-11-19T08:10:00+00:00,21.50048,72.86992,2024-11-19T08:00:00+00:00,21.5,72.75,12.406743000531737,-1.20538330078125,-2.1641845703125,2.477225011213354,29.116442881576972,0.16666666666666666,ERA5
cb6c5bda-2c1e-5758-a62f-8adbf9a0d5d4,2024-11-19T08:11:00+00:00,21.89021,72.896695,2024-11-19T08:00:00+00:00,22.0,73.0,16.203686340346234,-2.00714111328125,-1.6661376953125,2.608568624430867,50.303767934833445,0.18333333333333332,ERA5
074f6664-5514-5fa9-92c9-31259bc90d87,2024-11-19T20:15:00+00:00,21.3816933333333,72.7419133333333,2024-11-19T20:00:00+00:00,21.5,72.75,13.181699447064616,-2.33251953125,-1.7061920166015625,2.889937466655226,53.815266239738435,0.25,ERA5
0df4f80e-fb4a-528c-ab5a-e8a0dc9328fb,2024-11-20T07:52:00+00:00,21.60547,72.97338,2024-11-20T08:00:00+00:00,21.5,73.0,12.046529676236581,-2.2174072265625,-1.4053192138671875,2.6252270189977644,57.634831751135664,0.13333333333333333,ERA5
52455301-ff14-592b-ae55-40c8057f965d,2024-11-20T09:08:00+00:00,21.35168,72.81088,2024-11-20T09:00:00+00:00,21.25,72.75,12.946498058723042,-0.0387725830078125,-2.5088348388671875,2.509134424837945,0.8854024574897608,0.13333333333333333,ERA5
9479b0d5-a879-58fc-a764-73645b8a57ba,2024-11-20T20:21:00+00:00,21.39391,72.79935,2024-11-20T20:00:00+00:00,21.5,72.75,12.854880063252983,-2.4566497802734375,-2.5319671630859375,3.527886882804348,44.135022719914105,0.35,ERA5
2bcd8ae0-0e18-523e-8e7e-7bc6bd7e3e6c,2024-11-23T08:12:00+00:00,21.892124,72.897624,2024-11-23T08:00:00+00:00,22.0,73.0,15.980433197432093,-0.787811279296875,-1.1307525634765625,1.3781320588376849,34.86547139293549,0.2,ERA5
12b0e7e0-9378-5283-bea2-c9736bf0c6e5,2024-11-23T20:40:00+00:00,21.43285,72.97689,2024-11-23T21:00:00+00:00,21.5,73.0,7.840361753915338,-1.4158935546875,-1.0561981201171875,1.7664396471843258,53.278581560964994,0.3333333333333333,ERA5
c7992dfa-03ab-5ddc-bfe7-5e5724db106e,2024-11-24T07:53:00+00:00,21.371725,72.72079,2024-11-24T08:00:00+00:00,21.25,72.75,13.869313220020311,-0.056121826171875,-1.2033538818359375,1.2046618713574717,2.6702165512825218,0.11666666666666667,ERA5
51e2fc7c-97a4-5a62-9164-ad0107343e6d,2024-11-24T08:17:00+00:00,21.48314,72.883455,2024-11-24T08:00:00+00:00,21.5,73.0,12.203045500923269,-1.200653076171875,-0.9933929443359375,1.558331592177162,50.396420887118836,0.2833333333333333,ERA5
60d16cac-c5b6-579d-ace1-9d4486ef7796,2024-11-24T20:46:00+00:00,21.36835,72.91829,2024-11-24T21:00:00+00:00,21.25,73.0,15.647122577553112,-1.9021453857421875,-1.36749267578125,2.3426893278485856,54.28684070412214,0.23333333333333334,ERA5
f088e38c-17f5-5e82-9c02-c5005d26a436,2024-11-25T07:34:00+00:00,21.5959233333333,72.88499,2024-11-25T08:00:00+00:00,21.5,73.0,15.97662186626283,-2.7698822021484375,-1.2211456298828125,3.027118111861605,66.20897039008719,0.43333333333333335,ERA5
45ebb75e-4dc5-5f2d-8c76-f3e8f813dafb,2024-11-25T09:14:00+00:00,21.402675,72.914155,2024-11-25T09:00:00+00:00,21.5,73.0,14.001691375751896,-2.823577880859375,-1.46990966796875,3.183272919695438,62.49923273014821,0.23333333333333334,ERA5
1c2aa7ce-ee16-5642-ac1f-89d1137aeed7,2024-11-25T20:03:00+00:00,21.90666,72.75671,2024-11-25T20:00:00+00:00,22.0,72.75,10.401978961317806,-1.8585662841796875,-1.3204345703125,2.279871945343827,54.60777897411174,0.05,ERA5
9a315173-fbef-5fcd-bb15-01c02b6b1638,2024-11-26T08:56:00+00:00,21.36525,72.65932,2024-11-26T09:00:00+00:00,21.25,72.75,15.889463880868908,-1.642669677734375,-2.93829345703125,3.366293526978984,29.207621460686482,0.06666666666666667,ERA5
d7008038-3713-5b9f-9e6e-4245f4520b37,2024-11-26T08:56:00+00:00,21.36395,72.74776,2024-11-26T09:00:00+00:00,21.25,72.75,12.672786616712362,-1.642669677734375,-2.93829345703125,3.366293526978984,29.207621460686482,0.06666666666666667,ERA5
ac8c3f1b-5f75-5afa-9f87-da21df408a68,2024-11-26T20:08:00+00:00,21.90904,72.75438,2024-11-26T20:00:00+00:00,22.0,72.75,10.124372515570991,-1.8839874267578125,-1.42303466796875,2.361024415465129,52.93510715601542,0.13333333333333333,ERA5
dd67b612-0c77-5e99-87bb-1e3935c9bef0,2024-11-26T20:08:00+00:00,21.37876,72.84893,2024-11-26T20:00:00+00:00,21.5,72.75,16.928926933661558,-2.6584014892578125,-1.12322998046875,2.8859563522534404,67.09492993090055,0.13333333333333333,ERA5
9d182238-2437-5888-baec-03c55635c075,2024-11-26T21:24:00+00:00,21.36218,72.85896,2024-11-26T21:00:00+00:00,21.25,72.75,16.822880949870726,-3.1568603515625,-1.50531005859375,3.4973884044770935,64.50643347126618,0.4,ERA5
5637faeb-8b6d-53c4-8be2-ba2c49a3d3a1,2024-11-27T08:37:00+00:00,21.698655,72.7065125,2024-11-27T09:00:00+00:00,21.75,72.75,7.264674970590219,-3.2548065185546875,-1.70123291015625,3.672595660813315,62.40468434101706,0.38333333333333336,ERA5
9a49ab01-9326-5587-a4d7-b6cc59165fdb,2024-11-27T08:37:00+00:00,21.74735,72.68683,2024-11-27T09:00:00+00:00,21.75,72.75,6.530839848477344,-3.2548065185546875,-1.70123291015625,3.672595660813315,62.40468434101706,0.38333333333333336,ERA5
bc9be606-8dec-5130-a2c0-ebb5bd5f1311,2024-11-27T08:37:00+00:00,21.373685,72.912115,2024-11-27T09:00:00+00:00,21.25,73.0,16.493436880254713,-3.6854705810546875,-1.75201416015625,4.080716483806194,64.574328005844,0.38333333333333336,ERA5
58144402-7187-58de-9181-7212b30b4f4f,2024-11-27T21:06:00+00:00,21.433505,72.97427,2024-11-27T21:00:00+00:00,21.5,73.0,7.8586996282778525,-1.7454376220703125,-0.9423980712890625,1.9835994094846399,61.63446731151737,0.1,ERA5
b6113baf-9190-5676-a5cf-36c0fa04178d,2024-11-27T21:06:00+00:00,21.40807,72.76345,2024-11-27T21:00:00+00:00,21.5,72.75,10.31648459093036,-2.3684844970703125,-1.7187652587890625,2.926409545446885,54.032304228721614,0.1,ERA5
0e9b2639-7bd0-58db-9a22-d977c43c69bf,2024-11-28T08:42:00+00:00,21.49016,72.730005,2024-11-28T09:00:00+00:00,21.5,72.75,2.3402415010660707,-3.2526397705078125,-1.52044677734375,3.5904629060086544,64.94625760423031,0.3,ERA5
fe88725e-355f-5f4a-8d8d-38dce356f53e,2024-11-28T21:10:00+00:00,21.7946528571429,72.64715,2024-11-28T21:00:00+00:00,21.75,72.75,11.723894878799412,-1.9599761962890625,-1.2204742431640625,2.308909714182569,58.08953993088733,0.16666666666666666,ERA5
1c690262-fad2-53f2-8cda-1eb5d1ca7374,2024-11-29T20:52:00+00:00,21.38824,72.93353,2024-11-29T21:00:00+00:00,21.5,73.0,14.204261927330618,-1.765167236328125,-1.29534912109375,2.189462198286287,53.7273144165498,0.13333333333333333,ERA5
f473e042-e023-5b44-896d-150ba459bf01,2024-11-30T07:41:00+00:00,21.868565,72.85243,2024-11-30T08:00:00+00:00,21.75,72.75,16.900679754174732,-2.9182891845703125,-2.7241973876953125,3.992200292057755,46.970099110455635,0.31666666666666665,ERA5
e70618aa-709c-55aa-8b1c-5d9b1461d7c8,2024-11-30T08:04:00+00:00,21.47428,72.84216,2024-11-30T08:00:00+00:00,21.5,72.75,9.955153531746483,-2.2718048095703125,-2.7740020751953125,3.585552203772064,39.316204222610054,0.06666666666666667,ERA5
40baa3d9-3146-54d6-8b72-5562009ae42d,2024-12-02T21:12:00+00:00,21.36032,72.85447,2024-12-02T21:00:00+00:00,21.25,72.75,16.358772090573574,-2.882232666015625,-2.36572265625,3.728794554188001,50.6210157137574,0.2,ERA5
1a5ec99f-b236-5172-a0ca-558316d86b7a,2024-12-04T08:06:00+00:00,21.47648,72.83632,2024-12-04T08:00:00+00:00,21.5,72.75,9.306234423818827,-0.927734375,-1.9570465087890625,2.1658074956283855,25.36320675339914,0.1,ERA5
e4fbc6e7-3fe1-5e43-bc5d-d687ddf67ea0,2024-12-04T08:29:00+00:00,21.48507,72.97183,2024-12-04T08:00:00+00:00,21.5,73.0,3.3542043298344755,-2.177734375,-0.9306793212890625,2.368267511733358,66.86001309024903,0.48333333333333334,ERA5
b3826ebf-1966-56e9-86ab-cb9b05d28648,2024-12-04T20:35:00+00:00,21.41037,72.98739,2024-12-04T21:00:00+00:00,21.5,73.0,10.05147688300241,-1.197113037109375,-1.9459228515625,2.2846652638516574,31.59942993245744,0.4166666666666667,ERA5
fa815104-3cc4-50ef-9a97-c7e2f0f1feba,2024-12-06T20:20:00+00:00,21.36936,72.87646,2024-12-06T20:00:00+00:00,21.25,73.0,18.437355287572228,-0.2866973876953125,-2.057098388671875,2.0769807829606273,7.93419355171136,0.3333333333333333,ERA5
651155b8-3e01-5f23-b83b-a16631a3be8a,2024-12-06T21:37:00+00:00,21.3591233333333,72.9887166666667,2024-12-06T22:00:00+00:00,21.25,73.0,12.19013370028499,-0.438201904296875,-1.73016357421875,1.7847932380202496,14.212548584222304,0.38333333333333336,ERA5
e15dd509-80dd-59e3-b412-9ac1e7eb98a0,2024-12-07T07:32:00+00:00,21.59114,72.9193,2024-12-07T08:00:00+00:00,21.5,73.0,13.128855205239018,1.418212890625,-2.2940521240234375,2.697035956540321,328.27510363418276,0.4666666666666667,ERA5
1ba7ce8e-de59-5236-a1fc-70f742dddd34,2024-12-07T21:42:00+00:00,21.40735,72.948715,2024-12-07T22:00:00+00:00,21.5,73.0,11.589014477214077,-0.504638671875,-1.98553466796875,2.048660075966127,14.260222157605085,0.3,ERA5
18fff069-e702-55dd-96a9-453f7b9a0e99,2024-12-08T08:31:00+00:00,21.54729,72.80659,2024-12-08T09:00:00+00:00,21.5,72.75,7.8687284424128645,1.5167999267578125,-2.975616455078125,3.3399064815566635,332.9901011194134,0.48333333333333334,ERA5
f4e6eee5-41a4-5077-a6e2-6c68f9d15e41,2024-12-08T08:31:00+00:00,22.07331,72.63425,2024-12-08T09:00:00+00:00,22.0,72.75,14.449482772371372,1.0099639892578125,-3.318389892578125,3.468679682352093,343.072182908552,0.48333333333333334,ERA5
7062001a-1a14-5125-89d0-f914965168ae,2024-12-08T08:54:00+00:00,21.44021,72.85298,2024-12-08T09:00:00+00:00,21.5,72.75,12.56011230376454,1.5167999267578125,-2.975616455078125,3.3399064815566635,332.9901011194134,0.1,ERA5
417bc8ac-ccbd-54a8-b814-cb5d9560b42a,2024-12-08T21:00:00+00:00,21.90343,72.69116,2024-12-08T21:00:00+00:00,22.0,72.75,12.334164695841068,-0.2733917236328125,-2.7304229736328125,2.744075919046842,5.717852882658235,0.0,ERA5
73177728-96fd-56a5-9c01-722a25b958ac,2024-12-08T21:00:00+00:00,21.44845,72.88174,2024-12-08T21:00:00+00:00,21.5,73.0,13.513066270373978,-0.6815948486328125,-2.5341339111328125,2.624196299295476,15.05432099713812,0.0,ERA5
9e8e912a-f76a-5622-9cca-814812dc603f,2024-12-09T08:12:00+00:00,21.87259,72.68193,2024-12-09T08:00:00+00:00,21.75,72.75,15.336103430793605,-2.6326751708984375,-4.746551513671875,5.427773929283154,29.01494471028542,0.2,ERA5
e9e07b4b-1b11-5fce-90ff-bd22fcb19f98,2024-12-09T08:12:00+00:00,21.8919233333333,72.8986766666667,2024-12-09T08:00:00+00:00,22.0,73.0,15.925742400534844,-2.2176361083984375,-3.886199951171875,4.474422864433004,29.710976063592284,0.2,ERA5
c6449cdb-9f4e-589c-9fae-713e02065f29,2024-12-09T08:35:00+00:00,21.5659,72.90714,2024-12-09T09:00:00+00:00,21.5,73.0,12.080978668967077,-1.8813629150390625,-3.9923095703125,4.413395758743267,25.232005393030363,0.4166666666666667,ERA5
672f318d-90ad-5a87-a39b-254498355b0e,2024-12-09T20:41:00+00:00,21.35613,72.84727,2024-12-09T21:00:00+00:00,21.25,72.75,15.518060165410668,-2.790985107421875,-4.64593505859375,5.4198072325979645,30.994795858002533,0.31666666666666665,ERA5
0b060339-03e5-5506-9d4b-286db11ddb2d,2024-12-10T07:53:00+00:00,21.39697,72.79658,2024-12-10T08:00:00+00:00,21.5,72.75,12.42936732986305,-3.5949249267578125,-3.2299957275390625,4.8328415687817925,48.0606964626063,0.11666666666666667,ERA5
35203e2c-0ff6-5344-a392-3fbedc52d9f9,2024-12-10T07:53:00+00:00,21.99773,72.57358,2024-12-10T08:00:00+00:00,22.0,72.5,7.59021997644997,-4.1417999267578125,-3.4829254150390625,5.411587205249126,49.93882492875218,0.11666666666666667,ERA5
93081f45-9ee1-529f-9fb8-02ede0e9440b,2024-12-10T07:53:00+00:00,21.7954466666667,72.60458,2024-12-10T08:00:00+00:00,21.75,72.5,11.923083489309006,-4.1261749267578125,-4.0337066650390625,5.770278068324385,45.64925137817454,0.11666666666666667,ERA5
a03affa7-0eb6-5a92-ad4f-4892de2f3eb3,2024-12-10T20:22:00+00:00,21.3897266666667,72.79043,2024-12-10T20:00:00+00:00,21.5,72.75,12.956142252476223,-2.660491943359375,-3.1057281494140625,4.089469980173842,40.58469192503844,0.36666666666666664,ERA5
14c8e4a1-10b4-570e-8682-1dad9f5e2440,2024-12-10T20:45:00+00:00,21.35056,72.858075,2024-12-10T21:00:00+00:00,21.25,72.75,15.823806271877665,-3.4434661865234375,-3.2708740234375,4.749323768172526,46.4724641700592,0.25,ERA5
4bc731ef-1779-5f55-92a1-e3e91edfe8be,2024-12-11T07:57:00+00:00,21.73747,72.67826,2024-12-11T08:00:00+00:00,21.75,72.75,7.539407826984531,-1.9031982421875,-2.66107177734375,3.2716152819732662,35.5723457957248,0.05,ERA5
d161fede-825c-5e68-ba0f-0fcfb29c8c70,2024-12-11T20:03:00+00:00,21.37629,72.75315,2024-12-11T20:00:00+00:00,21.5,72.75,13.759787463588186,-1.1611785888671875,-3.6804656982421875,3.8592957221727575,17.51036742119618,0.05,ERA5
f50fafe8-ca28-5dda-8c5c-12294c2b5fdf,2024-12-11T20:03:00+00:00,21.43217,72.97524,2024-12-11T20:00:00+00:00,21.5,73.0,7.965675727070165,-1.0625457763671875,-1.8396453857421875,2.1244525582272415,30.009950247143763,0.05,ERA5
0a6c14ed-ed6d-5afe-90b7-02e89e1695b3,2024-12-12T08:56:00+00:00,21.72748,72.72079,2024-12-12T09:00:00+00:00,21.75,72.75,3.9208335219187247,0.0069427490234375,-3.9263153076171875,3.926321445907486,359.8986862308551,0.06666666666666667,ERA5
c4c7fe07-d91f-5708-8fb6-d7a1ee761a96,2024-12-12T20:07:00+00:00,21.35795,72.80608,2024-12-12T20:00:00+00:00,21.25,72.75,13.33552976361645,-2.803192138671875,-4.8267822265625,5.581730271965087,30.146218113905945,0.11666666666666667,ERA5
7c92f85e-a753-5929-9f47-b66d4e6b7c7b,2024-12-12T21:25:00+00:00,21.59429,72.87242,2024-12-12T21:00:00+00:00,21.5,72.75,16.43872608966219,-2.6190948486328125,-4.342559814453125,5.071240831220511,31.095117306903376,0.4166666666666667,ERA5
e7c2013d-8186-5727-99f4-b9b095c9fa7d,2024-12-13T09:00:00+00:00,21.81284,72.64903,2024-12-13T09:00:00+00:00,21.75,72.75,12.550778906921755,-3.6884765625,-2.281524658203125,4.3370743731345796,58.260940502530275,0.0,ERA5
45431c0f-a396-543e-86af-b42a8be36fde,2024-12-13T21:06:00+00:00,21.356315,72.894455,2024-12-13T21:00:00+00:00,21.25,73.0,16.103045054802013,-3.3079071044921875,-1.7167205810546875,3.726845712578753,62.57182280239789,0.1,ERA5
37f96b64-0ba2-5bb5-8e40-53e0987976a5,2024-12-14T08:41:00+00:00,21.72853,72.6954,2024-12-14T09:00:00+00:00,21.75,72.75,6.123957758462641,-3.1141510009765625,-1.4795074462890625,3.4477353060390397,64.58799293291872,0.31666666666666665,ERA5
b8dc6444-3e62-51e9-96da-7b3de274f675,2024-12-14T20:47:00+00:00,21.57395,72.79233,2024-12-14T21:00:00+00:00,21.5,72.75,9.31582429458409,-3.7424774169921875,-1.4922943115234375,4.029029601393086,68.26060340049935,0.21666666666666667,ERA5
f683bba1-19ad-5841-a4e8-02db9ba8cb4b,2024-12-14T20:47:00+00:00,21.43288,72.97546,2024-12-14T21:00:00+00:00,21.5,73.0,7.883599039623072,-3.1301727294921875,-0.5469818115234375,3.177604509468419,80.08793532703379,0.21666666666666667,ERA5
44ed100c-2b88-5205-9c17-e386f4ca7389,2024-12-14T21:10:00+00:00,21.56999,72.80566,2024-12-14T21:00:00+00:00,21.5,72.75,9.68047854923561,-3.7424774169921875,-1.4922943115234375,4.029029601393086,68.26060340049935,0.16666666666666666,ERA5
a0a601fa-7c83-5ead-a83a-f65e62fe701d,2024-12-15T08:00:00+00:00,22.01357,72.93677,2024-12-15T08:00:00+00:00,22.0,73.0,6.690945733344423,-2.282379150390625,-1.018096923828125,2.499155043698994,65.95986594836842,0.0,ERA5
d67cc139-30cc-5416-aa93-ed73c72f0216,2024-12-15T08:22:00+00:00,21.51958,72.9447,2024-12-15T08:00:00+00:00,21.5,73.0,6.121114196029937,-2.087066650390625,-0.551300048828125,2.158652113475128,75.2032525313142,0.36666666666666664,ERA5
a176aff1-3e25-5d9f-8603-821d92f795d6,2024-12-15T20:51:00+00:00,21.35597,72.89401,2024-12-15T21:00:00+00:00,21.25,73.0,16.106305338916446,-2.533782958984375,-0.6567840576171875,2.6175219925684887,75.46814341692777,0.15,ERA5
0107aa92-8c63-588d-b5bb-60ff368ca27f,2024-12-16T07:41:00+00:00,21.7204966666667,72.7121833333333,2024-12-16T08:00:00+00:00,21.75,72.75,5.100962516218447,-0.5983123779296875,-0.26690673828125,0.6551464786777175,65.95838280316167,0.31666666666666665,ERA5
c5850d91-1795-5e5c-9033-5c159ad644c5,2024-12-16T08:04:00+00:00,22.033295,72.78882,2024-12-16T08:00:00+00:00,22.0,72.75,5.451691999525771,-0.7516326904296875,-0.72393798828125,1.0435697926824414,46.075247214590945,0.06666666666666667,ERA5
7d85820f-2529-5348-8c1a-d4507bb4ef66,2024-12-16T20:33:00+00:00,21.4352,72.97563,2024-12-16T21:00:00+00:00,21.5,73.0,7.633992613101687,-1.247650146484375,-1.417999267578125,1.8887437123322426,41.343468327867186,0.45,ERA5
8cf909d6-056d-5a4f-afa4-c96a2d1fdc10,2024-12-16T20:33:00+00:00,21.36355,72.91569,2024-12-16T21:00:00+00:00,21.25,73.0,15.352662351669887,-1.312103271484375,-1.466827392578125,1.9680441038395304,41.813200226608956,0.45,ERA5
3caa1674-27dd-5a8b-be70-1ebed541d05b,2024-12-17T07:22:00+00:00,21.6244942857143,72.8090542857143,2024-12-17T07:00:00+00:00,21.5,72.75,15.130360061941754,0.637054443359375,-2.807403564453125,2.878776326411629,347.2149831014166,0.36666666666666664,ERA5
6ade273b-87ee-5e58-aa22-abbd0dd3176c,2024-12-17T09:03:00+00:00,21.73275,72.71735,2024-12-17T09:00:00+00:00,21.75,72.75,3.879598610063689,0.670806884765625,-3.251373291015625,3.3198509234871887,348.3425905042537,0.05,ERA5
8538c7c7-23d7-56fd-b3cb-a675d366965e,2024-12-18T08:44:00+00:00,21.38963,72.96394,2024-12-18T09:00:00+00:00,21.5,73.0,12.827504614612263,1.0193634033203125,0.224151611328125,1.0437172475770269,257.5983898480983,0.26666666666666666,ERA5
cad39656-f3cf-558a-9ef8-9ce7459e76cf,2024-12-19T08:25:00+00:00,21.62354,72.80956,2024-12-19T08:00:00+00:00,21.5,72.75,15.054665917559353,1.7047271728515625,-0.9176177978515625,1.9360054640399216,298.29262016737886,0.4166666666666667,ERA5
86e38b5d-2428-5140-ae5e-cf62d7f84729,2024-12-19T20:54:00+00:00,21.39358,72.86733,2024-12-19T21:00:00+00:00,21.5,72.75,16.955353576783804,0.9405059814453125,-1.626739501953125,1.8790510659237316,329.965473402802,0.1,ERA5
e08d032d-5039-55f9-b71b-1aee3a938b46,2024-12-21T07:47:00+00:00,21.47699,72.87287,2024-12-21T08:00:00+00:00,21.5,72.75,12.967770287468596,0.40472412109375,-1.2276153564453125,1.29261018005254,341.75348194635365,0.21666666666666667,ERA5
031f8232-8664-57eb-92ba-393d09aa73f9,2024-12-21T08:10:00+00:00,22.00541,72.93919,2024-12-21T08:00:00+00:00,22.0,73.0,6.298073537910937,-1.55426025390625,-0.4004669189453125,1.605022956235291,75.5515685427207,0.16666666666666666,ERA5
0d149ae2-d2a5-58ee-922b-39c41a5b99df,2024-12-21T08:10:00+00:00,22.00261,72.87974,2024-12-21T08:00:00+00:00,22.0,73.0,12.401864181554007,-1.55426025390625,-0.4004669189453125,1.605022956235291,75.5515685427207,0.16666666666666666,ERA5
40fa7d87-4c30-5c0f-b03b-3c44b09cf089,2024-12-21T08:10:00+00:00,21.856605,72.88432,2024-12-21T08:00:00+00:00,21.75,73.0,16.82699415351972,-1.36383056640625,-0.2344512939453125,1.3838356922325077,80.24582388604762,0.16666666666666666,ERA5
45f3ad77-93fd-5df1-af1c-b8c744b5e8c5,2024-12-21T08:10:00+00:00,21.8714,72.68197,2024-12-21T08:00:00+00:00,21.75,72.75,15.216717963629508,-0.86968994140625,-0.7012481689453125,1.1171882512058386,51.120082039438444,0.16666666666666666,ERA5
5244d9c3-b9b9-51b6-8d5c-5d56c266a350,2024-12-21T08:10:00+00:00,21.89649,72.9190566666667,2024-12-21T08:00:00+00:00,22.0,73.0,14.218535834497885,-1.55426025390625,-0.4004669189453125,1.605022956235291,75.5515685427207,0.16666666666666666,ERA5
9fde68b5-e2a8-5b18-a8bc-d946e9510e97,2024-12-21T08:10:00+00:00,21.89731,72.9029,2024-12-21T08:00:00+00:00,22.0,73.0,15.187947581427048,-1.55426025390625,-0.4004669189453125,1.605022956235291,75.5515685427207,0.16666666666666666,ERA5
ac38e904-df42-5772-8c27-881255ed8552,2024-12-22T07:51:00+00:00,22.0293,72.81306,2024-12-22T08:00:00+00:00,22.0,72.75,7.271430142389131,1.25189208984375,1.613494873046875,2.0422045710363843,217.8074746674693,0.15,ERA5
36e9e38f-8d0a-53f3-bbf9-b2ab0f596d3d,2024-12-23T07:33:00+00:00,21.6230366666667,72.8078033333333,2024-12-23T08:00:00+00:00,21.5,72.75,14.929960091799492,1.994354248046875,-1.2176513671875,2.3366907623209805,301.40611831042264,0.45,ERA5
c5ec4b17-c683-5d85-98a2-e4e36b055584,2024-12-23T20:01:00+00:00,21.39072,72.93442,2024-12-23T20:00:00+00:00,21.5,73.0,13.918459968553995,0.4068450927734375,-2.7344818115234375,2.764582013083773,351.5374270700787,0.016666666666666666,ERA5
72d1e187-a1fe-5042-b1fa-eba2af330efc,2024-12-24T08:32:00+00:00,21.98683,72.97004,2024-12-24T09:00:00+00:00,22.0,73.0,3.418519113986006,-0.0409698486328125,-2.00054931640625,2.0009687893294363,1.1732134316724228,0.4666666666666667,ERA5
530d1b31-d00e-57f5-8541-92529bc29622,2024-12-24T08:54:00+00:00,21.76109,72.55851,2024-12-24T09:00:00+00:00,21.75,72.5,6.167160358843147,0.5078582763671875,-3.83160400390625,3.865114393083995,352.44976504958765,0.1,ERA5
1827551a-4cb6-555b-9030-e2e750395900,2024-12-25T08:13:00+00:00,21.87148,72.681285,2024-12-25T08:00:00+00:00,21.75,72.75,15.257359288671724,-0.366119384765625,-1.363311767578125,1.4116169379538315,15.032191733312914,0.21666666666666667,ERA5
1f403572-e0e8-528b-aec7-7a148b509806,2024-12-25T08:13:00+00:00,22.01364,72.76097,2024-12-25T08:00:00+00:00,22.0,72.75,1.8919257091990362,-0.845611572265625,-1.307647705078125,1.5572416163671035,32.889383374965576,0.21666666666666667,ERA5
526a96bd-fbf9-5117-adaa-c817bb265b38,2024-12-25T08:13:00+00:00,21.6219133333333,72.8028833333333,2024-12-25T08:00:00+00:00,21.5,72.75,14.617722659594085,0.794036865234375,-2.039093017578125,2.1882401325464937,338.72371873970803,0.21666666666666667,ERA5
701510c8-3f27-5270-9c63-45786e893062,2024-12-25T08:13:00+00:00,21.8903833333333,72.8968933333333,2024-12-25T08:00:00+00:00,22.0,73.0,16.175710605187913,-1.171783447265625,-0.888702392578125,1.470669367961336,52.82264261417447,0.21666666666666667,ERA5
a092c656-d20c-54fc-96d3-d2061faf514e,2024-12-25T08:13:00+00:00,21.89397,72.900464,2024-12-25T08:00:00+00:00,22.0,73.0,15.63300450215477,-1.171783447265625,-0.888702392578125,1.470669367961336,52.82264261417447,0.21666666666666667,ERA5
1a96d9d1-f27c-5102-b14d-53efcf90c1bb,2024-12-25T20:41:00+00:00,21.63626,72.94894,2024-12-25T21:00:00+00:00,21.75,73.0,13.70348250212096,-1.055267333984375,-1.833953857421875,2.115886551147548,29.916363964349785,0.31666666666666665,ERA5
38e9e55c-e181-5375-9330-a5da62b5ee29,2024-12-26T20:23:00+00:00,21.410865,72.98737,2024-12-26T20:00:00+00:00,21.5,73.0,9.997173931906781,-0.2602996826171875,0.9396209716796875,0.9750094846671434,164.51587115696174,0.38333333333333336,ERA5
a691bf67-4533-5622-a4ec-9fdff36d404b,2024-12-28T21:25:00+00:00,21.4313,72.97644,2024-12-28T21:00:00+00:00,21.5,73.0,8.018712553615687,-0.55596923828125,-2.5214691162109375,2.5820356887387517,12.434422418415693,0.4166666666666667,ERA5
c1a6356e-cc93-5ac6-85b9-8a0b8bb8b986,2024-12-29T08:38:00+00:00,21.727795,72.664475,2024-12-29T09:00:00+00:00,21.75,72.75,9.172189538340906,-0.0069122314453125,-2.08221435546875,2.0822258285459085,0.19020147133107912,0.36666666666666664,ERA5
c8840b97-620f-54df-aec2-69aac45c5758,2024-12-29T19:49:00+00:00,21.908152,72.750932,2024-12-29T20:00:00+00:00,22.0,72.75,10.213483915610158,-1.935943603515625,-2.8030853271484375,3.4066354350396706,34.63079734187147,0.18333333333333332,ERA5
56e178d1-923a-5bd6-8221-c744e09a7706,2024-12-29T21:29:00+00:00,21.90894,72.75842,2024-12-29T21:00:00+00:00,22.0,72.75,10.162577686217437,-1.8270111083984375,-3.06573486328125,3.568851333713607,30.792640838521436,0.48333333333333334,ERA5
7c484d95-f192-512c-aaaf-ccd4f02e95d2,2024-12-30T08:19:00+00:00,21.59419,72.99146,2024-12-30T08:00:00+00:00,21.5,73.0,10.510626761092256,-0.6686859130859375,-0.593170166015625,0.8938633543280416,48.4247799344854,0.31666666666666665,ERA5
6c5a2be9-5688-5b1e-89e9-c3773c3c86ec,2024-12-30T08:42:00+00:00,21.68444,72.61589,2024-12-30T09:00:00+00:00,21.75,72.5,14.016609266462234,0.144775390625,-2.396087646484375,2.400457440440395,356.5423023932024,0.3,ERA5
40b49bef-f211-514f-9afa-beb1f2b927d2,2024-12-30T20:48:00+00:00,21.433765,72.97518,2024-12-30T21:00:00+00:00,21.5,73.0,7.799991475378871,-0.9113311767578125,-1.932708740234375,2.136793763634929,25.245308642661143,0.2,ERA5
190e9484-4726-5d5b-bd6f-b8011e541cc8,2024-12-31T08:00:00+00:00,21.84801,72.70044,2024-12-31T08:00:00+00:00,21.75,72.75,12.03961171077489,0.99176025390625,-2.172027587890625,2.3877378926059194,335.4582890455077,0.0,ERA5
92b47172-d799-502a-8152-ff4bc7211b86,2024-12-31T08:00:00+00:00,21.38282,72.82056,2024-12-31T08:00:00+00:00,21.5,72.75,14.936825547445709,1.56890869140625,-2.486480712890625,2.940078369286632,327.74907378008885,0.0,ERA5
9c49b2fa-e25b-5d66-955b-e10a10934839,2024-12-31T08:23:00+00:00,21.743845,72.652175,2024-12-31T08:00:00+00:00,21.75,72.75,10.126629794510281,0.99176025390625,-2.172027587890625,2.3877378926059194,335.4582890455077,0.38333333333333336,ERA5
e414086c-8648-52f0-99f1-24f262b975b1,2024-12-31T08:23:00+00:00,21.49159,72.74805,2024-12-31T08:00:00+00:00,21.5,72.75,0.9566643512055374,1.56890869140625,-2.486480712890625,2.940078369286632,327.74907378008885,0.38333333333333336,ERA5
bbfbf83d-d9bc-595a-8191-53cfc85ba8a2,2024-12-31T20:52:00+00:00,21.35245,72.87503,2024-12-31T21:00:00+00:00,21.25,73.0,17.245081837835997,-0.77685546875,-2.103759765625,2.2426122203335415,20.267677927539978,0.13333333333333333,ERA5
