event_id,first_seen,last_seen,latitude,longitude,anchor_latitude,anchor_longitude,observation_count,max_frp,mean_frp,current_frp,frp_std,frp_growth,max_confidence,mean_confidence,high_confidence_count,high_frp_count,sensor_count,sensors,satellites,day_count,night_count,duration_hours,recurrence_days,spatial_extent_km,spatial_zone,classification,classification_confidence
EVT-DAHEJ-00001,2023-01-01 07:48:00+00:00,2023-01-01 07:48:00+00:00,21.72788,72.90686,21.72788,72.90686,1,5.39,5.39,5.39,,,0.66,0.66,0,0,1,VIIRS_SNPP_SP,N,1,0,0.0,1,0.0,comparison_area,,
EVT-DAHEJ-00002,2023-01-01 20:17:00+00:00,2023-01-03 08:51:00+00:00,21.6834775,72.53264666666666,21.68387,72.53061,12,5.41,2.458333333333333,3.88,1.6441512501389077,1.2958579881656804,0.66,0.6325000000000001,0,0,2,VIIRS_NOAA20_SP;VIIRS_SNPP_SP,N;N20,5,7,36.56666666666667,3,0.5684290281850691,dahej_core,,
EVT-DAHEJ-00003,2023-01-01 21:06:00+00:00,2023-01-01 21:06:00+00:00,21.37949,72.95348,21.37949,72.95348,1,1.8,1.8,1.8,,,0.66,0.66,0,0,1,VIIRS_NOAA20_SP,N20,0,1,0.0,1,0.0,comparison_area,,
EVT-DAHEJ-00004,2023-01-01 21:06:00+00:00,2023-01-01 21:06:00+00:00,21.42607,72.96349,21.42607,72.96349,1,0.84,0.84,0.84,,,0.66,0.66,0,0,1,VIIRS_NOAA20_SP,N20,0,1,0.0,1,0.0,comparison_area,,
EVT-DAHEJ-00005,2023-01-02 08:18:00+00:00,2023-01-02 08:18:00+00:00,21.56251,72.90401,21.56251,72.90401,1,2.21,2.21,2.21,,,0.66,0.66,0,0,1,VIIRS_NOAA20_SP,N20,1,0,0.0,1,0.0,comparison_area,,
EVT-DAHEJ-00006,2023-01-02 09:10:00+00:00,2023-01-02 09:10:00+00:00,21.75424,72.67329,21.75424,72.67329,1,2.77,2.77,2.77,,,0.66,0.66,0,0,1,VIIRS_SNPP_SP,N,1,0,0.0,1,0.0,dahej_core,,
EVT-DAHEJ-00007,2023-01-03 08:51:00+00:00,2023-01-03 08:51:00+00:00,21.407705,72.86767499999999,21.40613,72.86658,2,6.78,6.535,6.29,0.34648232278140845,-0.0722713864306785,0.66,0.66,0,0,1,VIIRS_SNPP_SP,N,2,0,0.0,1,0.41723548193994,comparison_area,,
EVT-DAHEJ-00008,2023-01-03 20:28:00+00:00,2023-01-05 08:13:00+00:00,21.683900666666666,72.53299666666665,21.68326,72.53176,15,8.26,2.5219999999999994,4.06,2.135918002706498,1.092783505154639,0.66,0.638,0,0,2,VIIRS_NOAA20_SP;VIIRS_SNPP_SP,N;N20,4,11,35.75,3,0.4434310338992455,dahej_core,,
EVT-DAHEJ-00009,2023-01-03 20:28:00+00:00,2023-01-03 20:28:00+00:00,21.60351,72.9931,21.60351,72.9931,1,3.89,3.89,3.89,,,0.66,0.66,0,0,1,VIIRS_NOAA20_SP,N20,0,1,0.0,1,0.0,comparison_area,,
EVT-DAHEJ-00010,2023-01-03 20:28:00+00:00,2023-01-03 20:28:00+00:00,21.35139,72.91062,21.35139,72.91062,1,0.28,0.28,0.28,,,0.66,0.66,0,0,1,VIIRS_NOAA20_SP,N20,0,1,0.0,1,0.0,comparison_area,,
EVT-DAHEJ-00011,2023-01-03 20:28:00+00:00,2023-01-03 20:28:00+00:00,21.90588,72.75584,21.90588,72.75584,1,0.74,0.74,0.74,,,0.66,0.66,0,0,1,VIIRS_NOAA20_SP,N20,0,1,0.0,1,0.0,dahej_fringe,,
EVT-DAHEJ-00012,2023-01-04 07:41:00+00:00,2023-01-04 08:32:00+00:00,21.72957,72.73818666666666,21.73252,72.73589,3,5.34,4.1866666666666665,5.34,1.6954448777041773,0.07228915662650591,0.66,0.55,0,0,2,VIIRS_NOAA20_SP;VIIRS_SNPP_SP,N;N20,3,0,0.85,1,0.7021105579400386,dahej_core,,
EVT-DAHEJ-00013,2023-01-04 08:32:00+00:00,2023-01-04 08:32:00+00:00,21.754795,72.655955,21.75656,72.65568,2,4.85,4.85,4.85,0.0,0.0,0.66,0.66,0,0,1,VIIRS_SNPP_SP,N,2,0,0.0,1,0.39660723287901517,dahej_core,,
EVT-DAHEJ-00014,2023-01-05 08:13:00+00:00,2023-01-05 08:13:00+00:00,21.837215,72.84506999999999,21.83859,72.8428,2,5.75,5.51,5.75,0.3394112549695431,0.09108159392789382,0.66,0.66,0,0,1,VIIRS_SNPP_SP,N,2,0,0.0,1,0.5595469863810164,dahej_fringe,,
EVT-DAHEJ-00015,2023-01-05 08:13:00+00:00,2023-01-05 08:13:00+00:00,21.896265,72.91826,21.89658,72.9202,2,8.75,8.275,7.8,0.6717514421272203,-0.1085714285714286,0.66,0.66,0,0,1,VIIRS_SNPP_SP,N,2,0,0.0,1,0.4063965360175437,comparison_area,,
EVT-DAHEJ-00016,2023-01-05 08:13:00+00:00,2023-01-05 08:13:00+00:00,22.008315,72.94127499999999,22.00863,72.94321,2,3.32,3.32,3.32,0.0,0.0,0.66,0.66,0,0,1,VIIRS_SNPP_SP,N,2,0,0.0,1,0.4050704156706197,comparison_area,,
EVT-DAHEJ-00017,2023-01-05 08:13:00+00:00,2023-01-05 08:13:00+00:00,21.871485,72.681065,21.87181,72.68304,2,3.15,2.625,2.1,0.7424621202458748,-0.33333333333333326,0.66,0.66,0,0,1,VIIRS_SNPP_SP,N,2,0,0.0,1,0.4139647191246596,dahej_fringe,,
EVT-DAHEJ-00018,2023-01-05 08:13:00+00:00,2023-01-05 08:13:00+00:00,21.89743,72.90402,21.89743,72.90402,1,2.87,2.87,2.87,,,0.66,0.66,0,0,1,VIIRS_SNPP_SP,N,1,0,0.0,1,0.0,comparison_area,,
EVT-DAHEJ-00019,2023-01-05 08:13:00+00:00,2023-01-05 08:13:00+00:00,21.51325,72.7412,21.51325,72.7412,1,8.84,8.84,8.84,,,0.66,0.66,0,0,1,VIIRS_SNPP_SP,N,1,0,0.0,1,0.0,dahej_fringe,,
EVT-DAHEJ-00020,2023-01-05 08:13:00+00:00,2023-01-05 08:13:00+00:00,21.63199,72.89672,21.63368,72.8964,2,2.01,2.01,2.01,0.0,0.0,0.66,0.66,0,0,1,VIIRS_SNPP_SP,N,2,0,0.0,1,0.38161685192804723,comparison_area,,
EVT-DAHEJ-00021,2023-01-05 08:13:00+00:00,2023-01-05 08:13:00+00:00,22.00529,72.87985,22.00529,72.87985,1,5.83,5.83,5.83,,,0.66,0.66,0,0,1,VIIRS_SNPP_SP,N,1,0,0.0,1,0.0,comparison_area,,
EVT-DAHEJ-00022,2023-01-05 20:42:00+00:00,2023-01-06 21:12:00+00:00,21.68480142857143,72.53307142857143,21.68789,72.53667,7,1.65,1.1814285714285717,1.55,0.5107976954864671,1.183098591549296,0.66,0.66,0,0,2,VIIRS_NOAA20_SP;VIIRS_SNPP_SP,N;N20,0,7,24.5,2,0.8706543897215668,dahej_core,,
EVT-DAHEJ-00023,2023-01-06 07:55:00+00:00,2023-01-06 07:55:00+00:00,21.7678,72.62977,21.7678,72.62977,1,3.69,3.69,3.69,,,0.66,0.66,0,0,1,VIIRS_SNPP_SP,N,1,0,0.0,1,0.0,dahej_core,,
EVT-DAHEJ-00024,2023-01-06 20:23:00+00:00,2023-01-06 21:12:00+00:00,22.098105,72.6302,22.09774,72.63123,2,1.0,0.81,0.62,0.26870057685088805,-0.38,0.66,0.66,0,0,2,VIIRS_NOAA20_SP;VIIRS_SNPP_SP,N;N20,0,2,0.8166666666666667,1,0.22722841220341097,comparison_area,,
EVT-DAHEJ-00025,2023-01-07 07:36:00+00:00,2023-01-07 07:36:00+00:00,21.39622,72.9093,21.39622,72.9093,1,2.69,2.69,2.69,,,0.66,0.66,0,0,1,VIIRS_SNPP_SP,N,1,0,0.0,1,0.0,comparison_area,,
EVT-DAHEJ-00026,2023-01-07 20:04:00+00:00,2023-01-09 08:39:00+00:00,21.682847000000002,72.532257,21.67988,72.53124,10,5.06,1.2719999999999998,5.06,1.3725467002781524,4.816091954022988,0.66,0.627,0,0,2,VIIRS_NOAA20_SP;VIIRS_SNPP_SP,N;N20,1,9,36.583333333333336,3,0.9581088335872346,dahej_core,,
EVT-DAHEJ-00027,2023-01-08 08:06:00+00:00,2023-01-08 08:57:00+00:00,21.751826,72.67816,21.74964,72.67729,5,23.08,12.663999999999998,3.85,8.512824443156337,-0.7633681622618316,0.66,0.5940000000000001,0,1,2,VIIRS_NOAA20_SP;VIIRS_SNPP_SP,N;N20,5,0,0.85,1,0.5141923617334522,dahej_core,,
EVT-DAHEJ-00028,2023-01-08 08:06:00+00:00,2023-01-08 08:06:00+00:00,21.73709,72.67367,21.73709,72.67367,1,5.18,5.18,5.18,,,0.66,0.66,0,0,1,VIIRS_NOAA20_SP,N20,1,0,0.0,1,0.0,dahej_core,,
EVT-DAHEJ-00029,2023-01-08 08:57:00+00:00,2023-01-08 08:57:00+00:00,21.77915,72.61569,21.77915,72.61569,1,3.47,3.47,3.47,,,0.66,0.66,0,0,1,VIIRS_SNPP_SP,N,1,0,0.0,1,0.0,dahej_core,,
EVT-DAHEJ-00030,2023-01-08 08:57:00+00:00,2023-01-08 08:57:00+00:00,21.499135000000003,72.98833,21.49942,72.98887,2,1.87,1.725,1.87,0.2050609665440988,0.18354430379746836,0.66,0.66,0,0,1,VIIRS_SNPP_SP,N,2,0,0.0,1,0.12845979725563433,comparison_area,,
EVT-DAHEJ-00031,2023-01-08 08:57:00+00:00,2023-01-08 08:57:00+00:00,21.883995,72.65230500000001,21.88341,72.65228,2,2.05,1.7799999999999998,2.05,0.38183766184073553,0.357615894039735,0.66,0.66,0,0,1,VIIRS_SNPP_SP,N,2,0,0.0,1,0.13020049762662161,dahej_fringe,,
EVT-DAHEJ-00032,2023-01-08 21:26:00+00:00,2023-01-08 21:26:00+00:00,21.90535,72.75705,21.90535,72.75705,1,0.53,0.53,0.53,,,0.66,0.66,0,0,1,VIIRS_SNPP_SP,N,0,1,0.0,1,0.0,dahej_fringe,,
EVT-DAHEJ-00033,2023-01-09 08:39:00+00:00,2023-01-09 08:39:00+00:00,22.09786,72.54313,22.09786,72.54313,1,5.85,5.85,5.85,,,0.66,0.66,0,0,1,VIIRS_SNPP_SP,N,1,0,0.0,1,0.0,comparison_area,,
EVT-DAHEJ-00034,2023-01-09 20:16:00+00:00,2023-01-11 08:01:00+00:00,21.682151428571427,72.53234714285715,21.68413,72.5306,7,5.71,1.8814285714285715,2.84,1.8505082956801227,1.3666666666666667,0.66,0.6128571428571429,0,0,2,VIIRS_NOAA20_SP;VIIRS_SNPP_SP,N;N20,2,5,35.75,3,0.5222082441573337,dahej_core,,
EVT-DAHEJ-00035,2023-01-09 20:16:00+00:00,2023-01-09 20:16:00+00:00,21.37861,72.79967,21.37861,72.79967,1,0.5,0.5,0.5,,,0.66,0.66,0,0,1,VIIRS_NOAA20_SP,N20,0,1,0.0,1,0.0,comparison_area,,
EVT-DAHEJ-00036,2023-01-10 08:20:00+00:00,2023-01-10 08:20:00+00:00,21.44707,72.8073,21.44707,72.8073,1,2.44,2.44,2.44,,,0.66,0.66,0,0,1,VIIRS_SNPP_SP,N,1,0,0.0,1,0.0,comparison_area,,
EVT-DAHEJ-00037,2023-01-10 21:37:00+00:00,2023-01-10 21:37:00+00:00,21.36484,72.84721,21.36484,72.84721,1,0.58,0.58,0.58,,,0.66,0.66,0,0,1,VIIRS_NOAA20_SP,N20,0,1,0.0,1,0.0,comparison_area,,
EVT-DAHEJ-00038,2023-01-11 08:01:00+00:00,2023-01-11 08:50:00+00:00,22.087040000000002,72.65562,22.08701,72.65638,2,4.8,3.9349999999999996,4.8,1.2232947314527272,0.5635179153094463,0.66,0.66,0,0,2,VIIRS_NOAA20_SP;VIIRS_SNPP_SP,N;N20,2,0,0.8166666666666667,1,0.15675506865141497,comparison_area,,
EVT-DAHEJ-00039,2023-01-11 21:18:00+00:00,2023-01-13 20:41:00+00:00,21.68238222222222,72.53252777777777,21.6821,72.52987,9,4.2,1.4422222222222223,1.0,1.0895156926104574,0.11111111111111108,0.66,0.5866666666666667,0,0,2,VIIRS_NOAA20_SP;VIIRS_SNPP_SP,N;N20,2,7,47.38333333333333,3,0.8367923147038626,dahej_core,,
EVT-DAHEJ-00040,2023-01-12 07:42:00+00:00,2023-01-12 07:42:00+00:00,21.4122,72.83345,21.4122,72.83345,1,2.64,2.64,2.64,,,0.66,0.66,0,0,1,VIIRS_SNPP_SP,N,1,0,0.0,1,0.0,comparison_area,,
EVT-DAHEJ-00041,2023-01-12 08:31:00+00:00,2023-01-12 08:31:00+00:00,21.57868,72.83266,21.57868,72.83266,1,1.87,1.87,1.87,,,0.66,0.66,0,0,1,VIIRS_NOAA20_SP,N20,1,0,0.0,1,0.0,dahej_fringe,,
EVT-DAHEJ-00042,2023-01-13 08:12:00+00:00,2023-01-13 08:12:00+00:00,21.836495,72.8463875,21.83618,72.84444,4,4.05,3.2700000000000005,4.05,0.8109253973085316,0.17391304347826075,0.66,0.66,0,0,1,VIIRS_NOAA20_SP,N20,4,0,0.0,1,0.5572171205002521,dahej_fringe,,
EVT-DAHEJ-00043,2023-01-13 08:12:00+00:00,2023-01-13 08:12:00+00:00,22.003786666666667,72.89108,22.00245,72.89,3,2.8,2.52,2.8,0.48497422611928553,0.0,0.66,0.66,0,0,1,VIIRS_NOAA20_SP,N20,3,0,0.0,1,0.4052795585658142,comparison_area,,
EVT-DAHEJ-00044,2023-01-13 08:12:00+00:00,2023-01-13 08:12:00+00:00,22.00779,72.93683,22.0094,72.93255,3,5.46,4.496666666666666,5.46,1.6685422779580186,1.124513618677043,0.66,0.66,0,0,1,VIIRS_NOAA20_SP,N20,3,0,0.0,1,0.891929245441594,comparison_area,,
EVT-DAHEJ-00045,2023-01-13 08:12:00+00:00,2023-01-13 08:12:00+00:00,21.87299,72.68066,21.87299,72.68066,1,4.84,4.84,4.84,,,0.66,0.66,0,0,1,VIIRS_NOAA20_SP,N20,1,0,0.0,1,0.0,dahej_fringe,,
EVT-DAHEJ-00046,2023-01-13 08:12:00+00:00,2023-01-13 08:12:00+00:00,21.895363333333336,72.91617333333333,21.89782,72.91705,3,19.28,15.316666666666668,7.39,6.864694700664651,-0.616701244813278,0.66,0.66,0,0,1,VIIRS_NOAA20_SP,N20,3,0,0.0,1,0.5570149873844813,comparison_area,,
EVT-DAHEJ-00047,2023-01-13 08:12:00+00:00,2023-01-13 08:12:00+00:00,21.98836,72.88863,21.98836,72.88863,1,4.7,4.7,4.7,,,0.66,0.66,0,0,1,VIIRS_NOAA20_SP,N20,1,0,0.0,1,0.0,comparison_area,,
EVT-DAHEJ-00048,2023-01-13 08:12:00+00:00,2023-01-13 09:04:00+00:00,22.077810000000003,72.84661750000001,22.07883,72.84773,4,4.46,3.2775000000000003,2.06,1.3657324042432324,-0.5381165919282511,0.66,0.5775,0,0,2,VIIRS_NOAA20_SP;VIIRS_SNPP_SP,N;N20,4,0,0.8666666666666667,1,0.3803088152201982,comparison_area,,
EVT-DAHEJ-00049,2023-01-13 08:12:00+00:00,2023-01-13 08:12:00+00:00,21.71867,72.74928,21.71867,72.74928,1,2.9,2.9,2.9,,,0.66,0.66,0,0,1,VIIRS_NOAA20_SP,N20,1,0,0.0,1,0.0,dahej_core,,
EVT-DAHEJ-00050,2023-01-13 08:12:00+00:00,2023-01-13 08:12:00+00:00,22.00392,72.87775,22.00392,72.87775,1,5.33,5.33,5.33,,,0.66,0.66,0,0,1,VIIRS_NOAA20_SP,N20,1,0,0.0,1,0.0,comparison_area,,
EVT-DAHEJ-00051,2023-01-13 08:12:00+00:00,2023-01-13 08:12:00+00:00,22.00394,72.94153,22.00394,72.94153,1,3.01,3.01,3.01,,,0.66,0.66,0,0,1,VIIRS_NOAA20_SP,N20,1,0,0.0,1,0.0,comparison_area,,
EVT-DAHEJ-00052,2023-01-13 09:04:00+00:00,2023-01-13 09:04:00+00:00,21.46958,72.8337,21.46951,72.83386,2,5.49,5.385,5.49,0.14849242404917495,0.039772727272727265,0.66,0.66,0,0,1,VIIRS_SNPP_SP,N,2,0,0.0,1,0.03659017126822818,comparison_area,,
EVT-DAHEJ-00053,2023-01-13 09:04:00+00:00,2023-01-13 09:04:00+00:00,21.760445,72.620115,21.76136,72.62019,2,3.88,3.7649999999999997,3.88,0.1626345596729059,0.06301369863013698,0.66,0.66,0,0,1,VIIRS_SNPP_SP,N,2,0,0.0,1,0.20407577176731082,dahej_core,,
EVT-DAHEJ-00054,2023-01-13 20:41:00+00:00,2023-01-13 20:41:00+00:00,21.47508,72.97594000000001,21.47624,72.97597,2,0.45,0.41000000000000003,0.37,0.05656854249492382,-0.1777777777777778,0.66,0.66,0,0,1,VIIRS_NOAA20_SP,N20,0,2,0.0,1,0.258047284617868,comparison_area,,
EVT-DAHEJ-00055,2023-01-13 21:32:00+00:00,2023-01-15 20:55:00+00:00,21.683301111111113,72.53260888888889,21.68507,72.53307,9,2.95,1.3322222222222222,0.69,0.7840882886795623,-0.32352941176470595,0.66,0.6233333333333334,0,0,2,VIIRS_NOAA20_SP;VIIRS_SNPP_SP,N;N20,1,8,47.38333333333333,3,0.6361399305512082,dahej_core,,
EVT-DAHEJ-00056,2023-01-14 07:53:00+00:00,2023-01-14 08:45:00+00:00,21.986215,72.754035,21.98526,72.75425,2,2.64,2.245,1.85,0.5586143571373726,-0.29924242424242425,0.66,0.66,0,0,2,VIIRS_NOAA20_SP;VIIRS_SNPP_SP,N;N20,2,0,0.8666666666666667,1,0.21696106006468627,comparison_area,,
EVT-DAHEJ-00057,2023-01-14 07:53:00+00:00,2023-01-14 07:53:00+00:00,21.72261,72.69061,21.72261,72.69061,1,2.28,2.28,2.28,,,0.66,0.66,0,0,1,VIIRS_NOAA20_SP,N20,1,0,0.0,1,0.0,dahej_core,,
EVT-DAHEJ-00058,2023-01-14 07:53:00+00:00,2023-01-14 07:53:00+00:00,21.66186,72.95934,21.66186,72.95934,1,3.14,3.14,3.14,,,0.33,0.33,0,0,1,VIIRS_NOAA20_SP,N20,1,0,0.0,1,0.0,comparison_area,,
EVT-DAHEJ-00059,2023-01-14 08:45:00+00:00,2023-01-14 08:45:00+00:00,21.54518,72.89423,21.54518,72.89423,1,2.89,2.89,2.89,,,0.33,0.33,0,0,1,VIIRS_SNPP_SP,N,1,0,0.0,1,0.0,comparison_area,,
EVT-DAHEJ-00060,2023-01-14 08:45:00+00:00,2023-01-14 08:45:00+00:00,22.07113,72.67049,22.07113,72.67049,1,5.82,5.82,5.82,,,0.66,0.66,0,0,1,VIIRS_SNPP_SP,N,1,0,0.0,1,0.0,comparison_area,,
EVT-DAHEJ-00061,2023-01-14 08:45:00+00:00,2023-01-14 08:45:00+00:00,21.75962,72.63911,21.75962,72.63911,1,1.09,1.09,1.09,,,0.66,0.66,0,0,1,VIIRS_SNPP_SP,N,1,0,0.0,1,0.0,dahej_core,,
EVT-DAHEJ-00062,2023-01-15 07:34:00+00:00,2023-01-15 07:34:00+00:00,21.486112000000002,72.88430999999999,21.4877,72.8808,5,17.27,14.018,13.89,1.9426965794997428,-0.19571511291256508,1.0,0.796,2,0,1,VIIRS_NOAA20_SP,N20,5,0,0.0,1,0.7995825778014941,comparison_area,,
EVT-DAHEJ-00063,2023-01-15 08:26:00+00:00,2023-01-15 08:26:00+00:00,21.70097,72.6794,21.70097,72.6794,1,3.69,3.69,3.69,,,0.66,0.66,0,0,1,VIIRS_SNPP_SP,N,1,0,0.0,1,0.0,dahej_core,,
EVT-DAHEJ-00064,2023-01-16 08:07:00+00:00,2023-01-16 08:07:00+00:00,21.7949,72.65018,21.7949,72.65018,1,1.61,1.61,1.61,,,0.33,0.33,0,0,1,VIIRS_SNPP_SP,N,1,0,0.0,1,0.0,dahej_core,,
EVT-DAHEJ-00065,2023-01-16 08:56:00+00:00,2023-01-16 08:56:00+00:00,21.57229,72.87972,21.57229,72.87972,1,3.05,3.05,3.05,,,0.66,0.66,0,0,1,VIIRS_NOAA20_SP,N20,1,0,0.0,1,0.0,comparison_area,,
EVT-DAHEJ-00066,2023-01-16 20:36:00+00:00,2023-01-16 21:25:00+00:00,21.40866,72.980385,21.40717,72.98074,2,2.04,1.335,0.63,0.9970205614730321,-0.6911764705882354,0.66,0.66,0,0,2,VIIRS_NOAA20_SP;VIIRS_SNPP_SP,N;N20,0,2,0.8166666666666667,1,0.3394153067775227,comparison_area,,
EVT-DAHEJ-00067,2023-01-16 20:36:00+00:00,2023-01-16 20:36:00+00:00,21.42436,72.96156,21.42436,72.96156,1,0.52,0.52,0.52,,,0.66,0.66,0,0,1,VIIRS_SNPP_SP,N,0,1,0.0,1,0.0,comparison_area,,
EVT-DAHEJ-00068,2023-01-16 21:25:00+00:00,2023-01-18 20:47:00+00:00,21.68446333333333,72.53379000000001,21.68574,72.53454,6,0.9,0.7233333333333333,0.81,0.16378848148348732,-0.09999999999999996,0.66,0.66,0,0,1,VIIRS_NOAA20_SP,N20,0,6,47.36666666666667,3,0.3539935438047917,dahej_core,,
EVT-DAHEJ-00069,2023-01-17 07:49:00+00:00,2023-01-17 07:49:00+00:00,21.76279,72.73113,21.76279,72.73113,1,6.26,6.26,6.26,,,0.66,0.66,0,0,1,VIIRS_SNPP_SP,N,1,0,0.0,1,0.0,dahej_core,,
EVT-DAHEJ-00070,2023-01-17 08:37:00+00:00,2023-01-17 08:37:00+00:00,21.47234,72.8358,21.47234,72.8358,1,2.49,2.49,2.49,,,0.66,0.66,0,0,1,VIIRS_NOAA20_SP,N20,1,0,0.0,1,0.0,comparison_area,,
EVT-DAHEJ-00071,2023-01-17 08:37:00+00:00,2023-01-17 08:37:00+00:00,22.08465,72.68626,22.08465,72.68626,1,5.16,5.16,5.16,,,0.33,0.33,0,0,1,VIIRS_NOAA20_SP,N20,1,0,0.0,1,0.0,comparison_area,,
EVT-DAHEJ-00072,2023-01-18 07:30:00+00:00,2023-01-18 20:47:00+00:00,21.906550000000003,72.7555,21.90602,72.75572,2,2.27,1.26,0.25,1.428355697996826,-0.8898678414096917,0.66,0.66,0,0,2,VIIRS_NOAA20_SP;VIIRS_SNPP_SP,N;N20,1,1,13.283333333333333,1,0.1263056233166835,dahej_fringe,,
EVT-DAHEJ-00073,2023-01-18 08:18:00+00:00,2023-01-18 08:18:00+00:00,21.56538,72.93382,21.56538,72.93382,1,2.01,2.01,2.01,,,0.66,0.66,0,0,1,VIIRS_NOAA20_SP,N20,1,0,0.0,1,0.0,comparison_area,,
EVT-DAHEJ-00074,2023-01-18 08:18:00+00:00,2023-01-18 08:18:00+00:00,21.38924,72.9163,21.38924,72.9163,1,3.95,3.95,3.95,,,0.66,0.66,0,0,1,VIIRS_NOAA20_SP,N20,1,0,0.0,1,0.0,comparison_area,,
EVT-DAHEJ-00075,2023-01-18 08:18:00+00:00,2023-01-18 08:18:00+00:00,21.79298,72.64732,21.79298,72.64732,1,2.57,2.57,2.57,,,0.66,0.66,0,0,1,VIIRS_NOAA20_SP,N20,1,0,0.0,1,0.0,dahej_core,,
EVT-DAHEJ-00076,2023-01-18 20:47:00+00:00,2023-01-18 20:47:00+00:00,21.6326,72.8584,21.6326,72.8584,1,0.37,0.37,0.37,,,0.66,0.66,0,0,1,VIIRS_NOAA20_SP,N20,0,1,0.0,1,0.0,comparison_area,,
EVT-DAHEJ-00077,2023-01-18 20:47:00+00:00,2023-01-18 20:47:00+00:00,21.78745,72.99504,21.78745,72.99504,1,0.38,0.38,0.38,,,0.66,0.66,0,0,1,VIIRS_NOAA20_SP,N20,0,1,0.0,1,0.0,comparison_area,,
EVT-DAHEJ-00078,2023-01-19 07:59:00+00:00,2023-01-19 08:00:00+00:00,21.78373,72.82577,21.78329,72.82405,2,4.41,4.1850000000000005,3.96,0.3181980515339465,-0.10204081632653066,0.66,0.495,0,0,1,VIIRS_NOAA20_SP,N20,2,0,0.016666666666666666,1,0.3684283617869731,dahej_fringe,,
EVT-DAHEJ-00079,2023-01-19 08:51:00+00:00,2023-01-19 08:51:00+00:00,21.51701,72.70897,21.51701,72.70897,1,5.0,5.0,5.0,,,0.66,0.66,0,0,1,VIIRS_SNPP_SP,N,1,0,0.0,1,0.0,dahej_fringe,,
EVT-DAHEJ-00080,2023-01-19 08:51:00+00:00,2023-01-19 08:51:00+00:00,21.42262,72.86494,21.42262,72.86494,1,3.18,3.18,3.18,,,0.66,0.66,0,0,1,VIIRS_SNPP_SP,N,1,0,0.0,1,0.0,comparison_area,,
EVT-DAHEJ-00081,2023-01-19 08:51:00+00:00,2023-01-19 08:51:00+00:00,21.84232,72.67659,21.84232,72.67659,1,1.54,1.54,1.54,,,0.66,0.66,0,0,1,VIIRS_SNPP_SP,N,1,0,0.0,1,0.0,dahej_core,,
EVT-DAHEJ-00082,2023-01-20 07:41:00+00:00,2023-01-20 07:41:00+00:00,21.48541,72.85628,21.48541,72.85628,1,5.71,5.71,5.71,,,0.66,0.66,0,0,1,VIIRS_NOAA20_SP,N20,1,0,0.0,1,0.0,comparison_area,,
EVT-DAHEJ-00083,2023-01-20 07:41:00+00:00,2023-01-20 07:41:00+00:00,21.35143,72.79367,21.35143,72.79367,1,3.73,3.73,3.73,,,0.66,0.66,0,0,1,VIIRS_NOAA20_SP,N20,1,0,0.0,1,0.0,comparison_area,,
EVT-DAHEJ-00084,2023-01-20 08:32:00+00:00,2023-01-20 08:32:00+00:00,21.72057,72.71316,21.72057,72.71316,1,2.58,2.58,2.58,,,0.66,0.66,0,0,1,VIIRS_SNPP_SP,N,1,0,0.0,1,0.0,dahej_core,,
EVT-DAHEJ-00085,2023-01-21 08:14:00+00:00,2023-01-21 08:14:00+00:00,21.895615000000003,72.91816833333334,21.89699,72.91591,6,6.42,4.484999999999999,6.42,2.119686297544993,1.5176470588235296,0.66,0.6050000000000001,0,0,1,VIIRS_SNPP_SP,N,6,0,0.0,1,0.8127855755885275,comparison_area,,
EVT-DAHEJ-00086,2023-01-21 08:14:00+00:00,2023-01-21 08:14:00+00:00,22.007455,72.93736,22.00883,72.93511,2,9.56,6.550000000000001,9.56,4.256782822743016,1.7005649717514126,0.66,0.66,0,0,1,VIIRS_SNPP_SP,N,2,0,0.0,1,0.5556304218160022,comparison_area,,
EVT-DAHEJ-00087,2023-01-21 08:14:00+00:00,2023-01-21 08:14:00+00:00,22.00528,72.8918,22.00528,72.8918,1,10.01,10.01,10.01,,,0.66,0.66,0,0,1,VIIRS_SNPP_SP,N,1,0,0.0,1,0.0,comparison_area,,
EVT-DAHEJ-00088,2023-01-21 08:14:00+00:00,2023-01-21 09:02:00+00:00,21.7424875,72.729915,21.74048,72.72797,4,5.01,3.8575000000000004,5.01,1.3135289617413592,0.8419117647058821,0.66,0.5775,0,0,2,VIIRS_NOAA20_SP;VIIRS_SNPP_SP,N;N20,4,0,0.8,1,0.6840252433111754,dahej_core,,
EVT-DAHEJ-00089,2023-01-21 08:14:00+00:00,2023-01-21 08:14:00+00:00,21.83694,72.84698,21.83694,72.84698,1,4.24,4.24,4.24,,,0.66,0.66,0,0,1,VIIRS_SNPP_SP,N,1,0,0.0,1,0.0,dahej_fringe,,
EVT-DAHEJ-00090,2023-01-21 08:14:00+00:00,2023-01-21 08:14:00+00:00,21.71309,72.66817,21.71309,72.66817,1,1.63,1.63,1.63,,,0.66,0.66,0,0,1,VIIRS_SNPP_SP,N,1,0,0.0,1,0.0,dahej_core,,
EVT-DAHEJ-00091,2023-01-21 08:14:00+00:00,2023-01-21 08:14:00+00:00,22.00339,72.88015,22.00339,72.88015,1,3.61,3.61,3.61,,,0.66,0.66,0,0,1,VIIRS_SNPP_SP,N,1,0,0.0,1,0.0,comparison_area,,
EVT-DAHEJ-00092,2023-01-21 08:14:00+00:00,2023-01-21 08:14:00+00:00,21.87295,72.68275,21.87295,72.68275,1,1.32,1.32,1.32,,,0.66,0.66,0,0,1,VIIRS_SNPP_SP,N,1,0,0.0,1,0.0,dahej_fringe,,
EVT-DAHEJ-00093,2023-01-21 08:14:00+00:00,2023-01-21 08:14:00+00:00,21.988253333333336,72.88698666666666,21.98987,72.88268,3,1.83,1.5533333333333335,1.83,0.47920072342738945,0.8300000000000001,0.66,0.66,0,0,1,VIIRS_SNPP_SP,N,3,0,0.0,1,0.8973103643040563,comparison_area,,
EVT-DAHEJ-00094,2023-01-21 08:14:00+00:00,2023-01-21 08:14:00+00:00,21.89784,72.89974,21.89784,72.89974,1,5.13,5.13,5.13,,,0.66,0.66,0,0,1,VIIRS_SNPP_SP,N,1,0,0.0,1,0.0,comparison_area,,
EVT-DAHEJ-00095,2023-01-21 19:50:00+00:00,2023-01-21 21:31:00+00:00,21.6952175,72.6014925,21.69465,72.59865,4,3.14,1.95,0.88,1.2613749112245203,-0.7006802721088435,0.66,0.66,0,0,2,VIIRS_NOAA20_SP;VIIRS_SNPP_SP,N;N20,0,4,1.6833333333333333,1,0.6209064053272311,dahej_core,,
EVT-DAHEJ-00096,2023-01-21 20:42:00+00:00,2023-01-22 08:43:00+00:00,21.906075,72.75474,21.90603,72.75393,2,2.95,1.6900000000000002,2.95,1.7819090885900999,5.8604651162790695,0.66,0.66,0,0,2,VIIRS_NOAA20_SP;VIIRS_SNPP_SP,N;N20,1,1,12.016666666666667,2,0.1674289676484542,dahej_fringe,,
EVT-DAHEJ-00097,2023-01-21 20:43:00+00:00,2023-01-21 20:43:00+00:00,21.3517,72.84698,21.3517,72.84698,1,0.35,0.35,0.35,,,0.66,0.66,0,0,1,VIIRS_SNPP_SP,N,0,1,0.0,1,0.0,comparison_area,,
EVT-DAHEJ-00098,2023-01-22 07:55:00+00:00,2023-01-22 07:55:00+00:00,22.08518,72.68188,22.08518,72.68188,1,1.88,1.88,1.88,,,0.66,0.66,0,0,1,VIIRS_SNPP_SP,N,1,0,0.0,1,0.0,comparison_area,,
EVT-DAHEJ-00099,2023-01-22 07:55:00+00:00,2023-01-22 07:55:00+00:00,21.72483,72.72026,21.72418,72.71988,2,13.56,12.625,13.56,1.3222896808188445,0.15996578272027384,0.66,0.66,0,0,1,VIIRS_SNPP_SP,N,2,0,0.0,1,0.16449592622024303,dahej_core,,
EVT-DAHEJ-00100,2023-01-22 07:55:00+00:00,2023-01-22 07:55:00+00:00,21.70687,72.72372,21.70687,72.72372,1,2.87,2.87,2.87,,,0.66,0.66,0,0,1,VIIRS_SNPP_SP,N,1,0,0.0,1,0.0,dahej_core,,
EVT-DAHEJ-00101,2023-01-22 08:43:00+00:00,2023-01-22 08:43:00+00:00,21.58982,72.88021,21.58982,72.88021,1,4.53,4.53,4.53,,,0.66,0.66,0,0,1,VIIRS_NOAA20_SP,N20,1,0,0.0,1,0.0,comparison_area,,
EVT-DAHEJ-00102,2023-01-22 08:43:00+00:00,2023-01-22 08:43:00+00:00,21.52874,72.79876,21.52874,72.79876,1,3.75,3.75,3.75,,,0.66,0.66,0,0,1,VIIRS_NOAA20_SP,N20,1,0,0.0,1,0.0,dahej_fringe,,
EVT-DAHEJ-00103,2023-01-23 07:36:00+00:00,2023-01-23 07:36:00+00:00,21.50873,72.87018,21.50873,72.87018,1,3.52,3.52,3.52,,,0.66,0.66,0,0,1,VIIRS_SNPP_SP,N,1,0,0.0,1,0.0,comparison_area,,
EVT-DAHEJ-00104,2023-01-23 20:53:00+00:00,2023-01-23 20:53:00+00:00,21.77784,72.90156,21.77784,72.90156,1,0.83,0.83,0.83,,,0.66,0.66,0,0,1,VIIRS_NOAA20_SP,N20,0,1,0.0,1,0.0,comparison_area,,
EVT-DAHEJ-00105,2023-01-23 21:45:00+00:00,2023-01-23 21:45:00+00:00,21.79305666666667,72.64952666666666,21.79061,72.64792,3,1.62,1.2666666666666666,1.09,0.30599564267050167,0.0,0.66,0.66,0,0,1,VIIRS_SNPP_SP,N,0,3,0.0,1,0.766095541131427,dahej_core,,
EVT-DAHEJ-00106,2023-01-24 08:06:00+00:00,2023-01-24 08:06:00+00:00,21.82341,72.91341,21.82341,72.91341,1,2.73,2.73,2.73,,,0.66,0.66,0,0,1,VIIRS_NOAA20_SP,N20,1,0,0.0,1,0.0,comparison_area,,
EVT-DAHEJ-00107,2023-01-24 08:06:00+00:00,2023-01-24 08:06:00+00:00,21.57076,72.86477,21.57076,72.86477,1,8.7,8.7,8.7,,,0.66,0.66,0,0,1,VIIRS_NOAA20_SP,N20,1,0,0.0,1,0.0,comparison_area,,
EVT-DAHEJ-00108,2023-01-24 08:58:00+00:00,2023-01-24 08:58:00+00:00,21.76387,72.71995,21.76387,72.71995,1,2.01,2.01,2.01,,,0.66,0.66,0,0,1,VIIRS_SNPP_SP,N,1,0,0.0,1,0.0,dahej_core,,
EVT-DAHEJ-00109,2023-01-24 08:58:00+00:00,2023-01-24 08:58:00+00:00,21.711855,72.78165999999999,21.71169,72.77998,2,11.46,10.975000000000001,11.46,0.6858935777509516,0.09246901811248814,0.66,0.66,0,0,1,VIIRS_SNPP_SP,N,2,0,0.0,1,0.34904387850830737,dahej_fringe,,
EVT-DAHEJ-00110,2023-01-24 20:35:00+00:00,2023-01-24 20:35:00+00:00,21.53903,72.85766,21.53903,72.85766,1,0.47,0.47,0.47,,,0.66,0.66,0,0,1,VIIRS_NOAA20_SP,N20,0,1,0.0,1,0.0,comparison_area,,
EVT-DAHEJ-00111,2023-01-24 20:35:00+00:00,2023-01-24 20:35:00+00:00,21.37984,72.9612,21.37984,72.9612,1,0.51,0.51,0.51,,,0.66,0.66,0,0,1,VIIRS_NOAA20_SP,N20,0,1,0.0,1,0.0,comparison_area,,
EVT-DAHEJ-00112,2023-01-24 20:35:00+00:00,2023-01-24 20:35:00+00:00,21.56265,72.91698,21.56265,72.91698,1,2.1,2.1,2.1,,,0.66,0.66,0,0,1,VIIRS_NOAA20_SP,N20,0,1,0.0,1,0.0,comparison_area,,
EVT-DAHEJ-00113,2023-01-25 07:47:00+00:00,2023-01-25 08:39:00+00:00,21.75963,72.6706025,21.75862,72.67183,4,23.29,13.26,23.29,7.081520552348438,1.643586833144154,0.66,0.66,0,1,2,VIIRS_NOAA20_SP;VIIRS_SNPP_SP,N;N20,4,0,0.8666666666666667,1,0.4295653232038293,dahej_core,,
EVT-DAHEJ-00114,2023-01-25 07:47:00+00:00,2023-01-25 08:39:00+00:00,22.04371333333333,72.54457333333333,22.04554,72.54463,3,38.41,19.349999999999998,14.32,17.108848587792224,1.6917293233082706,0.66,0.66,0,1,2,VIIRS_NOAA20_SP;VIIRS_SNPP_SP,N;N20,3,0,0.8666666666666667,1,0.5163166691773706,comparison_area,,
EVT-DAHEJ-00115,2023-01-25 08:39:00+00:00,2023-01-25 08:39:00+00:00,21.43301,72.86276,21.43301,72.86276,1,6.71,6.71,6.71,,,0.33,0.33,0,0,1,VIIRS_SNPP_SP,N,1,0,0.0,1,0.0,comparison_area,,
EVT-DAHEJ-00116,2023-01-25 08:39:00+00:00,2023-01-25 08:39:00+00:00,21.683215,72.95203000000001,21.68327,72.95055,2,4.24,2.87,4.24,1.9374725804511403,1.8266666666666669,0.66,0.66,0,0,1,VIIRS_SNPP_SP,N,2,0,0.0,1,0.30609243455218255,comparison_area,,
EVT-DAHEJ-00117,2023-01-25 21:07:00+00:00,2023-01-25 21:07:00+00:00,22.02886,72.81147,22.02886,72.81147,1,0.4,0.4,0.4,,,0.66,0.66,0,0,1,VIIRS_SNPP_SP,N,0,1,0.0,1,0.0,comparison_area,,
EVT-DAHEJ-00118,2023-01-26 08:20:00+00:00,2023-01-26 08:20:00+00:00,21.49747,72.95181,21.49747,72.95181,1,2.14,2.14,2.14,,,0.66,0.66,0,0,1,VIIRS_SNPP_SP,N,1,0,0.0,1,0.0,comparison_area,,
EVT-DAHEJ-00119,2023-01-26 08:20:00+00:00,2023-01-26 08:20:00+00:00,21.55627,72.89219,21.55627,72.89219,1,2.41,2.41,2.41,,,0.66,0.66,0,0,1,VIIRS_SNPP_SP,N,1,0,0.0,1,0.0,comparison_area,,
EVT-DAHEJ-00120,2023-01-26 20:49:00+00:00,2023-01-26 20:49:00+00:00,21.68693,72.53511,21.68693,72.53511,1,0.52,0.52,0.52,,,0.66,0.66,0,0,1,VIIRS_SNPP_SP,N,0,1,0.0,1,0.0,dahej_core,,
EVT-DAHEJ-00121,2023-01-27 08:01:00+00:00,2023-01-27 08:01:00+00:00,21.46984,72.83602,21.46984,72.83602,1,5.21,5.21,5.21,,,0.66,0.66,0,0,1,VIIRS_SNPP_SP,N,1,0,0.0,1,0.0,comparison_area,,
EVT-DAHEJ-00122,2023-01-28 21:00:00+00:00,2023-01-28 21:00:00+00:00,21.90861,72.6813,21.9089,72.68073,2,0.72,0.505,0.72,0.30405591591021547,1.4827586206896552,0.66,0.66,0,0,1,VIIRS_NOAA20_SP,N20,0,2,0.0,1,0.13413024272919888,dahej_fringe,,
EVT-DAHEJ-00123,2023-01-29 08:12:00+00:00,2023-01-29 08:12:00+00:00,21.89796,72.89965,21.89796,72.89965,1,4.63,4.63,4.63,,,0.66,0.66,0,0,1,VIIRS_NOAA20_SP,N20,1,0,0.0,1,0.0,comparison_area,,
EVT-DAHEJ-00124,2023-01-29 08:12:00+00:00,2023-01-29 08:12:00+00:00,22.00241,72.89261,22.00241,72.89261,1,2.01,2.01,2.01,,,0.66,0.66,0,0,1,VIIRS_NOAA20_SP,N20,1,0,0.0,1,0.0,comparison_area,,
EVT-DAHEJ-00125,2023-01-29 08:12:00+00:00,2023-01-29 08:12:00+00:00,21.99041,72.88287,21.99041,72.88287,1,3.66,3.66,3.66,,,0.66,0.66,0,0,1,VIIRS_NOAA20_SP,N20,1,0,0.0,1,0.0,comparison_area,,
EVT-DAHEJ-00126,2023-01-29 20:41:00+00:00,2023-01-29 20:41:00+00:00,21.56807,72.79839,21.56807,72.79839,1,2.31,2.31,2.31,,,0.66,0.66,0,0,1,VIIRS_NOAA20_SP,N20,0,1,0.0,1,0.0,dahej_fringe,,
EVT-DAHEJ-00127,2023-01-30 07:53:00+00:00,2023-01-30 07:53:00+00:00,21.3989,72.78696,21.3989,72.78696,1,12.42,12.42,12.42,,,0.66,0.66,0,0,1,VIIRS_NOAA20_SP,N20,1,0,0.0,1,0.0,comparison_area,,
EVT-DAHEJ-00128,2023-01-30 08:45:00+00:00,2023-01-30 08:45:00+00:00,22.05387,72.74307999999999,22.05363,72.74097,2,3.86,3.86,3.86,0.0,0.0,0.66,0.66,0,0,1,VIIRS_SNPP_SP,N,2,0,0.0,1,0.43817215412357247,comparison_area,,
EVT-DAHEJ-00129,2023-01-31 08:26:00+00:00,2023-01-31 09:15:00+00:00,21.854734999999998,72.65323000000001,21.85848,72.6508,2,42.03,26.585,11.14,21.842528470852454,-0.734951225315251,1.0,0.8300000000000001,1,1,2,VIIRS_NOAA20_SP;VIIRS_SNPP_SP,N;N20,2,0,0.8166666666666667,1,0.9722205534633958,dahej_fringe,,
EVT-DAHEJ-00130,2023-01-31 09:15:00+00:00,2023-01-31 09:15:00+00:00,21.85054,72.65774,21.85054,72.65774,1,7.98,7.98,7.98,,,0.66,0.66,0,0,1,VIIRS_NOAA20_SP,N20,1,0,0.0,1,0.0,dahej_fringe,,
EVT-DAHEJ-00131,2023-01-31 20:55:00+00:00,2023-01-31 20:55:00+00:00,21.68148,72.53374,21.68148,72.53374,1,0.49,0.49,0.49,,,0.66,0.66,0,0,1,VIIRS_SNPP_SP,N,0,1,0.0,1,0.0,dahej_core,,
EVT-DAHEJ-00132,2023-02-01 08:07:00+00:00,2023-02-01 08:07:00+00:00,21.49678,72.85101,21.49678,72.85101,1,6.24,6.24,6.24,,,0.66,0.66,0,0,1,VIIRS_SNPP_SP,N,1,0,0.0,1,0.0,comparison_area,,
EVT-DAHEJ-00133,2023-02-01 08:07:00+00:00,2023-02-01 08:07:00+00:00,21.98097,72.771,21.98097,72.771,1,7.46,7.46,7.46,,,0.33,0.33,0,0,1,VIIRS_SNPP_SP,N,1,0,0.0,1,0.0,comparison_area,,
EVT-DAHEJ-00134,2023-02-01 08:07:00+00:00,2023-02-01 08:07:00+00:00,21.49918,72.95161,21.49918,72.95161,1,4.75,4.75,4.75,,,0.66,0.66,0,0,1,VIIRS_SNPP_SP,N,1,0,0.0,1,0.0,comparison_area,,
EVT-DAHEJ-00135,2023-02-01 20:36:00+00:00,2023-02-01 20:36:00+00:00,21.48194,72.96504,21.48194,72.96504,1,0.5,0.5,0.5,,,0.66,0.66,0,0,1,VIIRS_SNPP_SP,N,0,1,0.0,1,0.0,comparison_area,,
EVT-DAHEJ-00136,2023-02-01 20:36:00+00:00,2023-02-01 20:36:00+00:00,21.58304,72.98816,21.58304,72.98816,1,0.82,0.82,0.82,,,0.66,0.66,0,0,1,VIIRS_SNPP_SP,N,0,1,0.0,1,0.0,comparison_area,,
EVT-DAHEJ-00137,2023-02-02 07:49:00+00:00,2023-02-02 08:37:00+00:00,22.0230125,72.7703075,22.02468,72.7677,4,10.27,8.165,4.21,2.8617651895290077,-0.46776232616940583,0.66,0.5775,0,0,2,VIIRS_NOAA20_SP;VIIRS_SNPP_SP,N;N20,4,0,0.8,1,0.7913861224635123,comparison_area,,
EVT-DAHEJ-00138,2023-02-02 08:37:00+00:00,2023-02-02 08:37:00+00:00,21.4985,72.90031,21.4985,72.90031,1,2.61,2.61,2.61,,,0.66,0.66,0,0,1,VIIRS_NOAA20_SP,N20,1,0,0.0,1,0.0,comparison_area,,
EVT-DAHEJ-00139,2023-02-02 08:37:00+00:00,2023-02-02 08:37:00+00:00,21.48386,72.87656,21.48386,72.87656,1,5.95,5.95,5.95,,,0.66,0.66,0,0,1,VIIRS_NOAA20_SP,N20,1,0,0.0,1,0.0,comparison_area,,
EVT-DAHEJ-00140,2023-02-02 08:37:00+00:00,2023-02-02 08:37:00+00:00,21.50242,72.83791,21.50242,72.83791,1,5.32,5.32,5.32,,,0.66,0.66,0,0,1,VIIRS_NOAA20_SP,N20,1,0,0.0,1,0.0,dahej_fringe,,
EVT-DAHEJ-00141,2023-02-02 08:37:00+00:00,2023-02-02 08:37:00+00:00,21.74918,72.68526,21.74918,72.68526,1,4.61,4.61,4.61,,,0.33,0.33,0,0,1,VIIRS_NOAA20_SP,N20,1,0,0.0,1,0.0,dahej_core,,
EVT-DAHEJ-00142,2023-02-02 08:37:00+00:00,2023-02-02 08:37:00+00:00,21.51644,72.82566,21.51644,72.82566,1,3.18,3.18,3.18,,,0.66,0.66,0,0,1,VIIRS_NOAA20_SP,N20,1,0,0.0,1,0.0,dahej_fringe,,
EVT-DAHEJ-00143,2023-02-03 07:30:00+00:00,2023-02-03 08:18:00+00:00,21.545095,72.943495,21.54401,72.94292,2,3.12,2.9450000000000003,2.77,0.2474873734152917,-0.1121794871794872,0.66,0.66,0,0,2,VIIRS_NOAA20_SP;VIIRS_SNPP_SP,N;N20,2,0,0.8,1,0.2690150542707703,comparison_area,,
EVT-DAHEJ-00144,2023-02-03 08:18:00+00:00,2023-02-03 08:18:00+00:00,21.72125,72.71183,21.72125,72.71183,1,1.71,1.71,1.71,,,0.66,0.66,0,0,1,VIIRS_NOAA20_SP,N20,1,0,0.0,1,0.0,dahej_core,,
EVT-DAHEJ-00145,2023-02-03 09:10:00+00:00,2023-02-03 09:10:00+00:00,21.356189999999998,72.97279499999999,21.35554,72.97335,2,5.26,4.99,5.26,0.3818376618407357,0.11440677966101696,0.66,0.66,0,0,1,VIIRS_SNPP_SP,N,2,0,0.0,1,0.18468775978152707,comparison_area,,
EVT-DAHEJ-00146,2023-02-03 19:58:00+00:00,2023-02-03 21:39:00+00:00,21.692797499999998,72.6605725,21.69202,72.66166,4,2.52,1.6275,0.6,1.0364482620951225,-0.3103448275862069,0.66,0.66,0,0,2,VIIRS_NOAA20_SP;VIIRS_SNPP_SP,N;N20,0,4,1.6833333333333333,1,0.446967270468671,dahej_core,,
EVT-DAHEJ-00147,2023-02-04 07:59:00+00:00,2023-02-04 07:59:00+00:00,21.508879999999998,72.889155,21.50903,72.89006,2,4.61,4.445,4.28,0.23334523779156074,-0.07158351409978309,0.66,0.495,0,0,1,VIIRS_NOAA20_SP,N20,2,0,0.0,1,0.1901955228611409,comparison_area,,
EVT-DAHEJ-00148,2023-02-04 07:59:00+00:00,2023-02-04 08:51:00+00:00,21.5638,72.94082666666667,21.56334,72.94298,3,9.68,6.52,5.54,2.8016423754647914,-0.4276859504132231,0.66,0.5499999999999999,0,0,2,VIIRS_NOAA20_SP;VIIRS_SNPP_SP,N;N20,3,0,0.8666666666666667,1,0.6127847703518267,comparison_area,,
EVT-DAHEJ-00149,2023-02-04 08:51:00+00:00,2023-02-04 08:51:00+00:00,21.383295,72.83653000000001,21.38425,72.8375,2,3.79,3.265,2.74,0.7424621202458748,-0.27704485488126646,0.66,0.495,0,0,1,VIIRS_SNPP_SP,N,2,0,0.0,1,0.2923263077773641,comparison_area,,
EVT-DAHEJ-00150,2023-02-04 08:51:00+00:00,2023-02-04 08:51:00+00:00,21.51433,72.87807,21.51433,72.87807,1,2.08,2.08,2.08,,,0.33,0.33,0,0,1,VIIRS_SNPP_SP,N,1,0,0.0,1,0.0,comparison_area,,
EVT-DAHEJ-00151,2023-02-05 07:41:00+00:00,2023-02-05 07:41:00+00:00,21.73465,72.73579,21.73465,72.73579,1,1.88,1.88,1.88,,,0.66,0.66,0,0,1,VIIRS_NOAA20_SP,N20,1,0,0.0,1,0.0,dahej_core,,
EVT-DAHEJ-00152,2023-02-05 07:41:00+00:00,2023-02-05 07:41:00+00:00,21.98032,72.78304,21.98032,72.78304,1,2.13,2.13,2.13,,,0.66,0.66,0,0,1,VIIRS_NOAA20_SP,N20,1,0,0.0,1,0.0,comparison_area,,
EVT-DAHEJ-00153,2023-02-05 07:41:00+00:00,2023-02-05 08:33:00+00:00,22.033203333333333,72.75294333333333,22.03456,72.75504,3,5.32,3.5933333333333337,2.71,1.4954709403172415,-0.014545454545454558,0.66,0.44,0,0,2,VIIRS_NOAA20_SP;VIIRS_SNPP_SP,N;N20,3,0,0.8666666666666667,1,0.60320794096911,comparison_area,,
EVT-DAHEJ-00154,2023-02-05 07:41:00+00:00,2023-02-05 08:33:00+00:00,21.7411225,72.60928249999999,21.74058,72.6109,4,13.25,8.86,13.25,5.069135363484914,1.9642058165548102,0.66,0.66,0,0,2,VIIRS_NOAA20_SP;VIIRS_SNPP_SP,N;N20,4,0,0.8666666666666667,1,0.4006936144702732,dahej_core,,
EVT-DAHEJ-00155,2023-02-05 08:33:00+00:00,2023-02-05 08:33:00+00:00,21.71656,72.69956,21.71656,72.69956,1,12.03,12.03,12.03,,,0.66,0.66,0,0,1,VIIRS_SNPP_SP,N,1,0,0.0,1,0.0,dahej_core,,
EVT-DAHEJ-00156,2023-02-05 21:01:00+00:00,2023-02-05 21:01:00+00:00,21.74843,72.607355,21.75019,72.60771,2,0.24,0.24,0.24,0.0,0.0,0.66,0.66,0,0,1,VIIRS_SNPP_SP,N,0,2,0.0,1,0.3982164271841355,dahej_core,,
EVT-DAHEJ-00157,2023-02-06 07:22:00+00:00,2023-02-06 07:22:00+00:00,21.717045,72.76207500000001,21.71657,72.76178,2,4.5,4.105,4.5,0.5586143571373726,0.2129380053908356,0.66,0.66,0,0,1,VIIRS_NOAA20_SP,N20,2,0,0.0,1,0.12195718784162093,dahej_fringe,,
EVT-DAHEJ-00158,2023-02-06 08:14:00+00:00,2023-02-06 08:14:00+00:00,21.89816,72.90077,21.89816,72.90077,1,2.73,2.73,2.73,,,0.66,0.66,0,0,1,VIIRS_SNPP_SP,N,1,0,0.0,1,0.0,comparison_area,,
EVT-DAHEJ-00159,2023-02-07 07:55:00+00:00,2023-02-07 07:55:00+00:00,21.83943,72.8227,21.84068,72.82186,2,3.59,2.895,2.2,0.9828784258493009,-0.3871866295264623,0.66,0.495,0,0,1,VIIRS_SNPP_SP,N,2,0,0.0,1,0.32763533488673274,dahej_fringe,,
EVT-DAHEJ-00160,2023-02-07 07:55:00+00:00,2023-02-07 07:55:00+00:00,21.479,72.75379,21.479,72.75379,1,3.71,3.71,3.71,,,0.66,0.66,0,0,1,VIIRS_SNPP_SP,N,1,0,0.0,1,0.0,comparison_area,,
EVT-DAHEJ-00161,2023-02-07 07:55:00+00:00,2023-02-07 07:55:00+00:00,21.494915,72.859715,21.49534,72.86193,2,4.41,3.4050000000000002,2.4,1.4212846301849607,-0.45578231292517013,0.66,0.66,0,0,1,VIIRS_SNPP_SP,N,2,0,0.0,1,0.46797819596077744,comparison_area,,
EVT-DAHEJ-00162,2023-02-07 08:43:00+00:00,2023-02-07 08:43:00+00:00,21.62119,72.925025,21.62543,72.92449,2,7.41,5.885,7.41,2.1566756826189697,0.6995412844036696,0.66,0.66,0,0,1,VIIRS_NOAA20_SP,N20,2,0,0.0,1,0.9493993151119153,comparison_area,,
EVT-DAHEJ-00163,2023-02-07 08:43:00+00:00,2023-02-07 08:43:00+00:00,21.427210000000002,72.70963666666667,21.42469,72.70749,3,5.12,2.97,5.12,1.8721378154398784,1.4497607655502394,0.66,0.5499999999999999,0,0,1,VIIRS_NOAA20_SP,N20,3,0,0.0,1,0.6316275268911715,comparison_area,,
EVT-DAHEJ-00164,2023-02-08 07:36:00+00:00,2023-02-08 08:24:00+00:00,21.617725,72.828705,21.61844,72.82918,2,6.87,4.705,6.87,3.061772362537751,1.704724409448819,0.66,0.66,0,0,2,VIIRS_NOAA20_SP;VIIRS_SNPP_SP,N;N20,2,0,0.8,1,0.1868906462979354,dahej_fringe,,
EVT-DAHEJ-00165,2023-02-08 07:36:00+00:00,2023-02-08 07:36:00+00:00,21.726770000000002,72.66948,21.72765,72.67,2,2.7,2.665,2.7,0.049497474683058526,0.02661596958174916,0.66,0.66,0,0,1,VIIRS_SNPP_SP,N,2,0,0.0,1,0.2232498213266584,dahej_core,,
EVT-DAHEJ-00166,2023-02-08 07:36:00+00:00,2023-02-08 07:36:00+00:00,22.09622,72.57086,22.09622,72.57086,1,4.0,4.0,4.0,,,0.66,0.66,0,0,1,VIIRS_SNPP_SP,N,1,0,0.0,1,0.0,comparison_area,,
EVT-DAHEJ-00167,2023-02-08 08:24:00+00:00,2023-02-08 08:24:00+00:00,21.49399,72.91815,21.49399,72.91815,1,3.33,3.33,3.33,,,0.66,0.66,0,0,1,VIIRS_NOAA20_SP,N20,1,0,0.0,1,0.0,comparison_area,,
EVT-DAHEJ-00168,2023-02-08 08:24:00+00:00,2023-02-08 08:24:00+00:00,21.38459,72.98288,21.38459,72.98288,1,1.55,1.55,1.55,,,0.66,0.66,0,0,1,VIIRS_NOAA20_SP,N20,1,0,0.0,1,0.0,comparison_area,,
EVT-DAHEJ-00169,2023-02-08 08:24:00+00:00,2023-02-08 08:24:00+00:00,21.44031,72.72939,21.44031,72.72939,1,3.17,3.17,3.17,,,0.66,0.66,0,0,1,VIIRS_NOAA20_SP,N20,1,0,0.0,1,0.0,comparison_area,,
EVT-DAHEJ-00170,2023-02-08 20:53:00+00:00,2023-02-08 20:53:00+00:00,21.59236,72.9996,21.59236,72.9996,1,0.78,0.78,0.78,,,0.66,0.66,0,0,1,VIIRS_NOAA20_SP,N20,0,1,0.0,1,0.0,comparison_area,,
EVT-DAHEJ-00171,2023-02-09 08:58:00+00:00,2023-02-09 08:58:00+00:00,21.71131,72.70767,21.71131,72.70767,1,2.0,2.0,2.0,,,0.66,0.66,0,0,1,VIIRS_SNPP_SP,N,1,0,0.0,1,0.0,dahej_core,,
EVT-DAHEJ-00172,2023-02-09 08:58:00+00:00,2023-02-09 08:58:00+00:00,21.39667,72.83685,21.39667,72.83685,1,1.93,1.93,1.93,,,0.66,0.66,0,0,1,VIIRS_SNPP_SP,N,1,0,0.0,1,0.0,comparison_area,,
EVT-DAHEJ-00173,2023-02-09 08:58:00+00:00,2023-02-09 08:58:00+00:00,21.72003,72.69003,21.72003,72.69003,1,1.8,1.8,1.8,,,0.33,0.33,0,0,1,VIIRS_SNPP_SP,N,1,0,0.0,1,0.0,dahej_core,,
EVT-DAHEJ-00174,2023-02-09 21:26:00+00:00,2023-02-10 20:16:00+00:00,21.905795,72.756025,21.90472,72.75697,2,0.53,0.43500000000000005,0.53,0.13435028842544403,0.5588235294117647,0.66,0.66,0,0,2,VIIRS_NOAA20_SP;VIIRS_SNPP_SP,N;N20,0,2,22.833333333333332,2,0.3085017228126556,dahej_fringe,,
EVT-DAHEJ-00175,2023-02-10 07:47:00+00:00,2023-02-10 08:39:00+00:00,21.79711375,72.60426125000001,21.79471,72.60787,8,10.39,7.7875,9.91,2.119465903072214,0.2971204188481676,0.66,0.61875,0,0,2,VIIRS_NOAA20_SP;VIIRS_SNPP_SP,N;N20,8,0,0.8666666666666667,1,0.8119655879322175,dahej_core,,
EVT-DAHEJ-00176,2023-02-10 07:47:00+00:00,2023-02-10 07:47:00+00:00,21.3589,72.71238,21.3589,72.71238,1,4.55,4.55,4.55,,,0.66,0.66,0,0,1,VIIRS_NOAA20_SP,N20,1,0,0.0,1,0.0,comparison_area,,
EVT-DAHEJ-00177,2023-02-10 07:47:00+00:00,2023-02-10 07:47:00+00:00,21.8159,72.66235,21.8159,72.66235,1,15.68,15.68,15.68,,,0.33,0.33,0,0,1,VIIRS_NOAA20_SP,N20,1,0,0.0,1,0.0,dahej_core,,
EVT-DAHEJ-00178,2023-02-10 08:39:00+00:00,2023-02-10 08:39:00+00:00,22.040219999999998,72.74368000000001,22.04105,72.74469,2,11.69,6.85,2.01,6.84479364188578,-0.8280581693755347,0.66,0.495,0,0,1,VIIRS_SNPP_SP,N,2,0,0.0,1,0.27824124068313866,comparison_area,,
EVT-DAHEJ-00179,2023-02-10 08:39:00+00:00,2023-02-10 08:39:00+00:00,22.05196,72.73793,22.05196,72.73793,1,3.04,3.04,3.04,,,0.66,0.66,0,0,1,VIIRS_SNPP_SP,N,1,0,0.0,1,0.0,comparison_area,,
EVT-DAHEJ-00180,2023-02-10 08:39:00+00:00,2023-02-10 08:39:00+00:00,22.08337,72.64565,22.08337,72.64565,1,9.47,9.47,9.47,,,1.0,1.0,1,0,1,VIIRS_SNPP_SP,N,1,0,0.0,1,0.0,comparison_area,,
EVT-DAHEJ-00181,2023-02-10 08:39:00+00:00,2023-02-10 08:39:00+00:00,21.80255,72.60294,21.80255,72.60294,1,3.24,3.24,3.24,,,0.66,0.66,0,0,1,VIIRS_SNPP_SP,N,1,0,0.0,1,0.0,dahej_core,,
EVT-DAHEJ-00182,2023-02-11 08:20:00+00:00,2023-02-11 08:20:00+00:00,21.46939,72.92574,21.46939,72.92574,1,2.99,2.99,2.99,,,0.66,0.66,0,0,1,VIIRS_SNPP_SP,N,1,0,0.0,1,0.0,comparison_area,,
EVT-DAHEJ-00183,2023-02-11 08:20:00+00:00,2023-02-11 08:20:00+00:00,21.59945,72.82298,21.59945,72.82298,1,2.78,2.78,2.78,,,0.66,0.66,0,0,1,VIIRS_SNPP_SP,N,1,0,0.0,1,0.0,dahej_fringe,,
EVT-DAHEJ-00184,2023-02-11 08:20:00+00:00,2023-02-11 08:20:00+00:00,21.43229,72.98949,21.43229,72.98949,1,4.98,4.98,4.98,,,0.66,0.66,0,0,1,VIIRS_SNPP_SP,N,1,0,0.0,1,0.0,comparison_area,,
EVT-DAHEJ-00185,2023-02-11 09:08:00+00:00,2023-02-11 09:08:00+00:00,21.47401,72.90405,21.47401,72.90405,1,3.77,3.77,3.77,,,0.66,0.66,0,0,1,VIIRS_NOAA20_SP,N20,1,0,0.0,1,0.0,comparison_area,,
EVT-DAHEJ-00186,2023-02-12 08:01:00+00:00,2023-02-12 08:01:00+00:00,21.51458,72.83131,21.51458,72.83131,1,4.97,4.97,4.97,,,0.66,0.66,0,0,1,VIIRS_SNPP_SP,N,1,0,0.0,1,0.0,dahej_fringe,,
EVT-DAHEJ-00187,2023-02-12 08:01:00+00:00,2023-02-12 08:01:00+00:00,21.52833,72.90647,21.52833,72.90647,1,7.11,7.11,7.11,,,0.66,0.66,0,0,1,VIIRS_SNPP_SP,N,1,0,0.0,1,0.0,comparison_area,,
EVT-DAHEJ-00188,2023-02-12 08:01:00+00:00,2023-02-12 08:01:00+00:00,21.95097,72.79163,21.95097,72.79163,1,3.34,3.34,3.34,,,0.66,0.66,0,0,1,VIIRS_SNPP_SP,N,1,0,0.0,1,0.0,comparison_area,,
EVT-DAHEJ-00189,2023-02-12 08:50:00+00:00,2023-02-12 08:50:00+00:00,21.97581,72.7523,21.97581,72.7523,1,1.8,1.8,1.8,,,0.66,0.66,0,0,1,VIIRS_NOAA20_SP,N20,1,0,0.0,1,0.0,comparison_area,,
EVT-DAHEJ-00190,2023-02-12 08:50:00+00:00,2023-02-12 08:50:00+00:00,22.0995,72.7768,22.0995,72.7768,1,7.84,7.84,7.84,,,0.66,0.66,0,0,1,VIIRS_NOAA20_SP,N20,1,0,0.0,1,0.0,comparison_area,,
EVT-DAHEJ-00191,2023-02-12 20:30:00+00:00,2023-02-12 20:30:00+00:00,21.40681,72.98162,21.40681,72.98162,1,0.81,0.81,0.81,,,0.66,0.66,0,0,1,VIIRS_SNPP_SP,N,0,1,0.0,1,0.0,comparison_area,,
EVT-DAHEJ-00192,2023-02-12 20:30:00+00:00,2023-02-12 20:30:00+00:00,21.43132,72.97481,21.43132,72.97481,1,1.05,1.05,1.05,,,0.66,0.66,0,0,1,VIIRS_SNPP_SP,N,0,1,0.0,1,0.0,comparison_area,,
EVT-DAHEJ-00193,2023-02-13 07:42:00+00:00,2023-02-13 07:42:00+00:00,21.56652,72.875445,21.56614,72.8737,2,7.25,7.25,7.25,0.0,0.0,1.0,0.8300000000000001,1,0,1,VIIRS_SNPP_SP,N,2,0,0.0,1,0.37066466727292263,comparison_area,,
EVT-DAHEJ-00194,2023-02-13 07:42:00+00:00,2023-02-13 08:31:00+00:00,21.954225,72.58662249999999,21.95567,72.58603,4,15.77,9.915,15.77,6.797139104064297,3.928125,0.66,0.495,0,0,2,VIIRS_NOAA20_SP;VIIRS_SNPP_SP,N;N20,4,0,0.8166666666666667,1,0.483981815358316,comparison_area,,
EVT-DAHEJ-00195,2023-02-13 08:31:00+00:00,2023-02-13 08:31:00+00:00,21.45051,72.79438,21.45051,72.79438,1,2.04,2.04,2.04,,,0.33,0.33,0,0,1,VIIRS_NOAA20_SP,N20,1,0,0.0,1,0.0,comparison_area,,
EVT-DAHEJ-00196,2023-02-13 08:31:00+00:00,2023-02-13 08:31:00+00:00,21.40207,72.78039,21.40207,72.78039,1,2.58,2.58,2.58,,,0.66,0.66,0,0,1,VIIRS_NOAA20_SP,N20,1,0,0.0,1,0.0,comparison_area,,
EVT-DAHEJ-00197,2023-02-13 08:31:00+00:00,2023-02-13 08:31:00+00:00,21.88873,72.78185,21.88873,72.78185,1,2.9,2.9,2.9,,,0.33,0.33,0,0,1,VIIRS_NOAA20_SP,N20,1,0,0.0,1,0.0,dahej_fringe,,
EVT-DAHEJ-00198,2023-02-14 07:24:00+00:00,2023-02-14 09:04:00+00:00,21.708325000000002,72.68205,21.70778,72.68047,2,5.41,3.765,5.41,2.3263813101037414,1.5518867924528301,0.66,0.66,0,0,1,VIIRS_SNPP_SP,N,2,0,1.6666666666666667,1,0.3482296342231221,dahej_core,,
EVT-DAHEJ-00199,2023-02-14 08:12:00+00:00,2023-02-14 08:12:00+00:00,21.49969,72.74296,21.49969,72.74296,1,8.1,8.1,8.1,,,0.66,0.66,0,0,1,VIIRS_NOAA20_SP,N20,1,0,0.0,1,0.0,comparison_area,,
EVT-DAHEJ-00200,2023-02-14 08:12:00+00:00,2023-02-14 08:12:00+00:00,21.39444,72.76616,21.39444,72.76616,1,2.69,2.69,2.69,,,0.66,0.66,0,0,1,VIIRS_NOAA20_SP,N20,1,0,0.0,1,0.0,comparison_area,,
EVT-DAHEJ-00201,2023-02-14 09:04:00+00:00,2023-02-14 09:04:00+00:00,21.590155000000003,72.92626000000001,21.58988,72.92606,2,5.6,5.59,5.58,0.014142135623730649,-0.0035714285714284954,0.66,0.66,0,0,1,VIIRS_SNPP_SP,N,2,0,0.0,1,0.07382853490451118,comparison_area,,
EVT-DAHEJ-00202,2023-02-14 19:52:00+00:00,2023-02-14 19:52:00+00:00,21.540205,72.81843,21.54187,72.81981,2,3.7,3.535,3.37,0.23334523779156074,-0.08918918918918921,0.66,0.66,0,0,1,VIIRS_SNPP_SP,N,0,2,0.0,1,0.4675436678954225,dahej_fringe,,
EVT-DAHEJ-00203,2023-02-14 20:41:00+00:00,2023-02-15 20:22:00+00:00,21.907024999999997,72.7558,21.90683,72.75653,2,0.5,0.365,0.5,0.19091883092036782,1.173913043478261,0.66,0.66,0,0,1,VIIRS_NOAA20_SP,N20,0,2,23.683333333333334,2,0.15674054460785103,dahej_fringe,,
EVT-DAHEJ-00204,2023-02-15 07:53:00+00:00,2023-02-15 08:45:00+00:00,21.861335,72.64645,21.85979,72.64671,2,7.08,5.47,7.08,2.276883835420683,0.8341968911917099,0.33,0.33,0,0,2,VIIRS_NOAA20_SP;VIIRS_SNPP_SP,N;N20,2,0,0.8666666666666667,1,0.34775820368254995,dahej_fringe,,
EVT-DAHEJ-00205,2023-02-15 07:53:00+00:00,2023-02-15 07:53:00+00:00,21.373146666666667,72.77363000000001,21.3744,72.77505,3,8.65,6.203333333333333,4.98,2.1188754879259264,-0.4242774566473988,0.66,0.66,0,0,1,VIIRS_NOAA20_SP,N20,3,0,0.0,1,0.48166124273825356,comparison_area,,
EVT-DAHEJ-00206,2023-02-15 07:53:00+00:00,2023-02-15 07:53:00+00:00,21.77397,72.90605,21.77397,72.90605,1,7.93,7.93,7.93,,,0.66,0.66,0,0,1,VIIRS_NOAA20_SP,N20,1,0,0.0,1,0.0,comparison_area,,
EVT-DAHEJ-00207,2023-02-15 08:45:00+00:00,2023-02-15 08:45:00+00:00,22.02325,72.55057,22.02325,72.55057,1,9.93,9.93,9.93,,,0.66,0.66,0,0,1,VIIRS_SNPP_SP,N,1,0,0.0,1,0.0,comparison_area,,
EVT-DAHEJ-00208,2023-02-15 08:45:00+00:00,2023-02-15 08:45:00+00:00,21.543136666666665,72.8832,21.54422,72.88022,3,10.35,9.616666666666667,9.25,0.6350852961085881,0.0,0.66,0.66,0,0,1,VIIRS_SNPP_SP,N,3,0,0.0,1,0.6443843891439113,comparison_area,,
EVT-DAHEJ-00209,2023-02-16 20:03:00+00:00,2023-02-16 20:03:00+00:00,21.699485,72.70420999999999,21.69878,72.70338,2,0.47,0.435,0.4,0.04949747468305829,-0.14893617021276587,0.66,0.66,0,0,1,VIIRS_NOAA20_SP,N20,0,2,0.0,1,0.23236823048593708,dahej_core,,
EVT-DAHEJ-00210,2023-02-17 08:07:00+00:00,2023-02-17 08:07:00+00:00,21.824795,72.70733,21.82477,72.70796,2,8.23,6.915,5.6,1.8596908345206207,-0.31956257594167686,0.66,0.66,0,0,1,VIIRS_SNPP_SP,N,2,0,0.0,1,0.13018249730850565,dahej_core,,
EVT-DAHEJ-00211,2023-02-17 08:56:00+00:00,2023-02-17 08:56:00+00:00,21.56124,72.8101,21.56124,72.8101,1,1.98,1.98,1.98,,,0.66,0.66,0,0,1,VIIRS_NOAA20_SP,N20,1,0,0.0,1,0.0,dahej_fringe,,
EVT-DAHEJ-00212,2023-02-17 20:36:00+00:00,2023-02-17 21:25:00+00:00,21.74615,72.780544,21.74287,72.78157,5,10.46,5.192,1.34,4.8526611256093295,0.36734693877551033,0.66,0.66,0,0,2,VIIRS_NOAA20_SP;VIIRS_SNPP_SP,N;N20,0,5,0.8166666666666667,1,0.6147115534619534,dahej_fringe,,
EVT-DAHEJ-00213,2023-02-17 20:36:00+00:00,2023-02-17 21:25:00+00:00,21.89061,72.78018,21.8915,72.78024,4,2.05,1.3299999999999998,0.96,0.5140038910358559,-0.5317073170731708,0.66,0.66,0,0,2,VIIRS_NOAA20_SP;VIIRS_SNPP_SP,N;N20,0,4,0.8166666666666667,1,0.3228880282833866,dahej_fringe,,
EVT-DAHEJ-00214,2023-02-17 20:36:00+00:00,2023-02-17 20:36:00+00:00,21.36032,72.83225,21.36032,72.83225,1,0.64,0.64,0.64,,,0.66,0.66,0,0,1,VIIRS_SNPP_SP,N,0,1,0.0,1,0.0,comparison_area,,
EVT-DAHEJ-00215,2023-02-17 20:36:00+00:00,2023-02-17 21:25:00+00:00,21.698495,72.70457999999999,21.69768,72.70411,2,0.41,0.36,0.31,0.07071067811865474,-0.2439024390243902,0.66,0.66,0,0,2,VIIRS_NOAA20_SP;VIIRS_SNPP_SP,N;N20,0,2,0.8166666666666667,1,0.20562723375378747,dahej_core,,
EVT-DAHEJ-00216,2023-02-17 21:25:00+00:00,2023-02-17 21:25:00+00:00,21.45167,72.95957,21.45167,72.95957,1,0.43,0.43,0.43,,,0.66,0.66,0,0,1,VIIRS_NOAA20_SP,N20,0,1,0.0,1,0.0,comparison_area,,
EVT-DAHEJ-00217,2023-02-18 08:37:00+00:00,2023-02-18 08:37:00+00:00,21.51575,72.96615,21.51575,72.96615,1,6.55,6.55,6.55,,,0.33,0.33,0,0,1,VIIRS_NOAA20_SP,N20,1,0,0.0,1,0.0,comparison_area,,
EVT-DAHEJ-00218,2023-02-18 08:37:00+00:00,2023-02-18 08:37:00+00:00,21.76208,72.63585,21.76208,72.63585,1,8.64,8.64,8.64,,,0.66,0.66,0,0,1,VIIRS_NOAA20_SP,N20,1,0,0.0,1,0.0,dahej_core,,
EVT-DAHEJ-00219,2023-02-19 08:18:00+00:00,2023-02-19 08:18:00+00:00,21.37794,72.87722,21.37794,72.87722,1,2.26,2.26,2.26,,,0.33,0.33,0,0,1,VIIRS_NOAA20_SP,N20,1,0,0.0,1,0.0,comparison_area,,
EVT-DAHEJ-00220,2023-02-19 20:47:00+00:00,2023-02-19 20:47:00+00:00,21.90557,72.75546,21.90557,72.75546,1,0.35,0.35,0.35,,,0.66,0.66,0,0,1,VIIRS_NOAA20_SP,N20,0,1,0.0,1,0.0,dahej_fringe,,
EVT-DAHEJ-00221,2023-02-19 20:47:00+00:00,2023-02-19 20:47:00+00:00,21.44311,72.85961,21.44311,72.85961,1,1.45,1.45,1.45,,,0.66,0.66,0,0,1,VIIRS_NOAA20_SP,N20,0,1,0.0,1,0.0,comparison_area,,
EVT-DAHEJ-00222,2023-02-20 07:59:00+00:00,2023-02-20 08:00:00+00:00,21.782040000000002,72.72505,21.78265,72.72604,2,10.93,10.5,10.93,0.6081118318204305,0.08540218470705059,0.66,0.495,0,0,1,VIIRS_NOAA20_SP,N20,2,0,0.016666666666666666,1,0.2453601743500976,dahej_core,,
EVT-DAHEJ-00223,2023-02-20 07:59:00+00:00,2023-02-20 07:59:00+00:00,21.75608,72.66959,21.75608,72.66959,1,20.43,20.43,20.43,,,0.66,0.66,0,1,1,VIIRS_NOAA20_SP,N20,1,0,0.0,1,0.0,dahej_core,,
EVT-DAHEJ-00224,2023-02-20 08:00:00+00:00,2023-02-20 08:00:00+00:00,22.09398,72.55392,22.09398,72.55392,1,4.91,4.91,4.91,,,0.33,0.33,0,0,1,VIIRS_NOAA20_SP,N20,1,0,0.0,1,0.0,comparison_area,,
EVT-DAHEJ-00225,2023-02-20 08:51:00+00:00,2023-02-20 08:51:00+00:00,21.49439,72.81983,21.49439,72.81983,1,4.72,4.72,4.72,,,0.66,0.66,0,0,1,VIIRS_SNPP_SP,N,1,0,0.0,1,0.0,comparison_area,,
EVT-DAHEJ-00226,2023-02-21 07:41:00+00:00,2023-02-21 07:41:00+00:00,21.375225,72.681525,21.37625,72.68098,2,5.96,5.91,5.86,0.0707106781186545,-0.016778523489932827,0.66,0.66,0,0,1,VIIRS_NOAA20_SP,N20,2,0,0.0,1,0.25436153791431587,comparison_area,,
EVT-DAHEJ-00227,2023-02-21 07:41:00+00:00,2023-02-21 08:32:00+00:00,21.48281666666667,72.87413333333333,21.48287,72.8758,3,5.03,3.89,3.03,1.028980077552525,-0.39761431411530823,0.66,0.66,0,0,2,VIIRS_NOAA20_SP;VIIRS_SNPP_SP,N;N20,3,0,0.85,1,0.4808302700484815,comparison_area,,
EVT-DAHEJ-00228,2023-02-22 20:43:00+00:00,2023-02-22 20:43:00+00:00,21.56074,72.79625,21.56074,72.79625,1,0.35,0.35,0.35,,,0.66,0.66,0,0,1,VIIRS_SNPP_SP,N,0,1,0.0,1,0.0,dahej_fringe,,
EVT-DAHEJ-00229,2023-02-22 21:31:00+00:00,2023-02-23 21:12:00+00:00,21.90814,72.75647000000001,21.90901,72.75607,2,0.68,0.575,0.47,0.14849242404917504,-0.3088235294117648,0.66,0.66,0,0,1,VIIRS_NOAA20_SP,N20,0,2,23.683333333333334,2,0.2103468939117602,dahej_fringe,,
EVT-DAHEJ-00230,2023-02-23 07:55:00+00:00,2023-02-23 08:43:00+00:00,21.770535,72.78090999999999,21.76875,72.78555,4,4.88,4.115,2.98,0.8045495634204272,-0.3069767441860465,0.66,0.495,0,0,2,VIIRS_NOAA20_SP;VIIRS_SNPP_SP,N;N20,4,0,0.8,1,0.7261603027559841,dahej_fringe,,
EVT-DAHEJ-00231,2023-02-23 07:55:00+00:00,2023-02-23 07:55:00+00:00,21.63448,72.88708,21.63448,72.88708,1,3.02,3.02,3.02,,,0.66,0.66,0,0,1,VIIRS_SNPP_SP,N,1,0,0.0,1,0.0,comparison_area,,
EVT-DAHEJ-00232,2023-02-23 08:43:00+00:00,2023-02-23 08:43:00+00:00,21.72557,72.72604,21.72557,72.72604,1,14.27,14.27,14.27,,,0.66,0.66,0,0,1,VIIRS_NOAA20_SP,N20,1,0,0.0,1,0.0,dahej_core,,
EVT-DAHEJ-00233,2023-02-23 08:43:00+00:00,2023-02-23 08:43:00+00:00,21.45132,72.87793,21.45132,72.87793,1,2.92,2.92,2.92,,,0.66,0.66,0,0,1,VIIRS_NOAA20_SP,N20,1,0,0.0,1,0.0,comparison_area,,
EVT-DAHEJ-00234,2023-02-23 21:12:00+00:00,2023-02-23 21:12:00+00:00,21.39717,72.94614,21.39717,72.94614,1,0.81,0.81,0.81,,,0.66,0.66,0,0,1,VIIRS_NOAA20_SP,N20,0,1,0.0,1,0.0,comparison_area,,
EVT-DAHEJ-00235,2023-02-24 08:25:00+00:00,2023-02-24 08:25:00+00:00,21.42994,72.70387,21.42994,72.70387,1,3.67,3.67,3.67,,,0.33,0.33,0,0,1,VIIRS_NOAA20_SP,N20,1,0,0.0,1,0.0,comparison_area,,
EVT-DAHEJ-00236,2023-02-25 08:58:00+00:00,2023-02-25 08:58:00+00:00,21.63624,72.94214,21.63622,72.94142,2,5.19,4.85,4.51,0.4808326112068527,-0.13102119460500974,0.66,0.66,0,0,1,VIIRS_SNPP_SP,N,2,0,0.0,1,0.14890579216967134,comparison_area,,
EVT-DAHEJ-00237,2023-02-25 08:58:00+00:00,2023-02-25 08:58:00+00:00,21.94908,72.9414,21.94908,72.9414,1,2.99,2.99,2.99,,,0.66,0.66,0,0,1,VIIRS_SNPP_SP,N,1,0,0.0,1,0.0,comparison_area,,
EVT-DAHEJ-00238,2023-02-25 20:35:00+00:00,2023-02-25 20:35:00+00:00,21.43186,72.97554,21.43186,72.97554,1,0.78,0.78,0.78,,,0.66,0.66,0,0,1,VIIRS_NOAA20_SP,N20,0,1,0.0,1,0.0,comparison_area,,
EVT-DAHEJ-00239,2023-02-26 07:47:00+00:00,2023-02-26 07:47:00+00:00,21.55086,72.8461,21.55086,72.8461,1,2.66,2.66,2.66,,,0.66,0.66,0,0,1,VIIRS_NOAA20_SP,N20,1,0,0.0,1,0.0,dahej_fringe,,
EVT-DAHEJ-00240,2023-02-26 07:47:00+00:00,2023-02-26 07:47:00+00:00,21.4714,72.74886,21.4714,72.74886,1,6.06,6.06,6.06,,,0.66,0.66,0,0,1,VIIRS_NOAA20_SP,N20,1,0,0.0,1,0.0,comparison_area,,
EVT-DAHEJ-00241,2023-02-26 08:39:00+00:00,2023-02-27 08:20:00+00:00,21.750426666666666,72.61956333333333,21.75152,72.61731,3,6.36,4.166666666666667,4.26,2.2414578589242615,-0.3301886792452831,0.66,0.66,0,0,2,VIIRS_NOAA20_SP;VIIRS_SNPP_SP,N;N20,3,0,23.683333333333334,2,0.6229390175361981,dahej_core,,
EVT-DAHEJ-00242,2023-02-26 08:39:00+00:00,2023-02-26 08:39:00+00:00,21.68441,72.682435,21.68251,72.68272,2,10.96,10.96,10.96,0.0,0.0,0.66,0.66,0,0,1,VIIRS_SNPP_SP,N,2,0,0.0,1,0.426626162216879,dahej_core,,
EVT-DAHEJ-00243,2023-02-26 08:39:00+00:00,2023-02-26 08:39:00+00:00,21.77131,72.71046,21.77131,72.71046,1,8.52,8.52,8.52,,,0.66,0.66,0,0,1,VIIRS_SNPP_SP,N,1,0,0.0,1,0.0,dahej_core,,
EVT-DAHEJ-00244,2023-02-26 21:08:00+00:00,2023-02-26 21:08:00+00:00,21.36749,72.754915,21.36557,72.75451,2,2.36,2.36,2.36,0.0,0.0,0.66,0.66,0,0,1,VIIRS_SNPP_SP,N,0,2,0.0,1,0.4351494532550716,comparison_area,,
EVT-DAHEJ-00245,2023-02-27 08:20:00+00:00,2023-02-27 08:20:00+00:00,21.79334,72.64954,21.79334,72.64954,1,6.02,6.02,6.02,,,0.66,0.66,0,0,1,VIIRS_SNPP_SP,N,1,0,0.0,1,0.0,dahej_core,,
EVT-DAHEJ-00246,2023-02-27 08:20:00+00:00,2023-02-27 08:20:00+00:00,21.47219,72.96145,21.47219,72.96145,1,6.84,6.84,6.84,,,0.66,0.66,0,0,1,VIIRS_SNPP_SP,N,1,0,0.0,1,0.0,comparison_area,,
EVT-DAHEJ-00247,2023-02-27 08:20:00+00:00,2023-02-27 08:20:00+00:00,21.52219,72.80067,21.52219,72.80067,1,4.88,4.88,4.88,,,0.66,0.66,0,0,1,VIIRS_SNPP_SP,N,1,0,0.0,1,0.0,dahej_fringe,,
EVT-DAHEJ-00248,2023-02-27 09:09:00+00:00,2023-02-27 09:09:00+00:00,21.52388,72.93277,21.52388,72.93277,1,7.58,7.58,7.58,,,0.33,0.33,0,0,1,VIIRS_NOAA20_SP,N20,1,0,0.0,1,0.0,comparison_area,,
EVT-DAHEJ-00249,2023-02-27 09:09:00+00:00,2023-02-27 09:09:00+00:00,21.746139999999997,72.66661500000001,21.74525,72.66857,2,4.81,4.225,3.64,0.8273149339882602,-0.24324324324324315,0.33,0.33,0,0,1,VIIRS_NOAA20_SP,N20,2,0,0.0,1,0.44972818078133775,dahej_core,,
EVT-DAHEJ-00250,2023-02-27 20:49:00+00:00,2023-02-27 20:49:00+00:00,21.496,72.85112,21.496,72.85112,1,0.54,0.54,0.54,,,0.66,0.66,0,0,1,VIIRS_SNPP_SP,N,0,1,0.0,1,0.0,comparison_area,,
EVT-DAHEJ-00251,2023-02-27 20:49:00+00:00,2023-02-27 20:49:00+00:00,21.84007,72.88088,21.84007,72.88088,1,0.43,0.43,0.43,,,0.66,0.66,0,0,1,VIIRS_SNPP_SP,N,0,1,0.0,1,0.0,comparison_area,,
EVT-DAHEJ-00252,2023-02-28 08:01:00+00:00,2023-02-28 08:50:00+00:00,21.736179999999997,72.595965,21.73831,72.59605,2,6.13,5.015,6.13,1.5768481220460009,0.5717948717948718,0.66,0.495,0,0,2,VIIRS_NOAA20_SP;VIIRS_SNPP_SP,N;N20,2,0,0.8166666666666667,1,0.47401637741047575,dahej_core,,
EVT-DAHEJ-00253,2023-02-28 08:01:00+00:00,2023-02-28 08:01:00+00:00,21.48164,72.93812,21.48164,72.93812,1,2.81,2.81,2.81,,,0.33,0.33,0,0,1,VIIRS_SNPP_SP,N,1,0,0.0,1,0.0,comparison_area,,
EVT-DAHEJ-00254,2023-02-28 08:01:00+00:00,2023-02-28 08:01:00+00:00,21.76782,72.62780000000001,21.76583,72.62822,2,3.1,3.1,3.1,0.0,0.0,0.66,0.66,0,0,1,VIIRS_SNPP_SP,N,2,0,0.0,1,0.450977430205981,dahej_core,,
EVT-DAHEJ-00255,2023-02-28 20:30:00+00:00,2023-02-28 20:30:00+00:00,21.36662,72.82481,21.36662,72.82481,1,1.2,1.2,1.2,,,0.66,0.66,0,0,1,VIIRS_SNPP_SP,N,0,1,0.0,1,0.0,comparison_area,,
EVT-DAHEJ-00256,2023-03-01 07:42:00+00:00,2023-03-01 07:42:00+00:00,21.89186,72.77994,21.89186,72.77994,1,3.06,3.06,3.06,,,0.66,0.66,0,0,1,VIIRS_SNPP_SP,N,1,0,0.0,1,0.0,dahej_fringe,,
EVT-DAHEJ-00257,2023-03-01 20:11:00+00:00,2023-03-01 20:11:00+00:00,21.42484,72.99724,21.42484,72.99724,1,3.13,3.13,3.13,,,0.66,0.66,0,0,1,VIIRS_SNPP_SP,N,0,1,0.0,1,0.0,comparison_area,,
EVT-DAHEJ-00258,2023-03-02 08:12:00+00:00,2023-03-02 08:12:00+00:00,21.74455,72.66047,21.74455,72.66047,1,11.9,11.9,11.9,,,0.66,0.66,0,0,1,VIIRS_NOAA20_SP,N20,1,0,0.0,1,0.0,dahej_core,,
EVT-DAHEJ-00259,2023-03-02 09:04:00+00:00,2023-03-02 09:04:00+00:00,21.686425,72.6563,21.68624,72.65424,2,15.24,15.129999999999999,15.24,0.1555634918610409,0.014647137150466089,0.66,0.495,0,0,1,VIIRS_SNPP_SP,N,2,0,0.0,1,0.42768130290393924,dahej_core,,
EVT-DAHEJ-00260,2023-03-02 09:04:00+00:00,2023-03-02 09:04:00+00:00,21.76324,72.72763,21.76324,72.72763,1,2.63,2.63,2.63,,,0.33,0.33,0,0,1,VIIRS_SNPP_SP,N,1,0,0.0,1,0.0,dahej_core,,
EVT-DAHEJ-00261,2023-03-02 09:04:00+00:00,2023-03-02 09:04:00+00:00,21.47981,72.70811,21.47981,72.70811,1,2.07,2.07,2.07,,,0.66,0.66,0,0,1,VIIRS_SNPP_SP,N,1,0,0.0,1,0.0,comparison_area,,
EVT-DAHEJ-00262,2023-03-02 20:41:00+00:00,2023-03-02 20:41:00+00:00,21.90786,72.75674,21.90786,72.75674,1,0.35,0.35,0.35,,,0.66,0.66,0,0,1,VIIRS_NOAA20_SP,N20,0,1,0.0,1,0.0,dahej_fringe,,
EVT-DAHEJ-00263,2023-03-02 20:41:00+00:00,2023-03-02 20:41:00+00:00,21.82683,72.92191,21.82683,72.92191,1,1.08,1.08,1.08,,,0.66,0.66,0,0,1,VIIRS_NOAA20_SP,N20,0,1,0.0,1,0.0,comparison_area,,
EVT-DAHEJ-00264,2023-03-03 07:53:00+00:00,2023-03-03 07:53:00+00:00,21.9476,72.88827,21.9476,72.88827,1,2.37,2.37,2.37,,,0.33,0.33,0,0,1,VIIRS_NOAA20_SP,N20,1,0,0.0,1,0.0,comparison_area,,
EVT-DAHEJ-00265,2023-03-03 07:53:00+00:00,2023-03-03 07:53:00+00:00,21.6105,72.88701,21.6105,72.88701,1,2.38,2.38,2.38,,,0.66,0.66,0,0,1,VIIRS_NOAA20_SP,N20,1,0,0.0,1,0.0,comparison_area,,
EVT-DAHEJ-00266,2023-03-03 07:53:00+00:00,2023-03-03 07:53:00+00:00,21.36609,72.9836,21.36609,72.9836,1,3.16,3.16,3.16,,,0.66,0.66,0,0,1,VIIRS_NOAA20_SP,N20,1,0,0.0,1,0.0,comparison_area,,
EVT-DAHEJ-00267,2023-03-03 07:54:00+00:00,2023-03-03 07:54:00+00:00,22.075090000000003,72.25737,22.0755,72.2563,2,6.62,5.73,4.84,1.2586500705120547,-0.26888217522658614,0.66,0.66,0,0,1,VIIRS_NOAA20_SP,N20,2,0,0.0,1,0.2386208432737763,comparison_area,,
EVT-DAHEJ-00268,2023-03-03 08:45:00+00:00,2023-03-03 08:45:00+00:00,21.36139,72.67448,21.36139,72.67448,1,6.49,6.49,6.49,,,0.66,0.66,0,0,1,VIIRS_SNPP_SP,N,1,0,0.0,1,0.0,comparison_area,,
EVT-DAHEJ-00269,2023-03-04 07:35:00+00:00,2023-03-04 07:35:00+00:00,21.727379999999997,72.701245,21.7278,72.70229,2,4.47,4.4350000000000005,4.4,0.049497474683057895,-0.01565995525727056,0.66,0.495,0,0,1,VIIRS_NOAA20_SP,N20,2,0,0.0,1,0.23522662757441812,dahej_core,,
EVT-DAHEJ-00270,2023-03-04 07:35:00+00:00,2023-03-04 07:35:00+00:00,21.62551,72.86694,21.62551,72.86694,1,4.44,4.44,4.44,,,0.66,0.66,0,0,1,VIIRS_NOAA20_SP,N20,1,0,0.0,1,0.0,comparison_area,,
EVT-DAHEJ-00271,2023-03-04 07:35:00+00:00,2023-03-04 08:26:00+00:00,21.5613,72.97489999999999,21.55972,72.97543,2,2.04,1.845,2.04,0.2757716446627536,0.23636363636363644,0.66,0.66,0,0,2,VIIRS_NOAA20_SP;VIIRS_SNPP_SP,N;N20,2,0,0.85,1,0.36807845312341664,comparison_area,,
EVT-DAHEJ-00272,2023-03-04 07:35:00+00:00,2023-03-04 08:26:00+00:00,21.457976666666667,72.94,21.46002,72.94078,3,4.29,3.28,2.2,1.0467568963231146,-0.48717948717948717,0.66,0.44,0,0,2,VIIRS_NOAA20_SP;VIIRS_SNPP_SP,N;N20,3,0,0.85,1,0.7153354997214817,comparison_area,,
EVT-DAHEJ-00273,2023-03-04 07:35:00+00:00,2023-03-04 08:26:00+00:00,21.682485,72.63441,21.6818,72.63389,2,6.57,4.0600000000000005,6.57,3.5496760415564688,3.238709677419355,0.66,0.495,0,0,2,VIIRS_NOAA20_SP;VIIRS_SNPP_SP,N;N20,2,0,0.85,1,0.18642539791234658,dahej_core,,
EVT-DAHEJ-00274,2023-03-04 08:26:00+00:00,2023-03-04 08:26:00+00:00,21.42994,72.89854,21.42994,72.89854,1,3.84,3.84,3.84,,,0.66,0.66,0,0,1,VIIRS_SNPP_SP,N,1,0,0.0,1,0.0,comparison_area,,
EVT-DAHEJ-00275,2023-03-04 08:26:00+00:00,2023-03-04 08:26:00+00:00,21.43983,72.70671,21.43983,72.70671,1,4.92,4.92,4.92,,,0.66,0.66,0,0,1,VIIRS_SNPP_SP,N,1,0,0.0,1,0.0,comparison_area,,
EVT-DAHEJ-00276,2023-03-04 08:26:00+00:00,2023-03-04 08:26:00+00:00,21.49875,72.92228,21.49875,72.92228,1,7.56,7.56,7.56,,,0.33,0.33,0,0,1,VIIRS_SNPP_SP,N,1,0,0.0,1,0.0,comparison_area,,
EVT-DAHEJ-00277,2023-03-04 09:15:00+00:00,2023-03-04 09:15:00+00:00,21.920795,72.707775,21.92059,72.70782,2,7.48,5.965,4.45,2.142533546995239,-0.4050802139037433,0.33,0.33,0,0,1,VIIRS_NOAA20_SP,N20,2,0,0.0,1,0.04652568699102507,dahej_fringe,,
EVT-DAHEJ-00278,2023-03-04 20:03:00+00:00,2023-03-05 08:56:00+00:00,21.924912857142857,72.55529857142857,21.92665,72.55426,7,2.68,1.4628571428571429,2.43,0.8088616339381804,0.9756097560975612,0.66,0.66,0,0,2,VIIRS_NOAA20_SP;VIIRS_SNPP_SP,N;N20,1,6,12.883333333333333,2,0.5831195251575094,dahej_fringe,,
EVT-DAHEJ-00279,2023-03-04 20:55:00+00:00,2023-03-04 21:44:00+00:00,21.9591675,72.55176499999999,21.96073,72.55022,4,1.0,0.5775,1.0,0.31308944408906536,1.9411764705882348,0.66,0.66,0,0,2,VIIRS_NOAA20_SP;VIIRS_SNPP_SP,N;N20,0,4,0.8166666666666667,1,0.40459198898160786,comparison_area,,
EVT-DAHEJ-00280,2023-03-04 20:55:00+00:00,2023-03-04 20:55:00+00:00,22.00084,72.54932,22.00084,72.54932,1,0.24,0.24,0.24,,,0.66,0.66,0,0,1,VIIRS_SNPP_SP,N,0,1,0.0,1,0.0,comparison_area,,
EVT-DAHEJ-00281,2023-03-05 08:07:00+00:00,2023-03-05 08:07:00+00:00,21.35009,72.7837,21.35009,72.7837,1,9.83,9.83,9.83,,,0.66,0.66,0,0,1,VIIRS_SNPP_SP,N,1,0,0.0,1,0.0,comparison_area,,
EVT-DAHEJ-00282,2023-03-05 08:07:00+00:00,2023-03-05 08:07:00+00:00,21.392699999999998,72.67105000000001,21.39087,72.67142,2,3.03,3.03,3.03,0.0,0.0,0.33,0.33,0,0,1,VIIRS_SNPP_SP,N,2,0,0.0,1,0.4141228243394604,comparison_area,,
EVT-DAHEJ-00283,2023-03-05 08:07:00+00:00,2023-03-05 08:07:00+00:00,21.73153,72.80164,21.73153,72.80164,1,7.84,7.84,7.84,,,0.66,0.66,0,0,1,VIIRS_SNPP_SP,N,1,0,0.0,1,0.0,dahej_fringe,,
EVT-DAHEJ-00284,2023-03-05 08:07:00+00:00,2023-03-05 08:07:00+00:00,21.4276,72.69402,21.4276,72.69402,1,3.96,3.96,3.96,,,0.66,0.66,0,0,1,VIIRS_SNPP_SP,N,1,0,0.0,1,0.0,comparison_area,,
EVT-DAHEJ-00285,2023-03-05 08:08:00+00:00,2023-03-05 08:08:00+00:00,21.92612,72.67183,21.92612,72.67183,1,3.3,3.3,3.3,,,0.66,0.66,0,0,1,VIIRS_SNPP_SP,N,1,0,0.0,1,0.0,dahej_fringe,,
EVT-DAHEJ-00286,2023-03-05 20:36:00+00:00,2023-03-05 21:25:00+00:00,21.43381666666667,72.97625666666669,21.43439,72.9761,3,1.03,0.8733333333333334,0.56,0.2713546265191241,-0.45631067961165045,0.66,0.66,0,0,2,VIIRS_NOAA20_SP;VIIRS_SNPP_SP,N;N20,0,3,0.8166666666666667,1,0.401326732789241,comparison_area,,
EVT-DAHEJ-00287,2023-03-05 20:36:00+00:00,2023-03-05 20:36:00+00:00,21.48952,72.73391,21.48952,72.73391,1,1.58,1.58,1.58,,,0.66,0.66,0,0,1,VIIRS_SNPP_SP,N,0,1,0.0,1,0.0,comparison_area,,
EVT-DAHEJ-00288,2023-03-05 20:36:00+00:00,2023-03-05 20:36:00+00:00,21.72814,72.75346,21.72814,72.75346,1,0.37,0.37,0.37,,,0.66,0.66,0,0,1,VIIRS_SNPP_SP,N,0,1,0.0,1,0.0,dahej_fringe,,
EVT-DAHEJ-00289,2023-03-05 20:36:00+00:00,2023-03-05 20:36:00+00:00,21.57386,72.95625,21.57386,72.95625,1,1.4,1.4,1.4,,,0.66,0.66,0,0,1,VIIRS_SNPP_SP,N,0,1,0.0,1,0.0,comparison_area,,
EVT-DAHEJ-00290,2023-03-06 07:49:00+00:00,2023-03-06 08:37:00+00:00,21.7401925,72.61064,21.73936,72.61293,4,14.03,9.5325,14.03,5.313231126160427,2.833333333333333,0.66,0.66,0,0,2,VIIRS_NOAA20_SP;VIIRS_SNPP_SP,N;N20,4,0,0.8,1,0.7367376647035718,dahej_core,,
EVT-DAHEJ-00291,2023-03-06 07:49:00+00:00,2023-03-06 07:49:00+00:00,22.02023,72.72057,22.02023,72.72057,1,14.95,14.95,14.95,,,0.66,0.66,0,0,1,VIIRS_SNPP_SP,N,1,0,0.0,1,0.0,comparison_area,,
EVT-DAHEJ-00292,2023-03-06 07:49:00+00:00,2023-03-06 07:49:00+00:00,21.82482,72.65887,21.82482,72.65887,1,4.13,4.13,4.13,,,0.66,0.66,0,0,1,VIIRS_SNPP_SP,N,1,0,0.0,1,0.0,dahej_core,,
EVT-DAHEJ-00293,2023-03-06 21:06:00+00:00,2023-03-06 21:06:00+00:00,21.68251,72.53406,21.68251,72.53406,1,1.11,1.11,1.11,,,0.66,0.66,0,0,1,VIIRS_NOAA20_SP,N20,0,1,0.0,1,0.0,dahej_core,,
EVT-DAHEJ-00294,2023-03-07 07:30:00+00:00,2023-03-07 08:18:00+00:00,21.549516666666666,72.82939666666665,21.5508,72.83058,3,5.02,4.68,5.02,0.3994996871087633,0.050209205020920356,0.66,0.55,0,0,2,VIIRS_NOAA20_SP;VIIRS_SNPP_SP,N;N20,3,0,0.8,1,0.4025418886713118,dahej_fringe,,
EVT-DAHEJ-00295,2023-03-07 08:18:00+00:00,2023-03-07 08:18:00+00:00,21.42945,72.92632,21.42945,72.92632,1,3.12,3.12,3.12,,,0.66,0.66,0,0,1,VIIRS_NOAA20_SP,N20,1,0,0.0,1,0.0,comparison_area,,
EVT-DAHEJ-00296,2023-03-07 08:18:00+00:00,2023-03-07 08:18:00+00:00,21.499290000000002,72.74968999999999,21.50065,72.74756,2,4.14,2.5149999999999997,0.89,2.298097038856279,-0.7850241545893719,0.33,0.33,0,0,1,VIIRS_NOAA20_SP,N20,2,0,0.0,1,0.5345293418556337,comparison_area,,
EVT-DAHEJ-00297,2023-03-07 08:19:00+00:00,2023-03-07 08:19:00+00:00,21.81926,72.92155,21.81926,72.92155,1,4.34,4.34,4.34,,,0.66,0.66,0,0,1,VIIRS_NOAA20_SP,N20,1,0,0.0,1,0.0,comparison_area,,
EVT-DAHEJ-00298,2023-03-07 08:19:00+00:00,2023-03-07 08:19:00+00:00,22.08357,72.63945000000001,22.08192,72.63974,2,8.49,6.365,4.24,3.005203820042827,-0.5005889281507656,0.66,0.495,0,0,1,VIIRS_NOAA20_SP,N20,2,0,0.0,1,0.37177841188970095,comparison_area,,
EVT-DAHEJ-00299,2023-03-07 19:59:00+00:00,2023-03-07 21:39:00+00:00,21.69,72.67418500000001,21.68631,72.67458,6,2.61,1.585,2.61,0.5915319095365862,0.7876712328767123,0.66,0.66,0,0,2,VIIRS_NOAA20_SP;VIIRS_SNPP_SP,N;N20,0,6,1.6666666666666667,1,0.7616926066021017,dahej_core,,
EVT-DAHEJ-00300,2023-03-08 08:00:00+00:00,2023-03-08 08:00:00+00:00,21.44377,72.96862,21.44377,72.96862,1,6.76,6.76,6.76,,,0.66,0.66,0,0,1,VIIRS_NOAA20_SP,N20,1,0,0.0,1,0.0,comparison_area,,
EVT-DAHEJ-00301,2023-03-08 08:51:00+00:00,2023-03-08 08:51:00+00:00,21.43445,72.70493,21.43445,72.70493,1,6.24,6.24,6.24,,,0.66,0.66,0,0,1,VIIRS_SNPP_SP,N,1,0,0.0,1,0.0,comparison_area,,
EVT-DAHEJ-00302,2023-03-08 08:51:00+00:00,2023-03-08 08:51:00+00:00,21.568495,72.94819,21.568,72.94959,2,5.0,3.48,1.96,2.1496046148071044,-0.608,0.33,0.33,0,0,1,VIIRS_SNPP_SP,N,2,0,0.0,1,0.30976575168058357,comparison_area,,
EVT-DAHEJ-00303,2023-03-08 08:52:00+00:00,2023-03-08 08:52:00+00:00,21.71956,72.718165,21.72189,72.71788,2,6.52,6.52,6.52,0.0,0.0,0.66,0.66,0,0,1,VIIRS_SNPP_SP,N,2,0,0.0,1,0.5215038098178356,dahej_core,,
EVT-DAHEJ-00304,2023-03-08 20:28:00+00:00,2023-03-08 21:20:00+00:00,22.033955,72.806595,22.03413,72.80612,2,1.3,1.24,1.3,0.08485281374238578,0.10169491525423738,0.66,0.66,0,0,2,VIIRS_NOAA20_SP;VIIRS_SNPP_SP,N;N20,0,2,0.8666666666666667,1,0.1053704858348146,comparison_area,,
EVT-DAHEJ-00305,2023-03-08 20:29:00+00:00,2023-03-08 20:29:00+00:00,21.49809,72.8147,21.49809,72.8147,1,0.48,0.48,0.48,,,0.66,0.66,0,0,1,VIIRS_NOAA20_SP,N20,0,1,0.0,1,0.0,comparison_area,,
EVT-DAHEJ-00306,2023-03-09 07:41:00+00:00,2023-03-09 08:33:00+00:00,21.51569333333333,72.95648666666666,21.5127,72.95674,3,24.83,17.503333333333334,24.83,12.690158916787974,7.712280701754385,0.66,0.66,0,2,2,VIIRS_NOAA20_SP;VIIRS_SNPP_SP,N;N20,3,0,0.8666666666666667,1,0.7004281178825204,comparison_area,,
EVT-DAHEJ-00307,2023-03-09 07:41:00+00:00,2023-03-09 07:41:00+00:00,21.43792,72.7142,21.43792,72.7142,1,4.98,4.98,4.98,,,0.66,0.66,0,0,1,VIIRS_NOAA20_SP,N20,1,0,0.0,1,0.0,comparison_area,,
EVT-DAHEJ-00308,2023-03-09 08:33:00+00:00,2023-03-09 08:33:00+00:00,21.83,72.8635,21.83,72.8635,1,5.94,5.94,5.94,,,0.33,0.33,0,0,1,VIIRS_SNPP_SP,N,1,0,0.0,1,0.0,comparison_area,,
EVT-DAHEJ-00309,2023-03-10 08:14:00+00:00,2023-03-10 08:14:00+00:00,21.62125,72.85101,21.62125,72.85101,1,2.86,2.86,2.86,,,0.66,0.66,0,0,1,VIIRS_SNPP_SP,N,1,0,0.0,1,0.0,comparison_area,,
EVT-DAHEJ-00310,2023-03-10 08:14:00+00:00,2023-03-10 08:14:00+00:00,21.82703,72.65462,21.82703,72.65462,1,7.06,7.06,7.06,,,0.66,0.66,0,0,1,VIIRS_SNPP_SP,N,1,0,0.0,1,0.0,dahej_core,,
EVT-DAHEJ-00311,2023-03-10 08:14:00+00:00,2023-03-10 09:02:00+00:00,21.43287,72.82189,21.4344,72.82084,2,5.64,4.07,2.5,2.220315292925759,-0.5567375886524822,0.66,0.495,0,0,2,VIIRS_NOAA20_SP;VIIRS_SNPP_SP,N;N20,2,0,0.8,1,0.40375842105691784,comparison_area,,
EVT-DAHEJ-00312,2023-03-10 08:14:00+00:00,2023-03-10 09:03:00+00:00,21.709645000000002,72.68066,21.7124,72.68026,2,26.96,17.07,7.18,13.986572131869911,-0.733679525222552,0.66,0.495,0,1,2,VIIRS_NOAA20_SP;VIIRS_SNPP_SP,N;N20,2,0,0.8166666666666667,1,0.6182339450496104,dahej_core,,
EVT-DAHEJ-00313,2023-03-10 08:14:00+00:00,2023-03-10 08:14:00+00:00,21.4086,72.81348,21.4086,72.81348,1,4.72,4.72,4.72,,,0.33,0.33,0,0,1,VIIRS_SNPP_SP,N,1,0,0.0,1,0.0,comparison_area,,
EVT-DAHEJ-00314,2023-03-10 09:03:00+00:00,2023-03-10 09:03:00+00:00,21.743949999999998,72.614425,21.74679,72.61415,2,2.93,1.98,1.03,1.3435028842544403,-0.6484641638225256,0.66,0.495,0,0,1,VIIRS_NOAA20_SP,N20,2,0,0.0,1,0.6341375081070237,dahej_core,,
EVT-DAHEJ-00315,2023-03-10 09:03:00+00:00,2023-03-10 09:03:00+00:00,21.56442,72.80587,21.56442,72.80587,1,3.96,3.96,3.96,,,0.66,0.66,0,0,1,VIIRS_NOAA20_SP,N20,1,0,0.0,1,0.0,dahej_fringe,,
EVT-DAHEJ-00316,2023-03-10 19:51:00+00:00,2023-03-10 19:51:00+00:00,21.690185,72.64209,21.69226,72.64155,2,0.93,0.905,0.88,0.03535533905932741,-0.053763440860215096,0.66,0.66,0,0,1,VIIRS_NOAA20_SP,N20,0,2,0.0,1,0.4747597053855747,dahej_core,,
EVT-DAHEJ-00317,2023-03-10 20:43:00+00:00,2023-03-10 20:43:00+00:00,21.600355,72.90887000000001,21.60007,72.9108,2,0.79,0.79,0.79,0.0,0.0,0.66,0.66,0,0,1,VIIRS_SNPP_SP,N,0,2,0.0,1,0.4040729965685966,comparison_area,,
EVT-DAHEJ-00318,2023-03-10 20:43:00+00:00,2023-03-10 20:43:00+00:00,21.92503,72.66705,21.92503,72.66705,1,0.94,0.94,0.94,,,0.66,0.66,0,0,1,VIIRS_SNPP_SP,N,0,1,0.0,1,0.0,dahej_fringe,,
EVT-DAHEJ-00319,2023-03-10 20:43:00+00:00,2023-03-10 20:43:00+00:00,21.43338,72.97792,21.43338,72.97792,1,0.49,0.49,0.49,,,0.66,0.66,0,0,1,VIIRS_SNPP_SP,N,0,1,0.0,1,0.0,comparison_area,,
EVT-DAHEJ-00320,2023-03-11 07:55:00+00:00,2023-03-11 08:44:00+00:00,21.501702,72.714582,21.50342,72.71096,5,15.44,9.059999999999999,15.44,3.60210355209286,1.2183908045977012,1.0,0.728,1,0,2,VIIRS_NOAA20_SP;VIIRS_SNPP_SP,N;N20,5,0,0.8166666666666667,1,0.7520191519477069,dahej_fringe,,
EVT-DAHEJ-00321,2023-03-11 07:55:00+00:00,2023-03-11 07:55:00+00:00,22.085676666666668,72.71330666666667,22.08826,72.71118,3,8.22,6.263333333333333,6.58,2.132705636822235,0.6491228070175438,0.66,0.44,0,0,1,VIIRS_SNPP_SP,N,3,0,0.0,1,0.6762638934049078,comparison_area,,
EVT-DAHEJ-00322,2023-03-11 07:55:00+00:00,2023-03-11 20:24:00+00:00,21.859002500000003,72.65709,21.85974,72.65676,8,38.65,14.82875,0.42,10.967220558815905,-0.9750889679715301,1.0,0.6200000000000001,1,1,2,VIIRS_NOAA20_SP;VIIRS_SNPP_SP,N;N20,7,1,12.483333333333333,1,0.6408400347097251,dahej_fringe,,
EVT-DAHEJ-00323,2023-03-11 07:55:00+00:00,2023-03-11 07:55:00+00:00,21.81248,72.7634,21.81248,72.7634,1,3.81,3.81,3.81,,,0.66,0.66,0,0,1,VIIRS_SNPP_SP,N,1,0,0.0,1,0.0,dahej_fringe,,
EVT-DAHEJ-00324,2023-03-11 08:44:00+00:00,2023-03-11 08:44:00+00:00,21.7686,72.6434,21.7686,72.6434,1,16.21,16.21,16.21,,,0.66,0.66,0,0,1,VIIRS_NOAA20_SP,N20,1,0,0.0,1,0.0,dahej_core,,
EVT-DAHEJ-00325,2023-03-11 08:44:00+00:00,2023-03-11 08:44:00+00:00,22.07726,72.71699,22.07726,72.71699,1,5.88,5.88,5.88,,,0.33,0.33,0,0,1,VIIRS_NOAA20_SP,N20,1,0,0.0,1,0.0,comparison_area,,
EVT-DAHEJ-00326,2023-03-12 07:36:00+00:00,2023-03-12 07:36:00+00:00,21.70112,72.65257333333334,21.70008,72.64804,3,30.24,28.213333333333335,27.2,1.755144818336462,-0.10052910052910051,1.0,0.7733333333333334,1,3,1,VIIRS_SNPP_SP,N,3,0,0.0,1,0.964177598485027,dahej_core,,
EVT-DAHEJ-00327,2023-03-12 07:36:00+00:00,2023-03-12 07:36:00+00:00,21.699765,72.660105,21.69633,72.6586,2,9.44,8.934999999999999,8.43,0.7141778489984129,-0.10699152542372879,0.66,0.66,0,0,1,VIIRS_SNPP_SP,N,2,0,0.0,1,0.8247826781670703,dahej_core,,
EVT-DAHEJ-00328,2023-03-12 20:54:00+00:00,2023-03-12 20:54:00+00:00,21.38136,72.83008,21.38136,72.83008,1,1.56,1.56,1.56,,,0.66,0.66,0,0,1,VIIRS_NOAA20_SP,N20,0,1,0.0,1,0.0,comparison_area,,
EVT-DAHEJ-00329,2023-03-12 20:54:00+00:00,2023-03-12 20:54:00+00:00,21.43154,72.97487,21.43154,72.97487,1,0.74,0.74,0.74,,,0.66,0.66,0,0,1,VIIRS_NOAA20_SP,N20,0,1,0.0,1,0.0,comparison_area,,
EVT-DAHEJ-00330,2023-03-12 20:54:00+00:00,2023-03-12 20:54:00+00:00,21.74666,72.77793,21.74666,72.77793,1,0.68,0.68,0.68,,,0.66,0.66,0,0,1,VIIRS_NOAA20_SP,N20,0,1,0.0,1,0.0,dahej_fringe,,
EVT-DAHEJ-00331,2023-03-13 08:06:00+00:00,2023-03-13 08:06:00+00:00,21.42382,72.93317,21.42382,72.93317,1,4.21,4.21,4.21,,,0.66,0.66,0,0,1,VIIRS_NOAA20_SP,N20,1,0,0.0,1,0.0,comparison_area,,
EVT-DAHEJ-00332,2023-03-13 08:58:00+00:00,2023-03-13 08:58:00+00:00,21.72345,72.76429,21.72345,72.76429,1,2.43,2.43,2.43,,,0.66,0.66,0,0,1,VIIRS_SNPP_SP,N,1,0,0.0,1,0.0,dahej_fringe,,
EVT-DAHEJ-00333,2023-03-13 08:58:00+00:00,2023-03-13 08:58:00+00:00,21.351835,72.86604,21.352,72.8677,2,2.61,2.61,2.61,0.0,0.0,0.66,0.66,0,0,1,VIIRS_SNPP_SP,N,2,0,0.0,1,0.34578133535007993,comparison_area,,
EVT-DAHEJ-00334,2023-03-13 21:27:00+00:00,2023-03-13 21:27:00+00:00,22.079659999999997,72.57508,22.07876,72.57471,2,0.62,0.585,0.55,0.04949747468305829,-0.11290322580645154,0.66,0.66,0,0,1,VIIRS_SNPP_SP,N,0,2,0.0,1,0.21418336208960564,comparison_area,,
EVT-DAHEJ-00335,2023-03-14 07:47:00+00:00,2023-03-14 07:47:00+00:00,21.79661,72.69318,21.79661,72.69318,1,2.22,2.22,2.22,,,0.33,0.33,0,0,1,VIIRS_NOAA20_SP,N20,1,0,0.0,1,0.0,dahej_core,,
EVT-DAHEJ-00336,2023-03-14 07:47:00+00:00,2023-03-14 07:47:00+00:00,21.91764,72.72515,21.91764,72.72515,1,6.1,6.1,6.1,,,0.33,0.33,0,0,1,VIIRS_NOAA20_SP,N20,1,0,0.0,1,0.0,dahej_fringe,,
EVT-DAHEJ-00337,2023-03-14 08:39:00+00:00,2023-03-14 08:39:00+00:00,21.92396,72.79448,21.92396,72.79448,1,8.86,8.86,8.86,,,0.66,0.66,0,0,1,VIIRS_SNPP_SP,N,1,0,0.0,1,0.0,dahej_fringe,,
EVT-DAHEJ-00338,2023-03-14 08:39:00+00:00,2023-03-14 08:39:00+00:00,21.87171,72.67606,21.87171,72.67606,1,8.45,8.45,8.45,,,0.33,0.33,0,0,1,VIIRS_SNPP_SP,N,1,0,0.0,1,0.0,dahej_fringe,,
EVT-DAHEJ-00339,2023-03-15 19:57:00+00:00,2023-03-15 21:38:00+00:00,21.684795,72.533745,21.68452,72.53181,2,2.05,1.49,2.05,0.7919595949289331,1.2043010752688168,0.66,0.66,0,0,1,VIIRS_NOAA20_SP,N20,0,2,1.6833333333333333,1,0.4045208885682166,dahej_core,,
EVT-DAHEJ-00340,2023-03-16 08:01:00+00:00,2023-03-16 08:01:00+00:00,21.609,72.89135,21.609,72.89135,1,3.05,3.05,3.05,,,0.66,0.66,0,0,1,VIIRS_SNPP_SP,N,1,0,0.0,1,0.0,comparison_area,,
EVT-DAHEJ-00341,2023-03-17 07:43:00+00:00,2023-03-17 07:43:00+00:00,21.548434999999998,72.911795,21.55106,72.91116,2,2.98,2.98,2.98,0.0,0.0,0.66,0.66,0,0,1,VIIRS_SNPP_SP,N,2,0,0.0,1,0.5983681939109924,comparison_area,,
EVT-DAHEJ-00342,2023-03-17 07:43:00+00:00,2023-03-17 07:43:00+00:00,21.53984,72.93587,21.53984,72.93587,1,2.93,2.93,2.93,,,0.66,0.66,0,0,1,VIIRS_SNPP_SP,N,1,0,0.0,1,0.0,comparison_area,,
EVT-DAHEJ-00343,2023-03-17 08:31:00+00:00,2023-03-17 08:31:00+00:00,21.68262,72.65658,21.68262,72.65658,1,1.44,1.44,1.44,,,0.33,0.33,0,0,1,VIIRS_NOAA20_SP,N20,1,0,0.0,1,0.0,dahej_core,,
EVT-DAHEJ-00344,2023-03-17 20:11:00+00:00,2023-03-17 20:11:00+00:00,21.90604,72.7534,21.9052,72.75167,3,3.49,2.266666666666667,3.49,1.0603930089044031,1.1677018633540373,0.66,0.66,0,0,1,VIIRS_SNPP_SP,N,0,3,0.0,1,0.3743475112554785,dahej_fringe,,
EVT-DAHEJ-00345,2023-03-18 08:12:00+00:00,2023-03-18 08:12:00+00:00,21.703435,72.68108000000001,21.70174,72.6814,2,7.03,5.805,4.58,1.7324116139070416,-0.3485064011379801,0.66,0.66,0,0,1,VIIRS_NOAA20_SP,N20,2,0,0.0,1,0.38270635484491866,dahej_core,,
EVT-DAHEJ-00346,2023-03-18 20:41:00+00:00,2023-03-18 20:41:00+00:00,21.68465,72.53545,21.68465,72.53545,1,2.36,2.36,2.36,,,0.66,0.66,0,0,1,VIIRS_NOAA20_SP,N20,0,1,0.0,1,0.0,dahej_core,,
EVT-DAHEJ-00347,2023-03-18 21:33:00+00:00,2023-03-19 20:22:00+00:00,21.906190000000002,72.757515,21.90654,72.7597,2,0.48,0.35,0.22,0.18384776310850234,-0.5416666666666667,0.66,0.66,0,0,2,VIIRS_NOAA20_SP;VIIRS_SNPP_SP,N;N20,0,2,22.816666666666666,2,0.45750679366240493,dahej_fringe,,
EVT-DAHEJ-00348,2023-03-19 07:54:00+00:00,2023-03-19 07:54:00+00:00,21.795185,72.677085,21.79457,72.67712,2,4.85,4.505,4.85,0.48790367901871745,0.1658653846153845,0.66,0.66,0,0,1,VIIRS_NOAA20_SP,N20,2,0,0.0,1,0.13696076848854816,dahej_core,,
EVT-DAHEJ-00349,2023-03-19 07:54:00+00:00,2023-03-19 07:54:00+00:00,21.7051,72.87458,21.7051,72.87458,1,2.96,2.96,2.96,,,0.33,0.33,0,0,1,VIIRS_NOAA20_SP,N20,1,0,0.0,1,0.0,comparison_area,,
EVT-DAHEJ-00350,2023-03-19 07:54:00+00:00,2023-03-19 07:54:00+00:00,21.84847,72.73933,21.84847,72.73933,1,3.08,3.08,3.08,,,0.66,0.66,0,0,1,VIIRS_NOAA20_SP,N20,1,0,0.0,1,0.0,dahej_core,,
EVT-DAHEJ-00351,2023-03-19 08:45:00+00:00,2023-03-19 08:45:00+00:00,21.64503,72.94427,21.64503,72.94427,1,5.88,5.88,5.88,,,0.66,0.66,0,0,1,VIIRS_SNPP_SP,N,1,0,0.0,1,0.0,comparison_area,,
EVT-DAHEJ-00352,2023-03-19 08:46:00+00:00,2023-03-19 08:46:00+00:00,21.69648,72.65443,21.69648,72.65443,1,4.37,4.37,4.37,,,0.66,0.66,0,0,1,VIIRS_SNPP_SP,N,1,0,0.0,1,0.0,dahej_core,,
EVT-DAHEJ-00353,2023-03-19 08:46:00+00:00,2023-03-19 08:46:00+00:00,21.74824333333333,72.6952,21.74854,72.69756,3,4.81,2.91,4.81,1.6454482671904334,1.454081632653061,0.66,0.44,0,0,1,VIIRS_SNPP_SP,N,3,0,0.0,1,0.4291315655826152,dahej_core,,
EVT-DAHEJ-00354,2023-03-19 08:46:00+00:00,2023-03-19 08:46:00+00:00,21.82336,72.68047,21.82336,72.68047,1,5.12,5.12,5.12,,,0.66,0.66,0,0,1,VIIRS_SNPP_SP,N,1,0,0.0,1,0.0,dahej_core,,
EVT-DAHEJ-00355,2023-03-20 07:35:00+00:00,2023-03-20 07:35:00+00:00,21.8253,72.72355,21.8253,72.72355,1,1.86,1.86,1.86,,,0.33,0.33,0,0,1,VIIRS_NOAA20_SP,N20,1,0,0.0,1,0.0,dahej_core,,
EVT-DAHEJ-00356,2023-03-20 08:27:00+00:00,2023-03-20 08:27:00+00:00,21.54999,72.78809,21.54999,72.78809,1,1.64,1.64,1.64,,,0.66,0.66,0,0,1,VIIRS_SNPP_SP,N,1,0,0.0,1,0.0,dahej_fringe,,
EVT-DAHEJ-00357,2023-03-21 08:56:00+00:00,2023-03-21 08:56:00+00:00,22.04914,72.71213499999999,22.04897,72.71046,2,7.1,6.619999999999999,6.14,0.6788225099390857,-0.13521126760563382,0.66,0.66,0,0,1,VIIRS_NOAA20_SP,N20,2,0,0.0,1,0.34732319366179343,comparison_area,,
EVT-DAHEJ-00358,2023-03-22 07:49:00+00:00,2023-03-22 07:49:00+00:00,21.96826,72.66829,21.96826,72.66829,1,3.27,3.27,3.27,,,0.33,0.33,0,0,1,VIIRS_SNPP_SP,N,1,0,0.0,1,0.0,comparison_area,,
EVT-DAHEJ-00359,2023-03-22 08:37:00+00:00,2023-03-22 08:37:00+00:00,21.43104,72.90989,21.43104,72.90989,1,1.81,1.81,1.81,,,0.33,0.33,0,0,1,VIIRS_NOAA20_SP,N20,1,0,0.0,1,0.0,comparison_area,,
EVT-DAHEJ-00360,2023-03-22 08:38:00+00:00,2023-03-22 08:38:00+00:00,21.76269,72.73425,21.76207,72.73316,2,6.59,6.305,6.59,0.40305086527633227,0.09468438538205985,0.33,0.33,0,0,1,VIIRS_NOAA20_SP,N20,2,0,0.0,1,0.26399664839909764,dahej_core,,
EVT-DAHEJ-00361,2023-03-22 08:38:00+00:00,2023-03-22 08:38:00+00:00,22.0795,72.62345,22.0795,72.62345,1,1.93,1.93,1.93,,,0.33,0.33,0,0,1,VIIRS_NOAA20_SP,N20,1,0,0.0,1,0.0,comparison_area,,
EVT-DAHEJ-00362,2023-03-23 07:30:00+00:00,2023-03-23 08:19:00+00:00,21.812910000000002,72.6389,21.81355,72.63843,2,6.67,5.175,6.67,2.1142492757477767,0.8124999999999999,0.66,0.495,0,0,2,VIIRS_NOAA20_SP;VIIRS_SNPP_SP,N;N20,2,0,0.8166666666666667,1,0.17226274203810513,dahej_core,,
EVT-DAHEJ-00363,2023-03-23 08:19:00+00:00,2023-03-23 08:19:00+00:00,21.9194,72.67327,21.9194,72.67327,1,3.92,3.92,3.92,,,0.33,0.33,0,0,1,VIIRS_NOAA20_SP,N20,1,0,0.0,1,0.0,dahej_fringe,,
EVT-DAHEJ-00364,2023-03-23 08:19:00+00:00,2023-03-23 08:19:00+00:00,21.71325,72.72506,21.71325,72.72506,1,4.3,4.3,4.3,,,0.66,0.66,0,0,1,VIIRS_NOAA20_SP,N20,1,0,0.0,1,0.0,dahej_core,,
EVT-DAHEJ-00365,2023-03-24 08:00:00+00:00,2023-03-24 08:00:00+00:00,21.56376,72.88622,21.56376,72.88622,1,8.11,8.11,8.11,,,0.33,0.33,0,0,1,VIIRS_NOAA20_SP,N20,1,0,0.0,1,0.0,comparison_area,,
EVT-DAHEJ-00366,2023-03-24 08:00:00+00:00,2023-03-24 08:00:00+00:00,21.55194,72.80028,21.55194,72.80028,1,6.31,6.31,6.31,,,0.66,0.66,0,0,1,VIIRS_NOAA20_SP,N20,1,0,0.0,1,0.0,dahej_fringe,,
EVT-DAHEJ-00367,2023-03-24 08:52:00+00:00,2023-03-24 08:52:00+00:00,22.05851,72.55006,22.05851,72.55006,1,18.97,18.97,18.97,,,1.0,1.0,1,0,1,VIIRS_SNPP_SP,N,1,0,0.0,1,0.0,comparison_area,,
EVT-DAHEJ-00368,2023-03-24 08:52:00+00:00,2023-03-24 08:52:00+00:00,21.79211,72.91916,21.79211,72.91916,1,5.42,5.42,5.42,,,0.66,0.66,0,0,1,VIIRS_SNPP_SP,N,1,0,0.0,1,0.0,comparison_area,,
EVT-DAHEJ-00369,2023-03-25 07:41:00+00:00,2023-03-25 07:41:00+00:00,21.73683,72.95742,21.73683,72.95742,1,0.51,0.51,0.51,,,0.33,0.33,0,0,1,VIIRS_NOAA20_SP,N20,1,0,0.0,1,0.0,comparison_area,,
EVT-DAHEJ-00370,2023-03-25 07:41:00+00:00,2023-03-25 07:41:00+00:00,21.59789,72.92072,21.59789,72.92072,1,4.18,4.18,4.18,,,0.66,0.66,0,0,1,VIIRS_NOAA20_SP,N20,1,0,0.0,1,0.0,comparison_area,,
EVT-DAHEJ-00371,2023-03-25 07:41:00+00:00,2023-03-25 08:33:00+00:00,21.73419,72.77891666666666,21.73177,72.78192,3,13.43,8.853333333333333,13.43,4.949811444220207,2.7305555555555556,0.66,0.5499999999999999,0,0,2,VIIRS_NOAA20_SP;VIIRS_SNPP_SP,N;N20,3,0,0.8666666666666667,1,0.7773743703080248,dahej_fringe,,
EVT-DAHEJ-00372,2023-03-25 07:41:00+00:00,2023-03-25 07:41:00+00:00,21.5063,72.77534,21.5063,72.77534,1,3.9,3.9,3.9,,,0.66,0.66,0,0,1,VIIRS_NOAA20_SP,N20,1,0,0.0,1,0.0,dahej_fringe,,
EVT-DAHEJ-00373,2023-03-25 07:41:00+00:00,2023-03-25 08:33:00+00:00,21.398870000000002,72.67598000000001,21.39799,72.67574,2,7.25,5.165,7.25,2.948635277547903,1.353896103896104,0.66,0.495,0,0,2,VIIRS_NOAA20_SP;VIIRS_SNPP_SP,N;N20,2,0,0.8666666666666667,1,0.20191412363824993,comparison_area,,
EVT-DAHEJ-00374,2023-03-25 07:41:00+00:00,2023-03-25 07:41:00+00:00,21.79865,72.8129,21.79865,72.8129,1,1.23,1.23,1.23,,,0.33,0.33,0,0,1,VIIRS_NOAA20_SP,N20,1,0,0.0,1,0.0,dahej_fringe,,
EVT-DAHEJ-00375,2023-03-25 07:41:00+00:00,2023-03-25 07:41:00+00:00,21.590155,72.987075,21.59056,72.987,2,2.98,2.81,2.64,0.24041630560342606,-0.11409395973154357,0.66,0.66,0,0,1,VIIRS_NOAA20_SP,N20,2,0,0.0,1,0.09139353182575358,comparison_area,,
EVT-DAHEJ-00376,2023-03-25 08:33:00+00:00,2023-03-25 08:33:00+00:00,21.43247,72.9436,21.43247,72.9436,1,7.46,7.46,7.46,,,0.66,0.66,0,0,1,VIIRS_SNPP_SP,N,1,0,0.0,1,0.0,comparison_area,,
EVT-DAHEJ-00377,2023-03-25 08:33:00+00:00,2023-03-25 08:33:00+00:00,21.92686,72.85528,21.92686,72.85528,1,8.11,8.11,8.11,,,0.66,0.66,0,0,1,VIIRS_SNPP_SP,N,1,0,0.0,1,0.0,comparison_area,,
EVT-DAHEJ-00378,2023-03-25 08:33:00+00:00,2023-03-25 08:33:00+00:00,21.63785,72.94905,21.63785,72.94905,1,6.05,6.05,6.05,,,0.66,0.66,0,0,1,VIIRS_SNPP_SP,N,1,0,0.0,1,0.0,comparison_area,,
EVT-DAHEJ-00379,2023-03-25 08:33:00+00:00,2023-03-25 08:33:00+00:00,21.83516,72.68015,21.83516,72.68015,1,8.73,8.73,8.73,,,0.66,0.66,0,0,1,VIIRS_SNPP_SP,N,1,0,0.0,1,0.0,dahej_core,,
EVT-DAHEJ-00380,2023-03-25 20:10:00+00:00,2023-03-26 09:03:00+00:00,21.92636166666667,72.71147333333333,21.92748,72.71118,6,11.04,5.651666666666666,8.96,4.435368830961712,28.866666666666667,1.0,0.7733333333333334,2,0,2,VIIRS_NOAA20_SP;VIIRS_SNPP_SP,N;N20,4,2,12.883333333333333,2,0.4633813244702597,dahej_fringe,,
EVT-DAHEJ-00381,2023-03-25 21:02:00+00:00,2023-03-25 21:02:00+00:00,21.97973,72.87044,21.97973,72.87044,1,0.43,0.43,0.43,,,0.66,0.66,0,0,1,VIIRS_SNPP_SP,N,0,1,0.0,1,0.0,comparison_area,,
EVT-DAHEJ-00382,2023-03-25 21:02:00+00:00,2023-03-25 21:02:00+00:00,21.6087,72.97675,21.6087,72.97675,1,0.49,0.49,0.49,,,0.66,0.66,0,0,1,VIIRS_SNPP_SP,N,0,1,0.0,1,0.0,comparison_area,,
EVT-DAHEJ-00383,2023-03-26 08:14:00+00:00,2023-03-26 08:14:00+00:00,21.38512,72.83659,21.38512,72.83659,1,4.65,4.65,4.65,,,0.33,0.33,0,0,1,VIIRS_SNPP_SP,N,1,0,0.0,1,0.0,comparison_area,,
EVT-DAHEJ-00384,2023-03-26 08:14:00+00:00,2023-03-26 08:14:00+00:00,21.491175,72.74798,21.49288,72.74766,2,27.82,27.82,27.82,0.0,0.0,0.66,0.66,0,2,1,VIIRS_SNPP_SP,N,2,0,0.0,1,0.38491368793452013,comparison_area,,
EVT-DAHEJ-00385,2023-03-26 08:14:00+00:00,2023-03-26 09:03:00+00:00,22.057765,72.91852,22.05964,72.91695,4,18.29,11.125,18.29,7.885719159763849,3.253488372093023,1.0,0.6625,1,0,2,VIIRS_NOAA20_SP;VIIRS_SNPP_SP,N;N20,4,0,0.8166666666666667,1,0.5571491446944431,comparison_area,,
EVT-DAHEJ-00386,2023-03-26 08:14:00+00:00,2023-03-26 08:14:00+00:00,22.008519999999997,72.60308,22.00839,72.60329,2,10.25,9.915,9.58,0.4737615433949868,-0.06536585365853657,0.66,0.66,0,0,1,VIIRS_SNPP_SP,N,2,0,0.0,1,0.0520634728217546,comparison_area,,
EVT-DAHEJ-00387,2023-03-26 08:14:00+00:00,2023-03-26 08:14:00+00:00,21.42328,72.74844,21.42328,72.74844,1,4.75,4.75,4.75,,,0.33,0.33,0,0,1,VIIRS_SNPP_SP,N,1,0,0.0,1,0.0,comparison_area,,
EVT-DAHEJ-00388,2023-03-26 08:14:00+00:00,2023-03-26 08:14:00+00:00,21.73135,72.72758,21.73135,72.72758,1,4.64,4.64,4.64,,,0.33,0.33,0,0,1,VIIRS_SNPP_SP,N,1,0,0.0,1,0.0,dahej_core,,
EVT-DAHEJ-00389,2023-03-26 08:14:00+00:00,2023-03-26 08:14:00+00:00,21.57276,72.87043,21.57276,72.87043,1,2.16,2.16,2.16,,,0.33,0.33,0,0,1,VIIRS_SNPP_SP,N,1,0,0.0,1,0.0,comparison_area,,
EVT-DAHEJ-00390,2023-03-26 08:14:00+00:00,2023-03-26 08:14:00+00:00,21.94402,72.97865,21.94402,72.97865,1,2.36,2.36,2.36,,,0.33,0.33,0,0,1,VIIRS_SNPP_SP,N,1,0,0.0,1,0.0,comparison_area,,
EVT-DAHEJ-00391,2023-03-26 09:03:00+00:00,2023-03-26 09:03:00+00:00,22.03995,72.72256,22.03995,72.72256,1,1.63,1.63,1.63,,,0.66,0.66,0,0,1,VIIRS_NOAA20_SP,N20,1,0,0.0,1,0.0,comparison_area,,
EVT-DAHEJ-00392,2023-03-26 09:03:00+00:00,2023-03-26 09:03:00+00:00,22.02997,72.74075,22.02997,72.74075,1,5.96,5.96,5.96,,,0.66,0.66,0,0,1,VIIRS_NOAA20_SP,N20,1,0,0.0,1,0.0,comparison_area,,
EVT-DAHEJ-00393,2023-03-26 09:03:00+00:00,2023-03-26 09:03:00+00:00,21.84095,72.86093,21.84095,72.86093,1,1.84,1.84,1.84,,,0.33,0.33,0,0,1,VIIRS_NOAA20_SP,N20,1,0,0.0,1,0.0,comparison_area,,
EVT-DAHEJ-00394,2023-03-26 09:03:00+00:00,2023-03-26 09:03:00+00:00,21.73667,72.87798,21.73667,72.87798,1,3.07,3.07,3.07,,,0.33,0.33,0,0,1,VIIRS_NOAA20_SP,N20,1,0,0.0,1,0.0,comparison_area,,
EVT-DAHEJ-00395,2023-03-26 20:43:00+00:00,2023-03-26 20:43:00+00:00,21.43061,72.97591,21.43061,72.97591,1,0.77,0.77,0.77,,,0.66,0.66,0,0,1,VIIRS_SNPP_SP,N,0,1,0.0,1,0.0,comparison_area,,
EVT-DAHEJ-00396,2023-03-27 07:55:00+00:00,2023-03-27 07:55:00+00:00,21.76332,72.67039,21.76332,72.67039,1,4.2,4.2,4.2,,,0.66,0.66,0,0,1,VIIRS_SNPP_SP,N,1,0,0.0,1,0.0,dahej_core,,
EVT-DAHEJ-00397,2023-03-27 07:55:00+00:00,2023-03-27 07:55:00+00:00,21.51298,72.93270000000001,21.51555,72.93442,2,6.16,4.98,3.8,1.6687720036002522,-0.38311688311688313,0.66,0.495,0,0,1,VIIRS_SNPP_SP,N,2,0,0.0,1,0.6732753740901652,comparison_area,,
EVT-DAHEJ-00398,2023-03-27 07:55:00+00:00,2023-03-27 08:44:00+00:00,21.7435175,72.5995125,21.74477,72.59875,4,25.34,13.8225,12.37,7.8823574096416955,-0.5118389897395422,1.0,0.8300000000000001,2,1,2,VIIRS_NOAA20_SP;VIIRS_SNPP_SP,N;N20,4,0,0.8166666666666667,1,0.49635259761630884,dahej_core,,
EVT-DAHEJ-00399,2023-03-27 07:56:00+00:00,2023-03-27 08:44:00+00:00,21.837866666666667,72.65983,21.83862,72.65956,3,5.72,5.04,5.72,1.1777945491468365,0.5543478260869564,0.66,0.66,0,0,2,VIIRS_NOAA20_SP;VIIRS_SNPP_SP,N;N20,3,0,0.8,1,0.3659538453061968,dahej_core,,
EVT-DAHEJ-00400,2023-03-27 07:56:00+00:00,2023-03-27 07:56:00+00:00,21.92708,72.78521,21.92708,72.78521,1,9.2,9.2,9.2,,,0.66,0.66,0,0,1,VIIRS_SNPP_SP,N,1,0,0.0,1,0.0,dahej_fringe,,
EVT-DAHEJ-00401,2023-03-27 08:44:00+00:00,2023-03-27 08:44:00+00:00,21.43781,72.71497,21.43781,72.71497,1,7.81,7.81,7.81,,,0.66,0.66,0,0,1,VIIRS_NOAA20_SP,N20,1,0,0.0,1,0.0,comparison_area,,
EVT-DAHEJ-00402,2023-03-27 08:44:00+00:00,2023-03-27 08:44:00+00:00,22.02503,72.77677,22.02503,72.77677,1,22.58,22.58,22.58,,,0.33,0.33,0,1,1,VIIRS_NOAA20_SP,N20,1,0,0.0,1,0.0,comparison_area,,
EVT-DAHEJ-00403,2023-03-27 08:44:00+00:00,2023-03-27 08:44:00+00:00,21.754640000000002,72.76013,21.75675,72.75986,2,5.77,5.539999999999999,5.77,0.3252691193458118,0.08662900188323917,0.66,0.66,0,0,1,VIIRS_NOAA20_SP,N20,2,0,0.0,1,0.47254564398278487,dahej_fringe,,
EVT-DAHEJ-00404,2023-03-27 08:44:00+00:00,2023-03-28 08:25:00+00:00,21.80655333333333,72.91539999999999,21.80947,72.91625,3,5.66,5.583333333333333,5.43,0.13279056191361416,-0.04063604240282693,0.66,0.66,0,0,1,VIIRS_NOAA20_SP,N20,3,0,23.683333333333334,2,0.9345841940162601,comparison_area,,
EVT-DAHEJ-00405,2023-03-27 08:44:00+00:00,2023-03-27 08:44:00+00:00,21.77481,72.80434,21.77481,72.80434,1,6.37,6.37,6.37,,,0.33,0.33,0,0,1,VIIRS_NOAA20_SP,N20,1,0,0.0,1,0.0,dahej_fringe,,
EVT-DAHEJ-00406,2023-03-27 08:44:00+00:00,2023-03-27 08:44:00+00:00,21.45438,72.85606,21.45438,72.85606,1,2.09,2.09,2.09,,,0.33,0.33,0,0,1,VIIRS_NOAA20_SP,N20,1,0,0.0,1,0.0,comparison_area,,
EVT-DAHEJ-00407,2023-03-27 08:44:00+00:00,2023-03-27 08:44:00+00:00,21.41248,72.82754,21.41248,72.82754,1,5.1,5.1,5.1,,,0.66,0.66,0,0,1,VIIRS_NOAA20_SP,N20,1,0,0.0,1,0.0,comparison_area,,
EVT-DAHEJ-00408,2023-03-28 07:37:00+00:00,2023-03-28 07:37:00+00:00,21.51185,72.85349,21.51185,72.85349,1,2.47,2.47,2.47,,,0.66,0.66,0,0,1,VIIRS_SNPP_SP,N,1,0,0.0,1,0.0,comparison_area,,
EVT-DAHEJ-00409,2023-03-28 07:37:00+00:00,2023-03-28 07:37:00+00:00,21.99142,72.55147,21.99142,72.55147,1,5.38,5.38,5.38,,,0.33,0.33,0,0,1,VIIRS_SNPP_SP,N,1,0,0.0,1,0.0,comparison_area,,
EVT-DAHEJ-00410,2023-03-28 07:37:00+00:00,2023-03-28 08:25:00+00:00,22.025267999999997,72.563502,22.02461,72.56191,5,15.48,9.524,11.04,5.2904092469297685,1.7669172932330823,0.66,0.5940000000000001,0,0,2,VIIRS_NOAA20_SP;VIIRS_SNPP_SP,N;N20,5,0,0.8,1,0.6612194266850318,comparison_area,,
EVT-DAHEJ-00411,2023-03-28 07:37:00+00:00,2023-03-28 07:37:00+00:00,21.77171,72.70175,21.77171,72.70175,1,3.0,3.0,3.0,,,0.66,0.66,0,0,1,VIIRS_SNPP_SP,N,1,0,0.0,1,0.0,dahej_core,,
EVT-DAHEJ-00412,2023-03-28 08:25:00+00:00,2023-03-28 08:25:00+00:00,21.57334,72.86491,21.57334,72.86491,1,12.67,12.67,12.67,,,0.66,0.66,0,0,1,VIIRS_NOAA20_SP,N20,1,0,0.0,1,0.0,comparison_area,,
EVT-DAHEJ-00413,2023-03-28 09:17:00+00:00,2023-03-28 09:17:00+00:00,21.81288,72.76108,21.81288,72.76108,1,3.1,3.1,3.1,,,0.66,0.66,0,0,1,VIIRS_SNPP_SP,N,1,0,0.0,1,0.0,dahej_fringe,,
EVT-DAHEJ-00414,2023-03-28 09:17:00+00:00,2023-03-28 09:17:00+00:00,22.02096,72.57169,22.02096,72.57169,1,4.69,4.69,4.69,,,0.33,0.33,0,0,1,VIIRS_SNPP_SP,N,1,0,0.0,1,0.0,comparison_area,,
EVT-DAHEJ-00415,2023-03-28 09:17:00+00:00,2023-03-28 09:17:00+00:00,21.747245,72.61802,21.74747,72.61961,2,6.6,6.5,6.6,0.141421356237309,0.03124999999999989,0.66,0.66,0,0,1,VIIRS_SNPP_SP,N,2,0,0.0,1,0.332223520074741,dahej_core,,
EVT-DAHEJ-00416,2023-03-28 09:17:00+00:00,2023-03-28 09:17:00+00:00,21.54453,72.78927,21.54453,72.78927,1,2.74,2.74,2.74,,,0.66,0.66,0,0,1,VIIRS_SNPP_SP,N,1,0,0.0,1,0.0,dahej_fringe,,
EVT-DAHEJ-00417,2023-03-28 09:17:00+00:00,2023-03-28 09:17:00+00:00,21.91607,72.55551,21.91607,72.55551,1,11.53,11.53,11.53,,,0.66,0.66,0,0,1,VIIRS_SNPP_SP,N,1,0,0.0,1,0.0,dahej_fringe,,
EVT-DAHEJ-00418,2023-03-28 09:17:00+00:00,2023-03-28 09:17:00+00:00,21.760025,72.698235,21.75955,72.69668,2,4.64,4.625,4.64,0.021213203435595972,0.006507592190889232,0.66,0.495,0,0,1,VIIRS_SNPP_SP,N,2,0,0.0,1,0.3381012829157065,dahej_core,,
EVT-DAHEJ-00419,2023-03-28 20:54:00+00:00,2023-03-28 20:54:00+00:00,21.8983,72.84275,21.8983,72.84275,1,0.79,0.79,0.79,,,0.66,0.66,0,0,1,VIIRS_NOAA20_SP,N20,0,1,0.0,1,0.0,dahej_fringe,,
EVT-DAHEJ-00420,2023-03-28 20:54:00+00:00,2023-03-29 08:58:00+00:00,22.049425,72.7328,22.04996,72.73235,2,1.62,1.165,1.62,0.6434671708797584,1.2816901408450707,0.66,0.495,0,0,2,VIIRS_NOAA20_SP;VIIRS_SNPP_SP,N;N20,1,1,12.066666666666666,2,0.15086295165963606,comparison_area,,
EVT-DAHEJ-00421,2023-03-29 08:06:00+00:00,2023-03-29 08:06:00+00:00,22.07641,72.66286,22.07641,72.66286,1,5.99,5.99,5.99,,,0.33,0.33,0,0,1,VIIRS_NOAA20_SP,N20,1,0,0.0,1,0.0,comparison_area,,
EVT-DAHEJ-00422,2023-03-29 08:06:00+00:00,2023-03-29 08:06:00+00:00,21.81468,72.71201,21.81468,72.71201,1,9.67,9.67,9.67,,,0.66,0.66,0,0,1,VIIRS_NOAA20_SP,N20,1,0,0.0,1,0.0,dahej_core,,
EVT-DAHEJ-00423,2023-03-29 08:58:00+00:00,2023-03-29 08:58:00+00:00,22.0942,72.75779,22.0942,72.75779,1,3.22,3.22,3.22,,,0.33,0.33,0,0,1,VIIRS_SNPP_SP,N,1,0,0.0,1,0.0,comparison_area,,
EVT-DAHEJ-00424,2023-03-29 08:58:00+00:00,2023-03-29 08:58:00+00:00,21.77783,72.61388,21.77783,72.61388,1,3.56,3.56,3.56,,,0.66,0.66,0,0,1,VIIRS_SNPP_SP,N,1,0,0.0,1,0.0,dahej_core,,
EVT-DAHEJ-00425,2023-03-29 08:58:00+00:00,2023-03-29 08:58:00+00:00,21.77445333333333,72.79653333333333,21.77418,72.79674,3,3.83,2.5833333333333335,1.96,1.0796450033846003,-0.48825065274151436,0.66,0.55,0,0,1,VIIRS_SNPP_SP,N,3,0,0.0,1,0.2073622982737178,dahej_fringe,,
EVT-DAHEJ-00426,2023-03-29 08:58:00+00:00,2023-03-29 08:58:00+00:00,22.067815,72.70702499999999,22.06826,72.70642,2,3.44,2.76,2.08,0.9616652224137046,-0.3953488372093023,0.66,0.495,0,0,1,VIIRS_SNPP_SP,N,2,0,0.0,1,0.1591891639719861,comparison_area,,
EVT-DAHEJ-00427,2023-03-29 20:35:00+00:00,2023-03-29 20:35:00+00:00,22.01868,72.74345,22.01868,72.74345,1,1.46,1.46,1.46,,,0.66,0.66,0,0,1,VIIRS_NOAA20_SP,N20,0,1,0.0,1,0.0,comparison_area,,
EVT-DAHEJ-00428,2023-03-30 21:08:00+00:00,2023-03-30 21:08:00+00:00,21.79368,72.64647,21.79368,72.64647,1,0.92,0.92,0.92,,,0.66,0.66,0,0,1,VIIRS_SNPP_SP,N,0,1,0.0,1,0.0,dahej_core,,
EVT-DAHEJ-00429,2023-03-31 07:29:00+00:00,2023-03-31 07:29:00+00:00,21.98922,72.71773,21.98922,72.71773,1,4.62,4.62,4.62,,,0.66,0.66,0,0,1,VIIRS_NOAA20_SP,N20,1,0,0.0,1,0.0,comparison_area,,
EVT-DAHEJ-00430,2023-03-31 07:29:00+00:00,2023-03-31 07:29:00+00:00,21.53008,72.7348,21.53008,72.7348,1,11.4,11.4,11.4,,,1.0,1.0,1,0,1,VIIRS_NOAA20_SP,N20,1,0,0.0,1,0.0,dahej_fringe,,
EVT-DAHEJ-00431,2023-03-31 07:29:00+00:00,2023-03-31 09:09:00+00:00,22.06966142857143,72.64399,22.06803,72.64734,7,7.83,6.445714285714284,7.05,1.1596386957849867,0.3202247191011236,0.66,0.5657142857142857,0,0,2,VIIRS_NOAA20_SP;VIIRS_SNPP_SP,N;N20,7,0,1.6666666666666667,1,0.980997683482686,comparison_area,,
EVT-DAHEJ-00432,2023-03-31 08:21:00+00:00,2023-03-31 08:21:00+00:00,21.504185,72.70164500000001,21.50271,72.70171,2,7.74,5.755,7.74,2.807213921310594,1.0530503978779842,0.66,0.66,0,0,1,VIIRS_SNPP_SP,N,2,0,0.0,1,0.32830108000200553,dahej_fringe,,
EVT-DAHEJ-00433,2023-03-31 08:21:00+00:00,2023-03-31 08:21:00+00:00,21.36778,72.83618,21.36778,72.83618,1,2.81,2.81,2.81,,,0.66,0.66,0,0,1,VIIRS_SNPP_SP,N,1,0,0.0,1,0.0,comparison_area,,
EVT-DAHEJ-00434,2023-03-31 08:21:00+00:00,2023-03-31 09:09:00+00:00,21.929546666666667,72.54612000000002,21.92838,72.54586,3,7.91,6.816666666666666,7.91,0.9468544414709865,0.2615629984051038,0.66,0.5499999999999999,0,0,2,VIIRS_NOAA20_SP;VIIRS_SNPP_SP,N;N20,3,0,0.8,1,0.3741503119876412,dahej_fringe,,
EVT-DAHEJ-00435,2023-03-31 08:21:00+00:00,2023-03-31 08:21:00+00:00,21.97625,72.8996,21.97625,72.8996,1,2.54,2.54,2.54,,,0.66,0.66,0,0,1,VIIRS_SNPP_SP,N,1,0,0.0,1,0.0,comparison_area,,
EVT-DAHEJ-00436,2023-03-31 08:21:00+00:00,2023-03-31 08:21:00+00:00,21.47932,72.77054,21.47932,72.77054,1,1.76,1.76,1.76,,,0.66,0.66,0,0,1,VIIRS_SNPP_SP,N,1,0,0.0,1,0.0,comparison_area,,
EVT-DAHEJ-00437,2023-03-31 08:21:00+00:00,2023-03-31 08:21:00+00:00,21.48843,72.71947,21.48843,72.71947,1,3.32,3.32,3.32,,,0.33,0.33,0,0,1,VIIRS_SNPP_SP,N,1,0,0.0,1,0.0,comparison_area,,
EVT-DAHEJ-00438,2023-03-31 19:57:00+00:00,2023-03-31 19:57:00+00:00,21.90796,72.75497,21.90796,72.75497,1,0.66,0.66,0.66,,,0.66,0.66,0,0,1,VIIRS_NOAA20_SP,N20,0,1,0.0,1,0.0,dahej_fringe,,
EVT-DAHEJ-00439,2023-04-01 08:02:00+00:00,2023-04-01 08:02:00+00:00,21.48984,72.73386,21.48984,72.73386,1,3.68,3.68,3.68,,,0.66,0.66,0,0,1,VIIRS_SNPP_SP,N,1,0,0.0,1,0.0,comparison_area,,
EVT-DAHEJ-00440,2023-04-01 08:02:00+00:00,2023-04-01 08:02:00+00:00,21.88598,72.71098,21.88598,72.71098,1,7.73,7.73,7.73,,,0.66,0.66,0,0,1,VIIRS_SNPP_SP,N,1,0,0.0,1,0.0,dahej_fringe,,
EVT-DAHEJ-00441,2023-04-01 08:02:00+00:00,2023-04-01 08:02:00+00:00,21.8241,72.63068,21.82161,72.62836,2,9.01,9.01,9.01,0.0,0.0,0.66,0.495,0,0,1,VIIRS_SNPP_SP,N,2,0,0.0,1,0.7321545244735257,dahej_core,,
EVT-DAHEJ-00442,2023-04-01 08:02:00+00:00,2023-04-01 08:02:00+00:00,21.80414,72.68881,21.80414,72.68881,1,5.0,5.0,5.0,,,0.33,0.33,0,0,1,VIIRS_SNPP_SP,N,1,0,0.0,1,0.0,dahej_core,,
EVT-DAHEJ-00443,2023-04-01 08:02:00+00:00,2023-04-01 08:02:00+00:00,21.73219,72.73459,21.73219,72.73459,1,5.63,5.63,5.63,,,0.33,0.33,0,0,1,VIIRS_SNPP_SP,N,1,0,0.0,1,0.0,dahej_core,,
EVT-DAHEJ-00444,2023-04-01 08:02:00+00:00,2023-04-01 08:02:00+00:00,22.09499,72.70741,22.09499,72.70741,1,9.76,9.76,9.76,,,0.66,0.66,0,0,1,VIIRS_SNPP_SP,N,1,0,0.0,1,0.0,comparison_area,,
EVT-DAHEJ-00445,2023-04-01 08:50:00+00:00,2023-04-01 08:50:00+00:00,21.484616666666668,72.78041666666667,21.48203,72.77966,3,5.51,3.5700000000000003,2.73,1.6851112722903492,0.10526315789473675,0.66,0.44,0,0,1,VIIRS_NOAA20_SP,N20,3,0,0.0,1,0.5223899842920305,comparison_area,,
EVT-DAHEJ-00446,2023-04-02 07:43:00+00:00,2023-04-02 07:43:00+00:00,21.959605,72.97208,21.95965,72.97149,2,2.38,1.785,2.38,0.8414570696119915,1.0,0.66,0.66,0,0,1,VIIRS_SNPP_SP,N,2,0,0.0,1,0.1221014033259798,comparison_area,,
EVT-DAHEJ-00447,2023-04-02 08:31:00+00:00,2023-04-02 08:31:00+00:00,21.51967,72.74049,21.51967,72.74049,1,3.79,3.79,3.79,,,0.33,0.33,0,0,1,VIIRS_NOAA20_SP,N20,1,0,0.0,1,0.0,dahej_fringe,,
EVT-DAHEJ-00448,2023-04-02 08:31:00+00:00,2023-04-02 08:31:00+00:00,21.77149,72.89619,21.77149,72.89619,1,8.97,8.97,8.97,,,0.66,0.66,0,0,1,VIIRS_NOAA20_SP,N20,1,0,0.0,1,0.0,comparison_area,,
EVT-DAHEJ-00449,2023-04-02 08:32:00+00:00,2023-04-02 08:32:00+00:00,22.07627,72.53812,22.07627,72.53812,1,15.96,15.96,15.96,,,0.33,0.33,0,0,1,VIIRS_NOAA20_SP,N20,1,0,0.0,1,0.0,comparison_area,,
EVT-DAHEJ-00450,2023-04-03 07:24:00+00:00,2023-04-03 08:13:00+00:00,22.09876,72.63368666666668,22.09946,72.63445,3,5.6,4.1433333333333335,5.6,1.267688184583785,0.702127659574468,0.66,0.55,0,0,2,VIIRS_NOAA20_SP;VIIRS_SNPP_SP,N;N20,3,0,0.8166666666666667,1,0.17753472337954615,comparison_area,,
EVT-DAHEJ-00451,2023-04-03 07:24:00+00:00,2023-04-03 07:24:00+00:00,21.42299,72.79047,21.42299,72.79047,1,3.97,3.97,3.97,,,0.66,0.66,0,0,1,VIIRS_SNPP_SP,N,1,0,0.0,1,0.0,comparison_area,,
EVT-DAHEJ-00452,2023-04-03 08:13:00+00:00,2023-04-03 08:13:00+00:00,21.7492,72.7142,21.7492,72.7142,1,7.1,7.1,7.1,,,0.33,0.33,0,0,1,VIIRS_NOAA20_SP,N20,1,0,0.0,1,0.0,dahej_core,,
EVT-DAHEJ-00453,2023-04-03 08:13:00+00:00,2023-04-03 08:13:00+00:00,21.44017,72.95194,21.44017,72.95194,1,21.48,21.48,21.48,,,0.66,0.66,0,1,1,VIIRS_NOAA20_SP,N20,1,0,0.0,1,0.0,comparison_area,,
EVT-DAHEJ-00454,2023-04-03 08:13:00+00:00,2023-04-03 08:13:00+00:00,21.83883,72.70195,21.83883,72.70195,1,8.34,8.34,8.34,,,0.66,0.66,0,0,1,VIIRS_NOAA20_SP,N20,1,0,0.0,1,0.0,dahej_core,,
EVT-DAHEJ-00455,2023-04-03 08:13:00+00:00,2023-04-03 08:13:00+00:00,21.57756,72.86253,21.57756,72.86253,1,3.12,3.12,3.12,,,0.33,0.33,0,0,1,VIIRS_NOAA20_SP,N20,1,0,0.0,1,0.0,comparison_area,,
EVT-DAHEJ-00456,2023-04-03 08:13:00+00:00,2023-04-03 08:13:00+00:00,21.60998,72.78434,21.60998,72.78434,1,14.09,14.09,14.09,,,0.33,0.33,0,0,1,VIIRS_NOAA20_SP,N20,1,0,0.0,1,0.0,dahej_fringe,,
EVT-DAHEJ-00457,2023-04-03 08:13:00+00:00,2023-04-03 08:13:00+00:00,21.83289,72.943,21.83289,72.943,1,2.95,2.95,2.95,,,0.33,0.33,0,0,1,VIIRS_NOAA20_SP,N20,1,0,0.0,1,0.0,comparison_area,,
EVT-DAHEJ-00458,2023-04-03 09:05:00+00:00,2023-04-03 09:05:00+00:00,21.77198,72.68086,21.77198,72.68086,1,1.48,1.48,1.48,,,0.66,0.66,0,0,1,VIIRS_SNPP_SP,N,1,0,0.0,1,0.0,dahej_core,,
EVT-DAHEJ-00459,2023-04-03 09:05:00+00:00,2023-04-03 09:05:00+00:00,21.77159,72.74032,21.77159,72.74032,1,5.21,5.21,5.21,,,0.66,0.66,0,0,1,VIIRS_SNPP_SP,N,1,0,0.0,1,0.0,dahej_core,,
EVT-DAHEJ-00460,2023-04-03 09:05:00+00:00,2023-04-03 09:05:00+00:00,21.83925,72.71193,21.83925,72.71193,1,3.35,3.35,3.35,,,0.66,0.66,0,0,1,VIIRS_SNPP_SP,N,1,0,0.0,1,0.0,dahej_core,,
EVT-DAHEJ-00461,2023-04-03 09:05:00+00:00,2023-04-03 09:05:00+00:00,21.506895,72.86205000000001,21.50743,72.86234,2,4.46,4.285,4.11,0.24748737341529137,-0.07847533632286988,0.66,0.66,0,0,1,VIIRS_SNPP_SP,N,2,0,0.0,1,0.13325263595792727,comparison_area,,
EVT-DAHEJ-00462,2023-04-03 09:05:00+00:00,2023-04-03 09:05:00+00:00,21.47011,72.78416,21.47011,72.78416,1,1.8,1.8,1.8,,,0.33,0.33,0,0,1,VIIRS_SNPP_SP,N,1,0,0.0,1,0.0,comparison_area,,
EVT-DAHEJ-00463,2023-04-03 20:41:00+00:00,2023-04-03 20:41:00+00:00,21.90589,72.75793,21.90589,72.75793,1,0.62,0.62,0.62,,,0.66,0.66,0,0,1,VIIRS_NOAA20_SP,N20,0,1,0.0,1,0.0,dahej_fringe,,
EVT-DAHEJ-00464,2023-04-04 07:54:00+00:00,2023-04-04 07:54:00+00:00,21.79131,72.66628,21.79131,72.66628,1,2.16,2.16,2.16,,,0.33,0.33,0,0,1,VIIRS_NOAA20_SP,N20,1,0,0.0,1,0.0,dahej_core,,
EVT-DAHEJ-00465,2023-04-04 07:54:00+00:00,2023-04-04 07:54:00+00:00,21.93571,72.9886,21.93571,72.9886,1,3.41,3.41,3.41,,,0.66,0.66,0,0,1,VIIRS_NOAA20_SP,N20,1,0,0.0,1,0.0,comparison_area,,
EVT-DAHEJ-00466,2023-04-04 07:54:00+00:00,2023-04-04 07:54:00+00:00,21.505080000000003,72.90500333333334,21.50476,72.90431,3,4.55,3.9166666666666665,3.6,0.5484827557301444,-0.20879120879120874,0.66,0.5499999999999999,0,0,1,VIIRS_NOAA20_SP,N20,3,0,0.0,1,0.2961493655070331,comparison_area,,
EVT-DAHEJ-00467,2023-04-04 08:46:00+00:00,2023-04-04 08:46:00+00:00,21.62688,72.85001,21.62688,72.85001,1,1.96,1.96,1.96,,,0.33,0.33,0,0,1,VIIRS_SNPP_SP,N,1,0,0.0,1,0.0,comparison_area,,
EVT-DAHEJ-00468,2023-04-04 08:46:00+00:00,2023-04-04 08:46:00+00:00,21.57003,72.95612,21.57003,72.95612,1,4.59,4.59,4.59,,,0.33,0.33,0,0,1,VIIRS_SNPP_SP,N,1,0,0.0,1,0.0,comparison_area,,
EVT-DAHEJ-00469,2023-04-04 08:46:00+00:00,2023-04-04 08:46:00+00:00,21.91005,72.67733,21.91029,72.6794,2,5.84,5.84,5.84,0.0,0.0,0.66,0.495,0,0,1,VIIRS_SNPP_SP,N,2,0,0.0,1,0.4304191869360186,dahej_fringe,,
EVT-DAHEJ-00470,2023-04-04 20:23:00+00:00,2023-04-04 20:23:00+00:00,21.96966,72.54739,21.96966,72.54739,1,1.17,1.17,1.17,,,0.66,0.66,0,0,1,VIIRS_NOAA20_SP,N20,0,1,0.0,1,0.0,comparison_area,,
EVT-DAHEJ-00471,2023-04-04 21:15:00+00:00,2023-04-04 21:15:00+00:00,21.43077,72.97367,21.43077,72.97367,1,0.88,0.88,0.88,,,0.66,0.66,0,0,1,VIIRS_SNPP_SP,N,0,1,0.0,1,0.0,comparison_area,,
EVT-DAHEJ-00472,2023-04-04 21:15:00+00:00,2023-04-04 21:15:00+00:00,21.79807,72.72749,21.79807,72.72749,1,1.0,1.0,1.0,,,0.66,0.66,0,0,1,VIIRS_SNPP_SP,N,0,1,0.0,1,0.0,dahej_core,,
EVT-DAHEJ-00473,2023-04-05 08:27:00+00:00,2023-04-05 08:27:00+00:00,21.78439,72.93121,21.78439,72.93121,1,6.49,6.49,6.49,,,0.33,0.33,0,0,1,VIIRS_SNPP_SP,N,1,0,0.0,1,0.0,comparison_area,,
EVT-DAHEJ-00474,2023-04-05 08:27:00+00:00,2023-04-05 08:27:00+00:00,21.56636333333333,72.88617333333333,21.56561,72.8889,3,6.66,5.06,6.66,1.385640646055102,0.563380281690141,0.33,0.33,0,0,1,VIIRS_SNPP_SP,N,3,0,0.0,1,0.5494048857808133,comparison_area,,
EVT-DAHEJ-00475,2023-04-05 08:27:00+00:00,2023-04-05 08:27:00+00:00,21.39566,72.81939,21.39566,72.81939,1,3.09,3.09,3.09,,,0.66,0.66,0,0,1,VIIRS_SNPP_SP,N,1,0,0.0,1,0.0,comparison_area,,
EVT-DAHEJ-00476,2023-04-05 08:27:00+00:00,2023-04-05 08:27:00+00:00,21.44234,72.97571,21.44234,72.97571,1,2.73,2.73,2.73,,,0.33,0.33,0,0,1,VIIRS_SNPP_SP,N,1,0,0.0,1,0.0,comparison_area,,
EVT-DAHEJ-00477,2023-04-05 09:16:00+00:00,2023-04-05 09:16:00+00:00,21.92014,72.54543,21.92014,72.54543,1,12.75,12.75,12.75,,,0.66,0.66,0,0,1,VIIRS_NOAA20_SP,N20,1,0,0.0,1,0.0,dahej_fringe,,
EVT-DAHEJ-00478,2023-04-05 20:04:00+00:00,2023-04-06 08:57:00+00:00,22.084063571428572,72.56134214285714,22.08268,72.5582,14,18.43,9.14,2.73,6.721875882863011,2.1022727272727275,0.66,0.5657142857142857,0,0,2,VIIRS_NOAA20_SP;VIIRS_SNPP_SP,N;N20,11,3,12.883333333333333,2,0.9854689943125696,comparison_area,,
EVT-DAHEJ-00479,2023-04-06 08:08:00+00:00,2023-04-06 08:08:00+00:00,21.75744,72.748025,21.75705,72.74578,2,5.98,5.98,5.98,0.0,0.0,0.33,0.33,0,0,1,VIIRS_SNPP_SP,N,2,0,0.0,1,0.4717405598765391,dahej_core,,
EVT-DAHEJ-00480,2023-04-06 08:08:00+00:00,2023-04-06 08:08:00+00:00,21.738735,72.65116499999999,21.74055,72.6508,2,29.1,21.27,29.1,11.073292193381336,1.1651785714285716,0.66,0.66,0,1,1,VIIRS_SNPP_SP,N,2,0,0.0,1,0.41062008219710794,dahej_core,,
EVT-DAHEJ-00481,2023-04-06 08:08:00+00:00,2023-04-06 08:57:00+00:00,21.52075,72.83742749999999,21.52165,72.83569,4,11.14,5.3725,1.88,4.0088184044678306,-0.8312387791741473,0.66,0.5775,0,0,2,VIIRS_NOAA20_SP;VIIRS_SNPP_SP,N;N20,4,0,0.8166666666666667,1,0.48992333174613173,dahej_fringe,,
EVT-DAHEJ-00482,2023-04-06 08:08:00+00:00,2023-04-06 08:08:00+00:00,21.80491,72.61121,21.80491,72.61121,1,3.57,3.57,3.57,,,0.66,0.66,0,0,1,VIIRS_SNPP_SP,N,1,0,0.0,1,0.0,dahej_core,,
EVT-DAHEJ-00483,2023-04-06 08:08:00+00:00,2023-04-06 08:08:00+00:00,21.88966,72.75327,21.88966,72.75327,1,12.39,12.39,12.39,,,0.33,0.33,0,0,1,VIIRS_SNPP_SP,N,1,0,0.0,1,0.0,dahej_fringe,,
EVT-DAHEJ-00484,2023-04-06 08:57:00+00:00,2023-04-06 08:57:00+00:00,21.515965,72.92201,21.51617,72.92188,2,11.31,11.105,11.31,0.28991378028648457,0.03761467889908258,1.0,1.0,2,0,1,VIIRS_NOAA20_SP,N20,2,0,0.0,1,0.05293246782313468,comparison_area,,
EVT-DAHEJ-00485,2023-04-06 08:57:00+00:00,2023-04-06 08:57:00+00:00,22.05189,72.63969,22.05189,72.63969,1,9.19,9.19,9.19,,,1.0,1.0,1,0,1,VIIRS_NOAA20_SP,N20,1,0,0.0,1,0.0,comparison_area,,
EVT-DAHEJ-00486,2023-04-06 08:57:00+00:00,2023-04-06 08:57:00+00:00,21.55622,72.95222,21.55622,72.95222,1,2.62,2.62,2.62,,,0.33,0.33,0,0,1,VIIRS_NOAA20_SP,N20,1,0,0.0,1,0.0,comparison_area,,
EVT-DAHEJ-00487,2023-04-06 08:57:00+00:00,2023-04-06 08:57:00+00:00,22.078960000000002,72.56972999999999,22.08154,72.56945,2,2.96,2.29,1.62,0.9475230867899735,-0.4527027027027027,0.66,0.495,0,0,1,VIIRS_NOAA20_SP,N20,2,0,0.0,1,0.5766608576695523,comparison_area,,
EVT-DAHEJ-00488,2023-04-06 08:57:00+00:00,2023-04-06 08:57:00+00:00,22.0912,72.56175,22.0912,72.56175,1,1.56,1.56,1.56,,,0.33,0.33,0,0,1,VIIRS_NOAA20_SP,N20,1,0,0.0,1,0.0,comparison_area,,
EVT-DAHEJ-00489,2023-04-06 08:57:00+00:00,2023-04-06 08:57:00+00:00,22.00516,72.81669,22.00516,72.81669,1,2.87,2.87,2.87,,,0.66,0.66,0,0,1,VIIRS_NOAA20_SP,N20,1,0,0.0,1,0.0,comparison_area,,
EVT-DAHEJ-00490,2023-04-06 20:37:00+00:00,2023-04-06 20:37:00+00:00,21.7676,72.75147,21.7676,72.75147,1,0.39,0.39,0.39,,,0.66,0.66,0,0,1,VIIRS_SNPP_SP,N,0,1,0.0,1,0.0,dahej_fringe,,
EVT-DAHEJ-00491,2023-04-06 21:25:00+00:00,2023-04-06 21:25:00+00:00,22.066209999999998,72.671285,22.06656,72.66967,2,1.78,1.5350000000000001,1.78,0.3464823227814083,0.3798449612403101,0.66,0.66,0,0,1,VIIRS_NOAA20_SP,N20,0,2,0.0,1,0.34183156780169016,comparison_area,,
EVT-DAHEJ-00492,2023-04-07 07:49:00+00:00,2023-04-07 08:38:00+00:00,21.81762,72.63867333333333,21.81929,72.63812,3,25.36,13.913333333333332,25.36,9.920772819359051,2.2512820512820513,0.66,0.66,0,1,2,VIIRS_NOAA20_SP;VIIRS_SNPP_SP,N;N20,3,0,0.8166666666666667,1,0.5033463052605592,dahej_core,,
EVT-DAHEJ-00493,2023-04-07 08:38:00+00:00,2023-04-07 08:38:00+00:00,21.45203,72.66436,21.45203,72.66436,1,7.29,7.29,7.29,,,0.66,0.66,0,0,1,VIIRS_NOAA20_SP,N20,1,0,0.0,1,0.0,comparison_area,,
EVT-DAHEJ-00494,2023-04-07 08:38:00+00:00,2023-04-07 08:38:00+00:00,21.697735,72.641725,21.69615,72.6445,2,12.18,12.18,12.18,0.0,0.0,0.66,0.66,0,0,1,VIIRS_NOAA20_SP,N20,2,0,0.0,1,0.6730852744870278,dahej_core,,
EVT-DAHEJ-00495,2023-04-07 08:38:00+00:00,2023-04-07 08:38:00+00:00,21.52252,72.97487,21.52252,72.97487,1,9.26,9.26,9.26,,,0.66,0.66,0,0,1,VIIRS_NOAA20_SP,N20,1,0,0.0,1,0.0,comparison_area,,
EVT-DAHEJ-00496,2023-04-07 08:38:00+00:00,2023-04-07 08:38:00+00:00,21.71493,72.88497,21.71493,72.88497,1,4.96,4.96,4.96,,,0.66,0.66,0,0,1,VIIRS_NOAA20_SP,N20,1,0,0.0,1,0.0,comparison_area,,
EVT-DAHEJ-00497,2023-04-07 08:38:00+00:00,2023-04-07 08:38:00+00:00,21.68592,72.53458,21.68592,72.53458,1,4.97,4.97,4.97,,,0.33,0.33,0,0,1,VIIRS_NOAA20_SP,N20,1,0,0.0,1,0.0,dahej_core,,
EVT-DAHEJ-00498,2023-04-07 08:38:00+00:00,2023-04-07 08:38:00+00:00,21.402025000000002,72.665125,21.40202,72.66643,2,5.11,4.78,5.11,0.4666904755831215,0.14831460674157307,0.66,0.495,0,0,1,VIIRS_NOAA20_SP,N20,2,0,0.0,1,0.2702087813945792,comparison_area,,
EVT-DAHEJ-00499,2023-04-07 08:38:00+00:00,2023-04-07 08:38:00+00:00,21.838185,72.67320000000001,21.83787,72.67464,2,16.07,15.65,16.07,0.5939696961966998,0.05515430072225869,0.66,0.495,0,0,1,VIIRS_NOAA20_SP,N20,2,0,0.0,1,0.30540353324445246,dahej_core,,
EVT-DAHEJ-00500,2023-04-07 20:18:00+00:00,2023-04-07 20:18:00+00:00,21.90402,72.75297,21.90402,72.75297,1,1.22,1.22,1.22,,,0.66,0.66,0,0,1,VIIRS_SNPP_SP,N,0,1,0.0,1,0.0,dahej_fringe,,
EVT-DAHEJ-00501,2023-04-08 07:31:00+00:00,2023-04-08 07:31:00+00:00,21.91163,72.81429,21.91163,72.81429,1,4.06,4.06,4.06,,,0.33,0.33,0,0,1,VIIRS_SNPP_SP,N,1,0,0.0,1,0.0,dahej_fringe,,
EVT-DAHEJ-00502,2023-04-08 07:31:00+00:00,2023-04-08 09:11:00+00:00,21.973545,72.57785,21.97689,72.5783,4,6.22,4.7175,4.3,1.4576779479706756,-0.21389396709323583,0.66,0.5775,0,0,1,VIIRS_SNPP_SP,N,4,0,1.6666666666666667,1,0.9469529278200117,comparison_area,,
EVT-DAHEJ-00503,2023-04-08 07:31:00+00:00,2023-04-08 08:19:00+00:00,21.75837,72.85719,21.75793,72.85568,2,35.82,19.52,35.82,23.05168106668145,10.124223602484472,0.66,0.495,0,1,2,VIIRS_NOAA20_SP;VIIRS_SNPP_SP,N;N20,2,0,0.8,1,0.326874481750682,comparison_area,,
EVT-DAHEJ-00504,2023-04-08 07:31:00+00:00,2023-04-08 08:19:00+00:00,21.703969999999998,72.74362500000001,21.70399,72.74382,2,11.96,10.120000000000001,11.96,2.602152954766496,0.44444444444444464,0.66,0.66,0,0,2,VIIRS_NOAA20_SP;VIIRS_SNPP_SP,N;N20,2,0,0.8,1,0.040536480595035396,dahej_core,,
EVT-DAHEJ-00505,2023-04-08 07:31:00+00:00,2023-04-08 08:19:00+00:00,21.96841,72.56763,21.96779,72.56875,2,12.11,7.494999999999999,12.11,6.526595590351834,3.204861111111111,0.33,0.33,0,0,2,VIIRS_NOAA20_SP;VIIRS_SNPP_SP,N;N20,2,0,0.8,1,0.2690139782016663,comparison_area,,
EVT-DAHEJ-00506,2023-04-08 07:31:00+00:00,2023-04-08 07:31:00+00:00,22.09726,72.70829,22.09726,72.70829,1,3.43,3.43,3.43,,,0.33,0.33,0,0,1,VIIRS_SNPP_SP,N,1,0,0.0,1,0.0,comparison_area,,
EVT-DAHEJ-00507,2023-04-08 08:19:00+00:00,2023-04-08 08:19:00+00:00,21.426560000000002,72.78673,21.42849,72.78828,2,3.51,3.51,3.51,0.0,0.0,0.33,0.33,0,0,1,VIIRS_NOAA20_SP,N20,2,0,0.0,1,0.5358996531390766,comparison_area,,
EVT-DAHEJ-00508,2023-04-08 08:19:00+00:00,2023-04-08 08:19:00+00:00,21.49029,72.98906,21.49029,72.98906,1,5.74,5.74,5.74,,,0.66,0.66,0,0,1,VIIRS_NOAA20_SP,N20,1,0,0.0,1,0.0,comparison_area,,
EVT-DAHEJ-00509,2023-04-08 08:19:00+00:00,2023-04-08 08:19:00+00:00,21.98967,72.52484,21.98967,72.52484,1,5.61,5.61,5.61,,,0.66,0.66,0,0,1,VIIRS_NOAA20_SP,N20,1,0,0.0,1,0.0,comparison_area,,
EVT-DAHEJ-00510,2023-04-08 08:19:00+00:00,2023-04-08 09:11:00+00:00,21.61847,72.93981500000001,21.61847,72.93996,2,3.33,2.7350000000000003,2.14,0.8414570696119915,-0.35735735735735735,0.66,0.495,0,0,2,VIIRS_NOAA20_SP;VIIRS_SNPP_SP,N;N20,2,0,0.8666666666666667,1,0.02997827733211213,comparison_area,,
EVT-DAHEJ-00511,2023-04-08 08:19:00+00:00,2023-04-08 08:19:00+00:00,21.81721,72.7074,21.81721,72.7074,1,12.63,12.63,12.63,,,0.33,0.33,0,0,1,VIIRS_NOAA20_SP,N20,1,0,0.0,1,0.0,dahej_core,,
EVT-DAHEJ-00512,2023-04-08 08:19:00+00:00,2023-04-08 08:19:00+00:00,21.725595,72.67522,21.72395,72.67551,2,7.84,7.425,7.84,0.5868986283848344,0.11840228245363768,0.66,0.495,0,0,1,VIIRS_NOAA20_SP,N20,2,0,0.0,1,0.37070522899705427,dahej_core,,
EVT-DAHEJ-00513,2023-04-08 20:48:00+00:00,2023-04-08 21:40:00+00:00,22.091733333333334,72.58354666666666,22.09172,72.58427,3,0.98,0.7666666666666666,0.56,0.2100793500878497,-0.26315789473684204,0.66,0.66,0,0,2,VIIRS_NOAA20_SP;VIIRS_SNPP_SP,N;N20,0,3,0.8666666666666667,1,0.17688429849307527,comparison_area,,
EVT-DAHEJ-00514,2023-04-08 20:48:00+00:00,2023-04-08 20:48:00+00:00,21.791365,72.626485,21.78972,72.62619,2,2.04,1.07,0.1,1.3717871555019023,-0.9509803921568627,0.66,0.66,0,0,1,VIIRS_NOAA20_SP,N20,0,2,0.0,1,0.37086898769835797,dahej_core,,
EVT-DAHEJ-00515,2023-04-08 21:40:00+00:00,2023-04-08 21:40:00+00:00,21.90322,72.75627,21.90322,72.75627,1,0.72,0.72,0.72,,,0.66,0.66,0,0,1,VIIRS_SNPP_SP,N,0,1,0.0,1,0.0,dahej_fringe,,
EVT-DAHEJ-00516,2023-04-09 08:00:00+00:00,2023-04-09 08:00:00+00:00,21.42121,72.97147,21.42121,72.97147,1,4.01,4.01,4.01,,,0.33,0.33,0,0,1,VIIRS_NOAA20_SP,N20,1,0,0.0,1,0.0,comparison_area,,
EVT-DAHEJ-00517,2023-04-09 08:00:00+00:00,2023-04-09 08:00:00+00:00,21.68069,72.6001,21.68069,72.6001,1,3.64,3.64,3.64,,,0.33,0.33,0,0,1,VIIRS_NOAA20_SP,N20,1,0,0.0,1,0.0,dahej_core,,
EVT-DAHEJ-00518,2023-04-09 08:52:00+00:00,2023-04-09 08:52:00+00:00,22.01797,72.64073,22.01797,72.64073,1,11.9,11.9,11.9,,,0.66,0.66,0,0,1,VIIRS_SNPP_SP,N,1,0,0.0,1,0.0,comparison_area,,
EVT-DAHEJ-00519,2023-04-09 08:52:00+00:00,2023-04-09 08:52:00+00:00,21.55776,72.78824,21.55776,72.78824,1,4.17,4.17,4.17,,,0.66,0.66,0,0,1,VIIRS_SNPP_SP,N,1,0,0.0,1,0.0,dahej_fringe,,
EVT-DAHEJ-00520,2023-04-09 08:52:00+00:00,2023-04-09 08:52:00+00:00,22.0715,72.69784,22.0715,72.69784,1,11.04,11.04,11.04,,,0.33,0.33,0,0,1,VIIRS_SNPP_SP,N,1,0,0.0,1,0.0,comparison_area,,
EVT-DAHEJ-00521,2023-04-09 08:52:00+00:00,2023-04-09 08:52:00+00:00,21.46129,72.6656,21.46129,72.6656,1,9.18,9.18,9.18,,,0.33,0.33,0,0,1,VIIRS_SNPP_SP,N,1,0,0.0,1,0.0,comparison_area,,
EVT-DAHEJ-00522,2023-04-09 20:29:00+00:00,2023-04-09 20:29:00+00:00,21.43281,72.97687,21.43281,72.97687,1,1.73,1.73,1.73,,,0.66,0.66,0,0,1,VIIRS_NOAA20_SP,N20,0,1,0.0,1,0.0,comparison_area,,
EVT-DAHEJ-00523,2023-04-09 21:21:00+00:00,2023-04-09 21:21:00+00:00,21.69359,72.60703,21.69359,72.60703,1,2.32,2.32,2.32,,,0.66,0.66,0,0,1,VIIRS_SNPP_SP,N,0,1,0.0,1,0.0,dahej_core,,
EVT-DAHEJ-00524,2023-04-10 07:41:00+00:00,2023-04-10 07:41:00+00:00,21.82257,72.76273,21.82257,72.76273,1,2.48,2.48,2.48,,,0.33,0.33,0,0,1,VIIRS_NOAA20_SP,N20,1,0,0.0,1,0.0,dahej_fringe,,
EVT-DAHEJ-00525,2023-04-10 07:41:00+00:00,2023-04-10 07:41:00+00:00,21.51318,72.92499,21.51318,72.92499,1,3.44,3.44,3.44,,,0.66,0.66,0,0,1,VIIRS_NOAA20_SP,N20,1,0,0.0,1,0.0,comparison_area,,
EVT-DAHEJ-00526,2023-04-10 07:41:00+00:00,2023-04-10 07:41:00+00:00,21.48826,72.80786,21.48826,72.80786,1,1.55,1.55,1.55,,,0.33,0.33,0,0,1,VIIRS_NOAA20_SP,N20,1,0,0.0,1,0.0,comparison_area,,
EVT-DAHEJ-00527,2023-04-10 07:42:00+00:00,2023-04-10 07:42:00+00:00,22.03538,72.786,22.03538,72.786,1,4.9,4.9,4.9,,,0.33,0.33,0,0,1,VIIRS_NOAA20_SP,N20,1,0,0.0,1,0.0,comparison_area,,
EVT-DAHEJ-00528,2023-04-10 07:42:00+00:00,2023-04-10 07:42:00+00:00,22.07139666666667,72.66608333333333,22.06966,72.66651,3,3.64,3.2733333333333334,3.64,0.31754264805429433,0.17799352750809072,0.33,0.33,0,0,1,VIIRS_NOAA20_SP,N20,3,0,0.0,1,0.6994298451036515,comparison_area,,
EVT-DAHEJ-00529,2023-04-10 08:33:00+00:00,2023-04-10 08:33:00+00:00,21.47866,72.96517,21.48044,72.9649,2,4.28,4.28,4.28,0.0,0.0,0.33,0.33,0,0,1,VIIRS_SNPP_SP,N,2,0,0.0,1,0.39977848618674117,comparison_area,,
EVT-DAHEJ-00530,2023-04-10 08:33:00+00:00,2023-04-10 08:33:00+00:00,21.8009,72.70502,21.8009,72.70502,1,11.35,11.35,11.35,,,0.33,0.33,0,0,1,VIIRS_SNPP_SP,N,1,0,0.0,1,0.0,dahej_core,,
EVT-DAHEJ-00531,2023-04-10 20:10:00+00:00,2023-04-10 21:02:00+00:00,21.935005,72.76216500000001,21.93808,72.76179,2,1.48,1.425,1.37,0.07778174593052013,-0.07432432432432425,0.66,0.66,0,0,2,VIIRS_NOAA20_SP;VIIRS_SNPP_SP,N;N20,0,2,0.8666666666666667,1,0.6882113789819599,dahej_fringe,,
EVT-DAHEJ-00532,2023-04-11 07:23:00+00:00,2023-04-11 07:23:00+00:00,21.8619,72.88753,21.85882,72.88785,2,5.14,4.465,3.79,0.9545941546018389,-0.2626459143968871,0.66,0.66,0,0,1,VIIRS_NOAA20_SP,N20,2,0,0.0,1,0.6881385937301174,comparison_area,,
EVT-DAHEJ-00533,2023-04-11 07:23:00+00:00,2023-04-11 08:14:00+00:00,21.70148,72.75761,21.7023,72.7586,3,14.88,10.763333333333335,8.23,3.5966419523401734,-0.10348583877995635,0.66,0.44,0,0,2,VIIRS_NOAA20_SP;VIIRS_SNPP_SP,N;N20,3,0,0.85,1,0.21773827473102703,dahej_fringe,,
EVT-DAHEJ-00534,2023-04-11 08:14:00+00:00,2023-04-11 08:14:00+00:00,21.42297,72.74723,21.42297,72.74723,1,3.4,3.4,3.4,,,0.33,0.33,0,0,1,VIIRS_SNPP_SP,N,1,0,0.0,1,0.0,comparison_area,,
EVT-DAHEJ-00535,2023-04-11 08:14:00+00:00,2023-04-11 09:03:00+00:00,21.78909,72.918465,21.79027,72.91798,2,8.3,4.9,1.5,4.8083261120685235,-0.8192771084337349,0.33,0.33,0,0,2,VIIRS_NOAA20_SP;VIIRS_SNPP_SP,N;N20,2,0,0.8166666666666667,1,0.2808828264815675,comparison_area,,
EVT-DAHEJ-00536,2023-04-11 08:14:00+00:00,2023-04-11 08:14:00+00:00,21.74873,72.87753,21.74873,72.87753,1,9.41,9.41,9.41,,,0.33,0.33,0,0,1,VIIRS_SNPP_SP,N,1,0,0.0,1,0.0,comparison_area,,
EVT-DAHEJ-00537,2023-04-11 08:14:00+00:00,2023-04-11 08:14:00+00:00,21.68536,72.60108,21.68536,72.60108,1,8.1,8.1,8.1,,,0.33,0.33,0,0,1,VIIRS_SNPP_SP,N,1,0,0.0,1,0.0,dahej_core,,
EVT-DAHEJ-00538,2023-04-11 08:15:00+00:00,2023-04-11 08:15:00+00:00,21.93578,72.71738,21.93578,72.71738,1,14.3,14.3,14.3,,,0.66,0.66,0,0,1,VIIRS_SNPP_SP,N,1,0,0.0,1,0.0,dahej_fringe,,
EVT-DAHEJ-00539,2023-04-11 08:15:00+00:00,2023-04-11 08:15:00+00:00,21.86822,72.87951,21.86822,72.87951,1,6.72,6.72,6.72,,,0.33,0.33,0,0,1,VIIRS_SNPP_SP,N,1,0,0.0,1,0.0,comparison_area,,
EVT-DAHEJ-00540,2023-04-11 09:03:00+00:00,2023-04-11 09:03:00+00:00,22.01892,72.61717,22.01892,72.61717,1,9.28,9.28,9.28,,,0.66,0.66,0,0,1,VIIRS_NOAA20_SP,N20,1,0,0.0,1,0.0,comparison_area,,
EVT-DAHEJ-00541,2023-04-11 09:03:00+00:00,2023-04-11 09:03:00+00:00,21.76306,72.76842,21.76306,72.76842,1,5.47,5.47,5.47,,,0.66,0.66,0,0,1,VIIRS_NOAA20_SP,N20,1,0,0.0,1,0.0,dahej_fringe,,
EVT-DAHEJ-00542,2023-04-11 09:03:00+00:00,2023-04-11 09:03:00+00:00,22.03913,72.84036,22.03913,72.84036,1,3.77,3.77,3.77,,,0.66,0.66,0,0,1,VIIRS_NOAA20_SP,N20,1,0,0.0,1,0.0,comparison_area,,
EVT-DAHEJ-00543,2023-04-12 07:56:00+00:00,2023-04-12 08:44:00+00:00,21.71825,72.71626,21.71934,72.71531,4,16.12,13.0725,15.12,3.0507417130920804,0.5635987590486039,0.66,0.5775,0,0,2,VIIRS_NOAA20_SP;VIIRS_SNPP_SP,N;N20,4,0,0.8,1,0.5194779098837999,dahej_core,,
EVT-DAHEJ-00544,2023-04-12 07:56:00+00:00,2023-04-12 07:56:00+00:00,21.93294,72.74102,21.93294,72.74102,1,26.93,26.93,26.93,,,0.66,0.66,0,1,1,VIIRS_SNPP_SP,N,1,0,0.0,1,0.0,dahej_fringe,,
EVT-DAHEJ-00545,2023-04-12 07:56:00+00:00,2023-04-12 07:56:00+00:00,21.73689,72.71238,21.73689,72.71238,1,14.89,14.89,14.89,,,0.66,0.66,0,0,1,VIIRS_SNPP_SP,N,1,0,0.0,1,0.0,dahej_core,,
EVT-DAHEJ-00546,2023-04-12 07:56:00+00:00,2023-04-12 07:56:00+00:00,22.06582,72.69971,22.06582,72.69971,1,8.95,8.95,8.95,,,0.33,0.33,0,0,1,VIIRS_SNPP_SP,N,1,0,0.0,1,0.0,comparison_area,,
EVT-DAHEJ-00547,2023-04-12 08:44:00+00:00,2023-04-12 08:44:00+00:00,21.67561,72.82341,21.67561,72.82341,1,12.67,12.67,12.67,,,0.66,0.66,0,0,1,VIIRS_NOAA20_SP,N20,1,0,0.0,1,0.0,dahej_fringe,,
EVT-DAHEJ-00548,2023-04-12 08:44:00+00:00,2023-04-12 08:44:00+00:00,21.82139,72.89214,21.82139,72.89214,1,9.64,9.64,9.64,,,0.66,0.66,0,0,1,VIIRS_NOAA20_SP,N20,1,0,0.0,1,0.0,comparison_area,,
EVT-DAHEJ-00549,2023-04-12 08:44:00+00:00,2023-04-12 08:44:00+00:00,21.39172,72.66986,21.39172,72.66986,1,5.09,5.09,5.09,,,0.33,0.33,0,0,1,VIIRS_NOAA20_SP,N20,1,0,0.0,1,0.0,comparison_area,,
EVT-DAHEJ-00550,2023-04-13 07:37:00+00:00,2023-04-13 07:37:00+00:00,21.794245,72.64794499999999,21.79528,72.64738,2,1.77,1.665,1.56,0.14849242404917495,-0.11864406779661014,0.66,0.66,0,0,1,VIIRS_SNPP_SP,N,2,0,0.0,1,0.25805371616512984,dahej_core,,
EVT-DAHEJ-00551,2023-04-13 07:37:00+00:00,2023-04-13 07:37:00+00:00,22.0259,72.6247,22.0259,72.6247,1,4.37,4.37,4.37,,,0.66,0.66,0,0,1,VIIRS_SNPP_SP,N,1,0,0.0,1,0.0,comparison_area,,
EVT-DAHEJ-00552,2023-04-13 08:25:00+00:00,2023-04-13 08:25:00+00:00,21.5328,72.81612,21.5328,72.81612,1,1.69,1.69,1.69,,,0.33,0.33,0,0,1,VIIRS_NOAA20_SP,N20,1,0,0.0,1,0.0,dahej_fringe,,
EVT-DAHEJ-00553,2023-04-13 08:25:00+00:00,2023-04-13 08:25:00+00:00,21.62159,72.96577,21.62159,72.96577,1,5.6,5.6,5.6,,,0.66,0.66,0,0,1,VIIRS_NOAA20_SP,N20,1,0,0.0,1,0.0,comparison_area,,
EVT-DAHEJ-00554,2023-04-13 08:25:00+00:00,2023-04-13 08:25:00+00:00,21.47025,72.66721,21.47025,72.66721,1,6.35,6.35,6.35,,,0.66,0.66,0,0,1,VIIRS_NOAA20_SP,N20,1,0,0.0,1,0.0,comparison_area,,
EVT-DAHEJ-00555,2023-04-13 08:25:00+00:00,2023-04-13 08:25:00+00:00,22.02123,72.79893,22.02123,72.79893,1,2.65,2.65,2.65,,,0.66,0.66,0,0,1,VIIRS_NOAA20_SP,N20,1,0,0.0,1,0.0,comparison_area,,
EVT-DAHEJ-00556,2023-04-14 08:07:00+00:00,2023-04-14 08:07:00+00:00,21.71481,72.70505,21.71481,72.70505,1,13.95,13.95,13.95,,,0.33,0.33,0,0,1,VIIRS_NOAA20_SP,N20,1,0,0.0,1,0.0,dahej_core,,
EVT-DAHEJ-00557,2023-04-14 08:07:00+00:00,2023-04-14 08:07:00+00:00,21.92831,72.97894,21.92831,72.97894,1,8.93,8.93,8.93,,,0.33,0.33,0,0,1,VIIRS_NOAA20_SP,N20,1,0,0.0,1,0.0,comparison_area,,
EVT-DAHEJ-00558,2023-04-14 08:07:00+00:00,2023-04-14 08:07:00+00:00,21.91778,72.68156,21.91778,72.68156,1,12.14,12.14,12.14,,,0.33,0.33,0,0,1,VIIRS_NOAA20_SP,N20,1,0,0.0,1,0.0,dahej_fringe,,
EVT-DAHEJ-00559,2023-04-14 08:58:00+00:00,2023-04-14 08:58:00+00:00,21.71643,72.64986,21.71643,72.64986,1,2.78,2.78,2.78,,,0.66,0.66,0,0,1,VIIRS_SNPP_SP,N,1,0,0.0,1,0.0,dahej_core,,
EVT-DAHEJ-00560,2023-04-14 08:59:00+00:00,2023-04-14 08:59:00+00:00,21.91687,72.80389,21.91687,72.80389,1,7.8,7.8,7.8,,,0.33,0.33,0,0,1,VIIRS_SNPP_SP,N,1,0,0.0,1,0.0,dahej_fringe,,
EVT-DAHEJ-00561,2023-04-15 07:48:00+00:00,2023-04-15 07:48:00+00:00,21.96163,72.59225,21.96163,72.59225,1,31.41,31.41,31.41,,,0.33,0.33,0,1,1,VIIRS_NOAA20_SP,N20,1,0,0.0,1,0.0,comparison_area,,
EVT-DAHEJ-00562,2023-04-15 07:48:00+00:00,2023-04-15 07:48:00+00:00,21.87387,72.94341,21.87387,72.94341,1,12.2,12.2,12.2,,,0.66,0.66,0,0,1,VIIRS_NOAA20_SP,N20,1,0,0.0,1,0.0,comparison_area,,
EVT-DAHEJ-00563,2023-04-15 07:48:00+00:00,2023-04-15 07:48:00+00:00,22.01589,72.9494,22.01589,72.9494,1,3.57,3.57,3.57,,,0.66,0.66,0,0,1,VIIRS_NOAA20_SP,N20,1,0,0.0,1,0.0,comparison_area,,
EVT-DAHEJ-00564,2023-04-15 07:48:00+00:00,2023-04-15 07:48:00+00:00,22.02572,72.80717,22.02572,72.80717,1,9.71,9.71,9.71,,,0.33,0.33,0,0,1,VIIRS_NOAA20_SP,N20,1,0,0.0,1,0.0,comparison_area,,
EVT-DAHEJ-00565,2023-04-15 07:48:00+00:00,2023-04-15 08:40:00+00:00,21.372635,72.666015,21.37089,72.66605,2,9.52,8.465,7.41,1.491995308303615,-0.22163865546218484,0.33,0.33,0,0,2,VIIRS_NOAA20_SP;VIIRS_SNPP_SP,N;N20,2,0,0.8666666666666667,1,0.3881385165454928,comparison_area,,
EVT-DAHEJ-00566,2023-04-15 08:40:00+00:00,2023-04-15 08:40:00+00:00,21.94747,72.93087,21.94747,72.93087,1,6.64,6.64,6.64,,,0.33,0.33,0,0,1,VIIRS_SNPP_SP,N,1,0,0.0,1,0.0,comparison_area,,
EVT-DAHEJ-00567,2023-04-15 08:40:00+00:00,2023-04-15 08:40:00+00:00,22.04393,72.87346,22.04393,72.87346,1,8.36,8.36,8.36,,,0.66,0.66,0,0,1,VIIRS_SNPP_SP,N,1,0,0.0,1,0.0,comparison_area,,
EVT-DAHEJ-00568,2023-04-15 08:40:00+00:00,2023-04-15 08:40:00+00:00,21.77559,72.65826,21.77559,72.65826,1,62.42,62.42,62.42,,,0.33,0.33,0,1,1,VIIRS_SNPP_SP,N,1,0,0.0,1,0.0,dahej_core,,
EVT-DAHEJ-00569,2023-04-16 07:29:00+00:00,2023-04-16 08:21:00+00:00,21.7151,72.54767000000001,21.71128,72.54996,4,16.8,10.155000000000001,16.8,5.000409983191378,1.6666666666666667,0.66,0.49500000000000005,0,0,2,VIIRS_NOAA20_SP;VIIRS_SNPP_SP,N;N20,4,0,0.8666666666666667,1,0.9331445379335674,dahej_core,,
EVT-DAHEJ-00570,2023-04-16 07:29:00+00:00,2023-04-16 07:29:00+00:00,21.51289,72.95061,21.51289,72.95061,1,9.61,9.61,9.61,,,0.66,0.66,0,0,1,VIIRS_NOAA20_SP,N20,1,0,0.0,1,0.0,comparison_area,,
EVT-DAHEJ-00571,2023-04-16 08:21:00+00:00,2023-04-16 08:21:00+00:00,22.09196,72.79368,22.09196,72.79368,1,5.75,5.75,5.75,,,0.33,0.33,0,0,1,VIIRS_SNPP_SP,N,1,0,0.0,1,0.0,comparison_area,,
EVT-DAHEJ-00572,2023-04-16 08:21:00+00:00,2023-04-16 08:21:00+00:00,21.717135,72.544105,21.71879,72.54381,2,16.8,14.010000000000002,16.8,3.9456558390209353,0.49732620320855614,0.66,0.495,0,0,1,VIIRS_SNPP_SP,N,2,0,0.0,1,0.373068008058264,dahej_core,,
EVT-DAHEJ-00573,2023-04-16 08:21:00+00:00,2023-04-16 09:10:00+00:00,22.08448,72.60144333333334,22.08587,72.60063,3,20.8,17.80666666666667,18.99,3.7285966975972786,0.39325018341892864,0.66,0.44,0,1,2,VIIRS_NOAA20_SP;VIIRS_SNPP_SP,N;N20,3,0,0.8166666666666667,1,0.43115804234425303,comparison_area,,
EVT-DAHEJ-00574,2023-04-16 08:21:00+00:00,2023-04-16 08:21:00+00:00,21.6214,72.77082,21.6214,72.77082,1,10.61,10.61,10.61,,,0.66,0.66,0,0,1,VIIRS_SNPP_SP,N,1,0,0.0,1,0.0,dahej_fringe,,
EVT-DAHEJ-00575,2023-04-16 09:09:00+00:00,2023-04-16 09:09:00+00:00,21.90494,72.99084,21.90494,72.99084,1,0.89,0.89,0.89,,,0.33,0.33,0,0,1,VIIRS_NOAA20_SP,N20,1,0,0.0,1,0.0,comparison_area,,
EVT-DAHEJ-00576,2023-04-16 09:09:00+00:00,2023-04-16 09:10:00+00:00,22.08688,72.804485,22.08573,72.80328,2,8.95,8.92,8.95,0.042426406871191945,0.006749156355455424,0.66,0.495,0,0,1,VIIRS_NOAA20_SP,N20,2,0,0.016666666666666666,1,0.35646515783960847,comparison_area,,
EVT-DAHEJ-00577,2023-04-16 09:09:00+00:00,2023-04-16 09:09:00+00:00,22.010365,72.758965,22.01179,72.75955,2,10.91,10.045,10.91,1.2232947314527276,0.1884531590413944,0.66,0.495,0,0,1,VIIRS_NOAA20_SP,N20,2,0,0.0,1,0.33908355969050846,comparison_area,,
EVT-DAHEJ-00578,2023-04-16 20:50:00+00:00,2023-04-16 20:50:00+00:00,21.78076,72.639,21.78076,72.639,1,1.36,1.36,1.36,,,0.66,0.66,0,0,1,VIIRS_SNPP_SP,N,0,1,0.0,1,0.0,dahej_core,,
EVT-DAHEJ-00579,2023-04-17 08:02:00+00:00,2023-04-17 08:02:00+00:00,21.458895,72.68431,21.46088,72.6839,2,11.18,11.18,11.18,0.0,0.0,1.0,0.8300000000000001,1,0,1,VIIRS_SNPP_SP,N,2,0,0.0,1,0.4495267907815638,comparison_area,,
EVT-DAHEJ-00580,2023-04-17 08:51:00+00:00,2023-04-17 08:51:00+00:00,21.89477,72.96538,21.89477,72.96538,1,6.49,6.49,6.49,,,0.33,0.33,0,0,1,VIIRS_NOAA20_SP,N20,1,0,0.0,1,0.0,comparison_area,,
EVT-DAHEJ-00581,2023-04-18 07:43:00+00:00,2023-04-18 07:43:00+00:00,22.00349,72.65143,22.00349,72.65143,1,9.45,9.45,9.45,,,0.66,0.66,0,0,1,VIIRS_SNPP_SP,N,1,0,0.0,1,0.0,comparison_area,,
EVT-DAHEJ-00582,2023-04-18 07:43:00+00:00,2023-04-18 07:43:00+00:00,21.99089,72.69555,21.99089,72.69555,1,10.59,10.59,10.59,,,0.66,0.66,0,0,1,VIIRS_SNPP_SP,N,1,0,0.0,1,0.0,comparison_area,,
EVT-DAHEJ-00583,2023-04-18 07:43:00+00:00,2023-04-18 07:43:00+00:00,21.48074,72.7533,21.48074,72.7533,1,3.47,3.47,3.47,,,0.33,0.33,0,0,1,VIIRS_SNPP_SP,N,1,0,0.0,1,0.0,comparison_area,,
EVT-DAHEJ-00584,2023-04-18 08:32:00+00:00,2023-04-18 08:32:00+00:00,21.71288,72.5479,21.71288,72.5479,1,16.0,16.0,16.0,,,0.33,0.33,0,0,1,VIIRS_NOAA20_SP,N20,1,0,0.0,1,0.0,dahej_core,,
EVT-DAHEJ-00585,2023-04-18 08:32:00+00:00,2023-04-18 08:32:00+00:00,22.05051,72.8591,22.05051,72.8591,1,11.48,11.48,11.48,,,0.66,0.66,0,0,1,VIIRS_NOAA20_SP,N20,1,0,0.0,1,0.0,comparison_area,,
EVT-DAHEJ-00586,2023-04-18 08:32:00+00:00,2023-04-18 08:32:00+00:00,21.73028,72.83949,21.73017,72.84015,2,11.71,11.545000000000002,11.71,0.23334523779156074,0.028998242530755718,0.33,0.33,0,0,1,VIIRS_NOAA20_SP,N20,2,0,0.0,1,0.13852420531724668,dahej_fringe,,
EVT-DAHEJ-00587,2023-04-18 08:32:00+00:00,2023-04-18 08:32:00+00:00,21.64799,72.89978,21.64799,72.89978,1,4.67,4.67,4.67,,,0.33,0.33,0,0,1,VIIRS_NOAA20_SP,N20,1,0,0.0,1,0.0,comparison_area,,
EVT-DAHEJ-00588,2023-04-18 21:00:00+00:00,2023-04-18 21:00:00+00:00,21.83008,72.80399,21.83008,72.80399,1,4.7,4.7,4.7,,,0.66,0.66,0,0,1,VIIRS_NOAA20_SP,N20,0,1,0.0,1,0.0,dahej_fringe,,
EVT-DAHEJ-00589,2023-04-19 08:13:00+00:00,2023-04-19 08:13:00+00:00,21.96143,72.61021,21.96143,72.61021,1,11.25,11.25,11.25,,,0.33,0.33,0,0,1,VIIRS_NOAA20_SP,N20,1,0,0.0,1,0.0,comparison_area,,
EVT-DAHEJ-00590,2023-04-19 08:13:00+00:00,2023-04-19 08:13:00+00:00,21.70591,72.77032,21.70591,72.77032,1,12.0,12.0,12.0,,,0.33,0.33,0,0,1,VIIRS_NOAA20_SP,N20,1,0,0.0,1,0.0,dahej_fringe,,
EVT-DAHEJ-00591,2023-04-19 08:13:00+00:00,2023-04-19 08:13:00+00:00,21.8974,72.77924,21.8974,72.77924,1,9.84,9.84,9.84,,,0.33,0.33,0,0,1,VIIRS_NOAA20_SP,N20,1,0,0.0,1,0.0,dahej_fringe,,
EVT-DAHEJ-00592,2023-04-19 19:53:00+00:00,2023-04-19 21:33:00+00:00,22.036744000000002,72.591114,22.03929,72.59113,5,2.68,2.15,1.61,0.46027165891460226,-0.09039548022598866,0.66,0.66,0,0,2,VIIRS_NOAA20_SP;VIIRS_SNPP_SP,N;N20,0,5,1.6666666666666667,1,0.5824336824318896,comparison_area,,
EVT-DAHEJ-00593,2023-04-20 07:54:00+00:00,2023-04-20 07:54:00+00:00,21.51384,72.95824,21.51384,72.95824,1,5.55,5.55,5.55,,,0.33,0.33,0,0,1,VIIRS_NOAA20_SP,N20,1,0,0.0,1,0.0,comparison_area,,
EVT-DAHEJ-00594,2023-04-20 07:54:00+00:00,2023-04-20 07:54:00+00:00,21.7284,72.778,21.7284,72.778,1,17.13,17.13,17.13,,,0.33,0.33,0,0,1,VIIRS_NOAA20_SP,N20,1,0,0.0,1,0.0,dahej_fringe,,
EVT-DAHEJ-00595,2023-04-20 07:54:00+00:00,2023-04-20 07:54:00+00:00,22.01971,72.74847,22.01971,72.74847,1,10.75,10.75,10.75,,,0.33,0.33,0,0,1,VIIRS_NOAA20_SP,N20,1,0,0.0,1,0.0,comparison_area,,
EVT-DAHEJ-00596,2023-04-20 08:46:00+00:00,2023-04-20 08:46:00+00:00,22.08766,72.63766,22.08766,72.63766,1,12.27,12.27,12.27,,,0.66,0.66,0,0,1,VIIRS_SNPP_SP,N,1,0,0.0,1,0.0,comparison_area,,
EVT-DAHEJ-00597,2023-04-20 08:46:00+00:00,2023-04-20 08:46:00+00:00,21.41645,72.6741,21.41645,72.6741,1,11.51,11.51,11.51,,,0.66,0.66,0,0,1,VIIRS_SNPP_SP,N,1,0,0.0,1,0.0,comparison_area,,
EVT-DAHEJ-00598,2023-04-20 08:46:00+00:00,2023-04-20 08:46:00+00:00,21.6673,72.77052,21.6673,72.77052,1,7.8,7.8,7.8,,,0.66,0.66,0,0,1,VIIRS_SNPP_SP,N,1,0,0.0,1,0.0,dahej_fringe,,
EVT-DAHEJ-00599,2023-04-21 07:35:00+00:00,2023-04-21 07:35:00+00:00,21.68764,72.6636,21.68764,72.6636,1,2.49,2.49,2.49,,,0.66,0.66,0,0,1,VIIRS_NOAA20_SP,N20,1,0,0.0,1,0.0,dahej_core,,
EVT-DAHEJ-00600,2023-04-21 07:35:00+00:00,2023-04-21 07:35:00+00:00,22.0062,72.59685,22.0062,72.59685,1,1.05,1.05,1.05,,,0.66,0.66,0,0,1,VIIRS_NOAA20_SP,N20,1,0,0.0,1,0.0,comparison_area,,
EVT-DAHEJ-00601,2023-04-21 07:35:00+00:00,2023-04-21 07:35:00+00:00,22.05551,72.92178,22.05551,72.92178,1,2.96,2.96,2.96,,,0.33,0.33,0,0,1,VIIRS_NOAA20_SP,N20,1,0,0.0,1,0.0,comparison_area,,
EVT-DAHEJ-00602,2023-04-21 07:35:00+00:00,2023-04-21 07:35:00+00:00,22.08598,72.6271,22.08598,72.6271,1,2.05,2.05,2.05,,,0.66,0.66,0,0,1,VIIRS_NOAA20_SP,N20,1,0,0.0,1,0.0,comparison_area,,
EVT-DAHEJ-00603,2023-04-21 07:35:00+00:00,2023-04-21 07:35:00+00:00,22.02715,72.84879,22.02715,72.84879,1,3.29,3.29,3.29,,,0.33,0.33,0,0,1,VIIRS_NOAA20_SP,N20,1,0,0.0,1,0.0,comparison_area,,
EVT-DAHEJ-00604,2023-04-21 08:27:00+00:00,2023-04-21 08:27:00+00:00,21.71172,72.646,21.71172,72.646,1,10.52,10.52,10.52,,,0.66,0.66,0,0,1,VIIRS_SNPP_SP,N,1,0,0.0,1,0.0,dahej_core,,
EVT-DAHEJ-00605,2023-04-21 08:27:00+00:00,2023-04-21 08:27:00+00:00,22.057955,72.60822999999999,22.05628,72.60851,2,5.83,5.83,5.83,0.0,0.0,0.33,0.33,0,0,1,VIIRS_SNPP_SP,N,2,0,0.0,1,0.37694758100661646,comparison_area,,
EVT-DAHEJ-00606,2023-04-21 08:27:00+00:00,2023-04-21 08:27:00+00:00,21.50707,72.81982,21.50707,72.81982,1,3.99,3.99,3.99,,,0.66,0.66,0,0,1,VIIRS_SNPP_SP,N,1,0,0.0,1,0.0,dahej_fringe,,
EVT-DAHEJ-00607,2023-04-21 08:27:00+00:00,2023-04-21 08:27:00+00:00,21.615724999999998,72.87021999999999,21.61545,72.86831,2,3.79,3.415,3.04,0.5303300858899106,-0.19788918205804748,0.66,0.495,0,0,1,VIIRS_SNPP_SP,N,2,0,0.0,1,0.39960143255635144,comparison_area,,
EVT-DAHEJ-00608,2023-04-22 08:08:00+00:00,2023-04-22 08:08:00+00:00,21.732999999999997,72.606345,21.73135,72.60587,2,10.3,9.645,10.3,0.9263098833543776,0.14571746384872086,0.33,0.33,0,0,1,VIIRS_SNPP_SP,N,2,0,0.0,1,0.3798375675519967,dahej_core,,
EVT-DAHEJ-00609,2023-04-22 08:08:00+00:00,2023-04-22 08:08:00+00:00,21.71379,72.72252,21.71379,72.72252,1,15.27,15.27,15.27,,,0.33,0.33,0,0,1,VIIRS_SNPP_SP,N,1,0,0.0,1,0.0,dahej_core,,
EVT-DAHEJ-00610,2023-04-22 08:08:00+00:00,2023-04-22 08:08:00+00:00,21.47535,72.79515,21.47535,72.79515,1,6.04,6.04,6.04,,,0.66,0.66,0,0,1,VIIRS_SNPP_SP,N,1,0,0.0,1,0.0,comparison_area,,
EVT-DAHEJ-00611,2023-04-22 08:08:00+00:00,2023-04-22 08:08:00+00:00,21.46325,72.66101,21.46325,72.66101,1,11.13,11.13,11.13,,,0.33,0.33,0,0,1,VIIRS_SNPP_SP,N,1,0,0.0,1,0.0,comparison_area,,
EVT-DAHEJ-00612,2023-04-22 08:08:00+00:00,2023-04-22 08:08:00+00:00,21.79778,72.62263,21.79778,72.62263,1,13.1,13.1,13.1,,,0.33,0.33,0,0,1,VIIRS_SNPP_SP,N,1,0,0.0,1,0.0,dahej_core,,
EVT-DAHEJ-00613,2023-04-22 08:57:00+00:00,2023-04-22 08:57:00+00:00,21.51833,72.77477,21.51833,72.77477,1,1.11,1.11,1.11,,,0.66,0.66,0,0,1,VIIRS_NOAA20_SP,N20,1,0,0.0,1,0.0,dahej_fringe,,
EVT-DAHEJ-00614,2023-04-22 08:57:00+00:00,2023-04-22 08:57:00+00:00,21.49825,72.74546,21.49825,72.74546,1,2.36,2.36,2.36,,,0.66,0.66,0,0,1,VIIRS_NOAA20_SP,N20,1,0,0.0,1,0.0,comparison_area,,
EVT-DAHEJ-00615,2023-04-22 08:57:00+00:00,2023-04-22 08:57:00+00:00,21.9736775,72.6256825,21.97093,72.6243,4,5.54,5.54,5.54,0.0,0.0,1.0,0.7450000000000001,1,0,1,VIIRS_NOAA20_SP,N20,4,0,0.0,1,0.6749881035134949,comparison_area,,
EVT-DAHEJ-00616,2023-04-22 08:57:00+00:00,2023-04-22 08:57:00+00:00,21.40011,72.66188,21.39899,72.66121,2,4.27,4.09,4.27,0.2545584412271567,0.09207161125319678,0.66,0.495,0,0,1,VIIRS_NOAA20_SP,N20,2,0,0.0,1,0.2851051469605814,comparison_area,,
EVT-DAHEJ-00617,2023-04-22 08:57:00+00:00,2023-04-22 08:57:00+00:00,21.93939,72.84993,21.93939,72.84993,1,2.77,2.77,2.77,,,0.33,0.33,0,0,1,VIIRS_NOAA20_SP,N20,1,0,0.0,1,0.0,dahej_fringe,,
EVT-DAHEJ-00618,2023-04-22 08:57:00+00:00,2023-04-22 08:57:00+00:00,22.07797,72.68743,22.07797,72.68743,1,4.73,4.73,4.73,,,0.33,0.33,0,0,1,VIIRS_NOAA20_SP,N20,1,0,0.0,1,0.0,comparison_area,,
EVT-DAHEJ-00619,2023-04-22 08:57:00+00:00,2023-04-22 08:57:00+00:00,21.99375,72.80575,21.99375,72.80575,1,3.31,3.31,3.31,,,0.66,0.66,0,0,1,VIIRS_NOAA20_SP,N20,1,0,0.0,1,0.0,comparison_area,,
EVT-DAHEJ-00620,2023-04-22 20:37:00+00:00,2023-04-22 20:37:00+00:00,22.03266,72.58932,22.03266,72.58932,1,1.01,1.01,1.01,,,0.66,0.66,0,0,1,VIIRS_SNPP_SP,N,0,1,0.0,1,0.0,comparison_area,,
EVT-DAHEJ-00621,2023-04-23 07:49:00+00:00,2023-04-23 07:49:00+00:00,22.01274,72.7964,22.01274,72.7964,1,8.56,8.56,8.56,,,0.33,0.33,0,0,1,VIIRS_SNPP_SP,N,1,0,0.0,1,0.0,comparison_area,,
EVT-DAHEJ-00622,2023-04-23 07:49:00+00:00,2023-04-23 07:49:00+00:00,21.44881,72.77422,21.44881,72.77422,1,14.57,14.57,14.57,,,0.66,0.66,0,0,1,VIIRS_SNPP_SP,N,1,0,0.0,1,0.0,comparison_area,,
EVT-DAHEJ-00623,2023-04-23 07:49:00+00:00,2023-04-23 07:49:00+00:00,22.02363,72.62952,22.02363,72.62952,1,19.14,19.14,19.14,,,0.33,0.33,0,0,1,VIIRS_SNPP_SP,N,1,0,0.0,1,0.0,comparison_area,,
EVT-DAHEJ-00624,2023-04-23 07:49:00+00:00,2023-04-23 07:49:00+00:00,21.64255,72.82741,21.64173,72.82486,3,10.81,7.260000000000001,6.26,3.1705677724975385,0.32908704883227174,0.66,0.66,0,0,1,VIIRS_SNPP_SP,N,3,0,0.0,1,0.590976248469206,dahej_fringe,,
EVT-DAHEJ-00625,2023-04-23 07:49:00+00:00,2023-04-23 07:49:00+00:00,21.62179,72.91914,21.62179,72.91914,1,1.23,1.23,1.23,,,0.33,0.33,0,0,1,VIIRS_SNPP_SP,N,1,0,0.0,1,0.0,comparison_area,,
EVT-DAHEJ-00626,2023-04-24 07:30:00+00:00,2023-04-24 07:30:00+00:00,21.55392,72.80779,21.55392,72.80779,1,3.54,3.54,3.54,,,0.33,0.33,0,0,1,VIIRS_SNPP_SP,N,1,0,0.0,1,0.0,dahej_fringe,,
EVT-DAHEJ-00627,2023-04-24 08:19:00+00:00,2023-04-25 08:52:00+00:00,21.64820125,72.82622625,21.64684,72.82576,8,19.05,15.891250000000001,15.34,2.0587127566238363,0.18090839107005385,0.66,0.66,0,0,2,VIIRS_NOAA20_SP;VIIRS_SNPP_SP,N;N20,8,0,24.55,2,0.5315459085634929,dahej_fringe,,
EVT-DAHEJ-00628,2023-04-24 08:19:00+00:00,2023-04-24 08:19:00+00:00,22.03479,72.65434,22.03479,72.65434,1,12.52,12.52,12.52,,,0.33,0.33,0,0,1,VIIRS_NOAA20_SP,N20,1,0,0.0,1,0.0,comparison_area,,
EVT-DAHEJ-00629,2023-04-25 08:00:00+00:00,2023-04-25 08:00:00+00:00,22.04841,72.85519,22.04841,72.85519,1,11.98,11.98,11.98,,,0.33,0.33,0,0,1,VIIRS_NOAA20_SP,N20,1,0,0.0,1,0.0,comparison_area,,
EVT-DAHEJ-00630,2023-04-25 08:00:00+00:00,2023-04-25 08:00:00+00:00,22.01339,72.59851,22.01339,72.59851,1,15.98,15.98,15.98,,,0.33,0.33,0,0,1,VIIRS_NOAA20_SP,N20,1,0,0.0,1,0.0,comparison_area,,
EVT-DAHEJ-00631,2023-04-25 08:00:00+00:00,2023-04-25 08:52:00+00:00,21.43002,72.92775499999999,21.43053,72.92822,2,5.06,3.415,5.06,2.326381310103741,1.8587570621468925,0.33,0.33,0,0,2,VIIRS_NOAA20_SP;VIIRS_SNPP_SP,N;N20,2,0,0.8666666666666667,1,0.14876237075042462,comparison_area,,
EVT-DAHEJ-00632,2023-04-25 08:00:00+00:00,2023-04-25 08:00:00+00:00,22.03303,72.68338,22.03303,72.68338,1,24.8,24.8,24.8,,,0.66,0.66,0,1,1,VIIRS_NOAA20_SP,N20,1,0,0.0,1,0.0,comparison_area,,
EVT-DAHEJ-00633,2023-04-25 08:52:00+00:00,2023-04-25 08:52:00+00:00,21.99397,72.54871,21.99397,72.54871,1,6.65,6.65,6.65,,,0.66,0.66,0,0,1,VIIRS_SNPP_SP,N,1,0,0.0,1,0.0,comparison_area,,
EVT-DAHEJ-00634,2023-04-25 08:52:00+00:00,2023-04-25 08:52:00+00:00,22.085265,72.81694,22.08612,72.81631,2,8.49,7.985,7.48,0.7141778489984129,-0.1189634864546525,0.66,0.66,0,0,1,VIIRS_SNPP_SP,N,2,0,0.0,1,0.23023741438441514,comparison_area,,
EVT-DAHEJ-00635,2023-04-25 20:29:00+00:00,2023-04-25 20:29:00+00:00,21.90593,72.75511,21.90593,72.75511,1,2.7,2.7,2.7,,,0.66,0.66,0,0,1,VIIRS_NOAA20_SP,N20,0,1,0.0,1,0.0,dahej_fringe,,
EVT-DAHEJ-00636,2023-04-26 07:42:00+00:00,2023-04-26 07:42:00+00:00,21.62321,72.95025,21.62321,72.95025,1,2.1,2.1,2.1,,,0.66,0.66,0,0,1,VIIRS_NOAA20_SP,N20,1,0,0.0,1,0.0,comparison_area,,
EVT-DAHEJ-00637,2023-04-26 08:33:00+00:00,2023-04-26 08:33:00+00:00,21.64621,72.82539,21.64577,72.82367,2,5.72,4.89,5.72,1.1737972567696688,0.4088669950738917,0.66,0.66,0,0,1,VIIRS_SNPP_SP,N,2,0,0.0,1,0.36875585833524943,dahej_fringe,,
EVT-DAHEJ-00638,2023-04-26 08:33:00+00:00,2023-04-26 08:33:00+00:00,21.82257,72.96449,21.82257,72.96449,1,2.72,2.72,2.72,,,0.33,0.33,0,0,1,VIIRS_SNPP_SP,N,1,0,0.0,1,0.0,comparison_area,,
EVT-DAHEJ-00639,2023-04-26 08:33:00+00:00,2023-04-26 08:33:00+00:00,22.09986,72.70128,22.09986,72.70128,1,8.04,8.04,8.04,,,0.66,0.66,0,0,1,VIIRS_SNPP_SP,N,1,0,0.0,1,0.0,comparison_area,,
EVT-DAHEJ-00640,2023-04-26 08:33:00+00:00,2023-04-26 08:33:00+00:00,22.00804,72.58076,22.00804,72.58076,1,11.48,11.48,11.48,,,0.33,0.33,0,0,1,VIIRS_SNPP_SP,N,1,0,0.0,1,0.0,comparison_area,,
EVT-DAHEJ-00641,2023-04-27 08:14:00+00:00,2023-04-27 08:14:00+00:00,21.77662,72.73682,21.77662,72.73682,1,4.76,4.76,4.76,,,0.33,0.33,0,0,1,VIIRS_SNPP_SP,N,1,0,0.0,1,0.0,dahej_core,,
EVT-DAHEJ-00642,2023-04-27 09:03:00+00:00,2023-04-27 09:03:00+00:00,22.007345,72.72966,22.00688,72.72964,2,4.58,4.01,3.44,0.8061017305526643,-0.24890829694323147,0.66,0.66,0,0,1,VIIRS_NOAA20_SP,N20,2,0,0.0,1,0.10349361231010387,comparison_area,,
EVT-DAHEJ-00643,2023-04-27 09:03:00+00:00,2023-04-27 09:03:00+00:00,22.02378,72.64632,22.02378,72.64632,1,3.09,3.09,3.09,,,0.66,0.66,0,0,1,VIIRS_NOAA20_SP,N20,1,0,0.0,1,0.0,comparison_area,,
EVT-DAHEJ-00644,2023-04-27 20:43:00+00:00,2023-04-27 21:32:00+00:00,21.79465,72.64737333333333,21.79218,72.64674,3,3.41,2.07,3.41,1.1604740410711478,1.435714285714286,0.66,0.66,0,0,2,VIIRS_NOAA20_SP;VIIRS_SNPP_SP,N;N20,0,3,0.8166666666666667,1,0.4662551783771544,dahej_core,,
EVT-DAHEJ-00645,2023-04-27 21:32:00+00:00,2023-04-27 21:32:00+00:00,21.68855,72.56158,21.68855,72.56158,1,1.65,1.65,1.65,,,0.66,0.66,0,0,1,VIIRS_NOAA20_SP,N20,0,1,0.0,1,0.0,dahej_core,,
EVT-DAHEJ-00646,2023-04-29 08:26:00+00:00,2023-04-29 08:26:00+00:00,22.03037,72.92081,22.03037,72.92081,1,4.18,4.18,4.18,,,0.66,0.66,0,0,1,VIIRS_NOAA20_SP,N20,1,0,0.0,1,0.0,comparison_area,,
EVT-DAHEJ-00647,2023-04-30 08:07:00+00:00,2023-04-30 08:07:00+00:00,21.86409,72.7062,21.86409,72.7062,1,9.06,9.06,9.06,,,0.33,0.33,0,0,1,VIIRS_NOAA20_SP,N20,1,0,0.0,1,0.0,dahej_fringe,,
EVT-DAHEJ-00648,2023-04-30 08:07:00+00:00,2023-04-30 08:07:00+00:00,21.56876,72.88932,21.56876,72.88932,1,5.2,5.2,5.2,,,0.33,0.33,0,0,1,VIIRS_NOAA20_SP,N20,1,0,0.0,1,0.0,comparison_area,,
EVT-DAHEJ-00649,2023-04-30 08:58:00+00:00,2023-04-30 08:58:00+00:00,21.99787,72.8306,21.99787,72.8306,1,1.71,1.71,1.71,,,0.33,0.33,0,0,1,VIIRS_SNPP_SP,N,1,0,0.0,1,0.0,comparison_area,,
EVT-DAHEJ-00650,2023-04-30 08:58:00+00:00,2023-04-30 08:58:00+00:00,21.74561,72.74949,21.74561,72.74949,1,1.39,1.39,1.39,,,0.66,0.66,0,0,1,VIIRS_SNPP_SP,N,1,0,0.0,1,0.0,dahej_core,,
EVT-DAHEJ-00651,2023-05-02 07:29:00+00:00,2023-05-02 07:29:00+00:00,22.07505,72.54464,22.07505,72.54464,1,10.08,10.08,10.08,,,0.66,0.66,0,0,1,VIIRS_NOAA20_SP,N20,1,0,0.0,1,0.0,comparison_area,,
EVT-DAHEJ-00652,2023-05-02 08:20:00+00:00,2023-05-02 08:20:00+00:00,21.70915,72.65078,21.70915,72.65078,1,8.14,8.14,8.14,,,0.33,0.33,0,0,1,VIIRS_SNPP_SP,N,1,0,0.0,1,0.0,dahej_core,,
EVT-DAHEJ-00653,2023-05-02 08:20:00+00:00,2023-05-02 08:20:00+00:00,21.40891,72.74643,21.40891,72.74643,1,2.81,2.81,2.81,,,0.33,0.33,0,0,1,VIIRS_SNPP_SP,N,1,0,0.0,1,0.0,comparison_area,,
EVT-DAHEJ-00654,2023-05-02 09:10:00+00:00,2023-05-02 09:10:00+00:00,21.74619,72.83075,21.74619,72.83075,1,2.03,2.03,2.03,,,0.66,0.66,0,0,1,VIIRS_NOAA20_SP,N20,1,0,0.0,1,0.0,dahej_fringe,,
EVT-DAHEJ-00655,2023-05-03 08:51:00+00:00,2023-05-03 08:51:00+00:00,21.73343,72.61076,21.73343,72.61076,1,2.22,2.22,2.22,,,0.33,0.33,0,0,1,VIIRS_NOAA20_SP,N20,1,0,0.0,1,0.0,dahej_core,,
EVT-DAHEJ-00656,2023-05-04 07:43:00+00:00,2023-05-04 08:32:00+00:00,21.8336225,72.65838500000001,21.83443,72.65869,4,17.41,12.67,14.1,5.301490356494106,1.7810650887573962,0.66,0.66,0,0,2,VIIRS_NOAA20_SP;VIIRS_SNPP_SP,N;N20,4,0,0.8166666666666667,1,0.42877037533933593,dahej_core,,
EVT-DAHEJ-00657,2023-05-04 07:43:00+00:00,2023-05-04 07:43:00+00:00,21.824005,72.63667000000001,21.8244,72.63847,2,6.71,6.52,6.71,0.268700576850888,0.06003159557661925,0.66,0.66,0,0,1,VIIRS_SNPP_SP,N,2,0,0.0,1,0.381854129827595,dahej_core,,
EVT-DAHEJ-00658,2023-05-04 08:32:00+00:00,2023-05-04 08:32:00+00:00,22.04879,72.61623,22.04879,72.61623,1,16.76,16.76,16.76,,,0.66,0.66,0,0,1,VIIRS_NOAA20_SP,N20,1,0,0.0,1,0.0,comparison_area,,
EVT-DAHEJ-00659,2023-05-05 08:13:00+00:00,2023-05-05 08:13:00+00:00,21.45691,72.66941,21.45691,72.66941,1,8.71,8.71,8.71,,,0.33,0.33,0,0,1,VIIRS_NOAA20_SP,N20,1,0,0.0,1,0.0,comparison_area,,
EVT-DAHEJ-00660,2023-05-05 08:13:00+00:00,2023-05-05 08:13:00+00:00,22.07142,72.60009,22.07142,72.60009,1,15.85,15.85,15.85,,,0.66,0.66,0,0,1,VIIRS_NOAA20_SP,N20,1,0,0.0,1,0.0,comparison_area,,
EVT-DAHEJ-00661,2023-05-05 08:13:00+00:00,2023-05-05 08:13:00+00:00,21.55753,72.91596,21.55753,72.91596,1,2.71,2.71,2.71,,,0.33,0.33,0,0,1,VIIRS_NOAA20_SP,N20,1,0,0.0,1,0.0,comparison_area,,
EVT-DAHEJ-00662,2023-05-06 08:46:00+00:00,2023-05-06 08:46:00+00:00,21.99622,72.74055,21.99622,72.74055,1,7.59,7.59,7.59,,,0.66,0.66,0,0,1,VIIRS_SNPP_SP,N,1,0,0.0,1,0.0,comparison_area,,
EVT-DAHEJ-00663,2023-05-07 07:35:00+00:00,2023-05-07 07:35:00+00:00,21.760335,72.67006,21.76001,72.66964,2,5.51,4.005,2.5,2.1283914113715077,-0.5462794918330308,0.66,0.66,0,0,1,VIIRS_NOAA20_SP,N20,2,0,0.0,1,0.11291226389635305,dahej_core,,
EVT-DAHEJ-00664,2023-05-07 08:27:00+00:00,2023-05-07 08:27:00+00:00,21.40415,72.67686,21.40415,72.67686,1,6.93,6.93,6.93,,,0.66,0.66,0,0,1,VIIRS_SNPP_SP,N,1,0,0.0,1,0.0,comparison_area,,
EVT-DAHEJ-00665,2023-05-07 09:16:00+00:00,2023-05-07 09:16:00+00:00,21.782925,72.71497500000001,21.78268,72.71154,2,3.93,3.93,3.93,0.0,0.0,0.66,0.66,0,0,1,VIIRS_NOAA20_SP,N20,2,0,0.0,1,0.7114537232952916,dahej_core,,
EVT-DAHEJ-00666,2023-05-07 09:16:00+00:00,2023-05-07 09:16:00+00:00,21.7059,72.802,21.7059,72.802,1,3.64,3.64,3.64,,,0.66,0.66,0,0,1,VIIRS_NOAA20_SP,N20,1,0,0.0,1,0.0,dahej_fringe,,
EVT-DAHEJ-00667,2023-05-07 20:55:00+00:00,2023-05-07 20:55:00+00:00,21.43342,72.97529,21.43342,72.97529,1,0.69,0.69,0.69,,,0.66,0.66,0,0,1,VIIRS_SNPP_SP,N,0,1,0.0,1,0.0,comparison_area,,
EVT-DAHEJ-00668,2023-05-08 08:08:00+00:00,2023-05-08 08:08:00+00:00,21.41771,72.88615,21.41771,72.88615,1,4.06,4.06,4.06,,,0.33,0.33,0,0,1,VIIRS_SNPP_SP,N,1,0,0.0,1,0.0,comparison_area,,
EVT-DAHEJ-00669,2023-05-08 08:08:00+00:00,2023-05-08 08:08:00+00:00,21.71879,72.69961,21.71879,72.69961,1,16.21,16.21,16.21,,,0.33,0.33,0,0,1,VIIRS_SNPP_SP,N,1,0,0.0,1,0.0,dahej_core,,
EVT-DAHEJ-00670,2023-05-08 08:08:00+00:00,2023-05-08 08:08:00+00:00,21.849425,72.955705,21.84954,72.95432,2,2.37,1.695,1.02,0.9545941546018393,-0.569620253164557,0.33,0.33,0,0,1,VIIRS_SNPP_SP,N,2,0,0.0,1,0.2870261550870701,comparison_area,,
EVT-DAHEJ-00671,2023-05-08 08:08:00+00:00,2023-05-08 08:08:00+00:00,21.72862,72.81944,21.72862,72.81944,1,12.12,12.12,12.12,,,0.33,0.33,0,0,1,VIIRS_SNPP_SP,N,1,0,0.0,1,0.0,dahej_fringe,,
EVT-DAHEJ-00672,2023-05-08 08:57:00+00:00,2023-05-08 08:57:00+00:00,21.89717,72.65868,21.89717,72.65868,1,6.64,6.64,6.64,,,0.66,0.66,0,0,1,VIIRS_NOAA20_SP,N20,1,0,0.0,1,0.0,dahej_fringe,,
EVT-DAHEJ-00673,2023-05-08 08:57:00+00:00,2023-05-08 08:57:00+00:00,21.795025000000003,72.647815,21.79519,72.64947,2,5.96,5.96,5.96,0.0,0.0,0.66,0.495,0,0,1,VIIRS_NOAA20_SP,N20,2,0,0.0,1,0.34371073180196415,dahej_core,,
EVT-DAHEJ-00674,2023-05-08 08:57:00+00:00,2023-05-08 08:57:00+00:00,22.02393,72.809605,22.0241,72.8113,2,6.14,6.14,6.14,0.0,0.0,1.0,0.8300000000000001,1,0,1,VIIRS_NOAA20_SP,N20,2,0,0.0,1,0.3514833538907949,comparison_area,,
EVT-DAHEJ-00675,2023-05-08 08:57:00+00:00,2023-05-08 08:57:00+00:00,21.42772,72.79585,21.42772,72.79585,1,2.69,2.69,2.69,,,0.66,0.66,0,0,1,VIIRS_NOAA20_SP,N20,1,0,0.0,1,0.0,comparison_area,,
EVT-DAHEJ-00676,2023-05-08 08:57:00+00:00,2023-05-08 08:57:00+00:00,22.01007,72.83005,22.01007,72.83005,1,4.7,4.7,4.7,,,0.66,0.66,0,0,1,VIIRS_NOAA20_SP,N20,1,0,0.0,1,0.0,comparison_area,,
EVT-DAHEJ-00677,2023-05-08 08:57:00+00:00,2023-05-08 08:57:00+00:00,22.07017,72.7364,22.07017,72.7364,1,4.57,4.57,4.57,,,0.66,0.66,0,0,1,VIIRS_NOAA20_SP,N20,1,0,0.0,1,0.0,comparison_area,,
EVT-DAHEJ-00678,2023-05-08 08:57:00+00:00,2023-05-08 08:57:00+00:00,21.48614,72.6991,21.48614,72.6991,1,2.59,2.59,2.59,,,0.66,0.66,0,0,1,VIIRS_NOAA20_SP,N20,1,0,0.0,1,0.0,comparison_area,,
EVT-DAHEJ-00679,2023-05-09 07:49:00+00:00,2023-05-09 07:49:00+00:00,21.92093,72.79616,21.92093,72.79616,1,15.37,15.37,15.37,,,0.66,0.66,0,0,1,VIIRS_SNPP_SP,N,1,0,0.0,1,0.0,dahej_fringe,,
EVT-DAHEJ-00680,2023-05-09 07:49:00+00:00,2023-05-09 08:38:00+00:00,21.83267,72.6346525,21.83159,72.63321,4,28.64,18.962500000000002,9.51,8.61116087799239,-0.34004163775156143,1.0,0.7450000000000001,1,2,2,VIIRS_NOAA20_SP;VIIRS_SNPP_SP,N;N20,4,0,0.8166666666666667,1,0.4763501750728285,dahej_core,,
EVT-DAHEJ-00681,2023-05-09 08:38:00+00:00,2023-05-09 08:38:00+00:00,21.9896,72.56696,21.9896,72.56696,1,17.11,17.11,17.11,,,0.33,0.33,0,0,1,VIIRS_NOAA20_SP,N20,1,0,0.0,1,0.0,comparison_area,,
EVT-DAHEJ-00682,2023-05-09 08:38:00+00:00,2023-05-09 08:38:00+00:00,22.02079,72.77932,22.02079,72.77932,1,16.03,16.03,16.03,,,0.33,0.33,0,0,1,VIIRS_NOAA20_SP,N20,1,0,0.0,1,0.0,comparison_area,,
EVT-DAHEJ-00683,2023-05-10 07:30:00+00:00,2023-05-10 07:30:00+00:00,22.00654,72.71893,22.00654,72.71893,1,21.48,21.48,21.48,,,0.66,0.66,0,1,1,VIIRS_SNPP_SP,N,1,0,0.0,1,0.0,comparison_area,,
EVT-DAHEJ-00684,2023-05-10 07:30:00+00:00,2023-05-10 07:30:00+00:00,22.082214999999998,72.80608,22.08368,72.80702,2,9.99,8.635,7.28,1.9162593770155436,-0.27127127127127126,0.33,0.33,0,0,1,VIIRS_SNPP_SP,N,2,0,0.0,1,0.3790396953182245,comparison_area,,
EVT-DAHEJ-00685,2023-05-10 07:30:00+00:00,2023-05-10 07:30:00+00:00,22.07128,72.73704,22.07128,72.73704,1,5.51,5.51,5.51,,,0.33,0.33,0,0,1,VIIRS_SNPP_SP,N,1,0,0.0,1,0.0,comparison_area,,
EVT-DAHEJ-00686,2023-05-10 08:19:00+00:00,2023-05-10 08:19:00+00:00,21.639200000000002,72.83415500000001,21.64085,72.83386,2,5.43,5.43,5.43,0.0,0.0,0.66,0.495,0,0,1,VIIRS_NOAA20_SP,N20,2,0,0.0,1,0.3719764436635282,dahej_fringe,,
EVT-DAHEJ-00687,2023-05-10 08:19:00+00:00,2023-05-10 08:19:00+00:00,21.43598,72.91601,21.43598,72.91601,1,4.59,4.59,4.59,,,0.66,0.66,0,0,1,VIIRS_NOAA20_SP,N20,1,0,0.0,1,0.0,comparison_area,,
EVT-DAHEJ-00688,2023-05-10 09:11:00+00:00,2023-05-10 09:11:00+00:00,22.03898,72.86622,22.03898,72.86622,1,11.84,11.84,11.84,,,0.66,0.66,0,0,1,VIIRS_SNPP_SP,N,1,0,0.0,1,0.0,comparison_area,,
EVT-DAHEJ-00689,2023-05-10 09:11:00+00:00,2023-05-10 09:11:00+00:00,22.08856,72.64546,22.08856,72.64546,1,20.52,20.52,20.52,,,0.66,0.66,0,1,1,VIIRS_SNPP_SP,N,1,0,0.0,1,0.0,comparison_area,,
EVT-DAHEJ-00690,2023-05-10 09:11:00+00:00,2023-05-10 09:11:00+00:00,21.96068,72.93351,21.96068,72.93351,1,3.68,3.68,3.68,,,0.33,0.33,0,0,1,VIIRS_SNPP_SP,N,1,0,0.0,1,0.0,comparison_area,,
EVT-DAHEJ-00691,2023-05-10 09:11:00+00:00,2023-05-10 09:11:00+00:00,21.6352,72.96819,21.6352,72.96819,1,2.05,2.05,2.05,,,0.33,0.33,0,0,1,VIIRS_SNPP_SP,N,1,0,0.0,1,0.0,comparison_area,,
EVT-DAHEJ-00692,2023-05-10 19:59:00+00:00,2023-05-11 08:52:00+00:00,21.686215,72.562426,21.68761,72.55776,10,31.67,15.294,31.67,8.777929647068772,4.3137583892617455,1.0,0.6610000000000001,1,2,2,VIIRS_NOAA20_SP;VIIRS_SNPP_SP,N;N20,2,8,12.883333333333333,2,0.8648812916984073,dahej_core,,
EVT-DAHEJ-00693,2023-05-11 08:52:00+00:00,2023-05-11 08:52:00+00:00,22.066175,72.767505,22.06852,72.76723,2,3.32,3.315,3.32,0.007071067811865324,0.003021148036253712,0.33,0.33,0,0,1,VIIRS_SNPP_SP,N,2,0,0.0,1,0.5245757654337502,comparison_area,,
EVT-DAHEJ-00694,2023-05-11 08:52:00+00:00,2023-05-11 08:52:00+00:00,21.97926,72.8828,21.97926,72.8828,1,14.97,14.97,14.97,,,0.33,0.33,0,0,1,VIIRS_SNPP_SP,N,1,0,0.0,1,0.0,comparison_area,,
EVT-DAHEJ-00695,2023-05-12 07:42:00+00:00,2023-05-12 07:42:00+00:00,21.69492,72.78129,21.69503,72.78115,2,16.07,14.17,16.07,2.687005768508881,0.30969845150774256,0.66,0.66,0,0,1,VIIRS_NOAA20_SP,N20,2,0,0.0,1,0.037885797736310185,dahej_fringe,,
EVT-DAHEJ-00696,2023-05-12 07:42:00+00:00,2023-05-12 07:42:00+00:00,21.6953,72.73376,21.6953,72.73376,1,16.5,16.5,16.5,,,0.33,0.33,0,0,1,VIIRS_NOAA20_SP,N20,1,0,0.0,1,0.0,dahej_core,,
EVT-DAHEJ-00697,2023-05-12 07:42:00+00:00,2023-05-12 07:42:00+00:00,21.93374,72.67268,21.93374,72.67268,1,19.05,19.05,19.05,,,1.0,1.0,1,0,1,VIIRS_NOAA20_SP,N20,1,0,0.0,1,0.0,dahej_fringe,,
EVT-DAHEJ-00698,2023-05-12 07:42:00+00:00,2023-05-12 07:42:00+00:00,22.04066,72.58649,22.04066,72.58649,1,16.04,16.04,16.04,,,0.33,0.33,0,0,1,VIIRS_NOAA20_SP,N20,1,0,0.0,1,0.0,comparison_area,,
EVT-DAHEJ-00699,2023-05-12 20:10:00+00:00,2023-05-12 21:02:00+00:00,21.920455,72.68541,21.91978,72.68385,2,2.21,2.01,1.81,0.28284271247461895,-0.18099547511312214,0.66,0.66,0,0,2,VIIRS_NOAA20_SP;VIIRS_SNPP_SP,N;N20,0,2,0.8666666666666667,1,0.3551328744969247,dahej_fringe,,
EVT-DAHEJ-00700,2023-05-13 09:03:00+00:00,2023-05-13 09:03:00+00:00,21.46929,72.70074,21.46929,72.70074,1,4.66,4.66,4.66,,,0.66,0.66,0,0,1,VIIRS_NOAA20_SP,N20,1,0,0.0,1,0.0,comparison_area,,
EVT-DAHEJ-00701,2023-05-13 09:03:00+00:00,2023-05-13 09:03:00+00:00,22.061005,72.62057,22.06188,72.62053,2,22.89,20.545,18.2,3.3163308037649086,-0.20489296636085633,1.0,0.8300000000000001,1,1,1,VIIRS_NOAA20_SP,N20,2,0,0.0,1,0.19476595664191776,comparison_area,,
EVT-DAHEJ-00702,2023-05-13 09:03:00+00:00,2023-05-13 09:03:00+00:00,22.08488,72.76431,22.08488,72.76431,1,10.04,10.04,10.04,,,0.33,0.33,0,0,1,VIIRS_NOAA20_SP,N20,1,0,0.0,1,0.0,comparison_area,,
EVT-DAHEJ-00703,2023-05-13 09:03:00+00:00,2023-05-13 09:03:00+00:00,21.95857,72.52859000000001,21.95717,72.52816,2,15.41,13.1,10.79,3.2668333290818503,-0.2998053212199871,1.0,1.0,2,0,1,VIIRS_NOAA20_SP,N20,2,0,0.0,1,0.3237320794362993,comparison_area,,
EVT-DAHEJ-00704,2023-05-13 09:03:00+00:00,2023-05-13 09:03:00+00:00,22.04023,72.7859,22.04023,72.7859,1,10.0,10.0,10.0,,,0.66,0.66,0,0,1,VIIRS_NOAA20_SP,N20,1,0,0.0,1,0.0,comparison_area,,
EVT-DAHEJ-00705,2023-05-14 07:55:00+00:00,2023-05-14 08:44:00+00:00,21.44337,72.82595,21.44383,72.82525,2,2.92,2.9,2.88,0.028284271247461926,-0.013698630136986314,0.66,0.495,0,0,2,VIIRS_NOAA20_SP;VIIRS_SNPP_SP,N;N20,2,0,0.8166666666666667,1,0.17737084163205005,comparison_area,,
EVT-DAHEJ-00706,2023-05-14 07:55:00+00:00,2023-05-14 07:55:00+00:00,21.41597,72.82197,21.41597,72.82197,1,10.08,10.08,10.08,,,0.66,0.66,0,0,1,VIIRS_SNPP_SP,N,1,0,0.0,1,0.0,comparison_area,,
EVT-DAHEJ-00707,2023-05-14 08:44:00+00:00,2023-05-14 08:44:00+00:00,21.641375,72.83435,21.64113,72.83224,2,18.11,14.105,10.1,5.663925317304246,-0.44229707344008834,0.66,0.66,0,0,1,VIIRS_NOAA20_SP,N20,2,0,0.0,1,0.43955645064239074,dahej_fringe,,
EVT-DAHEJ-00708,2023-05-14 08:44:00+00:00,2023-05-14 08:44:00+00:00,21.48439,72.95819,21.48439,72.95819,1,9.2,9.2,9.2,,,0.66,0.66,0,0,1,VIIRS_NOAA20_SP,N20,1,0,0.0,1,0.0,comparison_area,,
EVT-DAHEJ-00709,2023-05-14 08:44:00+00:00,2023-05-14 08:44:00+00:00,21.68962,72.95101,21.68962,72.95101,1,10.14,10.14,10.14,,,0.66,0.66,0,0,1,VIIRS_NOAA20_SP,N20,1,0,0.0,1,0.0,comparison_area,,
EVT-DAHEJ-00710,2023-05-14 08:44:00+00:00,2023-05-14 08:44:00+00:00,21.46083,72.97863,21.46083,72.97863,1,2.62,2.62,2.62,,,0.66,0.66,0,0,1,VIIRS_NOAA20_SP,N20,1,0,0.0,1,0.0,comparison_area,,
EVT-DAHEJ-00711,2023-05-14 08:44:00+00:00,2023-05-15 08:26:00+00:00,21.684235,72.532825,21.68378,72.53355,2,8.2,6.629999999999999,8.2,2.220315292925759,0.6205533596837944,0.33,0.33,0,0,1,VIIRS_NOAA20_SP,N20,2,0,23.7,2,0.18079236069687493,dahej_core,,
EVT-DAHEJ-00712,2023-05-15 07:36:00+00:00,2023-05-15 07:36:00+00:00,21.429949999999998,72.792135,21.4286,72.79456,2,6.19,6.155,6.12,0.049497474683058526,-0.011308562197092129,0.33,0.33,0,0,1,VIIRS_SNPP_SP,N,2,0,0.0,1,0.5849376093843393,comparison_area,,
EVT-DAHEJ-00713,2023-05-15 07:36:00+00:00,2023-05-15 08:26:00+00:00,21.72314,72.63117571428572,21.72671,72.62854,7,10.47,6.917142857142856,10.47,4.439762434656891,3.326446280991736,0.66,0.5657142857142857,0,0,2,VIIRS_NOAA20_SP;VIIRS_SNPP_SP,N;N20,7,0,0.8333333333333334,1,0.9693896907771141,dahej_core,,
EVT-DAHEJ-00714,2023-05-15 08:26:00+00:00,2023-05-15 09:17:00+00:00,21.826493333333335,72.95462333333333,21.82599,72.95313,3,5.4,4.093333333333334,2.65,1.3800845384733988,-0.5092592592592593,0.66,0.66,0,0,2,VIIRS_NOAA20_SP;VIIRS_SNPP_SP,N;N20,3,0,0.85,1,0.5556126131345259,comparison_area,,
EVT-DAHEJ-00715,2023-05-15 08:26:00+00:00,2023-05-15 08:26:00+00:00,21.87691,72.73299,21.87691,72.73299,1,9.66,9.66,9.66,,,0.33,0.33,0,0,1,VIIRS_NOAA20_SP,N20,1,0,0.0,1,0.0,dahej_fringe,,
EVT-DAHEJ-00716,2023-05-16 08:07:00+00:00,2023-05-16 08:07:00+00:00,21.80995,72.85235,21.80995,72.85235,1,8.51,8.51,8.51,,,0.33,0.33,0,0,1,VIIRS_NOAA20_SP,N20,1,0,0.0,1,0.0,comparison_area,,
EVT-DAHEJ-00717,2023-05-16 08:07:00+00:00,2023-05-16 08:07:00+00:00,21.5305,72.74358,21.5305,72.74358,1,6.1,6.1,6.1,,,0.33,0.33,0,0,1,VIIRS_NOAA20_SP,N20,1,0,0.0,1,0.0,dahej_fringe,,
EVT-DAHEJ-00718,2023-05-16 08:07:00+00:00,2023-05-16 08:07:00+00:00,21.94977,72.55853,21.94977,72.55853,1,10.53,10.53,10.53,,,0.33,0.33,0,0,1,VIIRS_NOAA20_SP,N20,1,0,0.0,1,0.0,dahej_fringe,,
EVT-DAHEJ-00719,2023-05-16 08:58:00+00:00,2023-05-16 08:58:00+00:00,22.014035,72.731285,22.01333,72.73122,2,2.65,2.435,2.22,0.30405591591021525,-0.16226415094339613,0.66,0.66,0,0,1,VIIRS_SNPP_SP,N,2,0,0.0,1,0.15735677577083246,comparison_area,,
EVT-DAHEJ-00720,2023-05-17 07:48:00+00:00,2023-05-17 08:39:00+00:00,21.693145,72.65480500000001,21.68987,72.65495,2,60.19,35.769999999999996,60.19,34.53509519315098,4.303083700440529,0.66,0.66,0,1,2,VIIRS_NOAA20_SP;VIIRS_SNPP_SP,N;N20,2,0,0.85,1,0.7289438360139631,dahej_core,,
EVT-DAHEJ-00721,2023-05-17 08:39:00+00:00,2023-05-17 08:39:00+00:00,21.48607,72.7504,21.48607,72.7504,1,7.35,7.35,7.35,,,0.33,0.33,0,0,1,VIIRS_SNPP_SP,N,1,0,0.0,1,0.0,comparison_area,,
EVT-DAHEJ-00722,2023-05-17 08:39:00+00:00,2023-05-17 08:39:00+00:00,22.01501,72.95403,22.01501,72.95403,1,2.58,2.58,2.58,,,0.33,0.33,0,0,1,VIIRS_SNPP_SP,N,1,0,0.0,1,0.0,comparison_area,,
EVT-DAHEJ-00723,2023-05-18 08:20:00+00:00,2023-05-18 08:20:00+00:00,21.90595,72.99567,21.90595,72.99567,1,7.9,7.9,7.9,,,0.33,0.33,0,0,1,VIIRS_SNPP_SP,N,1,0,0.0,1,0.0,comparison_area,,
EVT-DAHEJ-00724,2023-05-18 09:10:00+00:00,2023-05-18 09:10:00+00:00,21.69711,72.65343,21.69711,72.65343,1,2.44,2.44,2.44,,,0.33,0.33,0,0,1,VIIRS_NOAA20_SP,N20,1,0,0.0,1,0.0,dahej_core,,
EVT-DAHEJ-00725,2023-05-18 09:10:00+00:00,2023-05-18 09:10:00+00:00,22.037664999999997,72.78994499999999,22.03636,72.79082,2,3.63,3.1799999999999997,2.73,0.6363961030678927,-0.24793388429752064,0.66,0.66,0,0,1,VIIRS_NOAA20_SP,N20,2,0,0.0,1,0.34170448284960314,comparison_area,,
EVT-DAHEJ-00726,2023-05-18 09:10:00+00:00,2023-05-18 09:10:00+00:00,22.09801,72.88967,22.09801,72.88967,1,1.4,1.4,1.4,,,0.33,0.33,0,0,1,VIIRS_NOAA20_SP,N20,1,0,0.0,1,0.0,comparison_area,,
EVT-DAHEJ-00727,2023-05-20 07:43:00+00:00,2023-05-20 07:43:00+00:00,21.95094,72.79194,21.95094,72.79194,1,5.23,5.23,5.23,,,0.33,0.33,0,0,1,VIIRS_SNPP_SP,N,1,0,0.0,1,0.0,comparison_area,,
EVT-DAHEJ-00728,2023-05-20 07:43:00+00:00,2023-05-20 07:43:00+00:00,21.99234,72.85525,21.99234,72.85525,1,4.95,4.95,4.95,,,0.33,0.33,0,0,1,VIIRS_SNPP_SP,N,1,0,0.0,1,0.0,comparison_area,,
EVT-DAHEJ-00729,2023-05-20 08:32:00+00:00,2023-05-20 08:32:00+00:00,21.8776,72.8252,21.8776,72.8252,1,3.84,3.84,3.84,,,0.33,0.33,0,0,1,VIIRS_NOAA20_SP,N20,1,0,0.0,1,0.0,dahej_fringe,,
EVT-DAHEJ-00730,2023-05-21 08:13:00+00:00,2023-05-21 08:13:00+00:00,21.84603,72.98584,21.84603,72.98584,1,2.51,2.51,2.51,,,0.33,0.33,0,0,1,VIIRS_NOAA20_SP,N20,1,0,0.0,1,0.0,comparison_area,,
EVT-DAHEJ-00731,2023-05-21 09:04:00+00:00,2023-05-22 08:45:00+00:00,22.07485,72.75475666666667,22.07617,72.7532,3,5.16,3.736666666666667,1.82,1.7237845959786662,-0.5697399527186761,0.33,0.33,0,0,1,VIIRS_SNPP_SP,N,3,0,23.683333333333334,2,0.8623868200957292,comparison_area,,
EVT-DAHEJ-00732,2023-05-21 09:04:00+00:00,2023-05-21 09:04:00+00:00,21.371645,72.7191,21.37239,72.71871,2,2.75,2.525,2.3,0.3181980515339465,-0.1636363636363637,0.66,0.66,0,0,1,VIIRS_SNPP_SP,N,2,0,0.0,1,0.18431922323877134,comparison_area,,
EVT-DAHEJ-00733,2023-05-21 09:04:00+00:00,2023-05-21 09:04:00+00:00,22.0405,72.812595,22.04068,72.81237,2,6.36,6.355,6.35,0.007071067811865952,-0.0015723270440252634,0.66,0.66,0,0,1,VIIRS_SNPP_SP,N,2,0,0.0,1,0.0612667384621988,comparison_area,,
EVT-DAHEJ-00734,2023-05-22 07:54:00+00:00,2023-05-22 07:54:00+00:00,21.50719,72.95967,21.50719,72.95967,1,4.44,4.44,4.44,,,0.33,0.33,0,0,1,VIIRS_NOAA20_SP,N20,1,0,0.0,1,0.0,comparison_area,,
EVT-DAHEJ-00735,2023-05-22 07:54:00+00:00,2023-05-22 07:54:00+00:00,21.71287,72.80217,21.71287,72.80217,1,14.69,14.69,14.69,,,0.66,0.66,0,0,1,VIIRS_NOAA20_SP,N20,1,0,0.0,1,0.0,dahej_fringe,,
EVT-DAHEJ-00736,2023-05-22 07:54:00+00:00,2023-05-22 07:54:00+00:00,22.08824,72.84084,22.08824,72.84084,1,7.18,7.18,7.18,,,0.33,0.33,0,0,1,VIIRS_NOAA20_SP,N20,1,0,0.0,1,0.0,comparison_area,,
EVT-DAHEJ-00737,2023-05-22 08:45:00+00:00,2023-05-22 08:45:00+00:00,21.752805,72.65764999999999,21.75304,72.65968,2,15.59,15.219999999999999,14.85,0.5232590180780453,-0.04746632456703016,0.66,0.495,0,0,1,VIIRS_SNPP_SP,N,2,0,0.0,1,0.42254913197727917,dahej_core,,
EVT-DAHEJ-00738,2023-05-22 08:45:00+00:00,2023-05-22 08:45:00+00:00,21.55293,72.89045,21.55293,72.89045,1,2.11,2.11,2.11,,,0.33,0.33,0,0,1,VIIRS_SNPP_SP,N,1,0,0.0,1,0.0,comparison_area,,
EVT-DAHEJ-00739,2023-05-22 08:45:00+00:00,2023-05-22 08:45:00+00:00,22.01858,72.99686,22.01858,72.99686,1,4.87,4.87,4.87,,,0.33,0.33,0,0,1,VIIRS_SNPP_SP,N,1,0,0.0,1,0.0,comparison_area,,
EVT-DAHEJ-00740,2023-05-22 21:14:00+00:00,2023-05-22 21:14:00+00:00,21.90477,72.75558,21.90477,72.75558,1,0.8,0.8,0.8,,,0.66,0.66,0,0,1,VIIRS_SNPP_SP,N,0,1,0.0,1,0.0,dahej_fringe,,
EVT-DAHEJ-00741,2023-05-23 07:35:00+00:00,2023-05-23 07:35:00+00:00,21.97755666666667,72.85479,21.97783,72.85745,3,8.37,7.1866666666666665,7.28,1.232652965490828,0.23181049069373943,0.66,0.5499999999999999,0,0,1,VIIRS_NOAA20_SP,N20,3,0,0.0,1,0.45505970415810865,comparison_area,,
EVT-DAHEJ-00742,2023-05-23 08:26:00+00:00,2023-05-23 08:26:00+00:00,21.63818,72.95735,21.63818,72.95735,1,4.09,4.09,4.09,,,0.66,0.66,0,0,1,VIIRS_SNPP_SP,N,1,0,0.0,1,0.0,comparison_area,,
EVT-DAHEJ-00743,2023-05-23 08:26:00+00:00,2023-05-23 08:26:00+00:00,21.965384999999998,72.77441999999999,21.96706,72.77414,2,4.48,4.48,4.48,0.0,0.0,0.33,0.33,0,0,1,VIIRS_SNPP_SP,N,2,0,0.0,1,0.3769533557778797,comparison_area,,
EVT-DAHEJ-00744,2023-05-23 08:26:00+00:00,2023-05-23 08:26:00+00:00,21.64297,72.82382,21.64297,72.82382,1,13.43,13.43,13.43,,,0.66,0.66,0,0,1,VIIRS_SNPP_SP,N,1,0,0.0,1,0.0,dahej_fringe,,
EVT-DAHEJ-00745,2023-05-23 08:27:00+00:00,2023-05-23 08:27:00+00:00,22.03763,72.77793,22.03763,72.77793,1,8.71,8.71,8.71,,,0.33,0.33,0,0,1,VIIRS_SNPP_SP,N,1,0,0.0,1,0.0,comparison_area,,
EVT-DAHEJ-00746,2023-05-23 09:16:00+00:00,2023-05-23 09:16:00+00:00,21.68335,72.64546,21.68335,72.64546,1,6.56,6.56,6.56,,,0.66,0.66,0,0,1,VIIRS_NOAA20_SP,N20,1,0,0.0,1,0.0,dahej_core,,
EVT-DAHEJ-00747,2023-05-23 20:04:00+00:00,2023-05-23 21:44:00+00:00,21.794314,72.64702,21.79335,72.64368,5,3.52,1.448,3.52,1.158455868818489,2.7052631578947373,0.66,0.66,0,0,2,VIIRS_NOAA20_SP;VIIRS_SNPP_SP,N;N20,0,5,1.6666666666666667,1,0.7503515781504051,dahej_core,,
EVT-DAHEJ-00748,2023-05-24 08:08:00+00:00,2023-05-24 08:57:00+00:00,21.94059,72.67178666666666,21.94005,72.66967,3,10.69,9.5,8.29,1.2001249934902616,-0.12920168067226895,1.0,0.6633333333333333,1,0,2,VIIRS_NOAA20_SP;VIIRS_SNPP_SP,N;N20,3,0,0.8166666666666667,1,0.34642302356619437,dahej_fringe,,
EVT-DAHEJ-00749,2023-05-24 08:08:00+00:00,2023-05-24 08:08:00+00:00,21.70971,72.82821,21.70971,72.82821,1,9.78,9.78,9.78,,,0.33,0.33,0,0,1,VIIRS_SNPP_SP,N,1,0,0.0,1,0.0,dahej_fringe,,
EVT-DAHEJ-00750,2023-05-24 08:08:00+00:00,2023-05-24 08:08:00+00:00,21.62535,72.99116,21.62535,72.99116,1,7.24,7.24,7.24,,,0.66,0.66,0,0,1,VIIRS_SNPP_SP,N,1,0,0.0,1,0.0,comparison_area,,
EVT-DAHEJ-00751,2023-05-24 08:57:00+00:00,2023-05-24 08:57:00+00:00,22.00076,72.638945,21.99991,72.63982,2,3.48,2.32,1.16,1.6404877323527904,-0.6666666666666667,0.66,0.66,0,0,1,VIIRS_NOAA20_SP,N20,2,0,0.0,1,0.2613134268965653,comparison_area,,
EVT-DAHEJ-00752,2023-05-24 08:57:00+00:00,2023-05-24 08:57:00+00:00,21.89218,72.78318999999999,21.89201,72.78151,2,12.5,11.17,9.84,1.8809040379562165,-0.21280000000000002,0.66,0.66,0,0,1,VIIRS_NOAA20_SP,N20,2,0,0.0,1,0.34872838034899395,dahej_fringe,,
EVT-DAHEJ-00753,2023-05-24 08:57:00+00:00,2023-05-25 07:49:00+00:00,21.427777499999998,72.9732575,21.42745,72.9715,4,11.55,7.9750000000000005,4.5,3.1111251983808046,-0.51974386339381,1.0,0.7450000000000001,1,0,2,VIIRS_NOAA20_SP;VIIRS_SNPP_SP,N;N20,4,0,22.866666666666667,2,0.35486882045903173,comparison_area,,
EVT-DAHEJ-00754,2023-05-24 21:26:00+00:00,2023-05-24 21:26:00+00:00,21.37091,72.91749,21.3714,72.91552,3,1.41,1.1466666666666667,0.99,0.22941955743426345,-0.04807692307692312,0.66,0.66,0,0,1,VIIRS_NOAA20_SP,N20,0,3,0.0,1,0.3650895375248512,comparison_area,,
EVT-DAHEJ-00755,2023-05-25 07:49:00+00:00,2023-05-25 07:49:00+00:00,21.99027,72.98617,21.99027,72.98617,1,3.92,3.92,3.92,,,0.66,0.66,0,0,1,VIIRS_SNPP_SP,N,1,0,0.0,1,0.0,comparison_area,,
EVT-DAHEJ-00756,2023-05-25 07:49:00+00:00,2023-05-25 07:49:00+00:00,21.49919,72.83800500000001,21.49838,72.83704,2,3.76,2.99,2.22,1.0889444430272828,-0.4095744680851063,0.33,0.33,0,0,1,VIIRS_SNPP_SP,N,2,0,0.0,1,0.26892193060005093,comparison_area,,
EVT-DAHEJ-00757,2023-05-25 08:38:00+00:00,2023-05-25 08:38:00+00:00,22.01887,72.85040000000001,22.01792,72.85179,2,9.09,8.36,7.63,1.0323759005323594,-0.16061606160616063,0.66,0.66,0,0,1,VIIRS_NOAA20_SP,N20,2,0,0.0,1,0.35603449474785465,comparison_area,,
EVT-DAHEJ-00758,2023-05-25 20:18:00+00:00,2023-05-25 21:07:00+00:00,21.684984999999998,72.56239,21.6844,72.56091,2,1.45,1.27,1.45,0.25455844122715704,0.330275229357798,0.66,0.66,0,0,2,VIIRS_NOAA20_SP;VIIRS_SNPP_SP,N;N20,0,2,0.8166666666666667,1,0.3323645963315603,dahej_core,,
EVT-DAHEJ-00759,2023-05-26 07:30:00+00:00,2023-05-26 07:30:00+00:00,21.56279,72.89921,21.56279,72.89921,1,3.13,3.13,3.13,,,0.66,0.66,0,0,1,VIIRS_SNPP_SP,N,1,0,0.0,1,0.0,comparison_area,,
EVT-DAHEJ-00760,2023-05-26 08:19:00+00:00,2023-05-26 08:19:00+00:00,22.03211,72.98676,22.03211,72.98676,1,2.41,2.41,2.41,,,0.66,0.66,0,0,1,VIIRS_NOAA20_SP,N20,1,0,0.0,1,0.0,comparison_area,,
EVT-DAHEJ-00761,2023-05-26 08:19:00+00:00,2023-05-26 08:19:00+00:00,22.05643,72.88011,22.05643,72.88011,1,1.64,1.64,1.64,,,0.33,0.33,0,0,1,VIIRS_NOAA20_SP,N20,1,0,0.0,1,0.0,comparison_area,,
EVT-DAHEJ-00762,2023-05-26 08:19:00+00:00,2023-05-26 08:19:00+00:00,21.86711,72.88705,21.86711,72.88705,1,1.59,1.59,1.59,,,0.33,0.33,0,0,1,VIIRS_NOAA20_SP,N20,1,0,0.0,1,0.0,comparison_area,,
EVT-DAHEJ-00763,2023-05-26 08:19:00+00:00,2023-05-26 08:19:00+00:00,21.68659,72.5319,21.68659,72.5319,1,5.36,5.36,5.36,,,0.33,0.33,0,0,1,VIIRS_NOAA20_SP,N20,1,0,0.0,1,0.0,dahej_core,,
EVT-DAHEJ-00764,2023-05-27 08:00:00+00:00,2023-05-27 08:00:00+00:00,21.8325,72.65323,21.8325,72.65323,1,3.39,3.39,3.39,,,0.66,0.66,0,0,1,VIIRS_NOAA20_SP,N20,1,0,0.0,1,0.0,dahej_core,,
EVT-DAHEJ-00765,2023-05-27 08:52:00+00:00,2023-05-27 08:52:00+00:00,22.00716,72.771,22.00791,72.76937,2,2.5,1.875,2.5,0.8838834764831844,1.0,0.66,0.66,0,0,1,VIIRS_SNPP_SP,N,2,0,0.0,1,0.3751957497594066,comparison_area,,
EVT-DAHEJ-00766,2023-05-27 20:29:00+00:00,2023-05-27 21:20:00+00:00,21.563405,72.91605,21.56189,72.91685,2,2.57,1.9899999999999998,2.57,0.820243866176395,0.8226950354609929,0.66,0.66,0,0,2,VIIRS_NOAA20_SP;VIIRS_SNPP_SP,N;N20,0,2,0.85,1,0.3753570799264565,comparison_area,,
EVT-DAHEJ-00767,2023-05-28 07:42:00+00:00,2023-05-28 08:33:00+00:00,21.939165,72.678945,21.93816,72.6781,4,13.42,8.97,13.42,3.0972138016826243,0.5550405561993046,1.0,0.7450000000000001,1,0,2,VIIRS_NOAA20_SP;VIIRS_SNPP_SP,N;N20,4,0,0.85,1,0.3539103076540494,dahej_fringe,,
EVT-DAHEJ-00768,2023-05-28 08:33:00+00:00,2023-05-28 08:33:00+00:00,21.95093,72.78539,21.95093,72.78539,1,7.82,7.82,7.82,,,0.66,0.66,0,0,1,VIIRS_SNPP_SP,N,1,0,0.0,1,0.0,comparison_area,,
EVT-DAHEJ-00769,2023-05-28 08:33:00+00:00,2023-05-28 08:33:00+00:00,21.4322,72.97332,21.43397,72.97305,2,2.93,2.93,2.93,0.0,0.0,0.66,0.66,0,0,1,VIIRS_SNPP_SP,N,2,0,0.0,1,0.3975790379949985,comparison_area,,
EVT-DAHEJ-00770,2023-05-28 08:33:00+00:00,2023-05-28 08:33:00+00:00,21.82131,72.70504,21.82131,72.70504,1,6.73,6.73,6.73,,,0.66,0.66,0,0,1,VIIRS_SNPP_SP,N,1,0,0.0,1,0.0,dahej_core,,
EVT-DAHEJ-00771,2023-05-29 07:23:00+00:00,2023-05-29 08:14:00+00:00,21.722849999999998,72.67357666666668,21.72065,72.67215,3,9.98,6.706666666666667,9.98,2.8348074596581223,0.9645669291338583,0.66,0.55,0,0,2,VIIRS_NOAA20_SP;VIIRS_SNPP_SP,N;N20,3,0,0.85,1,0.49830086839566673,dahej_core,,
EVT-DAHEJ-00772,2023-05-29 08:14:00+00:00,2023-05-29 08:14:00+00:00,21.79406,72.64751,21.79406,72.64751,1,10.61,10.61,10.61,,,0.66,0.66,0,0,1,VIIRS_SNPP_SP,N,1,0,0.0,1,0.0,dahej_core,,
EVT-DAHEJ-00773,2023-05-29 09:03:00+00:00,2023-05-29 09:03:00+00:00,22.02001,72.64795,22.02001,72.64795,1,1.49,1.49,1.49,,,0.66,0.66,0,0,1,VIIRS_NOAA20_SP,N20,1,0,0.0,1,0.0,comparison_area,,
EVT-DAHEJ-00774,2023-05-30 07:55:00+00:00,2023-05-30 07:55:00+00:00,21.89249,72.723195,21.89032,72.72369,2,29.2,29.2,29.2,0.0,0.0,0.66,0.66,0,2,1,VIIRS_SNPP_SP,N,2,0,0.0,1,0.49327818904469106,dahej_fringe,,
EVT-DAHEJ-00775,2023-05-30 07:55:00+00:00,2023-05-30 08:44:00+00:00,22.020325,72.878455,22.01947,72.87689,2,5.08,4.68,4.28,0.5656854249492379,-0.1574803149606299,0.66,0.66,0,0,2,VIIRS_NOAA20_SP;VIIRS_SNPP_SP,N;N20,2,0,0.8166666666666667,1,0.374510989202105,comparison_area,,
EVT-DAHEJ-00776,2023-05-30 07:55:00+00:00,2023-05-30 08:44:00+00:00,21.4536,72.747875,21.45476,72.74802,2,3.07,2.925,2.78,0.2050609665440988,-0.09446254071661239,0.66,0.66,0,0,2,VIIRS_NOAA20_SP;VIIRS_SNPP_SP,N;N20,2,0,0.8166666666666667,1,0.25971252514082416,comparison_area,,
EVT-DAHEJ-00777,2023-05-30 08:44:00+00:00,2023-05-30 08:44:00+00:00,22.04033,72.82139,22.04033,72.82139,1,3.91,3.91,3.91,,,0.66,0.66,0,0,1,VIIRS_NOAA20_SP,N20,1,0,0.0,1,0.0,comparison_area,,
EVT-DAHEJ-00778,2023-05-30 08:44:00+00:00,2023-05-30 08:44:00+00:00,21.442059999999998,72.97955666666667,21.44081,72.98116,3,7.47,3.8966666666666665,7.47,3.094597442856394,2.5402843601895735,0.66,0.66,0,0,1,VIIRS_NOAA20_SP,N20,3,0,0.0,1,0.47612000018340206,comparison_area,,
EVT-DAHEJ-00779,2023-05-30 08:44:00+00:00,2023-05-30 08:44:00+00:00,21.75031,72.72979,21.75031,72.72979,1,5.94,5.94,5.94,,,0.66,0.66,0,0,1,VIIRS_NOAA20_SP,N20,1,0,0.0,1,0.0,dahej_core,,
EVT-DAHEJ-00780,2023-05-30 08:44:00+00:00,2023-05-30 08:44:00+00:00,21.70702,72.76069,21.70702,72.76069,1,4.73,4.73,4.73,,,0.33,0.33,0,0,1,VIIRS_NOAA20_SP,N20,1,0,0.0,1,0.0,dahej_fringe,,
EVT-DAHEJ-00781,2023-05-31 07:36:00+00:00,2023-05-31 07:36:00+00:00,22.00874,72.89405,22.00874,72.89405,1,3.89,3.89,3.89,,,0.66,0.66,0,0,1,VIIRS_SNPP_SP,N,1,0,0.0,1,0.0,comparison_area,,
EVT-DAHEJ-00782,2023-05-31 07:36:00+00:00,2023-05-31 08:26:00+00:00,22.069850000000002,72.737645,22.07036,72.73725,2,4.5,3.18,1.86,1.8667619023324855,-0.5866666666666666,0.66,0.495,0,0,2,VIIRS_NOAA20_SP;VIIRS_SNPP_SP,N;N20,2,0,0.8333333333333334,1,0.1396103181425576,comparison_area,,
EVT-DAHEJ-00783,2023-05-31 07:36:00+00:00,2023-05-31 07:36:00+00:00,21.966875,72.80299,21.96976,72.80225,2,4.5,4.5,4.5,0.0,0.0,0.66,0.66,0,0,1,VIIRS_SNPP_SP,N,2,0,0.0,1,0.659498387453333,comparison_area,,
EVT-DAHEJ-00784,2023-05-31 08:25:00+00:00,2023-05-31 08:25:00+00:00,21.57214,72.95655,21.57214,72.95655,1,4.92,4.92,4.92,,,0.33,0.33,0,0,1,VIIRS_NOAA20_SP,N20,1,0,0.0,1,0.0,comparison_area,,
EVT-DAHEJ-00785,2023-05-31 08:26:00+00:00,2023-05-31 08:26:00+00:00,22.090085000000002,72.5573,22.08981,72.5554,2,21.81,19.189999999999998,21.81,3.705239533417508,0.31623415811707895,0.33,0.33,0,1,1,VIIRS_NOAA20_SP,N20,2,0,0.0,1,0.3962718152878503,comparison_area,,
EVT-DAHEJ-00786,2023-05-31 08:26:00+00:00,2023-05-31 08:26:00+00:00,22.02275,72.84363,22.02275,72.84363,1,1.58,1.58,1.58,,,0.33,0.33,0,0,1,VIIRS_NOAA20_SP,N20,1,0,0.0,1,0.0,comparison_area,,
EVT-DAHEJ-00787,2023-05-31 20:54:00+00:00,2023-05-31 20:54:00+00:00,21.68727,72.56487,21.68727,72.56487,1,2.63,2.63,2.63,,,0.66,0.66,0,0,1,VIIRS_NOAA20_SP,N20,0,1,0.0,1,0.0,dahej_core,,
EVT-DAHEJ-00788,2023-06-01 08:07:00+00:00,2023-06-01 08:58:00+00:00,21.719223333333332,72.68253,21.71835,72.68334,3,37.21,18.93,9.79,15.830944381179538,-0.736898683149691,1.0,0.6633333333333333,1,1,2,VIIRS_NOAA20_SP;VIIRS_SNPP_SP,N;N20,3,0,0.85,1,0.3200332574330777,dahej_core,,
EVT-DAHEJ-00789,2023-06-01 08:58:00+00:00,2023-06-01 08:58:00+00:00,21.83616,72.95488,21.83616,72.95488,1,3.09,3.09,3.09,,,0.33,0.33,0,0,1,VIIRS_SNPP_SP,N,1,0,0.0,1,0.0,comparison_area,,
EVT-DAHEJ-00790,2023-06-01 08:58:00+00:00,2023-06-01 08:58:00+00:00,21.69275,72.72629,21.69275,72.72629,1,10.54,10.54,10.54,,,0.33,0.33,0,0,1,VIIRS_SNPP_SP,N,1,0,0.0,1,0.0,dahej_core,,
EVT-DAHEJ-00791,2023-06-01 08:58:00+00:00,2023-06-01 08:58:00+00:00,21.83303,72.65606,21.83303,72.65606,1,11.06,11.06,11.06,,,0.66,0.66,0,0,1,VIIRS_SNPP_SP,N,1,0,0.0,1,0.0,dahej_core,,
EVT-DAHEJ-00792,2023-06-01 21:26:00+00:00,2023-06-01 21:26:00+00:00,21.562385,72.91533,21.56222,72.91547,2,0.77,0.735,0.77,0.049497474683058366,0.10000000000000009,0.66,0.66,0,0,1,VIIRS_SNPP_SP,N,0,2,0.0,1,0.04674305502342235,comparison_area,,
EVT-DAHEJ-00793,2023-06-03 08:20:00+00:00,2023-06-03 08:20:00+00:00,21.8782,72.96017,21.8782,72.96017,1,4.9,4.9,4.9,,,0.66,0.66,0,0,1,VIIRS_SNPP_SP,N,1,0,0.0,1,0.0,comparison_area,,
EVT-DAHEJ-00794,2023-06-03 08:20:00+00:00,2023-06-03 08:20:00+00:00,21.75165,72.84183,21.75165,72.84183,1,8.94,8.94,8.94,,,0.33,0.33,0,0,1,VIIRS_SNPP_SP,N,1,0,0.0,1,0.0,dahej_fringe,,
EVT-DAHEJ-00795,2023-06-04 08:01:00+00:00,2023-06-04 08:01:00+00:00,22.07917,72.78925,22.07917,72.78925,1,3.73,3.73,3.73,,,0.33,0.33,0,0,1,VIIRS_SNPP_SP,N,1,0,0.0,1,0.0,comparison_area,,
EVT-DAHEJ-00796,2023-06-04 08:51:00+00:00,2023-06-04 08:51:00+00:00,21.50236,72.73373,21.50236,72.73373,1,3.57,3.57,3.57,,,0.66,0.66,0,0,1,VIIRS_NOAA20_SP,N20,1,0,0.0,1,0.0,dahej_fringe,,
EVT-DAHEJ-00797,2023-06-04 08:51:00+00:00,2023-06-04 08:51:00+00:00,22.050935000000003,72.740025,22.05016,72.74174,2,2.83,2.325,2.83,0.714177848998413,0.554945054945055,0.66,0.66,0,0,1,VIIRS_NOAA20_SP,N20,2,0,0.0,1,0.39327796954919675,comparison_area,,
EVT-DAHEJ-00798,2023-06-04 08:51:00+00:00,2023-06-04 08:51:00+00:00,21.73272,72.6812,21.73272,72.6812,1,2.54,2.54,2.54,,,0.66,0.66,0,0,1,VIIRS_NOAA20_SP,N20,1,0,0.0,1,0.0,dahej_core,,
EVT-DAHEJ-00799,2023-06-05 07:42:00+00:00,2023-06-05 07:42:00+00:00,21.79548,72.64758,21.79548,72.64758,1,2.29,2.29,2.29,,,0.66,0.66,0,0,1,VIIRS_SNPP_SP,N,1,0,0.0,1,0.0,dahej_core,,
EVT-DAHEJ-00800,2023-06-05 08:32:00+00:00,2023-06-05 08:32:00+00:00,21.77061,72.75735,21.77061,72.75735,1,8.34,8.34,8.34,,,0.33,0.33,0,0,1,VIIRS_NOAA20_SP,N20,1,0,0.0,1,0.0,dahej_fringe,,
EVT-DAHEJ-00801,2023-06-06 08:13:00+00:00,2023-06-06 08:13:00+00:00,21.94743,72.78493,21.94743,72.78493,1,8.62,8.62,8.62,,,0.33,0.33,0,0,1,VIIRS_NOAA20_SP,N20,1,0,0.0,1,0.0,dahej_fringe,,
EVT-DAHEJ-00802,2023-06-06 08:13:00+00:00,2023-06-06 08:13:00+00:00,21.840865,72.711845,21.84043,72.71162,2,9.79,9.395,9.0,0.558614357137372,-0.08069458631256377,0.33,0.33,0,0,1,VIIRS_NOAA20_SP,N20,2,0,0.0,1,0.10731176314685295,dahej_core,,
EVT-DAHEJ-00803,2023-06-06 08:13:00+00:00,2023-06-06 08:13:00+00:00,21.70821,72.67544,21.70821,72.67544,1,8.45,8.45,8.45,,,0.33,0.33,0,0,1,VIIRS_NOAA20_SP,N20,1,0,0.0,1,0.0,dahej_core,,
EVT-DAHEJ-00804,2023-06-06 08:13:00+00:00,2023-06-06 08:13:00+00:00,21.85821,72.88553,21.85821,72.88553,1,5.21,5.21,5.21,,,0.33,0.33,0,0,1,VIIRS_NOAA20_SP,N20,1,0,0.0,1,0.0,comparison_area,,
EVT-DAHEJ-00805,2023-06-06 21:33:00+00:00,2023-06-06 21:33:00+00:00,21.68692,72.56404,21.68692,72.56404,1,0.63,0.63,0.63,,,0.66,0.66,0,0,1,VIIRS_SNPP_SP,N,0,1,0.0,1,0.0,dahej_core,,
EVT-DAHEJ-00806,2023-06-07 07:54:00+00:00,2023-06-07 07:54:00+00:00,21.46455,72.66966,21.46455,72.66966,1,7.68,7.68,7.68,,,0.33,0.33,0,0,1,VIIRS_NOAA20_SP,N20,1,0,0.0,1,0.0,comparison_area,,
EVT-DAHEJ-00807,2023-06-07 21:14:00+00:00,2023-06-07 21:14:00+00:00,21.90503,72.75517,21.90503,72.75517,1,1.43,1.43,1.43,,,0.66,0.66,0,0,1,VIIRS_SNPP_SP,N,0,1,0.0,1,0.0,dahej_fringe,,
EVT-DAHEJ-00808,2023-06-08 08:26:00+00:00,2023-06-08 08:26:00+00:00,21.66927,72.93404,21.66927,72.93404,1,4.15,4.15,4.15,,,0.33,0.33,0,0,1,VIIRS_SNPP_SP,N,1,0,0.0,1,0.0,comparison_area,,
EVT-DAHEJ-00809,2023-06-08 08:26:00+00:00,2023-06-08 08:26:00+00:00,21.94412,72.93595,21.94412,72.93595,1,5.4,5.4,5.4,,,0.33,0.33,0,0,1,VIIRS_SNPP_SP,N,1,0,0.0,1,0.0,comparison_area,,
EVT-DAHEJ-00810,2023-06-08 08:26:00+00:00,2023-06-08 08:26:00+00:00,22.00279,72.76154,22.00279,72.76154,1,10.43,10.43,10.43,,,0.66,0.66,0,0,1,VIIRS_SNPP_SP,N,1,0,0.0,1,0.0,comparison_area,,
EVT-DAHEJ-00811,2023-06-08 08:26:00+00:00,2023-06-08 08:26:00+00:00,21.97225,72.86049,21.97225,72.86049,1,7.65,7.65,7.65,,,0.66,0.66,0,0,1,VIIRS_SNPP_SP,N,1,0,0.0,1,0.0,comparison_area,,
EVT-DAHEJ-00812,2023-06-08 09:16:00+00:00,2023-06-08 09:16:00+00:00,22.047155,72.78057000000001,22.0473,72.78162,2,3.17,2.35,3.17,1.1596551211459378,1.0718954248366013,0.66,0.66,0,0,1,VIIRS_NOAA20_SP,N20,2,0,0.0,1,0.2188233540011832,comparison_area,,
EVT-DAHEJ-00813,2023-06-08 20:55:00+00:00,2023-06-08 20:55:00+00:00,21.5477,72.99865,21.5477,72.99865,1,2.73,2.73,2.73,,,0.66,0.66,0,0,1,VIIRS_SNPP_SP,N,0,1,0.0,1,0.0,comparison_area,,
EVT-DAHEJ-00814,2023-06-09 08:07:00+00:00,2023-06-09 08:07:00+00:00,21.94744,72.78112,21.94744,72.78112,1,10.67,10.67,10.67,,,0.33,0.33,0,0,1,VIIRS_SNPP_SP,N,1,0,0.0,1,0.0,dahej_fringe,,
EVT-DAHEJ-00815,2023-06-09 08:07:00+00:00,2023-06-09 08:07:00+00:00,21.734075,72.792905,21.73226,72.79327,2,8.83,7.865,8.83,1.3647160876900366,0.27971014492753615,0.66,0.495,0,0,1,VIIRS_SNPP_SP,N,2,0,0.0,1,0.41062053115466596,dahej_fringe,,
EVT-DAHEJ-00816,2023-06-09 08:07:00+00:00,2023-06-09 08:57:00+00:00,21.956183333333332,72.80306,21.95852,72.80219,3,45.43,20.023333333333333,7.32,22.002818758816638,-0.8388729914153643,1.0,0.6633333333333334,1,1,2,VIIRS_NOAA20_SP;VIIRS_SNPP_SP,N;N20,3,0,0.8333333333333334,1,0.48205926934813226,comparison_area,,
EVT-DAHEJ-00817,2023-06-09 08:07:00+00:00,2023-06-09 08:07:00+00:00,21.72501,72.72028,21.7266,72.72064,2,57.27,46.91,57.27,14.65125250618527,0.5668946648426815,0.33,0.33,0,2,1,VIIRS_SNPP_SP,N,2,0,0.0,1,0.36133735037829917,dahej_core,,
EVT-DAHEJ-00818,2023-06-09 08:07:00+00:00,2023-06-09 08:07:00+00:00,21.42405,72.98392,21.42405,72.98392,1,2.95,2.95,2.95,,,0.33,0.33,0,0,1,VIIRS_SNPP_SP,N,1,0,0.0,1,0.0,comparison_area,,
EVT-DAHEJ-00819,2023-06-09 08:57:00+00:00,2023-06-09 08:57:00+00:00,21.8298,72.93247,21.8298,72.93247,1,1.94,1.94,1.94,,,0.33,0.33,0,0,1,VIIRS_NOAA20_SP,N20,1,0,0.0,1,0.0,comparison_area,,
EVT-DAHEJ-00820,2023-06-09 08:57:00+00:00,2023-06-09 08:57:00+00:00,21.90846,72.97797,21.90846,72.97797,1,1.2,1.2,1.2,,,0.33,0.33,0,0,1,VIIRS_NOAA20_SP,N20,1,0,0.0,1,0.0,comparison_area,,
EVT-DAHEJ-00821,2023-06-09 08:57:00+00:00,2023-06-09 08:57:00+00:00,22.04455,72.84616,22.04455,72.84616,1,4.93,4.93,4.93,,,0.66,0.66,0,0,1,VIIRS_NOAA20_SP,N20,1,0,0.0,1,0.0,comparison_area,,
EVT-DAHEJ-00822,2023-06-09 08:57:00+00:00,2023-06-09 08:57:00+00:00,21.84675,72.88956,21.84675,72.88956,1,2.39,2.39,2.39,,,0.33,0.33,0,0,1,VIIRS_NOAA20_SP,N20,1,0,0.0,1,0.0,comparison_area,,
EVT-DAHEJ-00823,2023-06-09 20:36:00+00:00,2023-06-10 08:38:00+00:00,21.687345,72.53611000000001,21.68689,72.53548,2,4.39,3.885,4.39,0.7141778489984129,0.29881656804733725,0.66,0.66,0,0,2,VIIRS_NOAA20_SP;VIIRS_SNPP_SP,N;N20,1,1,12.033333333333333,2,0.16488756411036562,dahej_core,,
EVT-DAHEJ-00824,2023-06-10 08:38:00+00:00,2023-06-10 08:38:00+00:00,21.7244,72.70739,21.7244,72.70739,1,7.38,7.38,7.38,,,0.66,0.66,0,0,1,VIIRS_NOAA20_SP,N20,1,0,0.0,1,0.0,dahej_core,,
EVT-DAHEJ-00825,2023-06-10 08:38:00+00:00,2023-06-10 08:38:00+00:00,21.97967,72.87139,21.97967,72.87139,1,13.06,13.06,13.06,,,0.66,0.66,0,0,1,VIIRS_NOAA20_SP,N20,1,0,0.0,1,0.0,comparison_area,,
EVT-DAHEJ-00826,2023-06-10 21:07:00+00:00,2023-06-10 21:07:00+00:00,21.59438,72.99976,21.59438,72.99976,1,3.35,3.35,3.35,,,0.66,0.66,0,0,1,VIIRS_NOAA20_SP,N20,0,1,0.0,1,0.0,comparison_area,,
EVT-DAHEJ-00827,2023-06-11 07:30:00+00:00,2023-06-11 07:30:00+00:00,22.004813333333335,72.77368333333332,22.00277,72.7732,3,10.9,8.5,6.98,2.1029503084951866,-0.35963302752293574,0.66,0.66,0,0,1,VIIRS_SNPP_SP,N,3,0,0.0,1,0.7216220579645967,comparison_area,,
EVT-DAHEJ-00828,2023-06-11 08:19:00+00:00,2023-06-11 08:19:00+00:00,21.43232,72.97507,21.43232,72.97507,1,3.36,3.36,3.36,,,0.66,0.66,0,0,1,VIIRS_NOAA20_SP,N20,1,0,0.0,1,0.0,comparison_area,,
EVT-DAHEJ-00829,2023-06-11 08:19:00+00:00,2023-06-11 08:19:00+00:00,21.71238,72.76284,21.71238,72.76284,1,5.35,5.35,5.35,,,0.33,0.33,0,0,1,VIIRS_NOAA20_SP,N20,1,0,0.0,1,0.0,dahej_fringe,,
EVT-DAHEJ-00830,2023-06-11 08:19:00+00:00,2023-06-11 08:19:00+00:00,21.80366,72.91357,21.80366,72.91357,1,7.12,7.12,7.12,,,0.66,0.66,0,0,1,VIIRS_NOAA20_SP,N20,1,0,0.0,1,0.0,comparison_area,,
EVT-DAHEJ-00831,2023-06-11 08:19:00+00:00,2023-06-11 08:19:00+00:00,21.62542,72.94872,21.62542,72.94872,1,4.43,4.43,4.43,,,0.66,0.66,0,0,1,VIIRS_NOAA20_SP,N20,1,0,0.0,1,0.0,comparison_area,,
EVT-DAHEJ-00832,2023-06-11 09:10:00+00:00,2023-06-11 09:10:00+00:00,21.45286,72.672285,21.45382,72.67112,2,6.48,6.3100000000000005,6.14,0.2404163056034267,-0.05246913580246925,0.66,0.66,0,0,1,VIIRS_SNPP_SP,N,2,0,0.0,1,0.32206511619027267,comparison_area,,
EVT-DAHEJ-00833,2023-06-11 20:48:00+00:00,2023-06-11 20:48:00+00:00,21.37884,72.67997,21.37884,72.67997,1,0.54,0.54,0.54,,,0.66,0.66,0,0,1,VIIRS_NOAA20_SP,N20,0,1,0.0,1,0.0,comparison_area,,
EVT-DAHEJ-00834,2023-06-11 20:48:00+00:00,2023-06-12 20:29:00+00:00,21.68728,72.534875,21.68733,72.53356,2,3.89,3.16,3.89,1.0323759005323594,0.6008230452674896,0.66,0.66,0,0,1,VIIRS_NOAA20_SP,N20,0,2,23.683333333333334,2,0.2719697781750547,dahej_core,,
EVT-DAHEJ-00835,2023-06-12 20:29:00+00:00,2023-06-12 21:20:00+00:00,21.687286666666665,72.56153,21.6878,72.56398,3,5.12,4.376666666666666,3.0,1.1934962644823541,-0.4140625,0.66,0.66,0,0,2,VIIRS_NOAA20_SP;VIIRS_SNPP_SP,N;N20,0,3,0.85,1,0.566995586636451,dahej_core,,
EVT-DAHEJ-00836,2023-06-12 20:29:00+00:00,2023-06-12 20:29:00+00:00,21.56329,72.91628,21.56329,72.91628,1,1.13,1.13,1.13,,,0.66,0.66,0,0,1,VIIRS_NOAA20_SP,N20,0,1,0.0,1,0.0,comparison_area,,
EVT-DAHEJ-00837,2023-06-13 07:42:00+00:00,2023-06-13 07:42:00+00:00,21.72384,72.56971,21.72345,72.5679,2,8.15,7.755000000000001,8.15,0.5586143571373726,0.10733695652173914,1.0,0.8300000000000001,1,0,1,VIIRS_NOAA20_SP,N20,2,0,0.0,1,0.383864913007001,dahej_core,,
EVT-DAHEJ-00838,2023-06-13 08:32:00+00:00,2023-06-13 08:32:00+00:00,21.707555,72.69119,21.70757,72.69145,2,2.86,2.485,2.86,0.5303300858899106,0.35545023696682465,0.66,0.66,0,0,1,VIIRS_SNPP_SP,N,2,0,0.0,1,0.05382443705777476,dahej_core,,
EVT-DAHEJ-00839,2023-06-13 20:10:00+00:00,2023-06-13 20:10:00+00:00,21.62555,72.97437,21.62555,72.97437,1,0.54,0.54,0.54,,,0.66,0.66,0,0,1,VIIRS_NOAA20_SP,N20,0,1,0.0,1,0.0,comparison_area,,
EVT-DAHEJ-00840,2023-06-13 21:01:00+00:00,2023-06-15 08:44:00+00:00,21.686670000000003,72.53450333333333,21.68718,72.5357,3,7.6,4.739999999999999,7.6,2.5997692205270835,2.015873015873016,0.66,0.66,0,0,2,VIIRS_NOAA20_SP;VIIRS_SNPP_SP,N;N20,1,2,35.71666666666667,3,0.2727566203272448,dahej_core,,
EVT-DAHEJ-00841,2023-06-14 20:42:00+00:00,2023-06-14 21:32:00+00:00,21.687894999999997,72.56190000000001,21.68687,72.56137,2,3.82,2.985,2.15,1.1808683245815343,-0.43717277486910994,0.66,0.66,0,0,2,VIIRS_NOAA20_SP;VIIRS_SNPP_SP,N;N20,0,2,0.8333333333333334,1,0.25289615904955765,dahej_core,,
EVT-DAHEJ-00842,2023-06-16 20:05:00+00:00,2023-06-16 20:54:00+00:00,21.686815000000003,72.560995,21.68343,72.5611,8,4.59,3.2249999999999996,3.84,1.1320020191804303,0.6916299559471365,0.66,0.66,0,0,2,VIIRS_NOAA20_SP;VIIRS_SNPP_SP,N;N20,0,8,0.8166666666666667,1,0.8286230016098487,dahej_core,,
EVT-DAHEJ-00843,2023-06-16 20:05:00+00:00,2023-06-16 20:05:00+00:00,21.68592,72.53281,21.68592,72.53281,1,1.7,1.7,1.7,,,0.66,0.66,0,0,1,VIIRS_SNPP_SP,N,0,1,0.0,1,0.0,dahej_core,,
EVT-DAHEJ-00844,2023-06-18 07:48:00+00:00,2023-06-19 21:38:00+00:00,21.693389000000003,72.605895,21.69314,72.60557,20,23.53,8.163500000000003,0.74,7.204580615282562,-0.9215270413573701,0.66,0.627,0,3,2,VIIRS_NOAA20_SP;VIIRS_SNPP_SP,N;N20,7,13,37.833333333333336,2,0.8027906259310179,dahej_core,,
EVT-DAHEJ-00845,2023-06-18 08:39:00+00:00,2023-06-18 08:39:00+00:00,21.77083,72.87846,21.77083,72.87846,1,2.77,2.77,2.77,,,0.66,0.66,0,0,1,VIIRS_SNPP_SP,N,1,0,0.0,1,0.0,comparison_area,,
EVT-DAHEJ-00846,2023-06-19 20:49:00+00:00,2023-06-21 08:32:00+00:00,21.68622476190476,72.56233333333333,21.68679,72.56059,21,32.74,9.360476190476192,9.77,6.314193120415685,0.9194499017681729,1.0,0.6923809523809524,2,1,2,VIIRS_NOAA20_SP;VIIRS_SNPP_SP,N;N20,8,13,35.71666666666667,3,0.8824477488992138,dahej_core,,
EVT-DAHEJ-00847,2023-06-20 08:01:00+00:00,2023-06-20 08:01:00+00:00,21.46363,72.83401,21.46363,72.83401,1,2.4,2.4,2.4,,,0.66,0.66,0,0,1,VIIRS_SNPP_SP,N,1,0,0.0,1,0.0,comparison_area,,
EVT-DAHEJ-00848,2023-06-21 07:42:00+00:00,2023-06-21 07:42:00+00:00,22.0184,72.91604,22.0184,72.91604,1,2.05,2.05,2.05,,,0.66,0.66,0,0,1,VIIRS_SNPP_SP,N,1,0,0.0,1,0.0,comparison_area,,
EVT-DAHEJ-00849,2023-06-21 08:32:00+00:00,2023-06-21 08:32:00+00:00,21.914515,72.687045,21.91438,72.68706,2,10.88,10.84,10.88,0.05656854249492385,0.007407407407407414,0.66,0.66,0,0,1,VIIRS_NOAA20_SP,N20,2,0,0.0,1,0.030181760379477153,dahej_fringe,,
EVT-DAHEJ-00850,2023-06-21 08:32:00+00:00,2023-06-21 08:32:00+00:00,21.99507,72.85827,21.99507,72.85827,1,5.96,5.96,5.96,,,0.66,0.66,0,0,1,VIIRS_NOAA20_SP,N20,1,0,0.0,1,0.0,comparison_area,,
EVT-DAHEJ-00851,2023-06-21 21:01:00+00:00,2023-06-23 08:45:00+00:00,21.687231666666666,72.5629,21.68852,72.56098,6,8.41,4.485,4.22,2.6050316696731346,4.943661971830986,0.66,0.6050000000000001,0,0,2,VIIRS_NOAA20_SP;VIIRS_SNPP_SP,N;N20,5,1,35.733333333333334,3,0.6160616447379991,dahej_core,,
EVT-DAHEJ-00852,2023-06-22 08:13:00+00:00,2023-06-22 08:13:00+00:00,22.01171,72.86555,22.01171,72.86555,1,5.85,5.85,5.85,,,0.33,0.33,0,0,1,VIIRS_NOAA20_SP,N20,1,0,0.0,1,0.0,comparison_area,,
EVT-DAHEJ-00853,2023-06-22 09:04:00+00:00,2023-06-22 09:04:00+00:00,21.9173,72.690695,21.91835,72.6908,2,3.48,3.455,3.43,0.03535533905932725,-0.014367816091953972,0.66,0.66,0,0,1,VIIRS_SNPP_SP,N,2,0,0.0,1,0.23451239064854254,dahej_fringe,,
EVT-DAHEJ-00854,2023-06-22 09:04:00+00:00,2023-06-22 09:04:00+00:00,21.92514,72.70271,21.92514,72.70271,1,2.59,2.59,2.59,,,0.66,0.66,0,0,1,VIIRS_SNPP_SP,N,1,0,0.0,1,0.0,dahej_fringe,,
EVT-DAHEJ-00855,2023-06-23 07:54:00+00:00,2023-06-23 07:54:00+00:00,21.67528,72.90427,21.67528,72.90427,1,6.71,6.71,6.71,,,0.66,0.66,0,0,1,VIIRS_NOAA20_SP,N20,1,0,0.0,1,0.0,comparison_area,,
EVT-DAHEJ-00856,2023-06-23 07:54:00+00:00,2023-06-23 08:45:00+00:00,21.646595,72.95497499999999,21.64532,72.95603,2,19.12,10.610000000000001,2.1,12.03495741579504,-0.8901673640167364,0.66,0.66,0,0,2,VIIRS_NOAA20_SP;VIIRS_SNPP_SP,N;N20,2,0,0.85,1,0.35770940545047347,comparison_area,,
EVT-DAHEJ-00857,2023-06-23 07:54:00+00:00,2023-06-23 07:54:00+00:00,21.6963,72.94484,21.6963,72.94484,1,4.31,4.31,4.31,,,0.66,0.66,0,0,1,VIIRS_NOAA20_SP,N20,1,0,0.0,1,0.0,comparison_area,,
EVT-DAHEJ-00858,2023-06-23 08:45:00+00:00,2023-06-23 08:45:00+00:00,21.73308,72.80387,21.73308,72.80387,1,1.72,1.72,1.72,,,0.66,0.66,0,0,1,VIIRS_SNPP_SP,N,1,0,0.0,1,0.0,dahej_fringe,,
EVT-DAHEJ-00859,2023-06-23 08:45:00+00:00,2023-06-23 08:45:00+00:00,21.494,72.91843,21.494,72.91843,1,2.53,2.53,2.53,,,0.66,0.66,0,0,1,VIIRS_SNPP_SP,N,1,0,0.0,1,0.0,comparison_area,,
EVT-DAHEJ-00860,2023-06-23 21:14:00+00:00,2023-06-23 21:14:00+00:00,21.685421999999996,72.56118599999999,21.68551,72.56386,5,10.94,7.057999999999998,2.16,3.919747440843606,-0.8025594149908593,0.66,0.66,0,0,1,VIIRS_SNPP_SP,N,0,5,0.0,1,0.5925719584395255,dahej_core,,
EVT-DAHEJ-00861,2023-06-25 08:07:00+00:00,2023-06-25 08:57:00+00:00,21.693640000000002,72.60687,21.69614,72.60572,2,9.53,6.654999999999999,3.78,4.065863991822648,-0.6033578174186779,0.66,0.66,0,0,2,VIIRS_NOAA20_SP;VIIRS_SNPP_SP,N;N20,2,0,0.8333333333333334,1,0.6046312973439292,dahej_core,,
EVT-DAHEJ-00862,2023-06-26 21:07:00+00:00,2023-06-26 21:07:00+00:00,21.68560666666667,72.56240333333334,21.68747,72.56238,3,1.94,1.7266666666666666,1.94,0.3608785575970582,0.005181347150259072,0.66,0.66,0,0,1,VIIRS_NOAA20_SP,N20,0,3,0.0,1,0.44723553394156174,dahej_core,,
EVT-DAHEJ-00863,2023-07-05 09:10:00+00:00,2023-07-05 09:10:00+00:00,21.685499999999998,72.56684,21.68529,72.56421,2,38.81,32.94,27.07,8.301433611130069,-0.30249935583612475,0.66,0.66,0,2,1,VIIRS_NOAA20_SP,N20,2,0,0.0,1,0.5454943044754934,dahej_core,,
EVT-DAHEJ-00864,2023-07-07 07:42:00+00:00,2023-07-07 21:01:00+00:00,21.694350000000004,72.60493571428572,21.69505,72.6014,7,33.25,9.642857142857142,0.76,11.630011055147676,-0.9381611065907242,0.66,0.6128571428571429,0,1,2,VIIRS_NOAA20_SP;VIIRS_SNPP_SP,N;N20,4,3,13.316666666666666,1,0.805454047643734,dahej_core,,
EVT-DAHEJ-00865,2023-07-12 07:48:00+00:00,2023-07-12 07:48:00+00:00,21.69255,72.60145,21.69255,72.60145,1,6.66,6.66,6.66,,,0.66,0.66,0,0,1,VIIRS_SNPP_SP,N,1,0,0.0,1,0.0,dahej_core,,
EVT-DAHEJ-00866,2023-08-28 21:26:00+00:00,2023-08-28 21:26:00+00:00,21.79666,72.64833,21.79666,72.64833,1,0.75,0.75,0.75,,,0.66,0.66,0,0,1,VIIRS_NOAA20_SP,N20,0,1,0.0,1,0.0,dahej_core,,
EVT-DAHEJ-00867,2023-09-12 20:55:00+00:00,2023-09-12 20:55:00+00:00,21.68618,72.53391,21.68618,72.53391,1,0.38,0.38,0.38,,,0.66,0.66,0,0,1,VIIRS_SNPP_SP,N,0,1,0.0,1,0.0,dahej_core,,
EVT-DAHEJ-00868,2023-09-13 08:07:00+00:00,2023-09-13 08:07:00+00:00,21.79483,72.64626,21.79483,72.64626,1,2.57,2.57,2.57,,,0.66,0.66,0,0,1,VIIRS_SNPP_SP,N,1,0,0.0,1,0.0,dahej_core,,
EVT-DAHEJ-00869,2023-09-21 20:35:00+00:00,2023-09-22 08:38:00+00:00,21.686324999999997,72.56227,21.68613,72.55911,6,17.39,8.165,6.87,5.317840727212502,1.113846153846154,0.66,0.66,0,0,2,VIIRS_NOAA20_SP;VIIRS_SNPP_SP,N;N20,4,2,12.05,2,0.7153333334164179,dahej_core,,
EVT-DAHEJ-00870,2023-10-02 08:00:00+00:00,2023-10-02 08:00:00+00:00,21.83618,72.86168,21.83618,72.86168,1,1.34,1.34,1.34,,,0.66,0.66,0,0,1,VIIRS_NOAA20_SP,N20,1,0,0.0,1,0.0,comparison_area,,
EVT-DAHEJ-00871,2023-10-04 08:13:00+00:00,2023-10-04 08:13:00+00:00,21.69975,72.54162,21.69975,72.54162,1,2.66,2.66,2.66,,,0.33,0.33,0,0,1,VIIRS_SNPP_SP,N,1,0,0.0,1,0.0,dahej_core,,
EVT-DAHEJ-00872,2023-10-04 19:51:00+00:00,2023-10-04 21:31:00+00:00,21.695512,72.601848,21.69763,72.60052,10,46.59,18.211000000000002,10.62,15.381520983887706,-0.7720540888602705,1.0,0.6940000000000002,1,2,2,VIIRS_NOAA20_SP;VIIRS_SNPP_SP,N;N20,0,10,1.6666666666666667,1,0.7911413257048038,dahej_core,,
EVT-DAHEJ-00873,2023-10-04 19:51:00+00:00,2023-10-04 19:51:00+00:00,21.69865,72.58589,21.69865,72.58589,1,13.99,13.99,13.99,,,0.66,0.66,0,0,1,VIIRS_NOAA20_SP,N20,0,1,0.0,1,0.0,dahej_core,,
EVT-DAHEJ-00874,2023-10-04 19:51:00+00:00,2023-10-04 19:51:00+00:00,21.69105,72.59258,21.69105,72.59258,1,1.88,1.88,1.88,,,0.66,0.66,0,0,1,VIIRS_NOAA20_SP,N20,0,1,0.0,1,0.0,dahej_core,,
EVT-DAHEJ-00875,2023-10-04 20:42:00+00:00,2023-10-04 20:42:00+00:00,21.60384,72.99537,21.60384,72.99537,1,0.59,0.59,0.59,,,0.66,0.66,0,0,1,VIIRS_SNPP_SP,N,0,1,0.0,1,0.0,comparison_area,,
EVT-DAHEJ-00876,2023-10-04 21:31:00+00:00,2023-10-05 08:44:00+00:00,21.692521428571432,72.60772571428572,21.69073,72.60763,7,22.69,16.264285714285712,21.88,5.542610266961639,0.7846655791190864,1.0,0.6614285714285716,1,3,2,VIIRS_NOAA20_SP;VIIRS_SNPP_SP,N;N20,3,4,11.216666666666667,2,0.6382987452535919,dahej_core,,
EVT-DAHEJ-00877,2023-10-10 08:00:00+00:00,2023-10-11 08:31:00+00:00,21.833108888888887,72.86115333333333,21.836,72.86063,9,6.93,4.954444444444444,4.0,1.532009392196333,-0.32659932659932667,1.0,0.6611111111111112,1,0,2,VIIRS_NOAA20_SP;VIIRS_SNPP_SP,N;N20,9,0,24.516666666666666,2,0.6546381601681777,comparison_area,,
EVT-DAHEJ-00878,2023-10-12 20:41:00+00:00,2023-10-12 20:41:00+00:00,21.39612,72.94786,21.39612,72.94786,1,1.06,1.06,1.06,,,0.66,0.66,0,0,1,VIIRS_NOAA20_SP,N20,0,1,0.0,1,0.0,comparison_area,,
EVT-DAHEJ-00879,2023-10-12 20:41:00+00:00,2023-10-12 20:41:00+00:00,21.83678,72.85945,21.83678,72.85945,1,0.4,0.4,0.4,,,0.66,0.66,0,0,1,VIIRS_NOAA20_SP,N20,0,1,0.0,1,0.0,comparison_area,,
EVT-DAHEJ-00880,2023-10-14 20:54:00+00:00,2023-10-14 20:54:00+00:00,21.39548,72.94623,21.39548,72.94623,1,1.49,1.49,1.49,,,0.66,0.66,0,0,1,VIIRS_SNPP_SP,N,0,1,0.0,1,0.0,comparison_area,,
EVT-DAHEJ-00881,2023-10-19 07:41:00+00:00,2023-10-19 07:41:00+00:00,21.41626,72.73805,21.41665,72.73983,2,2.19,2.19,2.19,0.0,0.0,0.66,0.66,0,0,1,VIIRS_NOAA20_SP,N20,2,0,0.0,1,0.37859034526678365,comparison_area,,
EVT-DAHEJ-00882,2023-10-19 20:09:00+00:00,2023-10-19 20:09:00+00:00,21.79618,72.64431,21.79618,72.64431,1,1.09,1.09,1.09,,,0.66,0.66,0,0,1,VIIRS_NOAA20_SP,N20,0,1,0.0,1,0.0,dahej_core,,
EVT-DAHEJ-00883,2023-10-22 09:16:00+00:00,2023-10-22 09:16:00+00:00,21.59822,72.97291,21.59822,72.97291,1,4.22,4.22,4.22,,,0.66,0.66,0,0,1,VIIRS_SNPP_SP,N,1,0,0.0,1,0.0,comparison_area,,
EVT-DAHEJ-00884,2023-10-22 20:53:00+00:00,2023-10-22 20:53:00+00:00,21.43448,72.9782,21.43448,72.9782,1,0.75,0.75,0.75,,,0.66,0.66,0,0,1,VIIRS_NOAA20_SP,N20,0,1,0.0,1,0.0,comparison_area,,
EVT-DAHEJ-00885,2023-10-25 08:19:00+00:00,2023-10-25 08:19:00+00:00,22.04999,72.73939,22.04999,72.73939,1,1.52,1.52,1.52,,,0.66,0.66,0,0,1,VIIRS_SNPP_SP,N,1,0,0.0,1,0.0,comparison_area,,
EVT-DAHEJ-00886,2023-10-25 19:57:00+00:00,2023-10-25 20:48:00+00:00,21.564574999999998,72.777345,21.56712,72.77555,2,1.71,1.31,1.71,0.565685424949238,0.879120879120879,0.66,0.66,0,0,2,VIIRS_NOAA20_SP;VIIRS_SNPP_SP,N;N20,0,2,0.85,1,0.676876809036979,dahej_fringe,,
EVT-DAHEJ-00887,2023-10-28 08:12:00+00:00,2023-10-28 20:41:00+00:00,21.709644000000004,72.54099999999998,21.70682,72.54156,5,20.6,6.840000000000001,0.79,8.023633840100134,-0.9616504854368932,1.0,0.7280000000000001,1,1,2,VIIRS_NOAA20_SP;VIIRS_SNPP_SP,N;N20,3,2,12.483333333333333,1,0.9251395590106753,dahej_core,,
EVT-DAHEJ-00888,2023-10-28 09:03:00+00:00,2023-10-28 09:03:00+00:00,21.45123,72.95294,21.45123,72.95294,1,1.24,1.24,1.24,,,0.66,0.66,0,0,1,VIIRS_SNPP_SP,N,1,0,0.0,1,0.0,comparison_area,,
EVT-DAHEJ-00889,2023-10-30 08:25:00+00:00,2023-10-30 08:25:00+00:00,21.6819,72.62762,21.6819,72.62762,1,1.17,1.17,1.17,,,0.66,0.66,0,0,1,VIIRS_SNPP_SP,N,1,0,0.0,1,0.0,dahej_core,,
EVT-DAHEJ-00890,2023-10-31 08:06:00+00:00,2023-10-31 08:06:00+00:00,21.49498,72.99246,21.49498,72.99246,1,6.28,6.28,6.28,,,0.66,0.66,0,0,1,VIIRS_SNPP_SP,N,1,0,0.0,1,0.0,comparison_area,,
EVT-DAHEJ-00891,2023-11-01 07:48:00+00:00,2023-11-01 07:48:00+00:00,21.711665,72.544655,21.7127,72.54258,2,10.22,6.99,10.22,4.567909806465098,1.718085106382979,0.66,0.495,0,0,1,VIIRS_SNPP_SP,N,2,0,0.0,1,0.48660339785124285,dahej_core,,
EVT-DAHEJ-00892,2023-11-01 08:37:00+00:00,2023-11-01 08:37:00+00:00,21.41919,72.91354,21.41919,72.91354,1,1.82,1.82,1.82,,,0.66,0.66,0,0,1,VIIRS_NOAA20_SP,N20,1,0,0.0,1,0.0,comparison_area,,
EVT-DAHEJ-00893,2023-11-01 08:37:00+00:00,2023-11-01 08:37:00+00:00,21.76729,72.61626,21.76729,72.61626,1,27.84,27.84,27.84,,,0.33,0.33,0,1,1,VIIRS_NOAA20_SP,N20,1,0,0.0,1,0.0,dahej_core,,
EVT-DAHEJ-00894,2023-11-01 08:37:00+00:00,2023-11-01 08:37:00+00:00,21.7654,72.63164,21.7654,72.63164,1,3.94,3.94,3.94,,,0.66,0.66,0,0,1,VIIRS_NOAA20_SP,N20,1,0,0.0,1,0.0,dahej_core,,
EVT-DAHEJ-00895,2023-11-02 19:57:00+00:00,2023-11-02 19:57:00+00:00,21.79252,72.64662,21.79252,72.64662,1,0.8,0.8,0.8,,,0.66,0.66,0,0,1,VIIRS_SNPP_SP,N,0,1,0.0,1,0.0,dahej_core,,
EVT-DAHEJ-00896,2023-11-02 20:47:00+00:00,2023-11-02 20:47:00+00:00,21.35588,72.93687,21.35588,72.93687,1,0.54,0.54,0.54,,,0.66,0.66,0,0,1,VIIRS_NOAA20_SP,N20,0,1,0.0,1,0.0,comparison_area,,
EVT-DAHEJ-00897,2023-11-03 08:00:00+00:00,2023-11-03 08:00:00+00:00,21.47983,72.91692,21.47983,72.91692,1,1.9,1.9,1.9,,,0.66,0.66,0,0,1,VIIRS_NOAA20_SP,N20,1,0,0.0,1,0.0,comparison_area,,
EVT-DAHEJ-00898,2023-11-03 08:00:00+00:00,2023-11-03 08:00:00+00:00,21.87809,72.652355,21.87984,72.65369,2,8.24,6.925000000000001,5.61,1.85969083452062,-0.31917475728155337,0.66,0.66,0,0,1,VIIRS_NOAA20_SP,N20,2,0,0.0,1,0.476831347031587,dahej_fringe,,
EVT-DAHEJ-00899,2023-11-03 08:00:00+00:00,2023-11-03 08:00:00+00:00,22.04714,72.54739,22.04714,72.54739,1,1.42,1.42,1.42,,,0.66,0.66,0,0,1,VIIRS_NOAA20_SP,N20,1,0,0.0,1,0.0,comparison_area,,
EVT-DAHEJ-00900,2023-11-03 20:28:00+00:00,2023-11-03 20:28:00+00:00,21.608829999999998,72.97523000000001,21.60916,72.97266,2,1.18,1.18,1.18,0.0,0.0,0.66,0.66,0,0,1,VIIRS_NOAA20_SP,N20,0,2,0.0,1,0.5364185066128949,comparison_area,,
EVT-DAHEJ-00901,2023-11-04 07:41:00+00:00,2023-11-04 07:41:00+00:00,21.77055,72.70713,21.77055,72.70713,1,2.1,2.1,2.1,,,0.66,0.66,0,0,1,VIIRS_NOAA20_SP,N20,1,0,0.0,1,0.0,dahej_core,,
EVT-DAHEJ-00902,2023-11-04 08:32:00+00:00,2023-11-04 08:32:00+00:00,21.82442,72.69614,21.82442,72.69614,1,4.2,4.2,4.2,,,0.33,0.33,0,0,1,VIIRS_SNPP_SP,N,1,0,0.0,1,0.0,dahej_core,,
EVT-DAHEJ-00903,2023-11-04 08:32:00+00:00,2023-11-04 08:32:00+00:00,21.56151,72.90957,21.56151,72.90957,1,5.97,5.97,5.97,,,0.66,0.66,0,0,1,VIIRS_SNPP_SP,N,1,0,0.0,1,0.0,comparison_area,,
EVT-DAHEJ-00904,2023-11-04 08:32:00+00:00,2023-11-04 08:32:00+00:00,21.63096,72.91225,21.63096,72.91225,1,3.6,3.6,3.6,,,0.66,0.66,0,0,1,VIIRS_SNPP_SP,N,1,0,0.0,1,0.0,comparison_area,,
EVT-DAHEJ-00905,2023-11-04 20:10:00+00:00,2023-11-04 20:10:00+00:00,21.56648,72.89354,21.56648,72.89354,1,0.34,0.34,0.34,,,0.66,0.66,0,0,1,VIIRS_NOAA20_SP,N20,0,1,0.0,1,0.0,comparison_area,,
EVT-DAHEJ-00906,2023-11-05 08:13:00+00:00,2023-11-05 08:13:00+00:00,21.800745,72.71843,21.80042,72.71646,2,7.77,6.42,7.77,1.9091883092036779,0.5325443786982247,0.66,0.495,0,0,1,VIIRS_SNPP_SP,N,2,0,0.0,1,0.41314678259245996,dahej_core,,
EVT-DAHEJ-00907,2023-11-05 20:42:00+00:00,2023-11-05 20:42:00+00:00,21.36349,72.93633,21.36349,72.93633,1,0.56,0.56,0.56,,,0.66,0.66,0,0,1,VIIRS_SNPP_SP,N,0,1,0.0,1,0.0,comparison_area,,
EVT-DAHEJ-00908,2023-11-06 07:54:00+00:00,2023-11-06 07:54:00+00:00,21.90755,72.68137,21.90755,72.68137,1,2.04,2.04,2.04,,,0.66,0.66,0,0,1,VIIRS_SNPP_SP,N,1,0,0.0,1,0.0,dahej_fringe,,
EVT-DAHEJ-00909,2023-11-06 07:54:00+00:00,2023-11-06 07:54:00+00:00,21.50803,72.74985,21.50803,72.74985,1,2.78,2.78,2.78,,,0.66,0.66,0,0,1,VIIRS_SNPP_SP,N,1,0,0.0,1,0.0,dahej_fringe,,
EVT-DAHEJ-00910,2023-11-06 07:54:00+00:00,2023-11-07 08:25:00+00:00,21.79513,72.64814333333334,21.7964,72.64883,3,1.83,1.0266666666666666,0.95,0.7678758580222023,-0.48087431693989074,0.66,0.5499999999999999,0,0,2,VIIRS_NOAA20_SP;VIIRS_SNPP_SP,N;N20,2,1,24.516666666666666,2,0.3161620985592979,dahej_core,,
EVT-DAHEJ-00911,2023-11-07 08:25:00+00:00,2023-11-07 08:25:00+00:00,21.4305,72.69072,21.4305,72.69072,1,4.39,4.39,4.39,,,0.33,0.33,0,0,1,VIIRS_NOAA20_SP,N20,1,0,0.0,1,0.0,comparison_area,,
EVT-DAHEJ-00912,2023-11-08 08:06:00+00:00,2023-11-08 08:06:00+00:00,21.4604,72.66705,21.4604,72.66705,1,5.06,5.06,5.06,,,0.66,0.66,0,0,1,VIIRS_NOAA20_SP,N20,1,0,0.0,1,0.0,comparison_area,,
EVT-DAHEJ-00913,2023-11-08 08:06:00+00:00,2023-11-08 08:06:00+00:00,21.92431,72.693835,21.92359,72.69344,2,2.85,2.645,2.85,0.28991378028648457,0.16803278688524598,0.66,0.66,0,0,1,VIIRS_NOAA20_SP,N20,2,0,0.0,1,0.17966495997814882,dahej_fringe,,
EVT-DAHEJ-00914,2023-11-08 08:06:00+00:00,2023-11-08 08:57:00+00:00,21.479390000000002,72.71546000000001,21.47984,72.71471,2,6.14,4.255,2.37,2.665792565073284,-0.6140065146579804,0.66,0.66,0,0,2,VIIRS_NOAA20_SP;VIIRS_SNPP_SP,N;N20,2,0,0.85,1,0.18467506692187777,comparison_area,,
EVT-DAHEJ-00915,2023-11-08 08:06:00+00:00,2023-11-08 08:06:00+00:00,21.49744,72.88253,21.49744,72.88253,1,3.38,3.38,3.38,,,0.66,0.66,0,0,1,VIIRS_NOAA20_SP,N20,1,0,0.0,1,0.0,comparison_area,,
EVT-DAHEJ-00916,2023-11-08 20:35:00+00:00,2023-11-08 21:26:00+00:00,21.366148,72.94361,21.36627,72.94433,5,7.99,5.764,5.99,1.9583615600802629,-0.2503128911138924,1.0,0.728,1,0,2,VIIRS_NOAA20_SP;VIIRS_SNPP_SP,N;N20,0,5,0.85,1,0.3954033907477287,comparison_area,,
EVT-DAHEJ-00917,2023-11-09 07:47:00+00:00,2023-11-09 07:47:00+00:00,21.78972,72.62725,21.78972,72.62725,1,9.92,9.92,9.92,,,0.66,0.66,0,0,1,VIIRS_NOAA20_SP,N20,1,0,0.0,1,0.0,dahej_core,,
EVT-DAHEJ-00918,2023-11-09 07:47:00+00:00,2023-11-09 08:38:00+00:00,21.612956666666665,72.90814,21.61382,72.91054,3,5.07,4.463333333333334,4.12,0.526909226843992,-0.1873767258382643,0.66,0.55,0,0,2,VIIRS_NOAA20_SP;VIIRS_SNPP_SP,N;N20,3,0,0.85,1,0.5218416608541344,comparison_area,,
EVT-DAHEJ-00919,2023-11-09 07:47:00+00:00,2023-11-09 07:47:00+00:00,21.753365000000002,72.621025,21.75278,72.61819,2,12.08,10.575,12.08,2.1283914113715077,0.3318632855567806,0.66,0.66,0,0,1,VIIRS_NOAA20_SP,N20,2,0,0.0,1,0.599856433615534,dahej_core,,
EVT-DAHEJ-00920,2023-11-09 08:38:00+00:00,2023-11-09 08:38:00+00:00,21.71193,72.7119,21.71193,72.7119,1,5.36,5.36,5.36,,,0.66,0.66,0,0,1,VIIRS_SNPP_SP,N,1,0,0.0,1,0.0,dahej_core,,
EVT-DAHEJ-00921,2023-11-09 20:16:00+00:00,2023-11-09 21:07:00+00:00,21.530876666666668,72.93022666666667,21.53341,72.92749,3,1.12,0.7966666666666667,0.78,0.3153305144341939,-0.3035714285714286,0.66,0.66,0,0,2,VIIRS_NOAA20_SP;VIIRS_SNPP_SP,N;N20,0,3,0.85,1,0.7687574309037021,comparison_area,,
EVT-DAHEJ-00922,2023-11-10 07:28:00+00:00,2023-11-10 07:28:00+00:00,21.76146,72.68057,21.76146,72.68057,1,4.27,4.27,4.27,,,0.66,0.66,0,0,1,VIIRS_NOAA20_SP,N20,1,0,0.0,1,0.0,dahej_core,,
EVT-DAHEJ-00923,2023-11-10 08:19:00+00:00,2023-11-10 08:19:00+00:00,22.03632,72.80013,22.03632,72.80013,1,1.8,1.8,1.8,,,0.33,0.33,0,0,1,VIIRS_SNPP_SP,N,1,0,0.0,1,0.0,comparison_area,,
EVT-DAHEJ-00924,2023-11-10 20:48:00+00:00,2023-11-10 20:48:00+00:00,21.99391,72.57745,21.99391,72.57745,1,0.87,0.87,0.87,,,0.66,0.66,0,0,1,VIIRS_SNPP_SP,N,0,1,0.0,1,0.0,comparison_area,,
EVT-DAHEJ-00925,2023-11-11 08:00:00+00:00,2023-11-11 08:00:00+00:00,21.4453,72.98159,21.4453,72.98159,1,4.81,4.81,4.81,,,0.66,0.66,0,0,1,VIIRS_SNPP_SP,N,1,0,0.0,1,0.0,comparison_area,,
EVT-DAHEJ-00926,2023-11-11 20:29:00+00:00,2023-11-11 21:19:00+00:00,21.59241,72.83565,21.59261,72.83753,2,1.58,1.5350000000000001,1.58,0.06363961030678934,0.06040268456375844,0.66,0.66,0,0,2,VIIRS_NOAA20_SP;VIIRS_SNPP_SP,N;N20,0,2,0.8333333333333334,1,0.39129002521954326,dahej_fringe,,
EVT-DAHEJ-00927,2023-11-12 07:41:00+00:00,2023-11-12 07:41:00+00:00,21.78454,72.64645,21.78454,72.64645,1,2.02,2.02,2.02,,,0.66,0.66,0,0,1,VIIRS_SNPP_SP,N,1,0,0.0,1,0.0,dahej_core,,
EVT-DAHEJ-00928,2023-11-12 07:41:00+00:00,2023-11-12 07:41:00+00:00,21.52749,72.94539,21.52749,72.94539,1,3.15,3.15,3.15,,,0.33,0.33,0,0,1,VIIRS_SNPP_SP,N,1,0,0.0,1,0.0,comparison_area,,
EVT-DAHEJ-00929,2023-11-12 07:41:00+00:00,2023-11-12 08:31:00+00:00,21.748714999999997,72.636735,21.74901,72.63648,2,2.17,2.035,2.17,0.19091883092036785,0.14210526315789476,0.66,0.66,0,0,2,VIIRS_NOAA20_SP;VIIRS_SNPP_SP,N;N20,2,0,0.8333333333333334,1,0.08413353321779962,dahej_core,,
EVT-DAHEJ-00930,2023-11-12 08:31:00+00:00,2023-11-12 08:31:00+00:00,21.71417,72.72836,21.71417,72.72836,1,2.42,2.42,2.42,,,0.66,0.66,0,0,1,VIIRS_NOAA20_SP,N20,1,0,0.0,1,0.0,dahej_core,,
EVT-DAHEJ-00931,2023-11-12 21:00:00+00:00,2023-11-12 21:00:00+00:00,21.60358,72.88231,21.60358,72.88231,1,1.64,1.64,1.64,,,0.66,0.66,0,0,1,VIIRS_NOAA20_SP,N20,0,1,0.0,1,0.0,comparison_area,,
EVT-DAHEJ-00932,2023-11-13 08:12:00+00:00,2023-11-13 09:03:00+00:00,21.858810000000002,72.66836333333333,21.86109,72.66872,3,3.45,2.4633333333333334,3.45,0.8544783984006462,0.7512690355329951,0.66,0.66,0,0,2,VIIRS_NOAA20_SP;VIIRS_SNPP_SP,N;N20,3,0,0.85,1,0.4232770980151692,dahej_fringe,,
EVT-DAHEJ-00933,2023-11-13 08:12:00+00:00,2023-11-13 08:12:00+00:00,21.47206,72.909885,21.47274,72.91003,2,2.64,2.5650000000000004,2.64,0.10606601717798206,0.060240963855421645,0.66,0.66,0,0,1,VIIRS_NOAA20_SP,N20,2,0,0.0,1,0.15417394872156312,comparison_area,,
EVT-DAHEJ-00934,2023-11-14 07:53:00+00:00,2023-11-14 07:53:00+00:00,21.5242,72.70887,21.52464,72.71111,2,3.12,3.12,3.12,0.0,0.0,0.66,0.495,0,0,1,VIIRS_NOAA20_SP,N20,2,0,0.0,1,0.4736322647516797,dahej_fringe,,
EVT-DAHEJ-00935,2023-11-14 21:13:00+00:00,2023-11-14 21:13:00+00:00,21.58401,72.83407,21.58401,72.83407,1,0.98,0.98,0.98,,,0.66,0.66,0,0,1,VIIRS_SNPP_SP,N,0,1,0.0,1,0.0,dahej_fringe,,
EVT-DAHEJ-00936,2023-11-15 08:25:00+00:00,2023-11-15 08:25:00+00:00,22.01334,72.79169,22.01334,72.79169,1,2.98,2.98,2.98,,,0.33,0.33,0,0,1,VIIRS_SNPP_SP,N,1,0,0.0,1,0.0,comparison_area,,
EVT-DAHEJ-00937,2023-11-15 08:25:00+00:00,2023-11-15 08:25:00+00:00,22.04596,72.53945,22.04596,72.53945,1,5.67,5.67,5.67,,,0.33,0.33,0,0,1,VIIRS_SNPP_SP,N,1,0,0.0,1,0.0,comparison_area,,
EVT-DAHEJ-00938,2023-11-15 20:03:00+00:00,2023-11-15 20:03:00+00:00,21.36437,72.87782,21.36437,72.87782,1,2.6,2.6,2.6,,,0.66,0.66,0,0,1,VIIRS_NOAA20_SP,N20,0,1,0.0,1,0.0,comparison_area,,
EVT-DAHEJ-00939,2023-11-15 20:54:00+00:00,2023-11-15 20:54:00+00:00,21.56461,72.81662,21.56461,72.81662,1,1.19,1.19,1.19,,,0.66,0.66,0,0,1,VIIRS_SNPP_SP,N,0,1,0.0,1,0.0,dahej_fringe,,
EVT-DAHEJ-00940,2023-11-16 08:06:00+00:00,2023-11-16 08:06:00+00:00,21.46685,72.87181,21.46685,72.87181,1,4.23,4.23,4.23,,,0.66,0.66,0,0,1,VIIRS_SNPP_SP,N,1,0,0.0,1,0.0,comparison_area,,
EVT-DAHEJ-00941,2023-11-16 08:06:00+00:00,2023-11-16 08:06:00+00:00,21.51605,72.81144,21.51605,72.81144,1,4.18,4.18,4.18,,,0.66,0.66,0,0,1,VIIRS_SNPP_SP,N,1,0,0.0,1,0.0,dahej_fringe,,
EVT-DAHEJ-00942,2023-11-16 08:07:00+00:00,2023-11-16 08:07:00+00:00,21.792555,72.61009,21.79216,72.60782,2,14.8,11.625,8.45,4.490128060534578,-0.4290540540540541,0.66,0.66,0,0,1,VIIRS_SNPP_SP,N,2,0,0.0,1,0.47690787081823816,dahej_core,,
EVT-DAHEJ-00943,2023-11-16 20:35:00+00:00,2023-11-16 20:35:00+00:00,21.35669,72.96644,21.35669,72.96644,1,0.58,0.58,0.58,,,0.66,0.66,0,0,1,VIIRS_SNPP_SP,N,0,1,0.0,1,0.0,comparison_area,,
EVT-DAHEJ-00944,2023-11-16 21:25:00+00:00,2023-11-16 21:25:00+00:00,21.4882,72.95768,21.4882,72.95768,1,1.78,1.78,1.78,,,0.66,0.66,0,0,1,VIIRS_NOAA20_SP,N20,0,1,0.0,1,0.0,comparison_area,,
EVT-DAHEJ-00945,2023-11-16 21:25:00+00:00,2023-11-16 21:25:00+00:00,21.43504,72.97655,21.43504,72.97655,1,0.61,0.61,0.61,,,0.66,0.66,0,0,1,VIIRS_NOAA20_SP,N20,0,1,0.0,1,0.0,comparison_area,,
EVT-DAHEJ-00946,2023-11-17 07:48:00+00:00,2023-11-17 07:48:00+00:00,21.52831,72.88867,21.52831,72.88867,1,4.13,4.13,4.13,,,0.66,0.66,0,0,1,VIIRS_SNPP_SP,N,1,0,0.0,1,0.0,comparison_area,,
EVT-DAHEJ-00947,2023-11-17 08:37:00+00:00,2023-11-17 08:37:00+00:00,21.395049999999998,72.850945,21.39357,72.84974,2,4.98,3.5900000000000003,4.98,1.9657568516986024,1.2636363636363637,0.66,0.66,0,0,1,VIIRS_NOAA20_SP,N20,2,0,0.0,1,0.41302318192603593,comparison_area,,
EVT-DAHEJ-00948,2023-11-17 08:37:00+00:00,2023-11-17 08:37:00+00:00,21.80113,72.72437,21.80113,72.72437,1,1.57,1.57,1.57,,,0.66,0.66,0,0,1,VIIRS_NOAA20_SP,N20,1,0,0.0,1,0.0,dahej_core,,
EVT-DAHEJ-00949,2023-11-17 08:37:00+00:00,2023-11-17 08:37:00+00:00,21.47709,72.96547,21.47709,72.96547,1,4.27,4.27,4.27,,,0.66,0.66,0,0,1,VIIRS_NOAA20_SP,N20,1,0,0.0,1,0.0,comparison_area,,
EVT-DAHEJ-00950,2023-11-17 08:38:00+00:00,2023-11-17 08:38:00+00:00,22.03865,72.78618,22.03865,72.78618,1,1.85,1.85,1.85,,,0.33,0.33,0,0,1,VIIRS_NOAA20_SP,N20,1,0,0.0,1,0.0,comparison_area,,
EVT-DAHEJ-00951,2023-11-18 08:19:00+00:00,2023-11-18 08:19:00+00:00,21.45885,72.82996,21.45885,72.82996,1,2.67,2.67,2.67,,,0.66,0.66,0,0,1,VIIRS_NOAA20_SP,N20,1,0,0.0,1,0.0,comparison_area,,
EVT-DAHEJ-00952,2023-11-19 08:00:00+00:00,2023-11-19 08:00:00+00:00,21.7337025,72.60262,21.73484,72.59913,4,14.07,12.3625,14.07,3.415,0.0,0.66,0.66,0,0,1,VIIRS_NOAA20_SP,N20,4,0,0.0,1,0.8137138475547692,dahej_core,,
EVT-DAHEJ-00953,2023-11-19 08:00:00+00:00,2023-11-19 08:00:00+00:00,21.53805,72.95845,21.53805,72.95845,1,4.69,4.69,4.69,,,0.66,0.66,0,0,1,VIIRS_NOAA20_SP,N20,1,0,0.0,1,0.0,comparison_area,,
EVT-DAHEJ-00954,2023-11-19 20:29:00+00:00,2023-11-19 20:29:00+00:00,21.56961,72.81568,21.56961,72.81568,1,6.39,6.39,6.39,,,0.66,0.66,0,0,1,VIIRS_NOAA20_SP,N20,0,1,0.0,1,0.0,dahej_fringe,,
EVT-DAHEJ-00955,2023-11-20 20:10:00+00:00,2023-11-20 20:10:00+00:00,21.41512,72.87901,21.41512,72.87901,1,0.29,0.29,0.29,,,0.66,0.66,0,0,1,VIIRS_NOAA20_SP,N20,0,1,0.0,1,0.0,comparison_area,,
EVT-DAHEJ-00956,2023-11-21 07:22:00+00:00,2023-11-21 09:03:00+00:00,21.74402875,72.60897375,21.74394,72.61096,8,43.22,11.7275,5.68,13.024654368871806,-0.539708265802269,0.66,0.61875,0,1,2,VIIRS_NOAA20_SP;VIIRS_SNPP_SP,N;N20,8,0,1.6833333333333333,1,0.6718978628553378,dahej_core,,
EVT-DAHEJ-00957,2023-11-21 08:13:00+00:00,2023-11-21 08:13:00+00:00,21.49315,72.94021,21.49315,72.94021,1,1.98,1.98,1.98,,,0.66,0.66,0,0,1,VIIRS_SNPP_SP,N,1,0,0.0,1,0.0,comparison_area,,
EVT-DAHEJ-00958,2023-11-21 08:13:00+00:00,2023-11-21 08:13:00+00:00,21.85184,72.69313,21.85184,72.69313,1,1.91,1.91,1.91,,,0.66,0.66,0,0,1,VIIRS_SNPP_SP,N,1,0,0.0,1,0.0,dahej_fringe,,
EVT-DAHEJ-00959,2023-11-21 08:13:00+00:00,2023-11-21 08:13:00+00:00,21.89258,72.89886,21.89258,72.89886,1,4.01,4.01,4.01,,,0.66,0.66,0,0,1,VIIRS_SNPP_SP,N,1,0,0.0,1,0.0,comparison_area,,
EVT-DAHEJ-00960,2023-11-21 08:13:00+00:00,2023-11-21 09:03:00+00:00,21.750475,72.683785,21.75195,72.68324,2,5.43,4.015,2.6,2.001112190757929,-0.5211786372007366,0.66,0.66,0,0,2,VIIRS_NOAA20_SP;VIIRS_SNPP_SP,N;N20,2,0,0.8333333333333334,1,0.34680481436952965,dahej_core,,
EVT-DAHEJ-00961,2023-11-21 08:13:00+00:00,2023-11-21 08:13:00+00:00,21.47559,72.93946,21.47559,72.93946,1,6.98,6.98,6.98,,,0.66,0.66,0,0,1,VIIRS_SNPP_SP,N,1,0,0.0,1,0.0,comparison_area,,
EVT-DAHEJ-00962,2023-11-21 09:03:00+00:00,2023-11-21 09:03:00+00:00,21.738590000000002,72.60569333333335,21.73645,72.60531,3,8.76,6.599999999999999,8.76,1.8774450724322136,0.6343283582089551,0.66,0.66,0,0,1,VIIRS_NOAA20_SP,N20,3,0,0.0,1,0.4667441845612028,dahej_core,,
EVT-DAHEJ-00963,2023-11-21 20:42:00+00:00,2023-11-21 20:42:00+00:00,21.3823,72.94751,21.3823,72.94751,1,0.61,0.61,0.61,,,0.66,0.66,0,0,1,VIIRS_SNPP_SP,N,0,1,0.0,1,0.0,comparison_area,,
EVT-DAHEJ-00964,2023-11-22 07:54:00+00:00,2023-11-22 07:54:00+00:00,21.39514,72.71758,21.39514,72.71758,1,3.14,3.14,3.14,,,0.66,0.66,0,0,1,VIIRS_SNPP_SP,N,1,0,0.0,1,0.0,comparison_area,,
EVT-DAHEJ-00965,2023-11-22 07:54:00+00:00,2023-11-22 08:44:00+00:00,21.871940000000002,72.66053,21.87377,72.65971,2,7.62,7.205,6.79,0.5868986283848344,-0.1089238845144357,0.66,0.66,0,0,2,VIIRS_NOAA20_SP;VIIRS_SNPP_SP,N;N20,2,0,0.8333333333333334,1,0.44075820008598793,dahej_fringe,,
EVT-DAHEJ-00966,2023-11-22 08:44:00+00:00,2023-11-22 08:44:00+00:00,21.54453,72.944665,21.5424,72.94493,2,4.72,3.9899999999999998,3.26,1.0323759005323594,-0.3093220338983051,0.66,0.66,0,0,1,VIIRS_NOAA20_SP,N20,2,0,0.0,1,0.4768521590897054,comparison_area,,
EVT-DAHEJ-00967,2023-11-22 20:23:00+00:00,2023-11-22 20:23:00+00:00,21.36226,72.83851,21.36226,72.83851,1,0.36,0.36,0.36,,,0.66,0.66,0,0,1,VIIRS_SNPP_SP,N,0,1,0.0,1,0.0,comparison_area,,
EVT-DAHEJ-00968,2023-11-22 20:23:00+00:00,2023-11-22 20:23:00+00:00,21.36442,72.92938,21.36442,72.92938,1,0.97,0.97,0.97,,,0.66,0.66,0,0,1,VIIRS_SNPP_SP,N,0,1,0.0,1,0.0,comparison_area,,
EVT-DAHEJ-00969,2023-11-23 21:44:00+00:00,2023-11-23 21:44:00+00:00,21.38989,72.95364,21.38989,72.95364,1,1.39,1.39,1.39,,,0.66,0.66,0,0,1,VIIRS_SNPP_SP,N,0,1,0.0,1,0.0,comparison_area,,
EVT-DAHEJ-00970,2023-11-24 08:06:00+00:00,2023-11-24 08:06:00+00:00,21.88011,72.67506,21.88011,72.67506,1,3.17,3.17,3.17,,,0.66,0.66,0,0,1,VIIRS_NOAA20_SP,N20,1,0,0.0,1,0.0,dahej_fringe,,
EVT-DAHEJ-00971,2023-11-25 07:47:00+00:00,2023-11-25 07:47:00+00:00,21.7941,72.67249,21.7941,72.67249,1,3.35,3.35,3.35,,,0.66,0.66,0,0,1,VIIRS_NOAA20_SP,N20,1,0,0.0,1,0.0,dahej_core,,
EVT-DAHEJ-00972,2023-11-25 08:38:00+00:00,2023-11-25 08:38:00+00:00,21.78321,72.6436,21.78321,72.6436,1,17.01,17.01,17.01,,,0.66,0.66,0,0,1,VIIRS_SNPP_SP,N,1,0,0.0,1,0.0,dahej_core,,
EVT-DAHEJ-00973,2023-11-29 08:12:00+00:00,2023-11-29 08:12:00+00:00,21.997529999999998,72.52303,21.99785,72.525,2,7.26,4.88,7.26,3.365828278447966,1.904,0.66,0.66,0,0,1,VIIRS_NOAA20_SP,N20,2,0,0.0,1,0.4124008993698501,comparison_area,,
EVT-DAHEJ-00974,2023-11-29 08:12:00+00:00,2023-11-29 08:12:00+00:00,21.891325000000002,72.90062,21.89164,72.90255,2,6.52,6.52,6.52,0.0,0.0,0.66,0.66,0,0,1,VIIRS_NOAA20_SP,N20,2,0,0.0,1,0.40437769996614503,comparison_area,,
EVT-DAHEJ-00975,2023-12-02 08:06:00+00:00,2023-12-02 08:06:00+00:00,21.88176,72.67366,21.88176,72.67366,1,4.31,4.31,4.31,,,0.66,0.66,0,0,1,VIIRS_SNPP_SP,N,1,0,0.0,1,0.0,dahej_fringe,,
EVT-DAHEJ-00976,2023-12-03 21:06:00+00:00,2023-12-03 21:06:00+00:00,21.43574,72.97466,21.43574,72.97466,1,0.55,0.55,0.55,,,0.66,0.66,0,0,1,VIIRS_NOAA20_SP,N20,0,1,0.0,1,0.0,comparison_area,,
EVT-DAHEJ-00977,2023-12-04 08:19:00+00:00,2023-12-04 08:19:00+00:00,21.51501,72.73097,21.51501,72.73097,1,2.81,2.81,2.81,,,0.66,0.66,0,0,1,VIIRS_NOAA20_SP,N20,1,0,0.0,1,0.0,dahej_fringe,,
EVT-DAHEJ-00978,2023-12-04 08:19:00+00:00,2023-12-04 08:19:00+00:00,21.44699,72.88271,21.44699,72.88271,1,1.74,1.74,1.74,,,0.66,0.66,0,0,1,VIIRS_NOAA20_SP,N20,1,0,0.0,1,0.0,comparison_area,,
EVT-DAHEJ-00979,2023-12-05 08:50:00+00:00,2023-12-05 08:50:00+00:00,22.08978,72.98779,22.08978,72.98779,1,5.43,5.43,5.43,,,0.66,0.66,0,0,1,VIIRS_SNPP_SP,N,1,0,0.0,1,0.0,comparison_area,,
EVT-DAHEJ-00980,2023-12-06 08:31:00+00:00,2023-12-06 08:31:00+00:00,21.55163,72.98026,21.55163,72.98026,1,2.94,2.94,2.94,,,0.66,0.66,0,0,1,VIIRS_SNPP_SP,N,1,0,0.0,1,0.0,comparison_area,,
EVT-DAHEJ-00981,2023-12-06 08:31:00+00:00,2023-12-06 08:31:00+00:00,21.36836,72.70615,21.36836,72.70615,1,2.51,2.51,2.51,,,0.66,0.66,0,0,1,VIIRS_SNPP_SP,N,1,0,0.0,1,0.0,comparison_area,,
EVT-DAHEJ-00982,2023-12-06 08:31:00+00:00,2023-12-06 08:31:00+00:00,21.40242,72.69234,21.40242,72.69234,1,3.75,3.75,3.75,,,0.66,0.66,0,0,1,VIIRS_SNPP_SP,N,1,0,0.0,1,0.0,comparison_area,,
EVT-DAHEJ-00983,2023-12-06 08:31:00+00:00,2023-12-06 08:31:00+00:00,21.48719,72.89663,21.48719,72.89663,1,1.89,1.89,1.89,,,0.66,0.66,0,0,1,VIIRS_SNPP_SP,N,1,0,0.0,1,0.0,comparison_area,,
EVT-DAHEJ-00984,2023-12-06 21:00:00+00:00,2023-12-06 21:00:00+00:00,21.3637,72.82977,21.3637,72.82977,1,0.63,0.63,0.63,,,0.66,0.66,0,0,1,VIIRS_SNPP_SP,N,0,1,0.0,1,0.0,comparison_area,,
EVT-DAHEJ-00985,2023-12-07 08:13:00+00:00,2023-12-07 08:13:00+00:00,21.89243,72.90234333333333,21.88972,72.90351,6,7.06,6.085,7.06,1.6195030101855319,1.377104377104377,0.66,0.55,0,0,1,VIIRS_SNPP_SP,N,6,0,0.0,1,0.762662530072988,comparison_area,,
EVT-DAHEJ-00986,2023-12-07 08:13:00+00:00,2023-12-07 08:13:00+00:00,21.892861666666665,72.89425000000001,21.89522,72.89448,6,6.7,5.266666666666667,6.7,1.8618127367344621,0.0,0.66,0.55,0,0,1,VIIRS_SNPP_SP,N,6,0,0.0,1,0.7628378787476271,comparison_area,,
EVT-DAHEJ-00987,2023-12-08 07:54:00+00:00,2023-12-08 08:44:00+00:00,21.706155000000003,72.69421,21.70673,72.69354,2,5.73,4.275,5.73,2.0576807332528535,1.0319148936170215,0.66,0.66,0,0,2,VIIRS_NOAA20_SP;VIIRS_SNPP_SP,N;N20,2,0,0.8333333333333334,1,0.1884579867266947,dahej_core,,
EVT-DAHEJ-00988,2023-12-08 21:13:00+00:00,2023-12-08 21:13:00+00:00,21.36749,72.93269,21.36749,72.93269,1,0.5,0.5,0.5,,,0.66,0.66,0,0,1,VIIRS_NOAA20_SP,N20,0,1,0.0,1,0.0,comparison_area,,
EVT-DAHEJ-00989,2023-12-09 08:25:00+00:00,2023-12-09 08:25:00+00:00,22.09041,72.65356,22.09041,72.65356,1,1.88,1.88,1.88,,,0.33,0.33,0,0,1,VIIRS_NOAA20_SP,N20,1,0,0.0,1,0.0,comparison_area,,
EVT-DAHEJ-00990,2023-12-09 20:54:00+00:00,2023-12-09 20:54:00+00:00,21.35167,72.86524,21.35167,72.86524,1,0.39,0.39,0.39,,,0.66,0.66,0,0,1,VIIRS_NOAA20_SP,N20,0,1,0.0,1,0.0,comparison_area,,
EVT-DAHEJ-00991,2023-12-10 08:06:00+00:00,2023-12-10 08:06:00+00:00,21.38328,72.65257,21.38328,72.65257,1,2.27,2.27,2.27,,,0.66,0.66,0,0,1,VIIRS_NOAA20_SP,N20,1,0,0.0,1,0.0,comparison_area,,
EVT-DAHEJ-00992,2023-12-10 08:06:00+00:00,2023-12-10 08:57:00+00:00,21.721893333333337,72.71807,21.72164,72.71584,3,4.74,3.233333333333333,4.74,1.3048116083685544,0.9112903225806452,0.66,0.66,0,0,2,VIIRS_NOAA20_SP;VIIRS_SNPP_SP,N;N20,3,0,0.85,1,0.46758708025328244,dahej_core,,
EVT-DAHEJ-00993,2023-12-10 08:56:00+00:00,2023-12-10 08:56:00+00:00,21.42612,72.8851,21.42629,72.88678,2,3.5,3.165,2.83,0.4737615433949868,-0.19142857142857142,0.66,0.66,0,0,1,VIIRS_SNPP_SP,N,2,0,0.0,1,0.34984346870688254,comparison_area,,
EVT-DAHEJ-00994,2023-12-10 08:56:00+00:00,2023-12-10 08:56:00+00:00,21.55362,72.89169,21.55362,72.89169,1,2.87,2.87,2.87,,,0.66,0.66,0,0,1,VIIRS_SNPP_SP,N,1,0,0.0,1,0.0,comparison_area,,
EVT-DAHEJ-00995,2023-12-10 08:57:00+00:00,2023-12-10 08:57:00+00:00,21.73169,72.71365,21.73169,72.71365,1,2.88,2.88,2.88,,,0.66,0.66,0,0,1,VIIRS_SNPP_SP,N,1,0,0.0,1,0.0,dahej_core,,
EVT-DAHEJ-00996,2023-12-10 20:35:00+00:00,2023-12-10 21:25:00+00:00,21.433316666666666,72.97667,21.43438,72.97574,3,1.28,0.7733333333333333,0.46,0.44286943147312996,-0.640625,0.66,0.66,0,0,2,VIIRS_NOAA20_SP;VIIRS_SNPP_SP,N;N20,0,3,0.8333333333333334,1,0.313687597976376,comparison_area,,
EVT-DAHEJ-00997,2023-12-11 20:16:00+00:00,2023-12-11 21:07:00+00:00,21.388613333333335,72.93511333333333,21.3877,72.93333,3,0.41,0.38000000000000006,0.37,0.0264575131106459,0.027777777777777804,0.66,0.66,0,0,2,VIIRS_NOAA20_SP;VIIRS_SNPP_SP,N;N20,0,3,0.85,1,0.34026861265252334,comparison_area,,
EVT-DAHEJ-00998,2023-12-12 08:19:00+00:00,2023-12-12 08:19:00+00:00,21.61128,72.90743,21.61128,72.90743,1,2.51,2.51,2.51,,,0.66,0.66,0,0,1,VIIRS_SNPP_SP,N,1,0,0.0,1,0.0,comparison_area,,
EVT-DAHEJ-00999,2023-12-12 08:19:00+00:00,2023-12-12 08:19:00+00:00,21.35986,72.87995,21.35986,72.87995,1,1.6,1.6,1.6,,,0.66,0.66,0,0,1,VIIRS_SNPP_SP,N,1,0,0.0,1,0.0,comparison_area,,
EVT-DAHEJ-01000,2023-12-12 08:19:00+00:00,2023-12-12 08:19:00+00:00,21.86899,72.6451,21.86899,72.6451,1,2.66,2.66,2.66,,,0.66,0.66,0,0,1,VIIRS_SNPP_SP,N,1,0,0.0,1,0.0,dahej_fringe,,
EVT-DAHEJ-01001,2023-12-13 08:00:00+00:00,2023-12-13 08:50:00+00:00,21.757496,72.61529,21.7595,72.61723,5,13.08,8.616,8.91,2.8662484191011774,0.46305418719211827,0.66,0.66,0,0,2,VIIRS_NOAA20_SP;VIIRS_SNPP_SP,N;N20,5,0,0.8333333333333334,1,0.7105754254743216,dahej_core,,
EVT-DAHEJ-01002,2023-12-13 20:29:00+00:00,2023-12-13 20:29:00+00:00,21.7125,72.70448,21.7125,72.70448,1,0.45,0.45,0.45,,,0.66,0.66,0,0,1,VIIRS_SNPP_SP,N,0,1,0.0,1,0.0,dahej_core,,
EVT-DAHEJ-01003,2023-12-14 21:00:00+00:00,2023-12-14 21:00:00+00:00,21.36762,72.94125,21.36762,72.94125,1,2.31,2.31,2.31,,,0.66,0.66,0,0,1,VIIRS_NOAA20_SP,N20,0,1,0.0,1,0.0,comparison_area,,
EVT-DAHEJ-01004,2023-12-14 21:00:00+00:00,2023-12-14 21:00:00+00:00,21.35719,72.83413,21.35719,72.83413,1,0.81,0.81,0.81,,,0.66,0.66,0,0,1,VIIRS_NOAA20_SP,N20,0,1,0.0,1,0.0,comparison_area,,
EVT-DAHEJ-01005,2023-12-15 08:12:00+00:00,2023-12-15 08:12:00+00:00,21.892089999999996,72.89785900000001,21.88993,72.89945,10,10.02,7.220000000000001,4.15,2.850551603539996,-0.5858283433133732,1.0,0.562,1,0,1,VIIRS_NOAA20_SP,N20,10,0,0.0,1,0.8916196114459942,comparison_area,,
EVT-DAHEJ-01006,2023-12-15 08:12:00+00:00,2023-12-15 08:12:00+00:00,21.87185,72.68271,21.87185,72.68271,1,2.86,2.86,2.86,,,0.66,0.66,0,0,1,VIIRS_NOAA20_SP,N20,1,0,0.0,1,0.0,dahej_fringe,,
EVT-DAHEJ-01007,2023-12-15 08:12:00+00:00,2023-12-15 08:12:00+00:00,21.53274,72.84584,21.5333,72.84584,2,1.82,1.725,1.63,0.13435028842544414,-0.10439560439560448,0.66,0.66,0,0,1,VIIRS_NOAA20_SP,N20,2,0,0.0,1,0.12453848986158264,dahej_fringe,,
EVT-DAHEJ-01008,2023-12-15 08:12:00+00:00,2023-12-15 08:12:00+00:00,21.77059,72.64526,21.77059,72.64526,1,3.23,3.23,3.23,,,0.66,0.66,0,0,1,VIIRS_NOAA20_SP,N20,1,0,0.0,1,0.0,dahej_core,,
EVT-DAHEJ-01009,2023-12-15 08:13:00+00:00,2023-12-15 08:13:00+00:00,21.99556,72.75209,21.99556,72.75209,1,4.85,4.85,4.85,,,0.66,0.66,0,0,1,VIIRS_NOAA20_SP,N20,1,0,0.0,1,0.0,comparison_area,,
EVT-DAHEJ-01010,2023-12-15 21:31:00+00:00,2023-12-15 21:31:00+00:00,21.79261,72.64694,21.79261,72.64694,1,1.17,1.17,1.17,,,0.66,0.66,0,0,1,VIIRS_SNPP_SP,N,0,1,0.0,1,0.0,dahej_core,,
EVT-DAHEJ-01011,2023-12-16 08:44:00+00:00,2023-12-16 08:44:00+00:00,21.47671,72.81185,21.47671,72.81185,1,1.71,1.71,1.71,,,0.66,0.66,0,0,1,VIIRS_SNPP_SP,N,1,0,0.0,1,0.0,comparison_area,,
EVT-DAHEJ-01012,2023-12-16 08:44:00+00:00,2023-12-16 08:44:00+00:00,21.56486,72.94124,21.56486,72.94124,1,6.27,6.27,6.27,,,0.66,0.66,0,0,1,VIIRS_SNPP_SP,N,1,0,0.0,1,0.0,comparison_area,,
EVT-DAHEJ-01013,2023-12-17 07:35:00+00:00,2023-12-17 07:35:00+00:00,21.85825,72.66146,21.85825,72.66146,1,2.65,2.65,2.65,,,0.66,0.66,0,0,1,VIIRS_NOAA20_SP,N20,1,0,0.0,1,0.0,dahej_fringe,,
EVT-DAHEJ-01014,2023-12-17 08:25:00+00:00,2023-12-17 08:25:00+00:00,21.537935,72.982185,21.53862,72.98244,2,3.14,2.92,3.14,0.31112698372208086,0.16296296296296292,0.66,0.66,0,0,1,VIIRS_SNPP_SP,N,2,0,0.0,1,0.16121158521479823,comparison_area,,
EVT-DAHEJ-01015,2023-12-17 08:25:00+00:00,2023-12-17 08:25:00+00:00,21.66971,72.97662,21.66971,72.97662,1,2.91,2.91,2.91,,,0.66,0.66,0,0,1,VIIRS_SNPP_SP,N,1,0,0.0,1,0.0,comparison_area,,
EVT-DAHEJ-01016,2023-12-17 08:25:00+00:00,2023-12-17 08:25:00+00:00,21.60885,72.96706,21.60885,72.96706,1,3.96,3.96,3.96,,,0.66,0.66,0,0,1,VIIRS_SNPP_SP,N,1,0,0.0,1,0.0,comparison_area,,
EVT-DAHEJ-01017,2023-12-17 20:04:00+00:00,2023-12-17 20:54:00+00:00,21.366104999999997,72.84364,21.36608,72.8434,2,0.54,0.42500000000000004,0.31,0.16263455967290597,-0.425925925925926,0.66,0.66,0,0,2,VIIRS_NOAA20_SP;VIIRS_SNPP_SP,N;N20,0,2,0.8333333333333334,1,0.050015323236502006,comparison_area,,
EVT-DAHEJ-01018,2023-12-17 20:04:00+00:00,2023-12-17 20:54:00+00:00,21.434035,72.97537,21.43615,72.97448,2,1.01,0.825,1.01,0.2616295090390226,0.578125,0.66,0.66,0,0,2,VIIRS_NOAA20_SP;VIIRS_SNPP_SP,N;N20,0,2,0.8333333333333334,1,0.50515124882196,comparison_area,,
EVT-DAHEJ-01019,2023-12-17 20:04:00+00:00,2023-12-17 20:04:00+00:00,21.38403,72.8428,21.38403,72.8428,1,0.39,0.39,0.39,,,0.66,0.66,0,0,1,VIIRS_NOAA20_SP,N20,0,1,0.0,1,0.0,comparison_area,,
EVT-DAHEJ-01020,2023-12-17 20:54:00+00:00,2023-12-17 20:54:00+00:00,21.4271,72.9633,21.4271,72.9633,1,0.48,0.48,0.48,,,0.66,0.66,0,0,1,VIIRS_SNPP_SP,N,0,1,0.0,1,0.0,comparison_area,,
EVT-DAHEJ-01021,2023-12-18 08:06:00+00:00,2023-12-18 08:06:00+00:00,21.38736,72.79182,21.38736,72.79182,1,6.78,6.78,6.78,,,0.66,0.66,0,0,1,VIIRS_SNPP_SP,N,1,0,0.0,1,0.0,comparison_area,,
EVT-DAHEJ-01022,2023-12-18 08:06:00+00:00,2023-12-18 08:06:00+00:00,21.47741,72.85884,21.47741,72.85884,1,2.08,2.08,2.08,,,0.66,0.66,0,0,1,VIIRS_SNPP_SP,N,1,0,0.0,1,0.0,comparison_area,,
EVT-DAHEJ-01023,2023-12-20 07:28:00+00:00,2023-12-20 08:19:00+00:00,21.488243333333333,72.97350333333334,21.48948,72.97521,3,7.41,5.773333333333333,5.33,1.4661627922346594,-0.2807017543859649,0.66,0.66,0,0,2,VIIRS_NOAA20_SP;VIIRS_SNPP_SP,N;N20,3,0,0.85,1,0.37207376985038365,comparison_area,,
EVT-DAHEJ-01024,2023-12-20 08:19:00+00:00,2023-12-20 08:19:00+00:00,21.48308,72.87474,21.48308,72.87474,1,2.22,2.22,2.22,,,0.66,0.66,0,0,1,VIIRS_NOAA20_SP,N20,1,0,0.0,1,0.0,comparison_area,,
EVT-DAHEJ-01025,2023-12-22 20:10:00+00:00,2023-12-22 20:10:00+00:00,21.446714999999998,72.94850500000001,21.44626,72.94861,2,0.27,0.27,0.27,0.0,0.0,0.66,0.66,0,0,1,VIIRS_NOAA20_SP,N20,0,2,0.0,1,0.10349534237320343,comparison_area,,
EVT-DAHEJ-01026,2023-12-23 07:22:00+00:00,2023-12-23 20:41:00+00:00,21.7024725,72.6817575,21.69848,72.68167,4,5.2,3.2675,0.48,2.1842065683751923,-0.9000000000000001,0.66,0.66,0,0,2,VIIRS_NOAA20_SP;VIIRS_SNPP_SP,N;N20,3,1,13.316666666666666,1,0.7739736130616973,dahej_core,,
EVT-DAHEJ-01027,2023-12-23 08:12:00+00:00,2023-12-23 08:12:00+00:00,21.896156666666666,72.90328,21.89862,72.90416,3,9.23,5.59,3.77,3.152332469775357,-0.591549295774648,0.66,0.66,0,0,1,VIIRS_SNPP_SP,N,3,0,0.0,1,0.559144791944663,comparison_area,,
EVT-DAHEJ-01028,2023-12-23 08:12:00+00:00,2023-12-23 08:12:00+00:00,21.891516666666664,72.89612666666666,21.88997,72.89374,3,2.54,2.54,2.54,0.0,0.0,0.66,0.66,0,0,1,VIIRS_SNPP_SP,N,3,0,0.0,1,0.5585294635975517,comparison_area,,
EVT-DAHEJ-01029,2023-12-23 08:12:00+00:00,2023-12-23 08:12:00+00:00,21.87274,72.6808475,21.87283,72.6829,4,5.86,4.5600000000000005,5.86,1.5011106998930273,0.0,0.66,0.66,0,0,1,VIIRS_SNPP_SP,N,4,0,0.0,1,0.4245341934900254,dahej_fringe,,
EVT-DAHEJ-01030,2023-12-23 08:12:00+00:00,2023-12-23 08:12:00+00:00,21.7154,72.70399,21.7154,72.70399,1,2.24,2.24,2.24,,,0.66,0.66,0,0,1,VIIRS_SNPP_SP,N,1,0,0.0,1,0.0,dahej_core,,
EVT-DAHEJ-01031,2023-12-23 08:12:00+00:00,2023-12-23 08:12:00+00:00,21.98642,72.766955,21.98472,72.76727,2,4.15,4.15,4.15,0.0,0.0,0.66,0.66,0,0,1,VIIRS_SNPP_SP,N,2,0,0.0,1,0.3836031774024761,comparison_area,,
EVT-DAHEJ-01032,2023-12-23 08:12:00+00:00,2023-12-23 08:12:00+00:00,21.836759999999998,72.8454,21.83644,72.84344,2,2.87,2.46,2.87,0.5798275605729691,0.4000000000000002,0.66,0.66,0,0,1,VIIRS_SNPP_SP,N,2,0,0.0,1,0.4108196079058976,dahej_fringe,,
EVT-DAHEJ-01033,2023-12-23 08:12:00+00:00,2023-12-23 08:12:00+00:00,21.37224,72.85218,21.37224,72.85218,1,4.28,4.28,4.28,,,0.66,0.66,0,0,1,VIIRS_SNPP_SP,N,1,0,0.0,1,0.0,comparison_area,,
EVT-DAHEJ-01034,2023-12-23 08:12:00+00:00,2023-12-23 08:12:00+00:00,21.56074,72.95802,21.56074,72.95802,1,34.64,34.64,34.64,,,0.33,0.33,0,1,1,VIIRS_SNPP_SP,N,1,0,0.0,1,0.0,comparison_area,,
EVT-DAHEJ-01035,2023-12-23 08:12:00+00:00,2023-12-23 08:12:00+00:00,21.89775,72.92036,21.89775,72.92036,1,5.33,5.33,5.33,,,0.66,0.66,0,0,1,VIIRS_SNPP_SP,N,1,0,0.0,1,0.0,comparison_area,,
EVT-DAHEJ-01036,2023-12-23 08:13:00+00:00,2023-12-23 08:13:00+00:00,22.03681,72.74158,22.03681,72.74158,1,2.05,2.05,2.05,,,0.66,0.66,0,0,1,VIIRS_SNPP_SP,N,1,0,0.0,1,0.0,comparison_area,,
EVT-DAHEJ-01037,2023-12-23 08:13:00+00:00,2023-12-23 08:13:00+00:00,22.07577,72.63683,22.07577,72.63683,1,2.5,2.5,2.5,,,0.66,0.66,0,0,1,VIIRS_SNPP_SP,N,1,0,0.0,1,0.0,comparison_area,,
EVT-DAHEJ-01038,2023-12-23 09:03:00+00:00,2023-12-23 09:03:00+00:00,21.59019,72.98739,21.59024,72.98717,2,4.62,4.355,4.09,0.37476659402887036,-0.11471861471861478,0.66,0.66,0,0,1,VIIRS_NOAA20_SP,N20,2,0,0.0,1,0.04683238587471879,comparison_area,,
EVT-DAHEJ-01039,2023-12-23 20:41:00+00:00,2023-12-23 20:41:00+00:00,21.37879,72.95303,21.37879,72.95303,1,0.76,0.76,0.76,,,0.66,0.66,0,0,1,VIIRS_SNPP_SP,N,0,1,0.0,1,0.0,comparison_area,,
EVT-DAHEJ-01040,2023-12-23 20:41:00+00:00,2023-12-24 21:13:00+00:00,21.431540000000002,72.97734333333334,21.43178,72.97756,3,0.73,0.5666666666666668,0.63,0.2025668613898466,0.8529411764705881,0.66,0.66,0,0,2,VIIRS_NOAA20_SP;VIIRS_SNPP_SP,N;N20,0,3,24.533333333333335,2,0.056295241690297544,comparison_area,,
EVT-DAHEJ-01041,2023-12-24 07:54:00+00:00,2023-12-24 07:54:00+00:00,21.73235,72.72424,21.73235,72.72424,1,2.23,2.23,2.23,,,0.66,0.66,0,0,1,VIIRS_SNPP_SP,N,1,0,0.0,1,0.0,dahej_core,,
EVT-DAHEJ-01042,2023-12-24 07:54:00+00:00,2023-12-24 08:44:00+00:00,21.47626,72.85709,21.47692,72.85647,2,10.35,7.265,10.35,4.362848839920998,1.4760765550239234,0.66,0.66,0,0,2,VIIRS_NOAA20_SP;VIIRS_SNPP_SP,N;N20,2,0,0.8333333333333334,1,0.1949532014123357,comparison_area,,
EVT-DAHEJ-01043,2023-12-24 07:54:00+00:00,2023-12-24 08:44:00+00:00,22.054113333333333,72.54334333333334,22.05589,72.5442,3,4.81,4.706666666666667,4.71,0.10503967504392485,-0.02079002079002072,0.66,0.5499999999999999,0,0,2,VIIRS_NOAA20_SP;VIIRS_SNPP_SP,N;N20,3,0,0.8333333333333334,1,0.47166592782851474,comparison_area,,
EVT-DAHEJ-01044,2023-12-24 07:54:00+00:00,2023-12-24 07:54:00+00:00,21.82944,72.70858,21.82944,72.70858,1,1.56,1.56,1.56,,,0.33,0.33,0,0,1,VIIRS_SNPP_SP,N,1,0,0.0,1,0.0,dahej_core,,
EVT-DAHEJ-01045,2023-12-24 08:44:00+00:00,2023-12-25 08:25:00+00:00,21.793353333333332,72.64818666666667,21.79466,72.64947,3,5.0,3.0566666666666666,1.81,1.705295673287578,-0.638,0.66,0.55,0,0,2,VIIRS_NOAA20_SP;VIIRS_SNPP_SP,N;N20,3,0,23.683333333333334,2,0.6162307723325561,dahej_core,,
EVT-DAHEJ-01046,2023-12-25 08:25:00+00:00,2023-12-25 08:25:00+00:00,21.46298,72.99684,21.46298,72.99684,1,1.69,1.69,1.69,,,0.66,0.66,0,0,1,VIIRS_NOAA20_SP,N20,1,0,0.0,1,0.0,comparison_area,,
EVT-DAHEJ-01047,2023-12-25 08:25:00+00:00,2023-12-25 08:25:00+00:00,21.76846,72.64278,21.76846,72.64278,1,2.5,2.5,2.5,,,0.33,0.33,0,0,1,VIIRS_NOAA20_SP,N20,1,0,0.0,1,0.0,dahej_core,,
EVT-DAHEJ-01048,2023-12-25 20:04:00+00:00,2023-12-25 20:04:00+00:00,21.35914,72.99945,21.35914,72.99945,1,0.95,0.95,0.95,,,0.66,0.66,0,0,1,VIIRS_SNPP_SP,N,0,1,0.0,1,0.0,comparison_area,,
EVT-DAHEJ-01049,2023-12-25 20:54:00+00:00,2023-12-25 20:54:00+00:00,21.40882,72.8877,21.40882,72.8877,1,0.7,0.7,0.7,,,0.66,0.66,0,0,1,VIIRS_NOAA20_SP,N20,0,1,0.0,1,0.0,comparison_area,,
EVT-DAHEJ-01050,2023-12-25 20:54:00+00:00,2023-12-26 21:25:00+00:00,21.43289333333333,72.97595,21.43227,72.97633,3,0.7,0.54,0.38,0.15999999999999998,-0.29629629629629634,0.66,0.66,0,0,2,VIIRS_NOAA20_SP;VIIRS_SNPP_SP,N;N20,0,3,24.516666666666666,2,0.24625092635781007,comparison_area,,
EVT-DAHEJ-01051,2023-12-25 20:54:00+00:00,2023-12-25 20:54:00+00:00,21.36133,72.9627,21.36133,72.9627,1,0.46,0.46,0.46,,,0.66,0.66,0,0,1,VIIRS_NOAA20_SP,N20,0,1,0.0,1,0.0,comparison_area,,
EVT-DAHEJ-01052,2023-12-28 09:09:00+00:00,2023-12-28 09:09:00+00:00,22.051175,72.686065,22.04796,72.68709,4,10.82,7.635,8.99,2.7744368798010166,0.49833333333333335,0.66,0.66,0,0,1,VIIRS_NOAA20_SP,N20,4,0,0.0,1,0.7047157745063918,comparison_area,,
EVT-DAHEJ-01053,2023-12-29 08:00:00+00:00,2023-12-29 08:00:00+00:00,22.01894,72.7757,22.01894,72.7757,1,3.48,3.48,3.48,,,0.66,0.66,0,0,1,VIIRS_SNPP_SP,N,1,0,0.0,1,0.0,comparison_area,,
EVT-DAHEJ-01054,2023-12-29 08:00:00+00:00,2023-12-29 08:00:00+00:00,21.84022,72.68195,21.84022,72.68195,1,2.34,2.34,2.34,,,0.66,0.66,0,0,1,VIIRS_SNPP_SP,N,1,0,0.0,1,0.0,dahej_core,,
EVT-DAHEJ-01055,2023-12-29 08:00:00+00:00,2023-12-29 08:00:00+00:00,21.68766,72.56006,21.68766,72.56006,1,6.23,6.23,6.23,,,0.66,0.66,0,0,1,VIIRS_SNPP_SP,N,1,0,0.0,1,0.0,dahej_core,,
EVT-DAHEJ-01056,2023-12-29 08:50:00+00:00,2023-12-29 08:50:00+00:00,21.710259999999998,72.70885000000001,21.71121,72.70981,2,5.91,5.234999999999999,4.56,0.9545941546018396,-0.22842639593908637,0.66,0.495,0,0,1,VIIRS_NOAA20_SP,N20,2,0,0.0,1,0.28979001216813166,dahej_core,,
EVT-DAHEJ-01057,2023-12-30 08:31:00+00:00,2023-12-30 08:31:00+00:00,21.36085,72.86605,21.36085,72.86605,1,3.25,3.25,3.25,,,0.33,0.33,0,0,1,VIIRS_NOAA20_SP,N20,1,0,0.0,1,0.0,comparison_area,,
EVT-DAHEJ-01058,2023-12-31 08:12:00+00:00,2023-12-31 08:12:00+00:00,21.897154999999998,72.91925,21.89915,72.92087,2,5.83,5.83,5.83,0.0,0.0,0.66,0.66,0,0,1,VIIRS_NOAA20_SP,N20,2,0,0.0,1,0.5555041328544074,comparison_area,,
EVT-DAHEJ-01059,2023-12-31 08:12:00+00:00,2023-12-31 08:12:00+00:00,21.895726666666665,72.90691666666667,21.89664,72.90542,3,3.79,3.5700000000000003,3.46,0.19052558883257653,0.0,0.66,0.66,0,0,1,VIIRS_NOAA20_SP,N20,3,0,0.0,1,0.8928800987815991,comparison_area,,
EVT-DAHEJ-01060,2023-12-31 08:12:00+00:00,2023-12-31 08:12:00+00:00,21.83617666666667,72.84742,21.83414,72.84914,3,5.1,2.686666666666666,1.37,2.0929006983928624,-0.1383647798742138,0.66,0.66,0,0,1,VIIRS_NOAA20_SP,N20,3,0,0.0,1,0.5572152082782252,dahej_fringe,,
EVT-DAHEJ-01061,2023-12-31 08:12:00+00:00,2023-12-31 08:12:00+00:00,21.872205,72.681495,21.87051,72.68181,2,4.75,4.75,4.75,0.0,0.0,0.66,0.66,0,0,1,VIIRS_NOAA20_SP,N20,2,0,0.0,1,0.382516191528028,dahej_fringe,,
EVT-DAHEJ-01062,2023-12-31 08:12:00+00:00,2023-12-31 08:12:00+00:00,22.007655,72.93886499999999,22.00797,72.9408,2,1.81,1.81,1.81,0.0,0.0,0.66,0.66,0,0,1,VIIRS_NOAA20_SP,N20,2,0,0.0,1,0.4050722452424549,comparison_area,,
EVT-DAHEJ-01063,2023-12-31 08:12:00+00:00,2023-12-31 08:12:00+00:00,21.54878,72.94618,21.54878,72.94618,1,5.54,5.54,5.54,,,0.33,0.33,0,0,1,VIIRS_NOAA20_SP,N20,1,0,0.0,1,0.0,comparison_area,,
EVT-DAHEJ-01064,2023-12-31 08:12:00+00:00,2023-12-31 08:12:00+00:00,22.00464,72.87778,22.00464,72.87778,1,2.98,2.98,2.98,,,0.66,0.66,0,0,1,VIIRS_NOAA20_SP,N20,1,0,0.0,1,0.0,comparison_area,,
EVT-DAHEJ-01065,2023-12-31 08:12:00+00:00,2023-12-31 08:12:00+00:00,21.98573,72.88927,21.98573,72.88927,1,4.51,4.51,4.51,,,0.66,0.66,0,0,1,VIIRS_NOAA20_SP,N20,1,0,0.0,1,0.0,comparison_area,,
EVT-DAHEJ-01066,2023-12-31 08:12:00+00:00,2023-12-31 08:12:00+00:00,22.01495,72.79195,22.01495,72.79195,1,1.5,1.5,1.5,,,0.66,0.66,0,0,1,VIIRS_NOAA20_SP,N20,1,0,0.0,1,0.0,comparison_area,,
EVT-DAHEJ-01067,2023-12-31 20:41:00+00:00,2023-12-31 20:41:00+00:00,21.68826,72.53333,21.68826,72.53333,1,0.42,0.42,0.42,,,0.66,0.66,0,0,1,VIIRS_NOAA20_SP,N20,0,1,0.0,1,0.0,dahej_core,,
EVT-DAHEJ-01068,2023-12-31 20:41:00+00:00,2024-01-01 20:22:00+00:00,21.356393333333333,72.91390666666666,21.35472,72.91465,3,1.4,0.94,0.73,0.3988734135035826,-0.47857142857142854,0.66,0.66,0,0,1,VIIRS_NOAA20_SP,N20,0,3,23.683333333333334,2,0.3734246190858421,comparison_area,,
EVT-DAHEJ-01069,2023-12-31 20:41:00+00:00,2023-12-31 20:41:00+00:00,21.43318,72.97791,21.43318,72.97791,1,0.98,0.98,0.98,,,0.66,0.66,0,0,1,VIIRS_NOAA20_SP,N20,0,1,0.0,1,0.0,comparison_area,,
EVT-DAHEJ-01070,2024-01-01 07:54:00+00:00,2024-01-01 08:44:00+00:00,22.020220000000002,72.750865,22.02007,72.74921,2,4.42,3.585,4.42,1.1808683245815343,0.6072727272727273,0.66,0.66,0,0,2,VIIRS_NOAA20_SP;VIIRS_SNPP_SP,N;N20,2,0,0.8333333333333334,1,0.3428334308750856,comparison_area,,
EVT-DAHEJ-01071,2024-01-02 20:54:00+00:00,2024-01-04 20:16:00+00:00,21.686863333333335,72.53250000000001,21.68605,72.53207,3,1.24,1.0133333333333334,0.92,0.19731531449264988,0.0454545454545455,0.66,0.66,0,0,1,VIIRS_SNPP_SP,N,0,3,47.36666666666667,3,0.2194156109079366,dahej_core,,
EVT-DAHEJ-01072,2024-01-03 20:35:00+00:00,2024-01-03 20:35:00+00:00,21.632455,72.89805999999999,21.63424,72.89835,2,0.55,0.515,0.55,0.049497474683058366,0.14583333333333348,0.66,0.66,0,0,1,VIIRS_SNPP_SP,N,0,2,0.0,1,0.40146786230808795,comparison_area,,
EVT-DAHEJ-01073,2024-01-04 21:06:00+00:00,2024-01-06 20:29:00+00:00,21.686598571428572,72.53276857142858,21.68596,72.53332,7,3.26,1.4600000000000002,1.08,0.9829377735475764,-0.018181818181818195,0.66,0.66,0,0,2,VIIRS_NOAA20_SP;VIIRS_SNPP_SP,N;N20,2,5,47.38333333333333,3,0.289081575387902,dahej_core,,
EVT-DAHEJ-01074,2024-01-05 08:19:00+00:00,2024-01-05 08:19:00+00:00,21.72001,72.69433,21.72001,72.69433,1,2.32,2.32,2.32,,,0.33,0.33,0,0,1,VIIRS_NOAA20_SP,N20,1,0,0.0,1,0.0,dahej_core,,
EVT-DAHEJ-01075,2024-01-05 19:57:00+00:00,2024-01-05 19:57:00+00:00,21.38598,72.91104,21.38598,72.91104,1,0.75,0.75,0.75,,,0.66,0.66,0,0,1,VIIRS_SNPP_SP,N,0,1,0.0,1,0.0,comparison_area,,
EVT-DAHEJ-01076,2024-01-05 20:47:00+00:00,2024-01-07 20:10:00+00:00,21.434485,72.9758975,21.43468,72.9761,4,1.91,1.1974999999999998,1.13,0.5323767462990847,0.8225806451612901,0.66,0.66,0,0,1,VIIRS_NOAA20_SP,N20,0,4,47.38333333333333,3,0.31738478803689985,comparison_area,,
EVT-DAHEJ-01077,2024-01-06 21:19:00+00:00,2024-01-08 20:41:00+00:00,21.685692,72.53296800000001,21.688,72.53162,5,1.31,0.8940000000000001,0.33,0.43200694438862897,-0.722689075630252,0.66,0.66,0,0,2,VIIRS_NOAA20_SP;VIIRS_SNPP_SP,N;N20,0,5,47.36666666666667,3,0.8938464660988963,dahej_core,,
EVT-DAHEJ-01078,2024-01-07 08:31:00+00:00,2024-01-07 08:31:00+00:00,21.4019,72.84402,21.4019,72.84402,1,3.97,3.97,3.97,,,0.66,0.66,0,0,1,VIIRS_SNPP_SP,N,1,0,0.0,1,0.0,comparison_area,,
EVT-DAHEJ-01079,2024-01-08 08:13:00+00:00,2024-01-08 08:13:00+00:00,21.837,72.84718000000001,21.83562,72.84944,2,8.13,6.42,8.13,2.418305191657993,0.7261146496815288,0.66,0.66,0,0,1,VIIRS_SNPP_SP,N,2,0,0.0,1,0.5584302374733131,dahej_fringe,,
EVT-DAHEJ-01080,2024-01-08 08:13:00+00:00,2024-01-08 08:13:00+00:00,22.00358,72.89101,22.00358,72.89101,1,2.13,2.13,2.13,,,0.66,0.66,0,0,1,VIIRS_SNPP_SP,N,1,0,0.0,1,0.0,comparison_area,,
EVT-DAHEJ-01081,2024-01-08 08:13:00+00:00,2024-01-08 08:13:00+00:00,22.008065000000002,72.94005,22.00775,72.93812,2,3.39,3.39,3.39,0.0,0.0,0.66,0.66,0,0,1,VIIRS_SNPP_SP,N,2,0,0.0,1,0.4040557573939517,comparison_area,,
EVT-DAHEJ-01082,2024-01-08 08:13:00+00:00,2024-01-08 08:13:00+00:00,21.873686666666668,72.68250666666667,21.87525,72.68492,3,2.93,2.93,2.93,0.0,0.0,0.66,0.66,0,0,1,VIIRS_SNPP_SP,N,3,0,0.0,1,0.5637064658229467,dahej_fringe,,
EVT-DAHEJ-01083,2024-01-08 08:13:00+00:00,2024-01-08 08:13:00+00:00,21.89682,72.9190625,21.89645,72.92213,4,7.48,6.4,3.16,2.16,-0.5775401069518716,0.66,0.66,0,0,1,VIIRS_SNPP_SP,N,4,0,0.0,1,0.8117792584455713,comparison_area,,
EVT-DAHEJ-01084,2024-01-08 08:13:00+00:00,2024-01-08 08:13:00+00:00,21.85847,72.88124,21.85847,72.88124,1,2.0,2.0,2.0,,,0.66,0.66,0,0,1,VIIRS_SNPP_SP,N,1,0,0.0,1,0.0,comparison_area,,
EVT-DAHEJ-01085,2024-01-08 08:13:00+00:00,2024-01-08 08:13:00+00:00,22.00507,72.87874,22.00507,72.87874,1,4.45,4.45,4.45,,,0.66,0.66,0,0,1,VIIRS_SNPP_SP,N,1,0,0.0,1,0.0,comparison_area,,
EVT-DAHEJ-01086,2024-01-08 08:13:00+00:00,2024-01-08 08:13:00+00:00,21.98945,72.88964,21.98945,72.88964,1,6.06,6.06,6.06,,,0.66,0.66,0,0,1,VIIRS_SNPP_SP,N,1,0,0.0,1,0.0,comparison_area,,
EVT-DAHEJ-01087,2024-01-08 08:13:00+00:00,2024-01-08 08:13:00+00:00,21.89456,72.9105,21.89456,72.9105,1,3.16,3.16,3.16,,,0.66,0.66,0,0,1,VIIRS_SNPP_SP,N,1,0,0.0,1,0.0,comparison_area,,
EVT-DAHEJ-01088,2024-01-08 21:31:00+00:00,2024-01-08 21:31:00+00:00,21.91061,72.68195,21.91061,72.68195,1,0.65,0.65,0.65,,,0.66,0.66,0,0,1,VIIRS_NOAA20_SP,N20,0,1,0.0,1,0.0,dahej_fringe,,
EVT-DAHEJ-01089,2024-01-10 08:25:00+00:00,2024-01-10 08:25:00+00:00,21.49892,72.79711,21.49892,72.79711,1,4.81,4.81,4.81,,,0.66,0.66,0,0,1,VIIRS_NOAA20_SP,N20,1,0,0.0,1,0.0,comparison_area,,
EVT-DAHEJ-01090,2024-01-10 20:54:00+00:00,2024-01-10 20:54:00+00:00,21.6874,72.53088,21.6874,72.53088,1,0.62,0.62,0.62,,,0.66,0.66,0,0,1,VIIRS_NOAA20_SP,N20,0,1,0.0,1,0.0,dahej_core,,
EVT-DAHEJ-01091,2024-01-10 20:54:00+00:00,2024-01-10 20:54:00+00:00,21.68573,72.56181,21.68573,72.56181,1,0.39,0.39,0.39,,,0.66,0.66,0,0,1,VIIRS_NOAA20_SP,N20,0,1,0.0,1,0.0,dahej_core,,
EVT-DAHEJ-01092,2024-01-11 08:06:00+00:00,2024-01-11 08:06:00+00:00,21.49984,72.8543,21.49984,72.8543,1,11.95,11.95,11.95,,,0.66,0.66,0,0,1,VIIRS_NOAA20_SP,N20,1,0,0.0,1,0.0,comparison_area,,
EVT-DAHEJ-01093,2024-01-11 20:35:00+00:00,2024-01-11 21:25:00+00:00,21.368070000000003,72.94029499999999,21.36942,72.93955,2,1.15,0.7899999999999999,0.43,0.5091168824543142,-0.6260869565217392,0.66,0.66,0,0,2,VIIRS_NOAA20_SP;VIIRS_SNPP_SP,N;N20,0,2,0.8333333333333334,1,0.33755293553840143,comparison_area,,
EVT-DAHEJ-01094,2024-01-12 07:47:00+00:00,2024-01-12 07:47:00+00:00,21.74248,72.65926,21.74248,72.65926,1,3.58,3.58,3.58,,,0.66,0.66,0,0,1,VIIRS_NOAA20_SP,N20,1,0,0.0,1,0.0,dahej_core,,
EVT-DAHEJ-01095,2024-01-12 07:47:00+00:00,2024-01-12 07:47:00+00:00,21.75445,72.64465,21.75445,72.64465,1,5.14,5.14,5.14,,,0.66,0.66,0,0,1,VIIRS_NOAA20_SP,N20,1,0,0.0,1,0.0,dahej_core,,
EVT-DAHEJ-01096,2024-01-12 08:38:00+00:00,2024-01-12 08:38:00+00:00,21.56099,72.97301,21.56099,72.97301,1,2.86,2.86,2.86,,,0.66,0.66,0,0,1,VIIRS_SNPP_SP,N,1,0,0.0,1,0.0,comparison_area,,
EVT-DAHEJ-01097,2024-01-12 08:38:00+00:00,2024-01-12 08:38:00+00:00,21.54349,72.94377,21.54543,72.9435,2,2.28,2.28,2.28,0.0,0.0,0.66,0.495,0,0,1,VIIRS_SNPP_SP,N,2,0,0.0,1,0.4350368826461776,comparison_area,,
EVT-DAHEJ-01098,2024-01-12 21:07:00+00:00,2024-01-12 21:07:00+00:00,21.79589,72.64821,21.79589,72.64821,1,1.42,1.42,1.42,,,0.66,0.66,0,0,1,VIIRS_SNPP_SP,N,0,1,0.0,1,0.0,dahej_core,,
EVT-DAHEJ-01099,2024-01-13 08:19:00+00:00,2024-01-13 08:19:00+00:00,21.788435,72.612595,21.78678,72.61289,2,5.99,3.965,5.99,2.8637824638055176,2.087628865979382,0.66,0.66,0,0,1,VIIRS_SNPP_SP,N,2,0,0.0,1,0.37306306627678665,dahej_core,,
EVT-DAHEJ-01100,2024-01-13 08:19:00+00:00,2024-01-13 08:19:00+00:00,21.51923,72.89941,21.51923,72.89941,1,1.9,1.9,1.9,,,0.66,0.66,0,0,1,VIIRS_SNPP_SP,N,1,0,0.0,1,0.0,comparison_area,,
EVT-DAHEJ-01101,2024-01-13 08:19:00+00:00,2024-01-13 08:19:00+00:00,21.99854,72.64729,21.99854,72.64729,1,9.09,9.09,9.09,,,0.66,0.66,0,0,1,VIIRS_SNPP_SP,N,1,0,0.0,1,0.0,comparison_area,,
EVT-DAHEJ-01102,2024-01-13 20:48:00+00:00,2024-01-13 20:48:00+00:00,21.35284,72.91928,21.35284,72.91928,1,0.3,0.3,0.3,,,0.66,0.66,0,0,1,VIIRS_SNPP_SP,N,0,1,0.0,1,0.0,comparison_area,,
EVT-DAHEJ-01103,2024-01-13 20:48:00+00:00,2024-01-13 20:48:00+00:00,21.36705,72.93705,21.36705,72.93705,1,0.21,0.21,0.21,,,0.66,0.66,0,0,1,VIIRS_SNPP_SP,N,0,1,0.0,1,0.0,comparison_area,,
EVT-DAHEJ-01104,2024-01-14 08:00:00+00:00,2024-01-14 08:00:00+00:00,21.53139,72.73091,21.53139,72.73091,1,5.31,5.31,5.31,,,0.66,0.66,0,0,1,VIIRS_SNPP_SP,N,1,0,0.0,1,0.0,dahej_fringe,,
EVT-DAHEJ-01105,2024-01-14 08:50:00+00:00,2024-01-14 08:50:00+00:00,21.40294,72.70293,21.40294,72.70293,1,3.0,3.0,3.0,,,0.66,0.66,0,0,1,VIIRS_NOAA20_SP,N20,1,0,0.0,1,0.0,comparison_area,,
EVT-DAHEJ-01106,2024-01-14 08:50:00+00:00,2024-01-14 08:50:00+00:00,22.04532,72.75793,22.04532,72.75793,1,2.7,2.7,2.7,,,0.66,0.66,0,0,1,VIIRS_NOAA20_SP,N20,1,0,0.0,1,0.0,comparison_area,,
EVT-DAHEJ-01107,2024-01-14 20:29:00+00:00,2024-01-14 21:19:00+00:00,21.43354666666667,72.97690666666666,21.43353,72.97697,3,1.46,1.2,1.46,0.39949968710876355,0.0428571428571429,0.66,0.66,0,0,2,VIIRS_NOAA20_SP;VIIRS_SNPP_SP,N;N20,0,3,0.8333333333333334,1,0.09005627471075604,comparison_area,,
EVT-DAHEJ-01108,2024-01-15 07:41:00+00:00,2024-01-15 07:41:00+00:00,21.74318,72.79099,21.74318,72.79099,1,1.98,1.98,1.98,,,0.66,0.66,0,0,1,VIIRS_SNPP_SP,N,1,0,0.0,1,0.0,dahej_fringe,,
EVT-DAHEJ-01109,2024-01-15 07:41:00+00:00,2024-01-15 08:31:00+00:00,21.9692075,72.55363750000001,21.96937,72.55068,4,11.89,6.8925,11.89,4.335507467413706,3.157342657342658,0.66,0.5775,0,0,2,VIIRS_NOAA20_SP;VIIRS_SNPP_SP,N;N20,4,0,0.8333333333333334,1,0.5948609196120995,comparison_area,,
EVT-DAHEJ-01110,2024-01-15 07:41:00+00:00,2024-01-15 07:41:00+00:00,21.58012,72.96675,21.58012,72.96675,1,2.14,2.14,2.14,,,0.66,0.66,0,0,1,VIIRS_SNPP_SP,N,1,0,0.0,1,0.0,comparison_area,,
EVT-DAHEJ-01111,2024-01-15 07:41:00+00:00,2024-01-15 08:31:00+00:00,21.38252,72.965255,21.38371,72.96477,2,10.82,8.7,10.82,2.9981327522309615,0.6443768996960486,1.0,0.8300000000000001,1,0,2,VIIRS_NOAA20_SP;VIIRS_SNPP_SP,N;N20,2,0,0.8333333333333334,1,0.28306144668059524,comparison_area,,
EVT-DAHEJ-01112,2024-01-15 08:31:00+00:00,2024-01-15 08:31:00+00:00,21.40199,72.66515,21.40199,72.66515,1,4.92,4.92,4.92,,,0.66,0.66,0,0,1,VIIRS_NOAA20_SP,N20,1,0,0.0,1,0.0,comparison_area,,
EVT-DAHEJ-01113,2024-01-15 08:31:00+00:00,2024-01-15 08:31:00+00:00,21.51873,72.96794,21.51873,72.96794,1,3.24,3.24,3.24,,,0.33,0.33,0,0,1,VIIRS_NOAA20_SP,N20,1,0,0.0,1,0.0,comparison_area,,
EVT-DAHEJ-01114,2024-01-15 08:31:00+00:00,2024-01-15 08:31:00+00:00,21.52491,72.71989,21.52491,72.71989,1,3.85,3.85,3.85,,,0.66,0.66,0,0,1,VIIRS_NOAA20_SP,N20,1,0,0.0,1,0.0,dahej_fringe,,
EVT-DAHEJ-01115,2024-01-15 08:31:00+00:00,2024-01-15 08:31:00+00:00,21.5122,72.8382,21.5122,72.8382,1,43.65,43.65,43.65,,,0.33,0.33,0,1,1,VIIRS_NOAA20_SP,N20,1,0,0.0,1,0.0,dahej_fringe,,
EVT-DAHEJ-01116,2024-01-15 08:31:00+00:00,2024-01-15 08:31:00+00:00,21.99011,72.74656,21.99011,72.74656,1,2.26,2.26,2.26,,,0.66,0.66,0,0,1,VIIRS_NOAA20_SP,N20,1,0,0.0,1,0.0,comparison_area,,
EVT-DAHEJ-01117,2024-01-15 20:10:00+00:00,2024-01-15 21:00:00+00:00,21.35903666666667,72.87024000000001,21.35644,72.87057,3,3.34,1.5466666666666666,3.34,1.5837087274285424,2.4791666666666665,0.66,0.66,0,0,2,VIIRS_NOAA20_SP;VIIRS_SNPP_SP,N;N20,0,3,0.8333333333333334,1,0.5351851177228041,comparison_area,,
EVT-DAHEJ-01118,2024-01-15 20:10:00+00:00,2024-01-15 20:10:00+00:00,21.41206,72.78614,21.41206,72.78614,1,0.24,0.24,0.24,,,0.66,0.66,0,0,1,VIIRS_SNPP_SP,N,0,1,0.0,1,0.0,comparison_area,,
EVT-DAHEJ-01119,2024-01-16 08:12:00+00:00,2024-01-16 08:12:00+00:00,21.89674857142857,72.91630714285714,21.89446,72.91445,7,12.49,7.3100000000000005,4.67,3.6970213235342135,0.0,0.66,0.66,0,0,1,VIIRS_NOAA20_SP,N20,7,0,0.0,1,0.8976781830905379,comparison_area,,
EVT-DAHEJ-01120,2024-01-16 08:12:00+00:00,2024-01-16 08:12:00+00:00,21.988273333333336,72.88792,21.989,72.88928,3,4.19,2.77,4.19,1.229756073373903,1.033980582524272,0.66,0.66,0,0,1,VIIRS_NOAA20_SP,N20,3,0,0.0,1,0.405318577911574,comparison_area,,
EVT-DAHEJ-01121,2024-01-16 08:12:00+00:00,2024-01-16 20:41:00+00:00,21.37555,72.934155,21.37455,72.93858,2,6.82,3.6900000000000004,0.56,4.4264884502277875,-0.9178885630498533,0.66,0.66,0,0,1,VIIRS_NOAA20_SP,N20,1,1,12.483333333333333,1,0.9429823171907769,comparison_area,,
EVT-DAHEJ-01122,2024-01-16 08:12:00+00:00,2024-01-16 08:12:00+00:00,21.72039,72.74612,21.72208,72.7458,2,3.24,3.1550000000000002,3.07,0.12020815280171335,-0.05246913580246925,0.66,0.66,0,0,1,VIIRS_NOAA20_SP,N20,2,0,0.0,1,0.3816098238422995,dahej_core,,
EVT-DAHEJ-01123,2024-01-16 08:12:00+00:00,2024-01-16 08:12:00+00:00,22.00288,72.87871,22.0012,72.87902,2,2.12,2.12,2.12,0.0,0.0,0.66,0.66,0,0,1,VIIRS_NOAA20_SP,N20,2,0,0.0,1,0.37904384857635764,comparison_area,,
EVT-DAHEJ-01124,2024-01-16 08:12:00+00:00,2024-01-16 08:12:00+00:00,21.836096666666666,72.84783666666668,21.83743,72.84892,3,7.86,4.886666666666667,7.86,2.574982200585731,1.3117647058823532,0.66,0.66,0,0,1,VIIRS_NOAA20_SP,N20,3,0,0.0,1,0.40757670604953244,dahej_fringe,,
EVT-DAHEJ-01125,2024-01-16 08:12:00+00:00,2024-01-16 08:12:00+00:00,22.007203999999998,72.936942,22.0067,72.93385,5,4.74,4.238000000000001,4.74,1.0513419995415385,0.028199566160520582,0.66,0.66,0,0,1,VIIRS_NOAA20_SP,N20,5,0,0.0,1,0.8081155787668552,comparison_area,,
EVT-DAHEJ-01126,2024-01-16 08:12:00+00:00,2024-01-16 08:12:00+00:00,21.58211,72.89661,21.58211,72.89661,1,3.32,3.32,3.32,,,0.66,0.66,0,0,1,VIIRS_NOAA20_SP,N20,1,0,0.0,1,0.0,comparison_area,,
EVT-DAHEJ-01127,2024-01-16 08:12:00+00:00,2024-01-16 08:12:00+00:00,21.77013,72.84145,21.77013,72.84145,1,3.58,3.58,3.58,,,0.66,0.66,0,0,1,VIIRS_NOAA20_SP,N20,1,0,0.0,1,0.0,dahej_fringe,,
EVT-DAHEJ-01128,2024-01-16 08:12:00+00:00,2024-01-16 08:12:00+00:00,21.90393,72.9087,21.90393,72.9087,1,3.67,3.67,3.67,,,0.66,0.66,0,0,1,VIIRS_NOAA20_SP,N20,1,0,0.0,1,0.0,comparison_area,,
EVT-DAHEJ-01129,2024-01-16 08:12:00+00:00,2024-01-16 08:12:00+00:00,21.89866,72.8977,21.89866,72.8977,1,3.28,3.28,3.28,,,0.66,0.66,0,0,1,VIIRS_NOAA20_SP,N20,1,0,0.0,1,0.0,comparison_area,,
EVT-DAHEJ-01130,2024-01-16 08:12:00+00:00,2024-01-16 08:12:00+00:00,21.87353,72.68113,21.87353,72.68113,1,2.91,2.91,2.91,,,0.66,0.66,0,0,1,VIIRS_NOAA20_SP,N20,1,0,0.0,1,0.0,dahej_fringe,,
EVT-DAHEJ-01131,2024-01-16 08:12:00+00:00,2024-01-16 08:12:00+00:00,21.858275,72.88107,21.85996,72.88075,2,3.43,2.215,1.0,1.7182694782833108,-0.7084548104956269,0.66,0.66,0,0,1,VIIRS_NOAA20_SP,N20,2,0,0.0,1,0.3805036959789508,comparison_area,,
EVT-DAHEJ-01132,2024-01-16 08:12:00+00:00,2024-01-16 08:12:00+00:00,22.0031,72.89065,22.0031,72.89065,1,15.13,15.13,15.13,,,0.66,0.66,0,0,1,VIIRS_NOAA20_SP,N20,1,0,0.0,1,0.0,comparison_area,,
EVT-DAHEJ-01133,2024-01-16 08:12:00+00:00,2024-01-16 08:12:00+00:00,21.48123,72.73351,21.48123,72.73351,1,2.84,2.84,2.84,,,0.66,0.66,0,0,1,VIIRS_NOAA20_SP,N20,1,0,0.0,1,0.0,comparison_area,,
EVT-DAHEJ-01134,2024-01-16 09:03:00+00:00,2024-01-16 09:03:00+00:00,21.99109,72.52489,21.99109,72.52489,1,3.97,3.97,3.97,,,0.33,0.33,0,0,1,VIIRS_SNPP_SP,N,1,0,0.0,1,0.0,comparison_area,,
EVT-DAHEJ-01135,2024-01-16 09:03:00+00:00,2024-01-16 09:03:00+00:00,21.39331,72.84312,21.39331,72.84312,1,4.8,4.8,4.8,,,0.66,0.66,0,0,1,VIIRS_SNPP_SP,N,1,0,0.0,1,0.0,comparison_area,,
EVT-DAHEJ-01136,2024-01-16 09:03:00+00:00,2024-01-16 09:03:00+00:00,21.55683,72.97909,21.55683,72.97909,1,2.81,2.81,2.81,,,0.66,0.66,0,0,1,VIIRS_SNPP_SP,N,1,0,0.0,1,0.0,comparison_area,,
EVT-DAHEJ-01137,2024-01-17 07:53:00+00:00,2024-01-17 08:44:00+00:00,22.07920833333333,72.56371,22.07699,72.56551,6,11.41,6.708333333333333,2.72,3.742546815561118,-0.761612620508326,0.66,0.55,0,0,2,VIIRS_NOAA20_SP;VIIRS_SNPP_SP,N;N20,6,0,0.85,1,0.6843567537294287,comparison_area,,
EVT-DAHEJ-01138,2024-01-17 07:53:00+00:00,2024-01-17 08:44:00+00:00,22.0807775,72.5570475,22.07957,72.5555,4,8.57,4.5775,2.73,2.762020697484603,-0.36363636363636365,0.66,0.66,0,0,2,VIIRS_NOAA20_SP;VIIRS_SNPP_SP,N;N20,4,0,0.85,1,0.49390968362258747,comparison_area,,
EVT-DAHEJ-01139,2024-01-17 08:44:00+00:00,2024-01-17 08:44:00+00:00,21.957355,72.78007,21.95661,72.78033,2,3.37,2.495,1.62,1.2374368670764582,-0.5192878338278931,0.66,0.66,0,0,1,VIIRS_SNPP_SP,N,2,0,0.0,1,0.17414351077661747,comparison_area,,
EVT-DAHEJ-01140,2024-01-17 20:22:00+00:00,2024-01-17 20:22:00+00:00,21.36456,72.88257,21.36456,72.88257,1,0.9,0.9,0.9,,,0.66,0.66,0,0,1,VIIRS_NOAA20_SP,N20,0,1,0.0,1,0.0,comparison_area,,
EVT-DAHEJ-01141,2024-01-18 07:35:00+00:00,2024-01-18 08:25:00+00:00,21.834240000000005,72.66109666666667,21.83359,72.66039,3,3.45,3.026666666666667,2.79,0.3674688195389283,-0.01760563380281684,0.66,0.55,0,0,2,VIIRS_NOAA20_SP;VIIRS_SNPP_SP,N;N20,3,0,0.8333333333333334,1,0.2415136869955324,dahej_core,,
EVT-DAHEJ-01142,2024-01-18 08:25:00+00:00,2024-01-18 08:25:00+00:00,21.76845,72.83147,21.76845,72.83147,1,2.72,2.72,2.72,,,0.66,0.66,0,0,1,VIIRS_SNPP_SP,N,1,0,0.0,1,0.0,dahej_fringe,,
EVT-DAHEJ-01143,2024-01-18 08:25:00+00:00,2024-01-18 08:25:00+00:00,21.52796,72.92593,21.52796,72.92593,1,1.74,1.74,1.74,,,0.33,0.33,0,0,1,VIIRS_SNPP_SP,N,1,0,0.0,1,0.0,comparison_area,,
EVT-DAHEJ-01144,2024-01-18 08:25:00+00:00,2024-01-18 08:25:00+00:00,21.586,72.8497,21.586,72.8497,1,2.26,2.26,2.26,,,0.66,0.66,0,0,1,VIIRS_SNPP_SP,N,1,0,0.0,1,0.0,dahej_fringe,,
EVT-DAHEJ-01145,2024-01-18 09:15:00+00:00,2024-01-18 09:15:00+00:00,21.499905,72.862285,21.50013,72.86326,2,20.21,19.445,18.68,1.0818733752154186,-0.07570509648688774,1.0,1.0,2,1,1,VIIRS_NOAA20_SP,N20,2,0,0.0,1,0.2078557153340777,comparison_area,,
EVT-DAHEJ-01146,2024-01-18 20:03:00+00:00,2024-01-18 20:03:00+00:00,21.570590000000003,72.8031,21.57034,72.80357,2,1.34,1.0050000000000001,1.34,0.4737615433949869,1.0,0.66,0.66,0,0,1,VIIRS_NOAA20_SP,N20,0,2,0.0,1,0.11198005150745818,dahej_fringe,,
EVT-DAHEJ-01147,2024-01-18 20:54:00+00:00,2024-01-18 20:54:00+00:00,21.36007,72.97678,21.36007,72.97678,1,0.6,0.6,0.6,,,0.66,0.66,0,0,1,VIIRS_SNPP_SP,N,0,1,0.0,1,0.0,comparison_area,,
EVT-DAHEJ-01148,2024-01-19 08:06:00+00:00,2024-01-19 08:06:00+00:00,21.613844999999998,72.85836499999999,21.61564,72.85801,2,4.5,4.5,4.5,0.0,0.0,0.66,0.66,0,0,1,VIIRS_SNPP_SP,N,2,0,0.0,1,0.40588189198996844,comparison_area,,
EVT-DAHEJ-01149,2024-01-20 07:48:00+00:00,2024-01-20 07:48:00+00:00,21.56121,72.88452,21.56121,72.88452,1,3.95,3.95,3.95,,,0.66,0.66,0,0,1,VIIRS_SNPP_SP,N,1,0,0.0,1,0.0,comparison_area,,
EVT-DAHEJ-01150,2024-01-20 07:48:00+00:00,2024-01-20 07:48:00+00:00,21.75376,72.66688,21.75376,72.66688,1,2.71,2.71,2.71,,,0.66,0.66,0,0,1,VIIRS_SNPP_SP,N,1,0,0.0,1,0.0,dahej_core,,
EVT-DAHEJ-01151,2024-01-20 07:48:00+00:00,2024-01-20 07:48:00+00:00,21.5418,72.88467,21.5418,72.88467,1,4.39,4.39,4.39,,,0.66,0.66,0,0,1,VIIRS_SNPP_SP,N,1,0,0.0,1,0.0,comparison_area,,
EVT-DAHEJ-01152,2024-01-20 20:16:00+00:00,2024-01-21 20:47:00+00:00,21.62428,72.974655,21.62348,72.97408,4,7.23,3.1675,0.47,2.9338299768959573,-0.7298850574712644,0.66,0.66,0,0,2,VIIRS_NOAA20_SP;VIIRS_SNPP_SP,N;N20,1,3,24.516666666666666,2,0.31409703918078086,comparison_area,,
EVT-DAHEJ-01153,2024-01-21 08:18:00+00:00,2024-01-21 08:18:00+00:00,21.54749,72.97079,21.54749,72.97079,1,2.35,2.35,2.35,,,0.66,0.66,0,0,1,VIIRS_NOAA20_SP,N20,1,0,0.0,1,0.0,comparison_area,,
EVT-DAHEJ-01154,2024-01-21 08:18:00+00:00,2024-01-21 08:18:00+00:00,21.38654,72.91978,21.38654,72.91978,1,2.33,2.33,2.33,,,0.66,0.66,0,0,1,VIIRS_NOAA20_SP,N20,1,0,0.0,1,0.0,comparison_area,,
EVT-DAHEJ-01155,2024-01-21 08:18:00+00:00,2024-01-21 08:18:00+00:00,21.40588,72.9542,21.40588,72.9542,1,3.79,3.79,3.79,,,0.66,0.66,0,0,1,VIIRS_NOAA20_SP,N20,1,0,0.0,1,0.0,comparison_area,,
EVT-DAHEJ-01156,2024-01-21 08:18:00+00:00,2024-01-22 08:00:00+00:00,21.510804999999998,72.937555,21.51221,72.93914,2,5.55,5.095,4.64,0.6434671708797584,-0.16396396396396398,0.66,0.66,0,0,1,VIIRS_NOAA20_SP,N20,2,0,23.7,2,0.4529600541508537,comparison_area,,
EVT-DAHEJ-01157,2024-01-21 08:19:00+00:00,2024-01-21 08:19:00+00:00,21.72563,72.69254,21.72563,72.69254,1,2.67,2.67,2.67,,,0.66,0.66,0,0,1,VIIRS_NOAA20_SP,N20,1,0,0.0,1,0.0,dahej_core,,
EVT-DAHEJ-01158,2024-01-21 08:19:00+00:00,2024-01-21 08:19:00+00:00,21.91937,72.69223,21.91937,72.69223,1,1.43,1.43,1.43,,,0.66,0.66,0,0,1,VIIRS_NOAA20_SP,N20,1,0,0.0,1,0.0,dahej_fringe,,
EVT-DAHEJ-01159,2024-01-21 08:19:00+00:00,2024-01-21 08:19:00+00:00,21.91404,72.72354,21.91404,72.72354,1,3.92,3.92,3.92,,,0.66,0.66,0,0,1,VIIRS_NOAA20_SP,N20,1,0,0.0,1,0.0,dahej_fringe,,
EVT-DAHEJ-01160,2024-01-21 08:19:00+00:00,2024-01-21 08:19:00+00:00,21.73132,72.72946666666667,21.73189,72.73316,3,7.7,4.973333333333334,3.61,2.3613626009855695,-0.5311688311688312,0.66,0.66,0,0,1,VIIRS_NOAA20_SP,N20,3,0,0.0,1,0.7737852300701136,dahej_core,,
EVT-DAHEJ-01161,2024-01-21 09:09:00+00:00,2024-01-21 09:09:00+00:00,22.0749,72.84606,22.0749,72.84606,1,3.3,3.3,3.3,,,0.66,0.66,0,0,1,VIIRS_SNPP_SP,N,1,0,0.0,1,0.0,comparison_area,,
EVT-DAHEJ-01162,2024-01-21 09:09:00+00:00,2024-01-21 09:09:00+00:00,21.40254,72.84692,21.40254,72.84692,1,4.64,4.64,4.64,,,0.66,0.66,0,0,1,VIIRS_SNPP_SP,N,1,0,0.0,1,0.0,comparison_area,,
EVT-DAHEJ-01163,2024-01-21 19:58:00+00:00,2024-01-22 20:29:00+00:00,21.433321666666668,72.97619833333333,21.4341,72.97553,6,1.59,1.3433333333333335,0.68,0.3398038649966575,-0.5723270440251572,0.66,0.66,0,0,2,VIIRS_NOAA20_SP;VIIRS_SNPP_SP,N;N20,0,6,24.516666666666666,2,0.34429495196459947,comparison_area,,
EVT-DAHEJ-01164,2024-01-21 21:38:00+00:00,2024-01-21 21:38:00+00:00,21.38317,72.96261,21.38317,72.96261,1,8.26,8.26,8.26,,,0.66,0.66,0,0,1,VIIRS_SNPP_SP,N,0,1,0.0,1,0.0,comparison_area,,
EVT-DAHEJ-01165,2024-01-22 08:00:00+00:00,2024-01-22 08:00:00+00:00,22.01656,72.72473,22.0169,72.72579,2,3.26,2.865,2.47,0.5586143571373723,-0.24233128834355816,0.66,0.66,0,0,1,VIIRS_NOAA20_SP,N20,2,0,0.0,1,0.2312536294725915,comparison_area,,
EVT-DAHEJ-01166,2024-01-22 08:00:00+00:00,2024-01-22 08:00:00+00:00,21.50405,72.951795,21.50351,72.95014,2,5.11,4.025,5.11,1.5344217151748083,0.7380952380952382,0.66,0.66,0,0,1,VIIRS_NOAA20_SP,N20,2,0,0.0,1,0.36288312873295964,comparison_area,,
EVT-DAHEJ-01167,2024-01-22 08:00:00+00:00,2024-01-22 08:00:00+00:00,21.55794,72.82626,21.55794,72.82626,1,2.74,2.74,2.74,,,0.66,0.66,0,0,1,VIIRS_NOAA20_SP,N20,1,0,0.0,1,0.0,dahej_fringe,,
EVT-DAHEJ-01168,2024-01-22 20:28:00+00:00,2024-01-22 20:28:00+00:00,21.6258,72.97581,21.6258,72.97581,1,0.91,0.91,0.91,,,0.66,0.66,0,0,1,VIIRS_NOAA20_SP,N20,0,1,0.0,1,0.0,comparison_area,,
EVT-DAHEJ-01169,2024-01-22 20:29:00+00:00,2024-01-22 20:29:00+00:00,21.373489999999997,72.94033999999999,21.37157,72.94005,2,3.68,2.1550000000000002,3.68,2.15667568261897,4.841269841269842,0.66,0.66,0,0,1,VIIRS_NOAA20_SP,N20,0,2,0.0,1,0.431192084614238,comparison_area,,
EVT-DAHEJ-01170,2024-01-23 07:41:00+00:00,2024-01-23 07:41:00+00:00,21.84772,72.61186,21.84772,72.61186,1,2.83,2.83,2.83,,,0.66,0.66,0,0,1,VIIRS_NOAA20_SP,N20,1,0,0.0,1,0.0,dahej_core,,
EVT-DAHEJ-01171,2024-01-23 08:31:00+00:00,2024-01-23 08:31:00+00:00,21.5186,72.85456,21.5186,72.85456,1,2.78,2.78,2.78,,,0.66,0.66,0,0,1,VIIRS_SNPP_SP,N,1,0,0.0,1,0.0,comparison_area,,
EVT-DAHEJ-01172,2024-01-23 08:31:00+00:00,2024-01-23 08:31:00+00:00,21.46144,72.78026,21.46144,72.78026,1,3.3,3.3,3.3,,,0.66,0.66,0,0,1,VIIRS_SNPP_SP,N,1,0,0.0,1,0.0,comparison_area,,
EVT-DAHEJ-01173,2024-01-23 08:31:00+00:00,2024-01-23 08:31:00+00:00,21.52611,72.96368,21.52611,72.96368,1,5.43,5.43,5.43,,,0.66,0.66,0,0,1,VIIRS_SNPP_SP,N,1,0,0.0,1,0.0,comparison_area,,
EVT-DAHEJ-01174,2024-01-23 08:32:00+00:00,2024-01-23 08:32:00+00:00,21.5916,72.78716,21.5916,72.78716,1,3.13,3.13,3.13,,,0.33,0.33,0,0,1,VIIRS_SNPP_SP,N,1,0,0.0,1,0.0,dahej_fringe,,
EVT-DAHEJ-01175,2024-01-23 08:32:00+00:00,2024-01-24 09:03:00+00:00,21.736113333333332,72.64450333333333,21.74088,72.64462,3,8.11,4.239999999999999,2.48,3.356084027553541,0.16431924882629112,0.66,0.66,0,0,2,VIIRS_NOAA20_SP;VIIRS_SNPP_SP,N;N20,3,0,24.516666666666666,2,0.863913899634591,dahej_core,,
EVT-DAHEJ-01176,2024-01-23 21:00:00+00:00,2024-01-23 21:00:00+00:00,21.62501,72.97326,21.62501,72.97326,1,0.64,0.64,0.64,,,0.66,0.66,0,0,1,VIIRS_SNPP_SP,N,0,1,0.0,1,0.0,comparison_area,,
EVT-DAHEJ-01177,2024-01-24 07:22:00+00:00,2024-01-24 09:02:00+00:00,21.390111666666666,72.91465666666666,21.3907,72.91711,6,20.58,10.173333333333332,6.59,6.569017176615286,-0.6797862001943634,1.0,0.8316666666666667,4,1,2,VIIRS_NOAA20_SP;VIIRS_SNPP_SP,N;N20,6,0,1.6666666666666667,1,0.6365768390767758,comparison_area,,
EVT-DAHEJ-01178,2024-01-24 08:13:00+00:00,2024-01-24 08:13:00+00:00,21.48444,72.83607,21.48444,72.83607,1,2.51,2.51,2.51,,,0.66,0.66,0,0,1,VIIRS_SNPP_SP,N,1,0,0.0,1,0.0,comparison_area,,
EVT-DAHEJ-01179,2024-01-24 08:13:00+00:00,2024-01-24 08:13:00+00:00,21.50904,72.81541,21.50904,72.81541,1,2.18,2.18,2.18,,,0.66,0.66,0,0,1,VIIRS_SNPP_SP,N,1,0,0.0,1,0.0,dahej_fringe,,
EVT-DAHEJ-01180,2024-01-24 08:13:00+00:00,2024-01-24 08:13:00+00:00,21.59583,72.91954,21.59583,72.91954,1,4.75,4.75,4.75,,,0.33,0.33,0,0,1,VIIRS_SNPP_SP,N,1,0,0.0,1,0.0,comparison_area,,
EVT-DAHEJ-01181,2024-01-24 08:13:00+00:00,2024-01-24 08:13:00+00:00,21.52388,72.92893,21.52388,72.92893,1,1.58,1.58,1.58,,,0.66,0.66,0,0,1,VIIRS_SNPP_SP,N,1,0,0.0,1,0.0,comparison_area,,
EVT-DAHEJ-01182,2024-01-24 08:13:00+00:00,2024-01-24 08:13:00+00:00,21.837405,72.845385,21.83878,72.84312,2,5.34,3.695,5.34,2.3263813101037414,1.604878048780488,0.66,0.66,0,0,1,VIIRS_SNPP_SP,N,2,0,0.0,1,0.5586823503879467,dahej_fringe,,
EVT-DAHEJ-01183,2024-01-24 08:13:00+00:00,2024-01-24 08:13:00+00:00,21.54681,72.96055,21.54681,72.96055,1,1.33,1.33,1.33,,,0.66,0.66,0,0,1,VIIRS_SNPP_SP,N,1,0,0.0,1,0.0,comparison_area,,
EVT-DAHEJ-01184,2024-01-24 08:13:00+00:00,2024-01-25 07:54:00+00:00,21.401114999999997,72.733705,21.40132,72.7346,2,3.41,3.31,3.21,0.14142135623730964,-0.05865102639296193,0.66,0.66,0,0,1,VIIRS_SNPP_SP,N,2,0,23.683333333333334,2,0.1908406783194576,comparison_area,,
EVT-DAHEJ-01185,2024-01-24 08:13:00+00:00,2024-01-24 08:13:00+00:00,21.59061,72.84444,21.59061,72.84444,1,2.73,2.73,2.73,,,0.66,0.66,0,0,1,VIIRS_SNPP_SP,N,1,0,0.0,1,0.0,dahej_fringe,,
EVT-DAHEJ-01186,2024-01-24 08:13:00+00:00,2024-01-24 08:13:00+00:00,21.989494999999998,72.88513,21.98981,72.88707,2,5.19,4.115,3.04,1.5202795795510775,-0.41425818882466287,0.66,0.66,0,0,1,VIIRS_SNPP_SP,N,2,0,0.0,1,0.4061381325438432,comparison_area,,
EVT-DAHEJ-01187,2024-01-24 08:13:00+00:00,2024-01-24 08:13:00+00:00,21.51085,72.89134,21.51085,72.89134,1,2.02,2.02,2.02,,,0.33,0.33,0,0,1,VIIRS_SNPP_SP,N,1,0,0.0,1,0.0,comparison_area,,
EVT-DAHEJ-01188,2024-01-24 08:13:00+00:00,2024-01-24 08:13:00+00:00,21.89603,72.91917666666667,21.89674,72.91639,3,8.65,4.6866666666666665,3.43,3.5080811469139843,0.7323232323232324,0.66,0.66,0,0,1,VIIRS_SNPP_SP,N,3,0,0.0,1,0.5550746349519129,comparison_area,,
EVT-DAHEJ-01189,2024-01-24 08:13:00+00:00,2024-01-24 08:13:00+00:00,22.00456,72.8923,22.00456,72.8923,1,9.11,9.11,9.11,,,0.66,0.66,0,0,1,VIIRS_SNPP_SP,N,1,0,0.0,1,0.0,comparison_area,,
EVT-DAHEJ-01190,2024-01-24 08:13:00+00:00,2024-01-24 08:13:00+00:00,21.77221333333333,72.84084333333334,21.772,72.83955,3,3.46,2.77,1.39,1.1951150572225253,-0.5982658959537573,0.66,0.55,0,0,1,VIIRS_SNPP_SP,N,3,0,0.0,1,0.5589639121621615,dahej_fringe,,
EVT-DAHEJ-01191,2024-01-24 08:13:00+00:00,2024-01-24 08:13:00+00:00,21.72208,72.74766,21.72208,72.74766,1,1.84,1.84,1.84,,,0.66,0.66,0,0,1,VIIRS_SNPP_SP,N,1,0,0.0,1,0.0,dahej_core,,
EVT-DAHEJ-01192,2024-01-24 08:13:00+00:00,2024-01-24 08:13:00+00:00,21.7448,72.63083,21.7448,72.63083,1,2.64,2.64,2.64,,,0.66,0.66,0,0,1,VIIRS_SNPP_SP,N,1,0,0.0,1,0.0,dahej_core,,
EVT-DAHEJ-01193,2024-01-24 08:13:00+00:00,2024-01-24 08:13:00+00:00,22.00536,72.93995,22.00536,72.93995,1,3.21,3.21,3.21,,,0.66,0.66,0,0,1,VIIRS_SNPP_SP,N,1,0,0.0,1,0.0,comparison_area,,
EVT-DAHEJ-01194,2024-01-24 09:03:00+00:00,2024-01-24 09:03:00+00:00,21.72863,72.64423,21.72863,72.64423,1,2.01,2.01,2.01,,,0.33,0.33,0,0,1,VIIRS_NOAA20_SP,N20,1,0,0.0,1,0.0,dahej_core,,
EVT-DAHEJ-01195,2024-01-24 09:03:00+00:00,2024-01-24 09:03:00+00:00,21.98535,72.76126,21.98535,72.76126,1,1.97,1.97,1.97,,,0.33,0.33,0,0,1,VIIRS_NOAA20_SP,N20,1,0,0.0,1,0.0,comparison_area,,
EVT-DAHEJ-01196,2024-01-24 09:03:00+00:00,2024-01-24 09:03:00+00:00,21.88794,72.78264,21.88718,72.78196,2,7.28,5.49,7.28,2.53144227664784,0.9675675675675676,1.0,0.8300000000000001,1,0,1,VIIRS_NOAA20_SP,N20,2,0,0.0,1,0.2196758157859135,dahej_fringe,,
EVT-DAHEJ-01197,2024-01-24 19:51:00+00:00,2024-01-24 20:42:00+00:00,21.714209999999998,72.68192666666666,21.71406,72.67979,3,0.64,0.47333333333333333,0.39,0.14433756729740643,-0.390625,0.66,0.66,0,0,2,VIIRS_NOAA20_SP;VIIRS_SNPP_SP,N;N20,0,3,0.85,1,0.5320620668393407,dahej_core,,
EVT-DAHEJ-01198,2024-01-24 20:42:00+00:00,2024-01-24 20:42:00+00:00,21.43618,72.96307,21.43618,72.96307,1,0.49,0.49,0.49,,,0.66,0.66,0,0,1,VIIRS_SNPP_SP,N,0,1,0.0,1,0.0,comparison_area,,
EVT-DAHEJ-01199,2024-01-25 07:54:00+00:00,2024-01-25 07:54:00+00:00,21.62587,72.81588,21.62587,72.81588,1,5.22,5.22,5.22,,,0.66,0.66,0,0,1,VIIRS_SNPP_SP,N,1,0,0.0,1,0.0,dahej_fringe,,
EVT-DAHEJ-01200,2024-01-25 07:54:00+00:00,2024-01-25 08:44:00+00:00,21.801364999999997,72.69249500000001,21.80137,72.69192,2,6.06,4.785,6.06,1.8031222920256962,0.7264957264957265,0.66,0.66,0,0,2,VIIRS_NOAA20_SP;VIIRS_SNPP_SP,N;N20,2,0,0.8333333333333334,1,0.11873358990725585,dahej_core,,
EVT-DAHEJ-01201,2024-01-25 07:54:00+00:00,2024-01-25 08:44:00+00:00,21.48772,72.85776666666666,21.48777,72.8568,3,4.13,3.1566666666666667,2.41,0.8821186617078981,-0.17747440273037543,0.66,0.66,0,0,2,VIIRS_NOAA20_SP;VIIRS_SNPP_SP,N;N20,3,0,0.8333333333333334,1,0.31685792739447227,comparison_area,,
EVT-DAHEJ-01202,2024-01-25 08:44:00+00:00,2024-01-25 08:44:00+00:00,21.69671,72.75257,21.69671,72.75257,1,7.09,7.09,7.09,,,0.66,0.66,0,0,1,VIIRS_NOAA20_SP,N20,1,0,0.0,1,0.0,dahej_fringe,,
EVT-DAHEJ-01203,2024-01-25 08:44:00+00:00,2024-01-25 08:44:00+00:00,21.51581,72.85929,21.51581,72.85929,1,7.38,7.38,7.38,,,0.66,0.66,0,0,1,VIIRS_NOAA20_SP,N20,1,0,0.0,1,0.0,comparison_area,,
EVT-DAHEJ-01204,2024-01-25 08:44:00+00:00,2024-01-25 08:44:00+00:00,21.5059,72.84784,21.5059,72.84784,1,4.77,4.77,4.77,,,0.66,0.66,0,0,1,VIIRS_NOAA20_SP,N20,1,0,0.0,1,0.0,dahej_fringe,,
EVT-DAHEJ-01205,2024-01-25 08:44:00+00:00,2024-01-25 08:44:00+00:00,21.47573,72.77173,21.47573,72.77173,1,3.17,3.17,3.17,,,0.66,0.66,0,0,1,VIIRS_NOAA20_SP,N20,1,0,0.0,1,0.0,comparison_area,,
EVT-DAHEJ-01206,2024-01-25 08:44:00+00:00,2024-01-25 08:44:00+00:00,21.40014,72.78902,21.40014,72.78902,1,15.36,15.36,15.36,,,0.66,0.66,0,0,1,VIIRS_NOAA20_SP,N20,1,0,0.0,1,0.0,comparison_area,,
EVT-DAHEJ-01207,2024-01-25 08:44:00+00:00,2024-01-25 08:44:00+00:00,22.02715,72.75275,22.02715,72.75275,1,21.73,21.73,21.73,,,0.66,0.66,0,1,1,VIIRS_NOAA20_SP,N20,1,0,0.0,1,0.0,comparison_area,,
EVT-DAHEJ-01208,2024-01-25 20:23:00+00:00,2024-01-25 20:23:00+00:00,21.73191,72.692315,21.73245,72.69415,2,0.71,0.705,0.7,0.007071067811865481,-0.014084507042253534,0.66,0.66,0,0,1,VIIRS_SNPP_SP,N,0,2,0.0,1,0.39764911843100276,dahej_core,,
EVT-DAHEJ-01209,2024-01-25 20:23:00+00:00,2024-01-25 20:23:00+00:00,21.37907,72.80692,21.37907,72.80692,1,0.42,0.42,0.42,,,0.66,0.66,0,0,1,VIIRS_SNPP_SP,N,0,1,0.0,1,0.0,comparison_area,,
EVT-DAHEJ-01210,2024-01-25 21:12:00+00:00,2024-01-25 21:12:00+00:00,21.796425,72.621235,21.79603,72.62329,2,1.53,1.27,1.01,0.36769552621700474,-0.33986928104575165,0.66,0.66,0,0,1,VIIRS_NOAA20_SP,N20,0,2,0.0,1,0.43333663726968,dahej_core,,
EVT-DAHEJ-01211,2024-01-25 21:13:00+00:00,2024-01-25 21:13:00+00:00,21.36184,72.80671,21.36184,72.80671,1,0.9,0.9,0.9,,,0.66,0.66,0,0,1,VIIRS_NOAA20_SP,N20,0,1,0.0,1,0.0,comparison_area,,
EVT-DAHEJ-01212,2024-01-26 07:35:00+00:00,2024-01-26 07:35:00+00:00,21.78463,72.73172,21.78463,72.73172,1,4.67,4.67,4.67,,,0.33,0.33,0,0,1,VIIRS_SNPP_SP,N,1,0,0.0,1,0.0,dahej_core,,
EVT-DAHEJ-01213,2024-01-26 07:35:00+00:00,2024-01-26 08:25:00+00:00,21.80881666666667,72.70676666666667,21.80919,72.70763,3,8.2,5.88,8.2,2.0121878639928226,0.7787418655097611,0.66,0.66,0,0,2,VIIRS_NOAA20_SP;VIIRS_SNPP_SP,N;N20,3,0,0.8333333333333334,1,0.23719002904430891,dahej_core,,
EVT-DAHEJ-01214,2024-01-26 08:25:00+00:00,2024-01-26 08:25:00+00:00,21.99374,72.53866,21.99374,72.53866,1,11.36,11.36,11.36,,,0.33,0.33,0,0,1,VIIRS_NOAA20_SP,N20,1,0,0.0,1,0.0,comparison_area,,
EVT-DAHEJ-01215,2024-01-26 08:25:00+00:00,2024-01-26 09:16:00+00:00,21.71281,72.6722075,21.71131,72.6711,4,5.25,3.4775,4.86,1.8289409503863159,1.4923076923076923,0.66,0.5775,0,0,2,VIIRS_NOAA20_SP;VIIRS_SNPP_SP,N;N20,4,0,0.85,1,0.5462953487193326,dahej_core,,
EVT-DAHEJ-01216,2024-01-26 09:16:00+00:00,2024-01-26 09:16:00+00:00,21.501563333333333,72.84454000000001,21.5019,72.84085,3,12.64,9.586666666666668,12.64,2.646551214946224,0.547123623011016,0.66,0.66,0,0,1,VIIRS_SNPP_SP,N,3,0,0.0,1,0.7204014425521983,dahej_fringe,,
EVT-DAHEJ-01217,2024-01-26 09:16:00+00:00,2024-01-26 09:16:00+00:00,21.47571,72.77327,21.47571,72.77327,1,2.64,2.64,2.64,,,0.66,0.66,0,0,1,VIIRS_SNPP_SP,N,1,0,0.0,1,0.0,comparison_area,,
EVT-DAHEJ-01218,2024-01-26 20:54:00+00:00,2024-01-26 20:54:00+00:00,21.43237,72.97579,21.43237,72.97579,1,0.31,0.31,0.31,,,0.66,0.66,0,0,1,VIIRS_NOAA20_SP,N20,0,1,0.0,1,0.0,comparison_area,,
EVT-DAHEJ-01219,2024-01-26 20:54:00+00:00,2024-01-26 20:54:00+00:00,21.68529,72.62308,21.68529,72.62308,1,1.29,1.29,1.29,,,0.66,0.66,0,0,1,VIIRS_NOAA20_SP,N20,0,1,0.0,1,0.0,dahej_core,,
EVT-DAHEJ-01220,2024-01-27 08:06:00+00:00,2024-01-27 08:57:00+00:00,21.74011333333333,72.67387000000001,21.74202,72.67212,3,3.31,3.11,2.88,0.21656407827707724,-0.12990936555891244,0.66,0.5499999999999999,0,0,2,VIIRS_NOAA20_SP;VIIRS_SNPP_SP,N;N20,3,0,0.85,1,0.44098792011486243,dahej_core,,
EVT-DAHEJ-01221,2024-01-27 08:06:00+00:00,2024-01-27 08:06:00+00:00,21.56932,72.89265,21.56932,72.89265,1,5.61,5.61,5.61,,,0.66,0.66,0,0,1,VIIRS_NOAA20_SP,N20,1,0,0.0,1,0.0,comparison_area,,
EVT-DAHEJ-01222,2024-01-27 08:57:00+00:00,2024-01-27 08:57:00+00:00,21.59068,72.88918,21.59068,72.88918,1,2.06,2.06,2.06,,,0.66,0.66,0,0,1,VIIRS_SNPP_SP,N,1,0,0.0,1,0.0,comparison_area,,
EVT-DAHEJ-01223,2024-01-27 08:57:00+00:00,2024-01-27 08:57:00+00:00,21.35619,72.65852,21.35619,72.65852,1,1.5,1.5,1.5,,,0.66,0.66,0,0,1,VIIRS_SNPP_SP,N,1,0,0.0,1,0.0,comparison_area,,
EVT-DAHEJ-01224,2024-01-27 08:57:00+00:00,2024-01-27 08:57:00+00:00,21.46382,72.88907,21.46382,72.88907,1,2.56,2.56,2.56,,,0.66,0.66,0,0,1,VIIRS_SNPP_SP,N,1,0,0.0,1,0.0,comparison_area,,
EVT-DAHEJ-01225,2024-01-27 08:57:00+00:00,2024-01-27 08:57:00+00:00,21.46967,72.78584,21.46967,72.78584,1,2.0,2.0,2.0,,,0.66,0.66,0,0,1,VIIRS_SNPP_SP,N,1,0,0.0,1,0.0,comparison_area,,
EVT-DAHEJ-01226,2024-01-27 08:57:00+00:00,2024-01-27 08:57:00+00:00,22.03814,72.59626,22.03814,72.59626,1,2.39,2.39,2.39,,,0.66,0.66,0,0,1,VIIRS_SNPP_SP,N,1,0,0.0,1,0.0,comparison_area,,
EVT-DAHEJ-01227,2024-01-27 20:35:00+00:00,2024-01-27 20:35:00+00:00,21.37613,72.76101,21.37613,72.76101,1,0.62,0.62,0.62,,,0.66,0.66,0,0,1,VIIRS_NOAA20_SP,N20,0,1,0.0,1,0.0,comparison_area,,
EVT-DAHEJ-01228,2024-01-27 21:25:00+00:00,2024-01-27 21:25:00+00:00,21.53713,72.765245,21.53695,72.76486,2,0.66,0.5900000000000001,0.66,0.09899494936611666,0.2692307692307693,0.66,0.66,0,0,1,VIIRS_SNPP_SP,N,0,2,0.0,1,0.08913640542263196,dahej_fringe,,
EVT-DAHEJ-01229,2024-01-28 07:47:00+00:00,2024-01-28 08:38:00+00:00,21.968865,72.814085,21.96953,72.81172,2,10.36,7.97,10.36,3.3799704140716966,0.8566308243727597,0.66,0.66,0,0,2,VIIRS_NOAA20_SP;VIIRS_SNPP_SP,N;N20,2,0,0.85,1,0.5096890575711415,comparison_area,,
EVT-DAHEJ-01230,2024-01-28 07:47:00+00:00,2024-01-28 07:47:00+00:00,21.5701,72.94836,21.5701,72.94836,1,3.67,3.67,3.67,,,0.66,0.66,0,0,1,VIIRS_NOAA20_SP,N20,1,0,0.0,1,0.0,comparison_area,,
EVT-DAHEJ-01231,2024-01-28 08:38:00+00:00,2024-01-28 08:38:00+00:00,21.70826,72.57908,21.70826,72.57908,1,3.43,3.43,3.43,,,0.66,0.66,0,0,1,VIIRS_SNPP_SP,N,1,0,0.0,1,0.0,dahej_core,,
EVT-DAHEJ-01232,2024-01-28 08:38:00+00:00,2024-01-28 08:38:00+00:00,21.837699999999998,72.644925,21.83578,72.6452,2,3.27,3.27,3.27,0.0,0.0,0.66,0.66,0,0,1,VIIRS_SNPP_SP,N,2,0,0.0,1,0.43074631338837854,dahej_core,,
EVT-DAHEJ-01233,2024-01-28 08:38:00+00:00,2024-01-28 08:38:00+00:00,21.75922,72.73632,21.75922,72.73632,1,3.72,3.72,3.72,,,0.66,0.66,0,0,1,VIIRS_SNPP_SP,N,1,0,0.0,1,0.0,dahej_core,,
EVT-DAHEJ-01234,2024-01-28 08:38:00+00:00,2024-01-28 08:38:00+00:00,22.049210000000002,72.85817,22.04953,72.86079,2,5.65,4.695,5.65,1.3505739520663058,0.5106951871657754,0.66,0.66,0,0,1,VIIRS_SNPP_SP,N,2,0,0.0,1,0.5447160391519146,comparison_area,,
EVT-DAHEJ-01235,2024-01-28 20:16:00+00:00,2024-01-28 20:16:00+00:00,21.36052,72.84373,21.36052,72.84373,1,0.85,0.85,0.85,,,0.66,0.66,0,0,1,VIIRS_NOAA20_SP,N20,0,1,0.0,1,0.0,comparison_area,,
EVT-DAHEJ-01236,2024-01-28 20:16:00+00:00,2024-01-28 21:07:00+00:00,21.394595,72.756185,21.39437,72.75434,2,1.69,1.2349999999999999,1.69,0.6434671708797581,1.1666666666666665,0.66,0.66,0,0,2,VIIRS_NOAA20_SP;VIIRS_SNPP_SP,N;N20,0,2,0.85,1,0.385298450022721,comparison_area,,
EVT-DAHEJ-01237,2024-01-29 07:29:00+00:00,2024-01-29 07:29:00+00:00,21.93445,72.72021,21.93445,72.72021,1,3.35,3.35,3.35,,,0.66,0.66,0,0,1,VIIRS_NOAA20_SP,N20,1,0,0.0,1,0.0,dahej_fringe,,
EVT-DAHEJ-01238,2024-01-29 08:19:00+00:00,2024-01-29 08:19:00+00:00,21.64881,72.93393,21.64909,72.93578,2,3.41,3.41,3.41,0.0,0.0,0.66,0.66,0,0,1,VIIRS_SNPP_SP,N,2,0,0.0,1,0.3874378642690164,comparison_area,,
EVT-DAHEJ-01239,2024-01-29 08:19:00+00:00,2024-01-29 08:19:00+00:00,21.95946,72.51163,21.95946,72.51163,1,4.17,4.17,4.17,,,0.66,0.66,0,0,1,VIIRS_SNPP_SP,N,1,0,0.0,1,0.0,comparison_area,,
EVT-DAHEJ-01240,2024-01-29 08:19:00+00:00,2024-01-29 09:09:00+00:00,21.90974,72.536845,21.90955,72.53611,2,3.67,2.83,3.67,1.1879393923933999,0.8442211055276382,0.66,0.66,0,0,2,VIIRS_NOAA20_SP;VIIRS_SNPP_SP,N;N20,2,0,0.8333333333333334,1,0.15742732032519516,dahej_fringe,,
EVT-DAHEJ-01241,2024-01-29 09:09:00+00:00,2024-01-29 09:09:00+00:00,21.56267,72.88549,21.56267,72.88549,1,2.51,2.51,2.51,,,0.66,0.66,0,0,1,VIIRS_NOAA20_SP,N20,1,0,0.0,1,0.0,comparison_area,,
EVT-DAHEJ-01242,2024-01-30 08:00:00+00:00,2024-01-30 08:50:00+00:00,21.545245,72.95786000000001,21.54609,72.95756,2,3.55,3.26,3.55,0.41012193308819733,0.19528619528619515,0.66,0.66,0,0,2,VIIRS_NOAA20_SP;VIIRS_SNPP_SP,N;N20,2,0,0.8333333333333334,1,0.19790067983362125,comparison_area,,
EVT-DAHEJ-01243,2024-01-30 08:00:00+00:00,2024-01-30 08:50:00+00:00,22.057630000000003,72.54304,22.05759,72.54224,2,9.89,7.635,9.89,3.18905158315133,0.8382899628252789,0.66,0.66,0,0,2,VIIRS_NOAA20_SP;VIIRS_SNPP_SP,N;N20,2,0,0.8333333333333334,1,0.16512991250979459,comparison_area,,
EVT-DAHEJ-01244,2024-01-30 08:50:00+00:00,2024-01-30 08:50:00+00:00,21.68637,72.66326000000001,21.68405,72.66355,2,5.66,3.19,5.66,3.4931074990615447,6.861111111111112,0.66,0.66,0,0,1,VIIRS_NOAA20_SP,N20,2,0,0.0,1,0.5194139278323763,dahej_core,,
EVT-DAHEJ-01245,2024-01-30 08:50:00+00:00,2024-01-30 08:50:00+00:00,21.76193,72.60621,21.7614,72.60519,2,5.01,4.08,3.15,1.3152186130069783,-0.3712574850299401,0.66,0.495,0,0,1,VIIRS_NOAA20_SP,N20,2,0,0.0,1,0.24140250598369917,dahej_core,,
EVT-DAHEJ-01246,2024-01-30 08:50:00+00:00,2024-01-30 08:50:00+00:00,21.68241,72.64807,21.68241,72.64807,1,1.42,1.42,1.42,,,0.66,0.66,0,0,1,VIIRS_NOAA20_SP,N20,1,0,0.0,1,0.0,dahej_core,,
EVT-DAHEJ-01247,2024-01-31 08:31:00+00:00,2024-01-31 08:31:00+00:00,21.54614,72.94127,21.54614,72.94127,1,3.11,3.11,3.11,,,0.33,0.33,0,0,1,VIIRS_NOAA20_SP,N20,1,0,0.0,1,0.0,comparison_area,,
EVT-DAHEJ-01248,2024-01-31 08:31:00+00:00,2024-01-31 08:31:00+00:00,21.37311,72.887,21.37311,72.887,1,2.43,2.43,2.43,,,0.66,0.66,0,0,1,VIIRS_NOAA20_SP,N20,1,0,0.0,1,0.0,comparison_area,,
EVT-DAHEJ-01249,2024-02-01 08:12:00+00:00,2024-02-01 08:12:00+00:00,21.51508,72.73641,21.51508,72.73641,1,6.65,6.65,6.65,,,0.66,0.66,0,0,1,VIIRS_NOAA20_SP,N20,1,0,0.0,1,0.0,dahej_fringe,,
EVT-DAHEJ-01250,2024-02-01 08:12:00+00:00,2024-02-01 08:12:00+00:00,21.64374,72.98531,21.64374,72.98531,1,2.05,2.05,2.05,,,0.66,0.66,0,0,1,VIIRS_NOAA20_SP,N20,1,0,0.0,1,0.0,comparison_area,,
EVT-DAHEJ-01251,2024-02-01 08:12:00+00:00,2024-02-01 08:12:00+00:00,21.772835,72.841935,21.77115,72.84225,2,2.84,2.84,2.84,0.0,0.0,0.66,0.66,0,0,1,VIIRS_NOAA20_SP,N20,2,0,0.0,1,0.38033255378728237,dahej_fringe,,
EVT-DAHEJ-01252,2024-02-01 08:12:00+00:00,2024-02-01 08:12:00+00:00,21.89939,72.89781,21.89939,72.89781,1,2.03,2.03,2.03,,,0.66,0.66,0,0,1,VIIRS_NOAA20_SP,N20,1,0,0.0,1,0.0,comparison_area,,
EVT-DAHEJ-01253,2024-02-01 08:12:00+00:00,2024-02-01 08:12:00+00:00,21.72589,72.99039,21.72589,72.99039,1,3.23,3.23,3.23,,,0.66,0.66,0,0,1,VIIRS_NOAA20_SP,N20,1,0,0.0,1,0.0,comparison_area,,
EVT-DAHEJ-01254,2024-02-01 09:03:00+00:00,2024-02-01 09:03:00+00:00,21.352424999999997,72.83202499999999,21.35214,72.83169,2,3.7,3.02,3.7,0.9616652224137049,0.5811965811965814,0.66,0.66,0,0,1,VIIRS_SNPP_SP,N,2,0,0.0,1,0.0939771912925801,comparison_area,,
EVT-DAHEJ-01255,2024-02-01 20:41:00+00:00,2024-02-01 20:41:00+00:00,21.433,72.97549,21.433,72.97549,1,0.64,0.64,0.64,,,0.66,0.66,0,0,1,VIIRS_NOAA20_SP,N20,0,1,0.0,1,0.0,comparison_area,,
EVT-DAHEJ-01256,2024-02-02 07:53:00+00:00,2024-02-02 07:53:00+00:00,21.48457,72.85773,21.48457,72.85773,1,2.96,2.96,2.96,,,0.66,0.66,0,0,1,VIIRS_NOAA20_SP,N20,1,0,0.0,1,0.0,comparison_area,,
EVT-DAHEJ-01257,2024-02-02 08:44:00+00:00,2024-02-02 08:44:00+00:00,21.5002,72.78603,21.5002,72.78603,1,1.76,1.76,1.76,,,0.66,0.66,0,0,1,VIIRS_SNPP_SP,N,1,0,0.0,1,0.0,dahej_fringe,,
EVT-DAHEJ-01258,2024-02-02 20:22:00+00:00,2024-02-02 20:22:00+00:00,21.59227,72.9999,21.59227,72.9999,1,0.46,0.46,0.46,,,0.66,0.66,0,0,1,VIIRS_NOAA20_SP,N20,0,1,0.0,1,0.0,comparison_area,,
EVT-DAHEJ-01259,2024-02-03 08:25:00+00:00,2024-02-03 08:25:00+00:00,21.51058,72.84987,21.51058,72.84987,1,3.04,3.04,3.04,,,0.33,0.33,0,0,1,VIIRS_SNPP_SP,N,1,0,0.0,1,0.0,dahej_fringe,,
EVT-DAHEJ-01260,2024-02-03 08:25:00+00:00,2024-02-03 08:25:00+00:00,21.43184,72.8158,21.43184,72.8158,1,2.66,2.66,2.66,,,0.66,0.66,0,0,1,VIIRS_SNPP_SP,N,1,0,0.0,1,0.0,comparison_area,,
EVT-DAHEJ-01261,2024-02-03 08:25:00+00:00,2024-02-03 08:25:00+00:00,21.40934,72.85075,21.40934,72.85075,1,6.12,6.12,6.12,,,0.66,0.66,0,0,1,VIIRS_SNPP_SP,N,1,0,0.0,1,0.0,comparison_area,,
EVT-DAHEJ-01262,2024-02-03 08:25:00+00:00,2024-02-03 08:25:00+00:00,21.46954,72.87617,21.46954,72.87617,1,1.99,1.99,1.99,,,0.66,0.66,0,0,1,VIIRS_SNPP_SP,N,1,0,0.0,1,0.0,comparison_area,,
EVT-DAHEJ-01263,2024-02-03 08:25:00+00:00,2024-02-03 08:25:00+00:00,21.72479,72.88544,21.72479,72.88544,1,1.8,1.8,1.8,,,0.66,0.66,0,0,1,VIIRS_SNPP_SP,N,1,0,0.0,1,0.0,comparison_area,,
EVT-DAHEJ-01264,2024-02-03 20:54:00+00:00,2024-02-03 20:54:00+00:00,21.37736,72.96018,21.37736,72.96018,1,0.43,0.43,0.43,,,0.66,0.66,0,0,1,VIIRS_SNPP_SP,N,0,1,0.0,1,0.0,comparison_area,,
EVT-DAHEJ-01265,2024-02-03 20:54:00+00:00,2024-02-03 20:54:00+00:00,21.38257,72.7417,21.38257,72.7417,1,0.6,0.6,0.6,,,0.66,0.66,0,0,1,VIIRS_SNPP_SP,N,0,1,0.0,1,0.0,comparison_area,,
EVT-DAHEJ-01266,2024-02-03 20:54:00+00:00,2024-02-03 20:54:00+00:00,21.37773,72.81268,21.37773,72.81268,1,0.39,0.39,0.39,,,0.66,0.66,0,0,1,VIIRS_SNPP_SP,N,0,1,0.0,1,0.0,comparison_area,,
EVT-DAHEJ-01267,2024-02-04 08:06:00+00:00,2024-02-04 08:06:00+00:00,21.46874,72.80275,21.46874,72.80275,1,6.59,6.59,6.59,,,0.66,0.66,0,0,1,VIIRS_SNPP_SP,N,1,0,0.0,1,0.0,comparison_area,,
EVT-DAHEJ-01268,2024-02-04 08:06:00+00:00,2024-02-04 08:06:00+00:00,21.71774,72.68309,21.71774,72.68309,1,3.0,3.0,3.0,,,0.33,0.33,0,0,1,VIIRS_SNPP_SP,N,1,0,0.0,1,0.0,dahej_core,,
EVT-DAHEJ-01269,2024-02-04 08:06:00+00:00,2024-02-04 08:06:00+00:00,21.711675,72.669775,21.71159,72.66921,2,3.74,3.21,3.74,0.7495331880577404,0.39552238805970147,0.66,0.495,0,0,1,VIIRS_SNPP_SP,N,2,0,0.0,1,0.11825704143446222,dahej_core,,
EVT-DAHEJ-01270,2024-02-04 20:35:00+00:00,2024-02-04 20:35:00+00:00,21.43395,72.97461,21.43572,72.97489,2,1.88,1.88,1.88,0.0,0.0,0.66,0.66,0,0,1,VIIRS_SNPP_SP,N,0,2,0.0,1,0.397875241437357,comparison_area,,
EVT-DAHEJ-01271,2024-02-05 07:48:00+00:00,2024-02-05 07:48:00+00:00,21.54479,72.849,21.54479,72.849,1,3.53,3.53,3.53,,,0.66,0.66,0,0,1,VIIRS_SNPP_SP,N,1,0,0.0,1,0.0,dahej_fringe,,
EVT-DAHEJ-01272,2024-02-05 07:48:00+00:00,2024-02-05 07:48:00+00:00,21.92979,72.55560333333334,21.93094,72.55818,3,10.86,9.35,10.86,1.5150247522730442,0.16025641025641027,0.66,0.66,0,0,1,VIIRS_SNPP_SP,N,3,0,0.0,1,0.5966549100884361,dahej_fringe,,
EVT-DAHEJ-01273,2024-02-05 20:16:00+00:00,2024-02-05 20:16:00+00:00,21.35991,72.76382,21.35991,72.76382,1,0.67,0.67,0.67,,,0.66,0.66,0,0,1,VIIRS_SNPP_SP,N,0,1,0.0,1,0.0,comparison_area,,
EVT-DAHEJ-01274,2024-02-05 21:06:00+00:00,2024-02-05 21:06:00+00:00,21.40487,72.73686,21.40487,72.73686,1,0.79,0.79,0.79,,,0.66,0.66,0,0,1,VIIRS_NOAA20_SP,N20,0,1,0.0,1,0.0,comparison_area,,
EVT-DAHEJ-01275,2024-02-06 08:19:00+00:00,2024-02-06 08:19:00+00:00,21.62228,72.81289,21.62228,72.81289,1,4.4,4.4,4.4,,,0.33,0.33,0,0,1,VIIRS_NOAA20_SP,N20,1,0,0.0,1,0.0,dahej_fringe,,
EVT-DAHEJ-01276,2024-02-06 08:19:00+00:00,2024-02-06 09:09:00+00:00,21.574665,72.827045,21.57628,72.82532,2,13.45,7.555,13.45,8.336788950189396,7.102409638554216,1.0,0.8300000000000001,1,0,2,VIIRS_NOAA20_SP;VIIRS_SNPP_SP,N;N20,2,0,0.8333333333333334,1,0.5062249988704185,dahej_fringe,,
EVT-DAHEJ-01277,2024-02-06 20:48:00+00:00,2024-02-06 20:48:00+00:00,21.36549,72.7891,21.36549,72.7891,1,0.28,0.28,0.28,,,0.66,0.66,0,0,1,VIIRS_NOAA20_SP,N20,0,1,0.0,1,0.0,comparison_area,,
EVT-DAHEJ-01278,2024-02-06 20:48:00+00:00,2024-02-06 20:48:00+00:00,21.47861,72.80557,21.47861,72.80557,1,0.28,0.28,0.28,,,0.66,0.66,0,0,1,VIIRS_NOAA20_SP,N20,0,1,0.0,1,0.0,comparison_area,,
EVT-DAHEJ-01279,2024-02-07 08:00:00+00:00,2024-02-07 08:00:00+00:00,21.42903,72.81330666666666,21.42872,72.81043,3,9.01,5.8,9.01,2.7854443092619894,1.0617848970251715,0.66,0.66,0,0,1,VIIRS_NOAA20_SP,N20,3,0,0.0,1,0.5659961375456831,comparison_area,,
EVT-DAHEJ-01280,2024-02-07 08:50:00+00:00,2024-02-07 08:50:00+00:00,21.513264999999997,72.80861,21.51091,72.80889,2,3.41,3.41,3.41,0.0,0.0,0.66,0.66,0,0,1,VIIRS_SNPP_SP,N,2,0,0.0,1,0.5269230486197009,dahej_fringe,,
EVT-DAHEJ-01281,2024-02-07 20:29:00+00:00,2024-02-07 20:29:00+00:00,21.57821,72.86234,21.57821,72.86234,1,2.26,2.26,2.26,,,0.66,0.66,0,0,1,VIIRS_NOAA20_SP,N20,0,1,0.0,1,0.0,comparison_area,,
EVT-DAHEJ-01282,2024-02-07 20:29:00+00:00,2024-02-07 20:29:00+00:00,21.69572,72.60204,21.69572,72.60204,1,2.84,2.84,2.84,,,0.66,0.66,0,0,1,VIIRS_NOAA20_SP,N20,0,1,0.0,1,0.0,dahej_core,,
EVT-DAHEJ-01283,2024-02-08 07:41:00+00:00,2024-02-08 07:41:00+00:00,21.49277,72.80923,21.49277,72.80923,1,5.2,5.2,5.2,,,0.66,0.66,0,0,1,VIIRS_NOAA20_SP,N20,1,0,0.0,1,0.0,comparison_area,,
EVT-DAHEJ-01284,2024-02-08 07:41:00+00:00,2024-02-08 08:32:00+00:00,21.719260000000002,72.69850333333333,21.71946,72.69798,3,4.46,3.83,4.46,0.6402343321003645,0.1584415584415584,0.66,0.55,0,0,2,VIIRS_NOAA20_SP;VIIRS_SNPP_SP,N;N20,3,0,0.85,1,0.27418879465157353,dahej_core,,
EVT-DAHEJ-01285,2024-02-08 07:41:00+00:00,2024-02-08 07:41:00+00:00,21.56773,72.87884,21.56773,72.87884,1,6.88,6.88,6.88,,,1.0,1.0,1,0,1,VIIRS_NOAA20_SP,N20,1,0,0.0,1,0.0,comparison_area,,
EVT-DAHEJ-01286,2024-02-08 20:10:00+00:00,2024-02-08 21:00:00+00:00,21.783555,72.608675,21.785,72.609,4,0.78,0.7175,0.58,0.09464847243000458,-0.2564102564102565,0.66,0.66,0,0,2,VIIRS_NOAA20_SP;VIIRS_SNPP_SP,N;N20,0,4,0.8333333333333334,1,0.3282116973722221,dahej_core,,
EVT-DAHEJ-01287,2024-02-08 20:10:00+00:00,2024-02-08 20:10:00+00:00,21.40745,72.97169,21.40745,72.97169,1,0.89,0.89,0.89,,,0.66,0.66,0,0,1,VIIRS_NOAA20_SP,N20,0,1,0.0,1,0.0,comparison_area,,
EVT-DAHEJ-01288,2024-02-09 07:22:00+00:00,2024-02-09 07:22:00+00:00,21.766226666666668,72.61327,21.76661,72.61598,3,12.95,10.756666666666666,12.95,2.780095921606543,0.10778443113772454,0.66,0.66,0,0,1,VIIRS_NOAA20_SP,N20,3,0,0.0,1,0.7511814632575953,dahej_core,,
EVT-DAHEJ-01289,2024-02-09 08:13:00+00:00,2024-02-09 09:03:00+00:00,21.751244999999997,72.62111,21.75172,72.62053,2,5.81,3.59,1.37,3.1395541084682708,-0.7641996557659207,0.66,0.66,0,0,2,VIIRS_NOAA20_SP;VIIRS_SNPP_SP,N;N20,2,0,0.8333333333333334,1,0.15972319839215954,dahej_core,,
EVT-DAHEJ-01290,2024-02-09 09:03:00+00:00,2024-02-09 09:03:00+00:00,21.7912,72.6611,21.7912,72.6611,1,2.87,2.87,2.87,,,0.66,0.66,0,0,1,VIIRS_NOAA20_SP,N20,1,0,0.0,1,0.0,dahej_core,,
EVT-DAHEJ-01291,2024-02-09 20:42:00+00:00,2024-02-10 21:13:00+00:00,21.681553333333337,72.53400333333333,21.68343,72.53471,3,1.04,0.75,0.52,0.26514147167125707,-0.24637681159420283,0.66,0.66,0,0,2,VIIRS_NOAA20_SP;VIIRS_SNPP_SP,N;N20,0,3,24.516666666666666,2,0.33407845277101506,dahej_core,,
EVT-DAHEJ-01292,2024-02-09 20:42:00+00:00,2024-02-09 21:31:00+00:00,21.74649,72.65653,21.74602,72.65643,2,4.22,2.565,0.91,2.340523445727472,-0.7843601895734597,0.66,0.66,0,0,2,VIIRS_NOAA20_SP;VIIRS_SNPP_SP,N;N20,0,2,0.8166666666666667,1,0.10654491716223509,dahej_core,,
EVT-DAHEJ-01293,2024-02-09 20:42:00+00:00,2024-02-09 20:42:00+00:00,21.43354,72.976045,21.4327,72.9763,2,0.65,0.64,0.63,0.014142135623730963,-0.030769230769230795,0.66,0.66,0,0,1,VIIRS_SNPP_SP,N,0,2,0.0,1,0.19412279189337114,comparison_area,,
EVT-DAHEJ-01294,2024-02-10 07:54:00+00:00,2024-02-10 07:54:00+00:00,21.68569,72.56393,21.68569,72.56393,1,3.52,3.52,3.52,,,0.66,0.66,0,0,1,VIIRS_SNPP_SP,N,1,0,0.0,1,0.0,dahej_core,,
EVT-DAHEJ-01295,2024-02-10 08:44:00+00:00,2024-02-10 08:44:00+00:00,21.44115,72.8277,21.44326,72.82742,2,4.28,3.665,4.28,0.8697413408594538,0.4032786885245903,0.66,0.66,0,0,1,VIIRS_NOAA20_SP,N20,2,0,0.0,1,0.47280921786156804,comparison_area,,
EVT-DAHEJ-01296,2024-02-10 08:44:00+00:00,2024-02-10 08:44:00+00:00,21.54473,72.92194,21.54473,72.92194,1,8.11,8.11,8.11,,,0.66,0.66,0,0,1,VIIRS_NOAA20_SP,N20,1,0,0.0,1,0.0,comparison_area,,
EVT-DAHEJ-01297,2024-02-10 08:44:00+00:00,2024-02-10 08:44:00+00:00,21.71659,72.63038,21.71659,72.63038,1,2.17,2.17,2.17,,,0.66,0.66,0,0,1,VIIRS_NOAA20_SP,N20,1,0,0.0,1,0.0,dahej_core,,
EVT-DAHEJ-01298,2024-02-10 08:44:00+00:00,2024-02-10 08:44:00+00:00,21.62637,72.81351,21.62637,72.81351,1,3.19,3.19,3.19,,,0.33,0.33,0,0,1,VIIRS_NOAA20_SP,N20,1,0,0.0,1,0.0,dahej_fringe,,
EVT-DAHEJ-01299,2024-02-10 20:23:00+00:00,2024-02-10 20:23:00+00:00,21.35819,72.90959,21.35819,72.90959,1,0.39,0.39,0.39,,,0.66,0.66,0,0,1,VIIRS_SNPP_SP,N,0,1,0.0,1,0.0,comparison_area,,
EVT-DAHEJ-01300,2024-02-11 07:35:00+00:00,2024-02-11 08:25:00+00:00,21.9563475,72.81447,21.95671,72.81615,4,7.89,7.289999999999999,7.83,1.1203570859328733,-0.007604562737642536,0.66,0.495,0,0,2,VIIRS_NOAA20_SP;VIIRS_SNPP_SP,N;N20,4,0,0.8333333333333334,1,0.45638776724788666,comparison_area,,
EVT-DAHEJ-01301,2024-02-11 08:25:00+00:00,2024-02-11 08:25:00+00:00,21.509,72.73294,21.509,72.73294,1,1.96,1.96,1.96,,,0.66,0.66,0,0,1,VIIRS_NOAA20_SP,N20,1,0,0.0,1,0.0,dahej_fringe,,
EVT-DAHEJ-01302,2024-02-11 08:25:00+00:00,2024-02-11 08:25:00+00:00,21.89881,72.66434,21.89881,72.66434,1,3.59,3.59,3.59,,,0.33,0.33,0,0,1,VIIRS_NOAA20_SP,N20,1,0,0.0,1,0.0,dahej_fringe,,
EVT-DAHEJ-01303,2024-02-11 08:25:00+00:00,2024-02-11 20:54:00+00:00,22.014045000000003,72.742385,22.01178,72.74284,2,6.27,3.3,0.33,4.200214280248092,-0.9473684210526315,0.66,0.66,0,0,1,VIIRS_NOAA20_SP,N20,1,1,12.483333333333333,1,0.5123747144836199,comparison_area,,
EVT-DAHEJ-01304,2024-02-11 08:25:00+00:00,2024-02-11 08:25:00+00:00,21.77556,72.9817,21.77556,72.9817,1,3.49,3.49,3.49,,,0.33,0.33,0,0,1,VIIRS_NOAA20_SP,N20,1,0,0.0,1,0.0,comparison_area,,
EVT-DAHEJ-01305,2024-02-11 08:25:00+00:00,2024-02-11 08:25:00+00:00,21.46448,72.89964,21.46448,72.89964,1,1.88,1.88,1.88,,,0.66,0.66,0,0,1,VIIRS_NOAA20_SP,N20,1,0,0.0,1,0.0,comparison_area,,
EVT-DAHEJ-01306,2024-02-11 20:04:00+00:00,2024-02-11 20:54:00+00:00,21.43161,72.975155,21.43097,72.97522,2,1.3,0.8400000000000001,1.3,0.6505382386916237,2.4210526315789473,0.66,0.66,0,0,2,VIIRS_NOAA20_SP;VIIRS_SNPP_SP,N;N20,0,2,0.8333333333333334,1,0.14296434442986758,comparison_area,,
EVT-DAHEJ-01307,2024-02-11 20:54:00+00:00,2024-02-11 20:54:00+00:00,21.68197,72.53529,21.68197,72.53529,1,0.79,0.79,0.79,,,0.66,0.66,0,0,1,VIIRS_NOAA20_SP,N20,0,1,0.0,1,0.0,dahej_core,,
EVT-DAHEJ-01308,2024-02-12 08:06:00+00:00,2024-02-12 08:06:00+00:00,21.92457,72.72224,21.92457,72.72224,1,7.08,7.08,7.08,,,0.66,0.66,0,0,1,VIIRS_NOAA20_SP,N20,1,0,0.0,1,0.0,dahej_fringe,,
EVT-DAHEJ-01309,2024-02-12 08:06:00+00:00,2024-02-12 08:06:00+00:00,21.56525,72.85818,21.56525,72.85818,1,4.52,4.52,4.52,,,0.66,0.66,0,0,1,VIIRS_NOAA20_SP,N20,1,0,0.0,1,0.0,comparison_area,,
EVT-DAHEJ-01310,2024-02-12 08:57:00+00:00,2024-02-12 08:57:00+00:00,21.91574,72.85986,21.91574,72.85986,1,1.56,1.56,1.56,,,0.66,0.66,0,0,1,VIIRS_SNPP_SP,N,1,0,0.0,1,0.0,comparison_area,,
EVT-DAHEJ-01311,2024-02-14 07:29:00+00:00,2024-02-14 08:19:00+00:00,21.887275,72.67722499999999,21.8879,72.67568,2,17.41,10.7,17.41,9.489373003523468,3.363408521303258,0.66,0.495,0,0,2,VIIRS_NOAA20_SP;VIIRS_SNPP_SP,N;N20,2,0,0.8333333333333334,1,0.34780670757447085,dahej_fringe,,
EVT-DAHEJ-01312,2024-02-14 08:19:00+00:00,2024-02-14 08:19:00+00:00,22.03645,72.64053,22.03645,72.64053,1,6.45,6.45,6.45,,,0.66,0.66,0,0,1,VIIRS_SNPP_SP,N,1,0,0.0,1,0.0,comparison_area,,
EVT-DAHEJ-01313,2024-02-14 08:19:00+00:00,2024-02-14 08:19:00+00:00,21.51975,72.93362,21.51975,72.93362,1,3.6,3.6,3.6,,,0.66,0.66,0,0,1,VIIRS_SNPP_SP,N,1,0,0.0,1,0.0,comparison_area,,
EVT-DAHEJ-01314,2024-02-14 09:09:00+00:00,2024-02-14 09:09:00+00:00,22.01711,72.57224,22.01711,72.57224,1,2.6,2.6,2.6,,,0.66,0.66,0,0,1,VIIRS_NOAA20_SP,N20,1,0,0.0,1,0.0,comparison_area,,
EVT-DAHEJ-01315,2024-02-14 20:48:00+00:00,2024-02-14 20:48:00+00:00,21.83904,72.98441,21.83904,72.98441,1,0.73,0.73,0.73,,,0.66,0.66,0,0,1,VIIRS_SNPP_SP,N,0,1,0.0,1,0.0,comparison_area,,
EVT-DAHEJ-01316,2024-02-15 08:00:00+00:00,2024-02-15 08:50:00+00:00,21.685575,72.613145,21.68539,72.61368,2,5.09,3.5949999999999998,5.09,2.1142492757477767,1.4238095238095236,0.33,0.33,0,0,2,VIIRS_NOAA20_SP;VIIRS_SNPP_SP,N;N20,2,0,0.8333333333333334,1,0.11796512369946249,dahej_core,,
EVT-DAHEJ-01317,2024-02-15 08:00:00+00:00,2024-02-15 08:00:00+00:00,21.95225,72.59214,21.95225,72.59214,1,2.35,2.35,2.35,,,0.66,0.66,0,0,1,VIIRS_SNPP_SP,N,1,0,0.0,1,0.0,comparison_area,,
EVT-DAHEJ-01318,2024-02-15 08:50:00+00:00,2024-02-15 08:50:00+00:00,21.38851,72.84616,21.38746,72.84772,2,9.82,8.955,8.09,1.2232947314527276,-0.17617107942973528,0.66,0.66,0,0,1,VIIRS_NOAA20_SP,N20,2,0,0.0,1,0.39859576132279756,comparison_area,,
EVT-DAHEJ-01319,2024-02-16 08:31:00+00:00,2024-02-16 08:31:00+00:00,21.37047,72.79956,21.37047,72.79956,1,5.74,5.74,5.74,,,0.66,0.66,0,0,1,VIIRS_NOAA20_SP,N20,1,0,0.0,1,0.0,comparison_area,,
EVT-DAHEJ-01320,2024-02-16 20:10:00+00:00,2024-02-16 21:00:00+00:00,21.925620000000002,72.70531,21.92563,72.70592,2,1.05,0.745,1.05,0.431335136523794,1.3863636363636367,0.66,0.66,0,0,2,VIIRS_NOAA20_SP;VIIRS_SNPP_SP,N;N20,0,2,0.8333333333333334,1,0.12586541903836812,dahej_fringe,,
EVT-DAHEJ-01321,2024-02-16 20:10:00+00:00,2024-02-16 20:10:00+00:00,21.36516,72.95885,21.36516,72.95885,1,0.56,0.56,0.56,,,0.66,0.66,0,0,1,VIIRS_SNPP_SP,N,0,1,0.0,1,0.0,comparison_area,,
EVT-DAHEJ-01322,2024-02-17 08:12:00+00:00,2024-02-17 08:12:00+00:00,21.87903,72.71205,21.87903,72.71205,1,2.23,2.23,2.23,,,0.66,0.66,0,0,1,VIIRS_NOAA20_SP,N20,1,0,0.0,1,0.0,dahej_fringe,,
EVT-DAHEJ-01323,2024-02-17 08:12:00+00:00,2024-02-17 08:12:00+00:00,21.77926,72.64123,21.77926,72.64123,1,2.53,2.53,2.53,,,0.33,0.33,0,0,1,VIIRS_NOAA20_SP,N20,1,0,0.0,1,0.0,dahej_core,,
EVT-DAHEJ-01324,2024-02-17 08:13:00+00:00,2024-02-17 08:13:00+00:00,21.95013,72.58888,21.95013,72.58888,1,1.17,1.17,1.17,,,0.66,0.66,0,0,1,VIIRS_NOAA20_SP,N20,1,0,0.0,1,0.0,comparison_area,,
EVT-DAHEJ-01325,2024-02-17 08:13:00+00:00,2024-02-17 08:13:00+00:00,22.03695,72.64951,22.03695,72.64951,1,1.77,1.77,1.77,,,0.33,0.33,0,0,1,VIIRS_NOAA20_SP,N20,1,0,0.0,1,0.0,comparison_area,,
EVT-DAHEJ-01326,2024-02-17 09:03:00+00:00,2024-02-17 09:03:00+00:00,21.75282,72.66512,21.75282,72.66512,1,1.28,1.28,1.28,,,0.66,0.66,0,0,1,VIIRS_SNPP_SP,N,1,0,0.0,1,0.0,dahej_core,,
EVT-DAHEJ-01327,2024-02-17 20:41:00+00:00,2024-02-17 20:41:00+00:00,21.79256,72.87643,21.79256,72.87643,1,0.77,0.77,0.77,,,0.66,0.66,0,0,1,VIIRS_NOAA20_SP,N20,0,1,0.0,1,0.0,comparison_area,,
EVT-DAHEJ-01328,2024-02-17 20:41:00+00:00,2024-02-17 20:41:00+00:00,21.36257,72.78749,21.36257,72.78749,1,0.31,0.31,0.31,,,0.66,0.66,0,0,1,VIIRS_NOAA20_SP,N20,0,1,0.0,1,0.0,comparison_area,,
EVT-DAHEJ-01329,2024-02-17 20:41:00+00:00,2024-02-17 20:41:00+00:00,21.39536,72.7651,21.39536,72.7651,1,0.37,0.37,0.37,,,0.66,0.66,0,0,1,VIIRS_NOAA20_SP,N20,0,1,0.0,1,0.0,comparison_area,,
EVT-DAHEJ-01330,2024-02-18 07:54:00+00:00,2024-02-18 07:54:00+00:00,21.79803,72.9105,21.79803,72.9105,1,2.65,2.65,2.65,,,0.66,0.66,0,0,1,VIIRS_NOAA20_SP,N20,1,0,0.0,1,0.0,comparison_area,,
EVT-DAHEJ-01331,2024-02-18 07:54:00+00:00,2024-02-18 07:54:00+00:00,21.71692,72.73503,21.71692,72.73503,1,3.69,3.69,3.69,,,0.33,0.33,0,0,1,VIIRS_NOAA20_SP,N20,1,0,0.0,1,0.0,dahej_core,,
EVT-DAHEJ-01332,2024-02-18 08:44:00+00:00,2024-02-18 08:44:00+00:00,21.61916,72.83596,21.62129,72.83568,2,2.51,2.51,2.51,0.0,0.0,0.66,0.66,0,0,1,VIIRS_SNPP_SP,N,2,0,0.0,1,0.47721516898673505,dahej_fringe,,
EVT-DAHEJ-01333,2024-02-18 08:44:00+00:00,2024-02-18 08:44:00+00:00,21.50207,72.73138,21.50207,72.73138,1,3.21,3.21,3.21,,,0.33,0.33,0,0,1,VIIRS_SNPP_SP,N,1,0,0.0,1,0.0,dahej_fringe,,
EVT-DAHEJ-01334,2024-02-18 08:44:00+00:00,2024-02-18 08:44:00+00:00,21.55673,72.90369,21.55673,72.90369,1,3.66,3.66,3.66,,,0.66,0.66,0,0,1,VIIRS_SNPP_SP,N,1,0,0.0,1,0.0,comparison_area,,
EVT-DAHEJ-01335,2024-02-18 20:22:00+00:00,2024-02-19 20:54:00+00:00,21.432943333333338,72.97649,21.43274,72.9762,3,2.14,1.3066666666666666,0.61,0.7741016298480022,-0.4786324786324786,0.66,0.66,0,0,2,VIIRS_NOAA20_SP;VIIRS_SNPP_SP,N;N20,0,3,24.533333333333335,2,0.1467708094644567,comparison_area,,
EVT-DAHEJ-01336,2024-02-18 21:13:00+00:00,2024-02-18 21:13:00+00:00,22.04237,72.63874,22.04237,72.63874,1,1.09,1.09,1.09,,,0.66,0.66,0,0,1,VIIRS_SNPP_SP,N,0,1,0.0,1,0.0,comparison_area,,
EVT-DAHEJ-01337,2024-02-19 08:25:00+00:00,2024-02-19 08:25:00+00:00,21.70948,72.68141,21.70948,72.68141,1,6.1,6.1,6.1,,,0.33,0.33,0,0,1,VIIRS_SNPP_SP,N,1,0,0.0,1,0.0,dahej_core,,
EVT-DAHEJ-01338,2024-02-19 08:25:00+00:00,2024-02-19 08:25:00+00:00,21.39654,72.90486,21.39654,72.90486,1,21.51,21.51,21.51,,,0.66,0.66,0,1,1,VIIRS_SNPP_SP,N,1,0,0.0,1,0.0,comparison_area,,
EVT-DAHEJ-01339,2024-02-19 20:54:00+00:00,2024-02-19 20:54:00+00:00,21.36558,72.79089,21.36558,72.79089,1,0.4,0.4,0.4,,,0.66,0.66,0,0,1,VIIRS_SNPP_SP,N,0,1,0.0,1,0.0,comparison_area,,
EVT-DAHEJ-01340,2024-02-20 08:06:00+00:00,2024-02-20 08:56:00+00:00,21.700290000000003,72.58306,21.69967,72.58329,2,10.02,6.279999999999999,2.54,5.289158723275375,-0.7465069860279441,0.66,0.66,0,0,2,VIIRS_NOAA20_SP;VIIRS_SNPP_SP,N;N20,2,0,0.8333333333333334,1,0.14584246279159271,dahej_core,,
EVT-DAHEJ-01341,2024-02-20 08:06:00+00:00,2024-02-20 08:56:00+00:00,21.923225,72.713705,21.92497,72.71449,2,5.41,4.705,4.0,0.9970205614730321,-0.26062846580406657,0.66,0.66,0,0,2,VIIRS_NOAA20_SP;VIIRS_SNPP_SP,N;N20,2,0,0.8333333333333334,1,0.42050844394010883,dahej_fringe,,
EVT-DAHEJ-01342,2024-02-20 08:06:00+00:00,2024-02-20 08:56:00+00:00,22.047079999999998,72.68158000000001,22.04924,72.67697,3,6.67,4.176666666666667,2.93,2.1592900067692002,-0.56071964017991,0.66,0.5499999999999999,0,0,2,VIIRS_NOAA20_SP;VIIRS_SNPP_SP,N;N20,3,0,0.8333333333333334,1,0.9478889057513948,comparison_area,,
EVT-DAHEJ-01343,2024-02-20 08:56:00+00:00,2024-02-20 08:56:00+00:00,21.70529,72.67817,21.70529,72.67817,1,2.28,2.28,2.28,,,0.33,0.33,0,0,1,VIIRS_NOAA20_SP,N20,1,0,0.0,1,0.0,dahej_core,,
EVT-DAHEJ-01344,2024-02-20 08:56:00+00:00,2024-02-20 08:56:00+00:00,21.70317,72.76207,21.70317,72.76207,1,1.85,1.85,1.85,,,0.66,0.66,0,0,1,VIIRS_NOAA20_SP,N20,1,0,0.0,1,0.0,dahej_fringe,,
EVT-DAHEJ-01345,2024-02-20 08:56:00+00:00,2024-02-20 08:56:00+00:00,21.39652,72.67747,21.39652,72.67747,1,3.86,3.86,3.86,,,0.66,0.66,0,0,1,VIIRS_NOAA20_SP,N20,1,0,0.0,1,0.0,comparison_area,,
EVT-DAHEJ-01346,2024-02-21 07:47:00+00:00,2024-02-21 07:47:00+00:00,21.35639,72.93307,21.35639,72.93307,1,6.84,6.84,6.84,,,0.66,0.66,0,0,1,VIIRS_SNPP_SP,N,1,0,0.0,1,0.0,comparison_area,,
EVT-DAHEJ-01347,2024-02-21 07:48:00+00:00,2024-02-21 07:48:00+00:00,21.75064,72.61137,21.75064,72.61137,1,4.42,4.42,4.42,,,0.66,0.66,0,0,1,VIIRS_SNPP_SP,N,1,0,0.0,1,0.0,dahej_core,,
EVT-DAHEJ-01348,2024-02-22 08:19:00+00:00,2024-02-22 08:19:00+00:00,21.94677,72.59190000000001,21.94512,72.59219,2,4.79,3.76,2.73,1.456639969244288,-0.430062630480167,0.66,0.495,0,0,1,VIIRS_NOAA20_SP,N20,2,0,0.0,1,0.37178769470887596,dahej_fringe,,
EVT-DAHEJ-01349,2024-02-22 08:19:00+00:00,2024-02-22 09:09:00+00:00,21.83872,72.64080333333334,21.84009,72.63763,3,4.05,3.626666666666667,3.39,0.367468819538928,-0.01453488372093018,0.66,0.5499999999999999,0,0,2,VIIRS_NOAA20_SP;VIIRS_SNPP_SP,N;N20,3,0,0.8333333333333334,1,0.6107524809201812,dahej_core,,
EVT-DAHEJ-01350,2024-02-23 08:00:00+00:00,2024-02-23 08:00:00+00:00,21.69424,72.77679,21.69424,72.77679,1,12.68,12.68,12.68,,,0.66,0.66,0,0,1,VIIRS_NOAA20_SP,N20,1,0,0.0,1,0.0,dahej_fringe,,
EVT-DAHEJ-01351,2024-02-23 08:00:00+00:00,2024-02-23 08:50:00+00:00,21.698235,72.64175,21.69765,72.64152,2,2.91,2.5700000000000003,2.91,0.48083261120685244,0.304932735426009,0.66,0.66,0,0,2,VIIRS_NOAA20_SP;VIIRS_SNPP_SP,N;N20,2,0,0.8333333333333334,1,0.13850712356413145,dahej_core,,
EVT-DAHEJ-01352,2024-02-23 08:50:00+00:00,2024-02-23 08:50:00+00:00,21.50816,72.90036,21.50816,72.90036,1,1.81,1.81,1.81,,,0.66,0.66,0,0,1,VIIRS_SNPP_SP,N,1,0,0.0,1,0.0,comparison_area,,
EVT-DAHEJ-01353,2024-02-23 20:29:00+00:00,2024-02-23 20:29:00+00:00,21.3777,72.95985,21.3777,72.95985,1,0.52,0.52,0.52,,,0.66,0.66,0,0,1,VIIRS_NOAA20_SP,N20,0,1,0.0,1,0.0,comparison_area,,
EVT-DAHEJ-01354,2024-02-23 21:19:00+00:00,2024-02-23 21:19:00+00:00,21.924709999999997,72.756185,21.92561,72.75714,2,1.64,1.125,1.64,0.7283199846221439,1.688524590163934,0.66,0.66,0,0,1,VIIRS_SNPP_SP,N,0,2,0.0,1,0.28085260785439187,dahej_fringe,,
EVT-DAHEJ-01355,2024-02-24 07:41:00+00:00,2024-02-24 07:41:00+00:00,21.75386,72.78494,21.75386,72.78494,1,2.8,2.8,2.8,,,0.66,0.66,0,0,1,VIIRS_NOAA20_SP,N20,1,0,0.0,1,0.0,dahej_fringe,,
EVT-DAHEJ-01356,2024-02-24 08:31:00+00:00,2024-02-24 08:31:00+00:00,21.704,72.95592,21.704,72.95592,1,5.89,5.89,5.89,,,0.33,0.33,0,0,1,VIIRS_SNPP_SP,N,1,0,0.0,1,0.0,comparison_area,,
EVT-DAHEJ-01357,2024-02-24 08:31:00+00:00,2024-02-24 08:31:00+00:00,21.99865,72.58072,21.99865,72.58072,1,2.99,2.99,2.99,,,0.66,0.66,0,0,1,VIIRS_SNPP_SP,N,1,0,0.0,1,0.0,comparison_area,,
EVT-DAHEJ-01358,2024-02-24 08:31:00+00:00,2024-02-24 08:31:00+00:00,21.47311,72.99178,21.47311,72.99178,1,3.27,3.27,3.27,,,0.66,0.66,0,0,1,VIIRS_SNPP_SP,N,1,0,0.0,1,0.0,comparison_area,,
EVT-DAHEJ-01359,2024-02-24 08:31:00+00:00,2024-02-24 08:31:00+00:00,21.5072,72.76842,21.5072,72.76842,1,3.21,3.21,3.21,,,0.66,0.66,0,0,1,VIIRS_SNPP_SP,N,1,0,0.0,1,0.0,dahej_fringe,,
EVT-DAHEJ-01360,2024-02-24 20:10:00+00:00,2024-02-24 20:10:00+00:00,21.352780000000003,72.95843500000001,21.35066,72.9586,2,0.81,0.7050000000000001,0.81,0.14849242404917504,0.35000000000000014,0.66,0.66,0,0,1,VIIRS_NOAA20_SP,N20,0,2,0.0,1,0.47270416911690716,comparison_area,,
EVT-DAHEJ-01361,2024-02-24 21:00:00+00:00,2024-02-24 21:00:00+00:00,21.47343,72.79807,21.47343,72.79807,1,0.65,0.65,0.65,,,0.66,0.66,0,0,1,VIIRS_SNPP_SP,N,0,1,0.0,1,0.0,comparison_area,,
EVT-DAHEJ-01362,2024-02-25 07:22:00+00:00,2024-02-25 08:13:00+00:00,21.80698666666667,72.91127,21.80773,72.91133,3,7.16,6.223333333333333,4.95,1.1428181540968507,-0.24542682926829262,0.66,0.55,0,0,2,VIIRS_NOAA20_SP;VIIRS_SNPP_SP,N;N20,3,0,0.85,1,0.26112535375753926,comparison_area,,
EVT-DAHEJ-01363,2024-02-25 07:22:00+00:00,2024-02-25 08:13:00+00:00,21.978794999999998,72.55191500000001,21.97928,72.5534,2,12.9,8.33,3.76,6.462955980045044,-0.7085271317829458,0.66,0.66,0,0,2,VIIRS_NOAA20_SP;VIIRS_SNPP_SP,N;N20,2,0,0.85,1,0.3246863807956925,comparison_area,,
EVT-DAHEJ-01364,2024-02-25 08:12:00+00:00,2024-02-25 09:03:00+00:00,21.403729999999996,72.66815666666668,21.40559,72.66848,3,9.72,8.283333333333333,9.72,2.393748803306925,0.011446409989594298,1.0,0.7733333333333334,1,0,2,VIIRS_NOAA20_SP;VIIRS_SNPP_SP,N;N20,3,0,0.85,1,0.6264056912337211,comparison_area,,
EVT-DAHEJ-01365,2024-02-25 08:12:00+00:00,2024-02-25 08:12:00+00:00,21.37537,72.69857,21.37537,72.69857,1,6.17,6.17,6.17,,,0.66,0.66,0,0,1,VIIRS_SNPP_SP,N,1,0,0.0,1,0.0,comparison_area,,
EVT-DAHEJ-01366,2024-02-25 08:13:00+00:00,2024-02-25 08:13:00+00:00,22.02463,72.85733,22.02463,72.85733,1,4.34,4.34,4.34,,,0.66,0.66,0,0,1,VIIRS_SNPP_SP,N,1,0,0.0,1,0.0,comparison_area,,
EVT-DAHEJ-01367,2024-02-25 08:13:00+00:00,2024-02-25 08:13:00+00:00,21.87828,72.71131,21.87828,72.71131,1,2.14,2.14,2.14,,,0.66,0.66,0,0,1,VIIRS_SNPP_SP,N,1,0,0.0,1,0.0,dahej_fringe,,
EVT-DAHEJ-01368,2024-02-25 09:03:00+00:00,2024-02-25 09:03:00+00:00,22.03232,72.771,22.03232,72.771,1,15.3,15.3,15.3,,,1.0,1.0,1,0,1,VIIRS_NOAA20_SP,N20,1,0,0.0,1,0.0,comparison_area,,
EVT-DAHEJ-01369,2024-02-25 20:41:00+00:00,2024-02-25 20:41:00+00:00,21.39273,72.79396,21.39273,72.79396,1,0.88,0.88,0.88,,,0.66,0.66,0,0,1,VIIRS_SNPP_SP,N,0,1,0.0,1,0.0,comparison_area,,
EVT-DAHEJ-01370,2024-02-25 20:41:00+00:00,2024-02-25 20:41:00+00:00,21.62796,72.92253,21.62796,72.92253,1,0.88,0.88,0.88,,,0.66,0.66,0,0,1,VIIRS_SNPP_SP,N,0,1,0.0,1,0.0,comparison_area,,
EVT-DAHEJ-01371,2024-02-25 20:41:00+00:00,2024-02-25 20:41:00+00:00,21.4327,72.97657,21.4327,72.97657,1,1.36,1.36,1.36,,,0.66,0.66,0,0,1,VIIRS_SNPP_SP,N,0,1,0.0,1,0.0,comparison_area,,
EVT-DAHEJ-01372,2024-02-25 20:41:00+00:00,2024-02-25 20:41:00+00:00,21.35956,72.76073,21.35956,72.76073,1,0.51,0.51,0.51,,,0.66,0.66,0,0,1,VIIRS_SNPP_SP,N,0,1,0.0,1,0.0,comparison_area,,
EVT-DAHEJ-01373,2024-02-26 07:54:00+00:00,2024-02-26 07:54:00+00:00,21.621985,72.947525,21.6224,72.94969,2,13.05,13.05,13.05,0.0,0.0,0.66,0.66,0,0,1,VIIRS_SNPP_SP,N,2,0,0.0,1,0.45701182304692906,comparison_area,,
EVT-DAHEJ-01374,2024-02-26 08:44:00+00:00,2024-02-26 08:44:00+00:00,21.8165,72.91705,21.8165,72.91705,1,11.36,11.36,11.36,,,0.66,0.66,0,0,1,VIIRS_NOAA20_SP,N20,1,0,0.0,1,0.0,comparison_area,,
EVT-DAHEJ-01375,2024-02-26 21:13:00+00:00,2024-02-26 21:13:00+00:00,21.90824,72.68187,21.90824,72.68187,1,1.18,1.18,1.18,,,0.66,0.66,0,0,1,VIIRS_NOAA20_SP,N20,0,1,0.0,1,0.0,dahej_fringe,,
EVT-DAHEJ-01376,2024-02-27 08:25:00+00:00,2024-02-27 08:25:00+00:00,21.82623,72.72767,21.82623,72.72767,1,5.84,5.84,5.84,,,0.66,0.66,0,0,1,VIIRS_NOAA20_SP,N20,1,0,0.0,1,0.0,dahej_core,,
EVT-DAHEJ-01377,2024-02-27 08:25:00+00:00,2024-02-27 08:25:00+00:00,21.56931,72.89478,21.56931,72.89478,1,2.58,2.58,2.58,,,0.33,0.33,0,0,1,VIIRS_NOAA20_SP,N20,1,0,0.0,1,0.0,comparison_area,,
EVT-DAHEJ-01378,2024-02-27 08:25:00+00:00,2024-02-27 08:25:00+00:00,21.84698,72.65816,21.84698,72.65816,1,9.86,9.86,9.86,,,0.33,0.33,0,0,1,VIIRS_NOAA20_SP,N20,1,0,0.0,1,0.0,dahej_core,,
EVT-DAHEJ-01379,2024-02-27 08:25:00+00:00,2024-02-27 20:54:00+00:00,21.783515,72.67259999999999,21.78541,72.67589,2,1.26,0.995,0.73,0.3747665940288702,-0.42063492063492064,0.66,0.495,0,0,1,VIIRS_NOAA20_SP,N20,1,1,12.483333333333333,1,0.7995065868544601,dahej_core,,
EVT-DAHEJ-01380,2024-02-27 08:25:00+00:00,2024-02-27 08:25:00+00:00,21.46633,72.86111,21.46633,72.86111,1,1.28,1.28,1.28,,,0.33,0.33,0,0,1,VIIRS_NOAA20_SP,N20,1,0,0.0,1,0.0,comparison_area,,
EVT-DAHEJ-01381,2024-02-28 08:06:00+00:00,2024-02-28 08:06:00+00:00,21.35075,72.82864,21.35075,72.82864,1,5.29,5.29,5.29,,,0.66,0.66,0,0,1,VIIRS_NOAA20_SP,N20,1,0,0.0,1,0.0,comparison_area,,
EVT-DAHEJ-01382,2024-02-28 08:06:00+00:00,2024-02-28 08:06:00+00:00,21.95608,72.82252,21.95608,72.82252,1,13.46,13.46,13.46,,,0.66,0.66,0,0,1,VIIRS_NOAA20_SP,N20,1,0,0.0,1,0.0,comparison_area,,
EVT-DAHEJ-01383,2024-02-28 08:06:00+00:00,2024-02-28 08:06:00+00:00,21.82305,72.6634,21.82305,72.6634,1,1.92,1.92,1.92,,,0.33,0.33,0,0,1,VIIRS_NOAA20_SP,N20,1,0,0.0,1,0.0,dahej_core,,
EVT-DAHEJ-01384,2024-02-28 08:56:00+00:00,2024-02-28 08:56:00+00:00,21.436403333333335,72.71239333333334,21.43675,72.71082,3,7.64,5.453333333333333,4.36,1.8937088829419721,0.0,1.0,0.7733333333333334,1,0,1,VIIRS_SNPP_SP,N,3,0,0.0,1,0.34123427906590975,comparison_area,,
EVT-DAHEJ-01385,2024-02-28 08:56:00+00:00,2024-02-28 08:56:00+00:00,21.47166,72.80087,21.47166,72.80087,1,2.76,2.76,2.76,,,0.66,0.66,0,0,1,VIIRS_SNPP_SP,N,1,0,0.0,1,0.0,comparison_area,,
EVT-DAHEJ-01386,2024-02-28 08:56:00+00:00,2024-02-28 08:56:00+00:00,21.49247,72.74479,21.49247,72.74479,1,2.24,2.24,2.24,,,0.66,0.66,0,0,1,VIIRS_SNPP_SP,N,1,0,0.0,1,0.0,comparison_area,,
EVT-DAHEJ-01387,2024-02-28 08:57:00+00:00,2024-02-28 08:57:00+00:00,21.75652,72.89878,21.75652,72.89878,1,2.78,2.78,2.78,,,0.33,0.33,0,0,1,VIIRS_SNPP_SP,N,1,0,0.0,1,0.0,comparison_area,,
EVT-DAHEJ-01388,2024-02-28 21:25:00+00:00,2024-02-28 21:25:00+00:00,21.47191,72.81187,21.47168,72.81159,2,0.52,0.42000000000000004,0.52,0.14142135623730953,0.625,0.66,0.66,0,0,1,VIIRS_SNPP_SP,N,0,2,0.0,1,0.07729306401113192,comparison_area,,
EVT-DAHEJ-01389,2024-02-28 21:25:00+00:00,2024-02-28 21:25:00+00:00,21.5857,72.86499,21.58562,72.86523,2,0.3,0.28500000000000003,0.3,0.021213203435596406,0.111111111111111,0.66,0.66,0,0,1,VIIRS_SNPP_SP,N,0,2,0.0,1,0.05272294993797934,comparison_area,,
EVT-DAHEJ-01390,2024-02-28 21:25:00+00:00,2024-02-28 21:25:00+00:00,21.86911,72.9407,21.86911,72.9407,1,0.66,0.66,0.66,,,0.66,0.66,0,0,1,VIIRS_SNPP_SP,N,0,1,0.0,1,0.0,comparison_area,,
EVT-DAHEJ-01391,2024-02-29 07:47:00+00:00,2024-02-29 08:38:00+00:00,21.751829999999998,72.63139333333334,21.75071,72.62868,3,13.98,12.583333333333334,13.98,1.2285085808952798,0.15537190082644636,0.66,0.66,0,0,2,VIIRS_NOAA20_SP;VIIRS_SNPP_SP,N;N20,3,0,0.85,1,0.5948247314913208,dahej_core,,
EVT-DAHEJ-01392,2024-02-29 07:47:00+00:00,2024-02-29 07:47:00+00:00,21.55911,72.8075,21.55911,72.8075,1,5.3,5.3,5.3,,,0.66,0.66,0,0,1,VIIRS_NOAA20_SP,N20,1,0,0.0,1,0.0,dahej_fringe,,
EVT-DAHEJ-01393,2024-02-29 07:47:00+00:00,2024-02-29 08:38:00+00:00,21.757808,72.62858200000001,21.76026,72.62641,5,47.29,26.353999999999996,47.29,19.122741173796186,2.523845007451565,0.66,0.528,0,2,2,VIIRS_NOAA20_SP;VIIRS_SNPP_SP,N;N20,5,0,0.85,1,0.8065413611686586,dahej_core,,
EVT-DAHEJ-01394,2024-02-29 07:47:00+00:00,2024-03-01 07:29:00+00:00,21.95991,72.59355500000001,21.96212,72.59312,2,6.2,5.345000000000001,4.49,1.2091525958289964,-0.27580645161290324,0.66,0.495,0,0,1,VIIRS_NOAA20_SP,N20,2,0,23.7,2,0.49960447950236825,comparison_area,,
EVT-DAHEJ-01395,2024-02-29 08:38:00+00:00,2024-02-29 08:38:00+00:00,21.42413,72.81168,21.42413,72.81168,1,22.98,22.98,22.98,,,0.66,0.66,0,1,1,VIIRS_SNPP_SP,N,1,0,0.0,1,0.0,comparison_area,,
EVT-DAHEJ-01396,2024-02-29 08:38:00+00:00,2024-02-29 08:38:00+00:00,22.051435,72.74014,22.05111,72.73758,2,4.86,3.8600000000000003,4.86,1.4142135623730954,0.6993006993006995,0.66,0.495,0,0,1,VIIRS_SNPP_SP,N,2,0,0.0,1,0.5325985279370333,comparison_area,,
EVT-DAHEJ-01397,2024-02-29 08:38:00+00:00,2024-02-29 08:38:00+00:00,21.75776,72.63464666666667,21.75734,72.63566,3,13.58,13.24,13.07,0.294448637286709,0.0,0.66,0.44,0,0,1,VIIRS_SNPP_SP,N,3,0,0.0,1,0.42730791032329934,dahej_core,,
EVT-DAHEJ-01398,2024-03-01 07:29:00+00:00,2024-03-01 08:19:00+00:00,21.93561,72.57697333333333,21.9335,72.57679,3,7.07,6.1433333333333335,4.93,1.0984231121627648,-0.2332814930015552,0.66,0.55,0,0,2,VIIRS_NOAA20_SP;VIIRS_SNPP_SP,N;N20,3,0,0.8333333333333334,1,0.5532928075766411,dahej_fringe,,
EVT-DAHEJ-01399,2024-03-01 08:19:00+00:00,2024-03-01 08:19:00+00:00,21.59309,72.97466,21.59309,72.97466,1,1.17,1.17,1.17,,,0.66,0.66,0,0,1,VIIRS_SNPP_SP,N,1,0,0.0,1,0.0,comparison_area,,
EVT-DAHEJ-01400,2024-03-01 08:19:00+00:00,2024-03-01 08:19:00+00:00,21.52003,72.71799,21.52003,72.71799,1,2.7,2.7,2.7,,,0.33,0.33,0,0,1,VIIRS_SNPP_SP,N,1,0,0.0,1,0.0,dahej_fringe,,
EVT-DAHEJ-01401,2024-03-01 08:19:00+00:00,2024-03-01 08:19:00+00:00,21.79164,72.76828,21.79164,72.76828,1,1.18,1.18,1.18,,,0.33,0.33,0,0,1,VIIRS_SNPP_SP,N,1,0,0.0,1,0.0,dahej_fringe,,
EVT-DAHEJ-01402,2024-03-01 08:19:00+00:00,2024-03-01 08:19:00+00:00,21.93591,72.56366,21.93591,72.56366,1,4.95,4.95,4.95,,,0.33,0.33,0,0,1,VIIRS_SNPP_SP,N,1,0,0.0,1,0.0,dahej_fringe,,
EVT-DAHEJ-01403,2024-03-01 20:48:00+00:00,2024-03-01 20:48:00+00:00,21.43365,72.97523,21.43365,72.97523,1,0.32,0.32,0.32,,,0.66,0.66,0,0,1,VIIRS_SNPP_SP,N,0,1,0.0,1,0.0,comparison_area,,
EVT-DAHEJ-01404,2024-03-01 21:38:00+00:00,2024-03-01 21:38:00+00:00,21.40724,72.9665,21.40724,72.9665,1,0.81,0.81,0.81,,,0.66,0.66,0,0,1,VIIRS_NOAA20_SP,N20,0,1,0.0,1,0.0,comparison_area,,
EVT-DAHEJ-01405,2024-03-02 08:00:00+00:00,2024-03-02 08:00:00+00:00,21.37056,72.91841,21.37056,72.91841,1,8.09,8.09,8.09,,,0.66,0.66,0,0,1,VIIRS_SNPP_SP,N,1,0,0.0,1,0.0,comparison_area,,
EVT-DAHEJ-01406,2024-03-02 08:50:00+00:00,2024-03-02 08:50:00+00:00,21.941925,72.77894,21.9432,72.78005,2,4.25,3.525,2.8,1.025304832720494,-0.34117647058823536,0.66,0.66,0,0,1,VIIRS_NOAA20_SP,N20,2,0,0.0,1,0.36445472255024475,dahej_fringe,,
EVT-DAHEJ-01407,2024-03-03 07:41:00+00:00,2024-03-03 07:41:00+00:00,21.93136,72.85798,21.93136,72.85798,1,3.89,3.89,3.89,,,0.66,0.66,0,0,1,VIIRS_SNPP_SP,N,1,0,0.0,1,0.0,comparison_area,,
EVT-DAHEJ-01408,2024-03-03 08:31:00+00:00,2024-03-03 08:31:00+00:00,21.7347,72.92819,21.7347,72.92819,1,2.04,2.04,2.04,,,0.66,0.66,0,0,1,VIIRS_NOAA20_SP,N20,1,0,0.0,1,0.0,comparison_area,,
EVT-DAHEJ-01409,2024-03-03 08:31:00+00:00,2024-03-03 08:31:00+00:00,21.96538,72.81977,21.96538,72.81977,1,2.01,2.01,2.01,,,0.33,0.33,0,0,1,VIIRS_NOAA20_SP,N20,1,0,0.0,1,0.0,comparison_area,,
EVT-DAHEJ-01410,2024-03-03 08:31:00+00:00,2024-03-03 08:31:00+00:00,21.96075,72.78546,21.96075,72.78546,1,4.01,4.01,4.01,,,0.66,0.66,0,0,1,VIIRS_NOAA20_SP,N20,1,0,0.0,1,0.0,comparison_area,,
EVT-DAHEJ-01411,2024-03-03 20:10:00+00:00,2024-03-03 21:00:00+00:00,21.433614,72.97498399999999,21.43072,72.97355,5,1.13,0.634,1.13,0.28014282071829,1.0545454545454542,0.66,0.66,0,0,2,VIIRS_NOAA20_SP;VIIRS_SNPP_SP,N;N20,0,5,0.8333333333333334,1,0.6266256230046067,comparison_area,,
EVT-DAHEJ-01412,2024-03-03 21:00:00+00:00,2024-03-03 21:00:00+00:00,21.379,72.93449,21.379,72.93449,1,0.62,0.62,0.62,,,0.66,0.66,0,0,1,VIIRS_NOAA20_SP,N20,0,1,0.0,1,0.0,comparison_area,,
EVT-DAHEJ-01413,2024-03-04 08:12:00+00:00,2024-03-04 08:12:00+00:00,21.66361,72.98992,21.66361,72.98992,1,4.31,4.31,4.31,,,0.66,0.66,0,0,1,VIIRS_NOAA20_SP,N20,1,0,0.0,1,0.0,comparison_area,,
EVT-DAHEJ-01414,2024-03-04 09:03:00+00:00,2024-03-04 09:03:00+00:00,21.438760000000002,72.83307,21.43832,72.83289,2,7.53,6.58,7.53,1.3435028842544405,0.3374777975133216,1.0,0.8300000000000001,1,0,1,VIIRS_SNPP_SP,N,2,0,0.0,1,0.10470574677130359,comparison_area,,
EVT-DAHEJ-01415,2024-03-04 09:03:00+00:00,2024-03-04 09:03:00+00:00,21.62325,72.99809,21.62325,72.99809,1,2.44,2.44,2.44,,,0.66,0.66,0,0,1,VIIRS_SNPP_SP,N,1,0,0.0,1,0.0,comparison_area,,
EVT-DAHEJ-01416,2024-03-04 20:41:00+00:00,2024-03-04 20:41:00+00:00,21.41787,72.90087,21.41787,72.90087,1,1.01,1.01,1.01,,,0.66,0.66,0,0,1,VIIRS_NOAA20_SP,N20,0,1,0.0,1,0.0,comparison_area,,
EVT-DAHEJ-01417,2024-03-05 07:54:00+00:00,2024-03-05 07:54:00+00:00,21.69666,72.58144,21.69666,72.58144,1,3.76,3.76,3.76,,,0.66,0.66,0,0,1,VIIRS_NOAA20_SP,N20,1,0,0.0,1,0.0,dahej_core,,
EVT-DAHEJ-01418,2024-03-05 07:54:00+00:00,2024-03-05 07:54:00+00:00,21.54128,72.81031,21.54128,72.81031,1,3.92,3.92,3.92,,,0.66,0.66,0,0,1,VIIRS_NOAA20_SP,N20,1,0,0.0,1,0.0,dahej_fringe,,
EVT-DAHEJ-01419,2024-03-05 07:54:00+00:00,2024-03-05 21:13:00+00:00,21.69419857142857,72.60538142857142,21.69159,72.60151,7,54.01,18.54857142857143,4.47,20.604382566638122,-0.7543956043956045,0.66,0.66,0,2,2,VIIRS_NOAA20_SP;VIIRS_SNPP_SP,N;N20,3,4,13.316666666666666,1,0.8037357003491941,dahej_core,,
EVT-DAHEJ-01420,2024-03-05 07:54:00+00:00,2024-03-05 08:44:00+00:00,21.436823333333333,72.70312666666668,21.43823,72.70522,3,7.72,6.9433333333333325,7.72,0.6841296173484476,0.2006220839813375,0.66,0.5499999999999999,0,0,2,VIIRS_NOAA20_SP;VIIRS_SNPP_SP,N;N20,3,0,0.8333333333333334,1,0.47694002793034124,comparison_area,,
EVT-DAHEJ-01421,2024-03-05 07:54:00+00:00,2024-03-05 07:54:00+00:00,21.422255,72.880165,21.42321,72.88056,2,4.09,3.69,3.29,0.5656854249492379,-0.19559902200488993,0.66,0.66,0,0,1,VIIRS_NOAA20_SP,N20,2,0,0.0,1,0.2275820128505611,comparison_area,,
EVT-DAHEJ-01422,2024-03-05 07:54:00+00:00,2024-03-05 07:54:00+00:00,21.60032,72.95261,21.60032,72.95261,1,5.81,5.81,5.81,,,0.66,0.66,0,0,1,VIIRS_NOAA20_SP,N20,1,0,0.0,1,0.0,comparison_area,,
EVT-DAHEJ-01423,2024-03-05 08:44:00+00:00,2024-03-05 08:44:00+00:00,22.04091,72.65266,22.04091,72.65266,1,3.54,3.54,3.54,,,0.33,0.33,0,0,1,VIIRS_SNPP_SP,N,1,0,0.0,1,0.0,comparison_area,,
EVT-DAHEJ-01424,2024-03-05 08:44:00+00:00,2024-03-05 08:44:00+00:00,21.42832,72.97549,21.42832,72.97549,1,2.3,2.3,2.3,,,0.33,0.33,0,0,1,VIIRS_SNPP_SP,N,1,0,0.0,1,0.0,comparison_area,,
EVT-DAHEJ-01425,2024-03-05 08:44:00+00:00,2024-03-05 08:44:00+00:00,21.40905,72.66541,21.40905,72.66541,1,3.83,3.83,3.83,,,0.66,0.66,0,0,1,VIIRS_SNPP_SP,N,1,0,0.0,1,0.0,comparison_area,,
EVT-DAHEJ-01426,2024-03-05 08:44:00+00:00,2024-03-05 08:44:00+00:00,21.97974,72.89511,21.97974,72.89511,1,7.95,7.95,7.95,,,0.66,0.66,0,0,1,VIIRS_SNPP_SP,N,1,0,0.0,1,0.0,comparison_area,,
EVT-DAHEJ-01427,2024-03-05 21:13:00+00:00,2024-03-05 21:13:00+00:00,21.96962,72.57018,21.96962,72.57018,1,0.6,0.6,0.6,,,0.66,0.66,0,0,1,VIIRS_SNPP_SP,N,0,1,0.0,1,0.0,comparison_area,,
EVT-DAHEJ-01428,2024-03-06 07:35:00+00:00,2024-03-06 07:35:00+00:00,21.51915,72.83075,21.51915,72.83075,1,4.1,4.1,4.1,,,0.66,0.66,0,0,1,VIIRS_NOAA20_SP,N20,1,0,0.0,1,0.0,dahej_fringe,,
EVT-DAHEJ-01429,2024-03-06 07:35:00+00:00,2024-03-06 08:25:00+00:00,21.36932,72.65333666666668,21.36861,72.65215,3,6.13,4.8,3.24,1.4586637720873168,-0.47145187601957583,0.66,0.66,0,0,2,VIIRS_NOAA20_SP;VIIRS_SNPP_SP,N;N20,3,0,0.8333333333333334,1,0.38323310309333736,comparison_area,,
EVT-DAHEJ-01430,2024-03-06 07:35:00+00:00,2024-03-06 07:35:00+00:00,22.07933,72.57243,22.07933,72.57243,1,3.8,3.8,3.8,,,0.33,0.33,0,0,1,VIIRS_NOAA20_SP,N20,1,0,0.0,1,0.0,comparison_area,,
EVT-DAHEJ-01431,2024-03-06 08:25:00+00:00,2024-03-06 08:25:00+00:00,21.745945,72.633245,21.74427,72.63352,2,3.62,2.365,1.11,1.7748380207782344,-0.6933701657458563,0.66,0.495,0,0,1,VIIRS_SNPP_SP,N,2,0,0.0,1,0.37680988433230556,dahej_core,,
EVT-DAHEJ-01432,2024-03-06 08:25:00+00:00,2024-03-06 08:25:00+00:00,21.71994,72.99732,21.71994,72.99732,1,2.1,2.1,2.1,,,0.66,0.66,0,0,1,VIIRS_SNPP_SP,N,1,0,0.0,1,0.0,comparison_area,,
EVT-DAHEJ-01433,2024-03-06 08:25:00+00:00,2024-03-06 08:25:00+00:00,21.679135000000002,72.59178,21.67968,72.58994,2,1.58,1.185,1.58,0.5586143571373726,1.0,0.33,0.33,0,0,1,VIIRS_SNPP_SP,N,2,0,0.0,1,0.3991031313492795,dahej_core,,
EVT-DAHEJ-01434,2024-03-06 08:25:00+00:00,2024-03-06 08:25:00+00:00,21.51264,72.81158,21.51264,72.81158,1,3.14,3.14,3.14,,,0.33,0.33,0,0,1,VIIRS_SNPP_SP,N,1,0,0.0,1,0.0,dahej_fringe,,
EVT-DAHEJ-01435,2024-03-06 08:25:00+00:00,2024-03-06 08:25:00+00:00,21.96868,72.83485,21.96868,72.83485,1,1.41,1.41,1.41,,,0.33,0.33,0,0,1,VIIRS_SNPP_SP,N,1,0,0.0,1,0.0,comparison_area,,
EVT-DAHEJ-01436,2024-03-06 08:25:00+00:00,2024-03-06 08:25:00+00:00,21.38572,72.77431,21.38572,72.77431,1,7.15,7.15,7.15,,,0.33,0.33,0,0,1,VIIRS_SNPP_SP,N,1,0,0.0,1,0.0,comparison_area,,
EVT-DAHEJ-01437,2024-03-06 08:25:00+00:00,2024-03-06 08:25:00+00:00,22.00809,72.77333,22.00809,72.77333,1,2.22,2.22,2.22,,,0.66,0.66,0,0,1,VIIRS_SNPP_SP,N,1,0,0.0,1,0.0,comparison_area,,
EVT-DAHEJ-01438,2024-03-06 08:25:00+00:00,2024-03-06 09:15:00+00:00,21.5425,72.816715,21.54397,72.81422,2,4.8,3.86,4.8,1.3293607486307093,0.6438356164383562,0.66,0.495,0,0,2,VIIRS_NOAA20_SP;VIIRS_SNPP_SP,N;N20,2,0,0.8333333333333334,1,0.6109300333222069,dahej_fringe,,
EVT-DAHEJ-01439,2024-03-07 08:06:00+00:00,2024-03-07 08:56:00+00:00,21.979779999999998,72.74147500000001,21.98028,72.74128,2,13.36,10.17,6.98,4.511341263970173,-0.4775449101796407,0.66,0.66,0,0,2,VIIRS_NOAA20_SP;VIIRS_SNPP_SP,N;N20,2,0,0.8333333333333334,1,0.11824346309565387,comparison_area,,
EVT-DAHEJ-01440,2024-03-07 08:06:00+00:00,2024-03-07 08:56:00+00:00,21.6202,72.855535,21.62102,72.85298,2,3.93,3.4850000000000003,3.04,0.6293250352560273,-0.22646310432569977,0.66,0.495,0,0,2,VIIRS_NOAA20_SP;VIIRS_SNPP_SP,N;N20,2,0,0.8333333333333334,1,0.5588235571187016,comparison_area,,
EVT-DAHEJ-01441,2024-03-07 08:06:00+00:00,2024-03-07 08:06:00+00:00,22.01861,72.87619,22.01861,72.87619,1,3.89,3.89,3.89,,,0.66,0.66,0,0,1,VIIRS_SNPP_SP,N,1,0,0.0,1,0.0,comparison_area,,
EVT-DAHEJ-01442,2024-03-07 08:06:00+00:00,2024-03-07 08:06:00+00:00,21.74075,72.6792,21.74075,72.6792,1,2.25,2.25,2.25,,,0.33,0.33,0,0,1,VIIRS_SNPP_SP,N,1,0,0.0,1,0.0,dahej_core,,
EVT-DAHEJ-01443,2024-03-07 08:56:00+00:00,2024-03-07 08:56:00+00:00,21.36066,72.78288,21.36066,72.78288,1,1.72,1.72,1.72,,,0.33,0.33,0,0,1,VIIRS_NOAA20_SP,N20,1,0,0.0,1,0.0,comparison_area,,
EVT-DAHEJ-01444,2024-03-07 08:56:00+00:00,2024-03-07 08:56:00+00:00,21.39029,72.79735,21.39045,72.799,2,3.15,3.15,3.15,0.0,0.0,0.66,0.66,0,0,1,VIIRS_NOAA20_SP,N20,2,0,0.0,1,0.3435156512079483,comparison_area,,
EVT-DAHEJ-01445,2024-03-07 08:56:00+00:00,2024-03-07 08:56:00+00:00,21.71651,72.81899,21.71651,72.81899,1,2.83,2.83,2.83,,,0.66,0.66,0,0,1,VIIRS_NOAA20_SP,N20,1,0,0.0,1,0.0,dahej_fringe,,
EVT-DAHEJ-01446,2024-03-07 21:25:00+00:00,2024-03-07 21:25:00+00:00,21.75475,72.79152,21.75475,72.79152,1,0.42,0.42,0.42,,,0.66,0.66,0,0,1,VIIRS_NOAA20_SP,N20,0,1,0.0,1,0.0,dahej_fringe,,
EVT-DAHEJ-01447,2024-03-08 07:47:00+00:00,2024-03-08 07:47:00+00:00,21.76025,72.80382,21.76025,72.80382,1,1.96,1.96,1.96,,,0.33,0.33,0,0,1,VIIRS_SNPP_SP,N,1,0,0.0,1,0.0,dahej_fringe,,
EVT-DAHEJ-01448,2024-03-08 08:37:00+00:00,2024-03-08 08:37:00+00:00,21.69875,72.776315,21.69844,72.7738,2,7.13,5.96,7.13,1.654629867976521,0.48851774530271397,0.66,0.495,0,0,1,VIIRS_NOAA20_SP,N20,2,0,0.0,1,0.5242317476398708,dahej_fringe,,
EVT-DAHEJ-01449,2024-03-08 08:37:00+00:00,2024-03-08 08:37:00+00:00,21.72267,72.71915,21.72267,72.71915,1,4.65,4.65,4.65,,,0.33,0.33,0,0,1,VIIRS_NOAA20_SP,N20,1,0,0.0,1,0.0,dahej_core,,
EVT-DAHEJ-01450,2024-03-08 08:37:00+00:00,2024-03-08 08:37:00+00:00,21.61392,72.83491,21.61392,72.83491,1,11.34,11.34,11.34,,,0.66,0.66,0,0,1,VIIRS_NOAA20_SP,N20,1,0,0.0,1,0.0,dahej_fringe,,
EVT-DAHEJ-01451,2024-03-08 08:38:00+00:00,2024-03-08 08:38:00+00:00,21.89329,72.78415,21.89329,72.78415,1,26.17,26.17,26.17,,,0.33,0.33,0,1,1,VIIRS_NOAA20_SP,N20,1,0,0.0,1,0.0,dahej_fringe,,
EVT-DAHEJ-01452,2024-03-08 08:38:00+00:00,2024-03-08 08:38:00+00:00,22.03352,72.80595,22.03352,72.80595,1,3.84,3.84,3.84,,,0.33,0.33,0,0,1,VIIRS_NOAA20_SP,N20,1,0,0.0,1,0.0,comparison_area,,
EVT-DAHEJ-01453,2024-03-09 08:19:00+00:00,2024-03-09 08:19:00+00:00,21.72553,72.568805,21.72718,72.56851,2,8.45,6.5249999999999995,4.6,2.722361107568208,-0.4556213017751479,0.66,0.66,0,0,1,VIIRS_NOAA20_SP,N20,2,0,0.0,1,0.3719704581509585,dahej_core,,
EVT-DAHEJ-01454,2024-03-09 08:19:00+00:00,2024-03-09 08:19:00+00:00,21.5462,72.9378,21.5462,72.9378,1,2.89,2.89,2.89,,,0.33,0.33,0,0,1,VIIRS_NOAA20_SP,N20,1,0,0.0,1,0.0,comparison_area,,
EVT-DAHEJ-01455,2024-03-09 09:09:00+00:00,2024-03-09 09:09:00+00:00,21.97983,72.67271,21.97983,72.67271,1,5.19,5.19,5.19,,,0.33,0.33,0,0,1,VIIRS_SNPP_SP,N,1,0,0.0,1,0.0,comparison_area,,
EVT-DAHEJ-01456,2024-03-09 20:48:00+00:00,2024-03-09 20:48:00+00:00,21.681,72.54791,21.681,72.54791,1,0.47,0.47,0.47,,,0.66,0.66,0,0,1,VIIRS_NOAA20_SP,N20,0,1,0.0,1,0.0,dahej_core,,
EVT-DAHEJ-01457,2024-03-10 08:00:00+00:00,2024-03-10 08:00:00+00:00,21.37428,72.74657,21.37428,72.74657,1,2.68,2.68,2.68,,,0.66,0.66,0,0,1,VIIRS_NOAA20_SP,N20,1,0,0.0,1,0.0,comparison_area,,
EVT-DAHEJ-01458,2024-03-10 08:00:00+00:00,2024-03-10 08:00:00+00:00,21.75992,72.79928,21.75992,72.79928,1,3.03,3.03,3.03,,,0.33,0.33,0,0,1,VIIRS_NOAA20_SP,N20,1,0,0.0,1,0.0,dahej_fringe,,
EVT-DAHEJ-01459,2024-03-10 20:29:00+00:00,2024-03-11 07:41:00+00:00,21.739926666666666,72.60984666666666,21.7413,72.6103,3,1.58,1.0933333333333335,1.18,0.5352880844305553,-0.2531645569620254,0.66,0.55,0,0,2,VIIRS_NOAA20_SP;VIIRS_SNPP_SP,N;N20,1,2,11.2,2,0.4302514394158549,dahej_core,,
EVT-DAHEJ-01460,2024-03-11 07:41:00+00:00,2024-03-11 08:31:00+00:00,21.79137,72.85807333333332,21.79137,72.8586,3,8.49,3.9433333333333334,8.49,3.95051051553256,5.288888888888889,0.66,0.5499999999999999,0,0,2,VIIRS_NOAA20_SP;VIIRS_SNPP_SP,N;N20,3,0,0.8333333333333334,1,0.11572467729969618,comparison_area,,
EVT-DAHEJ-01461,2024-03-11 07:41:00+00:00,2024-03-11 07:41:00+00:00,22.00545,72.61021,22.00545,72.61021,1,2.11,2.11,2.11,,,0.66,0.66,0,0,1,VIIRS_NOAA20_SP,N20,1,0,0.0,1,0.0,comparison_area,,
EVT-DAHEJ-01462,2024-03-11 07:41:00+00:00,2024-03-11 07:41:00+00:00,21.9797,72.6945,21.9797,72.6945,1,4.65,4.65,4.65,,,0.33,0.33,0,0,1,VIIRS_NOAA20_SP,N20,1,0,0.0,1,0.0,comparison_area,,
EVT-DAHEJ-01463,2024-03-11 08:31:00+00:00,2024-03-11 08:31:00+00:00,21.704535,72.952575,21.70535,72.95077,2,4.24,3.79,4.24,0.636396103067893,0.2694610778443115,0.33,0.33,0,0,1,VIIRS_SNPP_SP,N,2,0,0.0,1,0.41466430187408837,comparison_area,,
EVT-DAHEJ-01464,2024-03-11 08:31:00+00:00,2024-03-11 08:31:00+00:00,22.09689,72.81026,22.09689,72.81026,1,5.05,5.05,5.05,,,0.33,0.33,0,0,1,VIIRS_SNPP_SP,N,1,0,0.0,1,0.0,comparison_area,,
EVT-DAHEJ-01465,2024-03-11 08:31:00+00:00,2024-03-11 08:31:00+00:00,21.97901,72.81432,21.97901,72.81432,1,3.31,3.31,3.31,,,0.66,0.66,0,0,1,VIIRS_SNPP_SP,N,1,0,0.0,1,0.0,comparison_area,,
EVT-DAHEJ-01466,2024-03-11 08:31:00+00:00,2024-03-11 08:31:00+00:00,21.68682,72.78205,21.68682,72.78205,1,7.56,7.56,7.56,,,0.66,0.66,0,0,1,VIIRS_SNPP_SP,N,1,0,0.0,1,0.0,dahej_fringe,,
EVT-DAHEJ-01467,2024-03-11 20:10:00+00:00,2024-03-11 20:10:00+00:00,21.38759,72.84103,21.38759,72.84103,1,0.55,0.55,0.55,,,0.66,0.66,0,0,1,VIIRS_NOAA20_SP,N20,0,1,0.0,1,0.0,comparison_area,,
EVT-DAHEJ-01468,2024-03-11 20:10:00+00:00,2024-03-11 20:10:00+00:00,21.69364,72.60201,21.69364,72.60201,1,0.34,0.34,0.34,,,0.66,0.66,0,0,1,VIIRS_NOAA20_SP,N20,0,1,0.0,1,0.0,dahej_core,,
EVT-DAHEJ-01469,2024-03-11 21:00:00+00:00,2024-03-11 21:00:00+00:00,21.79227,72.64935,21.79227,72.64935,1,1.16,1.16,1.16,,,0.66,0.66,0,0,1,VIIRS_SNPP_SP,N,0,1,0.0,1,0.0,dahej_core,,
EVT-DAHEJ-01470,2024-03-12 07:22:00+00:00,2024-03-12 08:12:00+00:00,21.439455000000002,72.710375,21.43896,72.71097,2,7.01,6.18,5.35,1.1737972567696688,-0.23680456490727536,0.66,0.495,0,0,2,VIIRS_NOAA20_SP;VIIRS_SNPP_SP,N;N20,2,0,0.8333333333333334,1,0.16519129959263543,comparison_area,,
EVT-DAHEJ-01471,2024-03-12 08:12:00+00:00,2024-03-12 08:12:00+00:00,21.519975000000002,72.933155,21.52167,72.93284,2,19.78,11.280000000000001,2.78,12.020815280171309,-0.8594539939332658,0.66,0.495,0,0,1,VIIRS_SNPP_SP,N,2,0,0.0,1,0.38254328142709443,comparison_area,,
EVT-DAHEJ-01472,2024-03-12 08:13:00+00:00,2024-03-12 09:03:00+00:00,22.006952499999997,72.6411775,22.0095,72.64116,4,12.16,8.4525,0.7,5.4069792860709205,-0.9203640500568829,0.66,0.41250000000000003,0,0,2,VIIRS_NOAA20_SP;VIIRS_SNPP_SP,N;N20,4,0,0.8333333333333334,1,0.767555097398282,comparison_area,,
EVT-DAHEJ-01473,2024-03-12 08:13:00+00:00,2024-03-12 08:13:00+00:00,21.76217,72.88435,21.76217,72.88435,1,1.41,1.41,1.41,,,0.33,0.33,0,0,1,VIIRS_SNPP_SP,N,1,0,0.0,1,0.0,comparison_area,,
EVT-DAHEJ-01474,2024-03-12 08:13:00+00:00,2024-03-12 09:03:00+00:00,21.759086666666665,72.82630666666667,21.7594,72.82459,3,3.34,2.9333333333333336,2.34,0.5254839039716948,-0.25000000000000006,0.66,0.44,0,0,2,VIIRS_NOAA20_SP;VIIRS_SNPP_SP,N;N20,3,0,0.8333333333333334,1,0.46252666535788867,dahej_fringe,,
EVT-DAHEJ-01475,2024-03-12 09:03:00+00:00,2024-03-12 09:03:00+00:00,21.99885,72.64875,21.99885,72.64875,1,2.16,2.16,2.16,,,0.66,0.66,0,0,1,VIIRS_NOAA20_SP,N20,1,0,0.0,1,0.0,comparison_area,,
EVT-DAHEJ-01476,2024-03-12 20:41:00+00:00,2024-03-12 20:41:00+00:00,21.98077,72.58234,21.98077,72.58234,1,0.49,0.49,0.49,,,0.66,0.66,0,0,1,VIIRS_SNPP_SP,N,0,1,0.0,1,0.0,comparison_area,,
EVT-DAHEJ-01477,2024-03-13 07:54:00+00:00,2024-03-13 07:54:00+00:00,21.731703333333332,72.79747333333334,21.73195,72.80021,3,7.96,6.646666666666667,7.96,1.1871113399059638,0.4088495575221238,0.66,0.66,0,0,1,VIIRS_SNPP_SP,N,3,0,0.0,1,0.46600869239694104,dahej_fringe,,
EVT-DAHEJ-01478,2024-03-13 07:54:00+00:00,2024-03-13 07:54:00+00:00,21.73886,72.73959,21.73886,72.73959,1,2.16,2.16,2.16,,,0.33,0.33,0,0,1,VIIRS_SNPP_SP,N,1,0,0.0,1,0.0,dahej_core,,
EVT-DAHEJ-01479,2024-03-13 08:44:00+00:00,2024-03-13 08:44:00+00:00,21.46695,72.80219,21.46695,72.80219,1,2.35,2.35,2.35,,,0.33,0.33,0,0,1,VIIRS_NOAA20_SP,N20,1,0,0.0,1,0.0,comparison_area,,
EVT-DAHEJ-01480,2024-03-13 08:44:00+00:00,2024-03-13 08:44:00+00:00,21.67535,72.581375,21.67424,72.5816,2,5.35,5.115,5.35,0.33234018715767716,0.09631147540983602,0.66,0.66,0,0,1,VIIRS_NOAA20_SP,N20,2,0,0.0,1,0.25119447358126673,dahej_core,,
EVT-DAHEJ-01481,2024-03-13 08:44:00+00:00,2024-03-13 08:44:00+00:00,21.4482,72.78792,21.4482,72.78792,1,2.18,2.18,2.18,,,0.33,0.33,0,0,1,VIIRS_NOAA20_SP,N20,1,0,0.0,1,0.0,comparison_area,,
EVT-DAHEJ-01482,2024-03-14 07:35:00+00:00,2024-03-14 07:35:00+00:00,21.97449,72.86507,21.97449,72.86507,1,2.51,2.51,2.51,,,0.33,0.33,0,0,1,VIIRS_SNPP_SP,N,1,0,0.0,1,0.0,comparison_area,,
EVT-DAHEJ-01483,2024-03-14 07:35:00+00:00,2024-03-14 07:35:00+00:00,22.039630000000002,72.741215,22.03726,72.74412,4,18.48,17.045,15.61,1.6569952725742265,0.0,1.0,0.7450000000000001,1,0,1,VIIRS_SNPP_SP,N,4,0,0.0,1,0.7977460268077295,comparison_area,,
EVT-DAHEJ-01484,2024-03-14 07:35:00+00:00,2024-03-14 07:35:00+00:00,21.72919,72.63509,21.72919,72.63509,1,2.19,2.19,2.19,,,0.33,0.33,0,0,1,VIIRS_SNPP_SP,N,1,0,0.0,1,0.0,dahej_core,,
EVT-DAHEJ-01485,2024-03-14 07:35:00+00:00,2024-03-14 07:35:00+00:00,22.09586,72.57647,22.09586,72.57647,1,2.66,2.66,2.66,,,0.33,0.33,0,0,1,VIIRS_SNPP_SP,N,1,0,0.0,1,0.0,comparison_area,,
EVT-DAHEJ-01486,2024-03-14 08:25:00+00:00,2024-03-14 08:25:00+00:00,21.40629,72.66354,21.40629,72.66354,1,5.96,5.96,5.96,,,0.33,0.33,0,0,1,VIIRS_NOAA20_SP,N20,1,0,0.0,1,0.0,comparison_area,,
EVT-DAHEJ-01487,2024-03-15 08:06:00+00:00,2024-03-15 08:57:00+00:00,21.726910000000004,72.69272666666667,21.72687,72.69424,3,3.05,2.4766666666666666,1.96,0.5472050194701554,-0.19008264462809915,0.33,0.33,0,0,2,VIIRS_NOAA20_SP;VIIRS_SNPP_SP,N;N20,3,0,0.85,1,0.3025224790810313,dahej_core,,
EVT-DAHEJ-01488,2024-03-15 08:06:00+00:00,2024-03-15 08:06:00+00:00,21.85143,72.8056,21.85143,72.8056,1,5.17,5.17,5.17,,,0.66,0.66,0,0,1,VIIRS_NOAA20_SP,N20,1,0,0.0,1,0.0,dahej_fringe,,
EVT-DAHEJ-01489,2024-03-15 08:06:00+00:00,2024-03-15 08:06:00+00:00,21.64087,72.84978,21.64087,72.84978,1,1.82,1.82,1.82,,,0.33,0.33,0,0,1,VIIRS_NOAA20_SP,N20,1,0,0.0,1,0.0,dahej_fringe,,
EVT-DAHEJ-01490,2024-03-15 08:06:00+00:00,2024-03-15 08:57:00+00:00,22.021,72.720625,22.02136,72.71943,2,8.09,5.54,2.99,3.6062445840513924,-0.630407911001236,0.66,0.66,0,0,2,VIIRS_NOAA20_SP;VIIRS_SNPP_SP,N;N20,2,0,0.85,1,0.2590503064529753,comparison_area,,
EVT-DAHEJ-01491,2024-03-15 08:56:00+00:00,2024-03-15 08:56:00+00:00,21.35377,72.88426,21.35377,72.88426,1,3.47,3.47,3.47,,,0.66,0.66,0,0,1,VIIRS_SNPP_SP,N,1,0,0.0,1,0.0,comparison_area,,
EVT-DAHEJ-01492,2024-03-15 20:35:00+00:00,2024-03-15 20:35:00+00:00,22.08881,72.89872,22.08881,72.89872,1,1.05,1.05,1.05,,,0.66,0.66,0,0,1,VIIRS_NOAA20_SP,N20,0,1,0.0,1,0.0,comparison_area,,
EVT-DAHEJ-01493,2024-03-16 07:47:00+00:00,2024-03-16 07:47:00+00:00,21.734565,72.78151,21.7349,72.78249,2,9.03,6.895,4.76,3.019345955666558,-0.4728682170542636,0.66,0.495,0,0,1,VIIRS_NOAA20_SP,N20,2,0,0.0,1,0.2157216442899145,dahej_fringe,,
EVT-DAHEJ-01494,2024-03-16 07:47:00+00:00,2024-03-16 07:47:00+00:00,21.77334,72.77716,21.77334,72.77716,1,13.76,13.76,13.76,,,0.33,0.33,0,0,1,VIIRS_NOAA20_SP,N20,1,0,0.0,1,0.0,dahej_fringe,,
EVT-DAHEJ-01495,2024-03-16 08:38:00+00:00,2024-03-16 08:38:00+00:00,22.08973,72.65925,22.08973,72.65925,1,8.13,8.13,8.13,,,0.66,0.66,0,0,1,VIIRS_SNPP_SP,N,1,0,0.0,1,0.0,comparison_area,,
EVT-DAHEJ-01496,2024-03-16 08:38:00+00:00,2024-03-16 08:38:00+00:00,21.74878,72.85755499999999,21.74915,72.85622,2,5.49,5.16,4.83,0.4666904755831215,-0.1202185792349727,0.66,0.66,0,0,1,VIIRS_SNPP_SP,N,2,0,0.0,1,0.28777224815432567,comparison_area,,
EVT-DAHEJ-01497,2024-03-16 08:38:00+00:00,2024-03-16 08:38:00+00:00,22.03369,72.75358,22.03369,72.75358,1,10.5,10.5,10.5,,,0.66,0.66,0,0,1,VIIRS_SNPP_SP,N,1,0,0.0,1,0.0,comparison_area,,
EVT-DAHEJ-01498,2024-03-16 08:38:00+00:00,2024-03-16 08:38:00+00:00,21.53111,72.73147,21.53111,72.73147,1,4.5,4.5,4.5,,,0.33,0.33,0,0,1,VIIRS_SNPP_SP,N,1,0,0.0,1,0.0,dahej_fringe,,
EVT-DAHEJ-01499,2024-03-16 08:38:00+00:00,2024-03-16 08:38:00+00:00,21.75552,72.62208,21.75552,72.62208,1,6.7,6.7,6.7,,,0.33,0.33,0,0,1,VIIRS_SNPP_SP,N,1,0,0.0,1,0.0,dahej_core,,
EVT-DAHEJ-01500,2024-03-17 08:19:00+00:00,2024-03-17 08:19:00+00:00,21.831025,72.87795,21.83268,72.87766,2,4.45,4.45,4.45,0.0,0.0,0.66,0.66,0,0,1,VIIRS_SNPP_SP,N,2,0,0.0,1,0.3728929961171529,comparison_area,,
EVT-DAHEJ-01501,2024-03-17 08:19:00+00:00,2024-03-17 08:19:00+00:00,21.97715,72.78393,21.97715,72.78393,1,11.59,11.59,11.59,,,0.33,0.33,0,0,1,VIIRS_SNPP_SP,N,1,0,0.0,1,0.0,comparison_area,,
EVT-DAHEJ-01502,2024-03-17 09:09:00+00:00,2024-03-17 09:09:00+00:00,21.856345,72.662645,21.85761,72.66415,2,6.49,6.225,6.49,0.37476659402887036,0.08892617449664433,0.66,0.495,0,0,1,VIIRS_NOAA20_SP,N20,2,0,0.0,1,0.419093859952634,dahej_fringe,,
EVT-DAHEJ-01503,2024-03-17 20:48:00+00:00,2024-03-17 20:48:00+00:00,21.43336,72.97727,21.43336,72.97727,1,0.59,0.59,0.59,,,0.66,0.66,0,0,1,VIIRS_SNPP_SP,N,0,1,0.0,1,0.0,comparison_area,,
EVT-DAHEJ-01504,2024-03-18 08:00:00+00:00,2024-03-18 08:00:00+00:00,21.75985,72.61406,21.75985,72.61406,1,10.41,10.41,10.41,,,0.66,0.66,0,0,1,VIIRS_SNPP_SP,N,1,0,0.0,1,0.0,dahej_core,,
EVT-DAHEJ-01505,2024-03-18 08:50:00+00:00,2024-03-18 08:50:00+00:00,21.8653,72.76358,21.8653,72.76358,1,6.74,6.74,6.74,,,0.66,0.66,0,0,1,VIIRS_NOAA20_SP,N20,1,0,0.0,1,0.0,dahej_fringe,,
EVT-DAHEJ-01506,2024-03-19 07:41:00+00:00,2024-03-19 08:31:00+00:00,21.697616000000004,72.63426799999999,21.6967,72.63602,5,22.86,8.422,22.86,8.108752678433348,3.370936902485659,0.66,0.66,0,1,2,VIIRS_NOAA20_SP;VIIRS_SNPP_SP,N;N20,5,0,0.8333333333333334,1,0.547638649046439,dahej_core,,
EVT-DAHEJ-01507,2024-03-19 07:41:00+00:00,2024-03-19 08:31:00+00:00,21.965719999999997,72.81597500000001,21.96466,72.81708,2,8.48,6.375,8.48,2.9769195487953657,0.9859484777517568,0.33,0.33,0,0,2,VIIRS_NOAA20_SP;VIIRS_SNPP_SP,N;N20,2,0,0.8333333333333334,1,0.32788679140195115,comparison_area,,
EVT-DAHEJ-01508,2024-03-19 07:41:00+00:00,2024-03-19 07:41:00+00:00,21.95357,72.79102,21.95357,72.79102,1,3.71,3.71,3.71,,,0.33,0.33,0,0,1,VIIRS_SNPP_SP,N,1,0,0.0,1,0.0,comparison_area,,
EVT-DAHEJ-01509,2024-03-19 07:41:00+00:00,2024-03-19 07:41:00+00:00,21.92462,72.98795,21.92462,72.98795,1,1.74,1.74,1.74,,,0.66,0.66,0,0,1,VIIRS_SNPP_SP,N,1,0,0.0,1,0.0,comparison_area,,
EVT-DAHEJ-01510,2024-03-19 20:10:00+00:00,2024-03-19 20:10:00+00:00,21.76249,72.75015,21.76249,72.75015,1,0.38,0.38,0.38,,,0.66,0.66,0,0,1,VIIRS_SNPP_SP,N,0,1,0.0,1,0.0,dahej_fringe,,
EVT-DAHEJ-01511,2024-03-20 07:23:00+00:00,2024-03-20 09:03:00+00:00,22.06902375,72.67035000000001,22.07061,72.67105,8,44.9,16.65625,6.02,17.485789281176707,-0.17871759890859487,1.0,0.7037500000000001,2,2,2,VIIRS_NOAA20_SP;VIIRS_SNPP_SP,N;N20,8,0,1.6666666666666667,1,0.8505803991529641,comparison_area,,
EVT-DAHEJ-01512,2024-03-20 07:23:00+00:00,2024-03-20 07:23:00+00:00,21.95068,72.5847,21.94726,72.58569,2,8.03,8.03,8.03,0.0,0.0,0.66,0.495,0,0,1,VIIRS_SNPP_SP,N,2,0,0.0,1,0.7875107835804322,comparison_area,,
EVT-DAHEJ-01513,2024-03-20 07:23:00+00:00,2024-03-20 07:23:00+00:00,21.960160000000002,72.58041,21.95928,72.57693,2,4.61,4.61,4.61,0.0,0.0,0.66,0.66,0,0,1,VIIRS_SNPP_SP,N,2,0,0.0,1,0.7439671106287151,comparison_area,,
EVT-DAHEJ-01514,2024-03-20 08:12:00+00:00,2024-03-20 09:03:00+00:00,21.68141,72.63574,21.68127,72.63698,2,11.38,8.375,5.37,4.249711754931151,-0.5281195079086116,0.66,0.66,0,0,2,VIIRS_NOAA20_SP;VIIRS_SNPP_SP,N;N20,2,0,0.85,1,0.258138679860284,dahej_core,,
EVT-DAHEJ-01515,2024-03-20 08:12:00+00:00,2024-03-20 08:12:00+00:00,21.81528,72.66055,21.81528,72.66055,1,13.61,13.61,13.61,,,0.33,0.33,0,0,1,VIIRS_NOAA20_SP,N20,1,0,0.0,1,0.0,dahej_core,,
EVT-DAHEJ-01516,2024-03-20 08:12:00+00:00,2024-03-20 08:12:00+00:00,21.45425,72.96929,21.45425,72.96929,1,2.86,2.86,2.86,,,0.33,0.33,0,0,1,VIIRS_NOAA20_SP,N20,1,0,0.0,1,0.0,comparison_area,,
EVT-DAHEJ-01517,2024-03-20 09:03:00+00:00,2024-03-20 09:03:00+00:00,22.08057,72.66906,22.08039,72.66692,2,3.82,3.82,3.82,0.0,0.0,0.66,0.66,0,0,1,VIIRS_SNPP_SP,N,2,0,0.0,1,0.44282255064008125,comparison_area,,
EVT-DAHEJ-01518,2024-03-20 09:03:00+00:00,2024-03-20 09:03:00+00:00,21.8276,72.87157,21.8276,72.87157,1,2.67,2.67,2.67,,,0.33,0.33,0,0,1,VIIRS_SNPP_SP,N,1,0,0.0,1,0.0,comparison_area,,
EVT-DAHEJ-01519,2024-03-20 09:03:00+00:00,2024-03-20 09:03:00+00:00,22.00701,72.55339,22.00701,72.55339,1,23.85,23.85,23.85,,,1.0,1.0,1,1,1,VIIRS_SNPP_SP,N,1,0,0.0,1,0.0,comparison_area,,
EVT-DAHEJ-01520,2024-03-20 09:03:00+00:00,2024-03-20 09:03:00+00:00,22.061014999999998,72.6702,22.05832,72.67262,2,8.24,8.24,8.24,0.0,0.0,1.0,0.8300000000000001,1,0,1,VIIRS_SNPP_SP,N,2,0,0.0,1,0.7797386819020357,comparison_area,,
EVT-DAHEJ-01521,2024-03-20 09:03:00+00:00,2024-03-20 09:03:00+00:00,21.52334,72.74148,21.52334,72.74148,1,6.58,6.58,6.58,,,0.33,0.33,0,0,1,VIIRS_SNPP_SP,N,1,0,0.0,1,0.0,dahej_fringe,,
EVT-DAHEJ-01522,2024-03-20 19:51:00+00:00,2024-03-20 19:51:00+00:00,22.054475,72.69873,22.05301,72.69798,2,3.09,2.8099999999999996,2.53,0.39597979746446665,-0.18122977346278318,0.66,0.66,0,0,1,VIIRS_SNPP_SP,N,0,2,0.0,1,0.3606162876014807,comparison_area,,
EVT-DAHEJ-01523,2024-03-20 20:41:00+00:00,2024-03-20 20:41:00+00:00,21.4348,72.97602,21.4348,72.97602,1,1.23,1.23,1.23,,,0.66,0.66,0,0,1,VIIRS_NOAA20_SP,N20,0,1,0.0,1,0.0,comparison_area,,
EVT-DAHEJ-01524,2024-03-20 20:41:00+00:00,2024-03-20 20:41:00+00:00,21.74971,72.66191,21.74971,72.66191,1,0.68,0.68,0.68,,,0.66,0.66,0,0,1,VIIRS_NOAA20_SP,N20,0,1,0.0,1,0.0,dahej_core,,
EVT-DAHEJ-01525,2024-03-20 21:32:00+00:00,2024-03-20 21:32:00+00:00,21.693309999999997,72.60705666666667,21.69499,72.60523,3,3.18,2.013333333333333,1.43,1.0103629710818451,0.0,0.66,0.66,0,0,1,VIIRS_SNPP_SP,N,0,3,0.0,1,0.4769276047354233,dahej_core,,
EVT-DAHEJ-01526,2024-03-21 20:20:00+00:00,2024-03-21 20:20:00+00:00,21.350215,72.95718,21.35022,72.95824,2,1.4,1.335,1.4,0.0919238815542511,0.10236220472440936,0.66,0.66,0,0,1,VIIRS_NOAA20_SP,N20,0,2,0.0,1,0.2195585826684011,comparison_area,,
EVT-DAHEJ-01527,2024-03-21 21:13:00+00:00,2024-03-21 21:13:00+00:00,21.41253,72.79044,21.41253,72.79044,1,0.5,0.5,0.5,,,0.66,0.66,0,0,1,VIIRS_SNPP_SP,N,0,1,0.0,1,0.0,comparison_area,,
EVT-DAHEJ-01528,2024-03-22 07:32:00+00:00,2024-03-22 08:25:00+00:00,21.722446666666666,72.67303,21.72347,72.6715,3,22.84,16.02,22.84,11.812586507619743,8.596638655462186,0.66,0.55,0,2,2,VIIRS_NOAA20_SP;VIIRS_SNPP_SP,N;N20,3,0,0.8833333333333333,1,0.5666022203933351,dahej_core,,
EVT-DAHEJ-01529,2024-03-22 07:32:00+00:00,2024-03-22 07:32:00+00:00,21.922,72.56239,21.922,72.56239,1,7.16,7.16,7.16,,,0.33,0.33,0,0,1,VIIRS_NOAA20_SP,N20,1,0,0.0,1,0.0,dahej_fringe,,
EVT-DAHEJ-01530,2024-03-22 08:25:00+00:00,2024-03-22 08:25:00+00:00,21.68863,72.84536,21.68863,72.84536,1,8.39,8.39,8.39,,,0.33,0.33,0,0,1,VIIRS_SNPP_SP,N,1,0,0.0,1,0.0,dahej_fringe,,
EVT-DAHEJ-01531,2024-03-22 09:12:00+00:00,2024-03-22 09:12:00+00:00,21.84721,72.73569,21.84721,72.73569,1,6.09,6.09,6.09,,,0.66,0.66,0,0,1,VIIRS_NOAA20_SP,N20,1,0,0.0,1,0.0,dahej_core,,
EVT-DAHEJ-01532,2024-03-22 09:12:00+00:00,2024-03-22 09:12:00+00:00,22.01082,72.7238,22.01082,72.7238,1,6.95,6.95,6.95,,,0.33,0.33,0,0,1,VIIRS_NOAA20_SP,N20,1,0,0.0,1,0.0,comparison_area,,
EVT-DAHEJ-01533,2024-03-22 09:12:00+00:00,2024-03-22 09:12:00+00:00,21.82678,72.63967,21.82678,72.63967,1,3.53,3.53,3.53,,,0.66,0.66,0,0,1,VIIRS_NOAA20_SP,N20,1,0,0.0,1,0.0,dahej_core,,
EVT-DAHEJ-01534,2024-03-22 20:54:00+00:00,2024-03-22 20:54:00+00:00,21.37956,72.77724,21.37956,72.77724,1,1.68,1.68,1.68,,,0.66,0.66,0,0,1,VIIRS_SNPP_SP,N,0,1,0.0,1,0.0,comparison_area,,
EVT-DAHEJ-01535,2024-03-23 08:06:00+00:00,2024-03-23 08:06:00+00:00,21.67286,72.80779,21.67286,72.80779,1,6.56,6.56,6.56,,,0.33,0.33,0,0,1,VIIRS_SNPP_SP,N,1,0,0.0,1,0.0,dahej_fringe,,
EVT-DAHEJ-01536,2024-03-23 08:06:00+00:00,2024-03-23 08:06:00+00:00,21.92375,72.70081,21.92375,72.70081,1,14.43,14.43,14.43,,,0.66,0.66,0,0,1,VIIRS_SNPP_SP,N,1,0,0.0,1,0.0,dahej_fringe,,
EVT-DAHEJ-01537,2024-03-23 08:06:00+00:00,2024-03-23 08:06:00+00:00,21.39411,72.88593,21.39411,72.88593,1,4.63,4.63,4.63,,,0.66,0.66,0,0,1,VIIRS_SNPP_SP,N,1,0,0.0,1,0.0,comparison_area,,
EVT-DAHEJ-01538,2024-03-23 08:07:00+00:00,2024-03-23 08:52:00+00:00,21.96904,72.55879,21.97069,72.55838,2,18.74,17.705,18.74,1.463711037056151,0.1241751649670064,0.66,0.495,0,0,2,VIIRS_NOAA20_SP;VIIRS_SNPP_SP,N;N20,2,0,0.75,1,0.3765606951718744,comparison_area,,
EVT-DAHEJ-01539,2024-03-23 20:35:00+00:00,2024-03-23 21:20:00+00:00,21.74558,72.66474666666666,21.74743,72.66501,3,3.38,2.183333333333333,3.38,1.0802931700854788,0.7883597883597884,0.66,0.66,0,0,2,VIIRS_NOAA20_SP;VIIRS_SNPP_SP,N;N20,0,3,0.75,1,0.40350799603521476,dahej_core,,
EVT-DAHEJ-01540,2024-03-24 07:48:00+00:00,2024-03-24 07:48:00+00:00,21.98798,72.88097,21.98798,72.88097,1,4.37,4.37,4.37,,,0.66,0.66,0,0,1,VIIRS_SNPP_SP,N,1,0,0.0,1,0.0,comparison_area,,
EVT-DAHEJ-01541,2024-03-24 08:31:00+00:00,2024-03-24 08:31:00+00:00,21.85323,72.64621,21.85323,72.64621,1,29.23,29.23,29.23,,,0.66,0.66,0,1,1,VIIRS_NOAA20_SP,N20,1,0,0.0,1,0.0,dahej_fringe,,
EVT-DAHEJ-01542,2024-03-24 20:16:00+00:00,2024-03-24 20:59:00+00:00,21.431964999999998,72.977045,21.4327,72.97622,2,2.49,2.205,2.49,0.40305086527633227,0.29687500000000017,0.66,0.66,0,0,2,VIIRS_NOAA20_SP;VIIRS_SNPP_SP,N;N20,0,2,0.7166666666666667,1,0.2364015558353882,comparison_area,,
EVT-DAHEJ-01543,2024-03-24 20:59:00+00:00,2024-03-24 20:59:00+00:00,21.39535,72.95287,21.39535,72.95287,1,0.46,0.46,0.46,,,0.66,0.66,0,0,1,VIIRS_NOAA20_SP,N20,0,1,0.0,1,0.0,comparison_area,,
EVT-DAHEJ-01544,2024-03-25 07:29:00+00:00,2024-03-25 07:29:00+00:00,22.03123,72.80224,22.03123,72.80224,1,4.8,4.8,4.8,,,0.33,0.33,0,0,1,VIIRS_SNPP_SP,N,1,0,0.0,1,0.0,comparison_area,,
EVT-DAHEJ-01545,2024-03-25 08:11:00+00:00,2024-03-25 08:11:00+00:00,21.805515,72.98508,21.8072,72.98476,2,9.58,7.93,6.28,2.3334523779156067,-0.34446764091858034,0.66,0.66,0,0,1,VIIRS_NOAA20_SP,N20,2,0,0.0,1,0.38050792693646074,comparison_area,,
EVT-DAHEJ-01546,2024-03-25 08:11:00+00:00,2024-03-25 08:11:00+00:00,21.81485,72.71288,21.81485,72.71288,1,12.71,12.71,12.71,,,0.33,0.33,0,0,1,VIIRS_NOAA20_SP,N20,1,0,0.0,1,0.0,dahej_core,,
EVT-DAHEJ-01547,2024-03-26 07:50:00+00:00,2024-03-26 08:50:00+00:00,21.734793333333332,72.67960333333333,21.73326,72.68159,3,5.81,5.05,3.86,1.043695357851131,-0.29562043795620446,0.66,0.55,0,0,2,VIIRS_NOAA20_SP;VIIRS_SNPP_SP,N;N20,3,0,1.0,1,0.6492993688999956,dahej_core,,
EVT-DAHEJ-01548,2024-03-26 07:50:00+00:00,2024-03-27 08:32:00+00:00,21.952025,72.7486925,21.95282,72.74979,4,16.13,12.45,13.27,4.052225725861447,-0.03350327749453757,0.66,0.5775,0,0,2,VIIRS_NOAA20_SP;VIIRS_SNPP_SP,N;N20,4,0,24.7,2,0.5305374598508741,comparison_area,,
EVT-DAHEJ-01549,2024-03-26 07:50:00+00:00,2024-03-26 07:50:00+00:00,21.77391,72.78639,21.77391,72.78639,1,4.88,4.88,4.88,,,0.66,0.66,0,0,1,VIIRS_NOAA20_SP,N20,1,0,0.0,1,0.0,dahej_fringe,,
EVT-DAHEJ-01550,2024-03-26 07:50:00+00:00,2024-03-26 08:50:00+00:00,21.791655,72.90350000000001,21.79243,72.90154,2,13.76,11.24,8.72,3.563818177180199,-0.3662790697674418,0.66,0.66,0,0,2,VIIRS_NOAA20_SP;VIIRS_SNPP_SP,N;N20,2,0,1.0,1,0.43990550735112516,comparison_area,,
EVT-DAHEJ-01551,2024-03-26 08:50:00+00:00,2024-03-26 08:50:00+00:00,21.69255,72.60863,21.69255,72.60863,1,4.62,4.62,4.62,,,0.33,0.33,0,0,1,VIIRS_SNPP_SP,N,1,0,0.0,1,0.0,dahej_core,,
EVT-DAHEJ-01552,2024-03-26 08:51:00+00:00,2024-03-26 08:51:00+00:00,22.06935,72.70633,22.06935,72.70633,1,14.46,14.46,14.46,,,0.66,0.66,0,0,1,VIIRS_SNPP_SP,N,1,0,0.0,1,0.0,comparison_area,,
EVT-DAHEJ-01553,2024-03-26 20:18:00+00:00,2024-03-26 20:18:00+00:00,21.67318,72.54091,21.67318,72.54091,1,0.49,0.49,0.49,,,0.66,0.66,0,0,1,VIIRS_NOAA20_SP,N20,0,1,0.0,1,0.0,dahej_core,,
EVT-DAHEJ-01554,2024-03-27 07:30:00+00:00,2024-03-27 07:30:00+00:00,21.731395,72.83759,21.73433,72.83901,2,4.32,3.535,4.32,1.1101576464628797,0.570909090909091,0.66,0.495,0,0,1,VIIRS_NOAA20_SP,N20,2,0,0.0,1,0.7156057159435332,dahej_fringe,,
EVT-DAHEJ-01555,2024-03-27 07:30:00+00:00,2024-03-27 07:30:00+00:00,21.90947,72.68316,21.90947,72.68316,1,3.87,3.87,3.87,,,0.66,0.66,0,0,1,VIIRS_NOAA20_SP,N20,1,0,0.0,1,0.0,dahej_fringe,,
EVT-DAHEJ-01556,2024-03-27 09:10:00+00:00,2024-03-27 09:10:00+00:00,21.78633,72.76598,21.78633,72.76598,1,2.85,2.85,2.85,,,0.33,0.33,0,0,1,VIIRS_NOAA20_SP,N20,1,0,0.0,1,0.0,dahej_fringe,,
EVT-DAHEJ-01557,2024-03-27 21:00:00+00:00,2024-03-28 08:13:00+00:00,21.725720000000003,72.72125,21.72793,72.71899,2,4.49,2.435,4.49,2.9062088706767106,10.81578947368421,0.66,0.495,0,0,1,VIIRS_SNPP_SP,N,1,1,11.216666666666667,2,0.6779016175685973,dahej_core,,
EVT-DAHEJ-01558,2024-03-28 08:13:00+00:00,2024-03-28 08:49:00+00:00,21.838889999999996,72.70335,21.83985,72.70607,3,5.63,5.376666666666666,5.63,0.21939310229205772,0.07238095238095237,0.66,0.5499999999999999,0,0,2,VIIRS_NOAA20_SP;VIIRS_SNPP_SP,N;N20,3,0,0.6,1,0.5049958844172285,dahej_core,,
EVT-DAHEJ-01559,2024-03-28 08:13:00+00:00,2024-03-28 08:13:00+00:00,21.73084,72.7905,21.73084,72.7905,1,2.18,2.18,2.18,,,0.66,0.66,0,0,1,VIIRS_SNPP_SP,N,1,0,0.0,1,0.0,dahej_fringe,,
EVT-DAHEJ-01560,2024-03-28 08:13:00+00:00,2024-03-28 08:13:00+00:00,21.83484,72.99869,21.83484,72.99869,1,2.78,2.78,2.78,,,0.33,0.33,0,0,1,VIIRS_SNPP_SP,N,1,0,0.0,1,0.0,comparison_area,,
EVT-DAHEJ-01561,2024-03-28 08:13:00+00:00,2024-03-28 08:13:00+00:00,21.76312,72.72845,21.76312,72.72845,1,3.68,3.68,3.68,,,0.33,0.33,0,0,1,VIIRS_SNPP_SP,N,1,0,0.0,1,0.0,dahej_core,,
EVT-DAHEJ-01562,2024-03-28 08:13:00+00:00,2024-03-28 08:13:00+00:00,21.892110000000002,72.66266999999999,21.89243,72.66463,2,4.92,4.92,4.92,0.0,0.0,0.33,0.33,0,0,1,VIIRS_SNPP_SP,N,2,0,0.0,1,0.41066516367241257,dahej_fringe,,
EVT-DAHEJ-01563,2024-03-28 08:49:00+00:00,2024-03-28 08:49:00+00:00,21.80697,72.98269,21.80697,72.98269,1,4.6,4.6,4.6,,,0.66,0.66,0,0,1,VIIRS_NOAA20_SP,N20,1,0,0.0,1,0.0,comparison_area,,
EVT-DAHEJ-01564,2024-03-28 08:50:00+00:00,2024-03-28 08:50:00+00:00,22.07132,72.664015,22.07099,72.6636,2,7.44,7.19,7.44,0.3535533905932738,0.07204610951008646,0.66,0.495,0,0,1,VIIRS_NOAA20_SP,N20,2,0,0.0,1,0.11269884103359834,comparison_area,,
EVT-DAHEJ-01565,2024-03-29 07:54:00+00:00,2024-03-29 07:54:00+00:00,22.08644,72.59419,22.08644,72.59419,1,5.51,5.51,5.51,,,0.33,0.33,0,0,1,VIIRS_SNPP_SP,N,1,0,0.0,1,0.0,comparison_area,,
EVT-DAHEJ-01566,2024-03-29 08:29:00+00:00,2024-03-29 08:29:00+00:00,21.777214999999998,72.81147,21.77686,72.81117,2,4.39,4.345,4.3,0.06363961030678918,-0.020501138952163978,0.33,0.33,0,0,1,VIIRS_NOAA20_SP,N20,2,0,0.0,1,0.10035623172234871,dahej_fringe,,
EVT-DAHEJ-01567,2024-03-29 08:29:00+00:00,2024-03-29 08:29:00+00:00,22.05081,72.91811,22.05081,72.91811,1,5.55,5.55,5.55,,,0.33,0.33,0,0,1,VIIRS_NOAA20_SP,N20,1,0,0.0,1,0.0,comparison_area,,
EVT-DAHEJ-01568,2024-03-29 08:29:00+00:00,2024-03-29 20:57:00+00:00,21.771023333333336,72.78597,21.7667,72.78822,3,5.96,2.53,1.12,2.9860843926453247,-0.8120805369127516,0.66,0.5499999999999999,0,0,1,VIIRS_NOAA20_SP,N20,1,2,12.466666666666667,1,0.9643267894838489,dahej_fringe,,
EVT-DAHEJ-01569,2024-03-29 08:29:00+00:00,2024-03-29 08:29:00+00:00,21.70562,72.74886,21.70562,72.74886,1,10.8,10.8,10.8,,,0.66,0.66,0,0,1,VIIRS_NOAA20_SP,N20,1,0,0.0,1,0.0,dahej_core,,
EVT-DAHEJ-01570,2024-03-29 20:57:00+00:00,2024-03-29 20:57:00+00:00,21.90869,72.68215,21.90869,72.68215,1,0.65,0.65,0.65,,,0.66,0.66,0,0,1,VIIRS_NOAA20_SP,N20,0,1,0.0,1,0.0,dahej_fringe,,
EVT-DAHEJ-01571,2024-03-29 20:57:00+00:00,2024-03-29 20:57:00+00:00,21.72856,72.89434,21.72856,72.89434,1,1.26,1.26,1.26,,,0.66,0.66,0,0,1,VIIRS_NOAA20_SP,N20,0,1,0.0,1,0.0,comparison_area,,
EVT-DAHEJ-01572,2024-03-30 07:35:00+00:00,2024-03-30 07:35:00+00:00,22.078115,72.60858250000001,22.08099,72.60815,4,7.24,5.5375,4.14,1.5011634376931338,-0.06334841628959281,0.66,0.495,0,0,1,VIIRS_SNPP_SP,N,4,0,0.0,1,0.6559869966998741,comparison_area,,
EVT-DAHEJ-01573,2024-03-30 07:35:00+00:00,2024-03-30 07:35:00+00:00,21.477815,72.853125,21.47768,72.85286,2,5.68,5.4399999999999995,5.68,0.3394112549695425,0.09230769230769222,0.66,0.66,0,0,1,VIIRS_SNPP_SP,N,2,0,0.0,1,0.0625211852237672,comparison_area,,
EVT-DAHEJ-01574,2024-03-30 07:35:00+00:00,2024-03-30 07:35:00+00:00,21.81168,72.86018,21.81168,72.86018,1,1.6,1.6,1.6,,,0.33,0.33,0,0,1,VIIRS_SNPP_SP,N,1,0,0.0,1,0.0,comparison_area,,
EVT-DAHEJ-01575,2024-03-30 07:35:00+00:00,2024-03-30 07:35:00+00:00,21.88954,72.77536,21.88954,72.77536,1,1.91,1.91,1.91,,,0.33,0.33,0,0,1,VIIRS_SNPP_SP,N,1,0,0.0,1,0.0,dahej_fringe,,
EVT-DAHEJ-01576,2024-03-30 08:08:00+00:00,2024-03-30 08:08:00+00:00,21.74706,72.80769,21.74706,72.80769,1,5.77,5.77,5.77,,,0.66,0.66,0,0,1,VIIRS_NOAA20_SP,N20,1,0,0.0,1,0.0,dahej_fringe,,
EVT-DAHEJ-01577,2024-03-30 08:08:00+00:00,2024-03-30 08:08:00+00:00,22.00028,72.86363,22.00028,72.86363,1,4.6,4.6,4.6,,,0.33,0.33,0,0,1,VIIRS_NOAA20_SP,N20,1,0,0.0,1,0.0,comparison_area,,
EVT-DAHEJ-01578,2024-03-30 08:08:00+00:00,2024-03-30 08:08:00+00:00,21.69251,72.77055,21.69251,72.77055,1,4.87,4.87,4.87,,,0.33,0.33,0,0,1,VIIRS_NOAA20_SP,N20,1,0,0.0,1,0.0,dahej_fringe,,
EVT-DAHEJ-01579,2024-03-30 08:08:00+00:00,2024-03-30 08:08:00+00:00,21.42204,72.8037,21.42204,72.8037,1,3.98,3.98,3.98,,,0.66,0.66,0,0,1,VIIRS_NOAA20_SP,N20,1,0,0.0,1,0.0,comparison_area,,
EVT-DAHEJ-01580,2024-03-30 08:08:00+00:00,2024-03-30 08:08:00+00:00,21.87275,72.81895,21.87275,72.81895,1,5.26,5.26,5.26,,,0.33,0.33,0,0,1,VIIRS_NOAA20_SP,N20,1,0,0.0,1,0.0,dahej_fringe,,
EVT-DAHEJ-01581,2024-03-31 07:48:00+00:00,2024-03-31 07:48:00+00:00,21.37777,72.98251,21.37777,72.98251,1,3.88,3.88,3.88,,,0.33,0.33,0,0,1,VIIRS_NOAA20_SP,N20,1,0,0.0,1,0.0,comparison_area,,
EVT-DAHEJ-01582,2024-03-31 07:48:00+00:00,2024-03-31 07:48:00+00:00,21.66812,72.7725,21.66812,72.7725,1,5.99,5.99,5.99,,,0.33,0.33,0,0,1,VIIRS_NOAA20_SP,N20,1,0,0.0,1,0.0,dahej_fringe,,
EVT-DAHEJ-01583,2024-03-31 08:57:00+00:00,2024-03-31 08:57:00+00:00,21.90828,72.6854,21.90828,72.6854,1,3.33,3.33,3.33,,,0.66,0.66,0,0,1,VIIRS_SNPP_SP,N,1,0,0.0,1,0.0,dahej_fringe,,
EVT-DAHEJ-01584,2024-04-01 07:27:00+00:00,2024-04-01 07:27:00+00:00,21.631700000000002,72.95353,21.63223,72.95223,2,5.93,5.15,5.93,1.1030865786510138,0.35697940503432485,0.66,0.495,0,0,1,VIIRS_NOAA20_SP,N20,2,0,0.0,1,0.2934571138560004,comparison_area,,
EVT-DAHEJ-01585,2024-04-01 08:38:00+00:00,2024-04-01 08:38:00+00:00,22.04348,72.9379,22.04348,72.9379,1,2.48,2.48,2.48,,,0.33,0.33,0,0,1,VIIRS_SNPP_SP,N,1,0,0.0,1,0.0,comparison_area,,
EVT-DAHEJ-01586,2024-04-01 08:38:00+00:00,2024-04-01 08:38:00+00:00,21.63542,72.91347,21.63542,72.91347,1,13.36,13.36,13.36,,,0.66,0.66,0,0,1,VIIRS_SNPP_SP,N,1,0,0.0,1,0.0,comparison_area,,
EVT-DAHEJ-01587,2024-04-01 21:07:00+00:00,2024-04-01 21:07:00+00:00,21.38025,72.93272,21.38025,72.93272,1,0.87,0.87,0.87,,,0.66,0.66,0,0,1,VIIRS_SNPP_SP,N,0,1,0.0,1,0.0,comparison_area,,
EVT-DAHEJ-01588,2024-04-01 21:35:00+00:00,2024-04-01 21:35:00+00:00,21.89359,72.97128,21.89359,72.97128,1,1.13,1.13,1.13,,,0.66,0.66,0,0,1,VIIRS_NOAA20_SP,N20,0,1,0.0,1,0.0,comparison_area,,
EVT-DAHEJ-01589,2024-04-02 08:19:00+00:00,2024-04-02 08:47:00+00:00,21.400685,72.675475,21.40254,72.67622,2,8.04,7.91,8.04,0.18384776310850157,0.033419023136246645,0.66,0.66,0,0,2,VIIRS_NOAA20_SP;VIIRS_SNPP_SP,N;N20,2,0,0.4666666666666667,1,0.44043090877412433,comparison_area,,
EVT-DAHEJ-01590,2024-04-02 08:47:00+00:00,2024-04-02 08:47:00+00:00,21.39302,72.82767,21.39302,72.82767,1,2.6,2.6,2.6,,,0.66,0.66,0,0,1,VIIRS_NOAA20_SP,N20,1,0,0.0,1,0.0,comparison_area,,
EVT-DAHEJ-01591,2024-04-03 08:27:00+00:00,2024-04-03 08:27:00+00:00,22.00036,72.70769,22.00036,72.70769,1,6.15,6.15,6.15,,,0.66,0.66,0,0,1,VIIRS_NOAA20_SP,N20,1,0,0.0,1,0.0,comparison_area,,
EVT-DAHEJ-01592,2024-04-03 08:27:00+00:00,2024-04-03 08:27:00+00:00,21.98507,72.76935,21.98507,72.76935,1,7.09,7.09,7.09,,,0.33,0.33,0,0,1,VIIRS_NOAA20_SP,N20,1,0,0.0,1,0.0,comparison_area,,
EVT-DAHEJ-01593,2024-04-03 08:27:00+00:00,2024-04-03 08:27:00+00:00,21.35059,72.76913,21.35059,72.76913,1,6.84,6.84,6.84,,,0.66,0.66,0,0,1,VIIRS_NOAA20_SP,N20,1,0,0.0,1,0.0,comparison_area,,
EVT-DAHEJ-01594,2024-04-03 08:27:00+00:00,2024-04-03 08:27:00+00:00,21.72293,72.80715,21.72293,72.80715,1,13.85,13.85,13.85,,,0.33,0.33,0,0,1,VIIRS_NOAA20_SP,N20,1,0,0.0,1,0.0,dahej_fringe,,
EVT-DAHEJ-01595,2024-04-04 07:42:00+00:00,2024-04-04 07:42:00+00:00,21.69843,72.95565,21.69843,72.95565,1,2.3,2.3,2.3,,,0.66,0.66,0,0,1,VIIRS_SNPP_SP,N,1,0,0.0,1,0.0,comparison_area,,
EVT-DAHEJ-01596,2024-04-04 08:06:00+00:00,2024-04-04 08:06:00+00:00,21.70069,72.71161,21.70069,72.71161,1,3.42,3.42,3.42,,,0.33,0.33,0,0,1,VIIRS_NOAA20_SP,N20,1,0,0.0,1,0.0,dahej_core,,
EVT-DAHEJ-01597,2024-04-04 08:06:00+00:00,2024-04-04 08:06:00+00:00,21.80749,72.76099,21.80749,72.76099,1,1.36,1.36,1.36,,,0.33,0.33,0,0,1,VIIRS_NOAA20_SP,N20,1,0,0.0,1,0.0,dahej_fringe,,
EVT-DAHEJ-01598,2024-04-04 20:10:00+00:00,2024-04-04 20:35:00+00:00,21.6944,72.60285333333333,21.69372,72.60022,3,1.09,1.0166666666666668,0.98,0.06350852961085889,-0.10091743119266064,0.66,0.66,0,0,2,VIIRS_NOAA20_SP;VIIRS_SNPP_SP,N;N20,0,3,0.4166666666666667,1,0.538540833504859,dahej_core,,
EVT-DAHEJ-01599,2024-04-04 20:35:00+00:00,2024-04-04 20:35:00+00:00,21.37058,72.76186,21.37058,72.76186,1,2.02,2.02,2.02,,,0.66,0.66,0,0,1,VIIRS_NOAA20_SP,N20,0,1,0.0,1,0.0,comparison_area,,
EVT-DAHEJ-01600,2024-04-05 07:23:00+00:00,2024-04-05 09:03:00+00:00,21.71885125,72.6763575,21.72209,72.67339,8,5.49,3.65375,2.57,1.2851007464675401,-0.06884057971014491,0.66,0.5775,0,0,2,VIIRS_NOAA20_SP;VIIRS_SNPP_SP,N;N20,8,0,1.6666666666666667,1,0.990706938706531,dahej_core,,
EVT-DAHEJ-01601,2024-04-05 07:23:00+00:00,2024-04-05 07:47:00+00:00,21.9581,72.552405,21.95856,72.55316,2,20.09,13.469999999999999,20.09,9.36209378290989,1.9328467153284672,0.66,0.66,0,1,2,VIIRS_NOAA20_SP;VIIRS_SNPP_SP,N;N20,2,0,0.4,1,0.18632031430010818,comparison_area,,
EVT-DAHEJ-01602,2024-04-05 07:23:00+00:00,2024-04-05 07:47:00+00:00,21.765645,72.61426499999999,21.76443,72.61514,2,12.07,8.875,12.07,4.518412331782039,1.1250000000000002,0.66,0.495,0,0,2,VIIRS_NOAA20_SP;VIIRS_SNPP_SP,N;N20,2,0,0.4,1,0.325068385102288,dahej_core,,
EVT-DAHEJ-01603,2024-04-05 07:23:00+00:00,2024-04-05 09:03:00+00:00,21.712435999999997,72.76440799999999,21.71508,72.76313,5,8.18,5.138,5.13,2.0408503129823115,0.16856492027334857,0.66,0.462,0,0,2,VIIRS_NOAA20_SP;VIIRS_SNPP_SP,N;N20,5,0,1.6666666666666667,1,0.6002721257542832,dahej_fringe,,
EVT-DAHEJ-01604,2024-04-05 07:47:00+00:00,2024-04-05 07:47:00+00:00,21.69592,72.97133,21.69592,72.97133,1,4.61,4.61,4.61,,,0.33,0.33,0,0,1,VIIRS_NOAA20_SP,N20,1,0,0.0,1,0.0,comparison_area,,
EVT-DAHEJ-01605,2024-04-05 07:47:00+00:00,2024-04-05 07:47:00+00:00,21.72343,72.6953,21.72343,72.6953,1,3.83,3.83,3.83,,,0.33,0.33,0,0,1,VIIRS_NOAA20_SP,N20,1,0,0.0,1,0.0,dahej_core,,
EVT-DAHEJ-01606,2024-04-05 07:47:00+00:00,2024-04-05 07:47:00+00:00,21.59012,72.96378,21.59012,72.96378,1,7.91,7.91,7.91,,,0.66,0.66,0,0,1,VIIRS_NOAA20_SP,N20,1,0,0.0,1,0.0,comparison_area,,
EVT-DAHEJ-01607,2024-04-05 09:03:00+00:00,2024-04-05 09:03:00+00:00,21.43923,72.87021,21.43923,72.87021,1,3.36,3.36,3.36,,,0.66,0.66,0,0,1,VIIRS_SNPP_SP,N,1,0,0.0,1,0.0,comparison_area,,
EVT-DAHEJ-01608,2024-04-05 09:03:00+00:00,2024-04-05 09:03:00+00:00,22.037993333333333,72.72031666666666,22.03413,72.72047,3,6.76,4.42,6.76,2.0264994448555864,1.0799999999999998,0.66,0.66,0,0,1,VIIRS_SNPP_SP,N,3,0,0.0,1,0.6494569009840181,comparison_area,,
EVT-DAHEJ-01609,2024-04-05 09:03:00+00:00,2024-04-05 09:03:00+00:00,21.8072,72.66375,21.8072,72.66375,1,2.47,2.47,2.47,,,0.33,0.33,0,0,1,VIIRS_SNPP_SP,N,1,0,0.0,1,0.0,dahej_core,,
EVT-DAHEJ-01610,2024-04-05 09:03:00+00:00,2024-04-05 09:03:00+00:00,21.82007,72.877145,21.82027,72.87935,2,2.88,2.09,2.88,1.117228714274745,1.2153846153846153,0.33,0.33,0,0,1,VIIRS_SNPP_SP,N,2,0,0.0,1,0.45740571235683675,comparison_area,,
EVT-DAHEJ-01611,2024-04-05 09:03:00+00:00,2024-04-05 09:03:00+00:00,21.852375000000002,72.813455,21.84977,72.81442,2,1.85,1.7000000000000002,1.55,0.21213203435596428,-0.16216216216216217,0.66,0.495,0,0,1,VIIRS_SNPP_SP,N,2,0,0.0,1,0.6126125754857168,dahej_fringe,,
EVT-DAHEJ-01612,2024-04-05 09:03:00+00:00,2024-04-05 09:03:00+00:00,22.04469,72.77752,22.04469,72.77752,1,2.52,2.52,2.52,,,0.66,0.66,0,0,1,VIIRS_SNPP_SP,N,1,0,0.0,1,0.0,comparison_area,,
EVT-DAHEJ-01613,2024-04-06 08:44:00+00:00,2024-04-06 08:44:00+00:00,21.51606,72.76736,21.51606,72.76736,1,5.96,5.96,5.96,,,0.33,0.33,0,0,1,VIIRS_SNPP_SP,N,1,0,0.0,1,0.0,dahej_fringe,,
EVT-DAHEJ-01614,2024-04-06 08:44:00+00:00,2024-04-06 08:44:00+00:00,21.75416,72.60593,21.75416,72.60593,1,9.85,9.85,9.85,,,0.66,0.66,0,0,1,VIIRS_SNPP_SP,N,1,0,0.0,1,0.0,dahej_core,,
EVT-DAHEJ-01615,2024-04-06 08:44:00+00:00,2024-04-06 08:44:00+00:00,21.78101,72.98565,21.78101,72.98565,1,13.04,13.04,13.04,,,0.66,0.66,0,0,1,VIIRS_SNPP_SP,N,1,0,0.0,1,0.0,comparison_area,,
EVT-DAHEJ-01616,2024-04-06 08:44:00+00:00,2024-04-06 08:44:00+00:00,21.71873,72.98862,21.71873,72.98862,1,2.81,2.81,2.81,,,0.33,0.33,0,0,1,VIIRS_SNPP_SP,N,1,0,0.0,1,0.0,comparison_area,,
EVT-DAHEJ-01617,2024-04-06 08:44:00+00:00,2024-04-06 08:44:00+00:00,21.73359,72.91607,21.73359,72.91607,1,2.76,2.76,2.76,,,0.33,0.33,0,0,1,VIIRS_SNPP_SP,N,1,0,0.0,1,0.0,comparison_area,,
EVT-DAHEJ-01618,2024-04-06 09:09:00+00:00,2024-04-06 09:09:00+00:00,21.97103,72.81919,21.97103,72.81919,1,6.82,6.82,6.82,,,0.66,0.66,0,0,1,VIIRS_NOAA20_SP,N20,1,0,0.0,1,0.0,comparison_area,,
EVT-DAHEJ-01619,2024-04-06 21:13:00+00:00,2024-04-06 21:37:00+00:00,22.076365,72.650655,22.07707,72.65075,2,0.9,0.77,0.64,0.18384776310850237,-0.2888888888888889,0.66,0.66,0,0,2,VIIRS_NOAA20_SP;VIIRS_SNPP_SP,N;N20,0,2,0.4,1,0.1580027162212569,comparison_area,,
EVT-DAHEJ-01620,2024-04-07 08:25:00+00:00,2024-04-07 08:25:00+00:00,21.69336,72.91147,21.69336,72.91147,1,9.65,9.65,9.65,,,0.33,0.33,0,0,1,VIIRS_SNPP_SP,N,1,0,0.0,1,0.0,comparison_area,,
EVT-DAHEJ-01621,2024-04-07 08:25:00+00:00,2024-04-07 08:25:00+00:00,21.76534,72.63587,21.76534,72.63587,1,12.33,12.33,12.33,,,0.33,0.33,0,0,1,VIIRS_SNPP_SP,N,1,0,0.0,1,0.0,dahej_core,,
EVT-DAHEJ-01622,2024-04-07 08:50:00+00:00,2024-04-07 08:50:00+00:00,21.68246,72.64622,21.68246,72.64622,1,20.75,20.75,20.75,,,0.66,0.66,0,1,1,VIIRS_NOAA20_SP,N20,1,0,0.0,1,0.0,dahej_core,,
EVT-DAHEJ-01623,2024-04-07 08:50:00+00:00,2024-04-07 08:50:00+00:00,21.79339,72.90576,21.79339,72.90576,1,4.31,4.31,4.31,,,0.33,0.33,0,0,1,VIIRS_NOAA20_SP,N20,1,0,0.0,1,0.0,comparison_area,,
EVT-DAHEJ-01624,2024-04-07 20:54:00+00:00,2024-04-07 20:54:00+00:00,21.43117,72.97493,21.43117,72.97493,1,1.11,1.11,1.11,,,0.66,0.66,0,0,1,VIIRS_SNPP_SP,N,0,1,0.0,1,0.0,comparison_area,,
EVT-DAHEJ-01625,2024-04-07 20:54:00+00:00,2024-04-07 20:54:00+00:00,21.72081,72.81459,21.72081,72.81459,1,1.05,1.05,1.05,,,0.66,0.66,0,0,1,VIIRS_SNPP_SP,N,0,1,0.0,1,0.0,dahej_fringe,,
EVT-DAHEJ-01626,2024-04-08 08:07:00+00:00,2024-04-08 08:31:00+00:00,21.803316666666664,72.91982666666667,21.80458,72.91991,3,10.93,9.526666666666666,10.93,1.5770330793402314,0.39769820971867,0.66,0.66,0,0,2,VIIRS_NOAA20_SP;VIIRS_SNPP_SP,N;N20,3,0,0.4,1,0.24398390888493687,comparison_area,,
EVT-DAHEJ-01627,2024-04-08 08:07:00+00:00,2024-04-08 08:07:00+00:00,21.40978,72.98898,21.40978,72.98898,1,2.77,2.77,2.77,,,0.33,0.33,0,0,1,VIIRS_SNPP_SP,N,1,0,0.0,1,0.0,comparison_area,,
EVT-DAHEJ-01628,2024-04-08 08:31:00+00:00,2024-04-08 08:31:00+00:00,22.00758,72.85957,22.00758,72.85957,1,4.84,4.84,4.84,,,0.33,0.33,0,0,1,VIIRS_NOAA20_SP,N20,1,0,0.0,1,0.0,comparison_area,,
EVT-DAHEJ-01629,2024-04-08 08:31:00+00:00,2024-04-08 08:31:00+00:00,21.62492,72.85741,21.62492,72.85741,1,4.07,4.07,4.07,,,0.66,0.66,0,0,1,VIIRS_NOAA20_SP,N20,1,0,0.0,1,0.0,comparison_area,,
EVT-DAHEJ-01630,2024-04-08 08:31:00+00:00,2024-04-08 08:31:00+00:00,21.97085,72.88276,21.97085,72.88276,1,10.67,10.67,10.67,,,0.66,0.66,0,0,1,VIIRS_NOAA20_SP,N20,1,0,0.0,1,0.0,comparison_area,,
EVT-DAHEJ-01631,2024-04-08 20:35:00+00:00,2024-04-08 20:35:00+00:00,21.71289,72.92534,21.71289,72.92534,1,0.91,0.91,0.91,,,0.66,0.66,0,0,1,VIIRS_SNPP_SP,N,0,1,0.0,1,0.0,comparison_area,,
EVT-DAHEJ-01632,2024-04-09 07:48:00+00:00,2024-04-09 07:48:00+00:00,21.73911,72.76262,21.73911,72.76262,1,10.82,10.82,10.82,,,0.33,0.33,0,0,1,VIIRS_SNPP_SP,N,1,0,0.0,1,0.0,dahej_fringe,,
EVT-DAHEJ-01633,2024-04-09 07:48:00+00:00,2024-04-09 07:48:00+00:00,21.84371,72.69154,21.84371,72.69154,1,15.18,15.18,15.18,,,0.66,0.66,0,0,1,VIIRS_SNPP_SP,N,1,0,0.0,1,0.0,dahej_core,,
EVT-DAHEJ-01634,2024-04-09 08:13:00+00:00,2024-04-09 08:13:00+00:00,21.73467,72.60246,21.73467,72.60246,1,8.72,8.72,8.72,,,0.33,0.33,0,0,1,VIIRS_NOAA20_SP,N20,1,0,0.0,1,0.0,dahej_core,,
EVT-DAHEJ-01635,2024-04-10 07:54:00+00:00,2024-04-10 09:09:00+00:00,21.42502,72.81515666666667,21.42749,72.81484,3,8.38,7.07,5.89,1.2500799974401644,-0.15129682997118166,0.66,0.66,0,0,2,VIIRS_NOAA20_SP;VIIRS_SNPP_SP,N;N20,3,0,1.25,1,0.5296024083623045,comparison_area,,
EVT-DAHEJ-01636,2024-04-10 07:54:00+00:00,2024-04-10 07:54:00+00:00,21.72373,72.81321,21.72373,72.81321,1,3.37,3.37,3.37,,,0.66,0.66,0,0,1,VIIRS_NOAA20_SP,N20,1,0,0.0,1,0.0,dahej_fringe,,
EVT-DAHEJ-01637,2024-04-10 07:54:00+00:00,2024-04-10 07:54:00+00:00,21.36616,72.85519,21.36616,72.85519,1,3.19,3.19,3.19,,,0.66,0.66,0,0,1,VIIRS_NOAA20_SP,N20,1,0,0.0,1,0.0,comparison_area,,
EVT-DAHEJ-01638,2024-04-10 09:09:00+00:00,2024-04-10 09:10:00+00:00,21.795516666666668,72.71956,21.79467,72.71687,3,10.85,9.160000000000002,10.85,2.1500465111248173,0.6097922848664687,1.0,0.7733333333333334,1,0,1,VIIRS_SNPP_SP,N,3,0,0.016666666666666666,1,0.5700573655455418,dahej_core,,
EVT-DAHEJ-01639,2024-04-12 08:32:00+00:00,2024-04-12 08:32:00+00:00,21.71009,72.79652,21.71009,72.79652,1,10.61,10.61,10.61,,,0.33,0.33,0,0,1,VIIRS_SNPP_SP,N,1,0,0.0,1,0.0,dahej_fringe,,
EVT-DAHEJ-01640,2024-04-12 08:32:00+00:00,2024-04-12 08:32:00+00:00,21.73245,72.98988,21.73245,72.98988,1,6.14,6.14,6.14,,,0.33,0.33,0,0,1,VIIRS_SNPP_SP,N,1,0,0.0,1,0.0,comparison_area,,
EVT-DAHEJ-01641,2024-04-12 08:57:00+00:00,2024-04-12 08:57:00+00:00,21.781,72.96207,21.781,72.96207,1,2.9,2.9,2.9,,,0.66,0.66,0,0,1,VIIRS_NOAA20_SP,N20,1,0,0.0,1,0.0,comparison_area,,
EVT-DAHEJ-01642,2024-04-13 08:13:00+00:00,2024-04-13 08:13:00+00:00,21.37081,72.81477,21.37081,72.81477,1,4.39,4.39,4.39,,,0.33,0.33,0,0,1,VIIRS_SNPP_SP,N,1,0,0.0,1,0.0,comparison_area,,
EVT-DAHEJ-01643,2024-04-13 08:13:00+00:00,2024-04-13 08:13:00+00:00,21.75096,72.74128,21.75096,72.74128,1,2.31,2.31,2.31,,,0.33,0.33,0,0,1,VIIRS_SNPP_SP,N,1,0,0.0,1,0.0,dahej_core,,
EVT-DAHEJ-01644,2024-04-13 08:38:00+00:00,2024-04-13 08:38:00+00:00,21.90693,72.87573,21.90693,72.87573,1,8.43,8.43,8.43,,,0.33,0.33,0,0,1,VIIRS_NOAA20_SP,N20,1,0,0.0,1,0.0,comparison_area,,
EVT-DAHEJ-01645,2024-04-13 08:38:00+00:00,2024-04-13 08:38:00+00:00,21.45378,72.89859,21.45378,72.89859,1,2.47,2.47,2.47,,,0.33,0.33,0,0,1,VIIRS_NOAA20_SP,N20,1,0,0.0,1,0.0,comparison_area,,
EVT-DAHEJ-01646,2024-04-13 08:38:00+00:00,2024-04-13 08:38:00+00:00,22.04078,72.86413,22.04078,72.86413,1,7.88,7.88,7.88,,,0.33,0.33,0,0,1,VIIRS_NOAA20_SP,N20,1,0,0.0,1,0.0,comparison_area,,
EVT-DAHEJ-01647,2024-04-13 08:38:00+00:00,2024-04-13 08:38:00+00:00,21.96963,72.80863,21.96963,72.80863,1,13.22,13.22,13.22,,,0.66,0.66,0,0,1,VIIRS_NOAA20_SP,N20,1,0,0.0,1,0.0,comparison_area,,
EVT-DAHEJ-01648,2024-04-13 20:42:00+00:00,2024-04-14 20:48:00+00:00,21.43271,72.97542666666666,21.43296,72.97372,3,0.99,0.7466666666666667,0.66,0.21361959960016152,-0.3333333333333333,0.66,0.66,0,0,2,VIIRS_NOAA20_SP;VIIRS_SNPP_SP,N;N20,0,3,24.1,2,0.34774507903680435,comparison_area,,
EVT-DAHEJ-01649,2024-04-14 07:54:00+00:00,2024-04-14 07:54:00+00:00,22.071440000000003,72.66408,22.07271,72.66336,2,7.03,6.67,7.03,0.5091168824543147,0.11410459587955636,0.66,0.66,0,0,1,VIIRS_SNPP_SP,N,2,0,0.0,1,0.3190429493532607,comparison_area,,
EVT-DAHEJ-01650,2024-04-14 07:54:00+00:00,2024-04-14 08:19:00+00:00,21.82424333333333,72.95231333333334,21.82634,72.95145,3,5.28,2.9466666666666668,5.28,2.0207259421636903,1.9662921348314606,0.66,0.66,0,0,2,VIIRS_NOAA20_SP;VIIRS_SNPP_SP,N;N20,3,0,0.4166666666666667,1,0.4787567754494242,comparison_area,,
EVT-DAHEJ-01651,2024-04-14 08:19:00+00:00,2024-04-14 08:19:00+00:00,21.47418,72.79536,21.47418,72.79536,1,2.61,2.61,2.61,,,0.66,0.66,0,0,1,VIIRS_NOAA20_SP,N20,1,0,0.0,1,0.0,comparison_area,,
EVT-DAHEJ-01652,2024-04-14 08:19:00+00:00,2024-04-14 08:19:00+00:00,21.68274,72.78156,21.68274,72.78156,1,8.92,8.92,8.92,,,0.66,0.66,0,0,1,VIIRS_NOAA20_SP,N20,1,0,0.0,1,0.0,dahej_fringe,,
EVT-DAHEJ-01653,2024-04-14 08:19:00+00:00,2024-04-14 08:19:00+00:00,21.72959,72.84526,21.72959,72.84526,1,7.14,7.14,7.14,,,0.66,0.66,0,0,1,VIIRS_NOAA20_SP,N20,1,0,0.0,1,0.0,dahej_fringe,,
EVT-DAHEJ-01654,2024-04-15 07:35:00+00:00,2024-04-15 07:35:00+00:00,21.81301,72.88719,21.81335,72.88725,2,1.78,1.365,1.78,0.5868986283848344,0.873684210526316,0.66,0.66,0,0,1,VIIRS_SNPP_SP,N,2,0,0.0,1,0.07662073540816874,comparison_area,,
EVT-DAHEJ-01655,2024-04-15 07:35:00+00:00,2024-04-15 07:35:00+00:00,21.74574,72.93531,21.74574,72.93531,1,1.49,1.49,1.49,,,0.66,0.66,0,0,1,VIIRS_SNPP_SP,N,1,0,0.0,1,0.0,comparison_area,,
EVT-DAHEJ-01656,2024-04-15 08:01:00+00:00,2024-04-15 08:01:00+00:00,21.95903,72.81985,21.95903,72.81985,1,9.83,9.83,9.83,,,0.33,0.33,0,0,1,VIIRS_NOAA20_SP,N20,1,0,0.0,1,0.0,comparison_area,,
EVT-DAHEJ-01657,2024-04-15 08:01:00+00:00,2024-04-15 08:01:00+00:00,22.04015,72.66533,22.04015,72.66533,1,12.26,12.26,12.26,,,0.33,0.33,0,0,1,VIIRS_NOAA20_SP,N20,1,0,0.0,1,0.0,comparison_area,,
EVT-DAHEJ-01658,2024-04-15 08:01:00+00:00,2024-04-15 08:01:00+00:00,21.73826,72.76322,21.73826,72.76322,1,19.69,19.69,19.69,,,0.33,0.33,0,0,1,VIIRS_NOAA20_SP,N20,1,0,0.0,1,0.0,dahej_fringe,,
EVT-DAHEJ-01659,2024-04-16 07:42:00+00:00,2024-04-16 07:42:00+00:00,21.971615,72.949215,21.97277,72.94814,2,3.96,3.3899999999999997,3.96,0.8061017305526643,0.40425531914893625,0.66,0.66,0,0,1,VIIRS_NOAA20_SP,N20,2,0,0.0,1,0.33930927012391715,comparison_area,,
EVT-DAHEJ-01660,2024-04-16 07:42:00+00:00,2024-04-16 07:42:00+00:00,21.45277,72.98701,21.45277,72.98701,1,4.95,4.95,4.95,,,0.66,0.66,0,0,1,VIIRS_NOAA20_SP,N20,1,0,0.0,1,0.0,comparison_area,,
EVT-DAHEJ-01661,2024-04-16 07:42:00+00:00,2024-04-16 07:42:00+00:00,21.37656,72.91328,21.37656,72.91328,1,2.74,2.74,2.74,,,0.66,0.66,0,0,1,VIIRS_NOAA20_SP,N20,1,0,0.0,1,0.0,comparison_area,,
EVT-DAHEJ-01662,2024-04-16 08:57:00+00:00,2024-04-16 08:57:00+00:00,22.08242,72.90423,22.08242,72.90423,1,3.29,3.29,3.29,,,0.33,0.33,0,0,1,VIIRS_SNPP_SP,N,1,0,0.0,1,0.0,comparison_area,,
EVT-DAHEJ-01663,2024-04-16 08:57:00+00:00,2024-04-16 08:57:00+00:00,21.74269,72.62246,21.74269,72.62246,1,6.12,6.12,6.12,,,1.0,1.0,1,0,1,VIIRS_SNPP_SP,N,1,0,0.0,1,0.0,dahej_core,,
EVT-DAHEJ-01664,2024-04-16 08:57:00+00:00,2024-04-16 08:57:00+00:00,21.81564,72.77625,21.81564,72.77625,1,2.34,2.34,2.34,,,0.66,0.66,0,0,1,VIIRS_SNPP_SP,N,1,0,0.0,1,0.0,dahej_fringe,,
EVT-DAHEJ-01665,2024-04-17 08:38:00+00:00,2024-04-17 08:38:00+00:00,21.71413,72.92997,21.71413,72.92997,1,13.28,13.28,13.28,,,0.33,0.33,0,0,1,VIIRS_SNPP_SP,N,1,0,0.0,1,0.0,comparison_area,,
EVT-DAHEJ-01666,2024-04-17 08:38:00+00:00,2024-04-17 08:38:00+00:00,21.53345,72.81923,21.53345,72.81923,1,8.14,8.14,8.14,,,0.33,0.33,0,0,1,VIIRS_SNPP_SP,N,1,0,0.0,1,0.0,dahej_fringe,,
EVT-DAHEJ-01667,2024-04-17 08:38:00+00:00,2024-04-17 19:52:00+00:00,22.062675,72.712635,22.06128,72.71677,2,14.48,8.66,2.84,8.230722933011414,-0.8038674033149171,0.66,0.495,0,0,2,VIIRS_NOAA20_SP;VIIRS_SNPP_SP,N;N20,1,1,11.233333333333333,1,0.9069551483627212,comparison_area,,
EVT-DAHEJ-01668,2024-04-17 09:04:00+00:00,2024-04-17 09:04:00+00:00,21.738082499999997,72.683685,21.73816,72.68159,4,18.27,15.454999999999998,13.82,2.190410920352617,-0.24356869184455388,1.0,0.7450000000000001,1,0,1,VIIRS_NOAA20_SP,N20,4,0,0.0,1,0.4511800814405665,dahej_core,,
EVT-DAHEJ-01669,2024-04-17 09:04:00+00:00,2024-04-17 09:04:00+00:00,21.75521,72.93773,21.75521,72.93773,1,6.84,6.84,6.84,,,0.33,0.33,0,0,1,VIIRS_NOAA20_SP,N20,1,0,0.0,1,0.0,comparison_area,,
EVT-DAHEJ-01670,2024-04-17 21:07:00+00:00,2024-04-17 21:07:00+00:00,21.39538,72.95287,21.39538,72.95287,1,2.04,2.04,2.04,,,0.66,0.66,0,0,1,VIIRS_SNPP_SP,N,0,1,0.0,1,0.0,comparison_area,,
EVT-DAHEJ-01671,2024-04-18 08:19:00+00:00,2024-04-18 08:45:00+00:00,21.828445000000002,72.984035,21.83053,72.98296,2,8.26,6.79,5.32,2.0788939366884494,-0.35593220338983045,0.66,0.495,0,0,2,VIIRS_NOAA20_SP;VIIRS_SNPP_SP,N;N20,2,0,0.43333333333333335,1,0.5140570181492042,comparison_area,,
EVT-DAHEJ-01672,2024-04-18 08:19:00+00:00,2024-04-18 08:45:00+00:00,21.75416,72.84884,21.7564,72.84814,2,12.37,8.004999999999999,12.37,6.173042199758559,2.398351648351648,0.66,0.66,0,0,2,VIIRS_NOAA20_SP;VIIRS_SNPP_SP,N;N20,2,0,0.43333333333333335,1,0.5187124627241604,dahej_fringe,,
EVT-DAHEJ-01673,2024-04-18 08:19:00+00:00,2024-04-18 08:19:00+00:00,21.75299,72.67361,21.75299,72.67361,1,8.41,8.41,8.41,,,0.33,0.33,0,0,1,VIIRS_SNPP_SP,N,1,0,0.0,1,0.0,dahej_core,,
EVT-DAHEJ-01674,2024-04-18 08:19:00+00:00,2024-04-18 08:19:00+00:00,21.73555,72.88972,21.73555,72.88972,1,10.82,10.82,10.82,,,0.66,0.66,0,0,1,VIIRS_SNPP_SP,N,1,0,0.0,1,0.0,comparison_area,,
EVT-DAHEJ-01675,2024-04-18 08:19:00+00:00,2024-04-18 21:14:00+00:00,22.012986666666666,72.78489,22.01685,72.78339,3,9.03,4.286666666666666,1.36,4.145169879912442,-0.849390919158361,0.66,0.5499999999999999,0,0,2,VIIRS_NOAA20_SP;VIIRS_SNPP_SP,N;N20,1,2,12.916666666666666,1,0.823721573083716,comparison_area,,
EVT-DAHEJ-01676,2024-04-18 08:19:00+00:00,2024-04-18 08:19:00+00:00,22.05124,72.85346,22.05124,72.85346,1,9.79,9.79,9.79,,,0.33,0.33,0,0,1,VIIRS_SNPP_SP,N,1,0,0.0,1,0.0,comparison_area,,
EVT-DAHEJ-01677,2024-04-18 08:45:00+00:00,2024-04-18 08:45:00+00:00,21.98594,72.94219,21.98594,72.94219,1,8.14,8.14,8.14,,,0.66,0.66,0,0,1,VIIRS_NOAA20_SP,N20,1,0,0.0,1,0.0,comparison_area,,
EVT-DAHEJ-01678,2024-04-18 08:45:00+00:00,2024-04-18 08:45:00+00:00,21.98835,72.63312,21.98835,72.63312,1,14.69,14.69,14.69,,,0.33,0.33,0,0,1,VIIRS_NOAA20_SP,N20,1,0,0.0,1,0.0,comparison_area,,
EVT-DAHEJ-01679,2024-04-18 08:45:00+00:00,2024-04-18 08:45:00+00:00,21.96045,72.87334,21.96045,72.87334,1,7.09,7.09,7.09,,,0.66,0.66,0,0,1,VIIRS_NOAA20_SP,N20,1,0,0.0,1,0.0,comparison_area,,
EVT-DAHEJ-01680,2024-04-19 08:00:00+00:00,2024-04-19 08:26:00+00:00,21.98939,72.69888333333334,21.99021,72.69904,3,27.68,19.016666666666666,27.68,7.51413556793683,0.833112582781457,0.66,0.66,0,1,2,VIIRS_NOAA20_SP;VIIRS_SNPP_SP,N;N20,3,0,0.43333333333333335,1,0.3192848479043825,comparison_area,,
EVT-DAHEJ-01681,2024-04-19 08:00:00+00:00,2024-04-19 08:26:00+00:00,22.003193333333332,72.76635666666668,22.00244,72.76735,3,13.8,12.51,13.8,1.7716376604712376,0.042296072507552906,0.66,0.66,0,0,2,VIIRS_NOAA20_SP;VIIRS_SNPP_SP,N;N20,3,0,0.43333333333333335,1,0.5865871630273087,comparison_area,,
EVT-DAHEJ-01682,2024-04-19 08:00:00+00:00,2024-04-19 08:26:00+00:00,21.73042,72.6848,21.73004,72.68624,2,23.98,17.59,11.2,9.036824663564078,-0.5329441201000834,0.66,0.495,0,1,2,VIIRS_NOAA20_SP;VIIRS_SNPP_SP,N;N20,2,0,0.43333333333333335,1,0.3092547492826651,dahej_core,,
EVT-DAHEJ-01683,2024-04-19 08:00:00+00:00,2024-04-19 08:00:00+00:00,21.80907,72.94659,21.80907,72.94659,1,3.8,3.8,3.8,,,0.33,0.33,0,0,1,VIIRS_SNPP_SP,N,1,0,0.0,1,0.0,comparison_area,,
EVT-DAHEJ-01684,2024-04-19 08:00:00+00:00,2024-04-19 08:00:00+00:00,21.73907,72.9344,21.73907,72.9344,1,6.65,6.65,6.65,,,0.33,0.33,0,0,1,VIIRS_SNPP_SP,N,1,0,0.0,1,0.0,comparison_area,,
EVT-DAHEJ-01685,2024-04-19 08:00:00+00:00,2024-04-19 08:00:00+00:00,21.48033,72.73232,21.48033,72.73232,1,7.33,7.33,7.33,,,0.66,0.66,0,0,1,VIIRS_SNPP_SP,N,1,0,0.0,1,0.0,comparison_area,,
EVT-DAHEJ-01686,2024-04-19 08:26:00+00:00,2024-04-19 08:26:00+00:00,21.74069,72.87509,21.74069,72.87509,1,11.68,11.68,11.68,,,0.33,0.33,0,0,1,VIIRS_NOAA20_SP,N20,1,0,0.0,1,0.0,comparison_area,,
EVT-DAHEJ-01687,2024-04-20 07:42:00+00:00,2024-04-20 07:42:00+00:00,21.74805,72.57716,21.74805,72.57716,1,4.26,4.26,4.26,,,0.66,0.66,0,0,1,VIIRS_SNPP_SP,N,1,0,0.0,1,0.0,dahej_core,,
EVT-DAHEJ-01688,2024-04-20 07:42:00+00:00,2024-04-20 07:42:00+00:00,22.04328,72.83372,22.04328,72.83372,1,4.32,4.32,4.32,,,0.66,0.66,0,0,1,VIIRS_SNPP_SP,N,1,0,0.0,1,0.0,comparison_area,,
EVT-DAHEJ-01689,2024-04-20 07:42:00+00:00,2024-04-20 07:42:00+00:00,21.72462,72.66827,21.72462,72.66827,1,1.55,1.55,1.55,,,0.33,0.33,0,0,1,VIIRS_SNPP_SP,N,1,0,0.0,1,0.0,dahej_core,,
EVT-DAHEJ-01690,2024-04-20 07:42:00+00:00,2024-04-20 07:42:00+00:00,22.08993,72.82251,22.08993,72.82251,1,5.21,5.21,5.21,,,0.33,0.33,0,0,1,VIIRS_SNPP_SP,N,1,0,0.0,1,0.0,comparison_area,,
EVT-DAHEJ-01691,2024-04-20 08:07:00+00:00,2024-04-20 08:07:00+00:00,21.43384,72.88444,21.43384,72.88444,1,5.58,5.58,5.58,,,0.33,0.33,0,0,1,VIIRS_NOAA20_SP,N20,1,0,0.0,1,0.0,comparison_area,,
EVT-DAHEJ-01692,2024-04-21 07:49:00+00:00,2024-04-21 07:49:00+00:00,22.03569,72.78905,22.03569,72.78905,1,6.51,6.51,6.51,,,0.33,0.33,0,0,1,VIIRS_NOAA20_SP,N20,1,0,0.0,1,0.0,comparison_area,,
EVT-DAHEJ-01693,2024-04-21 09:03:00+00:00,2024-04-21 09:03:00+00:00,21.4141,72.67201,21.4141,72.67201,1,3.62,3.62,3.62,,,0.33,0.33,0,0,1,VIIRS_SNPP_SP,N,1,0,0.0,1,0.0,comparison_area,,
EVT-DAHEJ-01694,2024-04-21 19:51:00+00:00,2024-04-21 20:17:00+00:00,21.43134333333333,72.97522333333333,21.43052,72.97068,3,5.86,3.5066666666666664,5.86,2.038046450239379,1.5150214592274678,0.66,0.66,0,0,2,VIIRS_NOAA20_SP;VIIRS_SNPP_SP,N;N20,0,3,0.43333333333333335,1,0.7830956104972815,comparison_area,,
EVT-DAHEJ-01695,2024-04-22 07:30:00+00:00,2024-04-22 07:30:00+00:00,21.95026,72.8278,21.95026,72.8278,1,2.33,2.33,2.33,,,0.66,0.66,0,0,1,VIIRS_NOAA20_SP,N20,1,0,0.0,1,0.0,comparison_area,,
EVT-DAHEJ-01696,2024-04-22 08:44:00+00:00,2024-04-22 08:44:00+00:00,21.54031,72.77588,21.54031,72.77588,1,5.33,5.33,5.33,,,0.66,0.66,0,0,1,VIIRS_SNPP_SP,N,1,0,0.0,1,0.0,dahej_fringe,,
EVT-DAHEJ-01697,2024-04-22 08:44:00+00:00,2024-04-22 08:44:00+00:00,21.76332,72.89301,21.76332,72.89301,1,7.39,7.39,7.39,,,0.33,0.33,0,0,1,VIIRS_SNPP_SP,N,1,0,0.0,1,0.0,comparison_area,,
EVT-DAHEJ-01698,2024-04-22 09:10:00+00:00,2024-04-22 09:10:00+00:00,21.86629,72.71865,21.86629,72.71865,1,1.83,1.83,1.83,,,0.33,0.33,0,0,1,VIIRS_NOAA20_SP,N20,1,0,0.0,1,0.0,dahej_fringe,,
EVT-DAHEJ-01699,2024-04-22 19:59:00+00:00,2024-04-22 19:59:00+00:00,21.39512,72.95367,21.39512,72.95367,1,1.57,1.57,1.57,,,0.66,0.66,0,0,1,VIIRS_NOAA20_SP,N20,0,1,0.0,1,0.0,comparison_area,,
EVT-DAHEJ-01700,2024-04-23 08:25:00+00:00,2024-04-23 08:25:00+00:00,21.46565,72.9486,21.46565,72.9486,1,5.99,5.99,5.99,,,0.33,0.33,0,0,1,VIIRS_SNPP_SP,N,1,0,0.0,1,0.0,comparison_area,,
EVT-DAHEJ-01701,2024-04-23 08:25:00+00:00,2024-04-23 08:25:00+00:00,21.73996,72.84158,21.73996,72.84158,1,14.76,14.76,14.76,,,0.33,0.33,0,0,1,VIIRS_SNPP_SP,N,1,0,0.0,1,0.0,dahej_fringe,,
EVT-DAHEJ-01702,2024-04-23 08:25:00+00:00,2024-04-23 08:25:00+00:00,21.75962,72.85817,21.75962,72.85817,1,11.89,11.89,11.89,,,0.66,0.66,0,0,1,VIIRS_SNPP_SP,N,1,0,0.0,1,0.0,comparison_area,,
EVT-DAHEJ-01703,2024-04-23 08:26:00+00:00,2024-04-23 08:52:00+00:00,22.0773925,72.57444749999999,22.07715,72.57401,4,36.02,31.032500000000002,26.83,4.8586512188740905,-0.25513603553581354,0.66,0.66,0,4,2,VIIRS_NOAA20_SP;VIIRS_SNPP_SP,N;N20,4,0,0.43333333333333335,1,0.21772074186551227,comparison_area,,
EVT-DAHEJ-01704,2024-04-23 20:54:00+00:00,2024-04-23 20:54:00+00:00,21.92192,72.94463,21.92192,72.94463,1,2.59,2.59,2.59,,,0.66,0.66,0,0,1,VIIRS_SNPP_SP,N,0,1,0.0,1,0.0,comparison_area,,
EVT-DAHEJ-01705,2024-04-23 20:54:00+00:00,2024-04-23 21:20:00+00:00,21.793763333333334,72.64900999999999,21.79259,72.64847,3,2.4,2.11,2.34,0.4513313638558702,0.471698113207547,0.66,0.66,0,0,2,VIIRS_NOAA20_SP;VIIRS_SNPP_SP,N;N20,0,3,0.43333333333333335,1,0.30347605044766973,dahej_core,,
EVT-DAHEJ-01706,2024-04-24 08:07:00+00:00,2024-04-24 08:07:00+00:00,21.70829,72.92768,21.70829,72.92768,1,9.64,9.64,9.64,,,0.33,0.33,0,0,1,VIIRS_SNPP_SP,N,1,0,0.0,1,0.0,comparison_area,,
EVT-DAHEJ-01707,2024-04-24 08:07:00+00:00,2024-04-24 08:33:00+00:00,21.7742,72.90168,21.77363,72.90141,2,11.24,9.55,11.24,2.3900209204105303,0.4300254452926208,0.66,0.495,0,0,2,VIIRS_NOAA20_SP;VIIRS_SNPP_SP,N;N20,2,0,0.43333333333333335,1,0.13848474598667654,comparison_area,,
EVT-DAHEJ-01708,2024-04-24 08:07:00+00:00,2024-04-24 08:07:00+00:00,21.99498,72.80753,21.99498,72.80753,1,8.97,8.97,8.97,,,0.33,0.33,0,0,1,VIIRS_SNPP_SP,N,1,0,0.0,1,0.0,comparison_area,,
EVT-DAHEJ-01709,2024-04-24 08:33:00+00:00,2024-04-24 08:33:00+00:00,21.71148,72.83895,21.71148,72.83895,1,14.03,14.03,14.03,,,0.33,0.33,0,0,1,VIIRS_NOAA20_SP,N20,1,0,0.0,1,0.0,dahej_fringe,,
EVT-DAHEJ-01710,2024-04-24 21:01:00+00:00,2024-04-24 21:01:00+00:00,21.682405,72.630165,21.68312,72.6311,2,2.7,2.465,2.23,0.3323401871576775,-0.17407407407407413,0.66,0.66,0,0,1,VIIRS_NOAA20_SP,N20,0,2,0.0,1,0.25023753246158814,dahej_core,,
EVT-DAHEJ-01711,2024-04-25 07:48:00+00:00,2024-04-26 09:10:00+00:00,21.79512166666667,72.64816666666665,21.79541,72.64553,6,14.52,5.095,2.68,5.343533475145449,-0.6824644549763034,0.66,0.6050000000000001,0,0,2,VIIRS_NOAA20_SP;VIIRS_SNPP_SP,N;N20,4,2,25.366666666666667,2,0.6308481720661877,dahej_core,,
EVT-DAHEJ-01712,2024-04-25 07:48:00+00:00,2024-04-25 08:14:00+00:00,21.76764,72.77289,21.76674,72.77227,2,7.57,5.295,7.57,3.217335854398791,1.5066225165562916,0.66,0.495,0,0,2,VIIRS_NOAA20_SP;VIIRS_SNPP_SP,N;N20,2,0,0.43333333333333335,1,0.2376075695744203,dahej_fringe,,
EVT-DAHEJ-01713,2024-04-25 07:48:00+00:00,2024-04-25 07:48:00+00:00,22.04309,72.6719,22.04309,72.6719,1,12.07,12.07,12.07,,,0.66,0.66,0,0,1,VIIRS_SNPP_SP,N,1,0,0.0,1,0.0,comparison_area,,
EVT-DAHEJ-01714,2024-04-25 07:48:00+00:00,2024-04-25 08:14:00+00:00,21.977584999999998,72.85312,21.97673,72.85308,2,11.49,9.26,11.49,3.1536962440920018,0.6344238975817923,0.66,0.495,0,0,2,VIIRS_NOAA20_SP;VIIRS_SNPP_SP,N;N20,2,0,0.43333333333333335,1,0.19032244346762311,comparison_area,,
EVT-DAHEJ-01715,2024-04-25 08:14:00+00:00,2024-04-25 08:14:00+00:00,21.86806,72.73585,21.86806,72.73585,1,2.88,2.88,2.88,,,0.33,0.33,0,0,1,VIIRS_NOAA20_SP,N20,1,0,0.0,1,0.0,dahej_fringe,,
EVT-DAHEJ-01716,2024-04-25 08:14:00+00:00,2024-04-25 08:14:00+00:00,21.81635,72.65046,21.81635,72.65046,1,11.87,11.87,11.87,,,0.33,0.33,0,0,1,VIIRS_NOAA20_SP,N20,1,0,0.0,1,0.0,dahej_core,,
EVT-DAHEJ-01717,2024-04-26 07:29:00+00:00,2024-04-26 07:29:00+00:00,21.76041,72.86761,21.76041,72.86761,1,2.76,2.76,2.76,,,0.66,0.66,0,0,1,VIIRS_SNPP_SP,N,1,0,0.0,1,0.0,comparison_area,,
EVT-DAHEJ-01718,2024-04-26 07:55:00+00:00,2024-04-26 07:55:00+00:00,21.70205,72.77557,21.70205,72.77557,1,3.57,3.57,3.57,,,0.33,0.33,0,0,1,VIIRS_NOAA20_SP,N20,1,0,0.0,1,0.0,dahej_fringe,,
EVT-DAHEJ-01719,2024-04-26 07:55:00+00:00,2024-04-26 07:55:00+00:00,21.43374,72.7879,21.43374,72.7879,1,3.02,3.02,3.02,,,0.66,0.66,0,0,1,VIIRS_NOAA20_SP,N20,1,0,0.0,1,0.0,comparison_area,,
EVT-DAHEJ-01720,2024-04-26 20:24:00+00:00,2024-04-26 20:24:00+00:00,21.39657,72.95514,21.39657,72.95514,1,2.45,2.45,2.45,,,0.66,0.66,0,0,1,VIIRS_NOAA20_SP,N20,0,1,0.0,1,0.0,comparison_area,,
EVT-DAHEJ-01721,2024-04-27 07:36:00+00:00,2024-04-27 07:36:00+00:00,21.6346,72.9603,21.6346,72.9603,1,1.66,1.66,1.66,,,0.66,0.66,0,0,1,VIIRS_NOAA20_SP,N20,1,0,0.0,1,0.0,comparison_area,,
EVT-DAHEJ-01722,2024-04-27 07:36:00+00:00,2024-04-27 07:36:00+00:00,21.4893,72.68753,21.4893,72.68753,1,4.12,4.12,4.12,,,0.66,0.66,0,0,1,VIIRS_NOAA20_SP,N20,1,0,0.0,1,0.0,comparison_area,,
EVT-DAHEJ-01723,2024-04-28 08:32:00+00:00,2024-04-28 08:32:00+00:00,21.37275,72.67879,21.37275,72.67879,1,3.45,3.45,3.45,,,0.66,0.66,0,0,1,VIIRS_SNPP_SP,N,1,0,0.0,1,0.0,comparison_area,,
EVT-DAHEJ-01724,2024-04-28 08:32:00+00:00,2024-04-28 08:32:00+00:00,21.65642,72.83587,21.65642,72.83587,1,7.28,7.28,7.28,,,0.33,0.33,0,0,1,VIIRS_SNPP_SP,N,1,0,0.0,1,0.0,dahej_fringe,,
EVT-DAHEJ-01725,2024-04-28 08:32:00+00:00,2024-04-28 08:32:00+00:00,21.96849,72.97609,21.96849,72.97609,1,4.3,4.3,4.3,,,0.33,0.33,0,0,1,VIIRS_SNPP_SP,N,1,0,0.0,1,0.0,comparison_area,,
EVT-DAHEJ-01726,2024-04-28 08:32:00+00:00,2024-04-28 08:58:00+00:00,21.780435,72.8596,21.78149,72.85791,2,4.0,2.49,4.0,2.1354624791833734,3.0816326530612246,0.66,0.495,0,0,2,VIIRS_NOAA20_SP;VIIRS_SNPP_SP,N;N20,2,0,0.43333333333333335,1,0.4205409670853762,comparison_area,,
EVT-DAHEJ-01727,2024-04-28 08:32:00+00:00,2024-04-28 08:32:00+00:00,21.75647,72.83492,21.75647,72.83492,1,8.94,8.94,8.94,,,0.33,0.33,0,0,1,VIIRS_SNPP_SP,N,1,0,0.0,1,0.0,dahej_fringe,,
EVT-DAHEJ-01728,2024-04-28 08:32:00+00:00,2024-04-28 08:32:00+00:00,22.07224,72.69725,22.07224,72.69725,1,8.04,8.04,8.04,,,0.33,0.33,0,0,1,VIIRS_SNPP_SP,N,1,0,0.0,1,0.0,comparison_area,,
EVT-DAHEJ-01729,2024-04-28 08:58:00+00:00,2024-04-28 08:58:00+00:00,21.70725,72.556,21.70725,72.556,1,3.94,3.94,3.94,,,0.66,0.66,0,0,1,VIIRS_NOAA20_SP,N20,1,0,0.0,1,0.0,dahej_core,,
EVT-DAHEJ-01730,2024-04-28 08:58:00+00:00,2024-04-28 08:58:00+00:00,21.40418,72.6659,21.40418,72.6659,1,3.24,3.24,3.24,,,0.33,0.33,0,0,1,VIIRS_NOAA20_SP,N20,1,0,0.0,1,0.0,comparison_area,,
EVT-DAHEJ-01731,2024-04-28 08:58:00+00:00,2024-04-28 08:58:00+00:00,21.9903,72.78996,21.9903,72.78996,1,7.55,7.55,7.55,,,0.33,0.33,0,0,1,VIIRS_NOAA20_SP,N20,1,0,0.0,1,0.0,comparison_area,,
EVT-DAHEJ-01732,2024-04-28 21:26:00+00:00,2024-04-28 21:26:00+00:00,21.43503,72.97677,21.43503,72.97677,1,0.89,0.89,0.89,,,0.66,0.66,0,0,1,VIIRS_NOAA20_SP,N20,0,1,0.0,1,0.0,comparison_area,,
EVT-DAHEJ-01733,2024-04-29 08:13:00+00:00,2024-04-29 08:39:00+00:00,21.432166666666664,72.70942666666667,21.43281,72.70767,3,19.34,15.166666666666666,12.61,3.6446444728304206,-0.34798345398138575,0.66,0.44,0,0,2,VIIRS_NOAA20_SP;VIIRS_SNPP_SP,N;N20,3,0,0.43333333333333335,1,0.45227329313433784,comparison_area,,
EVT-DAHEJ-01734,2024-04-29 08:13:00+00:00,2024-04-29 08:13:00+00:00,21.82632,72.95855,21.82632,72.95855,1,5.26,5.26,5.26,,,0.33,0.33,0,0,1,VIIRS_SNPP_SP,N,1,0,0.0,1,0.0,comparison_area,,
EVT-DAHEJ-01735,2024-04-29 08:39:00+00:00,2024-04-29 08:39:00+00:00,21.41449,72.67204,21.41449,72.67204,1,16.03,16.03,16.03,,,0.66,0.66,0,0,1,VIIRS_NOAA20_SP,N20,1,0,0.0,1,0.0,comparison_area,,
EVT-DAHEJ-01736,2024-04-29 08:39:00+00:00,2024-04-29 08:39:00+00:00,21.7019,72.96193,21.7019,72.96193,1,24.19,24.19,24.19,,,0.33,0.33,0,1,1,VIIRS_NOAA20_SP,N20,1,0,0.0,1,0.0,comparison_area,,
EVT-DAHEJ-01737,2024-04-29 08:39:00+00:00,2024-04-29 08:39:00+00:00,22.02159,72.83485,22.02159,72.83485,1,6.77,6.77,6.77,,,0.33,0.33,0,0,1,VIIRS_NOAA20_SP,N20,1,0,0.0,1,0.0,comparison_area,,
EVT-DAHEJ-01738,2024-04-30 07:54:00+00:00,2024-04-30 07:54:00+00:00,21.44489,72.91148,21.44489,72.91148,1,10.36,10.36,10.36,,,0.66,0.66,0,0,1,VIIRS_SNPP_SP,N,1,0,0.0,1,0.0,comparison_area,,
EVT-DAHEJ-01739,2024-04-30 07:54:00+00:00,2024-04-30 07:54:00+00:00,21.81825,72.8544,21.81825,72.8544,1,3.13,3.13,3.13,,,0.33,0.33,0,0,1,VIIRS_SNPP_SP,N,1,0,0.0,1,0.0,comparison_area,,
EVT-DAHEJ-01740,2024-04-30 07:54:00+00:00,2024-04-30 07:54:00+00:00,21.79788,72.71583,21.79788,72.71583,1,13.29,13.29,13.29,,,0.66,0.66,0,0,1,VIIRS_SNPP_SP,N,1,0,0.0,1,0.0,dahej_core,,
EVT-DAHEJ-01741,2024-04-30 08:20:00+00:00,2024-04-30 08:20:00+00:00,22.03589,72.96087,22.03589,72.96087,1,5.76,5.76,5.76,,,0.66,0.66,0,0,1,VIIRS_NOAA20_SP,N20,1,0,0.0,1,0.0,comparison_area,,
EVT-DAHEJ-01742,2024-04-30 20:23:00+00:00,2024-05-01 20:30:00+00:00,21.395993333333333,72.95516333333335,21.39522,72.95493,3,2.11,1.2866666666666666,2.11,0.7539451792626127,0.8839285714285712,0.66,0.66,0,0,2,VIIRS_NOAA20_SP;VIIRS_SNPP_SP,N;N20,0,3,24.116666666666667,2,0.28638592319384526,comparison_area,,
EVT-DAHEJ-01743,2024-04-30 20:23:00+00:00,2024-04-30 20:49:00+00:00,21.431645,72.97746000000001,21.43103,72.97666,2,1.66,1.415,1.17,0.3464823227814083,-0.29518072289156627,0.66,0.66,0,0,2,VIIRS_NOAA20_SP;VIIRS_SNPP_SP,N;N20,0,2,0.43333333333333335,1,0.21478540778886157,comparison_area,,
EVT-DAHEJ-01744,2024-05-01 07:35:00+00:00,2024-05-01 08:01:00+00:00,21.928915999999997,72.672576,21.93283,72.67294,5,28.82,20.497999999999998,19.44,5.749949564996201,-0.3254684247050659,1.0,0.7300000000000001,2,2,2,VIIRS_NOAA20_SP;VIIRS_SNPP_SP,N;N20,5,0,0.43333333333333335,1,0.9343179970488955,dahej_fringe,,
EVT-DAHEJ-01745,2024-05-01 07:35:00+00:00,2024-05-01 07:35:00+00:00,21.41,72.66293,21.41,72.66293,1,8.73,8.73,8.73,,,0.66,0.66,0,0,1,VIIRS_SNPP_SP,N,1,0,0.0,1,0.0,comparison_area,,
EVT-DAHEJ-01746,2024-05-01 08:01:00+00:00,2024-05-01 08:01:00+00:00,21.41568,72.67503,21.41568,72.67503,1,21.73,21.73,21.73,,,0.33,0.33,0,1,1,VIIRS_NOAA20_SP,N20,1,0,0.0,1,0.0,comparison_area,,
EVT-DAHEJ-01747,2024-05-01 09:16:00+00:00,2024-05-01 09:16:00+00:00,21.42476,72.69205,21.42476,72.69205,1,6.94,6.94,6.94,,,0.66,0.66,0,0,1,VIIRS_SNPP_SP,N,1,0,0.0,1,0.0,comparison_area,,
EVT-DAHEJ-01748,2024-05-01 09:16:00+00:00,2024-05-01 09:16:00+00:00,21.69849,72.75983,21.69849,72.75983,1,6.78,6.78,6.78,,,1.0,1.0,1,0,1,VIIRS_SNPP_SP,N,1,0,0.0,1,0.0,dahej_fringe,,
EVT-DAHEJ-01749,2024-05-02 07:42:00+00:00,2024-05-02 07:42:00+00:00,21.7554,72.61282,21.7554,72.61282,1,10.7,10.7,10.7,,,0.66,0.66,0,0,1,VIIRS_NOAA20_SP,N20,1,0,0.0,1,0.0,dahej_core,,
EVT-DAHEJ-01750,2024-05-04 08:19:00+00:00,2024-05-04 08:19:00+00:00,21.36114,72.65199,21.36114,72.65199,1,9.12,9.12,9.12,,,0.66,0.66,0,0,1,VIIRS_SNPP_SP,N,1,0,0.0,1,0.0,comparison_area,,
EVT-DAHEJ-01751,2024-05-04 08:19:00+00:00,2024-05-04 08:19:00+00:00,21.81193,72.81172,21.81193,72.81172,1,2.69,2.69,2.69,,,0.33,0.33,0,0,1,VIIRS_SNPP_SP,N,1,0,0.0,1,0.0,dahej_fringe,,
EVT-DAHEJ-01752,2024-05-04 08:19:00+00:00,2024-05-04 08:19:00+00:00,21.71027,72.92388,21.71027,72.92388,1,9.95,9.95,9.95,,,0.33,0.33,0,0,1,VIIRS_SNPP_SP,N,1,0,0.0,1,0.0,comparison_area,,
EVT-DAHEJ-01753,2024-05-04 08:45:00+00:00,2024-05-04 08:45:00+00:00,21.88532,72.85534000000001,21.8839,72.85406,2,12.32,12.09,11.86,0.3252691193458125,-0.037337662337662406,0.66,0.495,0,0,1,VIIRS_NOAA20_SP,N20,2,0,0.0,1,0.41170157973149374,comparison_area,,
EVT-DAHEJ-01754,2024-05-04 08:45:00+00:00,2024-05-04 08:45:00+00:00,21.65792,72.9236,21.65792,72.9236,1,11.16,11.16,11.16,,,0.66,0.66,0,0,1,VIIRS_NOAA20_SP,N20,1,0,0.0,1,0.0,comparison_area,,
EVT-DAHEJ-01755,2024-05-04 08:45:00+00:00,2024-05-04 08:45:00+00:00,21.72651,72.66368,21.72651,72.66368,1,18.21,18.21,18.21,,,0.33,0.33,0,0,1,VIIRS_NOAA20_SP,N20,1,0,0.0,1,0.0,dahej_core,,
EVT-DAHEJ-01756,2024-05-04 08:45:00+00:00,2024-05-04 08:45:00+00:00,21.92752,72.9301,21.92752,72.9301,1,4.25,4.25,4.25,,,0.33,0.33,0,0,1,VIIRS_NOAA20_SP,N20,1,0,0.0,1,0.0,comparison_area,,
EVT-DAHEJ-01757,2024-05-05 08:00:00+00:00,2024-05-05 08:00:00+00:00,21.69227,72.77812,21.69227,72.77812,1,9.08,9.08,9.08,,,0.66,0.66,0,0,1,VIIRS_SNPP_SP,N,1,0,0.0,1,0.0,dahej_fringe,,
EVT-DAHEJ-01758,2024-05-05 08:00:00+00:00,2024-05-05 08:00:00+00:00,21.42139,72.88311,21.42139,72.88311,1,4.08,4.08,4.08,,,0.33,0.33,0,0,1,VIIRS_SNPP_SP,N,1,0,0.0,1,0.0,comparison_area,,
EVT-DAHEJ-01759,2024-05-05 08:00:00+00:00,2024-05-05 08:00:00+00:00,21.71896,72.88123,21.71896,72.88123,1,7.49,7.49,7.49,,,0.66,0.66,0,0,1,VIIRS_SNPP_SP,N,1,0,0.0,1,0.0,comparison_area,,
EVT-DAHEJ-01760,2024-05-05 08:00:00+00:00,2024-05-05 08:00:00+00:00,22.02507,72.92297,22.02507,72.92297,1,3.42,3.42,3.42,,,0.33,0.33,0,0,1,VIIRS_SNPP_SP,N,1,0,0.0,1,0.0,comparison_area,,
EVT-DAHEJ-01761,2024-05-05 08:26:00+00:00,2024-05-05 08:26:00+00:00,21.5002,72.97189,21.5002,72.97189,1,7.09,7.09,7.09,,,0.33,0.33,0,0,1,VIIRS_NOAA20_SP,N20,1,0,0.0,1,0.0,comparison_area,,
EVT-DAHEJ-01762,2024-05-05 20:29:00+00:00,2024-05-05 20:55:00+00:00,21.432333333333332,72.97523333333334,21.43329,72.97421,3,2.41,1.67,1.3,0.6408587988004847,-0.46058091286307057,0.66,0.66,0,0,2,VIIRS_NOAA20_SP;VIIRS_SNPP_SP,N;N20,0,3,0.43333333333333335,1,0.4141018703890403,comparison_area,,
EVT-DAHEJ-01763,2024-05-06 07:41:00+00:00,2024-05-06 07:41:00+00:00,21.78105,72.96453,21.78105,72.96453,1,3.53,3.53,3.53,,,0.33,0.33,0,0,1,VIIRS_SNPP_SP,N,1,0,0.0,1,0.0,comparison_area,,
EVT-DAHEJ-01764,2024-05-06 07:41:00+00:00,2024-05-06 07:41:00+00:00,21.69285,72.85548,21.69285,72.85548,1,8.46,8.46,8.46,,,0.66,0.66,0,0,1,VIIRS_SNPP_SP,N,1,0,0.0,1,0.0,comparison_area,,
EVT-DAHEJ-01765,2024-05-06 07:41:00+00:00,2024-05-06 07:41:00+00:00,21.41584,72.7773,21.41584,72.7773,1,4.44,4.44,4.44,,,1.0,1.0,1,0,1,VIIRS_SNPP_SP,N,1,0,0.0,1,0.0,comparison_area,,
EVT-DAHEJ-01766,2024-05-06 07:42:00+00:00,2024-05-06 08:07:00+00:00,22.019175,72.82444,22.01846,72.82368,2,14.2,8.565,14.2,7.9690934239723905,3.8464163822525594,0.33,0.33,0,0,2,VIIRS_NOAA20_SP;VIIRS_SNPP_SP,N;N20,2,0,0.4166666666666667,1,0.22323763221964166,comparison_area,,
EVT-DAHEJ-01767,2024-05-06 07:42:00+00:00,2024-05-06 07:42:00+00:00,22.08387,72.97855,22.08387,72.97855,1,1.6,1.6,1.6,,,0.66,0.66,0,0,1,VIIRS_SNPP_SP,N,1,0,0.0,1,0.0,comparison_area,,
EVT-DAHEJ-01768,2024-05-07 07:48:00+00:00,2024-05-07 07:48:00+00:00,21.72490666666667,72.94817333333333,21.72288,72.94801,3,9.08,6.566666666666666,5.31,2.1766105148448895,0.0,0.66,0.5499999999999999,0,0,1,VIIRS_NOAA20_SP,N20,3,0,0.0,1,0.5228704494809102,comparison_area,,
EVT-DAHEJ-01769,2024-05-07 07:48:00+00:00,2024-05-07 07:48:00+00:00,22.05311,72.62691,22.05311,72.62691,1,16.91,16.91,16.91,,,0.33,0.33,0,0,1,VIIRS_NOAA20_SP,N20,1,0,0.0,1,0.0,comparison_area,,
EVT-DAHEJ-01770,2024-05-07 09:03:00+00:00,2024-05-07 09:03:00+00:00,21.80191,72.77593,21.80204,72.77557,2,1.91,1.49,1.91,0.5939696961966998,0.7850467289719625,0.66,0.495,0,0,1,VIIRS_SNPP_SP,N,2,0,0.0,1,0.07975822652021095,dahej_fringe,,
EVT-DAHEJ-01771,2024-05-08 07:30:00+00:00,2024-05-08 09:10:00+00:00,21.6201,72.811892,21.61971,72.81333,5,8.25,7.772,7.97,0.39726565419124776,-0.03393939393939397,0.66,0.5940000000000001,0,0,2,VIIRS_NOAA20_SP;VIIRS_SNPP_SP,N;N20,5,0,1.6666666666666667,1,0.516501824393416,dahej_fringe,,
EVT-DAHEJ-01772,2024-05-08 08:44:00+00:00,2024-05-08 08:44:00+00:00,22.06706,72.94279,22.06706,72.94279,1,1.56,1.56,1.56,,,0.33,0.33,0,0,1,VIIRS_SNPP_SP,N,1,0,0.0,1,0.0,comparison_area,,
EVT-DAHEJ-01773,2024-05-08 08:44:00+00:00,2024-05-08 08:44:00+00:00,21.75571,72.85537,21.75571,72.85537,1,5.27,5.27,5.27,,,0.66,0.66,0,0,1,VIIRS_SNPP_SP,N,1,0,0.0,1,0.0,comparison_area,,
EVT-DAHEJ-01774,2024-05-08 08:44:00+00:00,2024-05-08 09:10:00+00:00,22.0233675,72.76924,22.02462,72.76598,4,10.79,6.5225,2.3,4.875861462346935,-0.7850467289719625,0.66,0.66,0,0,2,VIIRS_NOAA20_SP;VIIRS_SNPP_SP,N;N20,4,0,0.43333333333333335,1,0.7937140540232572,comparison_area,,
EVT-DAHEJ-01775,2024-05-08 08:44:00+00:00,2024-05-08 08:44:00+00:00,21.79361,72.76727,21.79361,72.76727,1,4.0,4.0,4.0,,,0.33,0.33,0,0,1,VIIRS_SNPP_SP,N,1,0,0.0,1,0.0,dahej_fringe,,
EVT-DAHEJ-01776,2024-05-08 19:58:00+00:00,2024-05-08 19:58:00+00:00,21.43452,72.97614,21.43452,72.97614,1,2.1,2.1,2.1,,,0.66,0.66,0,0,1,VIIRS_NOAA20_SP,N20,0,1,0.0,1,0.0,comparison_area,,
EVT-DAHEJ-01777,2024-05-08 21:13:00+00:00,2024-05-08 21:13:00+00:00,21.39396,72.94514,21.39396,72.94514,1,0.95,0.95,0.95,,,0.66,0.66,0,0,1,VIIRS_SNPP_SP,N,0,1,0.0,1,0.0,comparison_area,,
EVT-DAHEJ-01778,2024-05-09 08:25:00+00:00,2024-05-09 08:51:00+00:00,22.08654,72.80263333333333,22.08991,72.80447,3,9.95,8.26,7.58,1.4728543716199505,-0.23819095477386928,0.66,0.5499999999999999,0,0,2,VIIRS_NOAA20_SP;VIIRS_SNPP_SP,N;N20,3,0,0.43333333333333335,1,0.7240207480027316,comparison_area,,
EVT-DAHEJ-01779,2024-05-09 08:25:00+00:00,2024-05-09 08:25:00+00:00,21.36074,72.79635,21.36074,72.79635,1,2.52,2.52,2.52,,,0.33,0.33,0,0,1,VIIRS_SNPP_SP,N,1,0,0.0,1,0.0,comparison_area,,
EVT-DAHEJ-01780,2024-05-09 08:25:00+00:00,2024-05-09 08:25:00+00:00,22.01887,72.84395,22.01887,72.84395,1,7.1,7.1,7.1,,,0.66,0.66,0,0,1,VIIRS_SNPP_SP,N,1,0,0.0,1,0.0,comparison_area,,
EVT-DAHEJ-01781,2024-05-09 08:25:00+00:00,2024-05-09 08:25:00+00:00,21.73835,72.95618,21.73835,72.95618,1,5.16,5.16,5.16,,,0.33,0.33,0,0,1,VIIRS_SNPP_SP,N,1,0,0.0,1,0.0,comparison_area,,
EVT-DAHEJ-01782,2024-05-09 08:25:00+00:00,2024-05-10 08:07:00+00:00,21.92104,72.67144142857144,21.92373,72.66913,7,20.3,15.985714285714284,14.24,2.9910859630066193,-0.29852216748768473,0.66,0.6128571428571429,0,2,2,VIIRS_NOAA20_SP;VIIRS_SNPP_SP,N;N20,7,0,23.7,2,0.6992104552474533,dahej_fringe,,
EVT-DAHEJ-01783,2024-05-09 08:25:00+00:00,2024-05-09 08:25:00+00:00,21.82452,72.7052,21.82452,72.7052,1,12.05,12.05,12.05,,,0.66,0.66,0,0,1,VIIRS_SNPP_SP,N,1,0,0.0,1,0.0,dahej_core,,
EVT-DAHEJ-01784,2024-05-09 08:25:00+00:00,2024-05-09 08:25:00+00:00,21.42861,72.78919,21.42861,72.78919,1,3.69,3.69,3.69,,,0.33,0.33,0,0,1,VIIRS_SNPP_SP,N,1,0,0.0,1,0.0,comparison_area,,
EVT-DAHEJ-01785,2024-05-09 08:51:00+00:00,2024-05-09 08:51:00+00:00,21.77692,72.83947,21.77692,72.83947,1,2.71,2.71,2.71,,,0.33,0.33,0,0,1,VIIRS_NOAA20_SP,N20,1,0,0.0,1,0.0,dahej_fringe,,
EVT-DAHEJ-01786,2024-05-09 20:54:00+00:00,2024-05-09 20:54:00+00:00,22.09846,72.96712,22.09846,72.96712,1,1.11,1.11,1.11,,,0.66,0.66,0,0,1,VIIRS_SNPP_SP,N,0,1,0.0,1,0.0,comparison_area,,
EVT-DAHEJ-01787,2024-05-09 20:54:00+00:00,2024-05-09 20:54:00+00:00,21.79451,72.64647,21.79451,72.64647,1,0.52,0.52,0.52,,,0.66,0.66,0,0,1,VIIRS_SNPP_SP,N,0,1,0.0,1,0.0,dahej_core,,
EVT-DAHEJ-01788,2024-05-10 08:06:00+00:00,2024-05-10 08:06:00+00:00,21.53374,72.89838,21.53374,72.89838,1,2.66,2.66,2.66,,,0.33,0.33,0,0,1,VIIRS_SNPP_SP,N,1,0,0.0,1,0.0,comparison_area,,
EVT-DAHEJ-01789,2024-05-10 08:06:00+00:00,2024-05-10 08:32:00+00:00,21.502825,72.716935,21.50281,72.71758,2,5.54,5.33,5.12,0.2969848480983499,-0.07581227436823103,0.66,0.66,0,0,2,VIIRS_NOAA20_SP;VIIRS_SNPP_SP,N;N20,2,0,0.43333333333333335,1,0.13349972632975976,dahej_fringe,,
EVT-DAHEJ-01790,2024-05-10 08:07:00+00:00,2024-05-10 08:07:00+00:00,21.7965,72.85075,21.7965,72.85075,1,4.45,4.45,4.45,,,0.66,0.66,0,0,1,VIIRS_SNPP_SP,N,1,0,0.0,1,0.0,comparison_area,,
EVT-DAHEJ-01791,2024-05-10 08:32:00+00:00,2024-05-10 08:32:00+00:00,21.61865,72.88228,21.61865,72.88228,1,10.5,10.5,10.5,,,0.66,0.66,0,0,1,VIIRS_NOAA20_SP,N20,1,0,0.0,1,0.0,comparison_area,,
EVT-DAHEJ-01792,2024-05-11 08:13:00+00:00,2024-05-11 08:13:00+00:00,21.8984,72.89215,21.8984,72.89215,1,3.62,3.62,3.62,,,0.33,0.33,0,0,1,VIIRS_NOAA20_SP,N20,1,0,0.0,1,0.0,comparison_area,,
EVT-DAHEJ-01793,2024-05-11 08:13:00+00:00,2024-05-11 08:13:00+00:00,21.66394,72.25564,21.66394,72.25564,1,16.1,16.1,16.1,,,0.33,0.33,0,0,1,VIIRS_NOAA20_SP,N20,1,0,0.0,1,0.0,comparison_area,,
EVT-DAHEJ-01794,2024-05-12 07:54:00+00:00,2024-05-12 07:54:00+00:00,21.48589,72.71475,21.48589,72.71475,1,3.11,3.11,3.11,,,0.66,0.66,0,0,1,VIIRS_NOAA20_SP,N20,1,0,0.0,1,0.0,comparison_area,,
EVT-DAHEJ-01795,2024-05-12 07:54:00+00:00,2024-05-12 07:54:00+00:00,21.40015,72.67478,21.40015,72.67478,1,3.95,3.95,3.95,,,0.33,0.33,0,0,1,VIIRS_NOAA20_SP,N20,1,0,0.0,1,0.0,comparison_area,,
EVT-DAHEJ-01796,2024-05-12 07:55:00+00:00,2024-05-12 07:55:00+00:00,22.01238,72.76871,22.01238,72.76871,1,11.89,11.89,11.89,,,0.66,0.66,0,0,1,VIIRS_NOAA20_SP,N20,1,0,0.0,1,0.0,comparison_area,,
EVT-DAHEJ-01797,2024-05-12 07:55:00+00:00,2024-05-12 07:55:00+00:00,22.00216,72.80593,22.00216,72.80593,1,8.31,8.31,8.31,,,0.66,0.66,0,0,1,VIIRS_NOAA20_SP,N20,1,0,0.0,1,0.0,comparison_area,,
EVT-DAHEJ-01798,2024-05-12 07:55:00+00:00,2024-05-12 07:55:00+00:00,21.90335,72.68076,21.90335,72.68076,1,6.09,6.09,6.09,,,0.66,0.66,0,0,1,VIIRS_NOAA20_SP,N20,1,0,0.0,1,0.0,dahej_fringe,,
EVT-DAHEJ-01799,2024-05-12 09:09:00+00:00,2024-05-12 09:09:00+00:00,21.92977,72.54848,21.92977,72.54848,1,8.42,8.42,8.42,,,0.66,0.66,0,0,1,VIIRS_SNPP_SP,N,1,0,0.0,1,0.0,dahej_fringe,,
EVT-DAHEJ-01800,2024-05-12 20:23:00+00:00,2024-05-12 20:23:00+00:00,21.43467,72.97652,21.43467,72.97652,1,1.03,1.03,1.03,,,0.66,0.66,0,0,1,VIIRS_NOAA20_SP,N20,0,1,0.0,1,0.0,comparison_area,,
EVT-DAHEJ-01801,2024-05-13 07:36:00+00:00,2024-05-13 07:36:00+00:00,22.08145,72.76257,22.08145,72.76257,1,2.2,2.2,2.2,,,0.66,0.66,0,0,1,VIIRS_NOAA20_SP,N20,1,0,0.0,1,0.0,comparison_area,,
EVT-DAHEJ-01802,2024-05-13 07:36:00+00:00,2024-05-13 07:36:00+00:00,22.09455,72.768,22.09455,72.768,1,1.84,1.84,1.84,,,0.66,0.66,0,0,1,VIIRS_NOAA20_SP,N20,1,0,0.0,1,0.0,comparison_area,,
EVT-DAHEJ-01803,2024-05-14 08:32:00+00:00,2024-05-14 08:32:00+00:00,21.76696,72.84403,21.76696,72.84403,1,1.88,1.88,1.88,,,0.33,0.33,0,0,1,VIIRS_SNPP_SP,N,1,0,0.0,1,0.0,dahej_fringe,,
EVT-DAHEJ-01804,2024-05-14 08:32:00+00:00,2024-05-14 08:57:00+00:00,21.68575,72.537205,21.68595,72.53658,2,15.09,9.41,3.73,8.032733034279179,-0.7528164347249834,0.66,0.66,0,0,2,VIIRS_NOAA20_SP;VIIRS_SNPP_SP,N;N20,2,0,0.4166666666666667,1,0.13660049267511543,dahej_core,,
EVT-DAHEJ-01805,2024-05-14 08:57:00+00:00,2024-05-14 08:57:00+00:00,21.59611,72.82152,21.59611,72.82152,1,4.82,4.82,4.82,,,0.66,0.66,0,0,1,VIIRS_NOAA20_SP,N20,1,0,0.0,1,0.0,dahej_fringe,,
EVT-DAHEJ-01806,2024-05-15 08:13:00+00:00,2024-05-15 08:13:00+00:00,21.77872,72.86938,21.77872,72.86938,1,8.23,8.23,8.23,,,0.33,0.33,0,0,1,VIIRS_SNPP_SP,N,1,0,0.0,1,0.0,comparison_area,,
EVT-DAHEJ-01807,2024-05-15 08:13:00+00:00,2024-05-15 08:38:00+00:00,21.53445,72.981415,21.53429,72.98212,2,8.63,7.6000000000000005,6.57,1.4566399692442884,-0.238702201622248,0.66,0.495,0,0,2,VIIRS_NOAA20_SP;VIIRS_SNPP_SP,N;N20,2,0,0.4166666666666667,1,0.15011897465696386,comparison_area,,
EVT-DAHEJ-01808,2024-05-15 08:38:00+00:00,2024-05-15 08:38:00+00:00,21.7563,72.93477,21.7563,72.93477,1,16.31,16.31,16.31,,,0.66,0.66,0,0,1,VIIRS_NOAA20_SP,N20,1,0,0.0,1,0.0,comparison_area,,
EVT-DAHEJ-01809,2024-05-15 08:38:00+00:00,2024-05-15 08:38:00+00:00,21.727420000000002,72.655795,21.72935,72.65553,2,13.17,13.17,13.17,0.0,0.0,0.66,0.66,0,0,1,VIIRS_NOAA20_SP,N20,2,0,0.0,1,0.4326904054428358,dahej_core,,
EVT-DAHEJ-01810,2024-05-15 20:42:00+00:00,2024-05-16 08:19:00+00:00,21.421976666666666,72.96846666666667,21.42209,72.96649,6,10.54,5.556666666666666,3.83,3.014933940680403,0.18575851393188858,0.66,0.6050000000000001,0,0,2,VIIRS_NOAA20_SP;VIIRS_SNPP_SP,N;N20,3,3,11.616666666666667,2,0.4829461385107592,comparison_area,,
EVT-DAHEJ-01811,2024-05-15 21:07:00+00:00,2024-05-15 21:07:00+00:00,21.43368,72.97644,21.43368,72.97644,1,2.91,2.91,2.91,,,0.66,0.66,0,0,1,VIIRS_NOAA20_SP,N20,0,1,0.0,1,0.0,comparison_area,,
EVT-DAHEJ-01812,2024-05-16 08:19:00+00:00,2024-05-16 08:19:00+00:00,21.61349,72.92499,21.61349,72.92499,1,0.67,0.67,0.67,,,0.33,0.33,0,0,1,VIIRS_NOAA20_SP,N20,1,0,0.0,1,0.0,comparison_area,,
EVT-DAHEJ-01813,2024-05-16 08:20:00+00:00,2024-05-16 08:20:00+00:00,21.97929,72.80397,21.97929,72.80397,1,8.68,8.68,8.68,,,0.33,0.33,0,0,1,VIIRS_NOAA20_SP,N20,1,0,0.0,1,0.0,comparison_area,,
EVT-DAHEJ-01814,2024-05-16 20:23:00+00:00,2024-05-16 20:23:00+00:00,21.905951666666663,72.75564,21.90588,72.75868,6,2.8,1.235,0.98,0.7764470361846969,-0.10091743119266064,0.66,0.66,0,0,1,VIIRS_SNPP_SP,N,0,6,0.0,1,0.6502783557377745,dahej_fringe,,
EVT-DAHEJ-01815,2024-05-17 08:01:00+00:00,2024-05-17 08:01:00+00:00,21.95966,72.81435,21.95966,72.81435,1,24.54,24.54,24.54,,,0.66,0.66,0,1,1,VIIRS_NOAA20_SP,N20,1,0,0.0,1,0.0,comparison_area,,
EVT-DAHEJ-01816,2024-05-18 07:42:00+00:00,2024-05-18 07:42:00+00:00,22.09727,72.57129,22.09727,72.57129,1,16.27,16.27,16.27,,,0.66,0.66,0,0,1,VIIRS_NOAA20_SP,N20,1,0,0.0,1,0.0,comparison_area,,
EVT-DAHEJ-01817,2024-05-18 07:42:00+00:00,2024-05-18 07:42:00+00:00,21.6702,72.54145,21.6702,72.54145,1,9.4,9.4,9.4,,,1.0,1.0,1,0,1,VIIRS_NOAA20_SP,N20,1,0,0.0,1,0.0,dahej_core,,
EVT-DAHEJ-01818,2024-05-18 07:42:00+00:00,2024-05-18 07:42:00+00:00,21.79133,72.64895,21.79133,72.64895,1,7.41,7.41,7.41,,,0.66,0.66,0,0,1,VIIRS_NOAA20_SP,N20,1,0,0.0,1,0.0,dahej_core,,
EVT-DAHEJ-01819,2024-05-18 08:57:00+00:00,2024-05-18 08:57:00+00:00,22.05759,72.61259,22.05759,72.61259,1,8.1,8.1,8.1,,,0.66,0.66,0,0,1,VIIRS_SNPP_SP,N,1,0,0.0,1,0.0,comparison_area,,
EVT-DAHEJ-01820,2024-05-19 07:23:00+00:00,2024-05-19 07:23:00+00:00,22.01433,72.81683,22.01433,72.81683,1,2.64,2.64,2.64,,,0.66,0.66,0,0,1,VIIRS_NOAA20_SP,N20,1,0,0.0,1,0.0,comparison_area,,
EVT-DAHEJ-01821,2024-05-19 08:38:00+00:00,2024-05-19 08:38:00+00:00,22.0054,72.76306,22.0054,72.76306,1,16.66,16.66,16.66,,,0.66,0.66,0,0,1,VIIRS_SNPP_SP,N,1,0,0.0,1,0.0,comparison_area,,
EVT-DAHEJ-01822,2024-05-19 08:38:00+00:00,2024-05-19 08:38:00+00:00,21.82854,72.64919,21.82854,72.64919,1,18.25,18.25,18.25,,,0.33,0.33,0,0,1,VIIRS_SNPP_SP,N,1,0,0.0,1,0.0,dahej_core,,
EVT-DAHEJ-01823,2024-05-19 09:03:00+00:00,2024-05-19 09:03:00+00:00,21.59461,72.80241,21.59461,72.80241,1,4.53,4.53,4.53,,,0.33,0.33,0,0,1,VIIRS_NOAA20_SP,N20,1,0,0.0,1,0.0,dahej_fringe,,
EVT-DAHEJ-01824,2024-05-19 09:03:00+00:00,2024-05-19 09:03:00+00:00,21.95259,72.80502,21.95278,72.80725,2,7.62,7.62,7.62,0.0,0.0,0.66,0.66,0,0,1,VIIRS_NOAA20_SP,N20,2,0,0.0,1,0.4619086157002049,comparison_area,,
EVT-DAHEJ-01825,2024-05-19 21:07:00+00:00,2024-05-19 21:32:00+00:00,21.4323925,72.975315,21.43248,72.97457,4,4.58,3.0925000000000002,2.05,1.2080942292166894,-0.42577030812324934,0.66,0.66,0,0,2,VIIRS_NOAA20_SP;VIIRS_SNPP_SP,N;N20,0,4,0.4166666666666667,1,0.4076726722254265,comparison_area,,
EVT-DAHEJ-01826,2024-05-20 08:19:00+00:00,2024-05-20 08:19:00+00:00,21.45556,72.79836,21.45556,72.79836,1,2.36,2.36,2.36,,,0.33,0.33,0,0,1,VIIRS_SNPP_SP,N,1,0,0.0,1,0.0,comparison_area,,
EVT-DAHEJ-01827,2024-05-20 08:19:00+00:00,2024-05-20 08:44:00+00:00,21.82786,72.85396,21.82932,72.85349,2,4.15,3.89,3.63,0.367695526217005,-0.1253012048192772,0.66,0.66,0,0,2,VIIRS_NOAA20_SP;VIIRS_SNPP_SP,N;N20,2,0,0.4166666666666667,1,0.33887770551132634,comparison_area,,
EVT-DAHEJ-01828,2024-05-20 08:19:00+00:00,2024-05-20 08:19:00+00:00,21.53195,72.74666,21.53195,72.74666,1,8.8,8.8,8.8,,,0.66,0.66,0,0,1,VIIRS_SNPP_SP,N,1,0,0.0,1,0.0,dahej_fringe,,
EVT-DAHEJ-01829,2024-05-20 08:19:00+00:00,2024-05-20 08:19:00+00:00,21.55471,72.78442,21.55471,72.78442,1,5.85,5.85,5.85,,,0.66,0.66,0,0,1,VIIRS_SNPP_SP,N,1,0,0.0,1,0.0,dahej_fringe,,
EVT-DAHEJ-01830,2024-05-20 08:44:00+00:00,2024-05-20 08:44:00+00:00,21.41571,72.86372,21.41571,72.86372,1,3.6,3.6,3.6,,,0.66,0.66,0,0,1,VIIRS_NOAA20_SP,N20,1,0,0.0,1,0.0,comparison_area,,
EVT-DAHEJ-01831,2024-05-20 08:45:00+00:00,2024-05-20 08:45:00+00:00,22.01674,72.64341,22.01674,72.64341,1,10.42,10.42,10.42,,,0.66,0.66,0,0,1,VIIRS_NOAA20_SP,N20,1,0,0.0,1,0.0,comparison_area,,
EVT-DAHEJ-01832,2024-05-20 08:45:00+00:00,2024-05-20 08:45:00+00:00,22.042,72.74956,22.042,72.74956,1,10.66,10.66,10.66,,,0.66,0.66,0,0,1,VIIRS_NOAA20_SP,N20,1,0,0.0,1,0.0,comparison_area,,
EVT-DAHEJ-01833,2024-05-20 20:48:00+00:00,2024-05-20 21:13:00+00:00,21.84136,72.980325,21.84142,72.9817,2,1.46,1.345,1.46,0.1626345596729059,0.18699186991869918,0.66,0.66,0,0,2,VIIRS_NOAA20_SP;VIIRS_SNPP_SP,N;N20,0,2,0.4166666666666667,1,0.28414982517349674,comparison_area,,
EVT-DAHEJ-01834,2024-05-21 08:00:00+00:00,2024-05-21 08:00:00+00:00,21.77392,72.9365,21.77392,72.9365,1,8.19,8.19,8.19,,,0.33,0.33,0,0,1,VIIRS_SNPP_SP,N,1,0,0.0,1,0.0,comparison_area,,
EVT-DAHEJ-01835,2024-05-21 08:00:00+00:00,2024-05-21 08:00:00+00:00,21.74804,72.68476,21.74804,72.68476,1,20.14,20.14,20.14,,,0.66,0.66,0,1,1,VIIRS_SNPP_SP,N,1,0,0.0,1,0.0,dahej_core,,
EVT-DAHEJ-01836,2024-05-21 08:26:00+00:00,2024-05-21 08:26:00+00:00,22.00665,72.84161,22.00665,72.84161,1,13.41,13.41,13.41,,,0.66,0.66,0,0,1,VIIRS_NOAA20_SP,N20,1,0,0.0,1,0.0,comparison_area,,
EVT-DAHEJ-01837,2024-05-21 20:29:00+00:00,2024-05-21 20:54:00+00:00,21.43092,72.84047,21.42953,72.84129,3,3.31,2.9600000000000004,2.6,0.35510561809129404,-0.12457912457912461,0.66,0.66,0,0,2,VIIRS_NOAA20_SP;VIIRS_SNPP_SP,N;N20,0,3,0.4166666666666667,1,0.338274498897467,comparison_area,,
EVT-DAHEJ-01838,2024-05-21 20:54:00+00:00,2024-05-22 07:41:00+00:00,21.794445,72.647395,21.79394,72.64651,2,9.92,5.36,9.92,6.448813844421314,11.399999999999999,0.66,0.66,0,0,2,VIIRS_NOAA20_SP;VIIRS_SNPP_SP,N;N20,1,1,10.783333333333333,2,0.21449811870444407,dahej_core,,
EVT-DAHEJ-01839,2024-05-22 07:41:00+00:00,2024-05-22 08:07:00+00:00,21.75931,72.84054499999999,21.76045,72.83973,2,8.2,7.01,8.2,1.6829141392239824,0.4089347079037799,0.66,0.495,0,0,2,VIIRS_NOAA20_SP;VIIRS_SNPP_SP,N;N20,2,0,0.43333333333333335,1,0.30432077002771535,dahej_fringe,,
EVT-DAHEJ-01840,2024-05-22 07:41:00+00:00,2024-05-22 07:41:00+00:00,22.05754,72.9819,22.05754,72.9819,1,2.78,2.78,2.78,,,0.66,0.66,0,0,1,VIIRS_SNPP_SP,N,1,0,0.0,1,0.0,comparison_area,,
EVT-DAHEJ-01841,2024-05-22 20:35:00+00:00,2024-05-22 20:35:00+00:00,21.91246,72.99844,21.91246,72.99844,1,0.98,0.98,0.98,,,0.66,0.66,0,0,1,VIIRS_NOAA20_SP,N20,0,1,0.0,1,0.0,comparison_area,,
EVT-DAHEJ-01842,2024-05-23 07:48:00+00:00,2024-05-23 09:03:00+00:00,21.62952,72.81343000000001,21.62958,72.81354,2,17.63,10.045,2.46,10.726809870599926,-0.8604651162790697,0.66,0.66,0,0,2,VIIRS_NOAA20_SP;VIIRS_SNPP_SP,N;N20,2,0,1.25,1,0.02636612411316092,dahej_fringe,,
EVT-DAHEJ-01843,2024-05-23 09:03:00+00:00,2024-05-23 09:03:00+00:00,21.9049,72.75853,21.9049,72.75853,1,9.17,9.17,9.17,,,0.66,0.66,0,0,1,VIIRS_SNPP_SP,N,1,0,0.0,1,0.0,dahej_fringe,,
EVT-DAHEJ-01844,2024-05-24 07:29:00+00:00,2024-05-24 07:29:00+00:00,21.99166,72.79487,21.99166,72.79487,1,9.14,9.14,9.14,,,0.33,0.33,0,0,1,VIIRS_NOAA20_SP,N20,1,0,0.0,1,0.0,comparison_area,,
EVT-DAHEJ-01845,2024-05-24 07:29:00+00:00,2024-05-24 07:29:00+00:00,22.02249,72.81452,22.02249,72.81452,1,2.8,2.8,2.8,,,0.66,0.66,0,0,1,VIIRS_NOAA20_SP,N20,1,0,0.0,1,0.0,comparison_area,,
EVT-DAHEJ-01846,2024-05-24 21:13:00+00:00,2024-05-24 21:13:00+00:00,22.04923,72.98196,22.04923,72.98196,1,3.98,3.98,3.98,,,0.66,0.66,0,0,1,VIIRS_SNPP_SP,N,0,1,0.0,1,0.0,comparison_area,,
EVT-DAHEJ-01847,2024-05-24 21:13:00+00:00,2024-05-24 21:13:00+00:00,21.68746,72.534,21.68746,72.534,1,0.66,0.66,0.66,,,0.66,0.66,0,0,1,VIIRS_SNPP_SP,N,0,1,0.0,1,0.0,dahej_core,,
EVT-DAHEJ-01848,2024-05-25 08:25:00+00:00,2024-05-25 08:25:00+00:00,22.03973,72.86942,22.03973,72.86942,1,4.24,4.24,4.24,,,0.33,0.33,0,0,1,VIIRS_SNPP_SP,N,1,0,0.0,1,0.0,comparison_area,,
EVT-DAHEJ-01849,2024-05-25 08:25:00+00:00,2024-05-25 08:25:00+00:00,22.09822,72.61935,22.09822,72.61935,1,14.37,14.37,14.37,,,0.33,0.33,0,0,1,VIIRS_SNPP_SP,N,1,0,0.0,1,0.0,comparison_area,,
EVT-DAHEJ-01850,2024-05-25 08:25:00+00:00,2024-05-25 08:25:00+00:00,21.72856,72.85636,21.72856,72.85636,1,9.8,9.8,9.8,,,0.66,0.66,0,0,1,VIIRS_SNPP_SP,N,1,0,0.0,1,0.0,comparison_area,,
EVT-DAHEJ-01851,2024-05-25 08:25:00+00:00,2024-05-25 08:25:00+00:00,21.59492,72.9255,21.59492,72.9255,1,2.21,2.21,2.21,,,0.66,0.66,0,0,1,VIIRS_SNPP_SP,N,1,0,0.0,1,0.0,comparison_area,,
EVT-DAHEJ-01852,2024-05-25 08:25:00+00:00,2024-05-25 08:25:00+00:00,21.99642,72.85668,21.99642,72.85668,1,2.24,2.24,2.24,,,0.33,0.33,0,0,1,VIIRS_SNPP_SP,N,1,0,0.0,1,0.0,comparison_area,,
EVT-DAHEJ-01853,2024-05-25 20:54:00+00:00,2024-05-25 21:19:00+00:00,21.79352,72.64833333333333,21.79407,72.64861,3,3.24,2.25,2.52,1.1490430801323335,1.5454545454545454,0.66,0.66,0,0,2,VIIRS_NOAA20_SP;VIIRS_SNPP_SP,N;N20,0,3,0.4166666666666667,1,0.2708370150397867,dahej_core,,
EVT-DAHEJ-01854,2024-05-26 08:06:00+00:00,2024-05-26 08:06:00+00:00,21.71995,72.54953,21.71965,72.55096,4,12.33,8.942499999999999,6.14,2.574715194605674,-0.5020275750202757,0.66,0.49500000000000005,0,0,1,VIIRS_SNPP_SP,N,4,0,0.0,1,0.49264920037583876,dahej_core,,
EVT-DAHEJ-01855,2024-05-26 08:32:00+00:00,2024-05-26 08:32:00+00:00,21.94783,72.94378,21.94783,72.94378,1,3.75,3.75,3.75,,,0.66,0.66,0,0,1,VIIRS_NOAA20_SP,N20,1,0,0.0,1,0.0,comparison_area,,
EVT-DAHEJ-01856,2024-05-26 08:32:00+00:00,2024-05-26 08:32:00+00:00,21.54573,72.8967,21.54573,72.8967,1,5.81,5.81,5.81,,,0.66,0.66,0,0,1,VIIRS_NOAA20_SP,N20,1,0,0.0,1,0.0,comparison_area,,
EVT-DAHEJ-01857,2024-05-26 20:35:00+00:00,2024-05-26 20:35:00+00:00,22.010655,72.825035,22.00886,72.82475,2,1.58,1.425,1.27,0.21920310216782976,-0.19620253164556964,0.66,0.66,0,0,1,VIIRS_SNPP_SP,N,0,2,0.0,1,0.40349207204393356,comparison_area,,
EVT-DAHEJ-01858,2024-05-27 20:42:00+00:00,2024-05-29 20:04:00+00:00,21.685533636363633,72.53709454545454,21.68768,72.53602,11,6.17,2.8954545454545455,1.33,1.5639268757609073,0.7051282051282052,0.66,0.63,0,0,2,VIIRS_NOAA20_SP;VIIRS_SNPP_SP,N;N20,5,6,47.36666666666667,3,0.9817210777526266,dahej_core,,
EVT-DAHEJ-01859,2024-05-27 20:42:00+00:00,2024-05-27 20:42:00+00:00,21.97991,72.87861,21.97991,72.87861,1,0.53,0.53,0.53,,,0.66,0.66,0,0,1,VIIRS_NOAA20_SP,N20,0,1,0.0,1,0.0,comparison_area,,
EVT-DAHEJ-01860,2024-05-29 21:19:00+00:00,2024-05-30 21:25:00+00:00,21.684718750000002,72.53944625,21.68374,72.54356,8,2.32,1.62,1.05,0.4177148719948982,-0.4230769230769231,0.66,0.66,0,0,2,VIIRS_NOAA20_SP;VIIRS_SNPP_SP,N;N20,1,7,24.1,2,0.8580623405735426,dahej_core,,
EVT-DAHEJ-01861,2024-05-31 08:38:00+00:00,2024-06-01 20:48:00+00:00,21.68464857142857,72.53512714285714,21.68031,72.5343,7,5.24,2.684285714285714,0.65,1.8947370718462686,-0.7509578544061303,0.66,0.5185714285714286,0,0,1,VIIRS_NOAA20_SP,N20,4,3,36.166666666666664,2,0.8941994257525141,dahej_core,,
EVT-DAHEJ-01862,2024-06-01 08:19:00+00:00,2024-06-01 08:19:00+00:00,21.86265,72.91483,21.86265,72.91483,1,2.55,2.55,2.55,,,0.66,0.66,0,0,1,VIIRS_NOAA20_SP,N20,1,0,0.0,1,0.0,comparison_area,,
EVT-DAHEJ-01863,2024-06-01 08:19:00+00:00,2024-06-01 08:19:00+00:00,21.98929,72.90015,21.98929,72.90015,1,5.7,5.7,5.7,,,0.66,0.66,0,0,1,VIIRS_NOAA20_SP,N20,1,0,0.0,1,0.0,comparison_area,,
EVT-DAHEJ-01864,2024-06-01 08:19:00+00:00,2024-06-01 08:19:00+00:00,21.57002,72.88638,21.57002,72.88638,1,2.99,2.99,2.99,,,0.66,0.66,0,0,1,VIIRS_NOAA20_SP,N20,1,0,0.0,1,0.0,comparison_area,,
EVT-DAHEJ-01865,2024-06-01 20:48:00+00:00,2024-06-01 20:48:00+00:00,21.89132,72.77991,21.89132,72.77991,1,0.95,0.95,0.95,,,0.66,0.66,0,0,1,VIIRS_NOAA20_SP,N20,0,1,0.0,1,0.0,dahej_fringe,,
EVT-DAHEJ-01866,2024-06-01 20:48:00+00:00,2024-06-01 20:48:00+00:00,21.79285,72.64868,21.79285,72.64868,1,1.33,1.33,1.33,,,0.66,0.66,0,0,1,VIIRS_NOAA20_SP,N20,0,1,0.0,1,0.0,dahej_core,,
EVT-DAHEJ-01867,2024-06-02 08:00:00+00:00,2024-06-02 08:00:00+00:00,22.06067,72.68112,22.06067,72.68112,1,11.38,11.38,11.38,,,0.33,0.33,0,0,1,VIIRS_NOAA20_SP,N20,1,0,0.0,1,0.0,comparison_area,,
EVT-DAHEJ-01868,2024-06-02 20:29:00+00:00,2024-06-02 20:29:00+00:00,21.90641,72.75737,21.90641,72.75737,1,4.13,4.13,4.13,,,0.66,0.66,0,0,1,VIIRS_NOAA20_SP,N20,0,1,0.0,1,0.0,dahej_fringe,,
EVT-DAHEJ-01869,2024-06-05 08:18:00+00:00,2024-06-05 08:18:00+00:00,21.41033,72.98946,21.41033,72.98946,1,3.2,3.2,3.2,,,0.33,0.33,0,0,1,VIIRS_SNPP_SP,N,1,0,0.0,1,0.0,comparison_area,,
EVT-DAHEJ-01870,2024-06-05 08:19:00+00:00,2024-06-05 08:19:00+00:00,22.02192,72.82886,22.02192,72.82886,1,7.71,7.71,7.71,,,0.66,0.66,0,0,1,VIIRS_SNPP_SP,N,1,0,0.0,1,0.0,comparison_area,,
EVT-DAHEJ-01871,2024-06-05 08:19:00+00:00,2024-06-05 08:19:00+00:00,22.00126,72.91617,22.00126,72.91617,1,9.3,9.3,9.3,,,0.66,0.66,0,0,1,VIIRS_SNPP_SP,N,1,0,0.0,1,0.0,comparison_area,,
EVT-DAHEJ-01872,2024-06-05 08:19:00+00:00,2024-06-05 08:19:00+00:00,21.96698,72.89174,21.96698,72.89174,1,8.15,8.15,8.15,,,0.66,0.66,0,0,1,VIIRS_SNPP_SP,N,1,0,0.0,1,0.0,comparison_area,,
EVT-DAHEJ-01873,2024-06-05 08:44:00+00:00,2024-06-05 08:44:00+00:00,22.003839999999997,72.77141,22.0036,72.76927,2,25.1,20.240000000000002,25.1,6.873077913133243,0.6319895968790638,0.66,0.66,0,1,1,VIIRS_NOAA20_SP,N20,2,0,0.0,1,0.44446502949734995,comparison_area,,
EVT-DAHEJ-01874,2024-06-06 08:00:00+00:00,2024-06-06 08:25:00+00:00,21.60492,72.79800800000001,21.60636,72.7941,5,19.64,16.348000000000003,16.35,3.2456078013216576,0.09511051574012068,1.0,0.728,1,0,2,VIIRS_NOAA20_SP;VIIRS_SNPP_SP,N;N20,5,0,0.4166666666666667,1,0.718607861833958,dahej_fringe,,
EVT-DAHEJ-01875,2024-06-06 08:00:00+00:00,2024-06-06 08:00:00+00:00,21.94767,72.87528,21.94767,72.87528,1,8.81,8.81,8.81,,,0.33,0.33,0,0,1,VIIRS_SNPP_SP,N,1,0,0.0,1,0.0,comparison_area,,
EVT-DAHEJ-01876,2024-06-06 08:00:00+00:00,2024-06-06 08:25:00+00:00,22.013146666666668,72.86514,22.01405,72.86514,3,16.23,9.713333333333333,9.16,6.25837305801862,-0.43561306223043744,0.66,0.66,0,0,2,VIIRS_NOAA20_SP;VIIRS_SNPP_SP,N;N20,3,0,0.4166666666666667,1,0.2691400269774441,comparison_area,,
EVT-DAHEJ-01877,2024-06-06 08:25:00+00:00,2024-06-06 08:25:00+00:00,21.36381,72.73387,21.36381,72.73387,1,7.87,7.87,7.87,,,0.66,0.66,0,0,1,VIIRS_NOAA20_SP,N20,1,0,0.0,1,0.0,comparison_area,,
EVT-DAHEJ-01878,2024-06-06 08:25:00+00:00,2024-06-06 08:25:00+00:00,21.58307,72.89346,21.58307,72.89346,1,5.09,5.09,5.09,,,0.33,0.33,0,0,1,VIIRS_NOAA20_SP,N20,1,0,0.0,1,0.0,comparison_area,,
EVT-DAHEJ-01879,2024-06-06 20:54:00+00:00,2024-06-06 20:54:00+00:00,21.9073,72.68462,21.9073,72.68462,1,0.64,0.64,0.64,,,0.66,0.66,0,0,1,VIIRS_NOAA20_SP,N20,0,1,0.0,1,0.0,dahej_fringe,,
EVT-DAHEJ-01880,2024-06-07 08:06:00+00:00,2024-06-07 08:06:00+00:00,21.36417,72.65456,21.36417,72.65456,1,5.6,5.6,5.6,,,0.33,0.33,0,0,1,VIIRS_NOAA20_SP,N20,1,0,0.0,1,0.0,comparison_area,,
EVT-DAHEJ-01881,2024-06-08 07:47:00+00:00,2024-06-08 07:47:00+00:00,21.6264,72.81318,21.6264,72.81318,1,5.95,5.95,5.95,,,0.66,0.66,0,0,1,VIIRS_NOAA20_SP,N20,1,0,0.0,1,0.0,dahej_fringe,,
EVT-DAHEJ-01882,2024-06-09 08:43:00+00:00,2024-06-09 08:43:00+00:00,21.62741,72.8141,21.62741,72.8141,1,7.2,7.2,7.2,,,0.66,0.66,0,0,1,VIIRS_SNPP_SP,N,1,0,0.0,1,0.0,dahej_fringe,,
EVT-DAHEJ-01883,2024-06-09 08:44:00+00:00,2024-06-09 08:44:00+00:00,22.00378,72.74224,22.00378,72.74224,1,13.59,13.59,13.59,,,0.66,0.66,0,0,1,VIIRS_SNPP_SP,N,1,0,0.0,1,0.0,comparison_area,,
EVT-DAHEJ-01884,2024-06-09 09:09:00+00:00,2024-06-09 09:09:00+00:00,21.68876,72.87614,21.68876,72.87614,1,6.64,6.64,6.64,,,0.66,0.66,0,0,1,VIIRS_NOAA20_SP,N20,1,0,0.0,1,0.0,comparison_area,,
EVT-DAHEJ-01885,2024-06-10 20:53:00+00:00,2024-06-10 20:53:00+00:00,21.39643,72.95467,21.39643,72.95467,1,0.64,0.64,0.64,,,0.66,0.66,0,0,1,VIIRS_SNPP_SP,N,0,1,0.0,1,0.0,comparison_area,,
EVT-DAHEJ-01886,2024-06-11 08:31:00+00:00,2024-06-11 08:31:00+00:00,21.46135,72.79703,21.46135,72.79703,1,3.87,3.87,3.87,,,0.66,0.66,0,0,1,VIIRS_NOAA20_SP,N20,1,0,0.0,1,0.0,comparison_area,,
EVT-DAHEJ-01887,2024-06-11 08:31:00+00:00,2024-06-11 08:31:00+00:00,21.72199,72.75117,21.72199,72.75117,1,10.81,10.81,10.81,,,0.66,0.66,0,0,1,VIIRS_NOAA20_SP,N20,1,0,0.0,1,0.0,dahej_fringe,,
EVT-DAHEJ-01888,2024-06-11 20:34:00+00:00,2024-06-12 07:47:00+00:00,21.72594666666667,72.72128666666667,21.72535,72.7216,3,4.09,2.986666666666667,4.09,1.0950951252440737,1.1526315789473685,0.66,0.66,0,0,1,VIIRS_SNPP_SP,N,2,1,11.216666666666667,2,0.26990221523420554,dahej_core,,
EVT-DAHEJ-01889,2024-06-11 21:00:00+00:00,2024-06-11 21:00:00+00:00,21.6337,72.99586,21.6337,72.99586,1,0.89,0.89,0.89,,,0.66,0.66,0,0,1,VIIRS_NOAA20_SP,N20,0,1,0.0,1,0.0,comparison_area,,
EVT-DAHEJ-01890,2024-06-13 07:28:00+00:00,2024-06-13 07:28:00+00:00,22.07954,72.88837,22.07954,72.88837,1,1.58,1.58,1.58,,,0.66,0.66,0,0,1,VIIRS_SNPP_SP,N,1,0,0.0,1,0.0,comparison_area,,
EVT-DAHEJ-01891,2024-06-13 07:53:00+00:00,2024-06-13 07:53:00+00:00,21.90092,72.72046,21.90092,72.72046,1,5.96,5.96,5.96,,,0.66,0.66,0,0,1,VIIRS_NOAA20_SP,N20,1,0,0.0,1,0.0,dahej_fringe,,
EVT-DAHEJ-01892,2024-06-13 07:53:00+00:00,2024-06-13 07:53:00+00:00,21.71404,72.97697,21.71404,72.97697,1,1.46,1.46,1.46,,,0.66,0.66,0,0,1,VIIRS_NOAA20_SP,N20,1,0,0.0,1,0.0,comparison_area,,
EVT-DAHEJ-01893,2024-06-14 07:34:00+00:00,2024-06-14 07:34:00+00:00,21.92213,72.69431,21.92213,72.69431,1,2.73,2.73,2.73,,,0.66,0.66,0,0,1,VIIRS_NOAA20_SP,N20,1,0,0.0,1,0.0,dahej_fringe,,
EVT-DAHEJ-01894,2024-06-16 08:12:00+00:00,2024-06-16 08:12:00+00:00,21.63013,72.81115,21.63013,72.81115,1,2.95,2.95,2.95,,,0.33,0.33,0,0,1,VIIRS_SNPP_SP,N,1,0,0.0,1,0.0,dahej_fringe,,
EVT-DAHEJ-01895,2024-06-16 08:12:00+00:00,2024-06-16 08:12:00+00:00,22.03088,72.58652,22.03088,72.58652,1,11.35,11.35,11.35,,,0.33,0.33,0,0,1,VIIRS_SNPP_SP,N,1,0,0.0,1,0.0,comparison_area,,
EVT-DAHEJ-01896,2024-06-17 08:18:00+00:00,2024-06-17 08:18:00+00:00,21.79046,72.74963,21.79046,72.74963,1,3.68,3.68,3.68,,,0.33,0.33,0,0,1,VIIRS_NOAA20_SP,N20,1,0,0.0,1,0.0,dahej_core,,
EVT-DAHEJ-01897,2024-06-17 08:18:00+00:00,2024-06-17 08:18:00+00:00,22.03584,72.91119,22.03584,72.91119,1,7.24,7.24,7.24,,,0.66,0.66,0,0,1,VIIRS_NOAA20_SP,N20,1,0,0.0,1,0.0,comparison_area,,
EVT-DAHEJ-01898,2024-06-18 20:28:00+00:00,2024-06-18 20:28:00+00:00,21.79511,72.64605,21.79511,72.64605,1,2.27,2.27,2.27,,,0.66,0.66,0,0,1,VIIRS_NOAA20_SP,N20,0,1,0.0,1,0.0,dahej_core,,
EVT-DAHEJ-01899,2024-08-30 20:59:00+00:00,2024-08-30 20:59:00+00:00,21.79367,72.64636,21.79367,72.64636,1,1.37,1.37,1.37,,,0.66,0.66,0,0,1,VIIRS_NOAA20_SP,N20,0,1,0.0,1,0.0,dahej_core,,
EVT-DAHEJ-01900,2024-09-20 20:41:00+00:00,2024-09-20 21:04:00+00:00,21.671383333333335,72.53801666666666,21.67277,72.53802,3,2.78,2.403333333333333,2.32,0.34268547289509266,0.09952606635071089,0.66,0.66,0,0,2,VIIRS_NOAA20_SP;VIIRS_SNPP_SP,N;N20,0,3,0.38333333333333336,1,0.29037495043562167,dahej_core,,
EVT-DAHEJ-01901,2024-09-22 20:27:00+00:00,2024-09-22 20:27:00+00:00,21.673115,72.53657,21.67418,72.53732,2,0.71,0.495,0.71,0.3040559159102154,1.5357142857142854,0.66,0.66,0,0,1,VIIRS_NOAA20_SP,N20,0,2,0.0,1,0.28305693367207874,dahej_core,,
EVT-DAHEJ-01902,2024-10-02 08:10:00+00:00,2024-10-02 08:10:00+00:00,21.69932,72.54212,21.69932,72.54212,1,3.45,3.45,3.45,,,0.66,0.66,0,0,1,VIIRS_NOAA20_SP,N20,1,0,0.0,1,0.0,dahej_core,,
EVT-DAHEJ-01903,2024-10-08 07:34:00+00:00,2024-10-08 20:27:00+00:00,21.68650857142857,72.55949571428572,21.68621,72.56293,7,33.54,14.12,5.69,14.307269713913508,-0.7891030392883617,0.66,0.66,0,3,2,VIIRS_NOAA20_SP;VIIRS_SNPP_SP,N;N20,3,4,12.883333333333333,1,0.7180696456994695,dahej_core,,
EVT-DAHEJ-01904,2024-10-15 21:12:00+00:00,2024-10-15 21:12:00+00:00,21.67278,72.54088,21.67278,72.54088,1,2.13,2.13,2.13,,,0.66,0.66,0,0,1,VIIRS_SNPP_SP,N,0,1,0.0,1,0.0,dahej_core,,
EVT-DAHEJ-01905,2024-10-24 07:58:00+00:00,2024-10-24 07:58:00+00:00,22.07543,72.84362,22.07543,72.84362,1,4.79,4.79,4.79,,,0.66,0.66,0,0,1,VIIRS_NOAA20_SP,N20,1,0,0.0,1,0.0,comparison_area,,
EVT-DAHEJ-01906,2024-10-25 20:08:00+00:00,2024-10-27 08:18:00+00:00,21.671298571428572,72.54064000000001,21.67124,72.5346,7,26.32,5.121428571428572,26.32,9.384805855870484,31.097560975609756,0.66,0.66,0,1,2,VIIRS_NOAA20_SP;VIIRS_SNPP_SP,N;N20,4,3,36.166666666666664,3,0.8900376078614874,dahej_core,,
EVT-DAHEJ-01907,2024-10-28 07:59:00+00:00,2024-10-28 07:59:00+00:00,22.07639,72.84393,22.07639,72.84393,1,1.95,1.95,1.95,,,0.66,0.66,0,0,1,VIIRS_SNPP_SP,N,1,0,0.0,1,0.0,comparison_area,,
EVT-DAHEJ-01908,2024-10-28 20:28:00+00:00,2024-10-28 20:28:00+00:00,21.35496,72.96421,21.35496,72.96421,1,0.77,0.77,0.77,,,0.66,0.66,0,0,1,VIIRS_SNPP_SP,N,0,1,0.0,1,0.0,comparison_area,,
EVT-DAHEJ-01909,2024-10-28 20:28:00+00:00,2024-10-28 20:28:00+00:00,21.695059999999998,72.602875,21.69595,72.60233,2,0.75,0.735,0.75,0.021213203435596444,0.041666666666666706,0.66,0.66,0,0,1,VIIRS_SNPP_SP,N,0,2,0.0,1,0.227723128052779,dahej_core,,
EVT-DAHEJ-01910,2024-11-05 21:42:00+00:00,2024-11-05 21:42:00+00:00,21.796435000000002,72.647705,21.79744,72.64816,2,0.84,0.62,0.4,0.31112698372208086,-0.5238095238095237,0.66,0.66,0,0,1,VIIRS_NOAA20_SP,N20,0,2,0.0,1,0.24244681366870874,dahej_core,,
EVT-DAHEJ-01911,2024-11-08 08:17:00+00:00,2024-11-08 08:17:00+00:00,22.07271,72.89281,22.07271,72.89281,1,2.9,2.9,2.9,,,0.33,0.33,0,0,1,VIIRS_NOAA20_SP,N20,1,0,0.0,1,0.0,comparison_area,,
EVT-DAHEJ-01912,2024-11-10 07:39:00+00:00,2024-11-10 08:56:00+00:00,21.686006,72.562118,21.68347,72.56471,10,52.8,27.762000000000008,2.68,18.74616986065272,-0.9249930030786454,1.0,0.6620000000000001,2,6,2,VIIRS_NOAA20_SP;VIIRS_SNPP_SP,N;N20,10,0,1.2833333333333334,1,0.7990430877022279,dahej_core,,
EVT-DAHEJ-01913,2024-11-10 07:39:00+00:00,2024-11-10 07:39:00+00:00,21.46034,72.92841,21.46034,72.92841,1,3.52,3.52,3.52,,,0.66,0.66,0,0,1,VIIRS_NOAA20_SP,N20,1,0,0.0,1,0.0,comparison_area,,
EVT-DAHEJ-01914,2024-11-10 08:56:00+00:00,2024-11-10 08:56:00+00:00,21.759985,72.71472,21.75805,72.71558,2,2.63,2.235,1.84,0.5586143571373724,-0.3003802281368821,0.66,0.495,0,0,1,VIIRS_SNPP_SP,N,2,0,0.0,1,0.4655439206147601,dahej_core,,
EVT-DAHEJ-01915,2024-11-12 20:47:00+00:00,2024-11-12 20:47:00+00:00,21.39392,72.76408,21.39392,72.76408,1,0.45,0.45,0.45,,,0.66,0.66,0,0,1,VIIRS_SNPP_SP,N,0,1,0.0,1,0.0,comparison_area,,
EVT-DAHEJ-01916,2024-11-17 08:24:00+00:00,2024-11-17 08:24:00+00:00,21.74863,72.66759,21.74863,72.66759,1,3.14,3.14,3.14,,,0.33,0.33,0,0,1,VIIRS_SNPP_SP,N,1,0,0.0,1,0.0,dahej_core,,
EVT-DAHEJ-01917,2024-11-18 08:05:00+00:00,2024-11-18 08:05:00+00:00,21.40293,72.89562,21.40293,72.89562,1,8.7,8.7,8.7,,,0.66,0.66,0,0,1,VIIRS_SNPP_SP,N,1,0,0.0,1,0.0,comparison_area,,
EVT-DAHEJ-01918,2024-11-18 08:29:00+00:00,2024-11-18 08:29:00+00:00,21.89079,72.78008,21.89079,72.78008,1,1.34,1.34,1.34,,,0.66,0.66,0,0,1,VIIRS_NOAA20_SP,N20,1,0,0.0,1,0.0,dahej_fringe,,
EVT-DAHEJ-01919,2024-11-19 08:10:00+00:00,2024-11-19 08:10:00+00:00,21.50048,72.86992,21.50048,72.86992,1,2.91,2.91,2.91,,,0.66,0.66,0,0,1,VIIRS_NOAA20_SP,N20,1,0,0.0,1,0.0,comparison_area,,
EVT-DAHEJ-01920,2024-11-19 08:11:00+00:00,2024-11-19 08:11:00+00:00,21.89021,72.896695,21.88821,72.89507,2,3.11,3.11,3.11,0.0,0.0,0.66,0.66,0,0,1,VIIRS_NOAA20_SP,N20,2,0,0.0,1,0.5570229300004743,comparison_area,,
EVT-DAHEJ-01921,2024-11-19 20:15:00+00:00,2024-11-19 20:39:00+00:00,21.381693333333335,72.74191333333333,21.37927,72.7418,3,2.23,1.7433333333333334,0.77,0.8429313930168536,-0.6547085201793722,0.66,0.66,0,0,2,VIIRS_NOAA20_SP;VIIRS_SNPP_SP,N;N20,0,3,0.4,1,0.5397912041441669,comparison_area,,
EVT-DAHEJ-01922,2024-11-20 07:52:00+00:00,2024-11-20 07:52:00+00:00,21.60547,72.97338,21.60547,72.97338,1,2.75,2.75,2.75,,,0.66,0.66,0,0,1,VIIRS_NOAA20_SP,N20,1,0,0.0,1,0.0,comparison_area,,
EVT-DAHEJ-01923,2024-11-20 09:08:00+00:00,2024-11-20 09:08:00+00:00,21.35168,72.81088,21.35168,72.81088,1,2.83,2.83,2.83,,,0.66,0.66,0,0,1,VIIRS_SNPP_SP,N,1,0,0.0,1,0.0,comparison_area,,
EVT-DAHEJ-01924,2024-11-20 20:21:00+00:00,2024-11-20 20:21:00+00:00,21.39391,72.79935,21.39391,72.79935,1,0.67,0.67,0.67,,,0.66,0.66,0,0,1,VIIRS_NOAA20_SP,N20,0,1,0.0,1,0.0,comparison_area,,
EVT-DAHEJ-01925,2024-11-23 08:12:00+00:00,2024-11-23 08:12:00+00:00,21.892124000000003,72.897624,21.89183,72.9001,5,3.39,3.178,3.39,0.2902929554777382,0.18531468531468542,0.66,0.66,0,0,1,VIIRS_SNPP_SP,N,5,0,0.0,1,0.8203193249029023,comparison_area,,
EVT-DAHEJ-01926,2024-11-23 20:40:00+00:00,2024-11-23 20:40:00+00:00,21.43285,72.97689,21.43285,72.97689,1,0.83,0.83,0.83,,,0.66,0.66,0,0,1,VIIRS_SNPP_SP,N,0,1,0.0,1,0.0,comparison_area,,
EVT-DAHEJ-01927,2024-11-24 07:53:00+00:00,2024-11-24 08:17:00+00:00,21.371725,72.72079,21.37271,72.72096,2,5.7,5.29,4.88,0.5798275605729691,-0.14385964912280708,0.66,0.495,0,0,2,VIIRS_NOAA20_SP;VIIRS_SNPP_SP,N;N20,2,0,0.4,1,0.2218654882026968,comparison_area,,
EVT-DAHEJ-01928,2024-11-24 08:17:00+00:00,2024-11-25 07:58:00+00:00,21.48314,72.883455,21.48722,72.8815,2,4.63,4.055,4.63,0.8131727983645296,0.3304597701149425,0.66,0.66,0,0,1,VIIRS_NOAA20_SP,N20,2,0,23.683333333333334,2,0.9934595700958643,comparison_area,,
EVT-DAHEJ-01929,2024-11-24 20:46:00+00:00,2024-11-24 20:46:00+00:00,21.36835,72.91829,21.36835,72.91829,1,0.41,0.41,0.41,,,0.66,0.66,0,0,1,VIIRS_NOAA20_SP,N20,0,1,0.0,1,0.0,comparison_area,,
EVT-DAHEJ-01930,2024-11-25 07:34:00+00:00,2024-11-25 07:58:00+00:00,21.59592333333333,72.88499,21.59534,72.88439,3,2.72,2.473333333333333,2.72,0.25006665778014736,0.09677419354838718,0.66,0.66,0,0,2,VIIRS_NOAA20_SP;VIIRS_SNPP_SP,N;N20,3,0,0.4,1,0.2142043855180465,comparison_area,,
EVT-DAHEJ-01931,2024-11-25 09:14:00+00:00,2024-11-25 09:14:00+00:00,21.402675,72.914155,21.40226,72.91341,2,4.25,4.08,4.25,0.24041630560342606,0.08695652173913039,0.66,0.66,0,0,1,VIIRS_SNPP_SP,N,2,0,0.0,1,0.1797566201878479,comparison_area,,
EVT-DAHEJ-01932,2024-11-25 20:03:00+00:00,2024-11-25 20:03:00+00:00,21.90666,72.75671,21.90666,72.75671,1,0.57,0.57,0.57,,,0.66,0.66,0,0,1,VIIRS_SNPP_SP,N,0,1,0.0,1,0.0,dahej_fringe,,
EVT-DAHEJ-01933,2024-11-26 08:56:00+00:00,2024-11-26 08:56:00+00:00,21.36525,72.65932,21.36525,72.65932,1,1.25,1.25,1.25,,,0.66,0.66,0,0,1,VIIRS_SNPP_SP,N,1,0,0.0,1,0.0,comparison_area,,
EVT-DAHEJ-01934,2024-11-26 08:56:00+00:00,2024-11-26 08:56:00+00:00,21.36395,72.74776,21.36395,72.74776,1,2.04,2.04,2.04,,,0.66,0.66,0,0,1,VIIRS_SNPP_SP,N,1,0,0.0,1,0.0,comparison_area,,
EVT-DAHEJ-01935,2024-11-26 20:08:00+00:00,2024-11-26 20:08:00+00:00,21.37876,72.84893,21.37876,72.84893,1,0.24,0.24,0.24,,,0.66,0.66,0,0,1,VIIRS_NOAA20_SP,N20,0,1,0.0,1,0.0,comparison_area,,
EVT-DAHEJ-01936,2024-11-26 20:08:00+00:00,2024-11-26 20:08:00+00:00,21.90904,72.75438,21.90904,72.75438,1,7.2,7.2,7.2,,,1.0,1.0,1,0,1,VIIRS_NOAA20_SP,N20,0,1,0.0,1,0.0,dahej_fringe,,
EVT-DAHEJ-01937,2024-11-26 21:24:00+00:00,2024-11-26 21:24:00+00:00,21.36218,72.85896,21.36218,72.85896,1,0.3,0.3,0.3,,,0.66,0.66,0,0,1,VIIRS_SNPP_SP,N,0,1,0.0,1,0.0,comparison_area,,
EVT-DAHEJ-01938,2024-11-27 08:37:00+00:00,2024-11-27 08:37:00+00:00,21.74735,72.68683,21.74735,72.68683,1,7.82,7.82,7.82,,,0.66,0.66,0,0,1,VIIRS_SNPP_SP,N,1,0,0.0,1,0.0,dahej_core,,
EVT-DAHEJ-01939,2024-11-27 08:37:00+00:00,2024-11-27 08:37:00+00:00,21.373685000000002,72.912115,21.37336,72.90958,2,5.78,5.78,5.78,0.0,0.0,0.66,0.66,0,0,1,VIIRS_SNPP_SP,N,2,0,0.0,1,0.5299375281498564,comparison_area,,
EVT-DAHEJ-01940,2024-11-27 08:37:00+00:00,2024-11-27 09:01:00+00:00,21.698655000000002,72.7065125,21.70042,72.70563,4,6.92,5.1075,3.64,1.4775514655447144,-0.13539192399049876,0.66,0.5775,0,0,2,VIIRS_NOAA20_SP;VIIRS_SNPP_SP,N;N20,4,0,0.4,1,0.5213016707012283,dahej_core,,
EVT-DAHEJ-01941,2024-11-27 21:06:00+00:00,2024-11-27 21:06:00+00:00,21.40807,72.76345,21.40807,72.76345,1,0.77,0.77,0.77,,,0.66,0.66,0,0,1,VIIRS_SNPP_SP,N,0,1,0.0,1,0.0,comparison_area,,
EVT-DAHEJ-01942,2024-11-27 21:06:00+00:00,2024-11-27 21:29:00+00:00,21.433505,72.97427,21.43288,72.97485,2,0.9,0.81,0.72,0.1272792206135786,-0.20000000000000004,0.66,0.66,0,0,2,VIIRS_NOAA20_SP;VIIRS_SNPP_SP,N;N20,0,2,0.38333333333333336,1,0.18367120024828598,comparison_area,,
EVT-DAHEJ-01943,2024-11-28 08:42:00+00:00,2024-11-29 07:59:00+00:00,21.49016,72.730005,21.48773,72.73117,2,4.85,4.84,4.83,0.014142135623730649,-0.004123711340206098,0.66,0.66,0,0,2,VIIRS_NOAA20_SP;VIIRS_SNPP_SP,N;N20,2,0,23.283333333333335,2,0.591740777194451,comparison_area,,
EVT-DAHEJ-01944,2024-11-28 21:10:00+00:00,2024-11-30 20:33:00+00:00,21.794652857142857,72.64715,21.79586,72.64864,7,0.81,0.5728571428571428,0.65,0.20147078247347974,0.22641509433962262,0.66,0.66,0,0,2,VIIRS_NOAA20_SP;VIIRS_SNPP_SP,N;N20,0,7,47.38333333333333,3,0.5512091945345483,dahej_core,,
EVT-DAHEJ-01945,2024-11-29 20:52:00+00:00,2024-11-29 20:52:00+00:00,21.38824,72.93353,21.38824,72.93353,1,0.38,0.38,0.38,,,0.66,0.66,0,0,1,VIIRS_NOAA20_SP,N20,0,1,0.0,1,0.0,comparison_area,,
EVT-DAHEJ-01946,2024-11-30 07:41:00+00:00,2024-11-30 08:04:00+00:00,21.868565,72.85243,21.86908,72.85238,2,2.78,2.5149999999999997,2.78,0.3747665940288701,0.23555555555555546,0.66,0.66,0,0,2,VIIRS_NOAA20_SP;VIIRS_SNPP_SP,N;N20,2,0,0.38333333333333336,1,0.1149948853291701,comparison_area,,
EVT-DAHEJ-01947,2024-11-30 08:04:00+00:00,2024-11-30 08:04:00+00:00,21.47428,72.84216,21.47428,72.84216,1,2.84,2.84,2.84,,,0.66,0.66,0,0,1,VIIRS_NOAA20_SP,N20,1,0,0.0,1,0.0,comparison_area,,
EVT-DAHEJ-01948,2024-12-02 21:12:00+00:00,2024-12-02 21:12:00+00:00,21.36032,72.85447,21.36032,72.85447,1,0.97,0.97,0.97,,,0.66,0.66,0,0,1,VIIRS_SNPP_SP,N,0,1,0.0,1,0.0,comparison_area,,
EVT-DAHEJ-01949,2024-12-04 08:06:00+00:00,2024-12-04 08:06:00+00:00,21.47648,72.83632,21.47648,72.83632,1,2.93,2.93,2.93,,,0.66,0.66,0,0,1,VIIRS_SNPP_SP,N,1,0,0.0,1,0.0,comparison_area,,
EVT-DAHEJ-01950,2024-12-04 08:29:00+00:00,2024-12-04 08:29:00+00:00,21.48507,72.97183,21.48507,72.97183,1,3.28,3.28,3.28,,,0.66,0.66,0,0,1,VIIRS_NOAA20_SP,N20,1,0,0.0,1,0.0,comparison_area,,
EVT-DAHEJ-01951,2024-12-04 20:35:00+00:00,2024-12-04 20:58:00+00:00,21.41037,72.98739,21.40907,72.98743,2,1.55,1.31,1.07,0.33941125496954283,-0.30967741935483867,0.66,0.66,0,0,2,VIIRS_NOAA20_SP;VIIRS_SNPP_SP,N;N20,0,2,0.38333333333333336,1,0.2892258026697145,comparison_area,,
EVT-DAHEJ-01952,2024-12-06 20:20:00+00:00,2024-12-06 20:20:00+00:00,21.36936,72.87646,21.36936,72.87646,1,1.03,1.03,1.03,,,0.66,0.66,0,0,1,VIIRS_NOAA20_SP,N20,0,1,0.0,1,0.0,comparison_area,,
EVT-DAHEJ-01953,2024-12-06 21:37:00+00:00,2024-12-06 21:37:00+00:00,21.359123333333333,72.98871666666666,21.36029,72.98519,3,0.98,0.9133333333333332,0.88,0.05773502691896257,0.0,0.66,0.66,0,0,1,VIIRS_SNPP_SP,N,0,3,0.0,1,0.5874502012469623,comparison_area,,
EVT-DAHEJ-01954,2024-12-07 07:32:00+00:00,2024-12-07 07:32:00+00:00,21.59114,72.9193,21.59114,72.9193,1,2.17,2.17,2.17,,,0.66,0.66,0,0,1,VIIRS_NOAA20_SP,N20,1,0,0.0,1,0.0,comparison_area,,
EVT-DAHEJ-01955,2024-12-07 21:42:00+00:00,2024-12-07 21:42:00+00:00,21.40735,72.94871499999999,21.40796,72.9481,2,1.04,1.005,1.04,0.049497474683058366,0.07216494845360831,0.66,0.66,0,0,1,VIIRS_NOAA20_SP,N20,0,2,0.0,1,0.18605658688740553,comparison_area,,
EVT-DAHEJ-01956,2024-12-08 08:31:00+00:00,2024-12-08 08:31:00+00:00,21.54729,72.80659,21.54729,72.80659,1,1.68,1.68,1.68,,,0.66,0.66,0,0,1,VIIRS_SNPP_SP,N,1,0,0.0,1,0.0,dahej_fringe,,
EVT-DAHEJ-01957,2024-12-08 08:31:00+00:00,2024-12-08 08:31:00+00:00,22.07331,72.63425,22.07331,72.63425,1,1.68,1.68,1.68,,,0.66,0.66,0,0,1,VIIRS_SNPP_SP,N,1,0,0.0,1,0.0,comparison_area,,
EVT-DAHEJ-01958,2024-12-08 08:54:00+00:00,2024-12-08 08:54:00+00:00,21.44021,72.85298,21.44021,72.85298,1,2.02,2.02,2.02,,,0.66,0.66,0,0,1,VIIRS_NOAA20_SP,N20,1,0,0.0,1,0.0,comparison_area,,
EVT-DAHEJ-01959,2024-12-08 21:00:00+00:00,2024-12-08 21:23:00+00:00,21.90343,72.69116,21.90297,72.69201,2,1.59,1.505,1.59,0.12020815280171318,0.11971830985915505,0.66,0.66,0,0,2,VIIRS_NOAA20_SP;VIIRS_SNPP_SP,N;N20,0,2,0.38333333333333336,1,0.2030406263633335,dahej_fringe,,
EVT-DAHEJ-01960,2024-12-08 21:00:00+00:00,2024-12-08 21:00:00+00:00,21.44845,72.88174,21.44845,72.88174,1,0.59,0.59,0.59,,,0.66,0.66,0,0,1,VIIRS_SNPP_SP,N,0,1,0.0,1,0.0,comparison_area,,
EVT-DAHEJ-01961,2024-12-09 08:12:00+00:00,2024-12-09 08:12:00+00:00,21.891923333333335,72.89867666666666,21.89394,72.89919,9,8.69,6.315555555555554,8.69,2.267052663212255,0.0,0.66,0.4766666666666667,0,0,1,VIIRS_SNPP_SP,N,9,0,0.0,1,0.8979064260312459,comparison_area,,
EVT-DAHEJ-01962,2024-12-09 08:12:00+00:00,2024-12-09 08:12:00+00:00,21.87259,72.68193,21.87259,72.68193,1,2.2,2.2,2.2,,,0.66,0.66,0,0,1,VIIRS_SNPP_SP,N,1,0,0.0,1,0.0,dahej_fringe,,
EVT-DAHEJ-01963,2024-12-09 08:35:00+00:00,2024-12-09 08:35:00+00:00,21.5659,72.90714,21.5659,72.90714,1,2.9,2.9,2.9,,,0.66,0.66,0,0,1,VIIRS_NOAA20_SP,N20,1,0,0.0,1,0.0,comparison_area,,
EVT-DAHEJ-01964,2024-12-09 20:41:00+00:00,2024-12-09 20:41:00+00:00,21.35613,72.84727,21.35613,72.84727,1,0.5,0.5,0.5,,,0.66,0.66,0,0,1,VIIRS_SNPP_SP,N,0,1,0.0,1,0.0,comparison_area,,
EVT-DAHEJ-01965,2024-12-10 07:53:00+00:00,2024-12-10 07:53:00+00:00,21.39697,72.79658,21.39697,72.79658,1,14.05,14.05,14.05,,,0.66,0.66,0,0,1,VIIRS_SNPP_SP,N,1,0,0.0,1,0.0,comparison_area,,
EVT-DAHEJ-01966,2024-12-10 07:53:00+00:00,2024-12-10 08:16:00+00:00,21.795446666666663,72.60458,21.79553,72.607,3,7.14,3.9600000000000004,2.65,2.768158232471547,-0.6288515406162466,0.66,0.66,0,0,2,VIIRS_NOAA20_SP;VIIRS_SNPP_SP,N;N20,3,0,0.38333333333333336,1,0.5676242011129479,dahej_core,,
EVT-DAHEJ-01967,2024-12-10 07:53:00+00:00,2024-12-10 07:53:00+00:00,21.99773,72.57358,21.99773,72.57358,1,2.93,2.93,2.93,,,0.66,0.66,0,0,1,VIIRS_SNPP_SP,N,1,0,0.0,1,0.0,comparison_area,,
EVT-DAHEJ-01968,2024-12-10 20:22:00+00:00,2024-12-11 20:03:00+00:00,21.389726666666665,72.79043,21.38759,72.79511,3,0.79,0.5633333333333334,0.57,0.23007245235649865,0.7272727272727271,0.66,0.66,0,0,1,VIIRS_SNPP_SP,N,0,3,23.683333333333334,2,0.9055848787478371,comparison_area,,
EVT-DAHEJ-01969,2024-12-10 20:45:00+00:00,2024-12-10 20:45:00+00:00,21.35056,72.858075,21.35085,72.85624,2,0.86,0.86,0.86,0.0,0.0,0.66,0.66,0,0,1,VIIRS_NOAA20_SP,N20,0,2,0.0,1,0.3855120172737381,comparison_area,,
EVT-DAHEJ-01970,2024-12-11 07:57:00+00:00,2024-12-11 07:57:00+00:00,21.73747,72.67826,21.73747,72.67826,1,2.46,2.46,2.46,,,0.33,0.33,0,0,1,VIIRS_NOAA20_SP,N20,1,0,0.0,1,0.0,dahej_core,,
EVT-DAHEJ-01971,2024-12-11 20:03:00+00:00,2024-12-11 20:03:00+00:00,21.37629,72.75315,21.37582,72.7542,2,0.63,0.575,0.63,0.07778174593052022,0.2115384615384615,0.66,0.66,0,0,1,VIIRS_SNPP_SP,N,0,2,0.0,1,0.24126292887025322,comparison_area,,
EVT-DAHEJ-01972,2024-12-11 20:03:00+00:00,2024-12-11 20:03:00+00:00,21.43217,72.97524,21.43217,72.97524,1,0.77,0.77,0.77,,,0.66,0.66,0,0,1,VIIRS_SNPP_SP,N,0,1,0.0,1,0.0,comparison_area,,
EVT-DAHEJ-01973,2024-12-12 08:56:00+00:00,2024-12-12 08:56:00+00:00,21.72748,72.72079,21.72748,72.72079,1,1.41,1.41,1.41,,,0.66,0.66,0,0,1,VIIRS_SNPP_SP,N,1,0,0.0,1,0.0,dahej_core,,
EVT-DAHEJ-01974,2024-12-12 20:07:00+00:00,2024-12-12 20:07:00+00:00,21.357950000000002,72.80608000000001,21.3606,72.8064,2,0.92,0.8400000000000001,0.76,0.11313708498984763,-0.1739130434782609,0.66,0.66,0,0,1,VIIRS_NOAA20_SP,N20,0,2,0.0,1,0.5930490543251321,comparison_area,,
EVT-DAHEJ-01975,2024-12-12 21:25:00+00:00,2024-12-12 21:25:00+00:00,21.59429,72.87242,21.59429,72.87242,1,0.35,0.35,0.35,,,0.66,0.66,0,0,1,VIIRS_SNPP_SP,N,0,1,0.0,1,0.0,comparison_area,,
EVT-DAHEJ-01976,2024-12-13 09:00:00+00:00,2024-12-13 09:00:00+00:00,21.81284,72.64903,21.81284,72.64903,1,7.12,7.12,7.12,,,1.0,1.0,1,0,1,VIIRS_NOAA20_SP,N20,1,0,0.0,1,0.0,dahej_core,,
EVT-DAHEJ-01977,2024-12-13 21:06:00+00:00,2024-12-13 21:29:00+00:00,21.356315000000002,72.894455,21.35537,72.89545,2,0.72,0.615,0.51,0.14849242404917495,-0.29166666666666663,0.66,0.66,0,0,2,VIIRS_NOAA20_SP;VIIRS_SNPP_SP,N;N20,0,2,0.38333333333333336,1,0.2943420437078878,comparison_area,,
EVT-DAHEJ-01978,2024-12-14 08:41:00+00:00,2024-12-14 08:41:00+00:00,21.72853,72.6954,21.72853,72.6954,1,4.82,4.82,4.82,,,0.66,0.66,0,0,1,VIIRS_NOAA20_SP,N20,1,0,0.0,1,0.0,dahej_core,,
EVT-DAHEJ-01979,2024-12-14 20:47:00+00:00,2024-12-14 20:47:00+00:00,21.43288,72.97546,21.43288,72.97546,1,0.86,0.86,0.86,,,0.66,0.66,0,0,1,VIIRS_SNPP_SP,N,0,1,0.0,1,0.0,comparison_area,,
EVT-DAHEJ-01980,2024-12-14 20:47:00+00:00,2024-12-14 20:47:00+00:00,21.57395,72.79233,21.57395,72.79233,1,0.66,0.66,0.66,,,0.66,0.66,0,0,1,VIIRS_SNPP_SP,N,0,1,0.0,1,0.0,dahej_fringe,,
EVT-DAHEJ-01981,2024-12-14 21:10:00+00:00,2024-12-15 08:23:00+00:00,21.56999,72.80565999999999,21.57534,72.80729,3,3.29,1.9933333333333334,3.29,1.2615995138447593,3.2727272727272725,0.66,0.66,0,0,2,VIIRS_NOAA20_SP;VIIRS_SNPP_SP,N;N20,2,1,11.216666666666667,2,0.9312295646129959,dahej_fringe,,
EVT-DAHEJ-01982,2024-12-15 08:00:00+00:00,2024-12-15 08:23:00+00:00,22.01357,72.93677,22.01408,72.93551,2,5.78,5.485,5.19,0.41719300090006295,-0.10207612456747402,0.66,0.66,0,0,2,VIIRS_NOAA20_SP;VIIRS_SNPP_SP,N;N20,2,0,0.38333333333333336,1,0.28346246889368576,comparison_area,,
EVT-DAHEJ-01983,2024-12-15 08:22:00+00:00,2024-12-15 08:22:00+00:00,21.51958,72.9447,21.51958,72.9447,1,3.48,3.48,3.48,,,0.66,0.66,0,0,1,VIIRS_NOAA20_SP,N20,1,0,0.0,1,0.0,comparison_area,,
EVT-DAHEJ-01984,2024-12-15 20:51:00+00:00,2024-12-15 20:51:00+00:00,21.35597,72.89401,21.35597,72.89401,1,0.41,0.41,0.41,,,0.66,0.66,0,0,1,VIIRS_NOAA20_SP,N20,0,1,0.0,1,0.0,comparison_area,,
EVT-DAHEJ-01985,2024-12-16 07:41:00+00:00,2024-12-16 08:04:00+00:00,21.720496666666662,72.71218333333333,21.72084,72.71434,3,5.73,4.21,5.73,1.3163586137523469,0.6608695652173914,0.66,0.55,0,0,2,VIIRS_NOAA20_SP;VIIRS_SNPP_SP,N;N20,3,0,0.38333333333333336,1,0.3700380441302634,dahej_core,,
EVT-DAHEJ-01986,2024-12-16 08:04:00+00:00,2024-12-16 08:04:00+00:00,22.033295000000003,72.78882,22.03509,72.78846,2,4.13,4.13,4.13,0.0,0.0,0.66,0.66,0,0,1,VIIRS_NOAA20_SP,N20,2,0,0.0,1,0.4060302246406854,comparison_area,,
EVT-DAHEJ-01987,2024-12-16 20:33:00+00:00,2024-12-16 20:33:00+00:00,21.36355,72.91569,21.36355,72.91569,1,0.52,0.52,0.52,,,0.66,0.66,0,0,1,VIIRS_NOAA20_SP,N20,0,1,0.0,1,0.0,comparison_area,,
EVT-DAHEJ-01988,2024-12-16 20:33:00+00:00,2024-12-16 20:33:00+00:00,21.4352,72.97563,21.4352,72.97563,1,0.96,0.96,0.96,,,0.66,0.66,0,0,1,VIIRS_NOAA20_SP,N20,0,1,0.0,1,0.0,comparison_area,,
EVT-DAHEJ-01989,2024-12-17 07:22:00+00:00,2024-12-18 09:07:00+00:00,21.624494285714285,72.80905428571428,21.62853,72.80621,7,33.98,17.174285714285713,10.59,12.158916970880336,0.33207547169811313,1.0,0.7571428571428572,2,3,2,VIIRS_NOAA20_SP;VIIRS_SNPP_SP,N;N20,7,0,25.75,2,0.7812657727364103,dahej_fringe,,
EVT-DAHEJ-01990,2024-12-17 09:03:00+00:00,2024-12-17 09:03:00+00:00,21.73275,72.71735,21.73275,72.71735,1,6.87,6.87,6.87,,,0.66,0.66,0,0,1,VIIRS_SNPP_SP,N,1,0,0.0,1,0.0,dahej_core,,
EVT-DAHEJ-01991,2024-12-18 08:44:00+00:00,2024-12-18 08:44:00+00:00,21.38963,72.96394,21.38963,72.96394,1,1.2,1.2,1.2,,,0.66,0.66,0,0,1,VIIRS_SNPP_SP,N,1,0,0.0,1,0.0,comparison_area,,
EVT-DAHEJ-01992,2024-12-19 08:25:00+00:00,2024-12-19 08:48:00+00:00,21.62354,72.80956,21.62379,72.81059,2,37.93,34.06,30.19,5.473006486383877,-0.2040601107302926,0.66,0.495,0,2,2,VIIRS_NOAA20_SP;VIIRS_SNPP_SP,N;N20,2,0,0.38333333333333336,1,0.22008008304494783,dahej_fringe,,
EVT-DAHEJ-01993,2024-12-19 20:54:00+00:00,2024-12-19 20:54:00+00:00,21.39358,72.86733,21.39358,72.86733,1,0.37,0.37,0.37,,,0.66,0.66,0,0,1,VIIRS_SNPP_SP,N,0,1,0.0,1,0.0,comparison_area,,
EVT-DAHEJ-01994,2024-12-21 07:47:00+00:00,2024-12-21 07:47:00+00:00,21.47699,72.87287,21.47699,72.87287,1,3.12,3.12,3.12,,,0.66,0.66,0,0,1,VIIRS_SNPP_SP,N,1,0,0.0,1,0.0,comparison_area,,
EVT-DAHEJ-01995,2024-12-21 08:10:00+00:00,2024-12-21 08:10:00+00:00,21.89649,72.91905666666666,21.89585,72.91517,3,4.45,4.273333333333333,3.92,0.30599564267050183,-0.11910112359550568,0.66,0.66,0,0,1,VIIRS_NOAA20_SP,N20,3,0,0.0,1,0.8141939522198909,comparison_area,,
EVT-DAHEJ-01996,2024-12-21 08:10:00+00:00,2024-12-21 08:10:00+00:00,21.856605000000002,72.88432,21.85798,72.88206,2,3.31,3.31,3.31,0.0,0.0,0.66,0.66,0,0,1,VIIRS_NOAA20_SP,N20,2,0,0.0,1,0.5577663891506852,comparison_area,,
EVT-DAHEJ-01997,2024-12-21 08:10:00+00:00,2024-12-21 08:10:00+00:00,21.89731,72.9029,21.89731,72.9029,1,5.08,5.08,5.08,,,0.66,0.66,0,0,1,VIIRS_NOAA20_SP,N20,1,0,0.0,1,0.0,comparison_area,,
EVT-DAHEJ-01998,2024-12-21 08:10:00+00:00,2024-12-21 08:10:00+00:00,21.8714,72.68197,21.8714,72.68197,1,6.59,6.59,6.59,,,0.66,0.66,0,0,1,VIIRS_NOAA20_SP,N20,1,0,0.0,1,0.0,dahej_fringe,,
EVT-DAHEJ-01999,2024-12-21 08:10:00+00:00,2024-12-21 08:10:00+00:00,22.00541,72.93919,22.00541,72.93919,1,4.88,4.88,4.88,,,0.66,0.66,0,0,1,VIIRS_NOAA20_SP,N20,1,0,0.0,1,0.0,comparison_area,,
EVT-DAHEJ-02000,2024-12-21 08:10:00+00:00,2024-12-21 08:10:00+00:00,22.00261,72.87974,22.00261,72.87974,1,2.75,2.75,2.75,,,0.66,0.66,0,0,1,VIIRS_NOAA20_SP,N20,1,0,0.0,1,0.0,comparison_area,,
EVT-DAHEJ-02001,2024-12-22 07:51:00+00:00,2024-12-22 07:51:00+00:00,22.0293,72.81306,22.0293,72.81306,1,4.78,4.78,4.78,,,0.66,0.66,0,0,1,VIIRS_NOAA20_SP,N20,1,0,0.0,1,0.0,comparison_area,,
EVT-DAHEJ-02002,2024-12-23 07:33:00+00:00,2024-12-23 07:33:00+00:00,21.623036666666668,72.80780333333334,21.62089,72.80758,3,21.77,15.176666666666668,21.77,5.7099941622853985,0.8324915824915823,1.0,0.7733333333333334,1,1,1,VIIRS_NOAA20_SP,N20,3,0,0.0,1,0.6582621982126418,dahej_fringe,,
EVT-DAHEJ-02003,2024-12-23 20:01:00+00:00,2024-12-23 20:01:00+00:00,21.39072,72.93442,21.39072,72.93442,1,0.61,0.61,0.61,,,0.66,0.66,0,0,1,VIIRS_NOAA20_SP,N20,0,1,0.0,1,0.0,comparison_area,,
EVT-DAHEJ-02004,2024-12-24 08:32:00+00:00,2024-12-24 08:32:00+00:00,21.98683,72.97004,21.98683,72.97004,1,4.07,4.07,4.07,,,0.66,0.66,0,0,1,VIIRS_SNPP_SP,N,1,0,0.0,1,0.0,comparison_area,,
EVT-DAHEJ-02005,2024-12-24 08:54:00+00:00,2024-12-24 08:54:00+00:00,21.76109,72.55851000000001,21.76093,72.55692,2,4.88,4.88,4.88,0.0,0.0,1.0,0.8300000000000001,1,0,1,VIIRS_NOAA20_SP,N20,2,0,0.0,1,0.33032407683387666,dahej_core,,
EVT-DAHEJ-02006,2024-12-25 08:13:00+00:00,2024-12-25 08:13:00+00:00,21.89397,72.900464,21.89704,72.90228,5,4.37,3.554,3.75,0.8295058770135388,-0.14187643020594967,0.66,0.66,0,0,1,VIIRS_SNPP_SP,N,5,0,0.0,1,0.8085354980039184,comparison_area,,
EVT-DAHEJ-02007,2024-12-25 08:13:00+00:00,2024-12-25 08:35:00+00:00,21.621913333333335,72.80288333333334,21.6216,72.80516,3,7.62,6.133333333333334,7.62,1.3078735922608626,0.35587188612099646,0.66,0.66,0,0,2,VIIRS_NOAA20_SP;VIIRS_SNPP_SP,N;N20,3,0,0.36666666666666664,1,0.407152637235922,dahej_fringe,,
EVT-DAHEJ-02008,2024-12-25 08:13:00+00:00,2024-12-25 08:13:00+00:00,21.890383333333332,72.89689333333332,21.88905,72.89581,3,6.59,5.6433333333333335,6.59,1.639674764498537,0.0,1.0,0.7733333333333334,1,0,1,VIIRS_SNPP_SP,N,3,0,0.0,1,0.4043830913761861,comparison_area,,
EVT-DAHEJ-02009,2024-12-25 08:13:00+00:00,2024-12-25 08:13:00+00:00,21.87148,72.681285,21.8718,72.68324,2,2.21,2.21,2.21,0.0,0.0,0.66,0.66,0,0,1,VIIRS_SNPP_SP,N,2,0,0.0,1,0.40970650355313487,dahej_fringe,,
EVT-DAHEJ-02010,2024-12-25 08:13:00+00:00,2024-12-25 08:13:00+00:00,22.01364,72.76097,22.01364,72.76097,1,5.3,5.3,5.3,,,0.66,0.66,0,0,1,VIIRS_SNPP_SP,N,1,0,0.0,1,0.0,comparison_area,,
EVT-DAHEJ-02011,2024-12-25 20:41:00+00:00,2024-12-25 20:41:00+00:00,21.63626,72.94894,21.63626,72.94894,1,0.55,0.55,0.55,,,0.66,0.66,0,0,1,VIIRS_SNPP_SP,N,0,1,0.0,1,0.0,comparison_area,,
EVT-DAHEJ-02012,2024-12-26 20:23:00+00:00,2024-12-26 20:45:00+00:00,21.410865,72.98737,21.40956,72.98869,2,0.53,0.49,0.45,0.05656854249492382,-0.15094339622641512,0.66,0.66,0,0,2,VIIRS_NOAA20_SP;VIIRS_SNPP_SP,N;N20,0,2,0.36666666666666664,1,0.39864488750502003,comparison_area,,
EVT-DAHEJ-02013,2024-12-28 21:25:00+00:00,2024-12-28 21:25:00+00:00,21.4313,72.97644,21.4313,72.97644,1,1.65,1.65,1.65,,,0.66,0.66,0,0,1,VIIRS_SNPP_SP,N,0,1,0.0,1,0.0,comparison_area,,
EVT-DAHEJ-02014,2024-12-29 08:38:00+00:00,2024-12-29 09:01:00+00:00,21.727795,72.66447500000001,21.72972,72.66319,2,8.12,5.494999999999999,2.87,3.712310601229374,-0.6465517241379309,0.66,0.66,0,0,2,VIIRS_NOAA20_SP;VIIRS_SNPP_SP,N;N20,2,0,0.38333333333333336,1,0.5037299613169612,dahej_core,,
EVT-DAHEJ-02015,2024-12-29 19:49:00+00:00,2024-12-29 21:29:00+00:00,21.908151999999998,72.750932,21.90485,72.74831,5,7.22,4.736,3.37,2.6168740894433573,-0.5332409972299169,0.66,0.66,0,0,1,VIIRS_NOAA20_SP,N20,0,5,1.6666666666666667,1,0.834276345454508,dahej_fringe,,
EVT-DAHEJ-02016,2024-12-29 21:29:00+00:00,2024-12-29 21:29:00+00:00,21.90894,72.75842,21.90894,72.75842,1,5.21,5.21,5.21,,,0.66,0.66,0,0,1,VIIRS_NOAA20_SP,N20,0,1,0.0,1,0.0,dahej_fringe,,
EVT-DAHEJ-02017,2024-12-30 08:19:00+00:00,2024-12-30 08:19:00+00:00,21.59419,72.99146,21.59419,72.99146,1,2.21,2.21,2.21,,,0.66,0.66,0,0,1,VIIRS_SNPP_SP,N,1,0,0.0,1,0.0,comparison_area,,
EVT-DAHEJ-02018,2024-12-30 08:42:00+00:00,2024-12-30 08:42:00+00:00,21.68444,72.61589,21.68444,72.61589,1,2.95,2.95,2.95,,,0.66,0.66,0,0,1,VIIRS_NOAA20_SP,N20,1,0,0.0,1,0.0,dahej_core,,
EVT-DAHEJ-02019,2024-12-30 20:48:00+00:00,2024-12-30 21:11:00+00:00,21.433765,72.97518,21.43353,72.97606,2,1.65,1.25,0.85,0.565685424949238,-0.48484848484848486,0.66,0.66,0,0,2,VIIRS_NOAA20_SP;VIIRS_SNPP_SP,N;N20,0,2,0.38333333333333336,1,0.18951699271550226,comparison_area,,
EVT-DAHEJ-02020,2024-12-31 08:00:00+00:00,2024-12-31 08:00:00+00:00,21.38282,72.82056,21.38282,72.82056,1,3.03,3.03,3.03,,,0.66,0.66,0,0,1,VIIRS_SNPP_SP,N,1,0,0.0,1,0.0,comparison_area,,
EVT-DAHEJ-02021,2024-12-31 08:00:00+00:00,2024-12-31 08:00:00+00:00,21.84801,72.70044,21.84801,72.70044,1,3.05,3.05,3.05,,,0.66,0.66,0,0,1,VIIRS_SNPP_SP,N,1,0,0.0,1,0.0,dahej_core,,
EVT-DAHEJ-02022,2024-12-31 08:23:00+00:00,2024-12-31 08:23:00+00:00,21.743845,72.652175,21.74514,72.6519,2,4.4,3.4800000000000004,4.4,1.3010764773832477,0.7187500000000001,0.66,0.495,0,0,1,VIIRS_NOAA20_SP,N20,2,0,0.0,1,0.2935441709347656,dahej_core,,
EVT-DAHEJ-02023,2024-12-31 08:23:00+00:00,2024-12-31 08:23:00+00:00,21.49159,72.74805,21.49159,72.74805,1,2.32,2.32,2.32,,,0.66,0.66,0,0,1,VIIRS_NOAA20_SP,N20,1,0,0.0,1,0.0,comparison_area,,
EVT-DAHEJ-02024,2024-12-31 20:52:00+00:00,2024-12-31 20:52:00+00:00,21.35245,72.87503,21.35245,72.87503,1,0.35,0.35,0.35,,,0.66,0.66,0,0,1,VIIRS_NOAA20_SP,N20,0,1,0.0,1,0.0,comparison_area,,
EVT-DAHEJ-02025,2025-01-01 07:41:00+00:00,2025-01-03 07:27:00+00:00,21.61993375,72.80178749999999,21.61962,72.80029,8,12.45,6.02625,7.25,3.130923813920011,0.45,0.66,0.66,0,0,2,VIIRS_NOAA20_SP;VIIRS_SNPP_SP,N;N20,8,0,47.766666666666666,3,0.6042924372096755,dahej_fringe,,
EVT-DAHEJ-02026,2025-01-01 08:04:00+00:00,2025-01-01 08:04:00+00:00,22.08581,72.56097,22.08581,72.56097,1,1.83,1.83,1.83,,,0.66,0.66,0,0,1,VIIRS_NOAA20_SP,N20,1,0,0.0,1,0.0,comparison_area,,
EVT-DAHEJ-02027,2025-01-01 20:10:00+00:00,2025-01-01 20:33:00+00:00,21.386830000000003,72.966865,21.38566,72.96864,2,1.1,0.8150000000000001,1.1,0.40305086527633216,1.0754716981132075,0.66,0.66,0,0,2,VIIRS_NOAA20_SP;VIIRS_SNPP_SP,N;N20,0,2,0.38333333333333336,1,0.45033641000905206,comparison_area,,
EVT-DAHEJ-02028,2025-01-03 08:44:00+00:00,2025-01-03 08:44:00+00:00,21.62058,72.80255,21.62058,72.80255,1,5.09,5.09,5.09,,,0.66,0.66,0,0,1,VIIRS_SNPP_SP,N,1,0,0.0,1,0.0,dahej_fringe,,
EVT-DAHEJ-02029,2025-01-03 21:13:00+00:00,2025-01-03 21:36:00+00:00,21.356393333333333,72.93965666666666,21.35641,72.94241,3,6.29,4.5,0.92,3.10037094554829,-0.8537360890302067,0.66,0.66,0,0,2,VIIRS_NOAA20_SP;VIIRS_SNPP_SP,N;N20,0,3,0.38333333333333336,1,0.4741526611512047,comparison_area,,
EVT-DAHEJ-02030,2025-01-03 21:13:00+00:00,2025-01-03 21:13:00+00:00,21.36782,72.88428,21.36782,72.88428,1,1.1,1.1,1.1,,,0.66,0.66,0,0,1,VIIRS_SNPP_SP,N,0,1,0.0,1,0.0,comparison_area,,
EVT-DAHEJ-02031,2025-01-03 21:36:00+00:00,2025-01-03 21:36:00+00:00,21.35732,72.87566,21.35732,72.87566,1,0.5,0.5,0.5,,,0.66,0.66,0,0,1,VIIRS_NOAA20_SP,N20,0,1,0.0,1,0.0,comparison_area,,
EVT-DAHEJ-02032,2025-01-04 08:25:00+00:00,2025-01-04 08:25:00+00:00,21.54717,72.87548,21.54717,72.87548,1,4.77,4.77,4.77,,,0.33,0.33,0,0,1,VIIRS_SNPP_SP,N,1,0,0.0,1,0.0,comparison_area,,
EVT-DAHEJ-02033,2025-01-04 08:25:00+00:00,2025-01-04 08:25:00+00:00,21.44492,72.71553,21.44492,72.71553,1,6.87,6.87,6.87,,,0.66,0.66,0,0,1,VIIRS_SNPP_SP,N,1,0,0.0,1,0.0,comparison_area,,
EVT-DAHEJ-02034,2025-01-04 08:25:00+00:00,2025-01-04 08:48:00+00:00,21.684875999999996,72.612518,21.68707,72.60975,5,4.78,3.124,4.78,1.4722533749324538,0.13002364066193847,0.33,0.33,0,0,2,VIIRS_NOAA20_SP;VIIRS_SNPP_SP,N;N20,5,0,0.38333333333333336,1,0.88275766501545,dahej_core,,
EVT-DAHEJ-02035,2025-01-04 08:25:00+00:00,2025-01-04 08:25:00+00:00,21.54812,72.9544,21.54812,72.9544,1,3.29,3.29,3.29,,,0.66,0.66,0,0,1,VIIRS_SNPP_SP,N,1,0,0.0,1,0.0,comparison_area,,
EVT-DAHEJ-02036,2025-01-04 08:25:00+00:00,2025-01-04 08:48:00+00:00,21.791643333333337,72.61235333333333,21.7922,72.61197,3,2.64,2.1266666666666665,2.64,0.5913825608972024,0.7837837837837839,0.66,0.5499999999999999,0,0,2,VIIRS_NOAA20_SP;VIIRS_SNPP_SP,N;N20,3,0,0.38333333333333336,1,0.24984374418314334,dahej_core,,
EVT-DAHEJ-02037,2025-01-04 08:25:00+00:00,2025-01-04 08:25:00+00:00,21.70695,72.72399,21.70695,72.72399,1,2.36,2.36,2.36,,,0.66,0.66,0,0,1,VIIRS_SNPP_SP,N,1,0,0.0,1,0.0,dahej_core,,
EVT-DAHEJ-02038,2025-01-04 08:48:00+00:00,2025-01-04 08:48:00+00:00,21.75093,72.66813,21.75093,72.66813,1,3.68,3.68,3.68,,,0.66,0.66,0,0,1,VIIRS_NOAA20_SP,N20,1,0,0.0,1,0.0,dahej_core,,
EVT-DAHEJ-02039,2025-01-05 08:07:00+00:00,2025-01-05 08:07:00+00:00,21.62169,72.80227,21.62169,72.80227,1,6.17,6.17,6.17,,,0.66,0.66,0,0,1,VIIRS_SNPP_SP,N,1,0,0.0,1,0.0,dahej_fringe,,
EVT-DAHEJ-02040,2025-01-05 08:29:00+00:00,2025-01-05 08:29:00+00:00,21.75907,72.68432,21.75907,72.68432,1,3.94,3.94,3.94,,,0.33,0.33,0,0,1,VIIRS_NOAA20_SP,N20,1,0,0.0,1,0.0,dahej_core,,
EVT-DAHEJ-02041,2025-01-05 20:58:00+00:00,2025-01-05 20:58:00+00:00,21.36039,72.82989,21.36039,72.82989,1,0.25,0.25,0.25,,,0.66,0.66,0,0,1,VIIRS_NOAA20_SP,N20,0,1,0.0,1,0.0,comparison_area,,
EVT-DAHEJ-02042,2025-01-06 08:10:00+00:00,2025-01-06 08:10:00+00:00,21.6207,72.79877,21.6207,72.79877,1,4.44,4.44,4.44,,,0.66,0.66,0,0,1,VIIRS_NOAA20_SP,N20,1,0,0.0,1,0.0,dahej_fringe,,
EVT-DAHEJ-02043,2025-01-06 08:11:00+00:00,2025-01-06 08:11:00+00:00,21.895956666666667,72.92066333333332,21.89357,72.92376,6,6.62,5.061666666666667,5.1,1.0357686356839866,0.0,0.66,0.66,0,0,1,VIIRS_NOAA20_SP,N20,6,0,0.0,1,0.8931784962852783,comparison_area,,
EVT-DAHEJ-02044,2025-01-06 08:11:00+00:00,2025-01-06 08:11:00+00:00,21.8561325,72.88494,21.85918,72.88238,4,10.08,6.742500000000001,7.44,3.3915814895119354,-0.26190476190476186,0.66,0.66,0,0,1,VIIRS_NOAA20_SP,N20,4,0,0.0,1,0.8598143817957214,comparison_area,,
EVT-DAHEJ-02045,2025-01-06 08:11:00+00:00,2025-01-06 08:11:00+00:00,22.007212,72.939606,22.00507,72.93921,5,4.58,3.9,4.58,0.38013155617496425,0.22788203753351208,1.0,0.7280000000000001,1,0,1,VIIRS_NOAA20_SP,N20,5,0,0.0,1,0.5538403253353529,comparison_area,,
EVT-DAHEJ-02046,2025-01-06 08:11:00+00:00,2025-01-06 08:11:00+00:00,22.003373333333332,72.87853,22.00246,72.88003,3,2.71,2.7099999999999995,2.71,5.438959822042073e-16,0.0,0.66,0.66,0,0,1,VIIRS_NOAA20_SP,N20,3,0,0.0,1,0.4048966919852751,comparison_area,,
EVT-DAHEJ-02047,2025-01-06 08:11:00+00:00,2025-01-06 08:11:00+00:00,21.872307499999998,72.6815425,21.87253,72.67979,4,5.79,3.4125,2.76,1.5881094630618717,-0.5233160621761659,0.66,0.66,0,0,1,VIIRS_NOAA20_SP,N20,4,0,0.0,1,0.41071894721816654,dahej_fringe,,
EVT-DAHEJ-02048,2025-01-06 08:11:00+00:00,2025-01-06 08:11:00+00:00,21.83574,72.84482,21.83879,72.84225,4,4.01,3.9899999999999998,4.01,0.039999999999999813,0.020356234096692016,0.66,0.66,0,0,1,VIIRS_NOAA20_SP,N20,4,0,0.0,1,0.8611310071416329,dahej_fringe,,
EVT-DAHEJ-02049,2025-01-06 08:11:00+00:00,2025-01-06 08:11:00+00:00,21.98691,72.8909,21.98691,72.8909,1,5.16,5.16,5.16,,,0.66,0.66,0,0,1,VIIRS_NOAA20_SP,N20,1,0,0.0,1,0.0,comparison_area,,
EVT-DAHEJ-02050,2025-01-06 08:11:00+00:00,2025-01-06 08:11:00+00:00,21.8917,72.91217,21.8917,72.91217,1,6.62,6.62,6.62,,,0.66,0.66,0,0,1,VIIRS_NOAA20_SP,N20,1,0,0.0,1,0.0,comparison_area,,
EVT-DAHEJ-02051,2025-01-06 08:11:00+00:00,2025-01-06 08:11:00+00:00,21.71974,72.74799,21.71805,72.74831,2,2.42,1.99,2.42,0.6081118318204308,0.5512820512820512,0.66,0.66,0,0,1,VIIRS_NOAA20_SP,N20,2,0,0.0,1,0.38160987560366644,dahej_core,,
EVT-DAHEJ-02052,2025-01-06 08:11:00+00:00,2025-01-06 08:11:00+00:00,22.00433,72.89163,22.00433,72.89163,1,1.31,1.31,1.31,,,0.66,0.66,0,0,1,VIIRS_NOAA20_SP,N20,1,0,0.0,1,0.0,comparison_area,,
EVT-DAHEJ-02053,2025-01-06 08:11:00+00:00,2025-01-06 08:11:00+00:00,21.89718,72.90318,21.89718,72.90318,1,3.01,3.01,3.01,,,0.66,0.66,0,0,1,VIIRS_NOAA20_SP,N20,1,0,0.0,1,0.0,comparison_area,,
EVT-DAHEJ-02054,2025-01-07 07:29:00+00:00,2025-01-07 07:29:00+00:00,21.90429,72.7564,21.90429,72.7564,1,2.67,2.67,2.67,,,0.66,0.66,0,0,1,VIIRS_SNPP_SP,N,1,0,0.0,1,0.0,dahej_fringe,,
EVT-DAHEJ-02055,2025-01-07 07:52:00+00:00,2025-01-07 09:09:00+00:00,21.773854999999998,72.65469999999999,21.77563,72.65781,2,13.67,12.73,11.79,1.32936074863071,-0.13752743233357723,1.0,0.8300000000000001,1,0,2,VIIRS_NOAA20_SP;VIIRS_SNPP_SP,N;N20,2,0,1.2833333333333334,1,0.753894395430126,dahej_core,,
EVT-DAHEJ-02056,2025-01-07 07:52:00+00:00,2025-01-07 07:52:00+00:00,21.7593,72.68938,21.7593,72.68938,1,3.13,3.13,3.13,,,0.66,0.66,0,0,1,VIIRS_NOAA20_SP,N20,1,0,0.0,1,0.0,dahej_core,,
EVT-DAHEJ-02057,2025-01-07 20:21:00+00:00,2025-01-07 20:21:00+00:00,21.38838,72.99989,21.38838,72.99989,1,0.29,0.29,0.29,,,0.66,0.66,0,0,1,VIIRS_NOAA20_SP,N20,0,1,0.0,1,0.0,comparison_area,,
EVT-DAHEJ-02058,2025-01-07 20:21:00+00:00,2025-01-08 20:02:00+00:00,21.43457,72.974415,21.43442,72.97543,2,1.14,1.1349999999999998,1.13,0.007071067811865481,-0.008771929824561412,0.66,0.66,0,0,1,VIIRS_NOAA20_SP,N20,0,2,23.683333333333334,2,0.21274537285504233,comparison_area,,
EVT-DAHEJ-02059,2025-01-08 07:33:00+00:00,2025-01-08 09:14:00+00:00,21.88824,72.7842,21.88789,72.78418,4,8.67,7.342500000000001,8.67,1.6130173588650556,0.6055555555555554,1.0,0.7450000000000001,1,0,1,VIIRS_NOAA20_SP,N20,4,0,1.6833333333333333,1,0.46013149528392,dahej_fringe,,
EVT-DAHEJ-02060,2025-01-08 09:13:00+00:00,2025-01-08 09:14:00+00:00,21.79915,72.695475,21.79914,72.6966,2,5.81,5.175,5.81,0.898025612106915,0.27973568281938316,0.66,0.495,0,0,1,VIIRS_NOAA20_SP,N20,2,0,0.016666666666666666,1,0.2323088993768553,dahej_core,,
EVT-DAHEJ-02061,2025-01-09 08:32:00+00:00,2025-01-09 08:32:00+00:00,21.44609,72.77393,21.44609,72.77393,1,2.08,2.08,2.08,,,0.33,0.33,0,0,1,VIIRS_SNPP_SP,N,1,0,0.0,1,0.0,comparison_area,,
EVT-DAHEJ-02062,2025-01-09 08:32:00+00:00,2025-01-09 08:32:00+00:00,21.99667,72.75295,21.99667,72.75295,1,5.08,5.08,5.08,,,0.66,0.66,0,0,1,VIIRS_SNPP_SP,N,1,0,0.0,1,0.0,comparison_area,,
EVT-DAHEJ-02063,2025-01-09 08:55:00+00:00,2025-01-09 08:55:00+00:00,22.00103,72.77538,22.00103,72.77538,1,1.67,1.67,1.67,,,0.66,0.66,0,0,1,VIIRS_NOAA20_SP,N20,1,0,0.0,1,0.0,comparison_area,,
EVT-DAHEJ-02064,2025-01-09 08:55:00+00:00,2025-01-09 08:55:00+00:00,21.37163,72.65321,21.37163,72.65321,1,1.45,1.45,1.45,,,0.66,0.66,0,0,1,VIIRS_NOAA20_SP,N20,1,0,0.0,1,0.0,comparison_area,,
EVT-DAHEJ-02065,2025-01-09 08:55:00+00:00,2025-01-09 08:55:00+00:00,21.78414,72.62545,21.78414,72.62545,1,2.32,2.32,2.32,,,0.66,0.66,0,0,1,VIIRS_NOAA20_SP,N20,1,0,0.0,1,0.0,dahej_core,,
EVT-DAHEJ-02066,2025-01-09 08:55:00+00:00,2025-01-10 21:04:00+00:00,21.79368142857143,72.64797857142857,21.7919,72.65118,7,2.25,0.9642857142857143,0.66,0.5982156005671405,-0.7066666666666666,0.66,0.66,0,0,2,VIIRS_NOAA20_SP;VIIRS_SNPP_SP,N;N20,1,6,36.15,2,0.7272618012870254,dahej_core,,
EVT-DAHEJ-02067,2025-01-09 08:55:00+00:00,2025-01-09 08:55:00+00:00,21.75133,72.6091,21.75133,72.6091,1,8.22,8.22,8.22,,,1.0,1.0,1,0,1,VIIRS_NOAA20_SP,N20,1,0,0.0,1,0.0,dahej_core,,
EVT-DAHEJ-02068,2025-01-10 08:13:00+00:00,2025-01-10 08:13:00+00:00,21.896247999999996,72.91732999999999,21.8954,72.92065,5,2.24,2.1500000000000004,2.24,0.17916472867168923,0.009009009009009016,0.66,0.66,0,0,1,VIIRS_SNPP_SP,N,5,0,0.0,1,0.8053043824519703,comparison_area,,
EVT-DAHEJ-02069,2025-01-10 08:13:00+00:00,2025-01-10 08:13:00+00:00,22.00723,72.94018,22.00723,72.94018,1,2.51,2.51,2.51,,,0.66,0.66,0,0,1,VIIRS_SNPP_SP,N,1,0,0.0,1,0.0,comparison_area,,
EVT-DAHEJ-02070,2025-01-10 08:13:00+00:00,2025-01-10 08:13:00+00:00,21.39493,72.87443,21.39493,72.87443,1,18.76,18.76,18.76,,,0.66,0.66,0,0,1,VIIRS_SNPP_SP,N,1,0,0.0,1,0.0,comparison_area,,
EVT-DAHEJ-02071,2025-01-10 08:13:00+00:00,2025-01-10 08:13:00+00:00,21.836640000000003,72.84633,21.83527,72.84857,2,6.27,4.445,6.27,2.5809397513308983,1.3931297709923662,0.66,0.66,0,0,1,VIIRS_SNPP_SP,N,2,0,0.0,1,0.5537598993330336,dahej_fringe,,
EVT-DAHEJ-02072,2025-01-10 08:13:00+00:00,2025-01-10 08:13:00+00:00,21.98884,72.8902,21.98915,72.89212,2,3.24,2.675,3.24,0.7990306627407989,0.5355450236966827,0.66,0.66,0,0,1,VIIRS_SNPP_SP,N,2,0,0.0,1,0.4018858982674469,comparison_area,,
EVT-DAHEJ-02073,2025-01-10 08:13:00+00:00,2025-01-10 08:13:00+00:00,21.87351,72.682645,21.8752,72.68233,2,3.84,3.84,3.84,0.0,0.0,0.66,0.66,0,0,1,VIIRS_SNPP_SP,N,2,0,0.0,1,0.38142036295779197,dahej_fringe,,
EVT-DAHEJ-02074,2025-01-10 08:13:00+00:00,2025-01-10 08:13:00+00:00,22.0041,72.87746,22.0041,72.87746,1,0.99,0.99,0.99,,,0.66,0.66,0,0,1,VIIRS_SNPP_SP,N,1,0,0.0,1,0.0,comparison_area,,
EVT-DAHEJ-02075,2025-01-10 08:13:00+00:00,2025-01-10 08:13:00+00:00,21.89965,72.90403,21.89965,72.90403,1,5.75,5.75,5.75,,,0.66,0.66,0,0,1,VIIRS_SNPP_SP,N,1,0,0.0,1,0.0,comparison_area,,
EVT-DAHEJ-02076,2025-01-10 08:13:00+00:00,2025-01-10 08:36:00+00:00,21.75484,72.679825,21.7553,72.67986,2,4.57,2.99,4.57,2.2344574285494905,2.2411347517730498,0.66,0.495,0,0,2,VIIRS_NOAA20_SP;VIIRS_SNPP_SP,N;N20,2,0,0.38333333333333336,1,0.1025545951039073,dahej_core,,
EVT-DAHEJ-02077,2025-01-10 08:13:00+00:00,2025-01-10 08:13:00+00:00,21.51655,72.86792,21.51655,72.86792,1,3.37,3.37,3.37,,,0.66,0.66,0,0,1,VIIRS_SNPP_SP,N,1,0,0.0,1,0.0,comparison_area,,
EVT-DAHEJ-02078,2025-01-10 08:13:00+00:00,2025-01-10 08:13:00+00:00,21.85559,72.88844,21.85559,72.88844,1,3.79,3.79,3.79,,,0.66,0.66,0,0,1,VIIRS_SNPP_SP,N,1,0,0.0,1,0.0,comparison_area,,
EVT-DAHEJ-02079,2025-01-10 20:42:00+00:00,2025-01-10 21:05:00+00:00,21.357889999999998,72.8079,21.35861,72.80843,2,0.77,0.71,0.65,0.08485281374238571,-0.15584415584415584,0.66,0.66,0,0,2,VIIRS_NOAA20_SP;VIIRS_SNPP_SP,N;N20,0,2,0.38333333333333336,1,0.1941355945268433,comparison_area,,
EVT-DAHEJ-02080,2025-01-10 21:05:00+00:00,2025-01-10 21:05:00+00:00,21.52774,72.86777,21.52774,72.86777,1,0.71,0.71,0.71,,,0.66,0.66,0,0,1,VIIRS_NOAA20_SP,N20,0,1,0.0,1,0.0,comparison_area,,
EVT-DAHEJ-02081,2025-01-11 08:17:00+00:00,2025-01-11 08:17:00+00:00,21.65486,72.94855,21.65486,72.94855,1,1.84,1.84,1.84,,,0.66,0.66,0,0,1,VIIRS_NOAA20_SP,N20,1,0,0.0,1,0.0,comparison_area,,
EVT-DAHEJ-02082,2025-01-12 07:58:00+00:00,2025-01-12 07:58:00+00:00,21.81188,72.89719,21.81188,72.89719,1,5.2,5.2,5.2,,,0.66,0.66,0,0,1,VIIRS_NOAA20_SP,N20,1,0,0.0,1,0.0,comparison_area,,
EVT-DAHEJ-02083,2025-01-12 09:16:00+00:00,2025-01-12 09:16:00+00:00,21.918329999999997,72.771695,21.91585,72.77241,2,5.43,5.0600000000000005,4.69,0.5232590180780446,-0.13627992633517483,0.66,0.66,0,0,1,VIIRS_SNPP_SP,N,2,0,0.0,1,0.5709145778877059,dahej_fringe,,
EVT-DAHEJ-02084,2025-01-13 07:39:00+00:00,2025-01-13 08:57:00+00:00,21.957705,72.61729,21.95831,72.6189,2,6.7,5.975,5.25,1.025304832720494,-0.2164179104477612,0.66,0.66,0,0,2,VIIRS_NOAA20_SP;VIIRS_SNPP_SP,N;N20,2,0,1.3,1,0.35829695058673666,comparison_area,,
EVT-DAHEJ-02085,2025-01-13 08:57:00+00:00,2025-01-13 08:57:00+00:00,21.8765,72.65875,21.8765,72.65875,1,0.97,0.97,0.97,,,0.66,0.66,0,0,1,VIIRS_SNPP_SP,N,1,0,0.0,1,0.0,dahej_fringe,,
EVT-DAHEJ-02086,2025-01-13 08:57:00+00:00,2025-01-13 08:57:00+00:00,21.72642,72.7469,21.72642,72.7469,1,2.63,2.63,2.63,,,0.66,0.66,0,0,1,VIIRS_SNPP_SP,N,1,0,0.0,1,0.0,dahej_core,,
EVT-DAHEJ-02087,2025-01-13 20:08:00+00:00,2025-01-13 20:08:00+00:00,21.66575,72.96576,21.66314,72.96545,2,0.59,0.59,0.59,0.0,0.0,0.66,0.66,0,0,1,VIIRS_NOAA20_SP,N20,0,2,0.0,1,0.5839637591220337,comparison_area,,
EVT-DAHEJ-02088,2025-01-13 20:08:00+00:00,2025-01-13 20:08:00+00:00,21.40305,72.96606,21.40305,72.96606,1,0.36,0.36,0.36,,,0.66,0.66,0,0,1,VIIRS_NOAA20_SP,N20,0,1,0.0,1,0.0,comparison_area,,
EVT-DAHEJ-02089,2025-01-14 08:38:00+00:00,2025-01-14 09:01:00+00:00,22.02048,72.560365,22.02244,72.5605,2,5.27,4.73,5.27,0.7636753236814707,0.2577565632458232,0.66,0.66,0,0,2,VIIRS_NOAA20_SP;VIIRS_SNPP_SP,N;N20,2,0,0.38333333333333336,1,0.4367724043675061,comparison_area,,
EVT-DAHEJ-02090,2025-01-14 08:38:00+00:00,2025-01-14 09:01:00+00:00,21.75401,72.6399,21.75349,72.6386,2,4.08,2.97,4.08,1.5697770542341354,1.193548387096774,0.66,0.66,0,0,2,VIIRS_NOAA20_SP;VIIRS_SNPP_SP,N;N20,2,0,0.38333333333333336,1,0.2923614433751912,dahej_core,,
EVT-DAHEJ-02091,2025-01-14 08:38:00+00:00,2025-01-14 08:38:00+00:00,21.523,72.95635,21.523,72.95635,1,2.03,2.03,2.03,,,0.66,0.66,0,0,1,VIIRS_SNPP_SP,N,1,0,0.0,1,0.0,comparison_area,,
EVT-DAHEJ-02092,2025-01-14 08:38:00+00:00,2025-01-14 08:38:00+00:00,21.77057,72.57606,21.77057,72.57606,1,3.28,3.28,3.28,,,0.66,0.66,0,0,1,VIIRS_SNPP_SP,N,1,0,0.0,1,0.0,dahej_core,,
EVT-DAHEJ-02093,2025-01-15 08:19:00+00:00,2025-01-15 08:19:00+00:00,21.73641,72.7254,21.73641,72.7254,1,2.45,2.45,2.45,,,0.66,0.66,0,0,1,VIIRS_SNPP_SP,N,1,0,0.0,1,0.0,dahej_core,,
EVT-DAHEJ-02094,2025-01-15 08:19:00+00:00,2025-01-15 08:19:00+00:00,21.77333,72.72272,21.77333,72.72272,1,4.34,4.34,4.34,,,0.66,0.66,0,0,1,VIIRS_SNPP_SP,N,1,0,0.0,1,0.0,dahej_core,,
EVT-DAHEJ-02095,2025-01-16 08:00:00+00:00,2025-01-16 08:23:00+00:00,21.789193333333333,72.62437,21.78989,72.62891,3,4.49,3.3700000000000006,2.81,0.9699484522385714,-0.3741648106904232,0.66,0.5499999999999999,0,0,2,VIIRS_NOAA20_SP;VIIRS_SNPP_SP,N;N20,3,0,0.38333333333333336,1,0.92800335867551,dahej_core,,
EVT-DAHEJ-02096,2025-01-16 08:23:00+00:00,2025-01-16 08:23:00+00:00,21.624785000000003,72.883115,21.62506,72.88503,2,2.2,2.2,2.2,0.0,0.0,0.66,0.495,0,0,1,VIIRS_NOAA20_SP,N20,2,0,0.0,1,0.4005985168198361,comparison_area,,
EVT-DAHEJ-02097,2025-01-16 08:23:00+00:00,2025-01-16 08:23:00+00:00,21.44768,72.7154,21.44768,72.7154,1,3.06,3.06,3.06,,,0.66,0.66,0,0,1,VIIRS_NOAA20_SP,N20,1,0,0.0,1,0.0,comparison_area,,
EVT-DAHEJ-02098,2025-01-16 08:23:00+00:00,2025-01-16 08:23:00+00:00,21.68423,72.63786,21.68423,72.63786,1,2.77,2.77,2.77,,,0.66,0.66,0,0,1,VIIRS_NOAA20_SP,N20,1,0,0.0,1,0.0,dahej_core,,
EVT-DAHEJ-02099,2025-01-16 20:29:00+00:00,2025-01-16 20:52:00+00:00,21.907629999999997,72.75598500000001,21.90814,72.75497,2,0.68,0.5650000000000001,0.45,0.16263455967290597,-0.3382352941176471,0.66,0.66,0,0,2,VIIRS_NOAA20_SP;VIIRS_SNPP_SP,N;N20,0,2,0.38333333333333336,1,0.23816576683071392,dahej_fringe,,
EVT-DAHEJ-02100,2025-01-17 08:04:00+00:00,2025-01-17 08:04:00+00:00,21.43505,72.92848,21.43505,72.92848,1,2.07,2.07,2.07,,,0.66,0.66,0,0,1,VIIRS_NOAA20_SP,N20,1,0,0.0,1,0.0,comparison_area,,
EVT-DAHEJ-02101,2025-01-18 07:46:00+00:00,2025-01-18 07:46:00+00:00,21.77304,72.61099,21.77304,72.61099,1,6.45,6.45,6.45,,,0.66,0.66,0,0,1,VIIRS_NOAA20_SP,N20,1,0,0.0,1,0.0,dahej_core,,
EVT-DAHEJ-02102,2025-01-18 20:14:00+00:00,2025-01-18 20:14:00+00:00,21.46678,72.79533,21.46678,72.79533,1,0.4,0.4,0.4,,,0.66,0.66,0,0,1,VIIRS_NOAA20_SP,N20,0,1,0.0,1,0.0,comparison_area,,
EVT-DAHEJ-02103,2025-01-19 08:44:00+00:00,2025-01-19 08:44:00+00:00,21.81196,72.64793,21.81196,72.64793,1,5.15,5.15,5.15,,,0.66,0.66,0,0,1,VIIRS_SNPP_SP,N,1,0,0.0,1,0.0,dahej_core,,
EVT-DAHEJ-02104,2025-01-19 08:44:00+00:00,2025-01-19 08:44:00+00:00,21.57525,72.84688,21.57525,72.84688,1,2.98,2.98,2.98,,,0.66,0.66,0,0,1,VIIRS_SNPP_SP,N,1,0,0.0,1,0.0,dahej_fringe,,
EVT-DAHEJ-02105,2025-01-19 21:13:00+00:00,2025-01-19 21:13:00+00:00,21.35922,72.85214,21.35922,72.85214,1,1.07,1.07,1.07,,,0.66,0.66,0,0,1,VIIRS_SNPP_SP,N,0,1,0.0,1,0.0,comparison_area,,
EVT-DAHEJ-02106,2025-01-20 08:26:00+00:00,2025-01-20 08:26:00+00:00,21.75742,72.5549,21.75742,72.5549,1,4.94,4.94,4.94,,,0.66,0.66,0,0,1,VIIRS_SNPP_SP,N,1,0,0.0,1,0.0,dahej_core,,
EVT-DAHEJ-02107,2025-01-20 08:48:00+00:00,2025-01-21 08:29:00+00:00,21.478583333333333,72.85672666666667,21.48264,72.85703,3,17.92,12.39,13.12,5.928802577249474,1.1402936378466557,0.66,0.66,0,0,2,VIIRS_NOAA20_SP;VIIRS_SNPP_SP,N;N20,3,0,23.683333333333334,2,0.9443454386012536,comparison_area,,
EVT-DAHEJ-02108,2025-01-20 20:54:00+00:00,2025-01-20 20:54:00+00:00,21.35071,72.99766,21.35071,72.99766,1,0.45,0.45,0.45,,,0.66,0.66,0,0,1,VIIRS_SNPP_SP,N,0,1,0.0,1,0.0,comparison_area,,
EVT-DAHEJ-02109,2025-01-21 08:07:00+00:00,2025-01-21 08:07:00+00:00,21.48265,72.87717,21.48265,72.87717,1,3.49,3.49,3.49,,,0.66,0.66,0,0,1,VIIRS_SNPP_SP,N,1,0,0.0,1,0.0,comparison_area,,
EVT-DAHEJ-02110,2025-01-21 08:29:00+00:00,2025-01-21 08:29:00+00:00,21.50865,72.73964,21.50865,72.73964,1,13.1,13.1,13.1,,,0.33,0.33,0,0,1,VIIRS_NOAA20_SP,N20,1,0,0.0,1,0.0,dahej_fringe,,
EVT-DAHEJ-02111,2025-01-21 08:29:00+00:00,2025-01-21 08:29:00+00:00,21.452334999999998,72.99024,21.45166,72.9886,2,3.55,3.49,3.43,0.08485281374238547,-0.03380281690140836,0.66,0.66,0,0,1,VIIRS_NOAA20_SP,N20,2,0,0.0,1,0.3711633863454714,comparison_area,,
EVT-DAHEJ-02112,2025-01-21 08:30:00+00:00,2025-01-21 08:30:00+00:00,21.72614,72.69455,21.72614,72.69455,1,4.66,4.66,4.66,,,0.66,0.66,0,0,1,VIIRS_NOAA20_SP,N20,1,0,0.0,1,0.0,dahej_core,,
EVT-DAHEJ-02113,2025-01-21 08:30:00+00:00,2025-01-21 08:30:00+00:00,21.77916,72.63136,21.77916,72.63136,1,2.2,2.2,2.2,,,0.66,0.66,0,0,1,VIIRS_NOAA20_SP,N20,1,0,0.0,1,0.0,dahej_core,,
EVT-DAHEJ-02114,2025-01-21 20:58:00+00:00,2025-01-21 20:58:00+00:00,21.57365,72.80323,21.57365,72.80323,1,0.45,0.45,0.45,,,0.66,0.66,0,0,1,VIIRS_NOAA20_SP,N20,0,1,0.0,1,0.0,dahej_fringe,,
EVT-DAHEJ-02115,2025-01-22 07:48:00+00:00,2025-01-22 20:40:00+00:00,21.520049999999998,72.95283333333333,21.52093,72.95167,3,27.31,17.85333333333333,0.69,14.889614949129252,-0.9747345294763823,0.66,0.66,0,2,2,VIIRS_NOAA20_SP;VIIRS_SNPP_SP,N;N20,2,1,12.866666666666667,1,0.3278729047573659,comparison_area,,
EVT-DAHEJ-02116,2025-01-22 08:11:00+00:00,2025-01-22 08:11:00+00:00,21.72064,72.74719999999999,21.72233,72.74688,2,1.9,1.75,1.9,0.21213203435596414,0.1874999999999999,0.66,0.66,0,0,1,VIIRS_NOAA20_SP,N20,2,0,0.0,1,0.38160980393349514,dahej_core,,
EVT-DAHEJ-02117,2025-01-22 08:11:00+00:00,2025-01-22 08:11:00+00:00,21.86176,72.881275,21.86344,72.88096,2,5.68,5.68,5.68,0.0,0.0,0.66,0.66,0,0,1,VIIRS_NOAA20_SP,N20,2,0,0.0,1,0.37923010851286504,comparison_area,,
EVT-DAHEJ-02118,2025-01-22 08:11:00+00:00,2025-01-22 08:11:00+00:00,21.896929999999998,72.9212,21.89602,72.92269,3,5.69,3.796666666666667,5.69,2.222281110330854,0.30804597701149444,0.66,0.66,0,0,1,VIIRS_NOAA20_SP,N20,3,0,0.0,1,0.40334955095250075,comparison_area,,
EVT-DAHEJ-02119,2025-01-22 08:11:00+00:00,2025-01-22 08:11:00+00:00,21.856016666666665,72.885,21.85398,72.8867,3,3.12,3.1199999999999997,3.12,5.438959822042073e-16,0.0,0.66,0.66,0,0,1,VIIRS_NOAA20_SP,N20,3,0,0.0,1,0.5537093532814366,comparison_area,,
EVT-DAHEJ-02120,2025-01-22 08:11:00+00:00,2025-01-22 08:11:00+00:00,22.00342,72.89124,22.00342,72.89124,1,12.9,12.9,12.9,,,0.66,0.66,0,0,1,VIIRS_NOAA20_SP,N20,1,0,0.0,1,0.0,comparison_area,,
EVT-DAHEJ-02121,2025-01-22 08:11:00+00:00,2025-01-22 08:11:00+00:00,21.36402,72.66022,21.36402,72.66022,1,2.76,2.76,2.76,,,0.66,0.66,0,0,1,VIIRS_NOAA20_SP,N20,1,0,0.0,1,0.0,comparison_area,,
EVT-DAHEJ-02122,2025-01-22 08:11:00+00:00,2025-01-22 08:11:00+00:00,21.988135,72.8879,21.98753,72.88976,2,6.45,4.62,6.45,2.588010819142764,1.3118279569892473,0.66,0.66,0,0,1,VIIRS_NOAA20_SP,N20,2,0,0.0,1,0.4064715770149699,comparison_area,,
EVT-DAHEJ-02123,2025-01-22 08:11:00+00:00,2025-01-22 08:11:00+00:00,21.897289999999998,72.89863,21.89561,72.89894,2,3.88,3.88,3.88,0.0,0.0,0.66,0.66,0,0,1,VIIRS_NOAA20_SP,N20,2,0,0.0,1,0.3790518601291355,comparison_area,,
EVT-DAHEJ-02124,2025-01-22 08:11:00+00:00,2025-01-22 08:11:00+00:00,22.00424,72.93871,22.00424,72.93871,1,5.56,5.56,5.56,,,0.66,0.66,0,0,1,VIIRS_NOAA20_SP,N20,1,0,0.0,1,0.0,comparison_area,,
EVT-DAHEJ-02125,2025-01-22 08:11:00+00:00,2025-01-22 08:11:00+00:00,21.770129999999998,72.83989666666666,21.76992,72.83861,3,6.19,4.206666666666666,2.1,2.0477874238634572,-0.5150115473441108,0.66,0.55,0,0,1,VIIRS_NOAA20_SP,N20,3,0,0.0,1,0.5565686368476862,dahej_fringe,,
EVT-DAHEJ-02126,2025-01-22 08:11:00+00:00,2025-01-22 08:11:00+00:00,21.83565,72.8483,21.83702,72.84605,2,3.14,3.14,3.14,0.0,0.0,0.66,0.495,0,0,1,VIIRS_NOAA20_SP,N20,2,0,0.0,1,0.555487545348836,comparison_area,,
EVT-DAHEJ-02127,2025-01-22 08:11:00+00:00,2025-01-22 08:11:00+00:00,21.76667666666667,72.87478333333333,21.76889,72.87468,3,3.82,3.64,3.82,0.31176914536239797,0.16463414634146342,0.66,0.66,0,0,1,VIIRS_NOAA20_SP,N20,3,0,0.0,1,0.5580010538033919,comparison_area,,
EVT-DAHEJ-02128,2025-01-22 08:11:00+00:00,2025-01-22 08:11:00+00:00,21.7538,72.87703,21.7538,72.87703,1,3.46,3.46,3.46,,,0.66,0.66,0,0,1,VIIRS_NOAA20_SP,N20,1,0,0.0,1,0.0,comparison_area,,
EVT-DAHEJ-02129,2025-01-22 08:11:00+00:00,2025-01-22 08:11:00+00:00,21.51483,72.85371,21.51483,72.85371,1,2.28,2.28,2.28,,,0.66,0.66,0,0,1,VIIRS_NOAA20_SP,N20,1,0,0.0,1,0.0,comparison_area,,
EVT-DAHEJ-02130,2025-01-23 09:10:00+00:00,2025-01-23 09:10:00+00:00,21.436525,72.70343,21.43715,72.70132,2,3.5,3.115,2.73,0.5444722215136416,-0.22,0.66,0.66,0,0,1,VIIRS_SNPP_SP,N,2,0,0.0,1,0.4583646633127398,comparison_area,,
EVT-DAHEJ-02131,2025-01-23 09:10:00+00:00,2025-01-23 09:10:00+00:00,21.72565,72.70382,21.72565,72.70382,1,2.06,2.06,2.06,,,0.66,0.66,0,0,1,VIIRS_SNPP_SP,N,1,0,0.0,1,0.0,dahej_core,,
EVT-DAHEJ-02132,2025-01-23 19:58:00+00:00,2025-01-23 20:21:00+00:00,21.410435,72.986505,21.41189,72.98639,2,0.78,0.6799999999999999,0.78,0.14142135623730953,0.3448275862068967,0.66,0.66,0,0,2,VIIRS_NOAA20_SP;VIIRS_SNPP_SP,N;N20,0,2,0.38333333333333336,1,0.3244525081064407,comparison_area,,
EVT-DAHEJ-02133,2025-01-23 20:21:00+00:00,2025-01-23 20:21:00+00:00,21.36752,72.83152,21.36752,72.83152,1,0.69,0.69,0.69,,,0.66,0.66,0,0,1,VIIRS_NOAA20_SP,N20,0,1,0.0,1,0.0,comparison_area,,
EVT-DAHEJ-02134,2025-01-24 08:51:00+00:00,2025-01-24 08:51:00+00:00,21.54111,72.82402,21.54111,72.82402,1,3.94,3.94,3.94,,,0.66,0.66,0,0,1,VIIRS_SNPP_SP,N,1,0,0.0,1,0.0,dahej_fringe,,
EVT-DAHEJ-02135,2025-01-25 08:32:00+00:00,2025-01-25 08:32:00+00:00,21.80142,72.7022,21.80142,72.7022,1,2.17,2.17,2.17,,,0.66,0.66,0,0,1,VIIRS_SNPP_SP,N,1,0,0.0,1,0.0,dahej_core,,
EVT-DAHEJ-02136,2025-01-25 08:32:00+00:00,2025-01-25 08:55:00+00:00,21.788335,72.6155625,21.78984,72.61598,4,4.84,3.915,3.45,0.6602272336097624,-0.28719008264462803,0.66,0.66,0,0,2,VIIRS_NOAA20_SP;VIIRS_SNPP_SP,N;N20,4,0,0.38333333333333336,1,0.37590886037106186,dahej_core,,
EVT-DAHEJ-02137,2025-01-25 08:55:00+00:00,2025-01-25 08:55:00+00:00,21.88215,72.66376,21.88215,72.66376,1,1.33,1.33,1.33,,,0.66,0.66,0,0,1,VIIRS_NOAA20_SP,N20,1,0,0.0,1,0.0,dahej_fringe,,
EVT-DAHEJ-02138,2025-01-25 21:01:00+00:00,2025-01-25 21:01:00+00:00,21.53919,72.96369,21.53919,72.96369,1,0.42,0.42,0.42,,,0.66,0.66,0,0,1,VIIRS_SNPP_SP,N,0,1,0.0,1,0.0,comparison_area,,
EVT-DAHEJ-02139,2025-01-25 21:01:00+00:00,2025-01-25 21:01:00+00:00,22.0894,72.6541,22.0894,72.6541,1,0.55,0.55,0.55,,,0.66,0.66,0,0,1,VIIRS_SNPP_SP,N,0,1,0.0,1,0.0,comparison_area,,
EVT-DAHEJ-02140,2025-01-26 08:13:00+00:00,2025-01-26 08:13:00+00:00,21.85578,72.883625,21.8541,72.88393,2,2.3,1.6549999999999998,2.3,0.9121677477306461,1.277227722772277,0.66,0.495,0,0,1,VIIRS_SNPP_SP,N,2,0,0.0,1,0.37888215696631633,comparison_area,,
EVT-DAHEJ-02141,2025-01-26 08:13:00+00:00,2025-01-26 08:13:00+00:00,22.0032,72.89254,22.0032,72.89254,1,1.52,1.52,1.52,,,0.66,0.66,0,0,1,VIIRS_SNPP_SP,N,1,0,0.0,1,0.0,comparison_area,,
EVT-DAHEJ-02142,2025-01-26 08:13:00+00:00,2025-01-26 08:13:00+00:00,21.767123333333334,72.87494,21.76958,72.87581,3,4.13,4.13,4.13,0.0,0.0,0.66,0.66,0,0,1,VIIRS_SNPP_SP,N,3,0,0.0,1,0.5559545507812074,comparison_area,,
EVT-DAHEJ-02143,2025-01-26 08:13:00+00:00,2025-01-26 08:13:00+00:00,21.989216666666664,72.88457,21.98851,72.88734,3,4.94,3.703333333333333,4.94,1.3641969554772262,0.25699745547073793,0.66,0.66,0,0,1,VIIRS_SNPP_SP,N,3,0,0.0,1,0.5524843619913942,comparison_area,,
EVT-DAHEJ-02144,2025-01-26 08:13:00+00:00,2025-01-26 08:13:00+00:00,21.46853,72.81168,21.46853,72.81168,1,4.37,4.37,4.37,,,0.66,0.66,0,0,1,VIIRS_SNPP_SP,N,1,0,0.0,1,0.0,comparison_area,,
EVT-DAHEJ-02145,2025-01-26 08:13:00+00:00,2025-01-26 08:13:00+00:00,21.86251,72.88238,21.86419,72.88206,2,5.1,3.6999999999999997,2.3,1.979898987322333,-0.5490196078431373,0.66,0.66,0,0,1,VIIRS_SNPP_SP,N,2,0,0.0,1,0.3794083334040879,comparison_area,,
EVT-DAHEJ-02146,2025-01-26 08:13:00+00:00,2025-01-26 08:13:00+00:00,21.89779,72.89968,21.89947,72.89937,2,5.76,5.255,4.75,0.7141778489984129,-0.17534722222222218,0.66,0.495,0,0,1,VIIRS_SNPP_SP,N,2,0,0.0,1,0.37905182226518946,comparison_area,,
EVT-DAHEJ-02147,2025-01-26 08:13:00+00:00,2025-01-26 08:13:00+00:00,21.89586,72.91982,21.89586,72.91982,1,3.75,3.75,3.75,,,0.66,0.66,0,0,1,VIIRS_SNPP_SP,N,1,0,0.0,1,0.0,comparison_area,,
EVT-DAHEJ-02148,2025-01-26 08:13:00+00:00,2025-01-26 08:13:00+00:00,21.62047,72.93118,21.62047,72.93118,1,2.09,2.09,2.09,,,0.66,0.66,0,0,1,VIIRS_SNPP_SP,N,1,0,0.0,1,0.0,comparison_area,,
EVT-DAHEJ-02149,2025-01-26 08:13:00+00:00,2025-01-26 08:13:00+00:00,21.44022,72.80894,21.44022,72.80894,1,3.96,3.96,3.96,,,0.33,0.33,0,0,1,VIIRS_SNPP_SP,N,1,0,0.0,1,0.0,comparison_area,,
EVT-DAHEJ-02150,2025-01-26 08:13:00+00:00,2025-01-26 08:13:00+00:00,21.52074,72.74629999999999,21.52089,72.74659,2,1.8,1.755,1.71,0.06363961030678934,-0.050000000000000044,0.66,0.66,0,0,1,VIIRS_SNPP_SP,N,2,0,0.0,1,0.06864714649041195,dahej_fringe,,
EVT-DAHEJ-02151,2025-01-26 08:13:00+00:00,2025-01-26 08:13:00+00:00,21.768974999999998,72.840175,21.77066,72.83986,2,4.29,4.29,4.29,0.0,0.0,0.66,0.66,0,0,1,VIIRS_SNPP_SP,N,2,0,0.0,1,0.3803328531992586,dahej_fringe,,
EVT-DAHEJ-02152,2025-01-26 08:13:00+00:00,2025-01-26 08:13:00+00:00,21.76643,72.85654,21.76643,72.85654,1,1.64,1.64,1.64,,,0.66,0.66,0,0,1,VIIRS_SNPP_SP,N,1,0,0.0,1,0.0,comparison_area,,
EVT-DAHEJ-02153,2025-01-26 08:13:00+00:00,2025-01-26 08:13:00+00:00,21.7554,72.87854,21.7554,72.87854,1,3.34,3.34,3.34,,,0.66,0.66,0,0,1,VIIRS_SNPP_SP,N,1,0,0.0,1,0.0,comparison_area,,
EVT-DAHEJ-02154,2025-01-26 08:13:00+00:00,2025-01-26 08:13:00+00:00,21.83443,72.8479,21.83443,72.8479,1,1.03,1.03,1.03,,,0.66,0.66,0,0,1,VIIRS_SNPP_SP,N,1,0,0.0,1,0.0,dahej_fringe,,
EVT-DAHEJ-02155,2025-01-26 20:42:00+00:00,2025-01-26 20:42:00+00:00,21.35935,72.80128,21.35935,72.80128,1,0.69,0.69,0.69,,,0.66,0.66,0,0,1,VIIRS_SNPP_SP,N,0,1,0.0,1,0.0,comparison_area,,
EVT-DAHEJ-02156,2025-01-27 08:17:00+00:00,2025-01-27 08:17:00+00:00,21.53483,72.95993,21.53483,72.95993,1,3.31,3.31,3.31,,,0.66,0.66,0,0,1,VIIRS_NOAA20_SP,N20,1,0,0.0,1,0.0,comparison_area,,
EVT-DAHEJ-02157,2025-01-27 08:17:00+00:00,2025-01-27 08:17:00+00:00,21.77696,72.67902,21.77696,72.67902,1,7.66,7.66,7.66,,,0.66,0.66,0,0,1,VIIRS_NOAA20_SP,N20,1,0,0.0,1,0.0,dahej_core,,
EVT-DAHEJ-02158,2025-01-27 20:23:00+00:00,2025-01-27 20:46:00+00:00,21.40228666666667,72.77062333333333,21.40247,72.76875,3,1.16,0.85,0.5,0.33181320046074114,-0.5689655172413792,0.66,0.66,0,0,2,VIIRS_NOAA20_SP;VIIRS_SNPP_SP,N;N20,0,3,0.38333333333333336,1,0.44069474577611484,comparison_area,,
EVT-DAHEJ-02159,2025-01-27 20:23:00+00:00,2025-01-27 20:46:00+00:00,21.4057,72.94509,21.40609,72.94556,2,0.56,0.5,0.56,0.08485281374238575,0.2727272727272728,0.66,0.66,0,0,2,VIIRS_NOAA20_SP;VIIRS_SNPP_SP,N;N20,0,2,0.38333333333333336,1,0.13035469598776667,comparison_area,,
EVT-DAHEJ-02160,2025-01-29 07:39:00+00:00,2025-01-29 07:39:00+00:00,21.54356,72.89223,21.54356,72.89223,1,2.32,2.32,2.32,,,0.66,0.66,0,0,1,VIIRS_NOAA20_SP,N20,1,0,0.0,1,0.0,comparison_area,,
EVT-DAHEJ-02161,2025-01-29 07:39:00+00:00,2025-01-29 08:57:00+00:00,21.79237,72.60714999999999,21.79403,72.60736,2,4.48,3.8100000000000005,3.14,0.9475230867899739,-0.2991071428571429,0.66,0.66,0,0,2,VIIRS_NOAA20_SP;VIIRS_SNPP_SP,N;N20,2,0,1.3,1,0.37170584667991524,dahej_core,,
EVT-DAHEJ-02162,2025-01-29 07:39:00+00:00,2025-01-29 07:39:00+00:00,21.79189,72.64864,21.79189,72.64864,1,1.18,1.18,1.18,,,0.66,0.66,0,0,1,VIIRS_NOAA20_SP,N20,1,0,0.0,1,0.0,dahej_core,,
EVT-DAHEJ-02163,2025-01-29 08:57:00+00:00,2025-01-29 08:57:00+00:00,21.47201,72.86185,21.47201,72.86185,1,1.28,1.28,1.28,,,0.66,0.66,0,0,1,VIIRS_SNPP_SP,N,1,0,0.0,1,0.0,comparison_area,,
EVT-DAHEJ-02164,2025-01-29 20:08:00+00:00,2025-01-29 21:26:00+00:00,21.60322,72.9560425,21.60294,72.95348,4,1.39,0.8400000000000001,0.66,0.3666969684448818,0.015384615384615398,0.66,0.66,0,0,2,VIIRS_NOAA20_SP;VIIRS_SNPP_SP,N;N20,0,4,1.3,1,0.489336071466367,comparison_area,,
EVT-DAHEJ-02165,2025-01-29 20:08:00+00:00,2025-01-29 20:08:00+00:00,21.38607,72.94221,21.38607,72.94221,1,0.49,0.49,0.49,,,0.66,0.66,0,0,1,VIIRS_NOAA20_SP,N20,0,1,0.0,1,0.0,comparison_area,,
EVT-DAHEJ-02166,2025-01-29 20:08:00+00:00,2025-01-29 20:08:00+00:00,21.43645,72.97771,21.43645,72.97771,1,0.35,0.35,0.35,,,0.66,0.66,0,0,1,VIIRS_NOAA20_SP,N20,0,1,0.0,1,0.0,comparison_area,,
EVT-DAHEJ-02167,2025-01-30 21:07:00+00:00,2025-01-30 21:07:00+00:00,21.37696,72.96178,21.37696,72.96178,1,1.42,1.42,1.42,,,0.66,0.66,0,0,1,VIIRS_SNPP_SP,N,0,1,0.0,1,0.0,comparison_area,,
EVT-DAHEJ-02168,2025-01-30 21:07:00+00:00,2025-01-30 21:30:00+00:00,21.680865,72.550085,21.67996,72.55098,2,0.68,0.63,0.58,0.07071067811865482,-0.14705882352941188,0.66,0.66,0,0,2,VIIRS_NOAA20_SP;VIIRS_SNPP_SP,N;N20,0,2,0.38333333333333336,1,0.27334306376011563,dahej_core,,
EVT-DAHEJ-02169,2025-01-31 08:19:00+00:00,2025-01-31 08:42:00+00:00,21.368840000000002,72.79892,21.36919,72.79809,3,4.15,3.426666666666667,4.15,0.7250057471036581,0.20991253644314872,0.66,0.66,0,0,2,VIIRS_NOAA20_SP;VIIRS_SNPP_SP,N;N20,3,0,0.38333333333333336,1,0.3330897673508449,comparison_area,,
EVT-DAHEJ-02170,2025-01-31 08:19:00+00:00,2025-01-31 08:42:00+00:00,21.81157333333333,72.63805,21.81133,72.63617,3,9.83,7.553333333333334,9.83,3.1957210975511194,1.5205128205128204,1.0,0.7733333333333334,1,0,2,VIIRS_NOAA20_SP;VIIRS_SNPP_SP,N;N20,3,0,0.38333333333333336,1,0.3024802768981762,dahej_core,,
EVT-DAHEJ-02171,2025-01-31 20:48:00+00:00,2025-01-31 21:11:00+00:00,21.409745,72.989115,21.40935,72.98916,2,0.7,0.6799999999999999,0.7,0.02828427124746185,0.06060606060606049,0.66,0.66,0,0,2,VIIRS_NOAA20_SP;VIIRS_SNPP_SP,N;N20,0,2,0.38333333333333336,1,0.08833682270215822,comparison_area,,
EVT-DAHEJ-02172,2025-02-01 08:00:00+00:00,2025-02-01 08:00:00+00:00,21.50462,72.8646,21.50462,72.8646,1,3.03,3.03,3.03,,,0.66,0.66,0,0,1,VIIRS_SNPP_SP,N,1,0,0.0,1,0.0,comparison_area,,
EVT-DAHEJ-02173,2025-02-01 08:01:00+00:00,2025-02-01 08:01:00+00:00,21.72709,72.75858,21.72709,72.75858,1,2.34,2.34,2.34,,,0.33,0.33,0,0,1,VIIRS_SNPP_SP,N,1,0,0.0,1,0.0,dahej_fringe,,
EVT-DAHEJ-02174,2025-02-01 08:23:00+00:00,2025-02-01 08:23:00+00:00,21.40214,72.76292,21.40214,72.76292,1,2.57,2.57,2.57,,,0.66,0.66,0,0,1,VIIRS_NOAA20_SP,N20,1,0,0.0,1,0.0,comparison_area,,
EVT-DAHEJ-02175,2025-02-01 08:23:00+00:00,2025-02-01 08:23:00+00:00,21.58297,72.90852,21.58297,72.90852,1,2.08,2.08,2.08,,,0.66,0.66,0,0,1,VIIRS_NOAA20_SP,N20,1,0,0.0,1,0.0,comparison_area,,
EVT-DAHEJ-02176,2025-02-01 08:23:00+00:00,2025-02-01 08:23:00+00:00,21.41916,72.83401,21.41916,72.83401,1,2.6,2.6,2.6,,,0.66,0.66,0,0,1,VIIRS_NOAA20_SP,N20,1,0,0.0,1,0.0,comparison_area,,
EVT-DAHEJ-02177,2025-02-01 20:29:00+00:00,2025-02-02 20:33:00+00:00,21.434066666666666,72.97547666666667,21.43452,72.97505,3,0.61,0.5299999999999999,0.61,0.12165525060596437,0.0338983050847458,0.66,0.66,0,0,2,VIIRS_NOAA20_SP;VIIRS_SNPP_SP,N;N20,0,3,24.066666666666666,2,0.16357092932139686,comparison_area,,
EVT-DAHEJ-02178,2025-02-02 07:42:00+00:00,2025-02-02 08:04:00+00:00,21.781805,72.61941,21.78204,72.6213,2,3.87,3.325,2.78,0.770746391493337,-0.2816537467700259,0.66,0.495,0,0,2,VIIRS_NOAA20_SP;VIIRS_SNPP_SP,N;N20,2,0,0.36666666666666664,1,0.39379163773933984,dahej_core,,
EVT-DAHEJ-02179,2025-02-02 08:04:00+00:00,2025-02-02 08:04:00+00:00,21.57021,72.80862,21.57021,72.80862,1,3.41,3.41,3.41,,,0.66,0.66,0,0,1,VIIRS_NOAA20_SP,N20,1,0,0.0,1,0.0,dahej_fringe,,
EVT-DAHEJ-02180,2025-02-02 20:33:00+00:00,2025-02-02 20:33:00+00:00,21.4628,72.78699,21.4628,72.78699,1,0.26,0.26,0.26,,,0.66,0.66,0,0,1,VIIRS_NOAA20_SP,N20,0,1,0.0,1,0.0,comparison_area,,
EVT-DAHEJ-02181,2025-02-03 07:46:00+00:00,2025-02-03 07:46:00+00:00,21.48141,72.87378,21.48141,72.87378,1,3.1,3.1,3.1,,,0.66,0.66,0,0,1,VIIRS_NOAA20_SP,N20,1,0,0.0,1,0.0,comparison_area,,
EVT-DAHEJ-02182,2025-02-03 07:46:00+00:00,2025-02-03 09:03:00+00:00,22.039125,72.74382,22.04105,72.74383,2,3.25,2.5300000000000002,1.81,1.0182337649086284,-0.44307692307692303,0.66,0.66,0,0,2,VIIRS_NOAA20_SP;VIIRS_SNPP_SP,N;N20,2,0,1.2833333333333334,1,0.42810602189787494,comparison_area,,
EVT-DAHEJ-02183,2025-02-03 20:14:00+00:00,2025-02-03 20:14:00+00:00,21.50785,72.78239,21.50785,72.78239,1,0.58,0.58,0.58,,,0.66,0.66,0,0,1,VIIRS_NOAA20_SP,N20,0,1,0.0,1,0.0,dahej_fringe,,
EVT-DAHEJ-02184,2025-02-04 08:44:00+00:00,2025-02-04 08:44:00+00:00,21.54484,72.94153,21.54484,72.94153,1,3.53,3.53,3.53,,,0.66,0.66,0,0,1,VIIRS_SNPP_SP,N,1,0,0.0,1,0.0,comparison_area,,
EVT-DAHEJ-02185,2025-02-05 08:26:00+00:00,2025-02-05 08:49:00+00:00,21.992575000000002,72.714025,21.99286,72.71416,2,4.49,3.865,4.49,0.8838834764831844,0.38580246913580246,0.66,0.66,0,0,2,VIIRS_NOAA20_SP;VIIRS_SNPP_SP,N;N20,2,0,0.38333333333333336,1,0.06922521118857083,comparison_area,,
EVT-DAHEJ-02186,2025-02-05 08:26:00+00:00,2025-02-05 20:54:00+00:00,21.735006666666663,72.59294999999999,21.73517,72.59163,3,7.58,4.986666666666667,0.48,3.9176693751940497,-0.9366754617414248,0.66,0.66,0,0,2,VIIRS_NOAA20_SP;VIIRS_SNPP_SP,N;N20,2,1,12.466666666666667,1,0.4877358144153794,dahej_core,,
EVT-DAHEJ-02187,2025-02-05 08:26:00+00:00,2025-02-05 08:26:00+00:00,21.84051,72.69198,21.84051,72.69198,1,6.26,6.26,6.26,,,0.66,0.66,0,0,1,VIIRS_SNPP_SP,N,1,0,0.0,1,0.0,dahej_core,,
EVT-DAHEJ-02188,2025-02-05 08:26:00+00:00,2025-02-05 08:26:00+00:00,21.47815,72.8413,21.47815,72.8413,1,3.03,3.03,3.03,,,0.66,0.66,0,0,1,VIIRS_SNPP_SP,N,1,0,0.0,1,0.0,comparison_area,,
EVT-DAHEJ-02189,2025-02-05 08:48:00+00:00,2025-02-05 08:48:00+00:00,21.71168,72.77658,21.71168,72.77658,1,4.34,4.34,4.34,,,0.66,0.66,0,0,1,VIIRS_NOAA20_SP,N20,1,0,0.0,1,0.0,dahej_fringe,,
EVT-DAHEJ-02190,2025-02-05 20:54:00+00:00,2025-02-05 20:54:00+00:00,21.68455,72.53483,21.68455,72.53483,1,0.94,0.94,0.94,,,0.66,0.66,0,0,1,VIIRS_SNPP_SP,N,0,1,0.0,1,0.0,dahej_core,,
EVT-DAHEJ-02191,2025-02-05 20:55:00+00:00,2025-02-05 20:55:00+00:00,21.3567,72.82087,21.3567,72.82087,1,0.74,0.74,0.74,,,0.66,0.66,0,0,1,VIIRS_SNPP_SP,N,0,1,0.0,1,0.0,comparison_area,,
EVT-DAHEJ-02192,2025-02-06 08:07:00+00:00,2025-02-06 08:07:00+00:00,21.52128,72.8625,21.52128,72.8625,1,10.64,10.64,10.64,,,0.66,0.66,0,0,1,VIIRS_SNPP_SP,N,1,0,0.0,1,0.0,comparison_area,,
EVT-DAHEJ-02193,2025-02-06 08:07:00+00:00,2025-02-06 08:30:00+00:00,22.081985,72.64361,22.08266,72.64425,2,6.48,6.015000000000001,6.48,0.6576093065034896,0.1675675675675677,0.66,0.66,0,0,2,VIIRS_NOAA20_SP;VIIRS_SNPP_SP,N;N20,2,0,0.38333333333333336,1,0.19982198949560326,comparison_area,,
EVT-DAHEJ-02194,2025-02-06 08:07:00+00:00,2025-02-06 08:07:00+00:00,21.35233,72.92892,21.35233,72.92892,1,3.83,3.83,3.83,,,0.66,0.66,0,0,1,VIIRS_SNPP_SP,N,1,0,0.0,1,0.0,comparison_area,,
EVT-DAHEJ-02195,2025-02-06 08:30:00+00:00,2025-02-06 08:30:00+00:00,21.51891,72.96432,21.51891,72.96432,1,0.64,0.64,0.64,,,0.66,0.66,0,0,1,VIIRS_NOAA20_SP,N20,1,0,0.0,1,0.0,comparison_area,,
EVT-DAHEJ-02196,2025-02-07 07:48:00+00:00,2025-02-07 07:48:00+00:00,21.720135,72.70985,21.72024,72.71133,2,10.87,10.215,10.87,0.9263098833543764,0.13702928870292874,0.66,0.66,0,0,1,VIIRS_SNPP_SP,N,2,0,0.0,1,0.30665986315333854,dahej_core,,
EVT-DAHEJ-02197,2025-02-07 07:48:00+00:00,2025-02-07 07:48:00+00:00,21.38127,72.86866,21.38127,72.86866,1,4.6,4.6,4.6,,,0.66,0.66,0,0,1,VIIRS_SNPP_SP,N,1,0,0.0,1,0.0,comparison_area,,
EVT-DAHEJ-02198,2025-02-07 08:11:00+00:00,2025-02-07 08:11:00+00:00,21.48999,72.70912,21.48999,72.70912,1,3.17,3.17,3.17,,,0.66,0.66,0,0,1,VIIRS_NOAA20_SP,N20,1,0,0.0,1,0.0,comparison_area,,
EVT-DAHEJ-02199,2025-02-07 20:17:00+00:00,2025-02-07 20:40:00+00:00,21.70299,72.68258,21.70147,72.68392,2,1.56,1.44,1.56,0.16970562748477142,0.1818181818181818,0.66,0.66,0,0,2,VIIRS_NOAA20_SP;VIIRS_SNPP_SP,N;N20,0,2,0.38333333333333336,1,0.436953053880587,dahej_core,,
EVT-DAHEJ-02200,2025-02-07 20:17:00+00:00,2025-02-07 20:17:00+00:00,21.53018,72.899925,21.53185,72.89974,2,1.81,1.8,1.81,0.014142135623730963,0.011173184357541908,0.66,0.66,0,0,1,VIIRS_SNPP_SP,N,0,2,0.0,1,0.3733582747623283,comparison_area,,
EVT-DAHEJ-02201,2025-02-08 07:52:00+00:00,2025-02-08 07:52:00+00:00,21.47788,72.85708,21.47788,72.85708,1,13.97,13.97,13.97,,,0.66,0.66,0,0,1,VIIRS_NOAA20_SP,N20,1,0,0.0,1,0.0,comparison_area,,
EVT-DAHEJ-02202,2025-02-08 07:52:00+00:00,2025-02-08 07:52:00+00:00,22.01893,72.63395,22.01893,72.63395,1,3.04,3.04,3.04,,,0.33,0.33,0,0,1,VIIRS_NOAA20_SP,N20,1,0,0.0,1,0.0,comparison_area,,
EVT-DAHEJ-02203,2025-02-09 08:51:00+00:00,2025-02-09 08:51:00+00:00,21.76214,72.62766,21.76214,72.62766,1,6.26,6.26,6.26,,,0.33,0.33,0,0,1,VIIRS_SNPP_SP,N,1,0,0.0,1,0.0,dahej_core,,
EVT-DAHEJ-02204,2025-02-09 08:51:00+00:00,2025-02-09 08:51:00+00:00,21.496299999999998,72.816565,21.49659,72.81926,2,9.21,8.395,7.58,1.152584053334073,-0.1769815418023888,0.66,0.66,0,0,1,VIIRS_SNPP_SP,N,2,0,0.0,1,0.5613689968347758,comparison_area,,
EVT-DAHEJ-02205,2025-02-09 20:02:00+00:00,2025-02-09 20:02:00+00:00,21.53267,72.870755,21.53231,72.87199,2,0.76,0.575,0.39,0.2616295090390226,-0.4868421052631579,0.66,0.66,0,0,1,VIIRS_NOAA20_SP,N20,0,2,0.0,1,0.26773396993555765,comparison_area,,
EVT-DAHEJ-02206,2025-02-10 08:55:00+00:00,2025-02-10 08:55:00+00:00,22.030839999999998,72.737415,22.03126,72.73714,2,2.8,2.6399999999999997,2.48,0.2262741699796951,-0.11428571428571424,0.66,0.66,0,0,1,VIIRS_NOAA20_SP,N20,2,0,0.0,1,0.10926222177923504,comparison_area,,
EVT-DAHEJ-02207,2025-02-10 08:55:00+00:00,2025-02-10 08:55:00+00:00,22.05118,72.72477,22.05118,72.72477,1,2.31,2.31,2.31,,,0.66,0.66,0,0,1,VIIRS_NOAA20_SP,N20,1,0,0.0,1,0.0,comparison_area,,
EVT-DAHEJ-02208,2025-02-11 08:13:00+00:00,2025-02-11 08:36:00+00:00,21.43827,72.71526,21.43834,72.71591,2,4.81,4.47,4.81,0.4808326112068521,0.16464891041162222,0.66,0.495,0,0,2,VIIRS_NOAA20_SP;VIIRS_SNPP_SP,N;N20,2,0,0.38333333333333336,1,0.13544976744003004,comparison_area,,
EVT-DAHEJ-02209,2025-02-11 08:13:00+00:00,2025-02-11 08:13:00+00:00,21.55099,72.8474,21.55099,72.8474,1,2.72,2.72,2.72,,,0.66,0.66,0,0,1,VIIRS_SNPP_SP,N,1,0,0.0,1,0.0,dahej_fringe,,
EVT-DAHEJ-02210,2025-02-11 08:13:00+00:00,2025-02-11 08:36:00+00:00,21.72934,72.77651499999999,21.72839,72.7752,2,3.35,3.265,3.35,0.12020815280171303,0.05345911949685532,0.66,0.495,0,0,2,VIIRS_NOAA20_SP;VIIRS_SNPP_SP,N;N20,2,0,0.38333333333333336,1,0.34414539948081924,dahej_fringe,,
EVT-DAHEJ-02211,2025-02-11 08:13:00+00:00,2025-02-11 08:13:00+00:00,21.8785,72.71113,21.8785,72.71113,1,1.12,1.12,1.12,,,0.66,0.66,0,0,1,VIIRS_SNPP_SP,N,1,0,0.0,1,0.0,dahej_fringe,,
EVT-DAHEJ-02212,2025-02-11 08:36:00+00:00,2025-02-11 08:36:00+00:00,21.41764,72.83064,21.41764,72.83064,1,3.78,3.78,3.78,,,0.66,0.66,0,0,1,VIIRS_NOAA20_SP,N20,1,0,0.0,1,0.0,comparison_area,,
EVT-DAHEJ-02213,2025-02-11 20:42:00+00:00,2025-02-11 21:05:00+00:00,21.386709999999997,72.94137333333333,21.38487,72.9417,3,13.78,6.95,13.78,6.057202324505926,5.179372197309417,0.66,0.66,0,0,2,VIIRS_NOAA20_SP;VIIRS_SNPP_SP,N;N20,0,3,0.38333333333333336,1,0.377313057645197,comparison_area,,
EVT-DAHEJ-02214,2025-02-12 07:54:00+00:00,2025-02-12 07:54:00+00:00,21.513835,72.95814,21.51295,72.95858,2,3.9,3.75,3.9,0.21213203435596414,0.08333333333333329,0.66,0.66,0,0,1,VIIRS_SNPP_SP,N,2,0,0.0,1,0.21684901208002386,comparison_area,,
EVT-DAHEJ-02215,2025-02-12 08:17:00+00:00,2025-02-12 08:17:00+00:00,21.62002,72.84695,21.62002,72.84695,1,2.0,2.0,2.0,,,0.66,0.66,0,0,1,VIIRS_NOAA20_SP,N20,1,0,0.0,1,0.0,dahej_fringe,,
EVT-DAHEJ-02216,2025-02-12 20:23:00+00:00,2025-02-12 20:46:00+00:00,21.4336075,72.97647,21.43339,72.9787,4,2.53,1.52,1.08,0.6772985555376102,-0.12195121951219505,0.66,0.66,0,0,2,VIIRS_NOAA20_SP;VIIRS_SNPP_SP,N;N20,0,4,0.38333333333333336,1,0.4420948724301505,comparison_area,,
EVT-DAHEJ-02217,2025-02-12 20:23:00+00:00,2025-02-12 20:46:00+00:00,21.35152,72.94015,21.35232,72.93931,2,0.99,0.815,0.99,0.24748737341529162,0.546875,0.66,0.66,0,0,2,VIIRS_NOAA20_SP;VIIRS_SNPP_SP,N;N20,0,2,0.38333333333333336,1,0.2488450671818458,comparison_area,,
EVT-DAHEJ-02218,2025-02-12 20:46:00+00:00,2025-02-12 20:46:00+00:00,21.56326,72.82014,21.56326,72.82014,1,0.44,0.44,0.44,,,0.66,0.66,0,0,1,VIIRS_NOAA20_SP,N20,0,1,0.0,1,0.0,dahej_fringe,,
EVT-DAHEJ-02219,2025-02-13 07:58:00+00:00,2025-02-13 07:58:00+00:00,21.43976,72.99516,21.43976,72.99516,1,5.7,5.7,5.7,,,0.66,0.66,0,0,1,VIIRS_NOAA20_SP,N20,1,0,0.0,1,0.0,comparison_area,,
EVT-DAHEJ-02220,2025-02-14 08:57:00+00:00,2025-02-14 08:57:00+00:00,21.4212,72.74961,21.4212,72.74961,1,2.86,2.86,2.86,,,0.66,0.66,0,0,1,VIIRS_SNPP_SP,N,1,0,0.0,1,0.0,comparison_area,,
EVT-DAHEJ-02221,2025-02-14 21:26:00+00:00,2025-02-16 21:11:00+00:00,21.43334090909091,72.97647181818182,21.43173,72.97865,11,2.03,1.0554545454545454,1.49,0.4341972739749441,1.0985915492957747,0.66,0.66,0,0,2,VIIRS_NOAA20_SP;VIIRS_SNPP_SP,N;N20,0,11,47.75,3,0.5927714727329709,comparison_area,,
EVT-DAHEJ-02222,2025-02-15 08:38:00+00:00,2025-02-15 09:01:00+00:00,21.543194,72.88149800000001,21.54626,72.88017,5,10.4,6.3759999999999994,4.84,3.061679277782048,-0.5346153846153846,1.0,0.662,1,0,2,VIIRS_NOAA20_SP;VIIRS_SNPP_SP,N;N20,5,0,0.38333333333333336,1,0.623267877769556,comparison_area,,
EVT-DAHEJ-02223,2025-02-15 08:38:00+00:00,2025-02-15 08:38:00+00:00,21.569110000000002,72.90226,21.56907,72.90356,2,7.08,5.11,7.08,2.7860007178749973,1.2547770700636942,0.66,0.66,0,0,1,VIIRS_SNPP_SP,N,2,0,0.0,1,0.26900954403094773,comparison_area,,
EVT-DAHEJ-02224,2025-02-15 08:38:00+00:00,2025-02-15 09:01:00+00:00,22.09928,72.284945,22.09923,72.28404,2,3.92,3.295,2.67,0.8838834764831844,-0.31887755102040816,0.66,0.495,0,0,2,VIIRS_NOAA20_SP;VIIRS_SNPP_SP,N;N20,2,0,0.38333333333333336,1,0.18680820213551452,comparison_area,,
EVT-DAHEJ-02225,2025-02-15 09:01:00+00:00,2025-02-15 09:01:00+00:00,21.74386,72.96896,21.74386,72.96896,1,3.59,3.59,3.59,,,0.66,0.66,0,0,1,VIIRS_NOAA20_SP,N20,1,0,0.0,1,0.0,comparison_area,,
EVT-DAHEJ-02226,2025-02-15 09:01:00+00:00,2025-02-15 09:01:00+00:00,21.55503,72.9579,21.55503,72.9579,1,2.06,2.06,2.06,,,0.66,0.66,0,0,1,VIIRS_NOAA20_SP,N20,1,0,0.0,1,0.0,comparison_area,,
EVT-DAHEJ-02227,2025-02-15 09:01:00+00:00,2025-02-15 09:01:00+00:00,21.54506,72.84955,21.54506,72.84955,1,1.25,1.25,1.25,,,0.66,0.66,0,0,1,VIIRS_NOAA20_SP,N20,1,0,0.0,1,0.0,dahej_fringe,,
EVT-DAHEJ-02228,2025-02-15 21:07:00+00:00,2025-02-15 21:07:00+00:00,21.52748,72.83665,21.52748,72.83665,1,0.66,0.66,0.66,,,0.66,0.66,0,0,1,VIIRS_SNPP_SP,N,0,1,0.0,1,0.0,dahej_fringe,,
EVT-DAHEJ-02229,2025-02-16 08:19:00+00:00,2025-02-16 08:19:00+00:00,21.52189,72.89629,21.52189,72.89629,1,4.82,4.82,4.82,,,0.66,0.66,0,0,1,VIIRS_SNPP_SP,N,1,0,0.0,1,0.0,comparison_area,,
EVT-DAHEJ-02230,2025-02-16 08:19:00+00:00,2025-02-16 08:19:00+00:00,21.36266,72.74227,21.36266,72.74227,1,3.02,3.02,3.02,,,0.66,0.66,0,0,1,VIIRS_SNPP_SP,N,1,0,0.0,1,0.0,comparison_area,,
EVT-DAHEJ-02231,2025-02-16 08:19:00+00:00,2025-02-16 08:42:00+00:00,21.513869999999997,72.84112999999999,21.51343,72.84087,2,10.96,7.430000000000001,10.96,4.992173875177026,1.8102564102564105,0.66,0.66,0,0,2,VIIRS_NOAA20_SP;VIIRS_SNPP_SP,N;N20,2,0,0.38333333333333336,1,0.1116630256488106,dahej_fringe,,
EVT-DAHEJ-02232,2025-02-16 08:19:00+00:00,2025-02-16 08:19:00+00:00,21.52196,72.91904,21.52196,72.91904,1,4.18,4.18,4.18,,,0.66,0.66,0,0,1,VIIRS_SNPP_SP,N,1,0,0.0,1,0.0,comparison_area,,
EVT-DAHEJ-02233,2025-02-16 08:19:00+00:00,2025-02-16 08:19:00+00:00,21.4545,72.8777,21.4545,72.8777,1,1.76,1.76,1.76,,,0.33,0.33,0,0,1,VIIRS_SNPP_SP,N,1,0,0.0,1,0.0,comparison_area,,
EVT-DAHEJ-02234,2025-02-16 08:19:00+00:00,2025-02-16 08:19:00+00:00,21.8203,72.85838,21.8203,72.85838,1,0.73,0.73,0.73,,,0.33,0.33,0,0,1,VIIRS_SNPP_SP,N,1,0,0.0,1,0.0,comparison_area,,
EVT-DAHEJ-02235,2025-02-16 20:48:00+00:00,2025-02-16 20:48:00+00:00,21.59293,72.99933,21.59293,72.99933,1,0.81,0.81,0.81,,,0.66,0.66,0,0,1,VIIRS_SNPP_SP,N,0,1,0.0,1,0.0,comparison_area,,
EVT-DAHEJ-02236,2025-02-16 20:48:00+00:00,2025-02-16 21:11:00+00:00,21.409390000000002,72.987075,21.40886,72.98607,2,0.96,0.835,0.71,0.1767766952966369,-0.2604166666666667,0.66,0.66,0,0,2,VIIRS_NOAA20_SP;VIIRS_SNPP_SP,N;N20,0,2,0.38333333333333336,1,0.23914365471682003,comparison_area,,
EVT-DAHEJ-02237,2025-02-17 20:29:00+00:00,2025-02-17 20:52:00+00:00,21.43319,72.97613333333334,21.43241,72.97507,3,3.2,2.5633333333333335,2.24,0.551392177432119,-0.3,0.66,0.66,0,0,2,VIIRS_NOAA20_SP;VIIRS_SNPP_SP,N;N20,0,3,0.38333333333333336,1,0.37812741444115866,comparison_area,,
EVT-DAHEJ-02238,2025-02-18 07:42:00+00:00,2025-02-18 07:42:00+00:00,21.56137,72.80109,21.56137,72.80109,1,2.18,2.18,2.18,,,0.66,0.66,0,0,1,VIIRS_SNPP_SP,N,1,0,0.0,1,0.0,dahej_fringe,,
EVT-DAHEJ-02239,2025-02-18 08:04:00+00:00,2025-02-18 08:04:00+00:00,21.40251,72.79063,21.40251,72.79063,1,3.16,3.16,3.16,,,0.66,0.66,0,0,1,VIIRS_NOAA20_SP,N20,1,0,0.0,1,0.0,comparison_area,,
EVT-DAHEJ-02240,2025-02-18 20:10:00+00:00,2025-02-18 20:10:00+00:00,21.436535,72.86329,21.43657,72.8619,4,2.51,2.5,2.51,0.01154700538379227,0.008032128514056052,0.66,0.66,0,0,1,VIIRS_SNPP_SP,N,0,4,0.0,1,0.35278878106451067,comparison_area,,
EVT-DAHEJ-02241,2025-02-18 20:33:00+00:00,2025-02-18 20:33:00+00:00,21.91691,72.5537,21.91691,72.5537,1,0.85,0.85,0.85,,,0.66,0.66,0,0,1,VIIRS_NOAA20_SP,N20,0,1,0.0,1,0.0,dahej_fringe,,
EVT-DAHEJ-02242,2025-02-18 20:33:00+00:00,2025-02-18 20:33:00+00:00,21.38082,72.82656,21.38082,72.82656,1,0.83,0.83,0.83,,,0.66,0.66,0,0,1,VIIRS_NOAA20_SP,N20,0,1,0.0,1,0.0,comparison_area,,
EVT-DAHEJ-02243,2025-02-19 09:03:00+00:00,2025-02-19 09:03:00+00:00,21.99574,72.74728,21.99574,72.74728,1,2.99,2.99,2.99,,,0.33,0.33,0,0,1,VIIRS_SNPP_SP,N,1,0,0.0,1,0.0,comparison_area,,
EVT-DAHEJ-02244,2025-02-19 21:32:00+00:00,2025-02-19 21:32:00+00:00,21.9084,72.68623,21.9084,72.68623,1,0.76,0.76,0.76,,,0.66,0.66,0,0,1,VIIRS_SNPP_SP,N,0,1,0.0,1,0.0,dahej_fringe,,
EVT-DAHEJ-02245,2025-02-19 21:32:00+00:00,2025-02-19 21:32:00+00:00,21.43563,72.97951,21.43563,72.97951,1,0.82,0.82,0.82,,,0.66,0.66,0,0,1,VIIRS_SNPP_SP,N,0,1,0.0,1,0.0,comparison_area,,
EVT-DAHEJ-02246,2025-02-20 07:27:00+00:00,2025-02-20 08:44:00+00:00,21.730909999999998,72.72476666666667,21.72777,72.72582,3,4.94,4.276666666666666,3.92,0.5750072463311515,-0.20647773279352236,0.66,0.66,0,0,2,VIIRS_NOAA20_SP;VIIRS_SNPP_SP,N;N20,3,0,1.2833333333333334,1,0.6815174703351657,dahej_core,,
EVT-DAHEJ-02247,2025-02-20 08:44:00+00:00,2025-02-20 08:44:00+00:00,21.681625,72.631355,21.67951,72.63164,2,5.99,5.890000000000001,5.99,0.14142135623730964,0.03454231433506048,0.66,0.66,0,0,1,VIIRS_SNPP_SP,N,2,0,0.0,1,0.47402833904252045,dahej_core,,
EVT-DAHEJ-02248,2025-02-20 08:44:00+00:00,2025-02-20 08:44:00+00:00,21.55302,72.78824,21.55302,72.78824,1,3.85,3.85,3.85,,,0.66,0.66,0,0,1,VIIRS_SNPP_SP,N,1,0,0.0,1,0.0,dahej_fringe,,
EVT-DAHEJ-02249,2025-02-20 08:44:00+00:00,2025-02-20 08:44:00+00:00,21.72271,72.70695,21.72271,72.70695,1,1.82,1.82,1.82,,,0.33,0.33,0,0,1,VIIRS_SNPP_SP,N,1,0,0.0,1,0.0,dahej_core,,
EVT-DAHEJ-02250,2025-02-20 08:44:00+00:00,2025-02-20 08:44:00+00:00,21.74697,72.65676,21.74697,72.65676,1,2.09,2.09,2.09,,,0.33,0.33,0,0,1,VIIRS_SNPP_SP,N,1,0,0.0,1,0.0,dahej_core,,
EVT-DAHEJ-02251,2025-02-20 19:55:00+00:00,2025-02-20 19:55:00+00:00,21.77671,72.89182,21.77671,72.89182,1,1.58,1.58,1.58,,,0.66,0.66,0,0,1,VIIRS_NOAA20_SP,N20,0,1,0.0,1,0.0,comparison_area,,
EVT-DAHEJ-02252,2025-02-21 08:25:00+00:00,2025-02-21 08:25:00+00:00,21.69446,72.95544,21.69446,72.95544,1,1.23,1.23,1.23,,,0.33,0.33,0,0,1,VIIRS_SNPP_SP,N,1,0,0.0,1,0.0,comparison_area,,
EVT-DAHEJ-02253,2025-02-21 08:25:00+00:00,2025-02-21 08:25:00+00:00,21.54813,72.931,21.54813,72.931,1,2.25,2.25,2.25,,,0.66,0.66,0,0,1,VIIRS_SNPP_SP,N,1,0,0.0,1,0.0,comparison_area,,
EVT-DAHEJ-02254,2025-02-21 08:26:00+00:00,2025-02-21 08:26:00+00:00,21.77763,72.60719,21.77763,72.60719,1,4.74,4.74,4.74,,,0.66,0.66,0,0,1,VIIRS_SNPP_SP,N,1,0,0.0,1,0.0,dahej_core,,
EVT-DAHEJ-02255,2025-02-21 08:26:00+00:00,2025-02-21 08:26:00+00:00,21.75139,72.62701,21.75139,72.62701,1,3.53,3.53,3.53,,,0.66,0.66,0,0,1,VIIRS_SNPP_SP,N,1,0,0.0,1,0.0,dahej_core,,
EVT-DAHEJ-02256,2025-02-21 08:48:00+00:00,2025-02-21 08:48:00+00:00,21.47081,72.84131,21.47081,72.84131,1,2.94,2.94,2.94,,,0.66,0.66,0,0,1,VIIRS_NOAA20_SP,N20,1,0,0.0,1,0.0,comparison_area,,
EVT-DAHEJ-02257,2025-02-21 08:48:00+00:00,2025-02-21 08:48:00+00:00,21.59156,72.97081,21.59156,72.97081,1,4.78,4.78,4.78,,,0.66,0.66,0,0,1,VIIRS_NOAA20_SP,N20,1,0,0.0,1,0.0,comparison_area,,
EVT-DAHEJ-02258,2025-02-21 20:54:00+00:00,2025-02-21 20:54:00+00:00,21.79533,72.64754,21.79533,72.64754,1,0.49,0.49,0.49,,,0.66,0.66,0,0,1,VIIRS_SNPP_SP,N,0,1,0.0,1,0.0,dahej_core,,
EVT-DAHEJ-02259,2025-02-22 08:07:00+00:00,2025-02-22 08:30:00+00:00,21.738079999999997,72.78470999999999,21.73916,72.78486,2,2.18,2.035,2.18,0.20506096654409897,0.1534391534391536,0.66,0.495,0,0,2,VIIRS_NOAA20_SP;VIIRS_SNPP_SP,N;N20,2,0,0.38333333333333336,1,0.24217192664242937,dahej_fringe,,
EVT-DAHEJ-02260,2025-02-22 08:30:00+00:00,2025-02-22 08:30:00+00:00,21.68128,72.63702,21.68128,72.63702,1,7.7,7.7,7.7,,,0.66,0.66,0,0,1,VIIRS_NOAA20_SP,N20,1,0,0.0,1,0.0,dahej_core,,
EVT-DAHEJ-02261,2025-02-23 07:48:00+00:00,2025-02-23 08:11:00+00:00,21.734160000000003,72.60357333333333,21.73486,72.60676,3,7.79,7.170000000000001,7.79,0.5369357503463518,0.13556851311953347,0.66,0.66,0,0,2,VIIRS_NOAA20_SP;VIIRS_SNPP_SP,N;N20,3,0,0.38333333333333336,1,0.5928762034407011,dahej_core,,
EVT-DAHEJ-02262,2025-02-23 07:48:00+00:00,2025-02-23 08:11:00+00:00,21.433855,72.852015,21.43453,72.8522,2,6.34,5.49,6.34,1.2020815280171309,0.3663793103448276,0.66,0.66,0,0,2,VIIRS_NOAA20_SP;VIIRS_SNPP_SP,N;N20,2,0,0.38333333333333336,1,0.15492147809597925,comparison_area,,
EVT-DAHEJ-02263,2025-02-23 08:11:00+00:00,2025-02-23 08:11:00+00:00,21.56695,72.89101,21.56695,72.89101,1,7.0,7.0,7.0,,,0.66,0.66,0,0,1,VIIRS_NOAA20_SP,N20,1,0,0.0,1,0.0,comparison_area,,
EVT-DAHEJ-02264,2025-02-23 08:11:00+00:00,2025-02-23 08:11:00+00:00,21.87812,72.70982,21.87812,72.70982,1,0.8,0.8,0.8,,,0.66,0.66,0,0,1,VIIRS_NOAA20_SP,N20,1,0,0.0,1,0.0,dahej_fringe,,
EVT-DAHEJ-02265,2025-02-23 08:11:00+00:00,2025-02-23 08:11:00+00:00,21.81889,72.65168,21.81889,72.65168,1,4.93,4.93,4.93,,,0.33,0.33,0,0,1,VIIRS_NOAA20_SP,N20,1,0,0.0,1,0.0,dahej_core,,
EVT-DAHEJ-02266,2025-02-23 08:11:00+00:00,2025-02-23 08:11:00+00:00,21.59709,72.84139,21.59709,72.84139,1,6.33,6.33,6.33,,,0.66,0.66,0,0,1,VIIRS_NOAA20_SP,N20,1,0,0.0,1,0.0,dahej_fringe,,
EVT-DAHEJ-02267,2025-02-23 20:17:00+00:00,2025-02-23 20:40:00+00:00,21.379739999999998,72.96925,21.37951,72.96827,2,1.48,0.965,1.48,0.7283199846221439,2.2888888888888888,0.66,0.66,0,0,2,VIIRS_NOAA20_SP;VIIRS_SNPP_SP,N;N20,0,2,0.38333333333333336,1,0.20929120535164755,comparison_area,,
EVT-DAHEJ-02268,2025-02-23 20:17:00+00:00,2025-02-24 20:21:00+00:00,21.434015,72.9758425,21.43309,72.97681,4,0.97,0.74,0.97,0.217408984788271,0.94,0.66,0.66,0,0,2,VIIRS_NOAA20_SP;VIIRS_SNPP_SP,N;N20,0,4,24.066666666666666,2,0.2606693064909823,comparison_area,,
EVT-DAHEJ-02269,2025-02-24 07:29:00+00:00,2025-02-24 07:29:00+00:00,21.436295,72.704155,21.43634,72.7058,2,7.01,6.785,7.01,0.3181980515339465,0.06859756097560979,0.66,0.495,0,0,1,VIIRS_SNPP_SP,N,2,0,0.0,1,0.34067223451227063,comparison_area,,
EVT-DAHEJ-02270,2025-02-24 07:29:00+00:00,2025-02-24 20:21:00+00:00,21.6908775,72.6606975,21.69055,72.66075,4,9.75,7.092499999999999,0.58,4.395879699597491,-0.9300361881785283,1.0,0.6625000000000001,1,0,2,VIIRS_NOAA20_SP;VIIRS_SNPP_SP,N;N20,3,1,12.866666666666667,1,0.42716741870995584,dahej_core,,
EVT-DAHEJ-02271,2025-02-24 07:29:00+00:00,2025-02-24 07:52:00+00:00,21.706103333333335,72.68127333333334,21.7084,72.67943,3,18.66,13.64,18.66,8.694895053995765,4.183333333333334,1.0,0.7733333333333334,1,0,2,VIIRS_NOAA20_SP;VIIRS_SNPP_SP,N;N20,3,0,0.38333333333333336,1,0.6146381043970629,dahej_core,,
EVT-DAHEJ-02272,2025-02-24 07:52:00+00:00,2025-02-24 07:52:00+00:00,21.765731999999996,72.63078800000001,21.76751,72.63329,5,9.03,8.568,9.03,0.4217463692789777,0.0932203389830508,0.66,0.66,0,0,1,VIIRS_NOAA20_SP,N20,5,0,0.0,1,0.6805518943675605,dahej_core,,
EVT-DAHEJ-02273,2025-02-24 07:52:00+00:00,2025-02-24 07:52:00+00:00,21.79327,72.6203,21.79327,72.6203,1,4.86,4.86,4.86,,,0.66,0.66,0,0,1,VIIRS_NOAA20_SP,N20,1,0,0.0,1,0.0,dahej_core,,
EVT-DAHEJ-02274,2025-02-24 07:52:00+00:00,2025-02-24 07:52:00+00:00,21.3861,72.79689,21.3861,72.79689,1,5.18,5.18,5.18,,,0.66,0.66,0,0,1,VIIRS_NOAA20_SP,N20,1,0,0.0,1,0.0,comparison_area,,
EVT-DAHEJ-02275,2025-02-24 09:10:00+00:00,2025-02-24 09:10:00+00:00,22.01689,72.74436,22.01689,72.74436,1,1.93,1.93,1.93,,,0.33,0.33,0,0,1,VIIRS_SNPP_SP,N,1,0,0.0,1,0.0,comparison_area,,
EVT-DAHEJ-02276,2025-02-25 08:51:00+00:00,2025-02-25 08:51:00+00:00,21.86,72.6614,21.86,72.6614,1,10.31,10.31,10.31,,,0.66,0.66,0,0,1,VIIRS_SNPP_SP,N,1,0,0.0,1,0.0,dahej_fringe,,
EVT-DAHEJ-02277,2025-02-25 08:51:00+00:00,2025-02-25 08:51:00+00:00,21.816029999999998,72.659905,21.81709,72.66116,2,2.56,2.505,2.45,0.07778174593052013,-0.04296874999999995,0.33,0.33,0,0,1,VIIRS_SNPP_SP,N,2,0,0.0,1,0.3502982422490262,dahej_core,,
EVT-DAHEJ-02278,2025-02-25 08:51:00+00:00,2025-02-25 09:14:00+00:00,21.709394,72.546696,21.71237,72.54374,5,19.53,13.146,15.28,4.2865055698085825,-0.21761392729134674,0.66,0.66,0,0,2,VIIRS_NOAA20_SP;VIIRS_SNPP_SP,N;N20,5,0,0.38333333333333336,1,0.8589384366167003,dahej_core,,
EVT-DAHEJ-02279,2025-02-25 08:51:00+00:00,2025-02-25 08:51:00+00:00,21.95779,72.8098,21.95779,72.8098,1,3.78,3.78,3.78,,,0.66,0.66,0,0,1,VIIRS_SNPP_SP,N,1,0,0.0,1,0.0,comparison_area,,
EVT-DAHEJ-02280,2025-02-25 21:19:00+00:00,2025-02-26 08:55:00+00:00,21.680790000000002,72.535345,21.68103,72.53444,2,3.42,2.585,3.42,1.1808683245815343,0.9542857142857143,0.66,0.66,0,0,2,VIIRS_NOAA20_SP;VIIRS_SNPP_SP,N;N20,1,1,11.6,2,0.1944919270839428,dahej_core,,
EVT-DAHEJ-02281,2025-02-26 08:55:00+00:00,2025-02-26 08:55:00+00:00,21.52648,72.81112,21.52648,72.81112,1,2.84,2.84,2.84,,,0.66,0.66,0,0,1,VIIRS_NOAA20_SP,N20,1,0,0.0,1,0.0,dahej_fringe,,
EVT-DAHEJ-02282,2025-02-26 08:55:00+00:00,2025-02-26 08:55:00+00:00,21.78102,72.69087,21.78102,72.69087,1,2.91,2.91,2.91,,,0.66,0.66,0,0,1,VIIRS_NOAA20_SP,N20,1,0,0.0,1,0.0,dahej_core,,
EVT-DAHEJ-02283,2025-02-27 08:13:00+00:00,2025-02-27 08:36:00+00:00,21.616155,72.83098000000001,21.61661,72.83181,2,6.56,4.515,2.47,2.8920667350529787,-0.6234756097560976,0.66,0.66,0,0,2,VIIRS_NOAA20_SP;VIIRS_SNPP_SP,N;N20,2,0,0.38333333333333336,1,0.1992143248297354,dahej_fringe,,
EVT-DAHEJ-02284,2025-02-27 08:13:00+00:00,2025-02-27 08:13:00+00:00,21.40821,72.66888,21.40821,72.66888,1,3.56,3.56,3.56,,,0.33,0.33,0,0,1,VIIRS_SNPP_SP,N,1,0,0.0,1,0.0,comparison_area,,
EVT-DAHEJ-02285,2025-02-27 08:13:00+00:00,2025-02-27 08:13:00+00:00,22.0963,72.63853,22.0963,72.63853,1,2.32,2.32,2.32,,,0.66,0.66,0,0,1,VIIRS_SNPP_SP,N,1,0,0.0,1,0.0,comparison_area,,
EVT-DAHEJ-02286,2025-02-27 20:42:00+00:00,2025-02-27 21:05:00+00:00,21.41202,72.98704000000001,21.41096,72.98756,2,0.39,0.305,0.22,0.12020815280171308,-0.4358974358974359,0.66,0.66,0,0,2,VIIRS_NOAA20_SP;VIIRS_SNPP_SP,N;N20,0,2,0.38333333333333336,1,0.2591548452985424,comparison_area,,
EVT-DAHEJ-02287,2025-02-27 20:42:00+00:00,2025-02-27 21:05:00+00:00,21.57344,72.841395,21.57334,72.84119,2,0.63,0.575,0.63,0.07778174593052022,0.2115384615384615,0.66,0.66,0,0,2,VIIRS_NOAA20_SP;VIIRS_SNPP_SP,N;N20,0,2,0.38333333333333336,1,0.047875019478020774,dahej_fringe,,
EVT-DAHEJ-02288,2025-02-27 20:42:00+00:00,2025-02-28 20:46:00+00:00,21.434595,72.975955,21.43479,72.97499,4,3.09,1.29,3.09,1.2060127141397252,2.635294117647059,0.66,0.66,0,0,2,VIIRS_NOAA20_SP;VIIRS_SNPP_SP,N;N20,0,4,24.066666666666666,2,0.3384684165358733,comparison_area,,
EVT-DAHEJ-02289,2025-02-28 08:17:00+00:00,2025-02-28 08:17:00+00:00,21.75679,72.6593,21.75679,72.6593,1,1.48,1.48,1.48,,,0.33,0.33,0,0,1,VIIRS_NOAA20_SP,N20,1,0,0.0,1,0.0,dahej_core,,
EVT-DAHEJ-02290,2025-02-28 08:17:00+00:00,2025-02-28 08:17:00+00:00,21.76213,72.62798,21.76213,72.62798,1,1.64,1.64,1.64,,,0.33,0.33,0,0,1,VIIRS_NOAA20_SP,N20,1,0,0.0,1,0.0,dahej_core,,
EVT-DAHEJ-02291,2025-02-28 08:17:00+00:00,2025-02-28 08:17:00+00:00,21.44275,72.98054,21.44275,72.98054,1,1.29,1.29,1.29,,,0.33,0.33,0,0,1,VIIRS_NOAA20_SP,N20,1,0,0.0,1,0.0,comparison_area,,
EVT-DAHEJ-02292,2025-02-28 08:17:00+00:00,2025-02-28 08:17:00+00:00,21.38112,72.82121,21.38112,72.82121,1,2.17,2.17,2.17,,,0.66,0.66,0,0,1,VIIRS_NOAA20_SP,N20,1,0,0.0,1,0.0,comparison_area,,
EVT-DAHEJ-02293,2025-02-28 20:23:00+00:00,2025-02-28 20:46:00+00:00,21.522355,72.78199000000001,21.52221,72.78355,2,0.85,0.52,0.19,0.4666904755831214,-0.776470588235294,0.66,0.66,0,0,2,VIIRS_NOAA20_SP;VIIRS_SNPP_SP,N;N20,0,2,0.38333333333333336,1,0.3243458401579557,dahej_fringe,,
EVT-DAHEJ-02294,2025-02-28 20:46:00+00:00,2025-03-02 20:08:00+00:00,21.682335000000002,72.53484125,21.68375,72.53608,8,3.17,1.4849999999999999,0.63,1.0049733471945554,-0.09999999999999994,0.66,0.66,0,0,2,VIIRS_NOAA20_SP;VIIRS_SNPP_SP,N;N20,2,6,47.36666666666667,3,0.5358709388106128,dahej_core,,
EVT-DAHEJ-02295,2025-03-01 07:35:00+00:00,2025-03-01 07:35:00+00:00,21.693927499999997,72.6034275,21.69033,72.6051,4,9.46,6.1725,6.16,2.674065257244109,1.1168384879725086,1.0,0.7450000000000001,1,0,1,VIIRS_SNPP_SP,N,4,0,0.0,1,0.6628115012835176,dahej_core,,
EVT-DAHEJ-02296,2025-03-01 07:35:00+00:00,2025-03-01 07:58:00+00:00,21.828235,72.665075,21.82954,72.66432,2,3.95,2.715,3.95,1.7465537495307726,1.668918918918919,0.66,0.66,0,0,2,VIIRS_NOAA20_SP;VIIRS_SNPP_SP,N;N20,2,0,0.38333333333333336,1,0.32942594604263586,dahej_core,,
EVT-DAHEJ-02297,2025-03-01 09:16:00+00:00,2025-03-01 09:16:00+00:00,21.68402,72.63163,21.68402,72.63163,1,7.16,7.16,7.16,,,0.66,0.66,0,0,1,VIIRS_SNPP_SP,N,1,0,0.0,1,0.0,dahej_core,,
EVT-DAHEJ-02298,2025-03-02 07:39:00+00:00,2025-03-02 07:39:00+00:00,21.35644,72.80146,21.35644,72.80146,1,2.28,2.28,2.28,,,0.66,0.66,0,0,1,VIIRS_NOAA20_SP,N20,1,0,0.0,1,0.0,comparison_area,,
EVT-DAHEJ-02299,2025-03-02 21:26:00+00:00,2025-03-04 21:11:00+00:00,21.681525714285716,72.53582571428572,21.681,72.53615,7,3.46,1.4271428571428573,1.61,1.0013443344776443,4.75,0.66,0.6128571428571429,0,0,2,VIIRS_NOAA20_SP;VIIRS_SNPP_SP,N;N20,2,5,47.75,3,0.18946190229928053,dahej_core,,
EVT-DAHEJ-02300,2025-03-03 08:38:00+00:00,2025-03-03 09:01:00+00:00,21.5125125,72.80951250000001,21.51214,72.80753,4,12.21,8.2325,6.36,2.67969370140196,-0.47911547911547914,0.66,0.66,0,0,2,VIIRS_NOAA20_SP;VIIRS_SNPP_SP,N;N20,4,0,0.38333333333333336,1,0.43417022316717313,dahej_fringe,,
EVT-DAHEJ-02301,2025-03-03 08:38:00+00:00,2025-03-03 08:38:00+00:00,21.401515,72.81708,21.40216,72.81569,2,2.83,2.3200000000000003,2.83,0.7212489168102785,0.56353591160221,0.66,0.66,0,0,1,VIIRS_SNPP_SP,N,2,0,0.0,1,0.3215718674736335,comparison_area,,
EVT-DAHEJ-02302,2025-03-03 08:38:00+00:00,2025-03-03 08:38:00+00:00,21.52435,72.81099,21.52435,72.81099,1,2.61,2.61,2.61,,,0.33,0.33,0,0,1,VIIRS_SNPP_SP,N,1,0,0.0,1,0.0,dahej_fringe,,
EVT-DAHEJ-02303,2025-03-03 09:01:00+00:00,2025-03-03 09:01:00+00:00,21.75843,72.65248,21.76011,72.65166,2,6.65,6.295,5.94,0.5020458146424487,-0.10676691729323307,1.0,0.8300000000000001,1,0,1,VIIRS_NOAA20_SP,N20,2,0,0.0,1,0.4102120642875928,dahej_core,,
EVT-DAHEJ-02304,2025-03-04 08:19:00+00:00,2025-03-04 08:19:00+00:00,21.5136,72.82778,21.5136,72.82778,1,25.35,25.35,25.35,,,0.66,0.66,0,1,1,VIIRS_SNPP_SP,N,1,0,0.0,1,0.0,dahej_fringe,,
EVT-DAHEJ-02305,2025-03-04 08:42:00+00:00,2025-03-04 08:42:00+00:00,21.53797,72.76711,21.53797,72.76711,1,7.87,7.87,7.87,,,0.66,0.66,0,0,1,VIIRS_NOAA20_SP,N20,1,0,0.0,1,0.0,dahej_fringe,,
EVT-DAHEJ-02306,2025-03-04 20:48:00+00:00,2025-03-04 21:11:00+00:00,21.68236,72.544805,21.68172,72.54794,4,7.97,5.17,2.37,3.233161507461904,-0.7026348808030113,0.66,0.66,0,0,2,VIIRS_NOAA20_SP;VIIRS_SNPP_SP,N;N20,0,4,0.38333333333333336,1,0.5321643149078844,dahej_core,,
EVT-DAHEJ-02307,2025-03-05 08:00:00+00:00,2025-03-05 08:23:00+00:00,21.429655,72.70246499999999,21.43051,72.70306,2,5.2,3.845,2.49,1.9162593770155438,-0.5211538461538461,0.66,0.66,0,0,2,VIIRS_NOAA20_SP;VIIRS_SNPP_SP,N;N20,2,0,0.38333333333333336,1,0.22655350641844937,comparison_area,,
EVT-DAHEJ-02308,2025-03-05 08:00:00+00:00,2025-03-05 08:00:00+00:00,21.4683,72.9781,21.4683,72.9781,1,5.38,5.38,5.38,,,0.33,0.33,0,0,1,VIIRS_SNPP_SP,N,1,0,0.0,1,0.0,comparison_area,,
EVT-DAHEJ-02309,2025-03-05 20:52:00+00:00,2025-03-05 20:52:00+00:00,21.68187,72.53584,21.68187,72.53584,1,1.32,1.32,1.32,,,0.66,0.66,0,0,1,VIIRS_NOAA20_SP,N20,0,1,0.0,1,0.0,dahej_core,,
EVT-DAHEJ-02310,2025-03-06 07:41:00+00:00,2025-03-06 07:41:00+00:00,21.383760000000002,72.68067500000001,21.38415,72.68246,2,2.87,2.87,2.87,0.0,0.0,0.66,0.66,0,0,1,VIIRS_SNPP_SP,N,2,0,0.0,1,0.3796780489024307,comparison_area,,
EVT-DAHEJ-02311,2025-03-07 07:45:00+00:00,2025-03-07 07:45:00+00:00,21.36708,72.83295,21.36708,72.83295,1,4.62,4.62,4.62,,,0.66,0.66,0,0,1,VIIRS_NOAA20_SP,N20,1,0,0.0,1,0.0,comparison_area,,
EVT-DAHEJ-02312,2025-03-08 07:27:00+00:00,2025-03-08 07:27:00+00:00,21.90618,72.75741500000001,21.90494,72.75824,2,1.79,1.405,1.79,0.5444722215136416,0.7549019607843137,0.66,0.66,0,0,1,VIIRS_NOAA20_SP,N20,2,0,0.0,1,0.3240710524356486,dahej_fringe,,
EVT-DAHEJ-02313,2025-03-08 08:44:00+00:00,2025-03-08 09:07:00+00:00,21.735030000000005,72.68215333333335,21.7343,72.68257,3,10.45,7.416666666666667,5.9,2.6269437248127967,-0.43540669856459324,0.66,0.44,0,0,2,VIIRS_NOAA20_SP;VIIRS_SNPP_SP,N;N20,3,0,0.38333333333333336,1,0.35363175827149507,dahej_core,,
EVT-DAHEJ-02314,2025-03-08 08:44:00+00:00,2025-03-08 08:44:00+00:00,21.78314,72.87735,21.78314,72.87735,1,2.61,2.61,2.61,,,0.33,0.33,0,0,1,VIIRS_SNPP_SP,N,1,0,0.0,1,0.0,comparison_area,,
EVT-DAHEJ-02315,2025-03-08 19:55:00+00:00,2025-03-08 19:55:00+00:00,21.39948,72.94817,21.39948,72.94817,1,1.21,1.21,1.21,,,0.66,0.66,0,0,1,VIIRS_NOAA20_SP,N20,0,1,0.0,1,0.0,comparison_area,,
EVT-DAHEJ-02316,2025-03-09 08:25:00+00:00,2025-03-10 08:29:00+00:00,21.628482499999997,72.80832000000001,21.62767,72.8083,4,13.34,9.307500000000001,9.6,2.9604884169114167,-0.280359820089955,0.66,0.5775,0,0,2,VIIRS_NOAA20_SP;VIIRS_SNPP_SP,N;N20,4,0,24.066666666666666,2,0.3974519588050089,dahej_fringe,,
EVT-DAHEJ-02317,2025-03-09 08:25:00+00:00,2025-03-09 08:48:00+00:00,21.421296666666667,72.90411666666667,21.42079,72.90447,3,5.77,4.776666666666667,4.28,0.860251901092542,-0.2582322357019063,0.66,0.66,0,0,2,VIIRS_NOAA20_SP;VIIRS_SNPP_SP,N;N20,3,0,0.38333333333333336,1,0.3324515706206994,comparison_area,,
EVT-DAHEJ-02318,2025-03-10 08:06:00+00:00,2025-03-10 08:29:00+00:00,21.632755,72.8503,21.63452,72.84927,2,5.88,4.5600000000000005,3.24,1.8667619023324853,-0.44897959183673464,0.66,0.495,0,0,2,VIIRS_NOAA20_SP;VIIRS_SNPP_SP,N;N20,2,0,0.38333333333333336,1,0.44655262974032695,comparison_area,,
EVT-DAHEJ-02319,2025-03-10 08:29:00+00:00,2025-03-10 08:29:00+00:00,21.46264,72.80642,21.46264,72.80642,1,9.72,9.72,9.72,,,0.33,0.33,0,0,1,VIIRS_NOAA20_SP,N20,1,0,0.0,1,0.0,comparison_area,,
EVT-DAHEJ-02320,2025-03-10 20:35:00+00:00,2025-03-10 20:35:00+00:00,21.90732,72.75537,21.90732,72.75537,1,0.91,0.91,0.91,,,0.66,0.66,0,0,1,VIIRS_SNPP_SP,N,0,1,0.0,1,0.0,dahej_fringe,,
EVT-DAHEJ-02321,2025-03-10 20:58:00+00:00,2025-03-12 09:09:00+00:00,21.793570000000003,72.64829499999999,21.7936,72.64553,4,2.59,1.4525,2.59,0.8034664481690155,1.6979166666666665,0.66,0.5775,0,0,2,VIIRS_NOAA20_SP;VIIRS_SNPP_SP,N;N20,1,3,36.18333333333333,3,0.6691109691262277,dahej_core,,
EVT-DAHEJ-02322,2025-03-11 07:48:00+00:00,2025-03-11 08:10:00+00:00,22.082386666666668,72.56621,22.08341,72.56568,3,50.19,18.94333333333333,3.32,27.06040711691776,-0.9338513648137079,0.66,0.5499999999999999,0,1,2,VIIRS_NOAA20_SP;VIIRS_SNPP_SP,N;N20,3,0,0.36666666666666664,1,0.3772451710159666,comparison_area,,
EVT-DAHEJ-02323,2025-03-11 07:48:00+00:00,2025-03-11 07:48:00+00:00,21.71733,72.54439,21.71733,72.54439,1,5.34,5.34,5.34,,,0.66,0.66,0,0,1,VIIRS_SNPP_SP,N,1,0,0.0,1,0.0,dahej_core,,
EVT-DAHEJ-02324,2025-03-11 08:10:00+00:00,2025-03-11 08:10:00+00:00,21.75826,72.61852,21.75826,72.61852,1,5.85,5.85,5.85,,,0.66,0.66,0,0,1,VIIRS_NOAA20_SP,N20,1,0,0.0,1,0.0,dahej_core,,
EVT-DAHEJ-02325,2025-03-11 08:10:00+00:00,2025-03-11 08:10:00+00:00,22.0404,72.70824,22.0404,72.70824,1,4.43,4.43,4.43,,,0.33,0.33,0,0,1,VIIRS_NOAA20_SP,N20,1,0,0.0,1,0.0,comparison_area,,
EVT-DAHEJ-02326,2025-03-12 07:29:00+00:00,2025-03-12 07:29:00+00:00,21.90692,72.75586000000001,21.90718,72.75414,2,1.72,1.635,1.55,0.12020815280171303,-0.09883720930232553,0.33,0.33,0,0,1,VIIRS_SNPP_SP,N,2,0,0.0,1,0.3595699126365057,dahej_fringe,,
EVT-DAHEJ-02327,2025-03-12 20:20:00+00:00,2025-03-12 20:20:00+00:00,21.39714,72.94673,21.39714,72.94673,1,1.55,1.55,1.55,,,0.66,0.66,0,0,1,VIIRS_NOAA20_SP,N20,0,1,0.0,1,0.0,comparison_area,,
EVT-DAHEJ-02328,2025-03-13 07:33:00+00:00,2025-03-13 07:33:00+00:00,21.40549,72.82018,21.40499,72.81796,2,6.55,6.09,5.63,0.6505382386916236,-0.14045801526717558,0.66,0.66,0,0,1,VIIRS_NOAA20_SP,N20,2,0,0.0,1,0.47290922477348074,comparison_area,,
EVT-DAHEJ-02329,2025-03-13 08:50:00+00:00,2025-03-13 08:50:00+00:00,21.5163,72.81141,21.5163,72.81141,1,17.04,17.04,17.04,,,0.33,0.33,0,0,1,VIIRS_SNPP_SP,N,1,0,0.0,1,0.0,dahej_fringe,,
EVT-DAHEJ-02330,2025-03-13 08:50:00+00:00,2025-03-13 08:50:00+00:00,21.35128,72.94411,21.35128,72.94411,1,6.13,6.13,6.13,,,0.66,0.66,0,0,1,VIIRS_SNPP_SP,N,1,0,0.0,1,0.0,comparison_area,,
EVT-DAHEJ-02331,2025-03-13 08:50:00+00:00,2025-03-14 21:23:00+00:00,21.794718333333332,72.64721666666667,21.79423,72.64842,6,5.71,2.49,3.39,1.8795957012081081,-0.40630472854640975,0.66,0.66,0,0,2,VIIRS_NOAA20_SP;VIIRS_SNPP_SP,N;N20,1,5,36.55,2,0.542459554165757,dahej_core,,
EVT-DAHEJ-02332,2025-03-13 20:01:00+00:00,2025-03-13 21:19:00+00:00,21.640030000000003,72.871735,21.64037,72.87003,2,1.72,1.4849999999999999,1.25,0.3323401871576773,-0.27325581395348836,0.66,0.66,0,0,2,VIIRS_NOAA20_SP;VIIRS_SNPP_SP,N;N20,0,2,1.3,1,0.3604701082772685,comparison_area,,
EVT-DAHEJ-02333,2025-03-13 20:02:00+00:00,2025-03-13 20:02:00+00:00,21.43679,72.97474,21.43679,72.97474,1,0.72,0.72,0.72,,,0.66,0.66,0,0,1,VIIRS_NOAA20_SP,N20,0,1,0.0,1,0.0,comparison_area,,
EVT-DAHEJ-02334,2025-03-13 21:19:00+00:00,2025-03-13 21:42:00+00:00,21.993113333333337,72.69200666666667,21.99492,72.69309,3,1.55,1.2833333333333334,0.75,0.46188021535170065,-0.5161290322580645,0.66,0.66,0,0,2,VIIRS_NOAA20_SP;VIIRS_SNPP_SP,N;N20,0,3,0.38333333333333336,1,0.5239201243961947,comparison_area,,
EVT-DAHEJ-02335,2025-03-14 08:31:00+00:00,2025-03-14 08:54:00+00:00,21.923365,72.56079,21.92511,72.56053,2,12.16,10.56,8.96,2.2627416997969516,-0.26315789473684204,0.66,0.495,0,0,2,VIIRS_NOAA20_SP;VIIRS_SNPP_SP,N;N20,2,0,0.38333333333333336,1,0.39176041401680994,dahej_fringe,,
EVT-DAHEJ-02336,2025-03-14 08:31:00+00:00,2025-03-14 08:54:00+00:00,21.739236666666667,72.60117166666667,21.74082,72.60497,6,36.03,11.681666666666665,5.22,12.325502694278503,-0.8551207327227311,1.0,0.8300000000000001,3,1,2,VIIRS_NOAA20_SP;VIIRS_SNPP_SP,N;N20,6,0,0.38333333333333336,1,0.9173841315061718,dahej_core,,
EVT-DAHEJ-02337,2025-03-15 08:12:00+00:00,2025-03-15 08:12:00+00:00,21.37684,72.67046,21.37684,72.67046,1,4.24,4.24,4.24,,,0.33,0.33,0,0,1,VIIRS_SNPP_SP,N,1,0,0.0,1,0.0,comparison_area,,
EVT-DAHEJ-02338,2025-03-15 08:13:00+00:00,2025-03-15 08:13:00+00:00,21.82371,72.70623,21.82371,72.70623,1,6.48,6.48,6.48,,,0.66,0.66,0,0,1,VIIRS_SNPP_SP,N,1,0,0.0,1,0.0,dahej_core,,
EVT-DAHEJ-02339,2025-03-15 08:13:00+00:00,2025-03-15 08:36:00+00:00,21.739680000000003,72.69394,21.7408,72.69337,3,8.29,7.583333333333333,8.29,0.6119912853410026,0.14661134163208833,0.66,0.44,0,0,2,VIIRS_NOAA20_SP;VIIRS_SNPP_SP,N;N20,3,0,0.38333333333333336,1,0.38379880849502684,dahej_core,,
EVT-DAHEJ-02340,2025-03-15 20:41:00+00:00,2025-03-15 21:04:00+00:00,21.79349,72.64739,21.79284,72.64858,2,3.76,3.19,2.62,0.8061017305526639,-0.30319148936170204,0.66,0.66,0,0,2,VIIRS_NOAA20_SP;VIIRS_SNPP_SP,N;N20,0,2,0.38333333333333336,1,0.2850943698493894,dahej_core,,
EVT-DAHEJ-02341,2025-03-15 21:04:00+00:00,2025-03-15 21:04:00+00:00,21.55208,72.83335,21.55208,72.83335,1,0.98,0.98,0.98,,,0.66,0.66,0,0,1,VIIRS_NOAA20_SP,N20,0,1,0.0,1,0.0,dahej_fringe,,
EVT-DAHEJ-02342,2025-03-16 07:54:00+00:00,2025-03-16 07:54:00+00:00,21.84879,72.66135,21.84879,72.66135,1,3.97,3.97,3.97,,,0.66,0.66,0,0,1,VIIRS_SNPP_SP,N,1,0,0.0,1,0.0,dahej_core,,
EVT-DAHEJ-02343,2025-03-16 07:54:00+00:00,2025-03-16 07:54:00+00:00,21.35468,72.91778,21.35468,72.91778,1,2.24,2.24,2.24,,,0.66,0.66,0,0,1,VIIRS_SNPP_SP,N,1,0,0.0,1,0.0,comparison_area,,
EVT-DAHEJ-02344,2025-03-16 20:23:00+00:00,2025-03-16 20:45:00+00:00,21.374755,72.93844,21.37473,72.93726,2,1.2,1.165,1.13,0.049497474683058366,-0.05833333333333339,0.66,0.66,0,0,2,VIIRS_NOAA20_SP;VIIRS_SNPP_SP,N;N20,0,2,0.36666666666666664,1,0.2444334325240141,comparison_area,,
EVT-DAHEJ-02345,2025-03-16 20:45:00+00:00,2025-03-16 20:45:00+00:00,21.410155,72.98708500000001,21.40851,72.98679,2,0.67,0.67,0.67,0.0,0.0,0.66,0.66,0,0,1,VIIRS_NOAA20_SP,N20,0,2,0.0,1,0.3708954156337278,comparison_area,,
EVT-DAHEJ-02346,2025-03-16 20:45:00+00:00,2025-03-16 20:45:00+00:00,21.35699,72.90247,21.35699,72.90247,1,0.75,0.75,0.75,,,0.66,0.66,0,0,1,VIIRS_NOAA20_SP,N20,0,1,0.0,1,0.0,comparison_area,,
EVT-DAHEJ-02347,2025-03-16 20:45:00+00:00,2025-03-16 20:45:00+00:00,21.43384,72.97626,21.43384,72.97626,1,0.53,0.53,0.53,,,0.66,0.66,0,0,1,VIIRS_NOAA20_SP,N20,0,1,0.0,1,0.0,comparison_area,,
EVT-DAHEJ-02348,2025-03-18 07:39:00+00:00,2025-03-18 07:39:00+00:00,21.866385,72.68162,21.86555,72.68158,2,4.29,4.04,3.79,0.3535533905932738,-0.11655011655011654,0.66,0.66,0,0,1,VIIRS_NOAA20_SP,N20,2,0,0.0,1,0.18587920623392695,dahej_fringe,,
EVT-DAHEJ-02349,2025-03-18 08:56:00+00:00,2025-03-18 08:56:00+00:00,21.427675,72.97675000000001,21.42762,72.9762,2,4.11,3.89,3.67,0.3111269837220812,-0.1070559610705597,0.66,0.495,0,0,1,VIIRS_SNPP_SP,N,2,0,0.0,1,0.11451523787575997,comparison_area,,
EVT-DAHEJ-02350,2025-03-18 08:57:00+00:00,2025-03-18 08:57:00+00:00,21.74733,72.78162,21.74733,72.78162,1,1.98,1.98,1.98,,,0.33,0.33,0,0,1,VIIRS_SNPP_SP,N,1,0,0.0,1,0.0,dahej_fringe,,
EVT-DAHEJ-02351,2025-03-19 07:20:00+00:00,2025-03-19 07:20:00+00:00,21.78018,72.97084,21.78018,72.97084,1,4.06,4.06,4.06,,,0.33,0.33,0,0,1,VIIRS_NOAA20_SP,N20,1,0,0.0,1,0.0,comparison_area,,
EVT-DAHEJ-02352,2025-03-19 08:38:00+00:00,2025-03-19 09:01:00+00:00,21.7079375,72.68225000000001,21.70821,72.68024,4,8.81,4.4475,2.12,3.159719133087623,-0.7593643586833144,0.66,0.66,0,0,2,VIIRS_NOAA20_SP;VIIRS_SNPP_SP,N;N20,4,0,0.38333333333333336,1,0.4929091439825702,dahej_core,,
EVT-DAHEJ-02353,2025-03-19 09:00:00+00:00,2025-03-19 09:01:00+00:00,21.52056,72.818615,21.52237,72.81779,2,5.0,4.805,4.61,0.27577164466275333,-0.07799999999999993,0.66,0.66,0,0,1,VIIRS_NOAA20_SP,N20,2,0,0.016666666666666666,1,0.4372178493069194,dahej_fringe,,
EVT-DAHEJ-02354,2025-03-19 21:06:00+00:00,2025-03-19 21:06:00+00:00,21.79411,72.65013,21.79411,72.65013,1,0.72,0.72,0.72,,,0.66,0.66,0,0,1,VIIRS_SNPP_SP,N,0,1,0.0,1,0.0,dahej_core,,
EVT-DAHEJ-02355,2025-03-19 21:29:00+00:00,2025-03-19 21:29:00+00:00,21.39776,72.9527,21.39776,72.9527,1,1.73,1.73,1.73,,,0.66,0.66,0,0,1,VIIRS_NOAA20_SP,N20,0,1,0.0,1,0.0,comparison_area,,
EVT-DAHEJ-02356,2025-03-20 08:19:00+00:00,2025-03-20 08:42:00+00:00,22.0725,72.56693833333333,22.0712,72.56532,6,10.08,6.345,5.69,1.9240348229696882,-0.43551587301587297,0.66,0.44,0,0,2,VIIRS_NOAA20_SP;VIIRS_SNPP_SP,N;N20,6,0,0.38333333333333336,1,0.6286282895961648,comparison_area,,
EVT-DAHEJ-02357,2025-03-20 08:42:00+00:00,2025-03-20 08:42:00+00:00,21.56327,72.8052,21.56327,72.8052,1,2.22,2.22,2.22,,,0.33,0.33,0,0,1,VIIRS_NOAA20_SP,N20,1,0,0.0,1,0.0,dahej_fringe,,
EVT-DAHEJ-02358,2025-03-20 08:42:00+00:00,2025-03-20 08:42:00+00:00,21.73243,72.74256,21.73243,72.74256,1,4.33,4.33,4.33,,,0.66,0.66,0,0,1,VIIRS_NOAA20_SP,N20,1,0,0.0,1,0.0,dahej_core,,
EVT-DAHEJ-02359,2025-03-20 20:48:00+00:00,2025-03-20 20:48:00+00:00,21.40964,72.98861,21.40964,72.98861,1,0.65,0.65,0.65,,,0.66,0.66,0,0,1,VIIRS_SNPP_SP,N,0,1,0.0,1,0.0,comparison_area,,
EVT-DAHEJ-02360,2025-03-20 20:48:00+00:00,2025-03-20 21:10:00+00:00,21.433523333333337,72.97636666666666,21.43144,72.97673,3,1.85,1.51,1.85,0.2944486372867091,0.3805970149253731,0.66,0.66,0,0,2,VIIRS_NOAA20_SP;VIIRS_SNPP_SP,N;N20,0,3,0.36666666666666664,1,0.3732583826381816,comparison_area,,
EVT-DAHEJ-02361,2025-03-21 08:00:00+00:00,2025-03-21 08:23:00+00:00,21.4373,72.70993,21.43736,72.71014,2,7.46,6.865,7.46,0.8414570696119918,0.18979266347687407,0.66,0.495,0,0,2,VIIRS_NOAA20_SP;VIIRS_SNPP_SP,N;N20,2,0,0.38333333333333336,1,0.045472791814399526,comparison_area,,
EVT-DAHEJ-02362,2025-03-21 08:00:00+00:00,2025-03-21 08:00:00+00:00,21.50061,72.73338,21.50061,72.73338,1,6.47,6.47,6.47,,,0.33,0.33,0,0,1,VIIRS_SNPP_SP,N,1,0,0.0,1,0.0,dahej_fringe,,
EVT-DAHEJ-02363,2025-03-21 20:29:00+00:00,2025-03-23 20:14:00+00:00,21.794315714285716,72.64737428571428,21.79389,72.64413,7,3.58,1.57,0.81,1.1569356075426152,0.012500000000000011,0.66,0.66,0,0,2,VIIRS_NOAA20_SP;VIIRS_SNPP_SP,N;N20,0,7,47.75,3,0.5698040996827733,dahej_core,,
EVT-DAHEJ-02364,2025-03-22 08:04:00+00:00,2025-03-22 08:04:00+00:00,21.47086,72.81644,21.47086,72.81644,1,8.38,8.38,8.38,,,0.66,0.66,0,0,1,VIIRS_NOAA20_SP,N20,1,0,0.0,1,0.0,comparison_area,,
EVT-DAHEJ-02365,2025-03-22 20:33:00+00:00,2025-03-22 20:33:00+00:00,21.40973,72.98811,21.40973,72.98811,1,0.42,0.42,0.42,,,0.66,0.66,0,0,1,VIIRS_NOAA20_SP,N20,0,1,0.0,1,0.0,comparison_area,,
EVT-DAHEJ-02366,2025-03-22 20:33:00+00:00,2025-03-23 20:14:00+00:00,21.406833333333335,72.97093666666667,21.40505,72.96979,3,1.91,1.2566666666666666,0.94,0.5658916268450465,-0.5078534031413613,0.66,0.66,0,0,1,VIIRS_NOAA20_SP,N20,0,3,23.683333333333334,2,0.492096681476433,comparison_area,,
EVT-DAHEJ-02367,2025-03-23 09:03:00+00:00,2025-03-23 09:03:00+00:00,22.04693,72.68076,22.04693,72.68076,1,2.47,2.47,2.47,,,0.66,0.66,0,0,1,VIIRS_SNPP_SP,N,1,0,0.0,1,0.0,comparison_area,,
EVT-DAHEJ-02368,2025-03-23 09:03:00+00:00,2025-03-23 09:03:00+00:00,21.51637,72.70262,21.51637,72.70262,1,5.87,5.87,5.87,,,0.66,0.66,0,0,1,VIIRS_SNPP_SP,N,1,0,0.0,1,0.0,dahej_fringe,,
EVT-DAHEJ-02369,2025-03-23 21:31:00+00:00,2025-03-24 08:44:00+00:00,22.04473,72.74894199999999,22.04102,72.74829,5,13.91,7.209999999999999,8.77,4.490328495778455,3.6157894736842104,0.66,0.5940000000000001,0,0,2,VIIRS_NOAA20_SP;VIIRS_SNPP_SP,N;N20,4,1,11.216666666666667,2,0.7219697827204707,comparison_area,,
EVT-DAHEJ-02370,2025-03-24 08:44:00+00:00,2025-03-24 08:44:00+00:00,21.50178,72.73581,21.50178,72.73581,1,3.49,3.49,3.49,,,0.33,0.33,0,0,1,VIIRS_SNPP_SP,N,1,0,0.0,1,0.0,dahej_fringe,,
EVT-DAHEJ-02371,2025-03-24 08:44:00+00:00,2025-03-24 08:44:00+00:00,21.43422,72.70355,21.43422,72.70355,1,9.64,9.64,9.64,,,0.66,0.66,0,0,1,VIIRS_SNPP_SP,N,1,0,0.0,1,0.0,comparison_area,,
EVT-DAHEJ-02372,2025-03-24 08:44:00+00:00,2025-03-24 08:44:00+00:00,21.42455,72.98972,21.42455,72.98972,1,1.97,1.97,1.97,,,0.33,0.33,0,0,1,VIIRS_SNPP_SP,N,1,0,0.0,1,0.0,comparison_area,,
EVT-DAHEJ-02373,2025-03-24 09:07:00+00:00,2025-03-24 09:07:00+00:00,21.54768,72.81869,21.54768,72.81869,1,3.99,3.99,3.99,,,0.66,0.66,0,0,1,VIIRS_NOAA20_SP,N20,1,0,0.0,1,0.0,dahej_fringe,,
EVT-DAHEJ-02374,2025-03-24 19:55:00+00:00,2025-03-24 19:55:00+00:00,21.435200000000002,72.97295,21.43299,72.97382,2,2.08,1.98,2.08,0.14142135623730964,0.10638297872340435,0.66,0.66,0,0,1,VIIRS_NOAA20_SP,N20,0,2,0.0,1,0.5234402036499541,comparison_area,,
EVT-DAHEJ-02375,2025-03-25 08:25:00+00:00,2025-03-25 08:25:00+00:00,22.03427,72.80092,22.03427,72.80092,1,6.24,6.24,6.24,,,0.33,0.33,0,0,1,VIIRS_SNPP_SP,N,1,0,0.0,1,0.0,comparison_area,,
EVT-DAHEJ-02376,2025-03-25 08:25:00+00:00,2025-03-25 08:25:00+00:00,22.01269,72.72238,22.01269,72.72238,1,10.4,10.4,10.4,,,0.33,0.33,0,0,1,VIIRS_SNPP_SP,N,1,0,0.0,1,0.0,comparison_area,,
EVT-DAHEJ-02377,2025-03-25 20:54:00+00:00,2025-03-25 20:54:00+00:00,21.74397,72.94653,21.74397,72.94653,1,0.14,0.14,0.14,,,0.66,0.66,0,0,1,VIIRS_SNPP_SP,N,0,1,0.0,1,0.0,comparison_area,,
EVT-DAHEJ-02378,2025-03-25 20:54:00+00:00,2025-03-25 20:54:00+00:00,21.41111,72.98866,21.41111,72.98866,1,0.46,0.46,0.46,,,0.66,0.66,0,0,1,VIIRS_SNPP_SP,N,0,1,0.0,1,0.0,comparison_area,,
EVT-DAHEJ-02379,2025-03-25 20:54:00+00:00,2025-03-26 20:58:00+00:00,21.794266,72.64885000000001,21.79355,72.64872,5,2.45,1.846,2.45,0.7728065734710077,0.3315217391304348,0.66,0.66,0,0,2,VIIRS_NOAA20_SP;VIIRS_SNPP_SP,N;N20,0,5,24.066666666666666,2,0.25595736760854154,dahej_core,,
EVT-DAHEJ-02380,2025-03-25 21:17:00+00:00,2025-03-25 21:17:00+00:00,21.39534,72.78698,21.39534,72.78698,1,1.16,1.16,1.16,,,0.66,0.66,0,0,1,VIIRS_NOAA20_SP,N20,0,1,0.0,1,0.0,comparison_area,,
EVT-DAHEJ-02381,2025-03-26 08:06:00+00:00,2025-03-26 08:29:00+00:00,21.85849,72.66456,21.85836,72.66422,2,5.99,5.61,5.23,0.537401153701776,-0.12687813021702835,0.66,0.66,0,0,2,VIIRS_NOAA20_SP;VIIRS_SNPP_SP,N;N20,2,0,0.38333333333333336,1,0.07589849549309745,dahej_fringe,,
EVT-DAHEJ-02382,2025-03-26 08:29:00+00:00,2025-03-26 08:29:00+00:00,21.40186,72.94166,21.40186,72.94166,1,2.79,2.79,2.79,,,0.33,0.33,0,0,1,VIIRS_NOAA20_SP,N20,1,0,0.0,1,0.0,comparison_area,,
EVT-DAHEJ-02383,2025-03-26 08:29:00+00:00,2025-03-26 08:29:00+00:00,21.95601,72.61205,21.95601,72.61205,1,11.18,11.18,11.18,,,0.33,0.33,0,0,1,VIIRS_NOAA20_SP,N20,1,0,0.0,1,0.0,comparison_area,,
EVT-DAHEJ-02384,2025-03-26 08:29:00+00:00,2025-03-26 08:29:00+00:00,21.59539,72.82694,21.59539,72.82694,1,6.59,6.59,6.59,,,0.66,0.66,0,0,1,VIIRS_NOAA20_SP,N20,1,0,0.0,1,0.0,dahej_fringe,,
EVT-DAHEJ-02385,2025-03-27 07:47:00+00:00,2025-03-27 07:47:00+00:00,21.43205,72.89535,21.43205,72.89535,1,1.86,1.86,1.86,,,0.33,0.33,0,0,1,VIIRS_SNPP_SP,N,1,0,0.0,1,0.0,comparison_area,,
EVT-DAHEJ-02386,2025-03-27 08:10:00+00:00,2025-03-27 08:10:00+00:00,21.59661,72.87789,21.59661,72.87789,1,3.69,3.69,3.69,,,0.33,0.33,0,0,1,VIIRS_NOAA20_SP,N20,1,0,0.0,1,0.0,comparison_area,,
EVT-DAHEJ-02387,2025-03-27 08:10:00+00:00,2025-03-27 08:10:00+00:00,22.048095,72.67256499999999,22.04842,72.67287,2,2.58,2.4000000000000004,2.58,0.25455844122715704,0.1621621621621621,0.33,0.33,0,0,1,VIIRS_NOAA20_SP,N20,2,0,0.0,1,0.09579351336685867,comparison_area,,
EVT-DAHEJ-02388,2025-03-27 08:10:00+00:00,2025-03-27 08:10:00+00:00,21.71181,72.93681,21.71181,72.93681,1,2.02,2.02,2.02,,,0.66,0.66,0,0,1,VIIRS_NOAA20_SP,N20,1,0,0.0,1,0.0,comparison_area,,
EVT-DAHEJ-02389,2025-03-28 07:51:00+00:00,2025-03-28 09:09:00+00:00,21.75349,72.61463499999999,21.75196,72.61491,2,7.82,5.48,3.14,3.3092597359530425,-0.59846547314578,0.66,0.495,0,0,2,VIIRS_NOAA20_SP;VIIRS_SNPP_SP,N;N20,2,0,1.3,1,0.3449656031605733,dahej_core,,
EVT-DAHEJ-02390,2025-03-28 07:51:00+00:00,2025-03-28 07:51:00+00:00,21.4537,72.85766,21.4537,72.85766,1,4.66,4.66,4.66,,,0.66,0.66,0,0,1,VIIRS_NOAA20_SP,N20,1,0,0.0,1,0.0,comparison_area,,
EVT-DAHEJ-02391,2025-03-28 09:09:00+00:00,2025-03-28 21:38:00+00:00,21.746756666666666,72.60223,21.74324,72.5998,3,4.69,2.1033333333333335,0.73,2.241547084790622,-0.8443496801705757,0.66,0.66,0,0,1,VIIRS_SNPP_SP,N,1,2,12.483333333333333,1,0.750973498585769,dahej_core,,
EVT-DAHEJ-02392,2025-03-28 09:09:00+00:00,2025-03-28 09:09:00+00:00,21.83523,72.67057,21.83523,72.67057,1,6.76,6.76,6.76,,,1.0,1.0,1,0,1,VIIRS_SNPP_SP,N,1,0,0.0,1,0.0,dahej_core,,
EVT-DAHEJ-02393,2025-03-28 20:20:00+00:00,2025-03-28 20:20:00+00:00,21.3982,72.89376,21.3982,72.89376,1,0.44,0.44,0.44,,,0.66,0.66,0,0,1,VIIRS_NOAA20_SP,N20,0,1,0.0,1,0.0,comparison_area,,
EVT-DAHEJ-02394,2025-03-29 07:32:00+00:00,2025-03-29 07:32:00+00:00,21.42081,72.70478,21.42081,72.70478,1,6.3,6.3,6.3,,,0.66,0.66,0,0,1,VIIRS_NOAA20_SP,N20,1,0,0.0,1,0.0,comparison_area,,
EVT-DAHEJ-02395,2025-03-29 07:32:00+00:00,2025-03-29 07:32:00+00:00,21.97996,72.5507025,21.97943,72.55291,4,23.72,18.5125,14.93,4.672382511453159,-0.3705733558178752,1.0,0.8300000000000001,2,2,1,VIIRS_NOAA20_SP,N20,4,0,0.0,1,0.4860174251843545,comparison_area,,
EVT-DAHEJ-02396,2025-03-29 08:50:00+00:00,2025-03-29 08:50:00+00:00,21.64025,72.92324,21.64025,72.92324,1,8.33,8.33,8.33,,,0.33,0.33,0,0,1,VIIRS_SNPP_SP,N,1,0,0.0,1,0.0,comparison_area,,
EVT-DAHEJ-02397,2025-03-29 08:50:00+00:00,2025-03-29 08:50:00+00:00,21.43138,72.91645,21.43138,72.91645,1,2.32,2.32,2.32,,,0.33,0.33,0,0,1,VIIRS_SNPP_SP,N,1,0,0.0,1,0.0,comparison_area,,
EVT-DAHEJ-02398,2025-03-29 08:50:00+00:00,2025-03-29 08:50:00+00:00,21.5121,72.80905,21.5121,72.80905,1,9.0,9.0,9.0,,,0.66,0.66,0,0,1,VIIRS_SNPP_SP,N,1,0,0.0,1,0.0,dahej_fringe,,
EVT-DAHEJ-02399,2025-03-29 20:01:00+00:00,2025-03-29 21:41:00+00:00,21.971132500000003,72.57063249999999,21.97179,72.57096,4,1.5,1.045,1.5,0.46400431032480727,2.260869565217391,0.66,0.66,0,0,2,VIIRS_NOAA20_SP;VIIRS_SNPP_SP,N;N20,0,4,1.6666666666666667,1,0.2898173401749616,comparison_area,,
EVT-DAHEJ-02400,2025-03-30 08:31:00+00:00,2025-03-30 08:31:00+00:00,21.68946,72.89129,21.68946,72.89129,1,9.98,9.98,9.98,,,0.66,0.66,0,0,1,VIIRS_SNPP_SP,N,1,0,0.0,1,0.0,comparison_area,,
EVT-DAHEJ-02401,2025-03-30 08:31:00+00:00,2025-03-30 08:54:00+00:00,21.428773333333336,72.70545,21.42758,72.70602,3,6.09,5.8500000000000005,6.09,0.20784609690826494,0.06282722513088995,0.66,0.5499999999999999,0,0,2,VIIRS_NOAA20_SP;VIIRS_SNPP_SP,N;N20,3,0,0.38333333333333336,1,0.39442481742833024,comparison_area,,
EVT-DAHEJ-02402,2025-03-30 08:31:00+00:00,2025-03-30 08:31:00+00:00,21.91578,72.54782,21.91578,72.54782,1,11.36,11.36,11.36,,,0.33,0.33,0,0,1,VIIRS_SNPP_SP,N,1,0,0.0,1,0.0,dahej_fringe,,
EVT-DAHEJ-02403,2025-03-30 08:31:00+00:00,2025-03-30 08:31:00+00:00,21.63516,72.85954,21.63516,72.85954,1,2.24,2.24,2.24,,,0.66,0.66,0,0,1,VIIRS_SNPP_SP,N,1,0,0.0,1,0.0,comparison_area,,
EVT-DAHEJ-02404,2025-03-30 08:31:00+00:00,2025-03-30 08:31:00+00:00,21.41606,72.67373,21.41606,72.67373,1,5.72,5.72,5.72,,,0.66,0.66,0,0,1,VIIRS_SNPP_SP,N,1,0,0.0,1,0.0,comparison_area,,
EVT-DAHEJ-02405,2025-03-30 08:31:00+00:00,2025-03-30 08:54:00+00:00,21.49249,72.73426500000001,21.49598,72.73386,4,7.09,4.0375,2.69,2.0878278185712538,-0.6205923836389281,0.66,0.5775,0,0,2,VIIRS_NOAA20_SP;VIIRS_SNPP_SP,N;N20,4,0,0.38333333333333336,1,0.608386531922036,comparison_area,,
EVT-DAHEJ-02406,2025-03-30 08:31:00+00:00,2025-03-30 08:31:00+00:00,21.38595,72.79726,21.38595,72.79726,1,2.17,2.17,2.17,,,0.66,0.66,0,0,1,VIIRS_SNPP_SP,N,1,0,0.0,1,0.0,comparison_area,,
EVT-DAHEJ-02407,2025-03-30 08:54:00+00:00,2025-03-30 08:54:00+00:00,21.71288,72.67183,21.71288,72.67183,1,2.15,2.15,2.15,,,0.33,0.33,0,0,1,VIIRS_NOAA20_SP,N20,1,0,0.0,1,0.0,dahej_core,,
EVT-DAHEJ-02408,2025-03-30 08:54:00+00:00,2025-03-30 08:54:00+00:00,22.02079,72.71599,22.02079,72.71599,1,7.73,7.73,7.73,,,0.66,0.66,0,0,1,VIIRS_NOAA20_SP,N20,1,0,0.0,1,0.0,comparison_area,,
EVT-DAHEJ-02409,2025-03-30 21:00:00+00:00,2025-03-30 21:00:00+00:00,21.82458,72.9826,21.82458,72.9826,1,0.36,0.36,0.36,,,0.66,0.66,0,0,1,VIIRS_SNPP_SP,N,0,1,0.0,1,0.0,comparison_area,,
EVT-DAHEJ-02410,2025-03-30 21:23:00+00:00,2025-03-30 21:23:00+00:00,21.45933,72.941,21.45933,72.941,1,0.76,0.76,0.76,,,0.66,0.66,0,0,1,VIIRS_NOAA20_SP,N20,0,1,0.0,1,0.0,comparison_area,,
EVT-DAHEJ-02411,2025-03-31 08:12:00+00:00,2025-03-31 08:12:00+00:00,21.75452,72.61244,21.75452,72.61244,1,7.02,7.02,7.02,,,0.33,0.33,0,0,1,VIIRS_SNPP_SP,N,1,0,0.0,1,0.0,dahej_core,,
EVT-DAHEJ-02412,2025-04-01 08:16:00+00:00,2025-04-01 08:16:00+00:00,21.80087,72.81139,21.80087,72.81139,1,7.67,7.67,7.67,,,0.66,0.66,0,0,1,VIIRS_NOAA20_SP,N20,1,0,0.0,1,0.0,dahej_fringe,,
EVT-DAHEJ-02413,2025-04-01 08:16:00+00:00,2025-04-01 08:16:00+00:00,21.727,72.75287,21.727,72.75287,1,4.38,4.38,4.38,,,0.66,0.66,0,0,1,VIIRS_NOAA20_SP,N20,1,0,0.0,1,0.0,dahej_fringe,,
EVT-DAHEJ-02414,2025-04-01 20:22:00+00:00,2025-04-01 20:45:00+00:00,22.019509999999997,72.75049666666666,22.01806,72.7522,3,3.9,2.8233333333333337,3.9,1.595754784837988,0.08938547486033514,0.66,0.66,0,0,2,VIIRS_NOAA20_SP;VIIRS_SNPP_SP,N;N20,0,3,0.38333333333333336,1,0.4844586387682326,comparison_area,,
EVT-DAHEJ-02415,2025-04-01 20:22:00+00:00,2025-04-02 07:57:00+00:00,21.794,72.64841,21.7945,72.64743,2,1.87,1.42,1.87,0.6363961030678928,0.9278350515463919,0.66,0.495,0,0,2,VIIRS_NOAA20_SP;VIIRS_SNPP_SP,N;N20,1,1,11.583333333333334,2,0.2309023260900334,dahej_core,,
EVT-DAHEJ-02416,2025-04-01 20:22:00+00:00,2025-04-01 20:22:00+00:00,21.41228,72.79766,21.41228,72.79766,1,0.6,0.6,0.6,,,0.66,0.66,0,0,1,VIIRS_SNPP_SP,N,0,1,0.0,1,0.0,comparison_area,,
EVT-DAHEJ-02417,2025-04-02 07:35:00+00:00,2025-04-02 07:35:00+00:00,22.0925,72.71157,22.0925,72.71157,1,2.5,2.5,2.5,,,0.33,0.33,0,0,1,VIIRS_SNPP_SP,N,1,0,0.0,1,0.0,comparison_area,,
EVT-DAHEJ-02418,2025-04-02 07:57:00+00:00,2025-04-02 07:57:00+00:00,21.43139,72.71915,21.43139,72.71915,1,6.41,6.41,6.41,,,0.66,0.66,0,0,1,VIIRS_NOAA20_SP,N20,1,0,0.0,1,0.0,comparison_area,,
EVT-DAHEJ-02419,2025-04-02 07:57:00+00:00,2025-04-02 09:16:00+00:00,22.003259999999997,72.55395200000001,22.00192,72.55094,5,12.29,8.819999999999999,12.29,2.7834421136427463,0.8073529411764705,0.66,0.396,0,0,2,VIIRS_NOAA20_SP;VIIRS_SNPP_SP,N;N20,5,0,1.3166666666666667,1,0.7225990961600598,comparison_area,,
EVT-DAHEJ-02420,2025-04-02 09:15:00+00:00,2025-04-02 09:15:00+00:00,21.95593,72.58136,21.95593,72.58136,1,5.58,5.58,5.58,,,0.33,0.33,0,0,1,VIIRS_SNPP_SP,N,1,0,0.0,1,0.0,comparison_area,,
EVT-DAHEJ-02421,2025-04-02 21:44:00+00:00,2025-04-02 21:44:00+00:00,21.4152,72.95425,21.4152,72.95425,1,0.93,0.93,0.93,,,0.66,0.66,0,0,1,VIIRS_SNPP_SP,N,0,1,0.0,1,0.0,comparison_area,,
EVT-DAHEJ-02422,2025-04-03 07:39:00+00:00,2025-04-03 07:39:00+00:00,22.01186,72.63591,22.01186,72.63591,1,11.6,11.6,11.6,,,1.0,1.0,1,0,1,VIIRS_NOAA20_SP,N20,1,0,0.0,1,0.0,comparison_area,,
EVT-DAHEJ-02423,2025-04-03 07:39:00+00:00,2025-04-03 07:39:00+00:00,21.78947,72.61864,21.78947,72.61864,1,2.11,2.11,2.11,,,0.33,0.33,0,0,1,VIIRS_NOAA20_SP,N20,1,0,0.0,1,0.0,dahej_core,,
EVT-DAHEJ-02424,2025-04-03 07:39:00+00:00,2025-04-03 08:57:00+00:00,21.80528,72.7089,21.80397,72.71055,2,2.29,2.185,2.29,0.14849242404917495,0.10096153846153844,0.33,0.33,0,0,2,VIIRS_NOAA20_SP;VIIRS_SNPP_SP,N;N20,2,0,1.3,1,0.4482668497331377,dahej_core,,
EVT-DAHEJ-02425,2025-04-03 08:57:00+00:00,2025-04-03 08:57:00+00:00,21.67093,72.88826,21.67093,72.88826,1,2.91,2.91,2.91,,,0.66,0.66,0,0,1,VIIRS_SNPP_SP,N,1,0,0.0,1,0.0,comparison_area,,
EVT-DAHEJ-02426,2025-04-03 08:57:00+00:00,2025-04-03 08:57:00+00:00,21.90675,72.75769,21.90675,72.75769,1,1.3,1.3,1.3,,,0.66,0.66,0,0,1,VIIRS_SNPP_SP,N,1,0,0.0,1,0.0,dahej_fringe,,
EVT-DAHEJ-02427,2025-04-03 20:07:00+00:00,2025-04-03 20:07:00+00:00,21.4415,72.98978,21.4415,72.98978,1,0.53,0.53,0.53,,,0.66,0.66,0,0,1,VIIRS_NOAA20_SP,N20,0,1,0.0,1,0.0,comparison_area,,
EVT-DAHEJ-02428,2025-04-04 07:20:00+00:00,2025-04-04 07:20:00+00:00,21.529025,72.80384000000001,21.53191,72.8035,2,4.36,3.4400000000000004,4.36,1.3010764773832477,0.7301587301587302,0.66,0.66,0,0,1,VIIRS_NOAA20_SP,N20,2,0,0.0,1,0.645439590952842,dahej_fringe,,
EVT-DAHEJ-02429,2025-04-04 08:38:00+00:00,2025-04-04 08:38:00+00:00,21.81278,72.71407,21.81278,72.71407,1,13.07,13.07,13.07,,,0.66,0.66,0,0,1,VIIRS_SNPP_SP,N,1,0,0.0,1,0.0,dahej_core,,
EVT-DAHEJ-02430,2025-04-04 08:38:00+00:00,2025-04-04 08:38:00+00:00,21.55469,72.91288,21.55469,72.91288,1,2.32,2.32,2.32,,,0.33,0.33,0,0,1,VIIRS_SNPP_SP,N,1,0,0.0,1,0.0,comparison_area,,
EVT-DAHEJ-02431,2025-04-04 08:38:00+00:00,2025-04-04 08:38:00+00:00,21.92399,72.74643,21.92399,72.74643,1,13.75,13.75,13.75,,,0.33,0.33,0,0,1,VIIRS_SNPP_SP,N,1,0,0.0,1,0.0,dahej_fringe,,
EVT-DAHEJ-02432,2025-04-04 09:00:00+00:00,2025-04-04 09:00:00+00:00,21.5083,72.92968,21.5083,72.92968,1,3.29,3.29,3.29,,,0.33,0.33,0,0,1,VIIRS_NOAA20_SP,N20,1,0,0.0,1,0.0,comparison_area,,
EVT-DAHEJ-02433,2025-04-04 09:00:00+00:00,2025-04-04 09:00:00+00:00,22.075967499999997,72.7102175,22.07488,72.71243,4,12.41,9.5775,9.52,2.012500517598277,0.217391304347826,1.0,0.7450000000000001,1,0,1,VIIRS_NOAA20_SP,N20,4,0,0.0,1,0.5173730836210787,comparison_area,,
EVT-DAHEJ-02434,2025-04-04 19:48:00+00:00,2025-04-04 19:48:00+00:00,21.59305,72.9992,21.59305,72.9992,1,1.03,1.03,1.03,,,0.66,0.66,0,0,1,VIIRS_NOAA20_SP,N20,0,1,0.0,1,0.0,comparison_area,,
EVT-DAHEJ-02435,2025-04-04 21:07:00+00:00,2025-04-04 21:29:00+00:00,21.433085,72.97784999999999,21.43138,72.97769,2,1.75,1.4100000000000001,1.07,0.4808326112068523,-0.3885714285714285,0.66,0.66,0,0,2,VIIRS_NOAA20_SP;VIIRS_SNPP_SP,N;N20,0,2,0.36666666666666664,1,0.38061909915756786,comparison_area,,
EVT-DAHEJ-02436,2025-04-05 08:19:00+00:00,2025-04-05 08:41:00+00:00,21.628075000000003,72.80919499999999,21.62809,72.8089,2,11.29,10.195,9.1,1.5485638507985386,-0.19397697077059342,0.66,0.66,0,0,2,VIIRS_NOAA20_SP;VIIRS_SNPP_SP,N;N20,2,0,0.36666666666666664,1,0.061077400428514374,dahej_fringe,,
EVT-DAHEJ-02437,2025-04-05 08:41:00+00:00,2025-04-05 08:41:00+00:00,22.074885000000002,72.642675,22.0736,72.64117,2,39.83,35.815,31.8,5.678067452927975,-0.20160682902334917,0.33,0.33,0,2,1,VIIRS_NOAA20_SP,N20,2,0,0.0,1,0.42174108918394493,comparison_area,,
EVT-DAHEJ-02438,2025-04-05 20:48:00+00:00,2025-04-05 21:10:00+00:00,21.40435,72.96975,21.40309,72.96923,2,1.16,1.02,0.88,0.19798989873223324,-0.24137931034482754,0.66,0.66,0,0,2,VIIRS_NOAA20_SP;VIIRS_SNPP_SP,N;N20,0,2,0.36666666666666664,1,0.30018440417253445,comparison_area,,
EVT-DAHEJ-02439,2025-04-06 20:29:00+00:00,2025-04-06 20:29:00+00:00,21.79615,72.64663,21.79615,72.64663,1,1.87,1.87,1.87,,,0.66,0.66,0,0,1,VIIRS_SNPP_SP,N,0,1,0.0,1,0.0,dahej_core,,
EVT-DAHEJ-02440,2025-04-06 20:51:00+00:00,2025-04-06 20:51:00+00:00,21.4337,72.97716,21.4337,72.97716,1,0.74,0.74,0.74,,,0.66,0.66,0,0,1,VIIRS_NOAA20_SP,N20,0,1,0.0,1,0.0,comparison_area,,
EVT-DAHEJ-02441,2025-04-07 07:41:00+00:00,2025-04-07 07:41:00+00:00,21.40936,72.83744,21.40936,72.83744,1,2.37,2.37,2.37,,,0.66,0.66,0,0,1,VIIRS_SNPP_SP,N,1,0,0.0,1,0.0,comparison_area,,
EVT-DAHEJ-02442,2025-04-07 07:41:00+00:00,2025-04-07 07:41:00+00:00,22.005094999999997,72.95393,22.00528,72.9542,2,4.03,3.52,3.01,0.7212489168102788,-0.2531017369727048,0.66,0.66,0,0,1,VIIRS_SNPP_SP,N,2,0,0.0,1,0.06922389223393909,comparison_area,,
EVT-DAHEJ-02443,2025-04-07 07:41:00+00:00,2025-04-07 20:32:00+00:00,22.060514,72.66986599999998,22.06159,72.66603,5,13.76,8.146,1.95,4.183907264746675,-0.7661870503597122,1.0,0.6620000000000001,1,0,2,VIIRS_NOAA20_SP;VIIRS_SNPP_SP,N;N20,4,1,12.85,1,0.8507711745942029,comparison_area,,
EVT-DAHEJ-02444,2025-04-07 07:41:00+00:00,2025-04-08 09:03:00+00:00,21.6286575,72.80666375,21.63182,72.8089,8,15.39,9.69875,8.85,3.817933014079739,0.2660944206008583,1.0,0.7462500000000001,3,0,2,VIIRS_NOAA20_SP;VIIRS_SNPP_SP,N;N20,8,0,25.366666666666667,2,0.7311792539211985,dahej_fringe,,
EVT-DAHEJ-02445,2025-04-07 07:41:00+00:00,2025-04-07 07:41:00+00:00,21.35402,72.78733,21.35402,72.78733,1,3.66,3.66,3.66,,,0.66,0.66,0,0,1,VIIRS_SNPP_SP,N,1,0,0.0,1,0.0,comparison_area,,
EVT-DAHEJ-02446,2025-04-07 07:41:00+00:00,2025-04-07 07:41:00+00:00,21.43174,72.99384,21.43174,72.99384,1,1.81,1.81,1.81,,,0.66,0.66,0,0,1,VIIRS_SNPP_SP,N,1,0,0.0,1,0.0,comparison_area,,
EVT-DAHEJ-02447,2025-04-08 07:23:00+00:00,2025-04-08 07:23:00+00:00,21.810364999999997,72.78434,21.81123,72.7878,2,7.49,7.49,7.49,0.0,0.0,1.0,0.8300000000000001,1,0,1,VIIRS_SNPP_SP,N,2,0,0.0,1,0.7398369198415993,dahej_fringe,,
EVT-DAHEJ-02448,2025-04-08 07:45:00+00:00,2025-04-08 09:03:00+00:00,21.78247,72.64427333333333,21.78106,72.64493,3,7.61,4.213333333333334,2.56,2.9419438018652455,-0.6636005256241788,0.66,0.44,0,0,2,VIIRS_NOAA20_SP;VIIRS_SNPP_SP,N;N20,3,0,1.3,1,0.3391219570329354,dahej_core,,
EVT-DAHEJ-02449,2025-04-08 20:14:00+00:00,2025-04-08 20:14:00+00:00,21.396105,72.952405,21.39655,72.95346,2,3.69,3.4050000000000002,3.69,0.40305086527633194,0.18269230769230763,0.66,0.66,0,0,1,VIIRS_NOAA20_SP,N20,0,2,0.0,1,0.23982268116928268,comparison_area,,
EVT-DAHEJ-02450,2025-04-09 07:26:00+00:00,2025-04-09 08:44:00+00:00,21.520535000000002,72.83869,21.51771,72.83905,2,3.22,3.18,3.14,0.05656854249492385,-0.02484472049689443,0.33,0.33,0,0,2,VIIRS_NOAA20_SP;VIIRS_SNPP_SP,N;N20,2,0,1.3,1,0.6326515411806849,dahej_fringe,,
EVT-DAHEJ-02451,2025-04-09 08:44:00+00:00,2025-04-09 08:44:00+00:00,21.44864,72.962,21.44864,72.962,1,2.44,2.44,2.44,,,0.33,0.33,0,0,1,VIIRS_SNPP_SP,N,1,0,0.0,1,0.0,comparison_area,,
EVT-DAHEJ-02452,2025-04-09 08:44:00+00:00,2025-04-09 08:44:00+00:00,21.71683,72.66642,21.71683,72.66642,1,12.34,12.34,12.34,,,0.33,0.33,0,0,1,VIIRS_SNPP_SP,N,1,0,0.0,1,0.0,dahej_core,,
EVT-DAHEJ-02453,2025-04-09 08:44:00+00:00,2025-04-09 08:44:00+00:00,21.42753,72.78655,21.42753,72.78655,1,3.25,3.25,3.25,,,0.33,0.33,0,0,1,VIIRS_SNPP_SP,N,1,0,0.0,1,0.0,comparison_area,,
EVT-DAHEJ-02454,2025-04-09 08:44:00+00:00,2025-04-09 08:44:00+00:00,21.60879,72.83623,21.60879,72.83623,1,8.68,8.68,8.68,,,0.66,0.66,0,0,1,VIIRS_SNPP_SP,N,1,0,0.0,1,0.0,dahej_fringe,,
EVT-DAHEJ-02455,2025-04-09 08:44:00+00:00,2025-04-09 08:44:00+00:00,21.99673,72.60609,21.99673,72.60609,1,18.49,18.49,18.49,,,0.33,0.33,0,0,1,VIIRS_SNPP_SP,N,1,0,0.0,1,0.0,comparison_area,,
EVT-DAHEJ-02456,2025-04-09 09:07:00+00:00,2025-04-09 09:07:00+00:00,21.77006,72.64773,21.77006,72.64773,1,2.72,2.72,2.72,,,0.33,0.33,0,0,1,VIIRS_NOAA20_SP,N20,1,0,0.0,1,0.0,dahej_core,,
EVT-DAHEJ-02457,2025-04-09 09:07:00+00:00,2025-04-09 09:07:00+00:00,21.55201,72.78464,21.55201,72.78464,1,3.85,3.85,3.85,,,0.33,0.33,0,0,1,VIIRS_NOAA20_SP,N20,1,0,0.0,1,0.0,dahej_fringe,,
EVT-DAHEJ-02458,2025-04-09 19:55:00+00:00,2025-04-09 19:55:00+00:00,21.98263,72.69292,21.98263,72.69292,1,0.78,0.78,0.78,,,0.66,0.66,0,0,1,VIIRS_NOAA20_SP,N20,0,1,0.0,1,0.0,comparison_area,,
EVT-DAHEJ-02459,2025-04-10 08:25:00+00:00,2025-04-10 08:48:00+00:00,22.079066666666666,72.54572,22.08202,72.54397,3,16.18,11.973333333333334,13.01,4.809535667123525,-0.19592088998763907,0.66,0.66,0,0,2,VIIRS_NOAA20_SP;VIIRS_SNPP_SP,N;N20,3,0,0.38333333333333336,1,0.7526364690202569,comparison_area,,
EVT-DAHEJ-02460,2025-04-10 08:25:00+00:00,2025-04-10 08:25:00+00:00,21.42967,72.99187,21.42967,72.99187,1,3.12,3.12,3.12,,,0.66,0.66,0,0,1,VIIRS_SNPP_SP,N,1,0,0.0,1,0.0,comparison_area,,
EVT-DAHEJ-02461,2025-04-10 08:25:00+00:00,2025-04-10 08:25:00+00:00,21.52108,72.7075,21.52108,72.7075,1,3.75,3.75,3.75,,,0.33,0.33,0,0,1,VIIRS_SNPP_SP,N,1,0,0.0,1,0.0,dahej_fringe,,
EVT-DAHEJ-02462,2025-04-10 20:54:00+00:00,2025-04-10 21:16:00+00:00,22.076933333333333,72.55426333333334,22.07515,72.5519,3,1.59,1.3499999999999999,1.59,0.22649503305812257,0.39473684210526333,0.66,0.66,0,0,2,VIIRS_NOAA20_SP;VIIRS_SNPP_SP,N;N20,0,3,0.36666666666666664,1,0.5454989717695313,comparison_area,,
EVT-DAHEJ-02463,2025-04-10 20:54:00+00:00,2025-04-10 21:16:00+00:00,22.079555,72.5616225,22.07993,72.56452,4,2.35,1.565,1.81,0.6714412359494563,-0.2297872340425532,0.66,0.66,0,0,2,VIIRS_NOAA20_SP;VIIRS_SNPP_SP,N;N20,0,4,0.36666666666666664,1,0.7924929273231816,comparison_area,,
EVT-DAHEJ-02464,2025-04-11 08:29:00+00:00,2025-04-11 08:29:00+00:00,21.76444,72.842545,21.76449,72.84093,2,4.06,3.37,4.06,0.9758073580374352,0.5149253731343281,0.33,0.33,0,0,1,VIIRS_NOAA20_SP,N20,2,0,0.0,1,0.33374307677541537,dahej_fringe,,
EVT-DAHEJ-02465,2025-04-11 08:29:00+00:00,2025-04-11 08:29:00+00:00,21.79221,72.64809,21.79221,72.64809,1,1.17,1.17,1.17,,,0.66,0.66,0,0,1,VIIRS_NOAA20_SP,N20,1,0,0.0,1,0.0,dahej_core,,
EVT-DAHEJ-02466,2025-04-11 08:29:00+00:00,2025-04-12 08:10:00+00:00,21.62886,72.80687,21.62979,72.80824,2,6.5,5.0649999999999995,6.5,2.0293964620053915,0.7906336088154271,0.66,0.495,0,0,1,VIIRS_NOAA20_SP,N20,2,0,23.683333333333334,2,0.35070040506720196,dahej_fringe,,
EVT-DAHEJ-02467,2025-04-12 08:10:00+00:00,2025-04-12 08:10:00+00:00,21.70387,72.58351,21.70387,72.58351,1,13.34,13.34,13.34,,,0.33,0.33,0,0,1,VIIRS_NOAA20_SP,N20,1,0,0.0,1,0.0,dahej_core,,
EVT-DAHEJ-02468,2025-04-12 08:10:00+00:00,2025-04-12 08:10:00+00:00,22.02493,72.54798,22.02493,72.54798,1,6.69,6.69,6.69,,,0.66,0.66,0,0,1,VIIRS_NOAA20_SP,N20,1,0,0.0,1,0.0,comparison_area,,
EVT-DAHEJ-02469,2025-04-12 08:10:00+00:00,2025-04-12 08:10:00+00:00,21.92568,72.93181,21.92568,72.93181,1,1.31,1.31,1.31,,,0.66,0.66,0,0,1,VIIRS_NOAA20_SP,N20,1,0,0.0,1,0.0,comparison_area,,
EVT-DAHEJ-02470,2025-04-12 20:17:00+00:00,2025-04-14 20:01:00+00:00,21.39527625,72.9535525,21.39479,72.95177,8,2.65,1.97875,1.06,0.6302026318120681,-0.6,0.66,0.66,0,0,2,VIIRS_NOAA20_SP;VIIRS_SNPP_SP,N;N20,0,8,47.733333333333334,3,0.42597883231104855,comparison_area,,
EVT-DAHEJ-02471,2025-04-13 07:51:00+00:00,2025-04-13 07:51:00+00:00,21.955519999999996,72.59380666666667,21.95437,72.59566,3,15.56,14.616666666666667,13.43,1.0856488075493538,-0.0962314939434724,0.33,0.33,0,0,1,VIIRS_NOAA20_SP,N20,3,0,0.0,1,0.4941446381610112,comparison_area,,
EVT-DAHEJ-02472,2025-04-13 09:09:00+00:00,2025-04-13 09:09:00+00:00,21.719335,72.728565,21.72126,72.72784,2,3.67,3.5,3.33,0.24041630560342606,-0.09264305177111713,0.66,0.66,0,0,1,VIIRS_SNPP_SP,N,2,0,0.0,1,0.45354882493024745,dahej_core,,
EVT-DAHEJ-02473,2025-04-13 09:09:00+00:00,2025-04-13 09:09:00+00:00,21.68538,72.91689,21.68538,72.91689,1,5.58,5.58,5.58,,,0.33,0.33,0,0,1,VIIRS_SNPP_SP,N,1,0,0.0,1,0.0,comparison_area,,
EVT-DAHEJ-02474,2025-04-13 19:58:00+00:00,2025-04-13 20:20:00+00:00,21.432675000000003,72.97518,21.43043,72.97522,2,1.9,1.775,1.9,0.1767766952966369,0.15151515151515152,0.66,0.66,0,0,2,VIIRS_NOAA20_SP;VIIRS_SNPP_SP,N;N20,0,2,0.36666666666666664,1,0.49933457225588285,comparison_area,,
EVT-DAHEJ-02475,2025-04-14 07:32:00+00:00,2025-04-14 07:32:00+00:00,21.38888,72.67017,21.38888,72.67017,1,3.9,3.9,3.9,,,0.66,0.66,0,0,1,VIIRS_NOAA20_SP,N20,1,0,0.0,1,0.0,comparison_area,,
EVT-DAHEJ-02476,2025-04-14 07:33:00+00:00,2025-04-14 07:33:00+00:00,21.95984,72.86039,21.95984,72.86039,1,2.39,2.39,2.39,,,0.66,0.66,0,0,1,VIIRS_NOAA20_SP,N20,1,0,0.0,1,0.0,comparison_area,,
EVT-DAHEJ-02477,2025-04-14 08:51:00+00:00,2025-04-14 08:51:00+00:00,21.74686,72.57544,21.74686,72.57544,1,9.64,9.64,9.64,,,0.66,0.66,0,0,1,VIIRS_SNPP_SP,N,1,0,0.0,1,0.0,dahej_core,,
EVT-DAHEJ-02478,2025-04-14 09:13:00+00:00,2025-04-14 09:13:00+00:00,21.84934,72.68255,21.84934,72.68255,1,4.64,4.64,4.64,,,0.33,0.33,0,0,1,VIIRS_NOAA20_SP,N20,1,0,0.0,1,0.0,dahej_core,,
EVT-DAHEJ-02479,2025-04-15 08:32:00+00:00,2025-04-15 08:54:00+00:00,22.018075,72.739615,22.01738,72.73874,2,31.92,18.785,5.65,18.575695141770606,-0.8229949874686717,1.0,0.665,1,1,2,VIIRS_NOAA20_SP;VIIRS_SNPP_SP,N;N20,2,0,0.36666666666666664,1,0.23755620041778008,comparison_area,,
EVT-DAHEJ-02480,2025-04-15 08:54:00+00:00,2025-04-15 08:54:00+00:00,22.08846,72.79504,22.08846,72.79504,1,2.77,2.77,2.77,,,0.33,0.33,0,0,1,VIIRS_NOAA20_SP,N20,1,0,0.0,1,0.0,comparison_area,,
EVT-DAHEJ-02481,2025-04-15 08:54:00+00:00,2025-04-15 08:54:00+00:00,21.96091,72.91409,21.96091,72.91409,1,4.16,4.16,4.16,,,0.66,0.66,0,0,1,VIIRS_NOAA20_SP,N20,1,0,0.0,1,0.0,comparison_area,,
EVT-DAHEJ-02482,2025-04-16 08:13:00+00:00,2025-04-16 08:13:00+00:00,22.01472,72.64346,22.01472,72.64346,1,12.66,12.66,12.66,,,0.33,0.33,0,0,1,VIIRS_SNPP_SP,N,1,0,0.0,1,0.0,comparison_area,,
EVT-DAHEJ-02483,2025-04-16 08:35:00+00:00,2025-04-16 08:35:00+00:00,21.43358,72.88799,21.43358,72.88799,1,5.02,5.02,5.02,,,0.33,0.33,0,0,1,VIIRS_NOAA20_SP,N20,1,0,0.0,1,0.0,comparison_area,,
EVT-DAHEJ-02484,2025-04-16 08:35:00+00:00,2025-04-16 08:35:00+00:00,21.82535,72.66859,21.82535,72.66859,1,16.74,16.74,16.74,,,0.66,0.66,0,0,1,VIIRS_NOAA20_SP,N20,1,0,0.0,1,0.0,dahej_core,,
EVT-DAHEJ-02485,2025-04-16 08:35:00+00:00,2025-04-16 08:35:00+00:00,21.77409,72.75176,21.77409,72.75176,1,8.18,8.18,8.18,,,0.33,0.33,0,0,1,VIIRS_NOAA20_SP,N20,1,0,0.0,1,0.0,dahej_fringe,,
EVT-DAHEJ-02486,2025-04-16 20:42:00+00:00,2025-04-16 20:42:00+00:00,21.41117,72.98849,21.41117,72.98849,1,0.85,0.85,0.85,,,0.66,0.66,0,0,1,VIIRS_SNPP_SP,N,0,1,0.0,1,0.0,comparison_area,,
EVT-DAHEJ-02487,2025-04-16 20:42:00+00:00,2025-04-18 20:27:00+00:00,21.395357999999998,72.953946,21.3943,72.95527,5,2.73,1.802,2.52,0.7688107699557805,-0.07692307692307691,0.66,0.66,0,0,2,VIIRS_NOAA20_SP;VIIRS_SNPP_SP,N;N20,0,5,47.75,3,0.36140890539961096,comparison_area,,
EVT-DAHEJ-02488,2025-04-17 07:54:00+00:00,2025-04-17 08:16:00+00:00,21.82731,72.6526125,21.82683,72.64992,4,33.21,17.545,33.21,11.252817424982954,2.5480769230769234,0.66,0.495,0,1,2,VIIRS_NOAA20_SP;VIIRS_SNPP_SP,N;N20,4,0,0.36666666666666664,1,0.5396630076111193,dahej_core,,
EVT-DAHEJ-02489,2025-04-17 07:54:00+00:00,2025-04-17 08:16:00+00:00,21.61807333333333,72.83296666666666,21.61755,72.8336,3,7.0,6.023333333333333,7.0,0.9800170066551566,0.1608623548922056,0.66,0.44,0,0,2,VIIRS_NOAA20_SP;VIIRS_SNPP_SP,N;N20,3,0,0.36666666666666664,1,0.29906694058446054,dahej_fringe,,
EVT-DAHEJ-02490,2025-04-17 07:54:00+00:00,2025-04-17 08:16:00+00:00,21.8299225,72.64091,21.82944,72.63995,4,19.16,15.2875,15.43,4.035379990368524,-0.08535862477771199,0.66,0.495,0,0,2,VIIRS_NOAA20_SP;VIIRS_SNPP_SP,N;N20,4,0,0.36666666666666664,1,0.41380926765973275,dahej_core,,
EVT-DAHEJ-02491,2025-04-17 07:54:00+00:00,2025-04-17 07:54:00+00:00,22.03827,72.85023,22.03827,72.85023,1,4.02,4.02,4.02,,,0.33,0.33,0,0,1,VIIRS_SNPP_SP,N,1,0,0.0,1,0.0,comparison_area,,
EVT-DAHEJ-02492,2025-04-17 08:16:00+00:00,2025-04-17 08:16:00+00:00,21.4154,72.67229,21.4154,72.67229,1,10.02,10.02,10.02,,,0.33,0.33,0,0,1,VIIRS_NOAA20_SP,N20,1,0,0.0,1,0.0,comparison_area,,
EVT-DAHEJ-02493,2025-04-18 07:35:00+00:00,2025-04-18 07:35:00+00:00,21.74248,72.84526,21.74248,72.84526,1,4.35,4.35,4.35,,,0.66,0.66,0,0,1,VIIRS_SNPP_SP,N,1,0,0.0,1,0.0,dahej_fringe,,
EVT-DAHEJ-02494,2025-04-18 07:36:00+00:00,2025-04-18 07:36:00+00:00,21.86114,72.81048,21.86114,72.81048,1,1.26,1.26,1.26,,,0.66,0.66,0,0,1,VIIRS_SNPP_SP,N,1,0,0.0,1,0.0,dahej_fringe,,
EVT-DAHEJ-02495,2025-04-18 07:58:00+00:00,2025-04-19 07:39:00+00:00,21.42276,72.79059333333333,21.42258,72.78869,3,5.46,4.66,3.57,0.9778036612735709,-0.27878787878787886,0.66,0.66,0,0,1,VIIRS_NOAA20_SP,N20,3,0,23.683333333333334,2,0.3479555320884547,comparison_area,,
EVT-DAHEJ-02496,2025-04-18 20:27:00+00:00,2025-04-18 20:27:00+00:00,21.43411,72.97685,21.43411,72.97685,1,1.17,1.17,1.17,,,0.66,0.66,0,0,1,VIIRS_NOAA20_SP,N20,0,1,0.0,1,0.0,comparison_area,,
EVT-DAHEJ-02497,2025-04-18 21:44:00+00:00,2025-04-18 21:44:00+00:00,21.90532,72.75814,21.90532,72.75814,1,2.62,2.62,2.62,,,0.66,0.66,0,0,1,VIIRS_SNPP_SP,N,0,1,0.0,1,0.0,dahej_fringe,,
EVT-DAHEJ-02498,2025-04-19 07:39:00+00:00,2025-04-19 08:57:00+00:00,21.820936666666668,72.63071000000001,21.81881,72.63172,3,6.26,5.233333333333333,3.42,1.574970899202056,-0.4318936877076412,1.0,0.5533333333333333,1,0,2,VIIRS_NOAA20_SP;VIIRS_SNPP_SP,N;N20,3,0,1.3,1,0.5625179971757235,dahej_core,,
EVT-DAHEJ-02499,2025-04-20 08:38:00+00:00,2025-04-20 09:01:00+00:00,21.924835,72.543105,21.92698,72.54249,2,23.47,18.48,13.49,7.056925676241743,-0.4252236898167874,0.33,0.33,0,1,2,VIIRS_NOAA20_SP;VIIRS_SNPP_SP,N;N20,2,0,0.38333333333333336,1,0.4936118747379796,dahej_fringe,,
EVT-DAHEJ-02500,2025-04-21 08:19:00+00:00,2025-04-21 08:42:00+00:00,22.064385,72.60827,22.06464,72.60695,2,17.07,15.735,14.4,1.8879751057680818,-0.156414762741652,0.33,0.33,0,0,2,VIIRS_NOAA20_SP;VIIRS_SNPP_SP,N;N20,2,0,0.38333333333333336,1,0.27790336811497324,comparison_area,,
EVT-DAHEJ-02501,2025-04-21 08:19:00+00:00,2025-04-21 08:42:00+00:00,22.03603,72.592815,22.0353,72.59309,2,15.92,15.245000000000001,15.92,0.9545941546018388,0.092656142759094,0.33,0.33,0,0,2,VIIRS_NOAA20_SP;VIIRS_SNPP_SP,N;N20,2,0,0.38333333333333336,1,0.17195800267105904,comparison_area,,
EVT-DAHEJ-02502,2025-04-21 20:48:00+00:00,2025-04-21 21:10:00+00:00,21.836526666666668,72.70002666666666,21.83754,72.69946,3,1.21,1.0033333333333332,0.99,0.20033305601755622,-0.1818181818181818,0.66,0.66,0,0,2,VIIRS_NOAA20_SP;VIIRS_SNPP_SP,N;N20,0,3,0.36666666666666664,1,0.3604198870494465,dahej_core,,
EVT-DAHEJ-02503,2025-04-21 20:48:00+00:00,2025-04-21 20:48:00+00:00,21.79498,72.64668,21.79498,72.64668,1,3.58,3.58,3.58,,,0.66,0.66,0,0,1,VIIRS_SNPP_SP,N,0,1,0.0,1,0.0,dahej_core,,
EVT-DAHEJ-02504,2025-04-21 20:48:00+00:00,2025-04-21 20:48:00+00:00,21.90689,72.75566,21.90718,72.75381,2,4.9,4.77,4.64,0.18384776310850284,-0.053061224489796055,0.66,0.66,0,0,1,VIIRS_SNPP_SP,N,0,2,0.0,1,0.38712354655045306,dahej_fringe,,
EVT-DAHEJ-02505,2025-04-21 20:48:00+00:00,2025-04-22 08:23:00+00:00,21.70337857142857,72.53350785714285,21.70419,72.53548,14,87.66,28.840714285714288,6.06,34.71679364499278,2.8598726114649677,1.0,0.6385714285714287,3,6,2,VIIRS_NOAA20_SP;VIIRS_SNPP_SP,N;N20,10,4,11.583333333333334,2,0.8660930527691131,dahej_core,,
EVT-DAHEJ-02506,2025-04-22 08:01:00+00:00,2025-04-22 08:23:00+00:00,22.03233125,72.58402875,22.02934,72.58558,8,14.26,9.45625,7.47,2.3860483619814343,-0.2796528447444551,0.66,0.4125,0,0,2,VIIRS_NOAA20_SP;VIIRS_SNPP_SP,N;N20,8,0,0.36666666666666664,1,0.7472478888350258,comparison_area,,
EVT-DAHEJ-02507,2025-04-22 20:29:00+00:00,2025-04-22 20:52:00+00:00,21.396205000000002,72.95505,21.39614,72.95595,2,2.27,1.88,1.49,0.5515432893255071,-0.3436123348017621,0.66,0.66,0,0,2,VIIRS_NOAA20_SP;VIIRS_SNPP_SP,N;N20,0,2,0.38333333333333336,1,0.18691652139002565,comparison_area,,
EVT-DAHEJ-02508,2025-04-22 20:52:00+00:00,2025-04-22 20:52:00+00:00,21.41125,72.98888,21.41125,72.98888,1,0.48,0.48,0.48,,,0.66,0.66,0,0,1,VIIRS_NOAA20_SP,N20,0,1,0.0,1,0.0,comparison_area,,
EVT-DAHEJ-02509,2025-04-23 07:42:00+00:00,2025-04-23 08:04:00+00:00,21.42526,72.824725,21.4255,72.82478,2,7.92,5.195,7.92,3.853731957466684,2.206477732793522,0.66,0.66,0,0,2,VIIRS_NOAA20_SP;VIIRS_SNPP_SP,N;N20,2,0,0.36666666666666664,1,0.05457463594051097,comparison_area,,
EVT-DAHEJ-02510,2025-04-23 07:42:00+00:00,2025-04-23 07:42:00+00:00,21.751334999999997,72.892935,21.75132,72.89258,2,8.35,7.52,6.69,1.1737972567696684,-0.19880239520958076,0.66,0.66,0,0,1,VIIRS_SNPP_SP,N,2,0,0.0,1,0.07340328478583903,comparison_area,,
EVT-DAHEJ-02511,2025-04-23 07:42:00+00:00,2025-04-23 07:42:00+00:00,21.97411,72.56096,21.97411,72.56096,1,12.78,12.78,12.78,,,0.66,0.66,0,0,1,VIIRS_SNPP_SP,N,1,0,0.0,1,0.0,comparison_area,,
EVT-DAHEJ-02512,2025-04-23 07:42:00+00:00,2025-04-23 07:42:00+00:00,22.038362,72.738938,22.03881,72.7395,5,15.85,10.892,7.58,3.6443339583523353,-0.5217665615141955,1.0,0.796,2,0,1,VIIRS_SNPP_SP,N,5,0,0.0,1,0.47321604730255495,comparison_area,,
EVT-DAHEJ-02513,2025-04-23 07:42:00+00:00,2025-04-23 07:42:00+00:00,21.9862,72.56547,21.9862,72.56547,1,11.53,11.53,11.53,,,0.33,0.33,0,0,1,VIIRS_SNPP_SP,N,1,0,0.0,1,0.0,comparison_area,,
EVT-DAHEJ-02514,2025-04-23 07:42:00+00:00,2025-04-23 20:33:00+00:00,21.79681666666667,72.64697666666667,21.79472,72.64718,3,11.73,6.496666666666666,0.95,5.396826227824399,-0.9190110826939472,0.66,0.66,0,0,2,VIIRS_NOAA20_SP;VIIRS_SNPP_SP,N;N20,2,1,12.85,1,0.8790920538777058,dahej_core,,
EVT-DAHEJ-02515,2025-04-23 07:42:00+00:00,2025-04-23 07:42:00+00:00,21.70543,72.67664,21.70543,72.67664,1,3.61,3.61,3.61,,,0.66,0.66,0,0,1,VIIRS_SNPP_SP,N,1,0,0.0,1,0.0,dahej_core,,
EVT-DAHEJ-02516,2025-04-23 07:42:00+00:00,2025-04-23 07:42:00+00:00,21.71129,72.76124,21.71129,72.76124,1,7.25,7.25,7.25,,,0.33,0.33,0,0,1,VIIRS_SNPP_SP,N,1,0,0.0,1,0.0,dahej_fringe,,
EVT-DAHEJ-02517,2025-04-23 07:42:00+00:00,2025-04-23 07:42:00+00:00,21.81268,72.62785,21.81268,72.62785,1,9.02,9.02,9.02,,,0.33,0.33,0,0,1,VIIRS_SNPP_SP,N,1,0,0.0,1,0.0,dahej_core,,
EVT-DAHEJ-02518,2025-04-23 07:42:00+00:00,2025-04-23 07:42:00+00:00,21.96491,72.95047,21.96491,72.95047,1,1.87,1.87,1.87,,,0.33,0.33,0,0,1,VIIRS_SNPP_SP,N,1,0,0.0,1,0.0,comparison_area,,
EVT-DAHEJ-02519,2025-04-23 08:04:00+00:00,2025-04-23 08:04:00+00:00,21.43231,72.78129,21.43231,72.78129,1,7.36,7.36,7.36,,,0.33,0.33,0,0,1,VIIRS_NOAA20_SP,N20,1,0,0.0,1,0.0,comparison_area,,
EVT-DAHEJ-02520,2025-04-23 20:10:00+00:00,2025-04-23 20:33:00+00:00,22.05057285714286,72.73158285714287,22.04892,72.72823,7,1.13,0.8428571428571429,0.86,0.25302926614091403,0.023809523809523832,0.66,0.66,0,0,2,VIIRS_NOAA20_SP;VIIRS_SNPP_SP,N;N20,0,7,0.38333333333333336,1,0.7968735278388708,comparison_area,,
EVT-DAHEJ-02521,2025-04-23 20:10:00+00:00,2025-04-23 20:10:00+00:00,22.03938,72.68395,22.03938,72.68395,1,0.65,0.65,0.65,,,0.66,0.66,0,0,1,VIIRS_SNPP_SP,N,0,1,0.0,1,0.0,comparison_area,,
EVT-DAHEJ-02522,2025-04-23 20:10:00+00:00,2025-04-23 20:33:00+00:00,22.052345,72.71800999999999,22.05219,72.71812,2,1.01,0.72,1.01,0.4101219330881976,1.3488372093023258,0.66,0.66,0,0,2,VIIRS_NOAA20_SP;VIIRS_SNPP_SP,N;N20,0,2,0.38333333333333336,1,0.04125881094919953,comparison_area,,
EVT-DAHEJ-02523,2025-04-23 20:33:00+00:00,2025-04-23 20:33:00+00:00,21.905485,72.75566,21.90491,72.75416,2,1.27,0.9450000000000001,0.62,0.4596194077712559,-0.5118110236220472,0.66,0.66,0,0,1,VIIRS_NOAA20_SP,N20,0,2,0.0,1,0.33487676639035413,dahej_fringe,,
EVT-DAHEJ-02524,2025-04-24 07:23:00+00:00,2025-04-24 07:23:00+00:00,21.650455,72.83182,21.65053,72.83276,2,8.06,6.7700000000000005,5.48,1.8243354954612927,-0.3200992555831265,0.33,0.33,0,0,1,VIIRS_SNPP_SP,N,2,0,0.0,1,0.1950134982910093,dahej_fringe,,
EVT-DAHEJ-02525,2025-04-24 07:23:00+00:00,2025-04-24 07:23:00+00:00,21.79435,72.59711,21.79435,72.59711,1,7.81,7.81,7.81,,,0.33,0.33,0,0,1,VIIRS_SNPP_SP,N,1,0,0.0,1,0.0,dahej_core,,
EVT-DAHEJ-02526,2025-04-24 09:03:00+00:00,2025-04-24 09:04:00+00:00,21.78377,72.703435,21.78355,72.70384,2,4.89,3.815,4.89,1.5202795795510768,0.7846715328467151,0.66,0.66,0,0,1,VIIRS_SNPP_SP,N,2,0,0.016666666666666666,1,0.09689569583620462,dahej_core,,
EVT-DAHEJ-02527,2025-04-24 09:03:00+00:00,2025-04-24 09:03:00+00:00,21.6291,72.80629,21.6291,72.80629,1,6.58,6.58,6.58,,,0.66,0.66,0,0,1,VIIRS_SNPP_SP,N,1,0,0.0,1,0.0,dahej_fringe,,
EVT-DAHEJ-02528,2025-04-24 09:03:00+00:00,2025-04-24 09:03:00+00:00,21.66922,72.27242,21.66922,72.27242,1,4.17,4.17,4.17,,,0.33,0.33,0,0,1,VIIRS_SNPP_SP,N,1,0,0.0,1,0.0,comparison_area,,
EVT-DAHEJ-02529,2025-04-24 09:04:00+00:00,2025-04-24 09:04:00+00:00,21.985055000000003,72.796515,21.98485,72.79634,2,7.49,7.38,7.49,0.1555634918610409,0.030261348005502155,0.33,0.33,0,0,1,VIIRS_SNPP_SP,N,2,0,0.0,1,0.0581446882040139,comparison_area,,
EVT-DAHEJ-02530,2025-04-24 09:04:00+00:00,2025-04-24 09:04:00+00:00,21.99628,72.791055,21.99609,72.79086,2,7.23,6.69,7.23,0.7636753236814714,0.17560975609756097,0.33,0.33,0,0,1,VIIRS_SNPP_SP,N,2,0,0.0,1,0.05832843381032993,comparison_area,,
EVT-DAHEJ-02531,2025-04-25 07:27:00+00:00,2025-04-25 08:45:00+00:00,22.08062,72.61089000000001,22.08092,72.61069,2,14.93,8.4,14.93,9.234814562296311,6.9839572192513355,0.33,0.33,0,0,2,VIIRS_NOAA20_SP;VIIRS_SNPP_SP,N;N20,2,0,1.3,1,0.07842135540219955,comparison_area,,
EVT-DAHEJ-02532,2025-04-25 07:27:00+00:00,2025-04-25 08:45:00+00:00,21.963720000000002,72.797075,21.96258,72.79734,2,6.18,4.365,6.18,2.5667976157071677,1.423529411764706,0.66,0.495,0,0,2,VIIRS_NOAA20_SP;VIIRS_SNPP_SP,N;N20,2,0,1.3,1,0.2593493787640742,comparison_area,,
EVT-DAHEJ-02533,2025-04-25 08:45:00+00:00,2025-04-25 08:45:00+00:00,21.42991,72.82914,21.42991,72.82914,1,2.16,2.16,2.16,,,0.33,0.33,0,0,1,VIIRS_SNPP_SP,N,1,0,0.0,1,0.0,comparison_area,,
EVT-DAHEJ-02534,2025-04-25 08:45:00+00:00,2025-04-25 08:45:00+00:00,22.02471,72.68637,22.02471,72.68637,1,24.34,24.34,24.34,,,0.66,0.66,0,1,1,VIIRS_SNPP_SP,N,1,0,0.0,1,0.0,comparison_area,,
EVT-DAHEJ-02535,2025-04-25 08:45:00+00:00,2025-04-25 08:45:00+00:00,21.73323,72.71809,21.73323,72.71809,1,6.88,6.88,6.88,,,0.33,0.33,0,0,1,VIIRS_SNPP_SP,N,1,0,0.0,1,0.0,dahej_core,,
EVT-DAHEJ-02536,2025-04-25 19:55:00+00:00,2025-04-25 19:55:00+00:00,22.05493,72.69163,22.05493,72.69163,1,1.59,1.59,1.59,,,0.66,0.66,0,0,1,VIIRS_NOAA20_SP,N20,0,1,0.0,1,0.0,comparison_area,,
EVT-DAHEJ-02537,2025-04-25 19:55:00+00:00,2025-04-25 19:55:00+00:00,21.397755,72.953025,21.39672,72.95177,2,1.74,1.655,1.57,0.12020815280171303,-0.09770114942528732,0.66,0.66,0,0,1,VIIRS_NOAA20_SP,N20,0,2,0.0,1,0.3471424830424429,comparison_area,,
EVT-DAHEJ-02538,2025-04-25 21:13:00+00:00,2025-04-26 08:26:00+00:00,21.794525,72.64925500000001,21.795,72.64875,2,9.73,6.715,9.73,4.2638538905548815,1.6297297297297297,0.66,0.495,0,0,1,VIIRS_SNPP_SP,N,1,1,11.216666666666667,2,0.14843527317774347,dahej_core,,
EVT-DAHEJ-02539,2025-04-26 08:26:00+00:00,2025-04-26 08:26:00+00:00,22.07159,72.62298,22.07159,72.62298,1,14.57,14.57,14.57,,,0.66,0.66,0,0,1,VIIRS_SNPP_SP,N,1,0,0.0,1,0.0,comparison_area,,
EVT-DAHEJ-02540,2025-04-26 08:26:00+00:00,2025-04-26 08:26:00+00:00,21.41586,72.97776,21.41586,72.97776,1,3.62,3.62,3.62,,,0.33,0.33,0,0,1,VIIRS_SNPP_SP,N,1,0,0.0,1,0.0,comparison_area,,
EVT-DAHEJ-02541,2025-04-26 08:48:00+00:00,2025-04-26 08:48:00+00:00,21.40375,72.66509,21.40375,72.66509,1,3.42,3.42,3.42,,,0.33,0.33,0,0,1,VIIRS_NOAA20_SP,N20,1,0,0.0,1,0.0,comparison_area,,
EVT-DAHEJ-02542,2025-04-26 20:55:00+00:00,2025-04-26 20:55:00+00:00,21.68632,72.5619,21.68632,72.5619,1,0.53,0.53,0.53,,,0.66,0.66,0,0,1,VIIRS_SNPP_SP,N,0,1,0.0,1,0.0,dahej_core,,
EVT-DAHEJ-02543,2025-04-27 08:07:00+00:00,2025-04-27 08:29:00+00:00,21.916925,72.76298,21.91811,72.7617,2,15.94,15.32,15.94,0.876812408671319,0.08435374149659866,0.66,0.495,0,0,2,VIIRS_NOAA20_SP;VIIRS_SNPP_SP,N;N20,2,0,0.36666666666666664,1,0.37308266996494827,dahej_fringe,,
EVT-DAHEJ-02544,2025-04-27 08:07:00+00:00,2025-04-27 08:07:00+00:00,22.05801,72.61694,22.05801,72.61694,1,12.42,12.42,12.42,,,0.66,0.66,0,0,1,VIIRS_SNPP_SP,N,1,0,0.0,1,0.0,comparison_area,,
EVT-DAHEJ-02545,2025-04-27 08:29:00+00:00,2025-04-27 08:29:00+00:00,21.9993,72.79566,21.9993,72.79566,1,13.13,13.13,13.13,,,0.33,0.33,0,0,1,VIIRS_NOAA20_SP,N20,1,0,0.0,1,0.0,comparison_area,,
EVT-DAHEJ-02546,2025-04-27 08:29:00+00:00,2025-04-27 08:29:00+00:00,21.54337,72.94441,21.54335,72.94482,2,6.08,5.98,5.88,0.14142135623730964,-0.03289473684210529,0.33,0.33,0,0,1,VIIRS_NOAA20_SP,N20,2,0,0.0,1,0.08492667307863744,comparison_area,,
EVT-DAHEJ-02547,2025-04-27 20:58:00+00:00,2025-04-27 20:58:00+00:00,21.41013,72.98872,21.41013,72.98872,1,0.96,0.96,0.96,,,0.66,0.66,0,0,1,VIIRS_NOAA20_SP,N20,0,1,0.0,1,0.0,comparison_area,,
EVT-DAHEJ-02548,2025-04-28 07:48:00+00:00,2025-04-28 07:48:00+00:00,21.76246,72.76046,21.76246,72.76046,1,2.64,2.64,2.64,,,0.33,0.33,0,0,1,VIIRS_SNPP_SP,N,1,0,0.0,1,0.0,dahej_fringe,,
EVT-DAHEJ-02549,2025-04-28 08:10:00+00:00,2025-04-28 08:10:00+00:00,21.4485,72.88776,21.4485,72.88776,1,3.28,3.28,3.28,,,0.66,0.66,0,0,1,VIIRS_NOAA20_SP,N20,1,0,0.0,1,0.0,comparison_area,,
EVT-DAHEJ-02550,2025-04-28 08:10:00+00:00,2025-04-28 08:10:00+00:00,21.460774999999998,72.66280499999999,21.46087,72.66295,2,8.72,8.665,8.72,0.07778174593052109,0.012775842044134868,0.66,0.495,0,0,1,VIIRS_NOAA20_SP,N20,2,0,0.0,1,0.036701563116566416,comparison_area,,
EVT-DAHEJ-02551,2025-04-28 20:17:00+00:00,2025-04-28 20:39:00+00:00,21.795099999999998,72.64728,21.79447,72.64704,2,1.39,1.3599999999999999,1.39,0.042426406871192736,0.04511278195488709,0.66,0.66,0,0,2,VIIRS_NOAA20_SP;VIIRS_SNPP_SP,N;N20,0,2,0.36666666666666664,1,0.14861247164527858,dahej_core,,
EVT-DAHEJ-02552,2025-04-29 07:30:00+00:00,2025-04-29 07:30:00+00:00,21.82837,72.83555,21.83042,72.83639,2,4.46,3.91,3.36,0.7778174593052023,-0.24663677130044845,0.66,0.66,0,0,1,VIIRS_SNPP_SP,N,2,0,0.0,1,0.48776742027737896,dahej_fringe,,
EVT-DAHEJ-02553,2025-04-29 07:30:00+00:00,2025-04-29 07:52:00+00:00,21.899186666666665,72.66378333333334,21.89884,72.66381,3,4.17,3.793333333333333,4.17,0.4079624165696313,0.2410714285714286,0.66,0.55,0,0,2,VIIRS_NOAA20_SP;VIIRS_SNPP_SP,N;N20,3,0,0.36666666666666664,1,0.1429619691965554,dahej_fringe,,
EVT-DAHEJ-02554,2025-04-29 07:30:00+00:00,2025-04-29 07:30:00+00:00,22.09675,72.69459,22.09675,72.69459,1,2.45,2.45,2.45,,,0.33,0.33,0,0,1,VIIRS_SNPP_SP,N,1,0,0.0,1,0.0,comparison_area,,
EVT-DAHEJ-02555,2025-04-29 09:10:00+00:00,2025-04-29 09:10:00+00:00,22.087905,72.643665,22.08685,72.64449,2,5.0,4.83,5.0,0.24041630560342606,0.0729613733905579,0.66,0.66,0,0,1,VIIRS_SNPP_SP,N,2,0,0.0,1,0.2897404371537188,comparison_area,,
EVT-DAHEJ-02556,2025-04-29 19:58:00+00:00,2025-04-29 19:58:00+00:00,21.75804,72.71617,21.75804,72.71617,1,1.37,1.37,1.37,,,0.66,0.66,0,0,1,VIIRS_SNPP_SP,N,0,1,0.0,1,0.0,dahej_core,,
EVT-DAHEJ-02557,2025-04-29 19:58:00+00:00,2025-04-29 20:20:00+00:00,21.395513333333337,72.95266666666667,21.3982,72.95257,3,1.45,1.1833333333333333,0.94,0.2557994005726623,-0.1896551724137931,0.66,0.66,0,0,2,VIIRS_NOAA20_SP;VIIRS_SNPP_SP,N;N20,0,3,0.36666666666666664,1,0.5344749654949846,comparison_area,,
EVT-DAHEJ-02558,2025-04-30 07:33:00+00:00,2025-04-30 07:33:00+00:00,21.93738,72.56364,21.93738,72.56364,1,7.84,7.84,7.84,,,0.33,0.33,0,0,1,VIIRS_NOAA20_SP,N20,1,0,0.0,1,0.0,dahej_fringe,,
EVT-DAHEJ-02559,2025-04-30 07:33:00+00:00,2025-04-30 07:33:00+00:00,21.91645,72.89589,21.91645,72.89589,1,1.89,1.89,1.89,,,0.66,0.66,0,0,1,VIIRS_NOAA20_SP,N20,1,0,0.0,1,0.0,comparison_area,,
EVT-DAHEJ-02560,2025-04-30 07:33:00+00:00,2025-04-30 07:33:00+00:00,22.04087,72.56033,22.04087,72.56033,1,4.34,4.34,4.34,,,0.33,0.33,0,0,1,VIIRS_NOAA20_SP,N20,1,0,0.0,1,0.0,comparison_area,,
EVT-DAHEJ-02561,2025-04-30 08:51:00+00:00,2025-04-30 08:51:00+00:00,22.0587,72.68967,22.0587,72.68967,1,10.3,10.3,10.3,,,0.66,0.66,0,0,1,VIIRS_SNPP_SP,N,1,0,0.0,1,0.0,comparison_area,,
EVT-DAHEJ-02562,2025-04-30 08:51:00+00:00,2025-04-30 08:51:00+00:00,21.78224,72.95911,21.78224,72.95911,1,6.23,6.23,6.23,,,0.33,0.33,0,0,1,VIIRS_SNPP_SP,N,1,0,0.0,1,0.0,comparison_area,,
EVT-DAHEJ-02563,2025-04-30 20:02:00+00:00,2025-04-30 20:02:00+00:00,21.69372,72.60179,21.69372,72.60179,1,0.45,0.45,0.45,,,0.66,0.66,0,0,1,VIIRS_NOAA20_SP,N20,0,1,0.0,1,0.0,dahej_core,,
EVT-DAHEJ-02564,2025-05-01 08:32:00+00:00,2025-05-01 08:55:00+00:00,22.07555,72.57368,22.07588,72.57375,2,20.45,16.325,12.2,5.833630944789017,-0.4034229828850856,0.66,0.495,0,1,2,VIIRS_NOAA20_SP;VIIRS_SNPP_SP,N;N20,2,0,0.38333333333333336,1,0.07479318281963741,comparison_area,,
EVT-DAHEJ-02565,2025-05-01 08:32:00+00:00,2025-05-01 08:32:00+00:00,22.00867,72.74583,22.00867,72.74583,1,16.07,16.07,16.07,,,0.33,0.33,0,0,1,VIIRS_SNPP_SP,N,1,0,0.0,1,0.0,comparison_area,,
EVT-DAHEJ-02566,2025-05-01 08:54:00+00:00,2025-05-01 08:54:00+00:00,21.63973,72.827095,21.64166,72.82771,2,4.9,4.17,4.9,1.0323759005323596,0.42441860465116293,1.0,0.8300000000000001,1,0,1,VIIRS_NOAA20_SP,N20,2,0,0.0,1,0.44764492812379436,dahej_fringe,,
EVT-DAHEJ-02567,2025-05-01 08:54:00+00:00,2025-05-01 08:54:00+00:00,21.42738,72.79109,21.42499,72.79134,3,9.16,6.04,9.16,2.7019992598074483,1.044642857142857,1.0,0.8866666666666667,2,0,1,VIIRS_NOAA20_SP,N20,3,0,0.0,1,0.576584048327582,comparison_area,,
EVT-DAHEJ-02568,2025-05-01 08:55:00+00:00,2025-05-01 08:55:00+00:00,21.81788,72.67302,21.81788,72.67302,1,8.49,8.49,8.49,,,0.33,0.33,0,0,1,VIIRS_NOAA20_SP,N20,1,0,0.0,1,0.0,dahej_core,,
EVT-DAHEJ-02569,2025-05-02 08:13:00+00:00,2025-05-02 08:13:00+00:00,22.073301666666666,72.64810166666668,22.07408,72.6493,6,10.96,6.495,4.84,3.5901295241258366,-0.5583941605839416,0.66,0.49500000000000005,0,0,1,VIIRS_SNPP_SP,N,6,0,0.0,1,0.5612891572580734,comparison_area,,
EVT-DAHEJ-02570,2025-05-02 08:13:00+00:00,2025-05-02 08:13:00+00:00,22.01671,72.61964,22.01671,72.61964,1,13.87,13.87,13.87,,,0.33,0.33,0,0,1,VIIRS_SNPP_SP,N,1,0,0.0,1,0.0,comparison_area,,
EVT-DAHEJ-02571,2025-05-02 08:13:00+00:00,2025-05-02 08:13:00+00:00,22.063343333333336,72.65132666666666,22.06391,72.65122,6,4.97,2.28,1.3,1.3658111143199854,-0.22155688622754485,0.33,0.33,0,0,1,VIIRS_SNPP_SP,N,6,0,0.0,1,0.7664509979026445,comparison_area,,
EVT-DAHEJ-02572,2025-05-02 08:13:00+00:00,2025-05-02 08:13:00+00:00,21.676216666666665,72.88495666666667,21.67551,72.88776,3,15.26,11.36,3.56,6.754998149518621,-0.7667103538663171,0.33,0.33,0,0,1,VIIRS_SNPP_SP,N,3,0,0.0,1,0.5582554106484076,comparison_area,,
EVT-DAHEJ-02573,2025-05-02 08:13:00+00:00,2025-05-02 08:13:00+00:00,22.012355,72.82782499999999,22.01267,72.82977,2,22.2,16.59,10.98,7.933738084913062,-0.5054054054054054,0.33,0.33,0,1,1,VIIRS_SNPP_SP,N,2,0,0.0,1,0.4070900894803522,comparison_area,,
EVT-DAHEJ-02574,2025-05-02 08:36:00+00:00,2025-05-02 08:36:00+00:00,21.45903,72.65686,21.45714,72.65713,2,6.88,6.88,6.88,0.0,0.0,0.33,0.33,0,0,1,VIIRS_NOAA20_SP,N20,2,0,0.0,1,0.4240160671295498,comparison_area,,
EVT-DAHEJ-02575,2025-05-02 20:42:00+00:00,2025-05-02 20:42:00+00:00,21.39629,72.95565,21.39629,72.95565,1,0.69,0.69,0.69,,,0.66,0.66,0,0,1,VIIRS_SNPP_SP,N,0,1,0.0,1,0.0,comparison_area,,
EVT-DAHEJ-02576,2025-05-04 07:36:00+00:00,2025-05-04 07:36:00+00:00,22.06131,72.624675,22.06181,72.62437,2,2.39,2.2750000000000004,2.39,0.1626345596729059,0.10648148148148147,0.66,0.66,0,0,1,VIIRS_SNPP_SP,N,2,0,0.0,1,0.12773436636734728,comparison_area,,
EVT-DAHEJ-02577,2025-05-04 07:58:00+00:00,2025-05-04 07:58:00+00:00,21.43898,72.70757,21.43898,72.70757,1,5.51,5.51,5.51,,,0.66,0.66,0,0,1,VIIRS_NOAA20_SP,N20,1,0,0.0,1,0.0,comparison_area,,
EVT-DAHEJ-02578,2025-05-04 07:58:00+00:00,2025-05-04 07:58:00+00:00,22.07613,72.56257,22.07613,72.56257,1,5.49,5.49,5.49,,,0.66,0.66,0,0,1,VIIRS_NOAA20_SP,N20,1,0,0.0,1,0.0,comparison_area,,
EVT-DAHEJ-02579,2025-05-04 07:58:00+00:00,2025-05-04 07:58:00+00:00,22.01516,72.55791,22.01516,72.55791,1,5.82,5.82,5.82,,,0.66,0.66,0,0,1,VIIRS_NOAA20_SP,N20,1,0,0.0,1,0.0,comparison_area,,
EVT-DAHEJ-02580,2025-05-04 09:16:00+00:00,2025-05-04 09:16:00+00:00,22.07805,72.63354,22.07805,72.63354,1,6.19,6.19,6.19,,,0.66,0.66,0,0,1,VIIRS_SNPP_SP,N,1,0,0.0,1,0.0,comparison_area,,
EVT-DAHEJ-02581,2025-05-04 20:27:00+00:00,2025-05-04 20:27:00+00:00,21.3964,72.95531,21.3964,72.95531,1,2.96,2.96,2.96,,,0.66,0.66,0,0,1,VIIRS_NOAA20_SP,N20,0,1,0.0,1,0.0,comparison_area,,
EVT-DAHEJ-02582,2025-05-05 07:39:00+00:00,2025-05-05 07:39:00+00:00,22.08851,72.71957,22.08851,72.71957,1,3.07,3.07,3.07,,,0.66,0.66,0,0,1,VIIRS_NOAA20_SP,N20,1,0,0.0,1,0.0,comparison_area,,
EVT-DAHEJ-02583,2025-05-05 07:39:00+00:00,2025-05-05 08:58:00+00:00,22.08909,72.56459000000001,22.08777,72.56393,2,1.97,1.88,1.79,0.12727922061357852,-0.09137055837563449,0.33,0.33,0,0,2,VIIRS_NOAA20_SP;VIIRS_SNPP_SP,N;N20,2,0,1.3166666666666667,1,0.32352998799358246,comparison_area,,
EVT-DAHEJ-02584,2025-05-05 07:39:00+00:00,2025-05-05 07:39:00+00:00,21.95219,72.9493,21.95219,72.9493,1,2.24,2.24,2.24,,,0.66,0.66,0,0,1,VIIRS_NOAA20_SP,N20,1,0,0.0,1,0.0,comparison_area,,
EVT-DAHEJ-02585,2025-05-07 20:49:00+00:00,2025-05-08 20:30:00+00:00,21.79485,72.64664333333333,21.79559,72.64756,3,1.24,0.9966666666666667,1.24,0.2804163571073081,0.7971014492753624,0.66,0.66,0,0,1,VIIRS_SNPP_SP,N,0,3,23.683333333333334,2,0.214059417784944,dahej_core,,
EVT-DAHEJ-02586,2025-05-09 07:42:00+00:00,2025-05-09 08:04:00+00:00,21.715525,72.70018999999999,21.71599,72.70035,2,5.88,5.595,5.31,0.40305086527633227,-0.09693877551020413,0.66,0.495,0,0,2,VIIRS_NOAA20_SP;VIIRS_SNPP_SP,N;N20,2,0,0.36666666666666664,1,0.10856658250022218,dahej_core,,
EVT-DAHEJ-02587,2025-05-09 08:04:00+00:00,2025-05-09 08:04:00+00:00,21.76938,72.81872,21.76938,72.81872,1,2.21,2.21,2.21,,,0.33,0.33,0,0,1,VIIRS_NOAA20_SP,N20,1,0,0.0,1,0.0,dahej_fringe,,
EVT-DAHEJ-02588,2025-05-10 07:46:00+00:00,2025-05-10 07:46:00+00:00,21.79182,72.64786,21.79182,72.64786,1,3.75,3.75,3.75,,,0.66,0.66,0,0,1,VIIRS_NOAA20_SP,N20,1,0,0.0,1,0.0,dahej_core,,
EVT-DAHEJ-02589,2025-05-11 09:07:00+00:00,2025-05-11 09:07:00+00:00,21.993295,72.742155,21.99456,72.7401,2,5.75,4.99,4.23,1.074802307403552,-0.26434782608695645,0.66,0.66,0,0,1,VIIRS_NOAA20_SP,N20,2,0,0.0,1,0.5086357959054856,comparison_area,,
EVT-DAHEJ-02590,2025-05-11 09:07:00+00:00,2025-05-11 09:07:00+00:00,22.08541,72.659115,22.08685,72.66061,2,3.8,3.395,3.8,0.5727564927611032,0.2709030100334447,0.66,0.66,0,0,1,VIIRS_NOAA20_SP,N20,2,0,0.0,1,0.4443723671255312,comparison_area,,
EVT-DAHEJ-02591,2025-05-12 08:26:00+00:00,2025-05-12 08:26:00+00:00,21.792023333333333,72.88919666666666,21.79333,72.8903,3,2.4,2.0866666666666664,2.4,0.5427092530382482,0.0,0.66,0.66,0,0,1,VIIRS_SNPP_SP,N,3,0,0.0,1,0.4032026349295876,comparison_area,,
EVT-DAHEJ-02592,2025-05-12 08:26:00+00:00,2025-05-12 08:26:00+00:00,21.41686,72.67426,21.41686,72.67426,1,6.6,6.6,6.6,,,0.66,0.66,0,0,1,VIIRS_SNPP_SP,N,1,0,0.0,1,0.0,comparison_area,,
EVT-DAHEJ-02593,2025-05-12 08:26:00+00:00,2025-05-12 08:26:00+00:00,22.00892,72.7601,22.00892,72.7601,1,2.69,2.69,2.69,,,0.66,0.66,0,0,1,VIIRS_SNPP_SP,N,1,0,0.0,1,0.0,comparison_area,,
EVT-DAHEJ-02594,2025-05-12 08:26:00+00:00,2025-05-12 08:48:00+00:00,21.755225,72.868565,21.75574,72.86887,2,1.8,1.795,1.79,0.007071067811865481,-0.00555555555555556,0.66,0.66,0,0,2,VIIRS_NOAA20_SP;VIIRS_SNPP_SP,N;N20,2,0,0.36666666666666664,1,0.13071370889039308,comparison_area,,
EVT-DAHEJ-02595,2025-05-12 08:48:00+00:00,2025-05-12 08:48:00+00:00,21.92573,72.96313,21.92573,72.96313,1,4.54,4.54,4.54,,,0.66,0.66,0,0,1,VIIRS_NOAA20_SP,N20,1,0,0.0,1,0.0,comparison_area,,
EVT-DAHEJ-02596,2025-05-13 08:07:00+00:00,2025-05-13 08:07:00+00:00,21.96971,72.55078,21.96971,72.55078,1,6.57,6.57,6.57,,,0.33,0.33,0,0,1,VIIRS_SNPP_SP,N,1,0,0.0,1,0.0,comparison_area,,
EVT-DAHEJ-02597,2025-05-13 08:07:00+00:00,2025-05-13 08:07:00+00:00,21.68539,72.66327,21.68539,72.66327,1,3.88,3.88,3.88,,,0.33,0.33,0,0,1,VIIRS_SNPP_SP,N,1,0,0.0,1,0.0,dahej_core,,
EVT-DAHEJ-02598,2025-05-13 08:07:00+00:00,2025-05-13 08:07:00+00:00,22.02331,72.77092,22.02331,72.77092,1,2.73,2.73,2.73,,,0.33,0.33,0,0,1,VIIRS_SNPP_SP,N,1,0,0.0,1,0.0,comparison_area,,
EVT-DAHEJ-02599,2025-05-13 08:30:00+00:00,2025-05-14 07:49:00+00:00,21.729060000000004,72.715445,21.72978,72.71249,4,5.45,3.5875000000000004,1.16,2.17585806828785,-0.7851851851851852,0.66,0.66,0,0,2,VIIRS_NOAA20_SP;VIIRS_SNPP_SP,N;N20,4,0,23.316666666666666,2,0.6216341948571149,dahej_core,,
EVT-DAHEJ-02600,2025-05-13 08:30:00+00:00,2025-05-13 08:30:00+00:00,22.05608,72.69943,22.05608,72.69943,1,5.76,5.76,5.76,,,0.66,0.66,0,0,1,VIIRS_NOAA20_SP,N20,1,0,0.0,1,0.0,comparison_area,,
EVT-DAHEJ-02601,2025-05-14 08:11:00+00:00,2025-05-14 08:11:00+00:00,21.5192,72.85142,21.5192,72.85142,1,4.83,4.83,4.83,,,0.66,0.66,0,0,1,VIIRS_NOAA20_SP,N20,1,0,0.0,1,0.0,comparison_area,,
EVT-DAHEJ-02602,2025-05-15 07:30:00+00:00,2025-05-15 07:30:00+00:00,21.79544,72.64725,21.79544,72.64725,1,3.1,3.1,3.1,,,0.66,0.66,0,0,1,VIIRS_SNPP_SP,N,1,0,0.0,1,0.0,dahej_core,,
EVT-DAHEJ-02603,2025-05-15 07:52:00+00:00,2025-05-15 07:52:00+00:00,21.79175,72.88705,21.79175,72.88705,1,2.25,2.25,2.25,,,0.66,0.66,0,0,1,VIIRS_NOAA20_SP,N20,1,0,0.0,1,0.0,comparison_area,,
EVT-DAHEJ-02604,2025-05-15 07:52:00+00:00,2025-05-15 07:52:00+00:00,21.41722,72.67427,21.41722,72.67427,1,4.35,4.35,4.35,,,0.33,0.33,0,0,1,VIIRS_NOAA20_SP,N20,1,0,0.0,1,0.0,comparison_area,,
EVT-DAHEJ-02605,2025-05-15 09:10:00+00:00,2025-05-15 09:10:00+00:00,21.69395,72.88058,21.69395,72.88058,1,5.42,5.42,5.42,,,0.66,0.66,0,0,1,VIIRS_SNPP_SP,N,1,0,0.0,1,0.0,comparison_area,,
EVT-DAHEJ-02606,2025-05-15 19:58:00+00:00,2025-05-15 20:21:00+00:00,21.395826666666665,72.95483,21.39369,72.95269,3,3.4,2.6966666666666668,3.14,1.001515518268855,1.0258064516129033,0.66,0.66,0,0,2,VIIRS_NOAA20_SP;VIIRS_SNPP_SP,N;N20,0,3,0.38333333333333336,1,0.5724556545704811,comparison_area,,
EVT-DAHEJ-02607,2025-05-16 07:33:00+00:00,2025-05-16 07:33:00+00:00,21.75484,72.87253,21.75484,72.87253,1,3.21,3.21,3.21,,,0.66,0.66,0,0,1,VIIRS_NOAA20_SP,N20,1,0,0.0,1,0.0,comparison_area,,
EVT-DAHEJ-02608,2025-05-17 08:32:00+00:00,2025-05-17 08:32:00+00:00,21.35502,72.789435,21.35543,72.79075,2,1.21,1.19,1.17,0.028284271247461926,-0.03305785123966945,0.66,0.66,0,0,1,VIIRS_SNPP_SP,N,2,0,0.0,1,0.28722152767214604,comparison_area,,
EVT-DAHEJ-02609,2025-05-17 08:32:00+00:00,2025-05-17 08:32:00+00:00,21.77562,72.97786,21.77562,72.97786,1,2.53,2.53,2.53,,,0.66,0.66,0,0,1,VIIRS_SNPP_SP,N,1,0,0.0,1,0.0,comparison_area,,
EVT-DAHEJ-02610,2025-05-17 08:32:00+00:00,2025-05-17 08:32:00+00:00,21.89963,72.90724,21.89963,72.90724,1,1.34,1.34,1.34,,,0.66,0.66,0,0,1,VIIRS_SNPP_SP,N,1,0,0.0,1,0.0,comparison_area,,
EVT-DAHEJ-02611,2025-05-17 08:32:00+00:00,2025-05-17 08:32:00+00:00,21.76821,72.76189,21.76821,72.76189,1,1.83,1.83,1.83,,,0.66,0.66,0,0,1,VIIRS_SNPP_SP,N,1,0,0.0,1,0.0,dahej_fringe,,
EVT-DAHEJ-02612,2025-05-18 08:14:00+00:00,2025-05-18 08:14:00+00:00,21.98426,72.954,21.98426,72.954,1,3.35,3.35,3.35,,,0.66,0.66,0,0,1,VIIRS_SNPP_SP,N,1,0,0.0,1,0.0,comparison_area,,
EVT-DAHEJ-02613,2025-05-18 08:14:00+00:00,2025-05-18 08:36:00+00:00,21.970869999999998,72.85331500000001,21.97123,72.85295,2,3.71,2.865,2.02,1.1950104602052651,-0.4555256064690027,0.66,0.495,0,0,2,VIIRS_NOAA20_SP;VIIRS_SNPP_SP,N;N20,2,0,0.36666666666666664,1,0.10989237113833142,comparison_area,,
EVT-DAHEJ-02614,2025-05-18 08:36:00+00:00,2025-05-18 08:36:00+00:00,21.80047,72.90436,21.80047,72.90436,1,2.17,2.17,2.17,,,0.66,0.66,0,0,1,VIIRS_NOAA20_SP,N20,1,0,0.0,1,0.0,comparison_area,,
EVT-DAHEJ-02615,2025-05-19 07:55:00+00:00,2025-05-19 07:55:00+00:00,22.02116,72.56328,22.02116,72.56328,1,1.98,1.98,1.98,,,0.66,0.66,0,0,1,VIIRS_SNPP_SP,N,1,0,0.0,1,0.0,comparison_area,,
EVT-DAHEJ-02616,2025-05-19 07:55:00+00:00,2025-05-19 07:55:00+00:00,21.79025,72.88966,21.79025,72.88966,1,1.34,1.34,1.34,,,0.66,0.66,0,0,1,VIIRS_SNPP_SP,N,1,0,0.0,1,0.0,comparison_area,,
EVT-DAHEJ-02617,2025-05-19 08:17:00+00:00,2025-05-19 08:17:00+00:00,22.02389,72.79639,22.02389,72.79639,1,3.97,3.97,3.97,,,0.66,0.66,0,0,1,VIIRS_NOAA20_SP,N20,1,0,0.0,1,0.0,comparison_area,,
EVT-DAHEJ-02618,2025-05-19 08:17:00+00:00,2025-05-19 08:17:00+00:00,21.99708,72.95263,21.99708,72.95263,1,3.9,3.9,3.9,,,0.66,0.66,0,0,1,VIIRS_NOAA20_SP,N20,1,0,0.0,1,0.0,comparison_area,,
EVT-DAHEJ-02619,2025-05-19 20:46:00+00:00,2025-05-19 20:46:00+00:00,21.39755,72.95561,21.39755,72.95561,1,0.52,0.52,0.52,,,0.66,0.66,0,0,1,VIIRS_NOAA20_SP,N20,0,1,0.0,1,0.0,comparison_area,,
EVT-DAHEJ-02620,2025-05-21 07:39:00+00:00,2025-05-21 08:58:00+00:00,21.905935,72.758505,21.9047,72.75864,2,1.19,1.18,1.17,0.014142135623730963,-0.016806722689075647,0.66,0.66,0,0,2,VIIRS_NOAA20_SP;VIIRS_SNPP_SP,N;N20,2,0,1.3166666666666667,1,0.27606074816293413,dahej_fringe,,
EVT-DAHEJ-02621,2025-05-21 08:58:00+00:00,2025-05-21 08:58:00+00:00,22.02592,72.56091,22.02592,72.56091,1,0.64,0.64,0.64,,,0.66,0.66,0,0,1,VIIRS_SNPP_SP,N,1,0,0.0,1,0.0,comparison_area,,
EVT-DAHEJ-02622,2025-05-22 08:39:00+00:00,2025-05-22 08:39:00+00:00,22.06379,72.75942,22.06379,72.75942,1,3.76,3.76,3.76,,,0.66,0.66,0,0,1,VIIRS_SNPP_SP,N,1,0,0.0,1,0.0,comparison_area,,
EVT-DAHEJ-02623,2025-05-23 08:42:00+00:00,2025-05-23 08:42:00+00:00,22.05255,72.57935,22.05255,72.57935,1,6.66,6.66,6.66,,,0.66,0.66,0,0,1,VIIRS_NOAA20_SP,N20,1,0,0.0,1,0.0,comparison_area,,
EVT-DAHEJ-02624,2025-05-28 08:26:00+00:00,2025-05-28 08:26:00+00:00,21.71241,72.86777,21.71241,72.86777,1,2.29,2.29,2.29,,,0.66,0.66,0,0,1,VIIRS_SNPP_SP,N,1,0,0.0,1,0.0,comparison_area,,
EVT-DAHEJ-02625,2025-05-29 20:36:00+00:00,2025-05-29 20:36:00+00:00,21.90837,72.68365,21.90837,72.68365,1,1.25,1.25,1.25,,,0.66,0.66,0,0,1,VIIRS_SNPP_SP,N,0,1,0.0,1,0.0,dahej_fringe,,
EVT-DAHEJ-02626,2025-05-30 20:18:00+00:00,2025-05-30 20:40:00+00:00,21.69752,72.53887,21.69971,72.53796,5,8.31,5.584,4.13,1.7665163458060615,-0.3454833597464342,0.66,0.66,0,0,2,VIIRS_NOAA20_SP;VIIRS_SNPP_SP,N;N20,0,5,0.36666666666666664,1,0.5443138503268143,dahej_core,,
EVT-DAHEJ-02627,2025-06-02 08:33:00+00:00,2025-06-02 08:33:00+00:00,22.07732,72.76402,22.07732,72.76402,1,2.45,2.45,2.45,,,0.66,0.66,0,0,1,VIIRS_SNPP_SP,N,1,0,0.0,1,0.0,comparison_area,,
EVT-DAHEJ-02628,2025-06-02 08:55:00+00:00,2025-06-02 08:55:00+00:00,22.013,72.75738,22.013,72.75738,1,3.98,3.98,3.98,,,0.66,0.66,0,0,1,VIIRS_NOAA20_SP,N20,1,0,0.0,1,0.0,comparison_area,,
EVT-DAHEJ-02629,2025-06-02 08:55:00+00:00,2025-06-02 08:55:00+00:00,21.36518,72.8714,21.36518,72.8714,1,1.64,1.64,1.64,,,0.66,0.66,0,0,1,VIIRS_NOAA20_SP,N20,1,0,0.0,1,0.0,comparison_area,,
EVT-DAHEJ-02630,2025-06-03 08:14:00+00:00,2025-06-03 08:14:00+00:00,21.46971,72.99219,21.46971,72.99219,1,4.62,4.62,4.62,,,0.33,0.33,0,0,1,VIIRS_SNPP_SP,N,1,0,0.0,1,0.0,comparison_area,,
EVT-DAHEJ-02631,2025-06-03 20:43:00+00:00,2025-06-04 07:55:00+00:00,21.686006666666668,72.56141500000001,21.68645,72.56147,6,15.35,8.848333333333333,6.68,4.289584672980202,-0.47730829420970267,0.66,0.66,0,0,2,VIIRS_NOAA20_SP;VIIRS_SNPP_SP,N;N20,3,3,11.2,2,0.3476205057091268,dahej_core,,
EVT-DAHEJ-02632,2025-06-06 08:58:00+00:00,2025-06-06 08:58:00+00:00,21.99439,72.65997,21.99439,72.65997,1,2.82,2.82,2.82,,,0.66,0.66,0,0,1,VIIRS_SNPP_SP,N,1,0,0.0,1,0.0,comparison_area,,
EVT-DAHEJ-02633,2025-06-06 08:58:00+00:00,2025-06-06 08:58:00+00:00,21.74426,72.80846,21.74426,72.80846,1,1.18,1.18,1.18,,,0.66,0.66,0,0,1,VIIRS_SNPP_SP,N,1,0,0.0,1,0.0,dahej_fringe,,
EVT-DAHEJ-02634,2025-06-09 08:23:00+00:00,2025-06-09 08:23:00+00:00,21.52921,72.9492,21.52921,72.9492,1,2.38,2.38,2.38,,,0.66,0.66,0,0,1,VIIRS_NOAA20_SP,N20,1,0,0.0,1,0.0,comparison_area,,
EVT-DAHEJ-02635,2025-06-09 08:23:00+00:00,2025-06-09 08:23:00+00:00,21.4768,72.91872,21.4768,72.91872,1,1.06,1.06,1.06,,,0.33,0.33,0,0,1,VIIRS_NOAA20_SP,N20,1,0,0.0,1,0.0,comparison_area,,
EVT-DAHEJ-02636,2025-06-10 08:05:00+00:00,2025-06-10 08:05:00+00:00,22.02258,72.57255,22.02258,72.57255,1,10.19,10.19,10.19,,,0.33,0.33,0,0,1,VIIRS_NOAA20_SP,N20,1,0,0.0,1,0.0,comparison_area,,
EVT-DAHEJ-02637,2025-06-12 08:45:00+00:00,2025-06-12 08:45:00+00:00,22.00577,72.74271,22.00577,72.74271,1,4.67,4.67,4.67,,,0.33,0.33,0,0,1,VIIRS_SNPP_SP,N,1,0,0.0,1,0.0,comparison_area,,
EVT-DAHEJ-02638,2025-06-13 08:26:00+00:00,2025-06-13 08:26:00+00:00,21.5983,72.93472,21.5983,72.93472,1,1.93,1.93,1.93,,,0.66,0.66,0,0,1,VIIRS_SNPP_SP,N,1,0,0.0,1,0.0,comparison_area,,
EVT-DAHEJ-02639,2025-06-13 08:27:00+00:00,2025-06-13 08:27:00+00:00,21.88822,72.888,21.88822,72.888,1,2.42,2.42,2.42,,,0.66,0.66,0,0,1,VIIRS_SNPP_SP,N,1,0,0.0,1,0.0,comparison_area,,
EVT-DAHEJ-02640,2025-06-14 08:08:00+00:00,2025-06-14 08:08:00+00:00,21.83343,72.65469,21.83343,72.65469,1,4.4,4.4,4.4,,,0.33,0.33,0,0,1,VIIRS_SNPP_SP,N,1,0,0.0,1,0.0,dahej_core,,
EVT-DAHEJ-02641,2025-06-14 08:30:00+00:00,2025-06-14 08:30:00+00:00,22.00017,72.794,22.00017,72.794,1,10.31,10.31,10.31,,,0.66,0.66,0,0,1,VIIRS_NOAA20_SP,N20,1,0,0.0,1,0.0,comparison_area,,
EVT-DAHEJ-02642,2025-08-05 21:02:00+00:00,2025-08-05 21:24:00+00:00,21.694045000000003,72.6053275,21.69245,72.60725,4,2.93,2.7100000000000004,2.49,0.2540341184434353,-0.1501706484641638,0.66,0.66,0,0,2,VIIRS_NOAA20_SP;VIIRS_SNPP_SP,N;N20,0,4,0.36666666666666664,1,0.497704578972715,dahej_core,,
EVT-DAHEJ-02643,2025-08-07 20:47:00+00:00,2025-08-07 20:47:00+00:00,21.79355,72.64822,21.79355,72.64822,1,1.03,1.03,1.03,,,0.66,0.66,0,0,1,VIIRS_NOAA20_SP,N20,0,1,0.0,1,0.0,dahej_core,,
EVT-DAHEJ-02644,2025-08-12 08:24:00+00:00,2025-08-12 08:24:00+00:00,21.74487,72.68262,21.74487,72.68262,1,2.44,2.44,2.44,,,0.33,0.33,0,0,1,VIIRS_NOAA20_SP,N20,1,0,0.0,1,0.0,dahej_core,,
EVT-DAHEJ-02645,2025-08-12 08:24:00+00:00,2025-08-12 08:24:00+00:00,21.7911,72.88676,21.7911,72.88676,1,2.82,2.82,2.82,,,0.66,0.66,0,0,1,VIIRS_NOAA20_SP,N20,1,0,0.0,1,0.0,comparison_area,,
EVT-DAHEJ-02646,2025-08-25 20:09:00+00:00,2025-08-25 20:09:00+00:00,21.79553,72.64597,21.79553,72.64597,1,0.7,0.7,0.7,,,0.66,0.66,0,0,1,VIIRS_NOAA20_SP,N20,0,1,0.0,1,0.0,dahej_core,,
EVT-DAHEJ-02647,2025-09-09 21:46:00+00:00,2025-09-09 21:46:00+00:00,21.72998,72.94559,21.73084,72.94308,2,1.87,1.67,1.87,0.28284271247461906,0.27210884353741505,0.66,0.66,0,0,1,VIIRS_SNPP_SP,N,0,2,0.0,1,0.5526800557046475,comparison_area,,
EVT-DAHEJ-02648,2025-09-12 21:12:00+00:00,2025-09-12 21:12:00+00:00,21.433014999999997,72.975795,21.43236,72.97433,2,1.96,1.955,1.96,0.007071067811865481,0.0051282051282051325,0.66,0.66,0,0,1,VIIRS_NOAA20_SP,N20,0,2,0.0,1,0.3364397407857636,comparison_area,,
EVT-DAHEJ-02649,2025-09-17 20:56:00+00:00,2025-09-17 20:56:00+00:00,21.7137,72.79055,21.7137,72.79055,1,0.82,0.82,0.82,,,0.66,0.66,0,0,1,VIIRS_SNPP_SP,N,0,1,0.0,1,0.0,dahej_fringe,,
EVT-DAHEJ-02650,2025-09-25 20:06:00+00:00,2025-09-25 20:06:00+00:00,21.563699999999997,72.91288,21.56665,72.912,2,0.44,0.38,0.44,0.08485281374238571,0.375,0.66,0.66,0,0,1,VIIRS_SNPP_SP,N,0,2,0.0,1,0.6808296801260075,comparison_area,,
EVT-DAHEJ-02651,2025-09-25 20:28:00+00:00,2025-09-25 20:28:00+00:00,21.79499,72.64614,21.79499,72.64614,1,0.97,0.97,0.97,,,0.66,0.66,0,0,1,VIIRS_NOAA20_SP,N20,0,1,0.0,1,0.0,dahej_core,,
EVT-DAHEJ-02652,2025-10-03 20:57:00+00:00,2025-10-03 20:57:00+00:00,21.56442,72.91662,21.56442,72.91662,1,0.29,0.29,0.29,,,0.66,0.66,0,0,1,VIIRS_SNPP_SP,N,0,1,0.0,1,0.0,comparison_area,,
EVT-DAHEJ-02653,2025-10-05 20:19:00+00:00,2025-10-05 20:40:00+00:00,21.694559999999996,72.6028025,21.69449,72.59978,4,7.53,3.9275,2.11,2.572578149120709,-0.7197875166002655,0.66,0.66,0,0,2,VIIRS_NOAA20_SP;VIIRS_SNPP_SP,N;N20,0,4,0.35,1,0.47603517795044165,dahej_core,,
EVT-DAHEJ-02654,2025-10-05 20:19:00+00:00,2025-10-05 20:40:00+00:00,21.433193999999997,72.97722,21.43589,72.97746,5,2.74,1.578,1.48,0.7337029371619008,0.5416666666666667,0.66,0.66,0,0,2,VIIRS_NOAA20_SP;VIIRS_SNPP_SP,N;N20,0,5,0.35,1,0.5265421080956973,comparison_area,,
EVT-DAHEJ-02655,2025-10-06 07:52:00+00:00,2025-10-06 07:52:00+00:00,21.97678,72.65321,21.97678,72.65321,1,3.32,3.32,3.32,,,0.66,0.66,0,0,1,VIIRS_NOAA20_SP,N20,1,0,0.0,1,0.0,comparison_area,,
EVT-DAHEJ-02656,2025-10-06 07:52:00+00:00,2025-10-06 07:52:00+00:00,22.01507,72.73377,22.01507,72.73377,1,1.94,1.94,1.94,,,0.66,0.66,0,0,1,VIIRS_NOAA20_SP,N20,1,0,0.0,1,0.0,comparison_area,,
EVT-DAHEJ-02657,2025-10-08 21:03:00+00:00,2025-10-08 21:24:00+00:00,21.433449999999997,72.97730666666668,21.43458,72.97855,3,1.05,0.8066666666666666,0.32,0.42146569650842686,-0.6952380952380952,0.66,0.66,0,0,2,VIIRS_NOAA20_SP;VIIRS_SNPP_SP,N;N20,0,3,0.35,1,0.4086564017997061,comparison_area,,
EVT-DAHEJ-02658,2025-10-10 20:26:00+00:00,2025-10-12 20:09:00+00:00,21.431583333333336,72.97846,21.43068,72.98051,12,11.03,2.6416666666666666,1.36,3.1462700379203232,-0.7781402936378466,0.66,0.66,0,0,2,VIIRS_NOAA20_SP;VIIRS_SNPP_SP,N;N20,1,11,47.71666666666667,3,0.8490106240014039,comparison_area,,
EVT-DAHEJ-02659,2025-10-12 09:00:00+00:00,2025-10-12 09:00:00+00:00,21.71901,72.69569,21.71901,72.69569,1,6.59,6.59,6.59,,,1.0,1.0,1,0,1,VIIRS_SNPP_SP,N,1,0,0.0,1,0.0,dahej_core,,
EVT-DAHEJ-02660,2025-10-12 21:27:00+00:00,2025-10-12 21:27:00+00:00,21.43224,72.97562,21.43224,72.97562,1,0.74,0.74,0.74,,,0.66,0.66,0,0,1,VIIRS_SNPP_SP,N,0,1,0.0,1,0.0,comparison_area,,
EVT-DAHEJ-02661,2025-10-13 08:41:00+00:00,2025-10-13 08:41:00+00:00,21.58924,72.8125,21.58924,72.8125,1,2.45,2.45,2.45,,,0.66,0.66,0,0,1,VIIRS_SNPP_SP,N,1,0,0.0,1,0.0,dahej_fringe,,
EVT-DAHEJ-02662,2025-10-15 08:24:00+00:00,2025-10-15 08:24:00+00:00,21.77684,72.65976,21.77684,72.65976,1,2.63,2.63,2.63,,,0.66,0.66,0,0,1,VIIRS_NOAA20_SP,N20,1,0,0.0,1,0.0,dahej_core,,
EVT-DAHEJ-02663,2025-10-15 08:24:00+00:00,2025-10-15 08:24:00+00:00,21.4029,72.72575,21.4029,72.72575,1,6.37,6.37,6.37,,,0.66,0.66,0,0,1,VIIRS_NOAA20_SP,N20,1,0,0.0,1,0.0,comparison_area,,
EVT-DAHEJ-02664,2025-10-16 20:34:00+00:00,2025-10-16 20:34:00+00:00,21.43429,72.97646,21.43429,72.97646,1,0.51,0.51,0.51,,,0.66,0.66,0,0,1,VIIRS_NOAA20_SP,N20,0,1,0.0,1,0.0,comparison_area,,
EVT-DAHEJ-02665,2025-10-18 08:47:00+00:00,2025-10-18 08:47:00+00:00,21.66796,72.25294,21.66796,72.25294,1,1.65,1.65,1.65,,,0.66,0.66,0,0,1,VIIRS_SNPP_SP,N,1,0,0.0,1,0.0,comparison_area,,
EVT-DAHEJ-02666,2025-10-18 09:08:00+00:00,2025-10-18 09:08:00+00:00,21.61351,72.9311,21.61351,72.9311,1,2.18,2.18,2.18,,,0.66,0.66,0,0,1,VIIRS_NOAA20_SP,N20,1,0,0.0,1,0.0,comparison_area,,
EVT-DAHEJ-02667,2025-10-19 08:49:00+00:00,2025-10-19 08:49:00+00:00,21.76691,72.69879,21.76691,72.69879,1,3.14,3.14,3.14,,,0.33,0.33,0,0,1,VIIRS_NOAA20_SP,N20,1,0,0.0,1,0.0,dahej_core,,
EVT-DAHEJ-02668,2025-10-19 21:18:00+00:00,2025-10-19 21:18:00+00:00,21.43187,72.97599,21.43187,72.97599,1,1.85,1.85,1.85,,,0.66,0.66,0,0,1,VIIRS_NOAA20_SP,N20,0,1,0.0,1,0.0,comparison_area,,
EVT-DAHEJ-02669,2025-10-22 20:21:00+00:00,2025-10-22 20:21:00+00:00,21.43266,72.97463,21.43266,72.97463,1,0.65,0.65,0.65,,,0.66,0.66,0,0,1,VIIRS_NOAA20_SP,N20,0,1,0.0,1,0.0,comparison_area,,
EVT-DAHEJ-02670,2025-11-01 20:34:00+00:00,2025-11-01 20:34:00+00:00,21.79568,72.64586,21.79568,72.64586,1,2.18,2.18,2.18,,,0.66,0.66,0,0,1,VIIRS_NOAA20_SP,N20,0,1,0.0,1,0.0,dahej_core,,
EVT-DAHEJ-02671,2025-11-02 19:55:00+00:00,2025-11-04 08:29:00+00:00,21.564122222222224,72.91330222222221,21.56405,72.91072,9,2.38,1.4366666666666665,2.38,0.5312249994117371,0.22051282051282048,0.66,0.66,0,0,2,VIIRS_NOAA20_SP;VIIRS_SNPP_SP,N;N20,1,8,36.56666666666667,3,0.6193803297632521,comparison_area,,
EVT-DAHEJ-02672,2025-11-04 08:29:00+00:00,2025-11-04 08:29:00+00:00,21.79352,72.64709,21.79352,72.64709,1,1.37,1.37,1.37,,,0.66,0.66,0,0,1,VIIRS_SNPP_SP,N,1,0,0.0,1,0.0,dahej_core,,
EVT-DAHEJ-02673,2025-11-04 20:57:00+00:00,2025-11-06 20:41:00+00:00,21.563636,72.915795,21.56441,72.91497,10,4.41,1.4889999999999997,1.59,1.1193395870383174,0.10416666666666677,0.66,0.66,0,0,2,VIIRS_NOAA20_SP;VIIRS_SNPP_SP,N;N20,1,9,47.733333333333334,3,0.3582384717065618,comparison_area,,
EVT-DAHEJ-02674,2025-11-07 07:32:00+00:00,2025-11-08 21:43:00+00:00,21.564291666666666,72.91394500000001,21.5642,72.91605,12,3.63,1.8691666666666666,1.78,0.8997722775875857,-0.5096418732782368,0.66,0.66,0,0,2,VIIRS_NOAA20_SP;VIIRS_SNPP_SP,N;N20,2,10,38.18333333333333,2,0.7193416491404696,comparison_area,,
EVT-DAHEJ-02675,2025-11-08 08:54:00+00:00,2025-11-08 09:15:00+00:00,21.889760000000003,72.783605,21.89073,72.78077,2,8.51,5.71,8.51,3.959797974644666,1.924398625429553,0.66,0.66,0,0,2,VIIRS_NOAA20_SP;VIIRS_SNPP_SP,N;N20,2,0,0.35,1,0.6235251091182533,dahej_fringe,,
EVT-DAHEJ-02676,2025-11-09 08:56:00+00:00,2025-11-11 08:18:00+00:00,21.56179,72.91643571428571,21.56018,72.91872,7,2.72,1.4957142857142858,2.43,0.8453176354258233,-0.10661764705882354,0.66,0.66,0,0,2,VIIRS_NOAA20_SP;VIIRS_SNPP_SP,N;N20,2,5,47.36666666666667,3,0.4700832801639708,comparison_area,,
EVT-DAHEJ-02677,2025-11-09 21:04:00+00:00,2025-11-09 21:25:00+00:00,21.433676,72.97555200000001,21.43558,72.9755,5,1.8,1.364,1.8,0.43061583807379866,0.1180124223602484,0.66,0.66,0,0,2,VIIRS_NOAA20_SP;VIIRS_SNPP_SP,N;N20,0,5,0.35,1,0.4071801534430755,comparison_area,,
EVT-DAHEJ-02678,2025-11-11 07:57:00+00:00,2025-11-11 07:57:00+00:00,21.35713,72.85526,21.35713,72.85526,1,3.39,3.39,3.39,,,0.66,0.66,0,0,1,VIIRS_SNPP_SP,N,1,0,0.0,1,0.0,comparison_area,,
EVT-DAHEJ-02679,2025-11-11 20:47:00+00:00,2025-11-12 20:28:00+00:00,21.43279,72.97737333333333,21.43345,72.9776,3,0.78,0.6266666666666666,0.61,0.1457166199626293,0.24489795918367346,0.66,0.66,0,0,2,VIIRS_NOAA20_SP;VIIRS_SNPP_SP,N;N20,0,3,23.683333333333334,2,0.16242684774452967,comparison_area,,
EVT-DAHEJ-02680,2025-11-11 20:47:00+00:00,2025-11-13 20:10:00+00:00,21.563383333333334,72.91413333333334,21.56264,72.91303,6,2.72,1.5183333333333333,1.72,0.7014389971099887,0.6074766355140185,0.66,0.66,0,0,2,VIIRS_NOAA20_SP;VIIRS_SNPP_SP,N;N20,1,5,47.38333333333333,3,0.40552599084453433,comparison_area,,
EVT-DAHEJ-02681,2025-11-13 07:41:00+00:00,2025-11-13 09:00:00+00:00,21.7948425,72.6029925,21.79301,72.6028,4,26.1,13.872500000000002,2.77,9.54655391576807,-0.8938697318007663,1.0,0.7450000000000001,1,1,2,VIIRS_NOAA20_SP;VIIRS_SNPP_SP,N;N20,4,0,1.3166666666666667,1,0.708934740174132,dahej_core,,
EVT-DAHEJ-02682,2025-11-13 07:41:00+00:00,2025-11-13 09:00:00+00:00,21.795075,72.61219,21.7953,72.61343,2,3.43,3.25,3.43,0.2545584412271574,0.11726384364820858,0.66,0.66,0,0,2,VIIRS_NOAA20_SP;VIIRS_SNPP_SP,N;N20,2,0,1.3166666666666667,1,0.26089498288974383,dahej_core,,
EVT-DAHEJ-02683,2025-11-13 21:29:00+00:00,2025-11-13 21:29:00+00:00,21.69348666666667,72.60701999999999,21.69297,72.60551,3,1.97,1.29,0.95,0.5888972745734182,-0.5177664974619289,0.66,0.66,0,0,1,VIIRS_SNPP_SP,N,0,3,0.0,1,0.4761090892000894,dahej_core,,
EVT-DAHEJ-02684,2025-11-13 21:29:00+00:00,2025-11-14 09:02:00+00:00,21.562825,72.91816,21.56478,72.91689,2,2.62,2.21,2.62,0.579827560572969,0.4555555555555556,0.66,0.66,0,0,2,VIIRS_NOAA20_SP;VIIRS_SNPP_SP,N;N20,1,1,11.55,2,0.5079591658827401,comparison_area,,
EVT-DAHEJ-02685,2025-11-15 08:22:00+00:00,2025-11-15 08:44:00+00:00,21.77571,72.61378,21.77776,72.61472,2,4.78,4.07,4.78,1.0040916292848976,0.4226190476190477,0.66,0.66,0,0,2,VIIRS_NOAA20_SP;VIIRS_SNPP_SP,N;N20,2,0,0.36666666666666664,1,0.4955108966474621,dahej_core,,
EVT-DAHEJ-02686,2025-11-15 20:51:00+00:00,2025-11-15 20:51:00+00:00,21.79331,72.64599,21.79331,72.64599,1,0.4,0.4,0.4,,,0.66,0.66,0,0,1,VIIRS_SNPP_SP,N,0,1,0.0,1,0.0,dahej_core,,
EVT-DAHEJ-02687,2025-11-18 20:16:00+00:00,2025-11-18 20:16:00+00:00,21.43522,72.9748,21.43404,72.97356,2,1.45,1.3900000000000001,1.33,0.08485281374238562,-0.0827586206896551,0.66,0.66,0,0,1,VIIRS_NOAA20_SP,N20,0,2,0.0,1,0.3670885530122471,comparison_area,,
EVT-DAHEJ-02688,2025-11-19 08:47:00+00:00,2025-11-19 08:47:00+00:00,21.38409,72.79758,21.38409,72.79758,1,3.41,3.41,3.41,,,0.66,0.66,0,0,1,VIIRS_SNPP_SP,N,1,0,0.0,1,0.0,comparison_area,,
EVT-DAHEJ-02689,2025-11-19 21:16:00+00:00,2025-11-20 20:58:00+00:00,21.56383333333333,72.91541000000001,21.56297,72.91663,3,0.6,0.5533333333333333,0.49,0.056862407030773256,-0.1403508771929824,0.66,0.66,0,0,2,VIIRS_NOAA20_SP;VIIRS_SNPP_SP,N;N20,0,3,23.7,2,0.5233725251351001,comparison_area,,
EVT-DAHEJ-02690,2025-11-20 08:29:00+00:00,2025-11-20 08:50:00+00:00,21.41315,72.73436000000001,21.4141,72.73358,2,3.21,2.31,3.21,1.2727922061357855,1.2765957446808511,0.66,0.66,0,0,2,VIIRS_NOAA20_SP;VIIRS_SNPP_SP,N;N20,2,0,0.35,1,0.265921887352327,comparison_area,,
EVT-DAHEJ-02691,2025-11-20 20:58:00+00:00,2025-11-21 20:39:00+00:00,21.466488000000002,72.991882,21.46633,72.99191,5,8.47,4.61,0.84,3.552935406111403,-0.9008264462809917,0.66,0.66,0,0,2,VIIRS_NOAA20_SP;VIIRS_SNPP_SP,N;N20,2,3,23.683333333333334,2,0.23188356691082035,comparison_area,,
EVT-DAHEJ-02692,2025-11-20 20:58:00+00:00,2025-11-20 20:58:00+00:00,21.43379,72.97762,21.43379,72.97762,1,0.31,0.31,0.31,,,0.66,0.66,0,0,1,VIIRS_SNPP_SP,N,0,1,0.0,1,0.0,comparison_area,,
EVT-DAHEJ-02693,2025-11-20 20:58:00+00:00,2025-11-20 20:58:00+00:00,21.38388,72.77325,21.38388,72.77325,1,0.88,0.88,0.88,,,0.66,0.66,0,0,1,VIIRS_SNPP_SP,N,0,1,0.0,1,0.0,comparison_area,,
EVT-DAHEJ-02694,2025-11-21 08:10:00+00:00,2025-11-21 08:10:00+00:00,21.48085,72.70783499999999,21.48067,72.70849,2,5.44,5.335000000000001,5.44,0.14849242404917495,0.0401529636711281,0.66,0.66,0,0,1,VIIRS_SNPP_SP,N,2,0,0.0,1,0.14133498687147206,comparison_area,,
EVT-DAHEJ-02695,2025-11-21 08:10:00+00:00,2025-11-21 08:31:00+00:00,21.829176666666665,72.64465666666668,21.82946,72.6438,3,13.4,9.01,5.5,4.0228472503936805,-0.3234932349323494,0.66,0.66,0,0,2,VIIRS_NOAA20_SP;VIIRS_SNPP_SP,N;N20,3,0,0.35,1,0.35233062371166435,dahej_core,,
EVT-DAHEJ-02696,2025-11-21 20:39:00+00:00,2025-11-21 21:00:00+00:00,21.593455,72.998835,21.5917,72.99793,2,8.06,4.355,0.65,5.239661248592317,-0.9193548387096774,0.66,0.66,0,0,2,VIIRS_NOAA20_SP;VIIRS_SNPP_SP,N;N20,0,2,0.35,1,0.4328402324196813,comparison_area,,
EVT-DAHEJ-02697,2025-11-22 08:12:00+00:00,2025-11-22 08:12:00+00:00,21.74251,72.70627,21.74251,72.70627,1,4.65,4.65,4.65,,,0.66,0.66,0,0,1,VIIRS_NOAA20_SP,N20,1,0,0.0,1,0.0,dahej_core,,
EVT-DAHEJ-02698,2025-11-22 08:12:00+00:00,2025-11-22 08:12:00+00:00,21.74706,72.64895,21.74706,72.64895,1,2.88,2.88,2.88,,,0.66,0.66,0,0,1,VIIRS_NOAA20_SP,N20,1,0,0.0,1,0.0,dahej_core,,
EVT-DAHEJ-02699,2025-11-22 08:13:00+00:00,2025-11-22 08:13:00+00:00,21.891192,72.898094,21.88997,72.89912,5,4.0,2.594,1.68,0.9676156261656795,0.0,0.66,0.5940000000000001,0,0,1,VIIRS_NOAA20_SP,N20,5,0,0.0,1,0.5544737729209616,comparison_area,,
EVT-DAHEJ-02700,2025-11-23 20:01:00+00:00,2025-11-23 20:23:00+00:00,21.432949999999998,72.976045,21.43042,72.97744,2,2.02,1.545,2.02,0.67175144212722,0.8878504672897195,0.66,0.66,0,0,2,VIIRS_NOAA20_SP;VIIRS_SNPP_SP,N;N20,0,2,0.36666666666666664,1,0.6324285061072065,comparison_area,,
EVT-DAHEJ-02701,2025-11-25 08:35:00+00:00,2025-11-25 08:35:00+00:00,21.79525,72.648,21.79525,72.648,1,2.25,2.25,2.25,,,0.66,0.66,0,0,1,VIIRS_SNPP_SP,N,1,0,0.0,1,0.0,dahej_core,,
EVT-DAHEJ-02702,2025-11-25 21:04:00+00:00,2025-11-26 20:45:00+00:00,21.4333,72.9764325,21.43301,72.97794,4,1.78,1.02,0.39,0.6210206652492868,-0.688,0.66,0.66,0,0,2,VIIRS_NOAA20_SP;VIIRS_SNPP_SP,N;N20,0,4,23.683333333333334,2,0.43126648504824533,comparison_area,,
EVT-DAHEJ-02703,2025-11-26 08:16:00+00:00,2025-11-26 08:16:00+00:00,21.74224,72.7056,21.74224,72.7056,1,2.62,2.62,2.62,,,0.66,0.66,0,0,1,VIIRS_SNPP_SP,N,1,0,0.0,1,0.0,dahej_core,,
EVT-DAHEJ-02704,2025-11-26 08:16:00+00:00,2025-11-26 08:16:00+00:00,21.8918125,72.8978875,21.89282,72.8987,4,2.11,1.96,2.11,0.09999999999999998,0.10471204188481674,0.66,0.66,0,0,1,VIIRS_SNPP_SP,N,4,0,0.0,1,0.5587994625624346,comparison_area,,
EVT-DAHEJ-02705,2025-11-26 08:16:00+00:00,2025-11-26 08:16:00+00:00,21.91371,72.96266,21.91371,72.96266,1,0.81,0.81,0.81,,,0.66,0.66,0,0,1,VIIRS_SNPP_SP,N,1,0,0.0,1,0.0,comparison_area,,
EVT-DAHEJ-02706,2025-11-26 08:16:00+00:00,2025-11-26 08:16:00+00:00,21.56343,72.91608,21.56343,72.91608,1,1.9,1.9,1.9,,,0.66,0.66,0,0,1,VIIRS_SNPP_SP,N,1,0,0.0,1,0.0,comparison_area,,
EVT-DAHEJ-02707,2025-11-27 08:19:00+00:00,2025-11-27 08:19:00+00:00,21.82455,72.63489,21.82455,72.63489,1,1.57,1.57,1.57,,,0.66,0.66,0,0,1,VIIRS_NOAA20_SP,N20,1,0,0.0,1,0.0,dahej_core,,
EVT-DAHEJ-02708,2025-11-27 08:19:00+00:00,2025-11-27 08:19:00+00:00,21.7833,72.63081,21.7833,72.63081,1,3.54,3.54,3.54,,,0.66,0.66,0,0,1,VIIRS_NOAA20_SP,N20,1,0,0.0,1,0.0,dahej_core,,
EVT-DAHEJ-02709,2025-11-28 07:39:00+00:00,2025-11-28 07:39:00+00:00,22.06633,72.71074,22.06633,72.71074,1,4.78,4.78,4.78,,,0.66,0.66,0,0,1,VIIRS_SNPP_SP,N,1,0,0.0,1,0.0,comparison_area,,
EVT-DAHEJ-02710,2025-11-29 09:01:00+00:00,2025-11-29 09:01:00+00:00,21.77922,72.73751,21.77922,72.73751,1,1.12,1.12,1.12,,,0.66,0.66,0,0,1,VIIRS_SNPP_SP,N,1,0,0.0,1,0.0,dahej_core,,
EVT-DAHEJ-02711,2025-11-30 19:51:00+00:00,2025-12-01 20:52:00+00:00,21.432647999999997,72.975492,21.43255,72.97029,5,1.15,0.6579999999999999,0.3,0.35786869100271956,-0.6666666666666667,0.66,0.66,0,0,2,VIIRS_NOAA20_SP;VIIRS_SNPP_SP,N;N20,0,5,25.016666666666666,2,0.9426158457367589,comparison_area,,
EVT-DAHEJ-02712,2025-12-01 08:23:00+00:00,2025-12-01 08:23:00+00:00,21.81214,72.88255,21.81214,72.88255,1,1.89,1.89,1.89,,,0.33,0.33,0,0,1,VIIRS_SNPP_SP,N,1,0,0.0,1,0.0,comparison_area,,
EVT-DAHEJ-02713,2025-12-01 08:23:00+00:00,2025-12-01 08:23:00+00:00,21.36753,72.7636,21.36753,72.7636,1,2.48,2.48,2.48,,,0.66,0.66,0,0,1,VIIRS_SNPP_SP,N,1,0,0.0,1,0.0,comparison_area,,
EVT-DAHEJ-02714,2025-12-01 08:44:00+00:00,2025-12-01 08:44:00+00:00,21.84293,72.71106,21.84293,72.71106,1,2.27,2.27,2.27,,,0.66,0.66,0,0,1,VIIRS_NOAA20_SP,N20,1,0,0.0,1,0.0,dahej_core,,
EVT-DAHEJ-02715,2025-12-02 08:25:00+00:00,2025-12-02 08:25:00+00:00,21.41571,72.71127,21.41738,72.711,2,6.84,6.84,6.84,0.0,0.0,0.66,0.66,0,0,1,VIIRS_NOAA20_SP,N20,2,0,0.0,1,0.3755748356946167,comparison_area,,
EVT-DAHEJ-02716,2025-12-02 20:54:00+00:00,2025-12-02 20:54:00+00:00,21.59179,72.99893,21.59179,72.99893,1,0.81,0.81,0.81,,,0.66,0.66,0,0,1,VIIRS_NOAA20_SP,N20,0,1,0.0,1,0.0,comparison_area,,
EVT-DAHEJ-02717,2025-12-03 08:06:00+00:00,2025-12-03 08:06:00+00:00,21.47733,72.81703,21.47733,72.81703,1,5.19,5.19,5.19,,,0.66,0.66,0,0,1,VIIRS_NOAA20_SP,N20,1,0,0.0,1,0.0,comparison_area,,
EVT-DAHEJ-02718,2025-12-03 08:07:00+00:00,2025-12-03 08:07:00+00:00,21.77152,72.90227,21.77152,72.90227,1,2.03,2.03,2.03,,,0.66,0.66,0,0,1,VIIRS_NOAA20_SP,N20,1,0,0.0,1,0.0,comparison_area,,
EVT-DAHEJ-02719,2025-12-03 08:07:00+00:00,2025-12-03 08:07:00+00:00,21.85544,72.859455,21.85511,72.8603,2,2.54,2.365,2.19,0.2474873734152917,-0.13779527559055121,0.66,0.66,0,0,1,VIIRS_NOAA20_SP,N20,2,0,0.0,1,0.18922435905649485,comparison_area,,
EVT-DAHEJ-02720,2025-12-04 09:07:00+00:00,2025-12-04 09:07:00+00:00,21.731740000000002,72.694215,21.73171,72.69436,2,1.86,1.84,1.82,0.028284271247461926,-0.02150537634408604,0.66,0.66,0,0,1,VIIRS_SNPP_SP,N,2,0,0.0,1,0.030688721245584912,dahej_core,,
EVT-DAHEJ-02721,2025-12-04 19:55:00+00:00,2025-12-04 19:55:00+00:00,21.6949,72.59979,21.6949,72.59979,1,0.9,0.9,0.9,,,0.66,0.66,0,0,1,VIIRS_SNPP_SP,N,0,1,0.0,1,0.0,dahej_core,,
EVT-DAHEJ-02722,2025-12-06 08:30:00+00:00,2025-12-06 08:30:00+00:00,22.05501,72.71769,22.05501,72.71769,1,3.54,3.54,3.54,,,0.66,0.66,0,0,1,VIIRS_SNPP_SP,N,1,0,0.0,1,0.0,comparison_area,,
EVT-DAHEJ-02723,2025-12-07 08:11:00+00:00,2025-12-07 08:11:00+00:00,21.88029,72.67492,21.88029,72.67492,1,4.13,4.13,4.13,,,0.66,0.66,0,0,1,VIIRS_SNPP_SP,N,1,0,0.0,1,0.0,dahej_fringe,,
EVT-DAHEJ-02724,2025-12-07 08:32:00+00:00,2025-12-07 08:32:00+00:00,21.8344,72.68279,21.8344,72.68279,1,4.73,4.73,4.73,,,0.66,0.66,0,0,1,VIIRS_NOAA20_SP,N20,1,0,0.0,1,0.0,dahej_core,,
EVT-DAHEJ-02725,2025-12-07 20:39:00+00:00,2025-12-07 21:01:00+00:00,21.431443333333334,72.97604666666666,21.43069,72.97817,3,2.05,1.47,2.05,0.5335728628781639,1.0499999999999998,0.66,0.66,0,0,2,VIIRS_NOAA20_SP;VIIRS_SNPP_SP,N;N20,0,3,0.36666666666666664,1,0.4447693008634748,comparison_area,,
EVT-DAHEJ-02726,2025-12-08 08:13:00+00:00,2025-12-08 08:13:00+00:00,21.91192,72.96083,21.91192,72.96083,1,3.6,3.6,3.6,,,0.66,0.66,0,0,1,VIIRS_NOAA20_SP,N20,1,0,0.0,1,0.0,comparison_area,,
EVT-DAHEJ-02727,2025-12-08 08:13:00+00:00,2025-12-08 08:13:00+00:00,21.891638333333333,72.90400000000001,21.89073,72.90549,6,11.81,8.295,11.81,3.8504895792613176,1.4707112970711296,0.66,0.66,0,0,1,VIIRS_NOAA20_SP,N20,6,0,0.0,1,0.8053299858488293,comparison_area,,
EVT-DAHEJ-02728,2025-12-08 08:13:00+00:00,2025-12-08 08:13:00+00:00,21.89314,72.894744,21.89558,72.89271,5,16.41,10.812000000000001,11.81,5.88810835498125,1.2325141776937618,0.66,0.66,0,0,1,VIIRS_NOAA20_SP,N20,5,0,0.0,1,0.7571835655830176,comparison_area,,
EVT-DAHEJ-02729,2025-12-09 20:02:00+00:00,2025-12-10 20:04:00+00:00,21.564610000000002,72.91317,21.56446,72.91193,4,1.98,1.3949999999999998,0.88,0.4568369512200168,-0.393103448275862,0.66,0.66,0,0,2,VIIRS_NOAA20_SP;VIIRS_SNPP_SP,N;N20,1,3,24.033333333333335,2,0.49095951111297553,comparison_area,,
EVT-DAHEJ-02730,2025-12-09 20:02:00+00:00,2025-12-10 21:24:00+00:00,21.434353999999995,72.97553,21.43265,72.97725,5,2.08,1.334,0.45,0.6381457513765959,-0.7337278106508875,0.66,0.66,0,0,2,VIIRS_NOAA20_SP;VIIRS_SNPP_SP,N;N20,0,5,25.366666666666667,2,0.5371431270865515,comparison_area,,
EVT-DAHEJ-02731,2025-12-09 20:23:00+00:00,2025-12-09 20:23:00+00:00,21.3917,72.91022,21.3917,72.91022,1,0.35,0.35,0.35,,,0.66,0.66,0,0,1,VIIRS_NOAA20_SP,N20,0,1,0.0,1,0.0,comparison_area,,
EVT-DAHEJ-02732,2025-12-10 08:55:00+00:00,2025-12-10 08:55:00+00:00,21.75466,72.65544,21.75466,72.65544,1,1.49,1.49,1.49,,,0.66,0.66,0,0,1,VIIRS_SNPP_SP,N,1,0,0.0,1,0.0,dahej_core,,
EVT-DAHEJ-02733,2025-12-10 09:16:00+00:00,2025-12-10 09:16:00+00:00,21.78884,72.63013,21.78884,72.63013,1,4.57,4.57,4.57,,,0.66,0.66,0,0,1,VIIRS_NOAA20_SP,N20,1,0,0.0,1,0.0,dahej_core,,
EVT-DAHEJ-02734,2025-12-11 08:36:00+00:00,2025-12-11 08:57:00+00:00,22.071575,72.53826000000001,22.07238,72.53842,2,4.08,3.625,3.17,0.6434671708797584,-0.22303921568627455,0.66,0.66,0,0,2,VIIRS_NOAA20_SP;VIIRS_SNPP_SP,N;N20,2,0,0.35,1,0.18203559160700833,comparison_area,,
EVT-DAHEJ-02735,2025-12-12 08:17:00+00:00,2025-12-12 08:17:00+00:00,21.76421,72.62291,21.76591,72.62259,2,2.05,2.05,2.05,0.0,0.0,0.66,0.66,0,0,1,VIIRS_SNPP_SP,N,2,0,0.0,1,0.38379681799941723,dahej_core,,
EVT-DAHEJ-02736,2025-12-12 08:17:00+00:00,2025-12-12 08:38:00+00:00,21.44266,72.86348,21.44122,72.86348,3,4.14,3.92,3.48,0.38105117766515284,-0.1594202898550724,0.66,0.66,0,0,2,VIIRS_NOAA20_SP;VIIRS_SNPP_SP,N;N20,3,0,0.35,1,0.38254916073307,comparison_area,,
EVT-DAHEJ-02737,2025-12-12 08:17:00+00:00,2025-12-12 08:17:00+00:00,21.89132571428571,72.89514285714287,21.89377,72.89184,7,11.3,10.150000000000002,10.93,0.968245836551854,-0.03274336283185849,0.66,0.6128571428571429,0,0,1,VIIRS_SNPP_SP,N,7,0,0.0,1,0.8621244260155975,comparison_area,,
EVT-DAHEJ-02738,2025-12-12 08:17:00+00:00,2025-12-12 08:17:00+00:00,21.70988,72.70905,21.70988,72.70905,1,6.43,6.43,6.43,,,0.66,0.66,0,0,1,VIIRS_SNPP_SP,N,1,0,0.0,1,0.0,dahej_core,,
EVT-DAHEJ-02739,2025-12-12 08:17:00+00:00,2025-12-12 08:17:00+00:00,21.91243,72.96389,21.91243,72.96389,1,5.16,5.16,5.16,,,0.66,0.66,0,0,1,VIIRS_SNPP_SP,N,1,0,0.0,1,0.0,comparison_area,,
EVT-DAHEJ-02740,2025-12-12 08:17:00+00:00,2025-12-12 08:17:00+00:00,21.89228,72.90406999999999,21.89291,72.90793,3,9.45,7.763333333333333,9.45,2.9213923620995064,1.152619589977221,0.66,0.44,0,0,1,VIIRS_SNPP_SP,N,3,0,0.0,1,0.8087501456464268,comparison_area,,
EVT-DAHEJ-02741,2025-12-12 20:46:00+00:00,2025-12-12 21:07:00+00:00,21.432415,72.975955,21.43268,72.97529,2,2.9,2.35,1.8,0.7778174593052022,-0.3793103448275862,0.66,0.66,0,0,2,VIIRS_NOAA20_SP;VIIRS_SNPP_SP,N;N20,0,2,0.35,1,0.14974708008387558,comparison_area,,
EVT-DAHEJ-02742,2025-12-13 07:58:00+00:00,2025-12-13 08:19:00+00:00,21.750176666666665,72.70777666666667,21.74822,72.70763,3,10.38,7.3066666666666675,1.16,5.32316948192835,-0.8882466281310212,0.66,0.66,0,0,2,VIIRS_NOAA20_SP;VIIRS_SNPP_SP,N;N20,3,0,0.35,1,0.4883103610007351,dahej_core,,
EVT-DAHEJ-02743,2025-12-13 08:19:00+00:00,2025-12-13 08:19:00+00:00,21.74901,72.65996,21.74901,72.65996,1,2.59,2.59,2.59,,,0.66,0.66,0,0,1,VIIRS_NOAA20_SP,N20,1,0,0.0,1,0.0,dahej_core,,
EVT-DAHEJ-02744,2025-12-13 20:48:00+00:00,2025-12-13 20:48:00+00:00,21.36382,72.87415,21.36382,72.87415,1,0.21,0.21,0.21,,,0.66,0.66,0,0,1,VIIRS_NOAA20_SP,N20,0,1,0.0,1,0.0,comparison_area,,
EVT-DAHEJ-02745,2025-12-13 20:48:00+00:00,2025-12-13 20:48:00+00:00,21.38171,72.95305,21.38171,72.95305,1,0.56,0.56,0.56,,,0.66,0.66,0,0,1,VIIRS_NOAA20_SP,N20,0,1,0.0,1,0.0,comparison_area,,
EVT-DAHEJ-02746,2025-12-14 08:01:00+00:00,2025-12-14 09:20:00+00:00,21.61912,72.837865,21.61864,72.83712,2,9.98,6.485,9.98,4.942676400493967,2.3377926421404682,0.66,0.66,0,0,2,VIIRS_NOAA20_SP;VIIRS_SNPP_SP,N;N20,2,0,1.3166666666666667,1,0.18740030824904336,dahej_fringe,,
EVT-DAHEJ-02747,2025-12-14 08:01:00+00:00,2025-12-14 08:01:00+00:00,21.7407,72.77652,21.7407,72.77652,1,4.75,4.75,4.75,,,0.66,0.66,0,0,1,VIIRS_NOAA20_SP,N20,1,0,0.0,1,0.0,dahej_fringe,,
EVT-DAHEJ-02748,2025-12-14 20:08:00+00:00,2025-12-14 20:29:00+00:00,21.433309999999995,72.97613,21.43351,72.97731,3,1.6,1.2966666666666666,1.41,0.3731398308052001,0.6022727272727272,0.66,0.66,0,0,2,VIIRS_NOAA20_SP;VIIRS_SNPP_SP,N;N20,0,3,0.35,1,0.22230588756168893,comparison_area,,
EVT-DAHEJ-02749,2025-12-15 07:42:00+00:00,2025-12-15 07:42:00+00:00,21.71387,72.70145,21.7135,72.69973,2,7.27,7.27,7.27,0.0,0.0,1.0,0.8300000000000001,1,0,1,VIIRS_NOAA20_SP,N20,2,0,0.0,1,0.36477118976999684,dahej_core,,
EVT-DAHEJ-02750,2025-12-15 07:42:00+00:00,2025-12-15 07:42:00+00:00,21.75803,72.65257,21.75803,72.65257,1,4.25,4.25,4.25,,,0.66,0.66,0,0,1,VIIRS_NOAA20_SP,N20,1,0,0.0,1,0.0,dahej_core,,
EVT-DAHEJ-02751,2025-12-15 09:01:00+00:00,2025-12-15 09:01:00+00:00,21.785800000000002,72.64654999999999,21.78563,72.64487,2,7.8,7.695,7.59,0.14849242404917495,-0.026923076923076918,1.0,0.8300000000000001,1,0,1,VIIRS_SNPP_SP,N,2,0,0.0,1,0.3489849109725057,dahej_core,,
EVT-DAHEJ-02752,2025-12-15 20:11:00+00:00,2025-12-15 20:11:00+00:00,21.39731,72.94495,21.39731,72.94495,1,0.47,0.47,0.47,,,0.66,0.66,0,0,1,VIIRS_NOAA20_SP,N20,0,1,0.0,1,0.0,comparison_area,,
EVT-DAHEJ-02753,2025-12-16 07:23:00+00:00,2025-12-16 07:23:00+00:00,21.833775000000003,72.656535,21.83368,72.65609,2,6.02,5.279999999999999,4.54,1.04651803615609,-0.24584717607973416,0.66,0.66,0,0,1,VIIRS_NOAA20_SP,N20,2,0,0.0,1,0.09426274354248433,dahej_core,,
EVT-DAHEJ-02754,2025-12-16 08:42:00+00:00,2025-12-16 09:03:00+00:00,21.788690000000003,72.61507166666668,21.79024,72.61008,6,8.79,5.586666666666667,3.99,2.48130342091947,-0.546075085324232,0.66,0.6050000000000001,0,0,2,VIIRS_NOAA20_SP;VIIRS_SNPP_SP,N;N20,6,0,0.35,1,0.9406440710078626,dahej_core,,
EVT-DAHEJ-02755,2025-12-16 08:42:00+00:00,2025-12-16 08:42:00+00:00,21.71359,72.72712,21.71359,72.72712,1,2.46,2.46,2.46,,,0.66,0.66,0,0,1,VIIRS_SNPP_SP,N,1,0,0.0,1,0.0,dahej_core,,
EVT-DAHEJ-02756,2025-12-16 08:42:00+00:00,2025-12-16 08:42:00+00:00,21.73464,72.64606,21.73464,72.64606,1,3.18,3.18,3.18,,,0.66,0.66,0,0,1,VIIRS_SNPP_SP,N,1,0,0.0,1,0.0,dahej_core,,
EVT-DAHEJ-02757,2025-12-17 08:23:00+00:00,2025-12-17 08:44:00+00:00,21.467325,72.842985,21.46812,72.84148,2,4.79,3.6,2.41,1.682914139223983,-0.49686847599164924,0.66,0.495,0,0,2,VIIRS_NOAA20_SP;VIIRS_SNPP_SP,N;N20,2,0,0.35,1,0.35815761806798974,comparison_area,,
EVT-DAHEJ-02758,2025-12-17 08:23:00+00:00,2025-12-17 08:23:00+00:00,21.55279,72.79969,21.55279,72.79969,1,1.46,1.46,1.46,,,0.66,0.66,0,0,1,VIIRS_SNPP_SP,N,1,0,0.0,1,0.0,dahej_fringe,,
EVT-DAHEJ-02759,2025-12-17 08:23:00+00:00,2025-12-17 08:23:00+00:00,21.56102,72.78685,21.56102,72.78685,1,2.4,2.4,2.4,,,0.66,0.66,0,0,1,VIIRS_SNPP_SP,N,1,0,0.0,1,0.0,dahej_fringe,,
EVT-DAHEJ-02760,2025-12-17 08:24:00+00:00,2025-12-17 08:24:00+00:00,22.03528,72.8129,22.03528,72.8129,1,1.6,1.6,1.6,,,0.66,0.66,0,0,1,VIIRS_SNPP_SP,N,1,0,0.0,1,0.0,comparison_area,,
EVT-DAHEJ-02761,2025-12-17 08:45:00+00:00,2025-12-17 08:45:00+00:00,21.72116,72.71093,21.72116,72.71093,1,1.25,1.25,1.25,,,0.33,0.33,0,0,1,VIIRS_NOAA20_SP,N20,1,0,0.0,1,0.0,dahej_core,,
EVT-DAHEJ-02762,2025-12-17 20:52:00+00:00,2025-12-17 20:52:00+00:00,21.43371,72.97761,21.43371,72.97761,1,0.51,0.51,0.51,,,0.66,0.66,0,0,1,VIIRS_SNPP_SP,N,0,1,0.0,1,0.0,comparison_area,,
EVT-DAHEJ-02763,2025-12-18 08:26:00+00:00,2025-12-18 08:26:00+00:00,21.71884,72.74805,21.71884,72.74805,1,1.95,1.95,1.95,,,0.66,0.66,0,0,1,VIIRS_NOAA20_SP,N20,1,0,0.0,1,0.0,dahej_core,,
EVT-DAHEJ-02764,2025-12-18 08:26:00+00:00,2025-12-18 08:26:00+00:00,21.74978,72.65309,21.74978,72.65309,1,4.63,4.63,4.63,,,0.66,0.66,0,0,1,VIIRS_NOAA20_SP,N20,1,0,0.0,1,0.0,dahej_core,,
EVT-DAHEJ-02765,2025-12-18 20:55:00+00:00,2025-12-18 20:55:00+00:00,21.62801,72.81138,21.62801,72.81138,1,0.66,0.66,0.66,,,0.66,0.66,0,0,1,VIIRS_NOAA20_SP,N20,0,1,0.0,1,0.0,dahej_fringe,,
EVT-DAHEJ-02766,2025-12-19 20:15:00+00:00,2025-12-19 20:36:00+00:00,21.41121,72.98852,21.41086,72.98858,2,0.84,0.7,0.84,0.19798989873223324,0.4999999999999998,0.66,0.66,0,0,2,VIIRS_NOAA20_SP;VIIRS_SNPP_SP,N;N20,0,2,0.35,1,0.07882162228075708,comparison_area,,
EVT-DAHEJ-02767,2025-12-20 07:48:00+00:00,2025-12-20 09:08:00+00:00,21.73048,72.72106,21.73178,72.72289,2,14.33,8.28,14.33,8.555992052357224,5.426008968609866,1.0,0.8300000000000001,1,0,2,VIIRS_NOAA20_SP;VIIRS_SNPP_SP,N;N20,2,0,1.3333333333333333,1,0.4759273200676185,dahej_core,,
EVT-DAHEJ-02768,2025-12-20 20:17:00+00:00,2025-12-20 20:17:00+00:00,21.62804,72.805025,21.6304,72.80533,2,1.07,0.865,0.66,0.2899137802864845,-0.38317757009345793,0.66,0.66,0,0,1,VIIRS_NOAA20_SP,N20,0,2,0.0,1,0.5286147907958397,dahej_fringe,,
EVT-DAHEJ-02769,2025-12-21 08:49:00+00:00,2025-12-21 08:49:00+00:00,21.82086,72.63824,21.82086,72.63824,1,2.49,2.49,2.49,,,0.66,0.66,0,0,1,VIIRS_SNPP_SP,N,1,0,0.0,1,0.0,dahej_core,,
EVT-DAHEJ-02770,2025-12-22 08:30:00+00:00,2025-12-22 08:30:00+00:00,21.6171,72.83884,21.6171,72.83884,1,3.03,3.03,3.03,,,0.66,0.66,0,0,1,VIIRS_SNPP_SP,N,1,0,0.0,1,0.0,dahej_fringe,,
EVT-DAHEJ-02771,2025-12-22 20:59:00+00:00,2025-12-23 08:32:00+00:00,21.624363333333335,72.80275,21.62449,72.80432,3,32.73,20.47,32.73,17.2222036917463,40.96153846153845,0.66,0.66,0,2,2,VIIRS_NOAA20_SP;VIIRS_SNPP_SP,N;N20,2,1,11.55,2,0.26668683268327714,dahej_fringe,,
EVT-DAHEJ-02772,2025-12-23 08:11:00+00:00,2025-12-23 08:11:00+00:00,21.821075,72.64863,21.82248,72.64605,2,3.01,2.66,3.01,0.49497474683058307,0.3030303030303029,0.66,0.66,0,0,1,VIIRS_SNPP_SP,N,2,0,0.0,1,0.6175372591968781,dahej_core,,
EVT-DAHEJ-02773,2025-12-23 08:11:00+00:00,2025-12-23 08:11:00+00:00,21.5485,72.94279,21.5485,72.94279,1,1.08,1.08,1.08,,,0.33,0.33,0,0,1,VIIRS_SNPP_SP,N,1,0,0.0,1,0.0,comparison_area,,
EVT-DAHEJ-02774,2025-12-24 08:13:00+00:00,2025-12-24 08:13:00+00:00,21.893628999999997,72.90100600000001,21.8965,72.90166,10,9.83,4.701,6.51,2.6504903110347127,1.8552631578947372,0.66,0.528,0,0,1,VIIRS_NOAA20_SP,N20,10,0,0.0,1,0.8883788816616044,comparison_area,,
EVT-DAHEJ-02775,2025-12-24 08:13:00+00:00,2025-12-24 08:13:00+00:00,21.61785,72.83775,21.61785,72.83775,1,3.06,3.06,3.06,,,0.66,0.66,0,0,1,VIIRS_NOAA20_SP,N20,1,0,0.0,1,0.0,dahej_fringe,,
EVT-DAHEJ-02776,2025-12-24 08:13:00+00:00,2025-12-24 08:13:00+00:00,21.526575,72.74312,21.52826,72.74281,2,4.36,4.36,4.36,0.0,0.0,0.66,0.66,0,0,1,VIIRS_NOAA20_SP,N20,2,0,0.0,1,0.3801757114190317,dahej_fringe,,
EVT-DAHEJ-02777,2025-12-24 08:13:00+00:00,2025-12-24 08:13:00+00:00,21.91315,72.96162,21.91315,72.96162,1,1.45,1.45,1.45,,,0.66,0.66,0,0,1,VIIRS_NOAA20_SP,N20,1,0,0.0,1,0.0,comparison_area,,
EVT-DAHEJ-02778,2025-12-24 08:13:00+00:00,2025-12-24 08:13:00+00:00,21.888857499999997,72.8950725,21.88643,72.89519,4,9.83,7.17,6.51,3.4786204161995027,1.5936254980079683,0.66,0.495,0,0,1,VIIRS_NOAA20_SP,N20,4,0,0.0,1,0.704092710645268,comparison_area,,
EVT-DAHEJ-02779,2025-12-24 08:13:00+00:00,2025-12-24 08:13:00+00:00,21.42066,72.96556,21.42066,72.96556,1,2.62,2.62,2.62,,,0.66,0.66,0,0,1,VIIRS_NOAA20_SP,N20,1,0,0.0,1,0.0,comparison_area,,
EVT-DAHEJ-02780,2025-12-24 08:13:00+00:00,2025-12-24 08:13:00+00:00,21.872284999999998,72.679785,21.87397,72.67947,2,2.21,2.08,1.95,0.18384776310850234,-0.11764705882352942,0.66,0.66,0,0,1,VIIRS_NOAA20_SP,N20,2,0,0.0,1,0.3803248249615362,dahej_fringe,,
EVT-DAHEJ-02781,2025-12-24 08:13:00+00:00,2025-12-24 08:13:00+00:00,21.74549,72.73878,21.74549,72.73878,1,3.21,3.21,3.21,,,0.66,0.66,0,0,1,VIIRS_NOAA20_SP,N20,1,0,0.0,1,0.0,dahej_core,,
EVT-DAHEJ-02782,2025-12-24 20:21:00+00:00,2025-12-24 20:42:00+00:00,21.437385,72.94059,21.43588,72.94035,2,0.64,0.63,0.62,0.014142135623730963,-0.03125000000000003,0.66,0.66,0,0,2,VIIRS_NOAA20_SP;VIIRS_SNPP_SP,N;N20,0,2,0.35,1,0.33836433554343726,comparison_area,,
EVT-DAHEJ-02783,2025-12-24 20:42:00+00:00,2025-12-24 20:42:00+00:00,21.41148,72.9865,21.41148,72.9865,1,0.23,0.23,0.23,,,0.66,0.66,0,0,1,VIIRS_NOAA20_SP,N20,0,1,0.0,1,0.0,comparison_area,,
EVT-DAHEJ-02784,2025-12-25 07:54:00+00:00,2025-12-25 07:54:00+00:00,21.42421,72.88781,21.42421,72.88781,1,2.43,2.43,2.43,,,0.66,0.66,0,0,1,VIIRS_NOAA20_SP,N20,1,0,0.0,1,0.0,comparison_area,,
EVT-DAHEJ-02785,2025-12-25 07:55:00+00:00,2025-12-25 07:55:00+00:00,21.93638,72.54932,21.93638,72.54932,1,6.48,6.48,6.48,,,0.66,0.66,0,0,1,VIIRS_NOAA20_SP,N20,1,0,0.0,1,0.0,dahej_fringe,,
EVT-DAHEJ-02786,2025-12-25 20:23:00+00:00,2025-12-25 20:23:00+00:00,21.37871,72.9502,21.37871,72.9502,1,0.66,0.66,0.66,,,0.66,0.66,0,0,1,VIIRS_NOAA20_SP,N20,0,1,0.0,1,0.0,comparison_area,,
EVT-DAHEJ-02787,2025-12-26 21:24:00+00:00,2025-12-27 21:26:00+00:00,21.40938,72.98627,21.41103,72.98917,4,1.01,0.7925,0.66,0.161529151135845,-0.19512195121951212,0.66,0.66,0,0,2,VIIRS_NOAA20_SP;VIIRS_SNPP_SP,N;N20,0,4,24.033333333333335,2,0.8798741306948611,comparison_area,,
EVT-DAHEJ-02788,2025-12-27 08:36:00+00:00,2025-12-27 08:36:00+00:00,21.56729,72.91829,21.56729,72.91829,1,6.31,6.31,6.31,,,0.33,0.33,0,0,1,VIIRS_SNPP_SP,N,1,0,0.0,1,0.0,comparison_area,,
EVT-DAHEJ-02789,2025-12-27 08:36:00+00:00,2025-12-27 08:57:00+00:00,21.729470000000003,72.71658000000001,21.73151,72.71659,3,4.05,2.9433333333333334,2.39,0.9584014468547786,-0.4098765432098765,0.66,0.66,0,0,2,VIIRS_NOAA20_SP;VIIRS_SNPP_SP,N;N20,3,0,0.35,1,0.4002434380933347,dahej_core,,
EVT-DAHEJ-02790,2025-12-27 08:57:00+00:00,2025-12-27 08:57:00+00:00,21.72086,72.74662,21.72086,72.74662,1,7.33,7.33,7.33,,,0.66,0.66,0,0,1,VIIRS_NOAA20_SP,N20,1,0,0.0,1,0.0,dahej_core,,
EVT-DAHEJ-02791,2025-12-27 21:05:00+00:00,2025-12-27 21:05:00+00:00,21.43653,72.94154,21.43653,72.94154,1,0.53,0.53,0.53,,,0.66,0.66,0,0,1,VIIRS_SNPP_SP,N,0,1,0.0,1,0.0,comparison_area,,
EVT-DAHEJ-02792,2025-12-28 08:18:00+00:00,2025-12-28 08:38:00+00:00,21.47457,72.92401,21.47546,72.92441,2,3.98,3.295,3.98,0.9687362902255702,0.5249042145593871,0.66,0.495,0,0,2,VIIRS_NOAA20_SP;VIIRS_SNPP_SP,N;N20,2,0,0.3333333333333333,1,0.21454101126271874,comparison_area,,
EVT-DAHEJ-02793,2025-12-28 08:18:00+00:00,2025-12-28 08:18:00+00:00,21.89194333333333,72.89903444444444,21.8915,72.89867,9,16.46,9.925555555555556,16.46,4.447907123330903,0.6476476476476477,0.66,0.4766666666666667,0,0,1,VIIRS_SNPP_SP,N,9,0,0.0,1,0.8067187200154353,comparison_area,,
EVT-DAHEJ-02794,2025-12-28 08:18:00+00:00,2025-12-28 08:18:00+00:00,21.87346,72.68245,21.87346,72.68245,1,2.24,2.24,2.24,,,0.66,0.66,0,0,1,VIIRS_SNPP_SP,N,1,0,0.0,1,0.0,dahej_fringe,,
EVT-DAHEJ-02795,2025-12-28 20:46:00+00:00,2025-12-28 21:07:00+00:00,21.434495,72.97578,21.43344,72.97563,2,7.29,5.87,4.45,2.0081832585697947,-0.3895747599451303,0.66,0.66,0,0,2,VIIRS_NOAA20_SP;VIIRS_SNPP_SP,N;N20,0,2,0.35,1,0.23666746365463268,comparison_area,,
EVT-DAHEJ-02796,2025-12-28 20:46:00+00:00,2025-12-28 21:07:00+00:00,21.62327666666667,72.79779333333333,21.62309,72.80059,3,3.47,2.4533333333333336,3.12,1.468275632615802,3.051948051948052,0.66,0.66,0,0,2,VIIRS_NOAA20_SP;VIIRS_SNPP_SP,N;N20,0,3,0.35,1,0.4703390924768987,dahej_fringe,,
EVT-DAHEJ-02797,2025-12-29 07:59:00+00:00,2025-12-29 08:20:00+00:00,21.720063333333332,72.71824,21.7221,72.71926,3,2.74,2.566666666666667,2.48,0.15011106998930285,-0.09489051094890519,0.66,0.66,0,0,2,VIIRS_NOAA20_SP;VIIRS_SNPP_SP,N;N20,3,0,0.35,1,0.5380856924886189,dahej_core,,
EVT-DAHEJ-02798,2025-12-29 07:59:00+00:00,2025-12-29 07:59:00+00:00,21.72384,72.75066,21.72384,72.75066,1,2.5,2.5,2.5,,,0.66,0.66,0,0,1,VIIRS_SNPP_SP,N,1,0,0.0,1,0.0,dahej_fringe,,
EVT-DAHEJ-02799,2025-12-29 07:59:00+00:00,2025-12-29 07:59:00+00:00,21.766255,72.68214,21.7684,72.68166,2,3.53,2.95,2.37,0.8202438661763949,-0.3286118980169971,0.66,0.66,0,0,1,VIIRS_SNPP_SP,N,2,0,0.0,1,0.48721939209248444,dahej_core,,
EVT-DAHEJ-02800,2025-12-29 08:20:00+00:00,2025-12-29 08:20:00+00:00,21.58951,72.86217,21.58951,72.86217,1,12.13,12.13,12.13,,,0.66,0.66,0,0,1,VIIRS_NOAA20_SP,N20,1,0,0.0,1,0.0,comparison_area,,
EVT-DAHEJ-02801,2025-12-29 08:20:00+00:00,2025-12-29 08:20:00+00:00,22.07055,72.65159,22.07055,72.65159,1,1.08,1.08,1.08,,,0.33,0.33,0,0,1,VIIRS_NOAA20_SP,N20,1,0,0.0,1,0.0,comparison_area,,
EVT-DAHEJ-02802,2025-12-29 20:49:00+00:00,2025-12-29 20:49:00+00:00,21.69422,72.60464,21.69422,72.60464,1,0.41,0.41,0.41,,,0.66,0.66,0,0,1,VIIRS_NOAA20_SP,N20,0,1,0.0,1,0.0,dahej_core,,
EVT-DAHEJ-02803,2025-12-30 07:40:00+00:00,2025-12-30 07:40:00+00:00,21.56381,72.91578999999999,21.56403,72.91586,2,4.4,3.95,3.5,0.636396103067893,-0.2045454545454546,0.66,0.66,0,0,1,VIIRS_SNPP_SP,N,2,0,0.0,1,0.05102295779094221,comparison_area,,
EVT-DAHEJ-02804,2025-12-30 07:40:00+00:00,2025-12-30 07:40:00+00:00,21.52825,72.81176,21.52825,72.81176,1,9.12,9.12,9.12,,,1.0,1.0,1,0,1,VIIRS_SNPP_SP,N,1,0,0.0,1,0.0,dahej_fringe,,
EVT-DAHEJ-02805,2025-12-30 20:30:00+00:00,2025-12-30 20:30:00+00:00,21.43448,72.97588,21.43448,72.97588,1,0.6,0.6,0.6,,,0.66,0.66,0,0,1,VIIRS_NOAA20_SP,N20,0,1,0.0,1,0.0,comparison_area,,
EVT-DAHEJ-02806,2025-12-30 21:49:00+00:00,2025-12-30 21:49:00+00:00,21.47876,72.79839,21.47876,72.79839,1,0.6,0.6,0.6,,,0.66,0.66,0,0,1,VIIRS_SNPP_SP,N,0,1,0.0,1,0.0,comparison_area,,
