date,spatial_zone,firms_sensor,observation_count,max_frp,mean_frp,high_confidence_count
2023-01-01,comparison_area,VIIRS_NOAA20_SP,2,1.8,1.32,0
2023-01-01,comparison_area,VIIRS_SNPP_SP,1,5.39,5.39,0
2023-01-01,dahej_core,VIIRS_NOAA20_SP,3,1.18,0.96,0
2023-01-01,dahej_core,VIIRS_SNPP_SP,1,1.69,1.69,0
2023-01-02,comparison_area,VIIRS_NOAA20_SP,1,2.21,2.21,0
2023-01-02,dahej_core,VIIRS_NOAA20_SP,4,3.81,2.2199999999999998,0
2023-01-02,dahej_core,VIIRS_SNPP_SP,2,2.77,2.265,0
2023-01-03,comparison_area,VIIRS_NOAA20_SP,2,3.89,2.085,0
2023-01-03,comparison_area,VIIRS_SNPP_SP,2,6.78,6.535,0
2023-01-03,dahej_core,VIIRS_NOAA20_SP,5,5.41,2.384,0
2023-01-03,dahej_core,VIIRS_SNPP_SP,4,5.0,3.3975,0
2023-01-03,dahej_fringe,VIIRS_NOAA20_SP,1,0.74,0.74,0
2023-01-04,dahej_core,VIIRS_NOAA20_SP,4,5.75,3.6300000000000003,0
2023-01-04,dahej_core,VIIRS_SNPP_SP,9,8.26,3.3655555555555554,0
2023-01-05,comparison_area,VIIRS_SNPP_SP,8,8.75,4.48875,0
2023-01-05,dahej_core,VIIRS_NOAA20_SP,2,1.65,1.08,0
2023-01-05,dahej_core,VIIRS_SNPP_SP,4,4.06,1.7425,0
2023-01-05,dahej_fringe,VIIRS_SNPP_SP,5,8.84,5.022,0
2023-01-06,comparison_area,VIIRS_NOAA20_SP,1,0.62,0.62,0
2023-01-06,comparison_area,VIIRS_SNPP_SP,1,1.0,1.0,0
2023-01-06,dahej_core,VIIRS_NOAA20_SP,1,1.55,1.55,0
2023-01-06,dahej_core,VIIRS_SNPP_SP,2,3.69,2.67,0
2023-01-07,comparison_area,VIIRS_SNPP_SP,1,2.69,2.69,0
2023-01-07,dahej_core,VIIRS_NOAA20_SP,3,1.39,1.0233333333333332,0
2023-01-07,dahej_core,VIIRS_SNPP_SP,3,0.87,0.77,0
2023-01-08,comparison_area,VIIRS_SNPP_SP,2,1.87,1.725,0
2023-01-08,dahej_core,VIIRS_NOAA20_SP,5,23.08,12.443999999999999,0
2023-01-08,dahej_core,VIIRS_SNPP_SP,5,3.85,2.406,0
2023-01-08,dahej_fringe,VIIRS_SNPP_SP,3,2.05,1.3633333333333333,0
2023-01-09,comparison_area,VIIRS_NOAA20_SP,1,0.5,0.5,0
2023-01-09,comparison_area,VIIRS_SNPP_SP,1,5.85,5.85,0
2023-01-09,dahej_core,VIIRS_NOAA20_SP,1,1.2,1.2,0
2023-01-09,dahej_core,VIIRS_SNPP_SP,2,5.06,2.9299999999999997,0
2023-01-10,comparison_area,VIIRS_NOAA20_SP,1,0.58,0.58,0
2023-01-10,comparison_area,VIIRS_SNPP_SP,1,2.44,2.44,0
2023-01-10,dahej_core,VIIRS_NOAA20_SP,1,0.78,0.78,0
2023-01-10,dahej_core,VIIRS_SNPP_SP,3,5.71,2.5166666666666666,0
2023-01-11,comparison_area,VIIRS_NOAA20_SP,1,4.8,4.8,0
2023-01-11,comparison_area,VIIRS_SNPP_SP,1,3.07,3.07,0
2023-01-11,dahej_core,VIIRS_NOAA20_SP,1,0.9,0.9,0
2023-01-11,dahej_core,VIIRS_SNPP_SP,1,2.84,2.84,0
2023-01-12,comparison_area,VIIRS_SNPP_SP,1,2.64,2.64,0
2023-01-12,dahej_core,VIIRS_NOAA20_SP,3,4.2,2.3000000000000003,0
2023-01-12,dahej_core,VIIRS_SNPP_SP,1,0.74,0.74,0
2023-01-12,dahej_fringe,VIIRS_NOAA20_SP,1,1.87,1.87,0
2023-01-13,comparison_area,VIIRS_NOAA20_SP,16,19.28,5.61125,0
2023-01-13,comparison_area,VIIRS_SNPP_SP,4,5.49,3.74,0
2023-01-13,dahej_core,VIIRS_NOAA20_SP,5,2.9,1.468,0
2023-01-13,dahej_core,VIIRS_SNPP_SP,4,3.88,2.2424999999999997,0
2023-01-13,dahej_fringe,VIIRS_NOAA20_SP,5,4.84,3.5840000000000005,0
2023-01-14,comparison_area,VIIRS_NOAA20_SP,2,3.14,2.89,0
2023-01-14,comparison_area,VIIRS_SNPP_SP,3,5.82,3.52,0
2023-01-14,dahej_core,VIIRS_NOAA20_SP,3,2.28,1.5999999999999999,0
2023-01-14,dahej_core,VIIRS_SNPP_SP,4,2.95,1.935,0
2023-01-15,comparison_area,VIIRS_NOAA20_SP,5,17.27,14.018,2
2023-01-15,dahej_core,VIIRS_SNPP_SP,3,3.69,1.6900000000000002,0
2023-01-16,comparison_area,VIIRS_NOAA20_SP,2,3.05,1.8399999999999999,0
2023-01-16,comparison_area,VIIRS_SNPP_SP,2,2.04,1.28,0
2023-01-16,dahej_core,VIIRS_NOAA20_SP,2,0.9,0.67,0
2023-01-16,dahej_core,VIIRS_SNPP_SP,1,1.61,1.61,0
2023-01-17,comparison_area,VIIRS_NOAA20_SP,2,5.16,3.825,0
2023-01-17,dahej_core,VIIRS_NOAA20_SP,3,0.83,0.73,0
2023-01-17,dahej_core,VIIRS_SNPP_SP,1,6.26,6.26,0
2023-01-18,comparison_area,VIIRS_NOAA20_SP,4,3.95,1.6775,0
2023-01-18,dahej_core,VIIRS_NOAA20_SP,2,2.57,1.69,0
2023-01-18,dahej_fringe,VIIRS_NOAA20_SP,1,0.25,0.25,0
2023-01-18,dahej_fringe,VIIRS_SNPP_SP,1,2.27,2.27,0
2023-01-19,comparison_area,VIIRS_SNPP_SP,1,3.18,3.18,0
2023-01-19,dahej_core,VIIRS_SNPP_SP,1,1.54,1.54,0
2023-01-19,dahej_fringe,VIIRS_NOAA20_SP,2,4.41,4.1850000000000005,0
2023-01-19,dahej_fringe,VIIRS_SNPP_SP,1,5.0,5.0,0
2023-01-20,comparison_area,VIIRS_NOAA20_SP,2,5.71,4.72,0
2023-01-20,dahej_core,VIIRS_SNPP_SP,1,2.58,2.58,0
2023-01-21,comparison_area,VIIRS_SNPP_SP,15,10.01,4.251333333333333,0
2023-01-21,dahej_core,VIIRS_NOAA20_SP,5,5.01,3.3899999999999997,0
2023-01-21,dahej_core,VIIRS_SNPP_SP,4,2.72,1.9775,0
2023-01-21,dahej_fringe,VIIRS_SNPP_SP,3,4.24,1.9966666666666668,0
2023-01-22,comparison_area,VIIRS_NOAA20_SP,1,4.53,4.53,0
2023-01-22,comparison_area,VIIRS_SNPP_SP,1,1.88,1.88,0
2023-01-22,dahej_core,VIIRS_SNPP_SP,3,13.56,9.373333333333333,0
2023-01-22,dahej_fringe,VIIRS_NOAA20_SP,2,3.75,3.35,0
2023-01-23,comparison_area,VIIRS_NOAA20_SP,1,0.83,0.83,0
2023-01-23,comparison_area,VIIRS_SNPP_SP,1,3.52,3.52,0
2023-01-23,dahej_core,VIIRS_SNPP_SP,3,1.62,1.2666666666666668,0
2023-01-24,comparison_area,VIIRS_NOAA20_SP,5,8.7,2.902,0
2023-01-24,dahej_core,VIIRS_SNPP_SP,1,2.01,2.01,0
2023-01-24,dahej_fringe,VIIRS_SNPP_SP,2,11.46,10.975000000000001,0
2023-01-25,comparison_area,VIIRS_NOAA20_SP,1,5.32,5.32,0
2023-01-25,comparison_area,VIIRS_SNPP_SP,6,38.41,10.93,0
2023-01-25,dahej_core,VIIRS_NOAA20_SP,1,8.81,8.81,0
2023-01-25,dahej_core,VIIRS_SNPP_SP,3,23.29,14.743333333333332,0
2023-01-26,comparison_area,VIIRS_SNPP_SP,2,2.41,2.2750000000000004,0
2023-01-26,dahej_core,VIIRS_SNPP_SP,1,0.52,0.52,0
2023-01-27,comparison_area,VIIRS_SNPP_SP,1,5.21,5.21,0
2023-01-28,dahej_fringe,VIIRS_NOAA20_SP,2,0.72,0.505,0
2023-01-29,comparison_area,VIIRS_NOAA20_SP,3,4.63,3.4333333333333336,0
2023-01-29,dahej_fringe,VIIRS_NOAA20_SP,1,2.31,2.31,0
2023-01-30,comparison_area,VIIRS_NOAA20_SP,1,12.42,12.42,0
2023-01-30,comparison_area,VIIRS_SNPP_SP,2,3.86,3.86,0
2023-01-31,dahej_core,VIIRS_SNPP_SP,1,0.49,0.49,0
2023-01-31,dahej_fringe,VIIRS_NOAA20_SP,2,11.14,9.56,1
2023-01-31,dahej_fringe,VIIRS_SNPP_SP,1,42.03,42.03,0
2023-02-01,comparison_area,VIIRS_SNPP_SP,5,7.46,3.9539999999999997,0
2023-02-02,comparison_area,VIIRS_NOAA20_SP,3,5.95,4.256666666666667,0
2023-02-02,comparison_area,VIIRS_SNPP_SP,3,10.27,9.483333333333333,0
2023-02-02,dahej_core,VIIRS_NOAA20_SP,1,4.61,4.61,0
2023-02-02,dahej_fringe,VIIRS_NOAA20_SP,2,5.32,4.25,0
2023-02-03,comparison_area,VIIRS_NOAA20_SP,1,2.77,2.77,0
2023-02-03,comparison_area,VIIRS_SNPP_SP,3,5.26,4.366666666666666,0
2023-02-03,dahej_core,VIIRS_NOAA20_SP,3,2.52,2.25,0
2023-02-03,dahej_core,VIIRS_SNPP_SP,2,0.87,0.735,0
2023-02-04,comparison_area,VIIRS_NOAA20_SP,3,9.68,6.19,0
2023-02-04,comparison_area,VIIRS_SNPP_SP,5,5.54,3.6980000000000004,0
2023-02-05,comparison_area,VIIRS_NOAA20_SP,2,2.75,2.44,0
2023-02-05,comparison_area,VIIRS_SNPP_SP,2,5.32,4.015000000000001,0
2023-02-05,dahej_core,VIIRS_NOAA20_SP,3,4.47,3.606666666666667,0
2023-02-05,dahej_core,VIIRS_SNPP_SP,5,13.25,7.802,0
2023-02-06,comparison_area,VIIRS_SNPP_SP,1,2.73,2.73,0
2023-02-06,dahej_fringe,VIIRS_NOAA20_SP,2,4.5,4.105,0
2023-02-07,comparison_area,VIIRS_NOAA20_SP,5,7.41,4.136,0
2023-02-07,comparison_area,VIIRS_SNPP_SP,3,4.41,3.5066666666666664,0
2023-02-07,dahej_fringe,VIIRS_SNPP_SP,2,3.59,2.895,0
2023-02-08,comparison_area,VIIRS_NOAA20_SP,4,3.33,2.2075,0
2023-02-08,comparison_area,VIIRS_SNPP_SP,1,4.0,4.0,0
2023-02-08,dahej_core,VIIRS_SNPP_SP,2,2.7,2.665,0
2023-02-08,dahej_fringe,VIIRS_NOAA20_SP,1,6.87,6.87,0
2023-02-08,dahej_fringe,VIIRS_SNPP_SP,1,2.54,2.54,0
2023-02-09,comparison_area,VIIRS_SNPP_SP,1,1.93,1.93,0
2023-02-09,dahej_core,VIIRS_SNPP_SP,2,2.0,1.9,0
2023-02-09,dahej_fringe,VIIRS_SNPP_SP,1,0.34,0.34,0
2023-02-10,comparison_area,VIIRS_NOAA20_SP,1,4.55,4.55,0
2023-02-10,comparison_area,VIIRS_SNPP_SP,4,11.69,6.5525,1
2023-02-10,dahej_core,VIIRS_NOAA20_SP,3,15.68,10.32,0
2023-02-10,dahej_core,VIIRS_SNPP_SP,7,10.39,7.180000000000001,0
2023-02-10,dahej_fringe,VIIRS_NOAA20_SP,1,0.53,0.53,0
2023-02-11,comparison_area,VIIRS_NOAA20_SP,1,3.77,3.77,0
2023-02-11,comparison_area,VIIRS_SNPP_SP,2,4.98,3.9850000000000003,0
2023-02-11,dahej_fringe,VIIRS_SNPP_SP,1,2.78,2.78,0
2023-02-12,comparison_area,VIIRS_NOAA20_SP,2,7.84,4.82,0
2023-02-12,comparison_area,VIIRS_SNPP_SP,4,7.11,3.0775,0
2023-02-12,dahej_fringe,VIIRS_SNPP_SP,1,4.97,4.97,0
2023-02-13,comparison_area,VIIRS_NOAA20_SP,4,15.77,9.04,0
2023-02-13,comparison_area,VIIRS_SNPP_SP,4,7.25,5.655,1
2023-02-13,dahej_fringe,VIIRS_NOAA20_SP,1,2.9,2.9,0
2023-02-14,comparison_area,VIIRS_NOAA20_SP,2,8.1,5.395,0
2023-02-14,comparison_area,VIIRS_SNPP_SP,2,5.6,5.59,0
2023-02-14,dahej_core,VIIRS_SNPP_SP,2,5.41,3.765,0
2023-02-14,dahej_fringe,VIIRS_NOAA20_SP,1,0.23,0.23,0
2023-02-14,dahej_fringe,VIIRS_SNPP_SP,2,3.7,3.535,0
2023-02-15,comparison_area,VIIRS_NOAA20_SP,4,8.65,6.635,0
2023-02-15,comparison_area,VIIRS_SNPP_SP,4,10.35,9.695,0
2023-02-15,dahej_fringe,VIIRS_NOAA20_SP,2,3.86,2.1799999999999997,0
2023-02-15,dahej_fringe,VIIRS_SNPP_SP,1,7.08,7.08,0
2023-02-16,dahej_core,VIIRS_NOAA20_SP,2,0.47,0.435,0
2023-02-17,comparison_area,VIIRS_NOAA20_SP,1,0.43,0.43,0
2023-02-17,comparison_area,VIIRS_SNPP_SP,1,0.64,0.64,0
2023-02-17,dahej_core,VIIRS_NOAA20_SP,1,0.31,0.31,0
2023-02-17,dahej_core,VIIRS_SNPP_SP,3,8.23,4.746666666666667,0
2023-02-17,dahej_fringe,VIIRS_NOAA20_SP,6,2.72,1.5516666666666667,0
2023-02-17,dahej_fringe,VIIRS_SNPP_SP,4,10.46,5.987500000000001,0
2023-02-18,comparison_area,VIIRS_NOAA20_SP,1,6.55,6.55,0
2023-02-18,dahej_core,VIIRS_NOAA20_SP,1,8.64,8.64,0
2023-02-19,comparison_area,VIIRS_NOAA20_SP,2,2.26,1.855,0
2023-02-19,dahej_fringe,VIIRS_NOAA20_SP,1,0.35,0.35,0
2023-02-20,comparison_area,VIIRS_NOAA20_SP,1,4.91,4.91,0
2023-02-20,comparison_area,VIIRS_SNPP_SP,1,4.72,4.72,0
2023-02-20,dahej_core,VIIRS_NOAA20_SP,3,20.43,13.81,0
2023-02-21,comparison_area,VIIRS_NOAA20_SP,3,5.96,5.616666666666667,0
2023-02-21,comparison_area,VIIRS_SNPP_SP,2,3.61,3.32,0
2023-02-22,dahej_fringe,VIIRS_NOAA20_SP,1,0.68,0.68,0
2023-02-22,dahej_fringe,VIIRS_SNPP_SP,1,0.35,0.35,0
2023-02-23,comparison_area,VIIRS_NOAA20_SP,2,2.92,1.865,0
2023-02-23,comparison_area,VIIRS_SNPP_SP,1,3.02,3.02,0
2023-02-23,dahej_core,VIIRS_NOAA20_SP,1,14.27,14.27,0
2023-02-23,dahej_fringe,VIIRS_NOAA20_SP,3,4.88,2.776666666666667,0
2023-02-23,dahej_fringe,VIIRS_SNPP_SP,2,4.3,4.3,0
2023-02-24,comparison_area,VIIRS_NOAA20_SP,1,3.67,3.67,0
2023-02-25,comparison_area,VIIRS_NOAA20_SP,1,0.78,0.78,0
2023-02-25,comparison_area,VIIRS_SNPP_SP,3,5.19,4.23,0
2023-02-26,comparison_area,VIIRS_NOAA20_SP,1,6.06,6.06,0
2023-02-26,comparison_area,VIIRS_SNPP_SP,2,2.36,2.36,0
2023-02-26,dahej_core,VIIRS_SNPP_SP,4,10.96,9.2,0
2023-02-26,dahej_fringe,VIIRS_NOAA20_SP,1,2.66,2.66,0
2023-02-27,comparison_area,VIIRS_NOAA20_SP,1,7.58,7.58,0
2023-02-27,comparison_area,VIIRS_SNPP_SP,3,6.84,2.603333333333333,0
2023-02-27,dahej_core,VIIRS_NOAA20_SP,3,4.81,3.4433333333333334,0
2023-02-27,dahej_core,VIIRS_SNPP_SP,2,6.02,5.14,0
2023-02-27,dahej_fringe,VIIRS_SNPP_SP,1,4.88,4.88,0
2023-02-28,comparison_area,VIIRS_SNPP_SP,2,2.81,2.005,0
2023-02-28,dahej_core,VIIRS_NOAA20_SP,1,6.13,6.13,0
2023-02-28,dahej_core,VIIRS_SNPP_SP,3,3.9,3.3666666666666667,0
2023-03-01,comparison_area,VIIRS_SNPP_SP,1,3.13,3.13,0
2023-03-01,dahej_fringe,VIIRS_SNPP_SP,1,3.06,3.06,0
2023-03-02,comparison_area,VIIRS_NOAA20_SP,1,1.08,1.08,0
2023-03-02,comparison_area,VIIRS_SNPP_SP,1,2.07,2.07,0
2023-03-02,dahej_core,VIIRS_NOAA20_SP,1,11.9,11.9,0
2023-03-02,dahej_core,VIIRS_SNPP_SP,3,15.24,10.963333333333333,0
2023-03-02,dahej_fringe,VIIRS_NOAA20_SP,1,0.35,0.35,0
2023-03-03,comparison_area,VIIRS_NOAA20_SP,5,6.62,3.874,0
2023-03-03,comparison_area,VIIRS_SNPP_SP,1,6.49,6.49,0
2023-03-04,comparison_area,VIIRS_NOAA20_SP,5,4.44,2.946,0
2023-03-04,comparison_area,VIIRS_SNPP_SP,9,7.56,2.4566666666666666,0
2023-03-04,dahej_core,VIIRS_NOAA20_SP,3,4.47,3.473333333333333,0
2023-03-04,dahej_core,VIIRS_SNPP_SP,1,6.57,6.57,0
2023-03-04,dahej_fringe,VIIRS_NOAA20_SP,6,7.48,2.7600000000000002,0
2023-03-04,dahej_fringe,VIIRS_SNPP_SP,2,2.68,1.59,0
2023-03-05,comparison_area,VIIRS_NOAA20_SP,1,0.56,0.56,0
2023-03-05,comparison_area,VIIRS_SNPP_SP,8,9.83,3.11125,0
2023-03-05,dahej_fringe,VIIRS_NOAA20_SP,1,2.43,2.43,0
2023-03-05,dahej_fringe,VIIRS_SNPP_SP,3,7.84,3.8366666666666664,0
2023-03-06,comparison_area,VIIRS_SNPP_SP,1,14.95,14.95,0
2023-03-06,dahej_core,VIIRS_NOAA20_SP,3,14.03,9.723333333333333,0
2023-03-06,dahej_core,VIIRS_SNPP_SP,3,6.41,4.733333333333333,0
2023-03-07,comparison_area,VIIRS_NOAA20_SP,5,8.49,4.215999999999999,0
2023-03-07,dahej_core,VIIRS_NOAA20_SP,2,1.24,1.24,0
2023-03-07,dahej_core,VIIRS_SNPP_SP,4,2.61,1.7574999999999998,0
2023-03-07,dahej_fringe,VIIRS_NOAA20_SP,2,5.02,4.58,0
2023-03-07,dahej_fringe,VIIRS_SNPP_SP,2,4.78,4.51,0
2023-03-08,comparison_area,VIIRS_NOAA20_SP,3,6.76,2.8066666666666666,0
2023-03-08,comparison_area,VIIRS_SNPP_SP,4,6.24,3.625,0
2023-03-08,dahej_core,VIIRS_SNPP_SP,2,6.52,6.52,0
2023-03-09,comparison_area,VIIRS_NOAA20_SP,2,4.98,3.915,0
2023-03-09,comparison_area,VIIRS_SNPP_SP,3,24.83,18.53333333333333,0
2023-03-10,comparison_area,VIIRS_NOAA20_SP,1,2.5,2.5,0
2023-03-10,comparison_area,VIIRS_SNPP_SP,6,5.64,2.5483333333333333,0
2023-03-10,dahej_core,VIIRS_NOAA20_SP,5,7.18,2.59,0
2023-03-10,dahej_core,VIIRS_SNPP_SP,2,26.96,17.01,0
2023-03-10,dahej_fringe,VIIRS_NOAA20_SP,1,3.96,3.96,0
2023-03-10,dahej_fringe,VIIRS_SNPP_SP,1,0.94,0.94,0
2023-03-11,comparison_area,VIIRS_NOAA20_SP,1,5.88,5.88,0
2023-03-11,comparison_area,VIIRS_SNPP_SP,5,8.22,6.744,0
2023-03-11,dahej_core,VIIRS_NOAA20_SP,1,16.21,16.21,0
2023-03-11,dahej_fringe,VIIRS_NOAA20_SP,6,38.65,16.655,2
2023-03-11,dahej_fringe,VIIRS_SNPP_SP,6,16.86,8.813333333333333,0
2023-03-12,comparison_area,VIIRS_NOAA20_SP,2,1.56,1.15,0
2023-03-12,dahej_core,VIIRS_SNPP_SP,5,30.24,20.502,1
2023-03-12,dahej_fringe,VIIRS_NOAA20_SP,1,0.68,0.68,0
2023-03-13,comparison_area,VIIRS_NOAA20_SP,1,4.21,4.21,0
2023-03-13,comparison_area,VIIRS_SNPP_SP,4,2.61,1.5975,0
2023-03-13,dahej_fringe,VIIRS_SNPP_SP,1,2.43,2.43,0
2023-03-14,dahej_core,VIIRS_NOAA20_SP,1,2.22,2.22,0
2023-03-14,dahej_fringe,VIIRS_NOAA20_SP,1,6.1,6.1,0
2023-03-14,dahej_fringe,VIIRS_SNPP_SP,2,8.86,8.655,0
2023-03-15,dahej_core,VIIRS_NOAA20_SP,2,2.05,1.49,0
2023-03-16,comparison_area,VIIRS_SNPP_SP,1,3.05,3.05,0
2023-03-17,comparison_area,VIIRS_SNPP_SP,3,2.98,2.9633333333333334,0
2023-03-17,dahej_core,VIIRS_NOAA20_SP,1,1.44,1.44,0
2023-03-17,dahej_fringe,VIIRS_SNPP_SP,3,3.49,2.266666666666667,0
2023-03-18,dahej_core,VIIRS_NOAA20_SP,3,7.03,4.656666666666667,0
2023-03-18,dahej_fringe,VIIRS_SNPP_SP,1,0.48,0.48,0
2023-03-19,comparison_area,VIIRS_NOAA20_SP,1,2.96,2.96,0
2023-03-19,comparison_area,VIIRS_SNPP_SP,1,5.88,5.88,0
2023-03-19,dahej_core,VIIRS_NOAA20_SP,3,4.85,4.03,0
2023-03-19,dahej_core,VIIRS_SNPP_SP,5,5.12,3.6439999999999997,0
2023-03-19,dahej_fringe,VIIRS_NOAA20_SP,1,0.22,0.22,0
2023-03-20,dahej_core,VIIRS_NOAA20_SP,1,1.86,1.86,0
2023-03-20,dahej_fringe,VIIRS_SNPP_SP,1,1.64,1.64,0
2023-03-21,comparison_area,VIIRS_NOAA20_SP,2,7.1,6.619999999999999,0
2023-03-22,comparison_area,VIIRS_NOAA20_SP,2,1.93,1.87,0
2023-03-22,comparison_area,VIIRS_SNPP_SP,1,3.27,3.27,0
2023-03-22,dahej_core,VIIRS_NOAA20_SP,2,6.59,6.305,0
2023-03-23,dahej_core,VIIRS_NOAA20_SP,2,6.67,5.484999999999999,0
2023-03-23,dahej_core,VIIRS_SNPP_SP,1,3.68,3.68,0
2023-03-23,dahej_fringe,VIIRS_NOAA20_SP,1,3.92,3.92,0
2023-03-24,comparison_area,VIIRS_NOAA20_SP,1,8.11,8.11,0
2023-03-24,comparison_area,VIIRS_SNPP_SP,2,18.97,12.195,1
2023-03-24,dahej_fringe,VIIRS_NOAA20_SP,1,6.31,6.31,0
2023-03-25,comparison_area,VIIRS_NOAA20_SP,5,4.18,2.678,0
2023-03-25,comparison_area,VIIRS_SNPP_SP,6,8.11,4.965,0
2023-03-25,dahej_core,VIIRS_SNPP_SP,1,8.73,8.73,0
2023-03-25,dahej_fringe,VIIRS_NOAA20_SP,4,3.9,2.2575,0
2023-03-25,dahej_fringe,VIIRS_SNPP_SP,3,13.43,7.813333333333333,0
2023-03-26,comparison_area,VIIRS_NOAA20_SP,6,18.29,8.066666666666666,1
2023-03-26,comparison_area,VIIRS_SNPP_SP,11,27.82,8.978181818181817,0
2023-03-26,dahej_core,VIIRS_SNPP_SP,1,4.64,4.64,0
2023-03-26,dahej_fringe,VIIRS_NOAA20_SP,2,8.96,8.17,1
2023-03-26,dahej_fringe,VIIRS_SNPP_SP,2,11.04,8.395,1
2023-03-27,comparison_area,VIIRS_NOAA20_SP,6,22.58,8.15,0
2023-03-27,comparison_area,VIIRS_SNPP_SP,2,6.16,4.98,0
2023-03-27,dahej_core,VIIRS_NOAA20_SP,4,12.37,8.325,1
2023-03-27,dahej_core,VIIRS_SNPP_SP,4,25.34,10.3275,1
2023-03-27,dahej_fringe,VIIRS_NOAA20_SP,3,6.37,5.816666666666666,0
2023-03-27,dahej_fringe,VIIRS_SNPP_SP,1,9.2,9.2,0
2023-03-28,comparison_area,VIIRS_NOAA20_SP,6,15.48,9.741666666666665,0
2023-03-28,comparison_area,VIIRS_SNPP_SP,5,5.38,4.104000000000001,0
2023-03-28,dahej_core,VIIRS_SNPP_SP,5,6.6,5.05,0
2023-03-28,dahej_fringe,VIIRS_NOAA20_SP,1,0.79,0.79,0
2023-03-28,dahej_fringe,VIIRS_SNPP_SP,3,11.53,5.79,0
2023-03-29,comparison_area,VIIRS_NOAA20_SP,2,5.99,3.725,0
2023-03-29,comparison_area,VIIRS_SNPP_SP,4,3.44,2.59,0
2023-03-29,dahej_core,VIIRS_NOAA20_SP,1,9.67,9.67,0
2023-03-29,dahej_core,VIIRS_SNPP_SP,1,3.56,3.56,0
2023-03-29,dahej_fringe,VIIRS_SNPP_SP,3,3.83,2.5833333333333335,0
2023-03-30,dahej_core,VIIRS_SNPP_SP,1,0.92,0.92,0
2023-03-31,comparison_area,VIIRS_NOAA20_SP,6,7.05,5.741666666666667,0
2023-03-31,comparison_area,VIIRS_SNPP_SP,6,7.83,4.286666666666666,0
2023-03-31,dahej_fringe,VIIRS_NOAA20_SP,3,11.4,6.656666666666666,1
2023-03-31,dahej_fringe,VIIRS_SNPP_SP,4,7.74,6.0125,0
2023-04-01,comparison_area,VIIRS_NOAA20_SP,3,5.51,3.5700000000000003,0
2023-04-01,comparison_area,VIIRS_SNPP_SP,2,9.76,6.72,0
2023-04-01,dahej_core,VIIRS_SNPP_SP,4,9.01,7.1625,0
2023-04-01,dahej_fringe,VIIRS_SNPP_SP,1,7.73,7.73,0
2023-04-02,comparison_area,VIIRS_NOAA20_SP,2,15.96,12.465,0
2023-04-02,comparison_area,VIIRS_SNPP_SP,2,2.38,1.785,0
2023-04-02,dahej_fringe,VIIRS_NOAA20_SP,1,3.79,3.79,0
2023-04-03,comparison_area,VIIRS_NOAA20_SP,4,21.48,8.2875,0
2023-04-03,comparison_area,VIIRS_SNPP_SP,6,4.46,3.5283333333333338,0
2023-04-03,dahej_core,VIIRS_NOAA20_SP,2,8.34,7.72,0
2023-04-03,dahej_core,VIIRS_SNPP_SP,3,5.21,3.346666666666667,0
2023-04-03,dahej_fringe,VIIRS_NOAA20_SP,2,14.09,7.3549999999999995,0
2023-04-04,comparison_area,VIIRS_NOAA20_SP,5,4.55,3.2659999999999996,0
2023-04-04,comparison_area,VIIRS_SNPP_SP,3,4.59,2.4766666666666666,0
2023-04-04,dahej_core,VIIRS_NOAA20_SP,1,2.16,2.16,0
2023-04-04,dahej_core,VIIRS_SNPP_SP,1,1.0,1.0,0
2023-04-04,dahej_fringe,VIIRS_SNPP_SP,2,5.84,5.84,0
2023-04-05,comparison_area,VIIRS_NOAA20_SP,2,1.17,1.025,0
2023-04-05,comparison_area,VIIRS_SNPP_SP,7,6.66,4.175714285714286,0
2023-04-05,dahej_fringe,VIIRS_NOAA20_SP,1,12.75,12.75,0
2023-04-06,comparison_area,VIIRS_NOAA20_SP,13,11.31,4.256923076923077,3
2023-04-06,comparison_area,VIIRS_SNPP_SP,8,18.43,14.36625,0
2023-04-06,dahej_core,VIIRS_SNPP_SP,4,29.1,13.0225,0
2023-04-06,dahej_fringe,VIIRS_NOAA20_SP,3,4.52,3.4499999999999997,0
2023-04-06,dahej_fringe,VIIRS_SNPP_SP,4,12.39,7.4750000000000005,0
2023-04-07,comparison_area,VIIRS_NOAA20_SP,5,9.26,6.214,0
2023-04-07,dahej_core,VIIRS_NOAA20_SP,7,25.36,13.51,0
2023-04-07,dahej_core,VIIRS_SNPP_SP,1,7.8,7.8,0
2023-04-07,dahej_fringe,VIIRS_SNPP_SP,1,1.22,1.22,0
2023-04-08,comparison_area,VIIRS_NOAA20_SP,8,35.82,8.79875,0
2023-04-08,comparison_area,VIIRS_SNPP_SP,10,6.22,3.2079999999999997,0
2023-04-08,dahej_core,VIIRS_NOAA20_SP,6,12.63,6.93,0
2023-04-08,dahej_core,VIIRS_SNPP_SP,1,8.28,8.28,0
2023-04-08,dahej_fringe,VIIRS_SNPP_SP,2,4.06,2.3899999999999997,0
2023-04-09,comparison_area,VIIRS_NOAA20_SP,2,4.01,2.87,0
2023-04-09,comparison_area,VIIRS_SNPP_SP,3,11.9,10.706666666666665,0
2023-04-09,dahej_core,VIIRS_NOAA20_SP,1,3.64,3.64,0
2023-04-09,dahej_core,VIIRS_SNPP_SP,1,2.32,2.32,0
2023-04-09,dahej_fringe,VIIRS_SNPP_SP,1,4.17,4.17,0
2023-04-10,comparison_area,VIIRS_NOAA20_SP,6,4.9,3.285,0
2023-04-10,comparison_area,VIIRS_SNPP_SP,2,4.28,4.28,0
2023-04-10,dahej_core,VIIRS_SNPP_SP,1,11.35,11.35,0
2023-04-10,dahej_fringe,VIIRS_NOAA20_SP,2,2.48,1.98,0
2023-04-10,dahej_fringe,VIIRS_SNPP_SP,1,1.37,1.37,0
2023-04-11,comparison_area,VIIRS_NOAA20_SP,5,9.28,4.696,0
2023-04-11,comparison_area,VIIRS_SNPP_SP,4,9.41,6.9575000000000005,0
2023-04-11,dahej_core,VIIRS_SNPP_SP,1,8.1,8.1,0
2023-04-11,dahej_fringe,VIIRS_NOAA20_SP,2,9.18,7.324999999999999,0
2023-04-11,dahej_fringe,VIIRS_SNPP_SP,3,14.88,12.47,0
2023-04-12,comparison_area,VIIRS_NOAA20_SP,2,9.64,7.365,0
2023-04-12,comparison_area,VIIRS_SNPP_SP,1,8.95,8.95,0
2023-04-12,dahej_core,VIIRS_NOAA20_SP,2,16.12,15.620000000000001,0
2023-04-12,dahej_core,VIIRS_SNPP_SP,3,14.89,11.979999999999999,0
2023-04-12,dahej_fringe,VIIRS_NOAA20_SP,1,12.67,12.67,0
2023-04-12,dahej_fringe,VIIRS_SNPP_SP,1,26.93,26.93,0
2023-04-13,comparison_area,VIIRS_NOAA20_SP,3,6.35,4.866666666666666,0
2023-04-13,comparison_area,VIIRS_SNPP_SP,1,4.37,4.37,0
2023-04-13,dahej_core,VIIRS_SNPP_SP,2,1.77,1.665,0
2023-04-13,dahej_fringe,VIIRS_NOAA20_SP,1,1.69,1.69,0
2023-04-14,comparison_area,VIIRS_NOAA20_SP,1,8.93,8.93,0
2023-04-14,dahej_core,VIIRS_NOAA20_SP,1,13.95,13.95,0
2023-04-14,dahej_core,VIIRS_SNPP_SP,1,2.78,2.78,0
2023-04-14,dahej_fringe,VIIRS_NOAA20_SP,1,12.14,12.14,0
2023-04-14,dahej_fringe,VIIRS_SNPP_SP,1,7.8,7.8,0
2023-04-15,comparison_area,VIIRS_NOAA20_SP,5,31.41,13.282,0
2023-04-15,comparison_area,VIIRS_SNPP_SP,3,8.36,7.47,0
2023-04-15,dahej_core,VIIRS_SNPP_SP,1,62.42,62.42,0
2023-04-16,comparison_area,VIIRS_NOAA20_SP,8,20.8,11.0275,0
2023-04-16,comparison_area,VIIRS_SNPP_SP,2,13.63,9.690000000000001,0
2023-04-16,dahej_core,VIIRS_NOAA20_SP,2,6.3,6.3,0
2023-04-16,dahej_core,VIIRS_SNPP_SP,5,16.8,11.48,0
2023-04-16,dahej_fringe,VIIRS_SNPP_SP,1,10.61,10.61,0
2023-04-17,comparison_area,VIIRS_NOAA20_SP,1,6.49,6.49,0
2023-04-17,comparison_area,VIIRS_SNPP_SP,2,11.18,11.18,1
2023-04-18,comparison_area,VIIRS_NOAA20_SP,2,11.48,8.075,0
2023-04-18,comparison_area,VIIRS_SNPP_SP,3,10.59,7.836666666666666,0
2023-04-18,dahej_core,VIIRS_NOAA20_SP,1,16.0,16.0,0
2023-04-18,dahej_fringe,VIIRS_NOAA20_SP,3,11.71,9.263333333333334,0
2023-04-19,comparison_area,VIIRS_NOAA20_SP,3,11.25,5.48,0
2023-04-19,comparison_area,VIIRS_SNPP_SP,3,2.18,1.8533333333333335,0
2023-04-19,dahej_fringe,VIIRS_NOAA20_SP,2,12.0,10.92,0
2023-04-20,comparison_area,VIIRS_NOAA20_SP,2,10.75,8.15,0
2023-04-20,comparison_area,VIIRS_SNPP_SP,2,12.27,11.89,0
2023-04-20,dahej_fringe,VIIRS_NOAA20_SP,1,17.13,17.13,0
2023-04-20,dahej_fringe,VIIRS_SNPP_SP,1,7.8,7.8,0
2023-04-21,comparison_area,VIIRS_NOAA20_SP,4,3.29,2.3375,0
2023-04-21,comparison_area,VIIRS_SNPP_SP,4,5.83,4.6225000000000005,0
2023-04-21,dahej_core,VIIRS_NOAA20_SP,1,2.49,2.49,0
2023-04-21,dahej_core,VIIRS_SNPP_SP,1,10.52,10.52,0
2023-04-21,dahej_fringe,VIIRS_SNPP_SP,1,3.99,3.99,0
2023-04-22,comparison_area,VIIRS_NOAA20_SP,9,5.54,4.526666666666667,1
2023-04-22,comparison_area,VIIRS_SNPP_SP,3,11.13,6.06,0
2023-04-22,dahej_core,VIIRS_SNPP_SP,4,15.27,11.915,0
2023-04-22,dahej_fringe,VIIRS_NOAA20_SP,2,2.77,1.94,0
2023-04-23,comparison_area,VIIRS_SNPP_SP,4,19.14,10.875,0
2023-04-23,dahej_fringe,VIIRS_SNPP_SP,3,10.81,7.260000000000001,0
2023-04-24,comparison_area,VIIRS_NOAA20_SP,1,12.52,12.52,0
2023-04-24,dahej_fringe,VIIRS_NOAA20_SP,2,12.99,12.99,0
2023-04-24,dahej_fringe,VIIRS_SNPP_SP,1,3.54,3.54,0
2023-04-25,comparison_area,VIIRS_NOAA20_SP,4,24.8,13.6325,0
2023-04-25,comparison_area,VIIRS_SNPP_SP,4,8.49,6.92,0
2023-04-25,dahej_fringe,VIIRS_NOAA20_SP,6,19.05,14.751666666666667,0
2023-04-25,dahej_fringe,VIIRS_SNPP_SP,1,15.34,15.34,0
2023-04-26,comparison_area,VIIRS_NOAA20_SP,1,2.1,2.1,0
2023-04-26,comparison_area,VIIRS_SNPP_SP,3,11.48,7.413333333333333,0
2023-04-26,dahej_fringe,VIIRS_SNPP_SP,2,5.72,4.89,0
2023-04-27,comparison_area,VIIRS_NOAA20_SP,3,4.58,3.703333333333333,0
2023-04-27,dahej_core,VIIRS_NOAA20_SP,2,3.41,2.5300000000000002,0
2023-04-27,dahej_core,VIIRS_SNPP_SP,3,4.76,2.52,0
2023-04-29,comparison_area,VIIRS_NOAA20_SP,1,4.18,4.18,0
2023-04-30,comparison_area,VIIRS_NOAA20_SP,1,5.2,5.2,0
2023-04-30,comparison_area,VIIRS_SNPP_SP,1,1.71,1.71,0
2023-04-30,dahej_core,VIIRS_SNPP_SP,1,1.39,1.39,0
2023-04-30,dahej_fringe,VIIRS_NOAA20_SP,1,9.06,9.06,0
2023-05-02,comparison_area,VIIRS_NOAA20_SP,1,10.08,10.08,0
2023-05-02,comparison_area,VIIRS_SNPP_SP,1,2.81,2.81,0
2023-05-02,dahej_core,VIIRS_SNPP_SP,1,8.14,8.14,0
2023-05-02,dahej_fringe,VIIRS_NOAA20_SP,1,2.03,2.03,0
2023-05-03,dahej_core,VIIRS_NOAA20_SP,1,2.22,2.22,0
2023-05-04,comparison_area,VIIRS_NOAA20_SP,1,16.76,16.76,0
2023-05-04,dahej_core,VIIRS_NOAA20_SP,3,17.41,15.203333333333333,0
2023-05-04,dahej_core,VIIRS_SNPP_SP,3,6.71,6.036666666666666,0
2023-05-05,comparison_area,VIIRS_NOAA20_SP,3,15.85,9.09,0
2023-05-06,comparison_area,VIIRS_SNPP_SP,1,7.59,7.59,0
2023-05-07,comparison_area,VIIRS_SNPP_SP,2,6.93,3.8099999999999996,0
2023-05-07,dahej_core,VIIRS_NOAA20_SP,4,5.51,3.9675000000000002,0
2023-05-07,dahej_fringe,VIIRS_NOAA20_SP,1,3.64,3.64,0
2023-05-08,comparison_area,VIIRS_NOAA20_SP,6,6.14,4.471666666666667,1
2023-05-08,comparison_area,VIIRS_SNPP_SP,3,4.06,2.483333333333333,0
2023-05-08,dahej_core,VIIRS_NOAA20_SP,2,5.96,5.96,0
2023-05-08,dahej_core,VIIRS_SNPP_SP,1,16.21,16.21,0
2023-05-08,dahej_fringe,VIIRS_NOAA20_SP,1,6.64,6.64,0
2023-05-08,dahej_fringe,VIIRS_SNPP_SP,1,12.12,12.12,0
2023-05-09,comparison_area,VIIRS_NOAA20_SP,2,17.11,16.57,0
2023-05-09,dahej_core,VIIRS_NOAA20_SP,2,23.29,16.4,0
2023-05-09,dahej_core,VIIRS_SNPP_SP,2,28.64,21.525,1
2023-05-09,dahej_fringe,VIIRS_SNPP_SP,1,15.37,15.37,0
2023-05-10,comparison_area,VIIRS_NOAA20_SP,1,4.59,4.59,0
2023-05-10,comparison_area,VIIRS_SNPP_SP,8,21.48,10.29375,0
2023-05-10,dahej_core,VIIRS_NOAA20_SP,3,12.84,10.423333333333334,0
2023-05-10,dahej_core,VIIRS_SNPP_SP,5,16.79,12.097999999999999,1
2023-05-10,dahej_fringe,VIIRS_NOAA20_SP,2,5.43,5.43,0
2023-05-11,comparison_area,VIIRS_SNPP_SP,3,14.97,7.2,0
2023-05-11,dahej_core,VIIRS_SNPP_SP,2,31.67,30.590000000000003,0
2023-05-12,comparison_area,VIIRS_NOAA20_SP,1,16.04,16.04,0
2023-05-12,dahej_core,VIIRS_NOAA20_SP,1,16.5,16.5,0
2023-05-12,dahej_fringe,VIIRS_NOAA20_SP,4,19.05,12.4,1
2023-05-12,dahej_fringe,VIIRS_SNPP_SP,1,1.81,1.81,0
2023-05-13,comparison_area,VIIRS_NOAA20_SP,7,22.89,13.141428571428571,3
2023-05-14,comparison_area,VIIRS_NOAA20_SP,4,10.14,6.21,0
2023-05-14,comparison_area,VIIRS_SNPP_SP,2,10.08,6.5,0
2023-05-14,dahej_core,VIIRS_NOAA20_SP,1,5.06,5.06,0
2023-05-14,dahej_fringe,VIIRS_NOAA20_SP,2,18.11,14.105,0
2023-05-15,comparison_area,VIIRS_NOAA20_SP,2,5.4,4.815,0
2023-05-15,comparison_area,VIIRS_SNPP_SP,3,6.19,4.986666666666667,0
2023-05-15,dahej_core,VIIRS_NOAA20_SP,6,10.47,8.761666666666667,0
2023-05-15,dahej_core,VIIRS_SNPP_SP,2,2.42,2.025,0
2023-05-15,dahej_fringe,VIIRS_NOAA20_SP,1,9.66,9.66,0
2023-05-16,comparison_area,VIIRS_NOAA20_SP,1,8.51,8.51,0
2023-05-16,comparison_area,VIIRS_SNPP_SP,2,2.65,2.435,0
2023-05-16,dahej_fringe,VIIRS_NOAA20_SP,2,10.53,8.315,0
2023-05-17,comparison_area,VIIRS_SNPP_SP,2,7.35,4.965,0
2023-05-17,dahej_core,VIIRS_NOAA20_SP,1,11.35,11.35,0
2023-05-17,dahej_core,VIIRS_SNPP_SP,1,60.19,60.19,0
2023-05-18,comparison_area,VIIRS_NOAA20_SP,3,3.63,2.5866666666666664,0
2023-05-18,comparison_area,VIIRS_SNPP_SP,1,7.9,7.9,0
2023-05-18,dahej_core,VIIRS_NOAA20_SP,1,2.44,2.44,0
2023-05-20,comparison_area,VIIRS_SNPP_SP,2,5.23,5.09,0
2023-05-20,dahej_fringe,VIIRS_NOAA20_SP,1,3.84,3.84,0
2023-05-21,comparison_area,VIIRS_NOAA20_SP,1,2.51,2.51,0
2023-05-21,comparison_area,VIIRS_SNPP_SP,5,6.36,4.398000000000001,0
2023-05-22,comparison_area,VIIRS_NOAA20_SP,2,7.18,5.8100000000000005,0
2023-05-22,comparison_area,VIIRS_SNPP_SP,4,5.16,3.49,0
2023-05-22,dahej_core,VIIRS_SNPP_SP,2,15.59,15.219999999999999,0
2023-05-22,dahej_fringe,VIIRS_NOAA20_SP,1,14.69,14.69,0
2023-05-22,dahej_fringe,VIIRS_SNPP_SP,1,0.8,0.8,0
2023-05-23,comparison_area,VIIRS_NOAA20_SP,3,8.37,7.1866666666666665,0
2023-05-23,comparison_area,VIIRS_SNPP_SP,4,8.71,5.44,0
2023-05-23,dahej_core,VIIRS_NOAA20_SP,4,6.56,2.995,0
2023-05-23,dahej_core,VIIRS_SNPP_SP,2,0.91,0.91,0
2023-05-23,dahej_fringe,VIIRS_SNPP_SP,1,13.43,13.43,0
2023-05-24,comparison_area,VIIRS_NOAA20_SP,7,11.55,4.142857142857143,1
2023-05-24,comparison_area,VIIRS_SNPP_SP,1,7.24,7.24,0
2023-05-24,dahej_fringe,VIIRS_NOAA20_SP,3,12.5,10.209999999999999,1
2023-05-24,dahej_fringe,VIIRS_SNPP_SP,3,10.69,9.996666666666666,0
2023-05-25,comparison_area,VIIRS_NOAA20_SP,2,9.09,8.36,0
2023-05-25,comparison_area,VIIRS_SNPP_SP,4,6.48,4.665,0
2023-05-25,dahej_core,VIIRS_NOAA20_SP,1,1.45,1.45,0
2023-05-25,dahej_core,VIIRS_SNPP_SP,1,1.09,1.09,0
2023-05-25,dahej_fringe,VIIRS_SNPP_SP,1,2.22,2.22,0
2023-05-26,comparison_area,VIIRS_NOAA20_SP,3,2.41,1.8800000000000001,0
2023-05-26,comparison_area,VIIRS_SNPP_SP,1,3.13,3.13,0
2023-05-26,dahej_core,VIIRS_NOAA20_SP,1,5.36,5.36,0
2023-05-27,comparison_area,VIIRS_NOAA20_SP,1,1.41,1.41,0
2023-05-27,comparison_area,VIIRS_SNPP_SP,3,2.57,2.106666666666667,0
2023-05-27,dahej_core,VIIRS_NOAA20_SP,1,3.39,3.39,0
2023-05-28,comparison_area,VIIRS_SNPP_SP,3,7.82,4.56,0
2023-05-28,dahej_core,VIIRS_SNPP_SP,1,6.73,6.73,0
2023-05-28,dahej_fringe,VIIRS_NOAA20_SP,3,8.63,7.486666666666667,1
2023-05-28,dahej_fringe,VIIRS_SNPP_SP,1,13.42,13.42,0
2023-05-29,comparison_area,VIIRS_NOAA20_SP,1,1.49,1.49,0
2023-05-29,dahej_core,VIIRS_NOAA20_SP,2,5.08,5.07,0
2023-05-29,dahej_core,VIIRS_SNPP_SP,2,10.61,10.295,0
2023-05-30,comparison_area,VIIRS_NOAA20_SP,6,7.47,3.776666666666667,0
2023-05-30,comparison_area,VIIRS_SNPP_SP,2,5.08,4.075,0
2023-05-30,dahej_core,VIIRS_NOAA20_SP,1,5.94,5.94,0
2023-05-30,dahej_fringe,VIIRS_NOAA20_SP,1,4.73,4.73,0
2023-05-30,dahej_fringe,VIIRS_SNPP_SP,2,29.2,29.2,0
2023-05-31,comparison_area,VIIRS_NOAA20_SP,5,21.81,9.348,0
2023-05-31,comparison_area,VIIRS_SNPP_SP,4,4.5,4.3475,0
2023-05-31,dahej_core,VIIRS_NOAA20_SP,1,2.63,2.63,0
2023-06-01,comparison_area,VIIRS_SNPP_SP,3,3.09,1.5199999999999998,0
2023-06-01,dahej_core,VIIRS_NOAA20_SP,1,37.21,37.21,0
2023-06-01,dahej_core,VIIRS_SNPP_SP,4,11.06,10.295,1
2023-06-03,comparison_area,VIIRS_SNPP_SP,1,4.9,4.9,0
2023-06-03,dahej_fringe,VIIRS_SNPP_SP,1,8.94,8.94,0
2023-06-04,comparison_area,VIIRS_NOAA20_SP,2,2.83,2.325,0
2023-06-04,comparison_area,VIIRS_SNPP_SP,1,3.73,3.73,0
2023-06-04,dahej_core,VIIRS_NOAA20_SP,1,2.54,2.54,0
2023-06-04,dahej_fringe,VIIRS_NOAA20_SP,1,3.57,3.57,0
2023-06-05,dahej_core,VIIRS_SNPP_SP,1,2.29,2.29,0
2023-06-05,dahej_fringe,VIIRS_NOAA20_SP,1,8.34,8.34,0
2023-06-06,comparison_area,VIIRS_NOAA20_SP,1,5.21,5.21,0
2023-06-06,dahej_core,VIIRS_NOAA20_SP,3,9.79,9.08,0
2023-06-06,dahej_core,VIIRS_SNPP_SP,1,0.63,0.63,0
2023-06-06,dahej_fringe,VIIRS_NOAA20_SP,1,8.62,8.62,0
2023-06-07,comparison_area,VIIRS_NOAA20_SP,1,7.68,7.68,0
2023-06-07,dahej_fringe,VIIRS_SNPP_SP,1,1.43,1.43,0
2023-06-08,comparison_area,VIIRS_NOAA20_SP,2,3.17,2.35,0
2023-06-08,comparison_area,VIIRS_SNPP_SP,5,10.43,6.072,0
2023-06-09,comparison_area,VIIRS_NOAA20_SP,6,7.32,4.183333333333334,1
2023-06-09,comparison_area,VIIRS_SNPP_SP,2,45.43,24.19,0
2023-06-09,dahej_core,VIIRS_SNPP_SP,3,57.27,32.4,0
2023-06-09,dahej_fringe,VIIRS_SNPP_SP,3,10.67,8.799999999999999,0
2023-06-10,comparison_area,VIIRS_NOAA20_SP,2,13.06,8.205,0
2023-06-10,dahej_core,VIIRS_NOAA20_SP,2,7.38,5.885,0
2023-06-11,comparison_area,VIIRS_NOAA20_SP,4,7.12,3.8625,0
2023-06-11,comparison_area,VIIRS_SNPP_SP,5,10.9,7.6240000000000006,0
2023-06-11,dahej_core,VIIRS_NOAA20_SP,1,2.43,2.43,0
2023-06-11,dahej_fringe,VIIRS_NOAA20_SP,1,5.35,5.35,0
2023-06-12,comparison_area,VIIRS_NOAA20_SP,1,1.13,1.13,0
2023-06-12,dahej_core,VIIRS_NOAA20_SP,3,5.12,4.673333333333333,0
2023-06-12,dahej_core,VIIRS_SNPP_SP,1,3.0,3.0,0
2023-06-13,comparison_area,VIIRS_NOAA20_SP,1,0.54,0.54,0
2023-06-13,dahej_core,VIIRS_NOAA20_SP,2,8.15,7.755000000000001,1
2023-06-13,dahej_core,VIIRS_SNPP_SP,3,2.86,2.4966666666666666,0
2023-06-14,dahej_core,VIIRS_NOAA20_SP,1,2.15,2.15,0
2023-06-14,dahej_core,VIIRS_SNPP_SP,2,4.1,3.96,0
2023-06-15,dahej_core,VIIRS_NOAA20_SP,1,7.6,7.6,0
2023-06-16,dahej_core,VIIRS_NOAA20_SP,4,3.84,3.02,0
2023-06-16,dahej_core,VIIRS_SNPP_SP,5,4.59,3.084,0
2023-06-18,comparison_area,VIIRS_SNPP_SP,1,2.77,2.77,0
2023-06-18,dahej_core,VIIRS_NOAA20_SP,1,9.43,9.43,0
2023-06-18,dahej_core,VIIRS_SNPP_SP,11,23.53,7.856363636363636,0
2023-06-19,dahej_core,VIIRS_NOAA20_SP,9,21.32,8.538888888888888,0
2023-06-19,dahej_core,VIIRS_SNPP_SP,3,5.09,3.7099999999999995,0
2023-06-20,comparison_area,VIIRS_SNPP_SP,1,2.4,2.4,0
2023-06-20,dahej_core,VIIRS_NOAA20_SP,6,12.62,7.57,0
2023-06-20,dahej_core,VIIRS_SNPP_SP,6,10.81,8.668333333333333,0
2023-06-21,comparison_area,VIIRS_NOAA20_SP,1,5.96,5.96,0
2023-06-21,comparison_area,VIIRS_SNPP_SP,1,2.05,2.05,0
2023-06-21,dahej_core,VIIRS_NOAA20_SP,3,32.74,14.406666666666666,0
2023-06-21,dahej_core,VIIRS_SNPP_SP,3,13.34,12.023333333333333,2
2023-06-21,dahej_fringe,VIIRS_NOAA20_SP,2,10.88,10.84,0
2023-06-22,comparison_area,VIIRS_NOAA20_SP,1,5.85,5.85,0
2023-06-22,dahej_core,VIIRS_SNPP_SP,3,8.41,6.376666666666668,0
2023-06-22,dahej_fringe,VIIRS_SNPP_SP,3,3.48,3.1666666666666665,0
2023-06-23,comparison_area,VIIRS_NOAA20_SP,3,19.12,10.046666666666667,0
2023-06-23,comparison_area,VIIRS_SNPP_SP,2,2.53,2.315,0
2023-06-23,dahej_core,VIIRS_NOAA20_SP,1,2.85,2.85,0
2023-06-23,dahej_core,VIIRS_SNPP_SP,6,10.94,6.585,0
2023-06-23,dahej_fringe,VIIRS_SNPP_SP,1,1.72,1.72,0
2023-06-25,dahej_core,VIIRS_NOAA20_SP,1,3.78,3.78,0
2023-06-25,dahej_core,VIIRS_SNPP_SP,1,9.53,9.53,0
2023-06-26,dahej_core,VIIRS_NOAA20_SP,3,1.94,1.7266666666666666,0
2023-07-05,dahej_core,VIIRS_NOAA20_SP,2,38.81,32.94,0
2023-07-07,dahej_core,VIIRS_NOAA20_SP,5,33.25,8.584,0
2023-07-07,dahej_core,VIIRS_SNPP_SP,2,12.29,12.29,0
2023-07-12,dahej_core,VIIRS_SNPP_SP,1,6.66,6.66,0
2023-08-28,dahej_core,VIIRS_NOAA20_SP,1,0.75,0.75,0
2023-09-12,dahej_core,VIIRS_SNPP_SP,1,0.38,0.38,0
2023-09-13,dahej_core,VIIRS_SNPP_SP,1,2.57,2.57,0
2023-09-21,dahej_core,VIIRS_NOAA20_SP,2,3.61,3.4299999999999997,0
2023-09-22,dahej_core,VIIRS_NOAA20_SP,1,17.39,17.39,0
2023-09-22,dahej_core,VIIRS_SNPP_SP,3,11.0,8.246666666666668,0
2023-10-02,comparison_area,VIIRS_NOAA20_SP,1,1.34,1.34,0
2023-10-04,comparison_area,VIIRS_SNPP_SP,1,0.59,0.59,0
2023-10-04,dahej_core,VIIRS_NOAA20_SP,13,46.59,15.621538461538462,2
2023-10-04,dahej_core,VIIRS_SNPP_SP,4,14.1,11.24,0
2023-10-05,dahej_core,VIIRS_NOAA20_SP,2,21.88,21.88,0
2023-10-05,dahej_core,VIIRS_SNPP_SP,1,22.69,22.69,0
2023-10-10,comparison_area,VIIRS_NOAA20_SP,1,3.5,3.5,0
2023-10-10,comparison_area,VIIRS_SNPP_SP,3,6.81,6.23,0
2023-10-11,comparison_area,VIIRS_NOAA20_SP,3,6.93,4.976666666666667,0
2023-10-11,comparison_area,VIIRS_SNPP_SP,2,4.87,3.7350000000000003,1
2023-10-12,comparison_area,VIIRS_NOAA20_SP,2,1.06,0.73,0
2023-10-14,comparison_area,VIIRS_SNPP_SP,1,1.49,1.49,0
2023-10-19,comparison_area,VIIRS_NOAA20_SP,2,2.19,2.19,0
2023-10-19,dahej_core,VIIRS_NOAA20_SP,1,1.09,1.09,0
2023-10-22,comparison_area,VIIRS_NOAA20_SP,1,0.75,0.75,0
2023-10-22,comparison_area,VIIRS_SNPP_SP,1,4.22,4.22,0
2023-10-25,comparison_area,VIIRS_SNPP_SP,1,1.52,1.52,0
2023-10-25,dahej_fringe,VIIRS_NOAA20_SP,1,0.91,0.91,0
2023-10-25,dahej_fringe,VIIRS_SNPP_SP,1,1.71,1.71,0
2023-10-28,comparison_area,VIIRS_SNPP_SP,1,1.24,1.24,0
2023-10-28,dahej_core,VIIRS_NOAA20_SP,3,20.6,7.620000000000001,0
2023-10-28,dahej_core,VIIRS_SNPP_SP,2,5.67,5.67,1
2023-10-30,dahej_core,VIIRS_SNPP_SP,1,1.17,1.17,0
2023-10-31,comparison_area,VIIRS_SNPP_SP,1,6.28,6.28,0
2023-11-01,comparison_area,VIIRS_NOAA20_SP,1,1.82,1.82,0
2023-11-01,dahej_core,VIIRS_NOAA20_SP,2,27.84,15.89,0
2023-11-01,dahej_core,VIIRS_SNPP_SP,2,10.22,6.99,0
2023-11-02,comparison_area,VIIRS_NOAA20_SP,1,0.54,0.54,0
2023-11-02,dahej_core,VIIRS_SNPP_SP,1,0.8,0.8,0
2023-11-03,comparison_area,VIIRS_NOAA20_SP,4,1.9,1.42,0
2023-11-03,dahej_fringe,VIIRS_NOAA20_SP,2,8.24,6.925000000000001,0
2023-11-04,comparison_area,VIIRS_NOAA20_SP,1,0.34,0.34,0
2023-11-04,comparison_area,VIIRS_SNPP_SP,2,5.97,4.785,0
2023-11-04,dahej_core,VIIRS_NOAA20_SP,1,2.1,2.1,0
2023-11-04,dahej_core,VIIRS_SNPP_SP,1,4.2,4.2,0
2023-11-05,comparison_area,VIIRS_SNPP_SP,1,0.56,0.56,0
2023-11-05,dahej_core,VIIRS_SNPP_SP,2,7.77,6.42,0
2023-11-06,dahej_core,VIIRS_SNPP_SP,2,1.83,1.065,0
2023-11-06,dahej_fringe,VIIRS_SNPP_SP,2,2.78,2.41,0
2023-11-07,comparison_area,VIIRS_NOAA20_SP,1,4.39,4.39,0
2023-11-07,dahej_core,VIIRS_NOAA20_SP,1,0.95,0.95,0
2023-11-08,comparison_area,VIIRS_NOAA20_SP,5,7.99,5.96,0
2023-11-08,comparison_area,VIIRS_SNPP_SP,4,5.99,3.9924999999999997,1
2023-11-08,dahej_fringe,VIIRS_NOAA20_SP,2,2.85,2.645,0
2023-11-09,comparison_area,VIIRS_NOAA20_SP,2,5.07,3.095,0
2023-11-09,comparison_area,VIIRS_SNPP_SP,4,4.2,2.3975,0
2023-11-09,dahej_core,VIIRS_NOAA20_SP,3,12.08,10.356666666666667,0
2023-11-09,dahej_core,VIIRS_SNPP_SP,1,5.36,5.36,0
2023-11-10,comparison_area,VIIRS_SNPP_SP,2,1.8,1.335,0
2023-11-10,dahej_core,VIIRS_NOAA20_SP,1,4.27,4.27,0
2023-11-11,comparison_area,VIIRS_SNPP_SP,1,4.81,4.81,0
2023-11-11,dahej_fringe,VIIRS_NOAA20_SP,1,1.58,1.58,0
2023-11-11,dahej_fringe,VIIRS_SNPP_SP,1,1.49,1.49,0
2023-11-12,comparison_area,VIIRS_NOAA20_SP,1,1.64,1.64,0
2023-11-12,comparison_area,VIIRS_SNPP_SP,1,3.15,3.15,0
2023-11-12,dahej_core,VIIRS_NOAA20_SP,2,2.42,2.295,0
2023-11-12,dahej_core,VIIRS_SNPP_SP,2,2.02,1.96,0
2023-11-13,comparison_area,VIIRS_NOAA20_SP,2,2.64,2.5650000000000004,0
2023-11-13,dahej_fringe,VIIRS_NOAA20_SP,2,1.97,1.97,0
2023-11-13,dahej_fringe,VIIRS_SNPP_SP,1,3.45,3.45,0
2023-11-14,dahej_fringe,VIIRS_NOAA20_SP,2,3.12,3.12,0
2023-11-14,dahej_fringe,VIIRS_SNPP_SP,1,0.98,0.98,0
2023-11-15,comparison_area,VIIRS_NOAA20_SP,1,2.6,2.6,0
2023-11-15,comparison_area,VIIRS_SNPP_SP,2,5.67,4.325,0
2023-11-15,dahej_fringe,VIIRS_SNPP_SP,1,1.19,1.19,0
2023-11-16,comparison_area,VIIRS_NOAA20_SP,2,1.78,1.195,0
2023-11-16,comparison_area,VIIRS_SNPP_SP,2,4.23,2.4050000000000002,0
2023-11-16,dahej_core,VIIRS_SNPP_SP,2,14.8,11.625,0
2023-11-16,dahej_fringe,VIIRS_SNPP_SP,1,4.18,4.18,0
2023-11-17,comparison_area,VIIRS_NOAA20_SP,4,4.98,3.325,0
2023-11-17,comparison_area,VIIRS_SNPP_SP,1,4.13,4.13,0
2023-11-17,dahej_core,VIIRS_NOAA20_SP,1,1.57,1.57,0
2023-11-18,comparison_area,VIIRS_NOAA20_SP,1,2.67,2.67,0
2023-11-19,comparison_area,VIIRS_NOAA20_SP,1,4.69,4.69,0
2023-11-19,dahej_core,VIIRS_NOAA20_SP,4,14.07,12.3625,0
2023-11-19,dahej_fringe,VIIRS_NOAA20_SP,1,6.39,6.39,0
2023-11-20,comparison_area,VIIRS_NOAA20_SP,1,0.29,0.29,0
2023-11-21,comparison_area,VIIRS_SNPP_SP,4,6.98,3.395,0
2023-11-21,dahej_core,VIIRS_NOAA20_SP,9,12.34,6.946666666666666,0
2023-11-21,dahej_core,VIIRS_SNPP_SP,4,43.22,14.782499999999999,0
2023-11-21,dahej_fringe,VIIRS_SNPP_SP,1,1.91,1.91,0
2023-11-22,comparison_area,VIIRS_NOAA20_SP,2,4.72,3.9899999999999998,0
2023-11-22,comparison_area,VIIRS_SNPP_SP,3,3.14,1.49,0
2023-11-22,dahej_fringe,VIIRS_NOAA20_SP,1,6.79,6.79,0
2023-11-22,dahej_fringe,VIIRS_SNPP_SP,1,7.62,7.62,0
2023-11-23,comparison_area,VIIRS_SNPP_SP,1,1.39,1.39,0
2023-11-24,dahej_fringe,VIIRS_NOAA20_SP,1,3.17,3.17,0
2023-11-25,dahej_core,VIIRS_NOAA20_SP,1,3.35,3.35,0
2023-11-25,dahej_core,VIIRS_SNPP_SP,1,17.01,17.01,0
2023-11-29,comparison_area,VIIRS_NOAA20_SP,4,7.26,5.699999999999999,0
2023-12-02,dahej_fringe,VIIRS_SNPP_SP,1,4.31,4.31,0
2023-12-03,comparison_area,VIIRS_NOAA20_SP,1,0.55,0.55,0
2023-12-04,comparison_area,VIIRS_NOAA20_SP,1,1.74,1.74,0
2023-12-04,dahej_fringe,VIIRS_NOAA20_SP,1,2.81,2.81,0
2023-12-05,comparison_area,VIIRS_SNPP_SP,1,5.43,5.43,0
2023-12-06,comparison_area,VIIRS_SNPP_SP,5,3.75,2.3440000000000003,0
2023-12-07,comparison_area,VIIRS_SNPP_SP,12,7.06,5.675833333333333,0
2023-12-08,comparison_area,VIIRS_NOAA20_SP,1,0.5,0.5,0
2023-12-08,dahej_core,VIIRS_NOAA20_SP,1,5.73,5.73,0
2023-12-08,dahej_core,VIIRS_SNPP_SP,1,2.82,2.82,0
2023-12-09,comparison_area,VIIRS_NOAA20_SP,2,1.88,1.135,0
2023-12-10,comparison_area,VIIRS_NOAA20_SP,2,2.27,1.775,0
2023-12-10,comparison_area,VIIRS_SNPP_SP,5,3.5,2.048,0
2023-12-10,dahej_core,VIIRS_NOAA20_SP,2,2.48,2.48,0
2023-12-10,dahej_core,VIIRS_SNPP_SP,2,4.74,3.81,0
2023-12-11,comparison_area,VIIRS_NOAA20_SP,2,0.41,0.385,0
2023-12-11,comparison_area,VIIRS_SNPP_SP,1,0.37,0.37,0
2023-12-12,comparison_area,VIIRS_SNPP_SP,2,2.51,2.0549999999999997,0
2023-12-12,dahej_fringe,VIIRS_SNPP_SP,1,2.66,2.66,0
2023-12-13,dahej_core,VIIRS_NOAA20_SP,3,13.08,10.299999999999999,0
2023-12-13,dahej_core,VIIRS_SNPP_SP,3,6.09,4.21,0
2023-12-14,comparison_area,VIIRS_NOAA20_SP,2,2.31,1.56,0
2023-12-15,comparison_area,VIIRS_NOAA20_SP,11,10.02,7.004545454545454,1
2023-12-15,dahej_core,VIIRS_NOAA20_SP,1,3.23,3.23,0
2023-12-15,dahej_core,VIIRS_SNPP_SP,1,1.17,1.17,0
2023-12-15,dahej_fringe,VIIRS_NOAA20_SP,3,2.86,2.103333333333333,0
2023-12-16,comparison_area,VIIRS_SNPP_SP,2,6.27,3.9899999999999998,0
2023-12-17,comparison_area,VIIRS_NOAA20_SP,3,0.64,0.5233333333333333,0
2023-12-17,comparison_area,VIIRS_SNPP_SP,7,3.96,2.072857142857143,0
2023-12-17,dahej_fringe,VIIRS_NOAA20_SP,1,2.65,2.65,0
2023-12-18,comparison_area,VIIRS_SNPP_SP,2,6.78,4.43,0
2023-12-20,comparison_area,VIIRS_NOAA20_SP,2,5.33,3.7750000000000004,0
2023-12-20,comparison_area,VIIRS_SNPP_SP,2,7.41,5.995,0
2023-12-22,comparison_area,VIIRS_NOAA20_SP,2,0.27,0.27,0
2023-12-23,comparison_area,VIIRS_NOAA20_SP,2,4.62,4.355,0
2023-12-23,comparison_area,VIIRS_SNPP_SP,15,34.64,5.506,0
2023-12-23,dahej_core,VIIRS_NOAA20_SP,1,4.8,4.8,0
2023-12-23,dahej_core,VIIRS_SNPP_SP,4,5.2,2.6275,0
2023-12-23,dahej_fringe,VIIRS_SNPP_SP,6,5.86,3.86,0
2023-12-24,comparison_area,VIIRS_NOAA20_SP,4,10.35,5.0725,0
2023-12-24,comparison_area,VIIRS_SNPP_SP,3,4.81,3.2399999999999998,0
2023-12-24,dahej_core,VIIRS_NOAA20_SP,1,5.0,5.0,0
2023-12-24,dahej_core,VIIRS_SNPP_SP,2,2.23,1.895,0
2023-12-25,comparison_area,VIIRS_NOAA20_SP,4,1.69,0.8474999999999999,0
2023-12-25,comparison_area,VIIRS_SNPP_SP,1,0.95,0.95,0
2023-12-25,dahej_core,VIIRS_NOAA20_SP,2,2.5,2.1550000000000002,0
2023-12-25,dahej_core,VIIRS_SNPP_SP,1,2.36,2.36,0
2023-12-26,comparison_area,VIIRS_NOAA20_SP,1,0.7,0.7,0
2023-12-26,comparison_area,VIIRS_SNPP_SP,1,0.38,0.38,0
2023-12-28,comparison_area,VIIRS_NOAA20_SP,4,10.82,7.635,0
2023-12-29,comparison_area,VIIRS_SNPP_SP,1,3.48,3.48,0
2023-12-29,dahej_core,VIIRS_NOAA20_SP,2,5.91,5.234999999999999,0
2023-12-29,dahej_core,VIIRS_SNPP_SP,2,6.23,4.285,0
2023-12-30,comparison_area,VIIRS_NOAA20_SP,1,3.25,3.25,0
2023-12-31,comparison_area,VIIRS_NOAA20_SP,13,5.83,3.3,0
2023-12-31,dahej_core,VIIRS_NOAA20_SP,1,0.42,0.42,0
2023-12-31,dahej_fringe,VIIRS_NOAA20_SP,5,5.1,3.5119999999999996,0
2024-01-01,comparison_area,VIIRS_NOAA20_SP,3,2.75,1.39,0
2024-01-01,comparison_area,VIIRS_SNPP_SP,1,4.42,4.42,0
2024-01-02,dahej_core,VIIRS_SNPP_SP,1,0.88,0.88,0
2024-01-03,comparison_area,VIIRS_SNPP_SP,2,0.55,0.515,0
2024-01-03,dahej_core,VIIRS_SNPP_SP,1,1.24,1.24,0
2024-01-04,dahej_core,VIIRS_NOAA20_SP,1,1.1,1.1,0
2024-01-04,dahej_core,VIIRS_SNPP_SP,1,0.92,0.92,0
2024-01-05,comparison_area,VIIRS_NOAA20_SP,1,0.62,0.62,0
2024-01-05,comparison_area,VIIRS_SNPP_SP,1,0.75,0.75,0
2024-01-05,dahej_core,VIIRS_NOAA20_SP,3,2.32,2.0,0
2024-01-05,dahej_core,VIIRS_SNPP_SP,2,0.58,0.55,0
2024-01-06,comparison_area,VIIRS_NOAA20_SP,1,1.91,1.91,0
2024-01-06,dahej_core,VIIRS_NOAA20_SP,2,3.26,2.17,0
2024-01-06,dahej_core,VIIRS_SNPP_SP,1,1.19,1.19,0
2024-01-07,comparison_area,VIIRS_NOAA20_SP,2,1.13,1.13,0
2024-01-07,comparison_area,VIIRS_SNPP_SP,1,3.97,3.97,0
2024-01-07,dahej_core,VIIRS_NOAA20_SP,1,0.54,0.54,0
2024-01-07,dahej_core,VIIRS_SNPP_SP,1,1.1,1.1,0
2024-01-08,comparison_area,VIIRS_SNPP_SP,11,7.48,4.5618181818181816,0
2024-01-08,dahej_core,VIIRS_SNPP_SP,2,1.31,0.8200000000000001,0
2024-01-08,dahej_fringe,VIIRS_NOAA20_SP,1,0.65,0.65,0
2024-01-08,dahej_fringe,VIIRS_SNPP_SP,5,8.13,4.3260000000000005,0
2024-01-10,comparison_area,VIIRS_NOAA20_SP,1,4.81,4.81,0
2024-01-10,dahej_core,VIIRS_NOAA20_SP,2,0.62,0.505,0
2024-01-11,comparison_area,VIIRS_NOAA20_SP,2,11.95,6.55,0
2024-01-11,comparison_area,VIIRS_SNPP_SP,1,0.43,0.43,0
2024-01-12,comparison_area,VIIRS_SNPP_SP,3,2.86,2.473333333333333,0
2024-01-12,dahej_core,VIIRS_NOAA20_SP,2,5.14,4.359999999999999,0
2024-01-12,dahej_core,VIIRS_SNPP_SP,1,1.42,1.42,0
2024-01-13,comparison_area,VIIRS_SNPP_SP,4,9.09,2.875,0
2024-01-13,dahej_core,VIIRS_SNPP_SP,2,5.99,3.965,0
2024-01-14,comparison_area,VIIRS_NOAA20_SP,4,3.0,1.975,0
2024-01-14,comparison_area,VIIRS_SNPP_SP,1,1.4,1.4,0
2024-01-14,dahej_fringe,VIIRS_SNPP_SP,1,5.31,5.31,0
2024-01-15,comparison_area,VIIRS_NOAA20_SP,8,11.89,6.16125,0
2024-01-15,comparison_area,VIIRS_SNPP_SP,6,6.58,2.1866666666666665,1
2024-01-15,dahej_fringe,VIIRS_NOAA20_SP,2,43.65,23.75,0
2024-01-15,dahej_fringe,VIIRS_SNPP_SP,1,1.98,1.98,0
2024-01-16,comparison_area,VIIRS_NOAA20_SP,26,15.13,4.806153846153847,0
2024-01-16,comparison_area,VIIRS_SNPP_SP,3,4.8,3.86,0
2024-01-16,dahej_core,VIIRS_NOAA20_SP,2,3.24,3.1550000000000002,0
2024-01-16,dahej_fringe,VIIRS_NOAA20_SP,5,7.86,4.2299999999999995,0
2024-01-17,comparison_area,VIIRS_NOAA20_SP,8,11.41,6.41125,0
2024-01-17,comparison_area,VIIRS_SNPP_SP,5,3.37,2.632,0
2024-01-18,comparison_area,VIIRS_NOAA20_SP,2,20.21,19.445,2
2024-01-18,comparison_area,VIIRS_SNPP_SP,2,1.74,1.17,0
2024-01-18,dahej_core,VIIRS_NOAA20_SP,2,3.45,3.145,0
2024-01-18,dahej_core,VIIRS_SNPP_SP,1,2.79,2.79,0
2024-01-18,dahej_fringe,VIIRS_NOAA20_SP,2,1.34,1.0050000000000001,0
2024-01-18,dahej_fringe,VIIRS_SNPP_SP,2,2.72,2.49,0
2024-01-19,comparison_area,VIIRS_SNPP_SP,2,4.5,4.5,0
2024-01-20,comparison_area,VIIRS_NOAA20_SP,1,3.23,3.23,0
2024-01-20,comparison_area,VIIRS_SNPP_SP,3,4.39,3.36,0
2024-01-20,dahej_core,VIIRS_SNPP_SP,1,2.71,2.71,0
2024-01-21,comparison_area,VIIRS_NOAA20_SP,9,7.23,2.9133333333333336,0
2024-01-21,comparison_area,VIIRS_SNPP_SP,5,8.26,3.816,0
2024-01-21,dahej_core,VIIRS_NOAA20_SP,4,7.7,4.3975,0
2024-01-21,dahej_fringe,VIIRS_NOAA20_SP,2,3.92,2.675,0
2024-01-22,comparison_area,VIIRS_NOAA20_SP,9,5.11,2.7022222222222223,0
2024-01-22,dahej_fringe,VIIRS_NOAA20_SP,1,2.74,2.74,0
2024-01-23,comparison_area,VIIRS_SNPP_SP,4,5.43,3.0375,0
2024-01-23,dahej_core,VIIRS_NOAA20_SP,1,2.83,2.83,0
2024-01-23,dahej_core,VIIRS_SNPP_SP,1,2.13,2.13,0
2024-01-23,dahej_fringe,VIIRS_SNPP_SP,1,3.13,3.13,0
2024-01-24,comparison_area,VIIRS_NOAA20_SP,6,20.58,10.173333333333334,4
2024-01-24,comparison_area,VIIRS_SNPP_SP,15,9.11,3.5113333333333334,0
2024-01-24,dahej_core,VIIRS_NOAA20_SP,3,2.48,1.71,0
2024-01-24,dahej_core,VIIRS_SNPP_SP,5,8.11,2.674,0
2024-01-24,dahej_fringe,VIIRS_NOAA20_SP,2,7.28,5.49,1
2024-01-24,dahej_fringe,VIIRS_SNPP_SP,7,5.34,2.9442857142857144,0
2024-01-25,comparison_area,VIIRS_NOAA20_SP,6,21.73,8.491666666666667,0
2024-01-25,comparison_area,VIIRS_SNPP_SP,4,4.13,2.6725,0
2024-01-25,dahej_core,VIIRS_NOAA20_SP,3,6.06,2.8666666666666667,0
2024-01-25,dahej_core,VIIRS_SNPP_SP,3,3.51,1.64,0
2024-01-25,dahej_fringe,VIIRS_NOAA20_SP,2,7.09,5.93,0
2024-01-25,dahej_fringe,VIIRS_SNPP_SP,1,5.22,5.22,0
2024-01-26,comparison_area,VIIRS_NOAA20_SP,2,11.36,5.835,0
2024-01-26,comparison_area,VIIRS_SNPP_SP,1,2.64,2.64,0
2024-01-26,dahej_core,VIIRS_NOAA20_SP,5,8.2,3.7079999999999997,0
2024-01-26,dahej_core,VIIRS_SNPP_SP,4,4.86,4.7425,0
2024-01-26,dahej_fringe,VIIRS_SNPP_SP,3,12.64,9.586666666666668,0
2024-01-27,comparison_area,VIIRS_NOAA20_SP,2,5.61,3.115,0
2024-01-27,comparison_area,VIIRS_SNPP_SP,5,2.56,2.102,0
2024-01-27,dahej_core,VIIRS_NOAA20_SP,1,3.31,3.31,0
2024-01-27,dahej_core,VIIRS_SNPP_SP,2,3.14,3.01,0
2024-01-27,dahej_fringe,VIIRS_SNPP_SP,2,0.66,0.5900000000000001,0
2024-01-28,comparison_area,VIIRS_NOAA20_SP,4,5.58,2.72,0
2024-01-28,comparison_area,VIIRS_SNPP_SP,4,10.36,5.36,0
2024-01-28,dahej_core,VIIRS_SNPP_SP,4,3.72,3.4225000000000003,0
2024-01-29,comparison_area,VIIRS_NOAA20_SP,1,2.51,2.51,0
2024-01-29,comparison_area,VIIRS_SNPP_SP,3,4.17,3.6633333333333336,0
2024-01-29,dahej_fringe,VIIRS_NOAA20_SP,2,3.67,3.51,0
2024-01-29,dahej_fringe,VIIRS_SNPP_SP,1,1.99,1.99,0
2024-01-30,comparison_area,VIIRS_NOAA20_SP,2,9.89,6.720000000000001,0
2024-01-30,comparison_area,VIIRS_SNPP_SP,2,5.38,4.175,0
2024-01-30,dahej_core,VIIRS_NOAA20_SP,5,5.66,3.192,0
2024-01-31,comparison_area,VIIRS_NOAA20_SP,2,3.11,2.77,0
2024-02-01,comparison_area,VIIRS_NOAA20_SP,4,3.23,1.9874999999999998,0
2024-02-01,comparison_area,VIIRS_SNPP_SP,2,3.7,3.02,0
2024-02-01,dahej_fringe,VIIRS_NOAA20_SP,3,6.65,4.11,0
2024-02-02,comparison_area,VIIRS_NOAA20_SP,2,2.96,1.71,0
2024-02-02,dahej_fringe,VIIRS_SNPP_SP,1,1.76,1.76,0
2024-02-03,comparison_area,VIIRS_SNPP_SP,7,6.12,1.9985714285714287,0
2024-02-03,dahej_fringe,VIIRS_SNPP_SP,1,3.04,3.04,0
2024-02-04,comparison_area,VIIRS_SNPP_SP,3,6.59,3.4499999999999997,0
2024-02-04,dahej_core,VIIRS_SNPP_SP,3,3.74,3.14,0
2024-02-05,comparison_area,VIIRS_NOAA20_SP,1,0.79,0.79,0
2024-02-05,comparison_area,VIIRS_SNPP_SP,1,0.67,0.67,0
2024-02-05,dahej_fringe,VIIRS_SNPP_SP,4,10.86,7.895,0
2024-02-06,comparison_area,VIIRS_NOAA20_SP,2,0.28,0.28,0
2024-02-06,dahej_fringe,VIIRS_NOAA20_SP,2,4.4,3.0300000000000002,0
2024-02-06,dahej_fringe,VIIRS_SNPP_SP,1,13.45,13.45,1
2024-02-07,comparison_area,VIIRS_NOAA20_SP,4,9.01,4.914999999999999,0
2024-02-07,dahej_core,VIIRS_NOAA20_SP,1,2.84,2.84,0
2024-02-07,dahej_fringe,VIIRS_SNPP_SP,2,3.41,3.41,0
2024-02-08,comparison_area,VIIRS_NOAA20_SP,3,6.88,4.323333333333333,1
2024-02-08,dahej_core,VIIRS_NOAA20_SP,4,3.85,2.1350000000000002,0
2024-02-08,dahej_core,VIIRS_SNPP_SP,3,4.46,1.9400000000000002,0
2024-02-09,comparison_area,VIIRS_SNPP_SP,2,0.65,0.64,0
2024-02-09,dahej_core,VIIRS_NOAA20_SP,6,12.95,6.236666666666667,0
2024-02-09,dahej_core,VIIRS_SNPP_SP,3,5.81,3.573333333333333,0
2024-02-10,comparison_area,VIIRS_NOAA20_SP,3,8.11,5.146666666666667,0
2024-02-10,comparison_area,VIIRS_SNPP_SP,1,0.39,0.39,0
2024-02-10,dahej_core,VIIRS_NOAA20_SP,2,2.17,1.345,0
2024-02-10,dahej_core,VIIRS_SNPP_SP,2,3.52,2.2800000000000002,0
2024-02-10,dahej_fringe,VIIRS_NOAA20_SP,1,3.19,3.19,0
2024-02-11,comparison_area,VIIRS_NOAA20_SP,7,7.83,4.132857142857143,0
2024-02-11,comparison_area,VIIRS_SNPP_SP,3,7.89,4.626666666666667,0
2024-02-11,dahej_core,VIIRS_NOAA20_SP,1,0.79,0.79,0
2024-02-11,dahej_fringe,VIIRS_NOAA20_SP,2,3.59,2.775,0
2024-02-12,comparison_area,VIIRS_NOAA20_SP,1,4.52,4.52,0
2024-02-12,comparison_area,VIIRS_SNPP_SP,1,1.56,1.56,0
2024-02-12,dahej_fringe,VIIRS_NOAA20_SP,1,7.08,7.08,0
2024-02-14,comparison_area,VIIRS_NOAA20_SP,1,2.6,2.6,0
2024-02-14,comparison_area,VIIRS_SNPP_SP,3,6.45,3.5933333333333333,0
2024-02-14,dahej_fringe,VIIRS_NOAA20_SP,1,3.99,3.99,0
2024-02-14,dahej_fringe,VIIRS_SNPP_SP,1,17.41,17.41,0
2024-02-15,comparison_area,VIIRS_NOAA20_SP,2,9.82,8.955,0
2024-02-15,comparison_area,VIIRS_SNPP_SP,1,2.35,2.35,0
2024-02-15,dahej_core,VIIRS_NOAA20_SP,1,5.09,5.09,0
2024-02-15,dahej_core,VIIRS_SNPP_SP,1,2.1,2.1,0
2024-02-16,comparison_area,VIIRS_NOAA20_SP,1,5.74,5.74,0
2024-02-16,comparison_area,VIIRS_SNPP_SP,1,0.56,0.56,0
2024-02-16,dahej_fringe,VIIRS_NOAA20_SP,1,1.05,1.05,0
2024-02-16,dahej_fringe,VIIRS_SNPP_SP,1,0.44,0.44,0
2024-02-17,comparison_area,VIIRS_NOAA20_SP,5,1.77,0.8779999999999999,0
2024-02-17,dahej_core,VIIRS_NOAA20_SP,1,2.53,2.53,0
2024-02-17,dahej_core,VIIRS_SNPP_SP,1,1.28,1.28,0
2024-02-17,dahej_fringe,VIIRS_NOAA20_SP,1,2.23,2.23,0
2024-02-18,comparison_area,VIIRS_NOAA20_SP,2,2.65,1.91,0
2024-02-18,comparison_area,VIIRS_SNPP_SP,3,3.66,2.296666666666667,0
2024-02-18,dahej_core,VIIRS_NOAA20_SP,1,3.69,3.69,0
2024-02-18,dahej_fringe,VIIRS_SNPP_SP,3,3.21,2.7433333333333336,0
2024-02-19,comparison_area,VIIRS_SNPP_SP,3,21.51,7.506666666666668,0
2024-02-19,dahej_core,VIIRS_SNPP_SP,1,6.1,6.1,0
2024-02-20,comparison_area,VIIRS_NOAA20_SP,3,3.86,3.24,0
2024-02-20,comparison_area,VIIRS_SNPP_SP,1,6.67,6.67,0
2024-02-20,dahej_core,VIIRS_NOAA20_SP,2,2.54,2.41,0
2024-02-20,dahej_core,VIIRS_SNPP_SP,1,10.02,10.02,0
2024-02-20,dahej_fringe,VIIRS_NOAA20_SP,2,4.0,2.925,0
2024-02-20,dahej_fringe,VIIRS_SNPP_SP,1,5.41,5.41,0
2024-02-21,comparison_area,VIIRS_SNPP_SP,1,6.84,6.84,0
2024-02-21,dahej_core,VIIRS_SNPP_SP,1,4.42,4.42,0
2024-02-22,dahej_core,VIIRS_NOAA20_SP,1,3.44,3.44,0
2024-02-22,dahej_core,VIIRS_SNPP_SP,2,4.05,3.7199999999999998,0
2024-02-22,dahej_fringe,VIIRS_NOAA20_SP,2,4.79,3.76,0
2024-02-23,comparison_area,VIIRS_NOAA20_SP,1,0.52,0.52,0
2024-02-23,comparison_area,VIIRS_SNPP_SP,1,1.81,1.81,0
2024-02-23,dahej_core,VIIRS_NOAA20_SP,1,2.23,2.23,0
2024-02-23,dahej_core,VIIRS_SNPP_SP,1,2.91,2.91,0
2024-02-23,dahej_fringe,VIIRS_NOAA20_SP,1,12.68,12.68,0
2024-02-23,dahej_fringe,VIIRS_SNPP_SP,2,1.64,1.125,0
2024-02-24,comparison_area,VIIRS_NOAA20_SP,2,0.81,0.7050000000000001,0
2024-02-24,comparison_area,VIIRS_SNPP_SP,4,5.89,3.2,0
2024-02-24,dahej_fringe,VIIRS_NOAA20_SP,1,2.8,2.8,0
2024-02-24,dahej_fringe,VIIRS_SNPP_SP,1,3.21,3.21,0
2024-02-25,comparison_area,VIIRS_NOAA20_SP,6,15.3,9.526666666666666,2
2024-02-25,comparison_area,VIIRS_SNPP_SP,9,9.61,3.606666666666667,0
2024-02-25,dahej_fringe,VIIRS_SNPP_SP,1,2.14,2.14,0
2024-02-26,comparison_area,VIIRS_NOAA20_SP,1,11.36,11.36,0
2024-02-26,comparison_area,VIIRS_SNPP_SP,2,13.05,13.05,0
2024-02-26,dahej_fringe,VIIRS_NOAA20_SP,1,1.18,1.18,0
2024-02-27,comparison_area,VIIRS_NOAA20_SP,2,2.58,1.9300000000000002,0
2024-02-27,dahej_core,VIIRS_NOAA20_SP,4,9.86,4.422499999999999,0
2024-02-28,comparison_area,VIIRS_NOAA20_SP,2,13.46,9.375,0
2024-02-28,comparison_area,VIIRS_SNPP_SP,11,7.64,2.382727272727273,1
2024-02-28,dahej_core,VIIRS_NOAA20_SP,1,1.92,1.92,0
2024-02-29,comparison_area,VIIRS_NOAA20_SP,1,6.2,6.2,0
2024-02-29,comparison_area,VIIRS_SNPP_SP,3,22.98,10.233333333333334,0
2024-02-29,dahej_core,VIIRS_NOAA20_SP,5,13.42,12.192,0
2024-02-29,dahej_core,VIIRS_SNPP_SP,6,47.29,24.713333333333335,0
2024-02-29,dahej_fringe,VIIRS_NOAA20_SP,1,5.3,5.3,0
2024-03-01,comparison_area,VIIRS_NOAA20_SP,2,4.49,2.6500000000000004,0
2024-03-01,comparison_area,VIIRS_SNPP_SP,2,1.17,0.745,0
2024-03-01,dahej_fringe,VIIRS_NOAA20_SP,2,7.07,6.75,0
2024-03-01,dahej_fringe,VIIRS_SNPP_SP,4,4.95,3.44,0
2024-03-02,comparison_area,VIIRS_SNPP_SP,1,8.09,8.09,0
2024-03-02,dahej_fringe,VIIRS_NOAA20_SP,2,4.25,3.525,0
2024-03-03,comparison_area,VIIRS_NOAA20_SP,5,4.01,1.9619999999999997,0
2024-03-03,comparison_area,VIIRS_SNPP_SP,5,3.89,1.186,0
2024-03-04,comparison_area,VIIRS_NOAA20_SP,2,4.31,2.6599999999999997,0
2024-03-04,comparison_area,VIIRS_SNPP_SP,3,7.53,5.2,1
2024-03-05,comparison_area,VIIRS_NOAA20_SP,5,6.68,5.26,0
2024-03-05,comparison_area,VIIRS_SNPP_SP,6,7.95,4.323333333333333,0
2024-03-05,dahej_core,VIIRS_NOAA20_SP,4,40.09,17.4375,0
2024-03-05,dahej_core,VIIRS_SNPP_SP,4,54.01,15.962499999999999,0
2024-03-05,dahej_fringe,VIIRS_NOAA20_SP,1,3.92,3.92,0
2024-03-06,comparison_area,VIIRS_NOAA20_SP,3,6.13,4.986666666666667,0
2024-03-06,comparison_area,VIIRS_SNPP_SP,5,7.15,3.224,0
2024-03-06,dahej_core,VIIRS_SNPP_SP,4,3.62,1.7750000000000001,0
2024-03-06,dahej_fringe,VIIRS_NOAA20_SP,2,4.8,4.449999999999999,0
2024-03-06,dahej_fringe,VIIRS_SNPP_SP,2,3.14,3.0300000000000002,0
2024-03-07,comparison_area,VIIRS_NOAA20_SP,5,6.98,3.6079999999999997,0
2024-03-07,comparison_area,VIIRS_SNPP_SP,3,13.36,7.06,0
2024-03-07,dahej_core,VIIRS_SNPP_SP,1,2.25,2.25,0
2024-03-07,dahej_fringe,VIIRS_NOAA20_SP,2,2.83,1.625,0
2024-03-08,comparison_area,VIIRS_NOAA20_SP,1,3.84,3.84,0
2024-03-08,dahej_core,VIIRS_NOAA20_SP,1,4.65,4.65,0
2024-03-08,dahej_fringe,VIIRS_NOAA20_SP,4,26.17,12.3575,0
2024-03-08,dahej_fringe,VIIRS_SNPP_SP,1,1.96,1.96,0
2024-03-09,comparison_area,VIIRS_NOAA20_SP,1,2.89,2.89,0
2024-03-09,comparison_area,VIIRS_SNPP_SP,1,5.19,5.19,0
2024-03-09,dahej_core,VIIRS_NOAA20_SP,3,8.45,4.506666666666667,0
2024-03-10,comparison_area,VIIRS_NOAA20_SP,1,2.68,2.68,0
2024-03-10,dahej_core,VIIRS_NOAA20_SP,1,1.58,1.58,0
2024-03-10,dahej_core,VIIRS_SNPP_SP,1,0.52,0.52,0
2024-03-10,dahej_fringe,VIIRS_NOAA20_SP,1,3.03,3.03,0
2024-03-11,comparison_area,VIIRS_NOAA20_SP,5,4.65,2.13,0
2024-03-11,comparison_area,VIIRS_SNPP_SP,5,8.49,4.886,0
2024-03-11,dahej_core,VIIRS_NOAA20_SP,2,1.18,0.76,0
2024-03-11,dahej_core,VIIRS_SNPP_SP,1,1.16,1.16,0
2024-03-11,dahej_fringe,VIIRS_SNPP_SP,1,7.56,7.56,0
2024-03-12,comparison_area,VIIRS_NOAA20_SP,3,7.01,3.2899999999999996,0
2024-03-12,comparison_area,VIIRS_SNPP_SP,8,19.78,7.865,0
2024-03-12,dahej_fringe,VIIRS_NOAA20_SP,2,3.34,2.84,0
2024-03-12,dahej_fringe,VIIRS_SNPP_SP,1,3.12,3.12,0
2024-03-13,comparison_area,VIIRS_NOAA20_SP,2,2.35,2.265,0
2024-03-13,dahej_core,VIIRS_NOAA20_SP,2,5.35,5.115,0
2024-03-13,dahej_core,VIIRS_SNPP_SP,1,2.16,2.16,0
2024-03-13,dahej_fringe,VIIRS_SNPP_SP,3,7.96,6.646666666666667,0
2024-03-14,comparison_area,VIIRS_NOAA20_SP,1,5.96,5.96,0
2024-03-14,comparison_area,VIIRS_SNPP_SP,6,18.48,12.225,1
2024-03-14,dahej_core,VIIRS_SNPP_SP,1,2.19,2.19,0
2024-03-15,comparison_area,VIIRS_NOAA20_SP,2,8.09,4.57,0
2024-03-15,comparison_area,VIIRS_SNPP_SP,2,3.47,3.2300000000000004,0
2024-03-15,dahej_core,VIIRS_NOAA20_SP,2,3.05,2.735,0
2024-03-15,dahej_core,VIIRS_SNPP_SP,1,1.96,1.96,0
2024-03-15,dahej_fringe,VIIRS_NOAA20_SP,2,5.17,3.495,0
2024-03-16,comparison_area,VIIRS_SNPP_SP,4,10.5,7.237500000000001,0
2024-03-16,dahej_core,VIIRS_SNPP_SP,1,6.7,6.7,0
2024-03-16,dahej_fringe,VIIRS_NOAA20_SP,3,13.76,9.183333333333332,0
2024-03-16,dahej_fringe,VIIRS_SNPP_SP,1,4.5,4.5,0
2024-03-17,comparison_area,VIIRS_SNPP_SP,4,11.59,5.2700000000000005,0
2024-03-17,dahej_fringe,VIIRS_NOAA20_SP,2,6.49,6.225,0
2024-03-18,dahej_core,VIIRS_SNPP_SP,1,10.41,10.41,0
2024-03-18,dahej_fringe,VIIRS_NOAA20_SP,1,6.74,6.74,0
2024-03-19,comparison_area,VIIRS_NOAA20_SP,1,8.48,8.48,0
2024-03-19,comparison_area,VIIRS_SNPP_SP,3,4.27,3.2399999999999998,0
2024-03-19,dahej_core,VIIRS_NOAA20_SP,3,22.86,10.35,0
2024-03-19,dahej_core,VIIRS_SNPP_SP,2,5.83,5.53,0
2024-03-19,dahej_fringe,VIIRS_SNPP_SP,1,0.38,0.38,0
2024-03-20,comparison_area,VIIRS_NOAA20_SP,5,44.9,20.791999999999998,1
2024-03-20,comparison_area,VIIRS_SNPP_SP,16,23.85,6.680625,3
2024-03-20,dahej_core,VIIRS_NOAA20_SP,3,13.61,8.556666666666667,0
2024-03-20,dahej_core,VIIRS_SNPP_SP,4,5.37,2.8525,0
2024-03-20,dahej_fringe,VIIRS_SNPP_SP,2,8.03,7.305,0
2024-03-21,comparison_area,VIIRS_NOAA20_SP,2,1.4,1.335,0
2024-03-21,comparison_area,VIIRS_SNPP_SP,1,0.5,0.5,0
2024-03-22,comparison_area,VIIRS_NOAA20_SP,1,6.95,6.95,0
2024-03-22,comparison_area,VIIRS_SNPP_SP,1,1.68,1.68,0
2024-03-22,dahej_core,VIIRS_NOAA20_SP,3,6.09,4.0,0
2024-03-22,dahej_core,VIIRS_SNPP_SP,2,22.84,22.84,0
2024-03-22,dahej_fringe,VIIRS_NOAA20_SP,1,7.16,7.16,0
2024-03-22,dahej_fringe,VIIRS_SNPP_SP,1,8.39,8.39,0
2024-03-23,comparison_area,VIIRS_NOAA20_SP,1,18.74,18.74,0
2024-03-23,comparison_area,VIIRS_SNPP_SP,2,16.67,10.65,0
2024-03-23,dahej_core,VIIRS_NOAA20_SP,1,3.38,3.38,0
2024-03-23,dahej_core,VIIRS_SNPP_SP,2,1.89,1.585,0
2024-03-23,dahej_fringe,VIIRS_SNPP_SP,2,14.43,10.495,0
2024-03-24,comparison_area,VIIRS_NOAA20_SP,2,2.49,1.475,0
2024-03-24,comparison_area,VIIRS_SNPP_SP,2,4.37,3.145,0
2024-03-24,dahej_fringe,VIIRS_NOAA20_SP,1,29.23,29.23,0
2024-03-25,comparison_area,VIIRS_NOAA20_SP,2,9.58,7.93,0
2024-03-25,comparison_area,VIIRS_SNPP_SP,1,4.8,4.8,0
2024-03-25,dahej_core,VIIRS_NOAA20_SP,1,12.71,12.71,0
2024-03-26,comparison_area,VIIRS_NOAA20_SP,3,16.13,14.54,0
2024-03-26,comparison_area,VIIRS_SNPP_SP,2,14.46,11.59,0
2024-03-26,dahej_core,VIIRS_NOAA20_SP,3,5.81,3.9266666666666663,0
2024-03-26,dahej_core,VIIRS_SNPP_SP,2,4.62,4.24,0
2024-03-26,dahej_fringe,VIIRS_NOAA20_SP,1,4.88,4.88,0
2024-03-27,comparison_area,VIIRS_NOAA20_SP,1,6.67,6.67,0
2024-03-27,dahej_core,VIIRS_SNPP_SP,1,0.38,0.38,0
2024-03-27,dahej_fringe,VIIRS_NOAA20_SP,4,4.32,3.4475000000000002,0
2024-03-27,dahej_fringe,VIIRS_SNPP_SP,1,13.27,13.27,0
2024-03-28,comparison_area,VIIRS_NOAA20_SP,3,7.44,6.326666666666667,0
2024-03-28,comparison_area,VIIRS_SNPP_SP,1,2.78,2.78,0
2024-03-28,dahej_core,VIIRS_NOAA20_SP,1,5.63,5.63,0
2024-03-28,dahej_core,VIIRS_SNPP_SP,4,5.25,4.6675,0
2024-03-28,dahej_fringe,VIIRS_SNPP_SP,3,4.92,4.006666666666667,0
2024-03-29,comparison_area,VIIRS_NOAA20_SP,2,5.55,3.405,0
2024-03-29,comparison_area,VIIRS_SNPP_SP,1,5.51,5.51,0
2024-03-29,dahej_core,VIIRS_NOAA20_SP,1,10.8,10.8,0
2024-03-29,dahej_fringe,VIIRS_NOAA20_SP,6,5.96,2.8216666666666668,0
2024-03-30,comparison_area,VIIRS_NOAA20_SP,2,4.6,4.29,0
2024-03-30,comparison_area,VIIRS_SNPP_SP,7,7.24,4.9471428571428575,0
2024-03-30,dahej_fringe,VIIRS_NOAA20_SP,3,5.77,5.3,0
2024-03-30,dahej_fringe,VIIRS_SNPP_SP,1,1.91,1.91,0
2024-03-31,comparison_area,VIIRS_NOAA20_SP,1,3.88,3.88,0
2024-03-31,dahej_fringe,VIIRS_NOAA20_SP,1,5.99,5.99,0
2024-03-31,dahej_fringe,VIIRS_SNPP_SP,1,3.33,3.33,0
2024-04-01,comparison_area,VIIRS_NOAA20_SP,3,5.93,3.81,0
2024-04-01,comparison_area,VIIRS_SNPP_SP,3,13.36,5.57,0
2024-04-02,comparison_area,VIIRS_NOAA20_SP,2,8.04,5.319999999999999,0
2024-04-02,comparison_area,VIIRS_SNPP_SP,1,7.78,7.78,0
2024-04-03,comparison_area,VIIRS_NOAA20_SP,3,7.09,6.6933333333333325,0
2024-04-03,dahej_fringe,VIIRS_NOAA20_SP,1,13.85,13.85,0
2024-04-04,comparison_area,VIIRS_NOAA20_SP,1,2.02,2.02,0
2024-04-04,comparison_area,VIIRS_SNPP_SP,1,2.3,2.3,0
2024-04-04,dahej_core,VIIRS_NOAA20_SP,3,3.42,1.7933333333333332,0
2024-04-04,dahej_core,VIIRS_SNPP_SP,1,1.09,1.09,0
2024-04-04,dahej_fringe,VIIRS_NOAA20_SP,1,1.36,1.36,0
2024-04-05,comparison_area,VIIRS_NOAA20_SP,3,20.09,10.87,0
2024-04-05,comparison_area,VIIRS_SNPP_SP,8,6.85,3.7712499999999998,0
2024-04-05,dahej_core,VIIRS_NOAA20_SP,5,12.07,6.294,0
2024-04-05,dahej_core,VIIRS_SNPP_SP,7,5.68,3.1157142857142857,0
2024-04-05,dahej_fringe,VIIRS_NOAA20_SP,2,8.18,6.8149999999999995,0
2024-04-05,dahej_fringe,VIIRS_SNPP_SP,5,5.13,3.092,0
2024-04-06,comparison_area,VIIRS_NOAA20_SP,2,6.82,3.73,0
2024-04-06,comparison_area,VIIRS_SNPP_SP,4,13.04,4.8774999999999995,0
2024-04-06,dahej_core,VIIRS_SNPP_SP,1,9.85,9.85,0
2024-04-06,dahej_fringe,VIIRS_SNPP_SP,1,5.96,5.96,0
2024-04-07,comparison_area,VIIRS_NOAA20_SP,1,4.31,4.31,0
2024-04-07,comparison_area,VIIRS_SNPP_SP,2,9.65,5.38,0
2024-04-07,dahej_core,VIIRS_NOAA20_SP,1,20.75,20.75,0
2024-04-07,dahej_core,VIIRS_SNPP_SP,1,12.33,12.33,0
2024-04-07,dahej_fringe,VIIRS_SNPP_SP,1,1.05,1.05,0
2024-04-08,comparison_area,VIIRS_NOAA20_SP,5,10.93,8.068000000000001,0
2024-04-08,comparison_area,VIIRS_SNPP_SP,3,7.82,3.8333333333333335,0
2024-04-09,dahej_core,VIIRS_NOAA20_SP,1,8.72,8.72,0
2024-04-09,dahej_core,VIIRS_SNPP_SP,1,15.18,15.18,0
2024-04-09,dahej_fringe,VIIRS_SNPP_SP,1,10.82,10.82,0
2024-04-10,comparison_area,VIIRS_NOAA20_SP,2,6.94,5.065,0
2024-04-10,comparison_area,VIIRS_SNPP_SP,2,8.38,7.135,0
2024-04-10,dahej_core,VIIRS_SNPP_SP,3,10.85,9.16,1
2024-04-10,dahej_fringe,VIIRS_NOAA20_SP,1,3.37,3.37,0
2024-04-12,comparison_area,VIIRS_NOAA20_SP,1,2.9,2.9,0
2024-04-12,comparison_area,VIIRS_SNPP_SP,1,6.14,6.14,0
2024-04-12,dahej_fringe,VIIRS_SNPP_SP,1,10.61,10.61,0
2024-04-13,comparison_area,VIIRS_NOAA20_SP,4,13.22,8.0,0
2024-04-13,comparison_area,VIIRS_SNPP_SP,2,4.39,2.69,0
2024-04-13,dahej_core,VIIRS_SNPP_SP,1,2.31,2.31,0
2024-04-14,comparison_area,VIIRS_NOAA20_SP,3,5.28,2.8499999999999996,0
2024-04-14,comparison_area,VIIRS_SNPP_SP,5,7.03,3.4979999999999998,0
2024-04-14,dahej_fringe,VIIRS_NOAA20_SP,2,8.92,8.03,0
2024-04-15,comparison_area,VIIRS_NOAA20_SP,2,12.26,11.045,0
2024-04-15,comparison_area,VIIRS_SNPP_SP,3,1.78,1.4066666666666665,0
2024-04-15,dahej_fringe,VIIRS_NOAA20_SP,1,19.69,19.69,0
2024-04-16,comparison_area,VIIRS_NOAA20_SP,4,4.95,3.6175,0
2024-04-16,comparison_area,VIIRS_SNPP_SP,1,3.29,3.29,0
2024-04-16,dahej_core,VIIRS_SNPP_SP,1,6.12,6.12,1
2024-04-16,dahej_fringe,VIIRS_SNPP_SP,1,2.34,2.34,0
2024-04-17,comparison_area,VIIRS_NOAA20_SP,2,6.84,4.84,0
2024-04-17,comparison_area,VIIRS_SNPP_SP,3,14.48,9.933333333333334,0
2024-04-17,dahej_core,VIIRS_NOAA20_SP,4,18.27,15.455,1
2024-04-17,dahej_fringe,VIIRS_SNPP_SP,1,8.14,8.14,0
2024-04-18,comparison_area,VIIRS_NOAA20_SP,5,14.69,7.32,0
2024-04-18,comparison_area,VIIRS_SNPP_SP,5,10.82,8.074,0
2024-04-18,dahej_core,VIIRS_SNPP_SP,1,8.41,8.41,0
2024-04-18,dahej_fringe,VIIRS_NOAA20_SP,1,12.37,12.37,0
2024-04-18,dahej_fringe,VIIRS_SNPP_SP,1,3.64,3.64,0
2024-04-19,comparison_area,VIIRS_NOAA20_SP,3,27.68,17.72,0
2024-04-19,comparison_area,VIIRS_SNPP_SP,7,15.1,10.125714285714285,0
2024-04-19,dahej_core,VIIRS_NOAA20_SP,1,11.2,11.2,0
2024-04-19,dahej_core,VIIRS_SNPP_SP,1,23.98,23.98,0
2024-04-20,comparison_area,VIIRS_NOAA20_SP,1,5.58,5.58,0
2024-04-20,comparison_area,VIIRS_SNPP_SP,2,5.21,4.765000000000001,0
2024-04-20,dahej_core,VIIRS_SNPP_SP,2,4.26,2.905,0
2024-04-21,comparison_area,VIIRS_NOAA20_SP,2,6.51,6.1850000000000005,0
2024-04-21,comparison_area,VIIRS_SNPP_SP,3,3.62,2.7600000000000002,0
2024-04-22,comparison_area,VIIRS_NOAA20_SP,2,2.33,1.9500000000000002,0
2024-04-22,comparison_area,VIIRS_SNPP_SP,1,7.39,7.39,0
2024-04-22,dahej_fringe,VIIRS_NOAA20_SP,1,1.83,1.83,0
2024-04-22,dahej_fringe,VIIRS_SNPP_SP,1,5.33,5.33,0
2024-04-23,comparison_area,VIIRS_NOAA20_SP,2,26.9,26.865,0
2024-04-23,comparison_area,VIIRS_SNPP_SP,5,36.02,18.174,0
2024-04-23,dahej_core,VIIRS_NOAA20_SP,2,2.4,2.37,0
2024-04-23,dahej_core,VIIRS_SNPP_SP,1,1.59,1.59,0
2024-04-23,dahej_fringe,VIIRS_SNPP_SP,1,14.76,14.76,0
2024-04-24,comparison_area,VIIRS_NOAA20_SP,1,11.24,11.24,0
2024-04-24,comparison_area,VIIRS_SNPP_SP,3,9.64,8.823333333333334,0
2024-04-24,dahej_core,VIIRS_NOAA20_SP,2,2.7,2.465,0
2024-04-24,dahej_fringe,VIIRS_NOAA20_SP,1,14.03,14.03,0
2024-04-25,comparison_area,VIIRS_NOAA20_SP,1,11.49,11.49,0
2024-04-25,comparison_area,VIIRS_SNPP_SP,2,12.07,9.55,0
2024-04-25,dahej_core,VIIRS_NOAA20_SP,2,11.87,6.914999999999999,0
2024-04-25,dahej_core,VIIRS_SNPP_SP,3,14.52,7.91,0
2024-04-25,dahej_fringe,VIIRS_NOAA20_SP,2,7.57,5.225,0
2024-04-25,dahej_fringe,VIIRS_SNPP_SP,1,3.02,3.02,0
2024-04-26,comparison_area,VIIRS_NOAA20_SP,2,3.02,2.7350000000000003,0
2024-04-26,comparison_area,VIIRS_SNPP_SP,1,2.76,2.76,0
2024-04-26,dahej_core,VIIRS_SNPP_SP,2,2.68,2.4400000000000004,0
2024-04-26,dahej_fringe,VIIRS_NOAA20_SP,1,3.57,3.57,0
2024-04-27,comparison_area,VIIRS_NOAA20_SP,2,4.12,2.89,0
2024-04-28,comparison_area,VIIRS_NOAA20_SP,4,7.55,3.92,0
2024-04-28,comparison_area,VIIRS_SNPP_SP,4,8.04,4.1925,0
2024-04-28,dahej_core,VIIRS_NOAA20_SP,1,3.94,3.94,0
2024-04-28,dahej_fringe,VIIRS_SNPP_SP,2,8.94,8.11,0
2024-04-29,comparison_area,VIIRS_NOAA20_SP,5,24.19,14.63,0
2024-04-29,comparison_area,VIIRS_SNPP_SP,2,19.34,12.3,0
2024-04-30,comparison_area,VIIRS_NOAA20_SP,3,5.76,2.52,0
2024-04-30,comparison_area,VIIRS_SNPP_SP,4,10.36,4.0675,0
2024-04-30,dahej_core,VIIRS_SNPP_SP,1,13.29,13.29,0
2024-05-01,comparison_area,VIIRS_NOAA20_SP,2,21.73,11.92,0
2024-05-01,comparison_area,VIIRS_SNPP_SP,2,8.73,7.835000000000001,0
2024-05-01,dahej_fringe,VIIRS_NOAA20_SP,2,19.44,19.44,0
2024-05-01,dahej_fringe,VIIRS_SNPP_SP,4,28.82,17.5975,3
2024-05-02,dahej_core,VIIRS_NOAA20_SP,1,10.7,10.7,0
2024-05-04,comparison_area,VIIRS_NOAA20_SP,4,12.32,9.8975,0
2024-05-04,comparison_area,VIIRS_SNPP_SP,2,9.95,9.535,0
2024-05-04,dahej_core,VIIRS_NOAA20_SP,1,18.21,18.21,0
2024-05-04,dahej_fringe,VIIRS_SNPP_SP,1,2.69,2.69,0
2024-05-05,comparison_area,VIIRS_NOAA20_SP,3,7.09,3.23,0
2024-05-05,comparison_area,VIIRS_SNPP_SP,4,7.49,4.35,0
2024-05-05,dahej_fringe,VIIRS_SNPP_SP,1,9.08,9.08,0
2024-05-06,comparison_area,VIIRS_NOAA20_SP,1,14.2,14.2,0
2024-05-06,comparison_area,VIIRS_SNPP_SP,5,8.46,4.192,1
2024-05-07,comparison_area,VIIRS_NOAA20_SP,4,16.91,9.1525,0
2024-05-07,dahej_fringe,VIIRS_SNPP_SP,2,1.91,1.49,0
2024-05-08,comparison_area,VIIRS_NOAA20_SP,3,2.3,2.233333333333333,0
2024-05-08,comparison_area,VIIRS_SNPP_SP,5,10.79,5.854,0
2024-05-08,dahej_fringe,VIIRS_NOAA20_SP,4,8.25,7.7475,0
2024-05-08,dahej_fringe,VIIRS_SNPP_SP,2,7.87,5.9350000000000005,0
2024-05-09,comparison_area,VIIRS_NOAA20_SP,1,7.58,7.58,0
2024-05-09,comparison_area,VIIRS_SNPP_SP,7,9.95,5.2542857142857144,0
2024-05-09,dahej_core,VIIRS_SNPP_SP,2,12.05,6.285,0
2024-05-09,dahej_fringe,VIIRS_NOAA20_SP,3,13.64,9.996666666666668,0
2024-05-09,dahej_fringe,VIIRS_SNPP_SP,4,20.3,17.595,0
2024-05-10,comparison_area,VIIRS_NOAA20_SP,1,10.5,10.5,0
2024-05-10,comparison_area,VIIRS_SNPP_SP,2,4.45,3.555,0
2024-05-10,dahej_fringe,VIIRS_NOAA20_SP,1,5.12,5.12,0
2024-05-10,dahej_fringe,VIIRS_SNPP_SP,2,14.24,9.89,0
2024-05-11,comparison_area,VIIRS_NOAA20_SP,2,16.1,9.860000000000001,0
2024-05-12,comparison_area,VIIRS_NOAA20_SP,5,11.89,5.658,0
2024-05-12,dahej_fringe,VIIRS_NOAA20_SP,1,6.09,6.09,0
2024-05-12,dahej_fringe,VIIRS_SNPP_SP,1,8.42,8.42,0
2024-05-13,comparison_area,VIIRS_NOAA20_SP,2,2.2,2.02,0
2024-05-14,dahej_core,VIIRS_NOAA20_SP,1,3.73,3.73,0
2024-05-14,dahej_core,VIIRS_SNPP_SP,1,15.09,15.09,0
2024-05-14,dahej_fringe,VIIRS_NOAA20_SP,1,4.82,4.82,0
2024-05-14,dahej_fringe,VIIRS_SNPP_SP,1,1.88,1.88,0
2024-05-15,comparison_area,VIIRS_NOAA20_SP,5,16.31,8.872,0
2024-05-15,comparison_area,VIIRS_SNPP_SP,3,8.63,6.696666666666666,0
2024-05-15,dahej_core,VIIRS_NOAA20_SP,2,13.17,13.17,0
2024-05-16,comparison_area,VIIRS_NOAA20_SP,4,8.68,4.3575,0
2024-05-16,comparison_area,VIIRS_SNPP_SP,1,3.46,3.46,0
2024-05-16,dahej_fringe,VIIRS_SNPP_SP,6,2.8,1.235,0
2024-05-17,comparison_area,VIIRS_NOAA20_SP,1,24.54,24.54,0
2024-05-18,comparison_area,VIIRS_NOAA20_SP,1,16.27,16.27,0
2024-05-18,comparison_area,VIIRS_SNPP_SP,1,8.1,8.1,0
2024-05-18,dahej_core,VIIRS_NOAA20_SP,2,9.4,8.405000000000001,1
2024-05-19,comparison_area,VIIRS_NOAA20_SP,6,7.62,4.446666666666666,0
2024-05-19,comparison_area,VIIRS_SNPP_SP,2,16.66,10.115,0
2024-05-19,dahej_core,VIIRS_SNPP_SP,1,18.25,18.25,0
2024-05-19,dahej_fringe,VIIRS_NOAA20_SP,1,4.53,4.53,0
2024-05-20,comparison_area,VIIRS_NOAA20_SP,5,10.66,5.954,0
2024-05-20,comparison_area,VIIRS_SNPP_SP,3,4.15,2.58,0
2024-05-20,dahej_fringe,VIIRS_SNPP_SP,2,8.8,7.325,0
2024-05-21,comparison_area,VIIRS_NOAA20_SP,2,13.41,8.005,0
2024-05-21,comparison_area,VIIRS_SNPP_SP,3,8.19,4.823333333333333,0
2024-05-21,dahej_core,VIIRS_NOAA20_SP,1,0.8,0.8,0
2024-05-21,dahej_core,VIIRS_SNPP_SP,1,20.14,20.14,0
2024-05-22,comparison_area,VIIRS_NOAA20_SP,1,0.98,0.98,0
2024-05-22,comparison_area,VIIRS_SNPP_SP,1,2.78,2.78,0
2024-05-22,dahej_core,VIIRS_SNPP_SP,1,9.92,9.92,0
2024-05-22,dahej_fringe,VIIRS_NOAA20_SP,1,8.2,8.2,0
2024-05-22,dahej_fringe,VIIRS_SNPP_SP,1,5.82,5.82,0
2024-05-23,dahej_fringe,VIIRS_NOAA20_SP,1,17.63,17.63,0
2024-05-23,dahej_fringe,VIIRS_SNPP_SP,2,9.17,5.8149999999999995,0
2024-05-24,comparison_area,VIIRS_NOAA20_SP,2,9.14,5.970000000000001,0
2024-05-24,comparison_area,VIIRS_SNPP_SP,1,3.98,3.98,0
2024-05-24,dahej_core,VIIRS_SNPP_SP,1,0.66,0.66,0
2024-05-25,comparison_area,VIIRS_SNPP_SP,5,14.37,6.572,0
2024-05-25,dahej_core,VIIRS_NOAA20_SP,2,3.24,2.88,0
2024-05-25,dahej_core,VIIRS_SNPP_SP,1,0.99,0.99,0
2024-05-26,comparison_area,VIIRS_NOAA20_SP,2,5.81,4.779999999999999,0
2024-05-26,comparison_area,VIIRS_SNPP_SP,2,1.58,1.425,0
2024-05-26,dahej_core,VIIRS_SNPP_SP,4,12.33,8.942499999999999,0
2024-05-27,comparison_area,VIIRS_NOAA20_SP,1,0.53,0.53,0
2024-05-27,dahej_core,VIIRS_NOAA20_SP,1,0.78,0.78,0
2024-05-28,dahej_core,VIIRS_NOAA20_SP,3,3.58,2.4266666666666667,0
2024-05-28,dahej_core,VIIRS_SNPP_SP,2,2.92,2.61,0
2024-05-29,dahej_core,VIIRS_NOAA20_SP,2,4.35,2.84,0
2024-05-29,dahej_core,VIIRS_SNPP_SP,7,6.17,2.8242857142857143,0
2024-05-30,dahej_core,VIIRS_NOAA20_SP,4,2.32,1.52,0
2024-05-31,dahej_core,VIIRS_NOAA20_SP,3,2.61,2.1933333333333334,0
2024-06-01,comparison_area,VIIRS_NOAA20_SP,3,5.7,3.7466666666666666,0
2024-06-01,dahej_core,VIIRS_NOAA20_SP,5,5.24,2.708,0
2024-06-01,dahej_fringe,VIIRS_NOAA20_SP,1,0.95,0.95,0
2024-06-02,comparison_area,VIIRS_NOAA20_SP,1,11.38,11.38,0
2024-06-02,dahej_fringe,VIIRS_NOAA20_SP,1,4.13,4.13,0
2024-06-05,comparison_area,VIIRS_NOAA20_SP,2,25.1,20.240000000000002,0
2024-06-05,comparison_area,VIIRS_SNPP_SP,4,9.3,7.09,0
2024-06-06,comparison_area,VIIRS_NOAA20_SP,4,9.16,6.4675,0
2024-06-06,comparison_area,VIIRS_SNPP_SP,2,16.23,12.52,0
2024-06-06,dahej_fringe,VIIRS_NOAA20_SP,3,16.35,9.563333333333334,1
2024-06-06,dahej_fringe,VIIRS_SNPP_SP,3,19.64,17.896666666666665,0
2024-06-07,comparison_area,VIIRS_NOAA20_SP,1,5.6,5.6,0
2024-06-08,dahej_fringe,VIIRS_NOAA20_SP,1,5.95,5.95,0
2024-06-09,comparison_area,VIIRS_NOAA20_SP,1,6.64,6.64,0
2024-06-09,comparison_area,VIIRS_SNPP_SP,1,13.59,13.59,0
2024-06-09,dahej_fringe,VIIRS_SNPP_SP,1,7.2,7.2,0
2024-06-10,comparison_area,VIIRS_SNPP_SP,1,0.64,0.64,0
2024-06-11,comparison_area,VIIRS_NOAA20_SP,2,3.87,2.38,0
2024-06-11,dahej_core,VIIRS_SNPP_SP,1,1.9,1.9,0
2024-06-11,dahej_fringe,VIIRS_NOAA20_SP,1,10.81,10.81,0
2024-06-12,dahej_core,VIIRS_SNPP_SP,2,4.09,3.5300000000000002,0
2024-06-13,comparison_area,VIIRS_NOAA20_SP,1,1.46,1.46,0
2024-06-13,comparison_area,VIIRS_SNPP_SP,1,1.58,1.58,0
2024-06-13,dahej_fringe,VIIRS_NOAA20_SP,1,5.96,5.96,0
2024-06-14,dahej_fringe,VIIRS_NOAA20_SP,1,2.73,2.73,0
2024-06-16,comparison_area,VIIRS_SNPP_SP,1,11.35,11.35,0
2024-06-16,dahej_fringe,VIIRS_SNPP_SP,1,2.95,2.95,0
2024-06-17,comparison_area,VIIRS_NOAA20_SP,1,7.24,7.24,0
2024-06-17,dahej_core,VIIRS_NOAA20_SP,1,3.68,3.68,0
2024-06-18,dahej_core,VIIRS_NOAA20_SP,1,2.27,2.27,0
2024-08-30,dahej_core,VIIRS_NOAA20_SP,1,1.37,1.37,0
2024-09-20,dahej_core,VIIRS_NOAA20_SP,2,2.78,2.55,0
2024-09-20,dahej_core,VIIRS_SNPP_SP,1,2.11,2.11,0
2024-09-22,dahej_core,VIIRS_NOAA20_SP,2,0.71,0.495,0
2024-10-02,dahej_core,VIIRS_NOAA20_SP,1,3.45,3.45,0
2024-10-08,dahej_core,VIIRS_NOAA20_SP,2,33.54,19.615,0
2024-10-08,dahej_core,VIIRS_SNPP_SP,5,26.98,11.922,0
2024-10-15,dahej_core,VIIRS_SNPP_SP,1,2.13,2.13,0
2024-10-24,comparison_area,VIIRS_NOAA20_SP,1,4.79,4.79,0
2024-10-25,dahej_core,VIIRS_NOAA20_SP,1,0.82,0.82,0
2024-10-25,dahej_core,VIIRS_SNPP_SP,1,0.86,0.86,0
2024-10-26,dahej_core,VIIRS_SNPP_SP,2,2.12,1.375,0
2024-10-27,dahej_core,VIIRS_SNPP_SP,3,26.32,10.473333333333334,0
2024-10-28,comparison_area,VIIRS_SNPP_SP,2,1.95,1.3599999999999999,0
2024-10-28,dahej_core,VIIRS_SNPP_SP,2,0.75,0.735,0
2024-11-05,dahej_core,VIIRS_NOAA20_SP,2,0.84,0.62,0
2024-11-08,comparison_area,VIIRS_NOAA20_SP,1,2.9,2.9,0
2024-11-10,comparison_area,VIIRS_NOAA20_SP,1,3.52,3.52,0
2024-11-10,dahej_core,VIIRS_NOAA20_SP,6,52.8,41.01,1
2024-11-10,dahej_core,VIIRS_SNPP_SP,6,13.1,6.005,1
2024-11-12,comparison_area,VIIRS_SNPP_SP,1,0.45,0.45,0
2024-11-17,dahej_core,VIIRS_SNPP_SP,1,3.14,3.14,0
2024-11-18,comparison_area,VIIRS_SNPP_SP,1,8.7,8.7,0
2024-11-18,dahej_fringe,VIIRS_NOAA20_SP,1,1.34,1.34,0
2024-11-19,comparison_area,VIIRS_NOAA20_SP,4,3.11,2.475,0
2024-11-19,comparison_area,VIIRS_SNPP_SP,2,2.23,2.23,0
2024-11-20,comparison_area,VIIRS_NOAA20_SP,2,2.75,1.71,0
2024-11-20,comparison_area,VIIRS_SNPP_SP,1,2.83,2.83,0
2024-11-23,comparison_area,VIIRS_SNPP_SP,6,3.39,2.7866666666666666,0
2024-11-24,comparison_area,VIIRS_NOAA20_SP,3,4.88,2.9233333333333333,0
2024-11-24,comparison_area,VIIRS_SNPP_SP,1,5.7,5.7,0
2024-11-25,comparison_area,VIIRS_NOAA20_SP,3,4.63,3.19,0
2024-11-25,comparison_area,VIIRS_SNPP_SP,3,4.25,3.546666666666667,0
2024-11-25,dahej_fringe,VIIRS_SNPP_SP,1,0.57,0.57,0
2024-11-26,comparison_area,VIIRS_NOAA20_SP,1,0.24,0.24,0
2024-11-26,comparison_area,VIIRS_SNPP_SP,3,2.04,1.1966666666666665,0
2024-11-26,dahej_fringe,VIIRS_NOAA20_SP,1,7.2,7.2,1
2024-11-27,comparison_area,VIIRS_NOAA20_SP,1,0.72,0.72,0
2024-11-27,comparison_area,VIIRS_SNPP_SP,4,5.78,3.3075,0
2024-11-27,dahej_core,VIIRS_NOAA20_SP,1,3.64,3.64,0
2024-11-27,dahej_core,VIIRS_SNPP_SP,4,7.82,6.1525,0
2024-11-28,comparison_area,VIIRS_NOAA20_SP,1,4.85,4.85,0
2024-11-28,dahej_core,VIIRS_NOAA20_SP,1,0.53,0.53,0
2024-11-29,comparison_area,VIIRS_NOAA20_SP,1,0.38,0.38,0
2024-11-29,comparison_area,VIIRS_SNPP_SP,1,4.83,4.83,0
2024-11-29,dahej_core,VIIRS_NOAA20_SP,1,0.58,0.58,0
2024-11-29,dahej_core,VIIRS_SNPP_SP,2,0.81,0.805,0
2024-11-30,comparison_area,VIIRS_NOAA20_SP,2,2.84,2.8099999999999996,0
2024-11-30,comparison_area,VIIRS_SNPP_SP,1,2.25,2.25,0
2024-11-30,dahej_core,VIIRS_NOAA20_SP,1,0.65,0.65,0
2024-11-30,dahej_core,VIIRS_SNPP_SP,2,0.32,0.32,0
2024-12-02,comparison_area,VIIRS_SNPP_SP,1,0.97,0.97,0
2024-12-04,comparison_area,VIIRS_NOAA20_SP,2,3.28,2.175,0
2024-12-04,comparison_area,VIIRS_SNPP_SP,2,2.93,2.24,0
2024-12-06,comparison_area,VIIRS_NOAA20_SP,1,1.03,1.03,0
2024-12-06,comparison_area,VIIRS_SNPP_SP,3,0.98,0.9133333333333334,0
2024-12-07,comparison_area,VIIRS_NOAA20_SP,3,2.17,1.3933333333333333,0
2024-12-08,comparison_area,VIIRS_NOAA20_SP,1,2.02,2.02,0
2024-12-08,comparison_area,VIIRS_SNPP_SP,2,1.68,1.135,0
2024-12-08,dahej_fringe,VIIRS_NOAA20_SP,1,1.59,1.59,0
2024-12-08,dahej_fringe,VIIRS_SNPP_SP,2,1.68,1.5499999999999998,0
2024-12-09,comparison_area,VIIRS_NOAA20_SP,1,2.9,2.9,0
2024-12-09,comparison_area,VIIRS_SNPP_SP,10,8.69,5.734,0
2024-12-09,dahej_fringe,VIIRS_SNPP_SP,1,2.2,2.2,0
2024-12-10,comparison_area,VIIRS_NOAA20_SP,2,0.86,0.86,0
2024-12-10,comparison_area,VIIRS_SNPP_SP,3,14.05,5.7700000000000005,0
2024-12-10,dahej_core,VIIRS_NOAA20_SP,2,2.65,2.37,0
2024-12-10,dahej_core,VIIRS_SNPP_SP,1,7.14,7.14,0
2024-12-11,comparison_area,VIIRS_SNPP_SP,5,0.79,0.656,0
2024-12-11,dahej_core,VIIRS_NOAA20_SP,1,2.46,2.46,0
2024-12-12,comparison_area,VIIRS_NOAA20_SP,2,0.92,0.8400000000000001,0
2024-12-12,comparison_area,VIIRS_SNPP_SP,1,0.35,0.35,0
2024-12-12,dahej_core,VIIRS_SNPP_SP,1,1.41,1.41,0
2024-12-13,comparison_area,VIIRS_NOAA20_SP,1,0.51,0.51,0
2024-12-13,comparison_area,VIIRS_SNPP_SP,1,0.72,0.72,0
2024-12-13,dahej_core,VIIRS_NOAA20_SP,1,7.12,7.12,1
2024-12-14,comparison_area,VIIRS_SNPP_SP,1,0.86,0.86,0
2024-12-14,dahej_core,VIIRS_NOAA20_SP,1,4.82,4.82,0
2024-12-14,dahej_fringe,VIIRS_NOAA20_SP,1,0.77,0.77,0
2024-12-14,dahej_fringe,VIIRS_SNPP_SP,1,0.66,0.66,0
2024-12-15,comparison_area,VIIRS_NOAA20_SP,3,5.19,3.026666666666667,0
2024-12-15,comparison_area,VIIRS_SNPP_SP,1,5.78,5.78,0
2024-12-15,dahej_fringe,VIIRS_NOAA20_SP,1,3.29,3.29,0
2024-12-15,dahej_fringe,VIIRS_SNPP_SP,1,1.92,1.92,0
2024-12-16,comparison_area,VIIRS_NOAA20_SP,4,4.13,2.435,0
2024-12-16,dahej_core,VIIRS_NOAA20_SP,1,5.73,5.73,0
2024-12-16,dahej_core,VIIRS_SNPP_SP,2,3.45,3.45,0
2024-12-17,dahej_core,VIIRS_SNPP_SP,1,6.87,6.87,0
2024-12-17,dahej_fringe,VIIRS_NOAA20_SP,1,33.98,33.98,0
2024-12-17,dahej_fringe,VIIRS_SNPP_SP,4,23.4,11.0375,1
2024-12-18,comparison_area,VIIRS_SNPP_SP,1,1.2,1.2,0
2024-12-18,dahej_fringe,VIIRS_NOAA20_SP,1,10.59,10.59,1
2024-12-18,dahej_fringe,VIIRS_SNPP_SP,1,31.5,31.5,0
2024-12-19,comparison_area,VIIRS_SNPP_SP,1,0.37,0.37,0
2024-12-19,dahej_fringe,VIIRS_NOAA20_SP,1,30.19,30.19,0
2024-12-19,dahej_fringe,VIIRS_SNPP_SP,1,37.93,37.93,0
2024-12-21,comparison_area,VIIRS_NOAA20_SP,8,5.08,4.01875,0
2024-12-21,comparison_area,VIIRS_SNPP_SP,1,3.12,3.12,0
2024-12-21,dahej_fringe,VIIRS_NOAA20_SP,1,6.59,6.59,0
2024-12-22,comparison_area,VIIRS_NOAA20_SP,1,4.78,4.78,0
2024-12-23,comparison_area,VIIRS_NOAA20_SP,1,0.61,0.61,0
2024-12-23,dahej_fringe,VIIRS_NOAA20_SP,3,21.77,15.176666666666668,1
2024-12-24,comparison_area,VIIRS_SNPP_SP,1,4.07,4.07,0
2024-12-24,dahej_core,VIIRS_NOAA20_SP,2,4.88,4.88,1
2024-12-25,comparison_area,VIIRS_SNPP_SP,10,6.59,4.055,1
2024-12-25,dahej_fringe,VIIRS_NOAA20_SP,1,7.62,7.62,0
2024-12-25,dahej_fringe,VIIRS_SNPP_SP,4,5.62,3.8,0
2024-12-26,comparison_area,VIIRS_NOAA20_SP,1,0.45,0.45,0
2024-12-26,comparison_area,VIIRS_SNPP_SP,1,0.53,0.53,0
2024-12-28,comparison_area,VIIRS_SNPP_SP,1,1.65,1.65,0
2024-12-29,dahej_core,VIIRS_NOAA20_SP,1,2.87,2.87,0
2024-12-29,dahej_core,VIIRS_SNPP_SP,1,8.12,8.12,0
2024-12-29,dahej_fringe,VIIRS_NOAA20_SP,6,7.22,4.815,0
2024-12-30,comparison_area,VIIRS_NOAA20_SP,1,0.85,0.85,0
2024-12-30,comparison_area,VIIRS_SNPP_SP,2,2.21,1.93,0
2024-12-30,dahej_core,VIIRS_NOAA20_SP,1,2.95,2.95,0
2024-12-31,comparison_area,VIIRS_NOAA20_SP,2,2.32,1.335,0
2024-12-31,comparison_area,VIIRS_SNPP_SP,1,3.03,3.03,0
2024-12-31,dahej_core,VIIRS_NOAA20_SP,2,4.4,3.4800000000000004,0
2024-12-31,dahej_core,VIIRS_SNPP_SP,1,3.05,3.05,0
2025-01-01,comparison_area,VIIRS_NOAA20_SP,2,1.83,1.465,0
2025-01-01,comparison_area,VIIRS_SNPP_SP,1,0.53,0.53,0
2025-01-01,dahej_fringe,VIIRS_NOAA20_SP,1,12.45,12.45,0
2025-01-01,dahej_fringe,VIIRS_SNPP_SP,2,7.9,6.45,0
2025-01-02,dahej_fringe,VIIRS_NOAA20_SP,1,5.16,5.16,0
2025-01-02,dahej_fringe,VIIRS_SNPP_SP,2,4.26,3.8499999999999996,0
2025-01-03,comparison_area,VIIRS_NOAA20_SP,2,0.92,0.71,0
2025-01-03,comparison_area,VIIRS_SNPP_SP,3,6.29,4.56,0
2025-01-03,dahej_fringe,VIIRS_NOAA20_SP,2,7.25,5.0,0
2025-01-03,dahej_fringe,VIIRS_SNPP_SP,1,5.09,5.09,0
2025-01-04,comparison_area,VIIRS_SNPP_SP,3,6.87,4.976666666666667,0
2025-01-04,dahej_core,VIIRS_NOAA20_SP,5,4.78,3.2660000000000005,0
2025-01-04,dahej_core,VIIRS_SNPP_SP,5,4.23,2.342,0
2025-01-05,comparison_area,VIIRS_NOAA20_SP,1,0.25,0.25,0
2025-01-05,dahej_core,VIIRS_NOAA20_SP,1,3.94,3.94,0
2025-01-05,dahej_fringe,VIIRS_SNPP_SP,1,6.17,6.17,0
2025-01-06,comparison_area,VIIRS_NOAA20_SP,22,10.08,4.594090909090909,1
2025-01-06,dahej_core,VIIRS_NOAA20_SP,2,2.42,1.99,0
2025-01-06,dahej_fringe,VIIRS_NOAA20_SP,9,5.79,3.783333333333333,0
2025-01-07,comparison_area,VIIRS_NOAA20_SP,2,1.14,0.715,0
2025-01-07,dahej_core,VIIRS_NOAA20_SP,2,13.67,8.4,0
2025-01-07,dahej_core,VIIRS_SNPP_SP,1,11.79,11.79,1
2025-01-07,dahej_fringe,VIIRS_SNPP_SP,1,2.67,2.67,0
2025-01-08,comparison_area,VIIRS_NOAA20_SP,1,1.13,1.13,0
2025-01-08,dahej_core,VIIRS_NOAA20_SP,2,5.81,5.175,0
2025-01-08,dahej_fringe,VIIRS_NOAA20_SP,4,8.67,7.342499999999999,1
2025-01-09,comparison_area,VIIRS_NOAA20_SP,2,1.67,1.56,0
2025-01-09,comparison_area,VIIRS_SNPP_SP,2,5.08,3.58,0
2025-01-09,dahej_core,VIIRS_NOAA20_SP,5,8.22,2.936,1
2025-01-09,dahej_core,VIIRS_SNPP_SP,2,0.53,0.53,0
2025-01-10,comparison_area,VIIRS_NOAA20_SP,2,0.71,0.6799999999999999,0
2025-01-10,comparison_area,VIIRS_SNPP_SP,14,18.76,3.7171428571428575,0
2025-01-10,dahej_core,VIIRS_NOAA20_SP,2,4.57,2.615,0
2025-01-10,dahej_core,VIIRS_SNPP_SP,2,1.41,1.15,0
2025-01-10,dahej_fringe,VIIRS_SNPP_SP,4,6.27,4.1425,0
2025-01-11,comparison_area,VIIRS_NOAA20_SP,1,1.84,1.84,0
2025-01-12,comparison_area,VIIRS_NOAA20_SP,1,5.2,5.2,0
2025-01-12,dahej_fringe,VIIRS_SNPP_SP,2,5.43,5.0600000000000005,0
2025-01-13,comparison_area,VIIRS_NOAA20_SP,4,6.7,2.06,0
2025-01-13,comparison_area,VIIRS_SNPP_SP,1,5.25,5.25,0
2025-01-13,dahej_core,VIIRS_SNPP_SP,1,2.63,2.63,0
2025-01-13,dahej_fringe,VIIRS_SNPP_SP,1,0.97,0.97,0
2025-01-14,comparison_area,VIIRS_NOAA20_SP,1,5.27,5.27,0
2025-01-14,comparison_area,VIIRS_SNPP_SP,2,4.19,3.1100000000000003,0
2025-01-14,dahej_core,VIIRS_NOAA20_SP,1,4.08,4.08,0
2025-01-14,dahej_core,VIIRS_SNPP_SP,2,3.28,2.57,0
2025-01-15,dahej_core,VIIRS_SNPP_SP,2,4.34,3.395,0
2025-01-16,comparison_area,VIIRS_NOAA20_SP,3,3.06,2.486666666666667,0
2025-01-16,dahej_core,VIIRS_NOAA20_SP,3,2.81,2.796666666666667,0
2025-01-16,dahej_core,VIIRS_SNPP_SP,1,4.49,4.49,0
2025-01-16,dahej_fringe,VIIRS_NOAA20_SP,1,0.45,0.45,0
2025-01-16,dahej_fringe,VIIRS_SNPP_SP,1,0.68,0.68,0
2025-01-17,comparison_area,VIIRS_NOAA20_SP,1,2.07,2.07,0
2025-01-18,comparison_area,VIIRS_NOAA20_SP,1,0.4,0.4,0
2025-01-18,dahej_core,VIIRS_NOAA20_SP,1,6.45,6.45,0
2025-01-19,comparison_area,VIIRS_SNPP_SP,1,1.07,1.07,0
2025-01-19,dahej_core,VIIRS_SNPP_SP,1,5.15,5.15,0
2025-01-19,dahej_fringe,VIIRS_SNPP_SP,1,2.98,2.98,0
2025-01-20,comparison_area,VIIRS_NOAA20_SP,1,6.13,6.13,0
2025-01-20,comparison_area,VIIRS_SNPP_SP,1,0.45,0.45,0
2025-01-20,dahej_core,VIIRS_SNPP_SP,1,4.94,4.94,0
2025-01-21,comparison_area,VIIRS_NOAA20_SP,3,13.12,6.699999999999999,0
2025-01-21,comparison_area,VIIRS_SNPP_SP,2,17.92,10.705000000000002,0
2025-01-21,dahej_core,VIIRS_NOAA20_SP,2,4.66,3.43,0
2025-01-21,dahej_fringe,VIIRS_NOAA20_SP,2,13.1,6.7749999999999995,0
2025-01-22,comparison_area,VIIRS_NOAA20_SP,22,12.9,4.128181818181819,0
2025-01-22,comparison_area,VIIRS_SNPP_SP,2,27.31,26.435,0
2025-01-22,dahej_core,VIIRS_NOAA20_SP,2,1.9,1.75,0
2025-01-22,dahej_fringe,VIIRS_NOAA20_SP,4,6.19,3.94,0
2025-01-23,comparison_area,VIIRS_NOAA20_SP,2,0.78,0.735,0
2025-01-23,comparison_area,VIIRS_SNPP_SP,3,3.5,2.27,0
2025-01-23,dahej_core,VIIRS_SNPP_SP,1,2.06,2.06,0
2025-01-24,dahej_fringe,VIIRS_SNPP_SP,1,3.94,3.94,0
2025-01-25,comparison_area,VIIRS_SNPP_SP,2,0.55,0.485,0
2025-01-25,dahej_core,VIIRS_NOAA20_SP,3,3.94,3.606666666666667,0
2025-01-25,dahej_core,VIIRS_SNPP_SP,2,4.84,3.505,0
2025-01-25,dahej_fringe,VIIRS_NOAA20_SP,1,1.33,1.33,0
2025-01-26,comparison_area,VIIRS_SNPP_SP,20,5.76,3.304,0
2025-01-26,dahej_fringe,VIIRS_SNPP_SP,5,4.29,2.624,0
2025-01-27,comparison_area,VIIRS_NOAA20_SP,3,3.31,1.4566666666666668,0
2025-01-27,comparison_area,VIIRS_SNPP_SP,3,1.16,0.8300000000000001,0
2025-01-27,dahej_core,VIIRS_NOAA20_SP,1,7.66,7.66,0
2025-01-29,comparison_area,VIIRS_NOAA20_SP,4,2.32,0.9524999999999999,0
2025-01-29,comparison_area,VIIRS_SNPP_SP,4,1.39,0.9975,0
2025-01-29,dahej_core,VIIRS_NOAA20_SP,2,4.48,2.83,0
2025-01-29,dahej_core,VIIRS_SNPP_SP,1,3.14,3.14,0
2025-01-30,comparison_area,VIIRS_SNPP_SP,1,1.42,1.42,0
2025-01-30,dahej_core,VIIRS_NOAA20_SP,1,0.58,0.58,0
2025-01-30,dahej_core,VIIRS_SNPP_SP,1,0.68,0.68,0
2025-01-31,comparison_area,VIIRS_NOAA20_SP,3,4.15,2.516666666666667,0
2025-01-31,comparison_area,VIIRS_SNPP_SP,2,3.43,2.045,0
2025-01-31,dahej_core,VIIRS_NOAA20_SP,2,9.83,9.379999999999999,1
2025-01-31,dahej_core,VIIRS_SNPP_SP,1,3.9,3.9,0
2025-02-01,comparison_area,VIIRS_NOAA20_SP,3,2.6,2.4166666666666665,0
2025-02-01,comparison_area,VIIRS_SNPP_SP,2,3.03,1.8099999999999998,0
2025-02-01,dahej_fringe,VIIRS_SNPP_SP,1,2.34,2.34,0
2025-02-02,comparison_area,VIIRS_NOAA20_SP,2,0.61,0.435,0
2025-02-02,comparison_area,VIIRS_SNPP_SP,1,0.39,0.39,0
2025-02-02,dahej_core,VIIRS_NOAA20_SP,1,2.78,2.78,0
2025-02-02,dahej_core,VIIRS_SNPP_SP,1,3.87,3.87,0
2025-02-02,dahej_fringe,VIIRS_NOAA20_SP,1,3.41,3.41,0
2025-02-03,comparison_area,VIIRS_NOAA20_SP,2,3.25,3.175,0
2025-02-03,comparison_area,VIIRS_SNPP_SP,1,1.81,1.81,0
2025-02-03,dahej_fringe,VIIRS_NOAA20_SP,1,0.58,0.58,0
2025-02-04,comparison_area,VIIRS_SNPP_SP,1,3.53,3.53,0
2025-02-05,comparison_area,VIIRS_NOAA20_SP,1,4.49,4.49,0
2025-02-05,comparison_area,VIIRS_SNPP_SP,3,3.24,2.3366666666666664,0
2025-02-05,dahej_core,VIIRS_NOAA20_SP,1,6.9,6.9,0
2025-02-05,dahej_core,VIIRS_SNPP_SP,4,7.58,3.815,0
2025-02-05,dahej_fringe,VIIRS_NOAA20_SP,1,4.34,4.34,0
2025-02-06,comparison_area,VIIRS_NOAA20_SP,2,6.48,3.56,0
2025-02-06,comparison_area,VIIRS_SNPP_SP,3,10.64,6.673333333333333,0
2025-02-07,comparison_area,VIIRS_NOAA20_SP,1,3.17,3.17,0
2025-02-07,comparison_area,VIIRS_SNPP_SP,3,4.6,2.733333333333333,0
2025-02-07,dahej_core,VIIRS_NOAA20_SP,1,1.56,1.56,0
2025-02-07,dahej_core,VIIRS_SNPP_SP,3,10.87,7.25,0
2025-02-08,comparison_area,VIIRS_NOAA20_SP,2,13.97,8.505,0
2025-02-09,comparison_area,VIIRS_NOAA20_SP,2,0.76,0.575,0
2025-02-09,comparison_area,VIIRS_SNPP_SP,2,9.21,8.395,0
2025-02-09,dahej_core,VIIRS_SNPP_SP,1,6.26,6.26,0
2025-02-10,comparison_area,VIIRS_NOAA20_SP,3,2.8,2.53,0
2025-02-11,comparison_area,VIIRS_NOAA20_SP,3,13.78,7.456666666666666,0
2025-02-11,comparison_area,VIIRS_SNPP_SP,3,4.84,3.733333333333333,0
2025-02-11,dahej_fringe,VIIRS_NOAA20_SP,1,3.35,3.35,0
2025-02-11,dahej_fringe,VIIRS_SNPP_SP,3,3.18,2.3400000000000003,0
2025-02-12,comparison_area,VIIRS_NOAA20_SP,3,1.24,1.1033333333333333,0
2025-02-12,comparison_area,VIIRS_SNPP_SP,5,3.9,2.38,0
2025-02-12,dahej_fringe,VIIRS_NOAA20_SP,2,2.0,1.22,0
2025-02-13,comparison_area,VIIRS_NOAA20_SP,1,5.7,5.7,0
2025-02-14,comparison_area,VIIRS_SNPP_SP,3,2.86,1.3666666666666665,0
2025-02-15,comparison_area,VIIRS_NOAA20_SP,10,8.74,3.0100000000000002,1
2025-02-15,comparison_area,VIIRS_SNPP_SP,6,10.4,4.9383333333333335,0
2025-02-15,dahej_fringe,VIIRS_NOAA20_SP,1,1.25,1.25,0
2025-02-15,dahej_fringe,VIIRS_SNPP_SP,1,0.66,0.66,0
2025-02-16,comparison_area,VIIRS_NOAA20_SP,2,1.49,1.1,0
2025-02-16,comparison_area,VIIRS_SNPP_SP,10,4.82,1.9769999999999999,0
2025-02-16,dahej_fringe,VIIRS_NOAA20_SP,1,10.96,10.96,0
2025-02-16,dahej_fringe,VIIRS_SNPP_SP,1,3.9,3.9,0
2025-02-17,comparison_area,VIIRS_NOAA20_SP,2,2.25,2.245,0
2025-02-17,comparison_area,VIIRS_SNPP_SP,1,3.2,3.2,0
2025-02-18,comparison_area,VIIRS_NOAA20_SP,2,3.16,1.995,0
2025-02-18,comparison_area,VIIRS_SNPP_SP,4,2.51,2.5,0
2025-02-18,dahej_fringe,VIIRS_NOAA20_SP,1,0.85,0.85,0
2025-02-18,dahej_fringe,VIIRS_SNPP_SP,1,2.18,2.18,0
2025-02-19,comparison_area,VIIRS_SNPP_SP,2,2.99,1.905,0
2025-02-19,dahej_fringe,VIIRS_SNPP_SP,1,0.76,0.76,0
2025-02-20,comparison_area,VIIRS_NOAA20_SP,1,1.58,1.58,0
2025-02-20,dahej_core,VIIRS_NOAA20_SP,2,4.94,4.455,0
2025-02-20,dahej_core,VIIRS_SNPP_SP,5,5.99,3.9219999999999997,0
2025-02-20,dahej_fringe,VIIRS_SNPP_SP,1,3.85,3.85,0
2025-02-21,comparison_area,VIIRS_NOAA20_SP,2,4.78,3.8600000000000003,0
2025-02-21,comparison_area,VIIRS_SNPP_SP,2,2.25,1.74,0
2025-02-21,dahej_core,VIIRS_SNPP_SP,3,4.74,2.92,0
2025-02-22,dahej_core,VIIRS_NOAA20_SP,1,7.7,7.7,0
2025-02-22,dahej_fringe,VIIRS_NOAA20_SP,1,2.18,2.18,0
2025-02-22,dahej_fringe,VIIRS_SNPP_SP,1,1.89,1.89,0
2025-02-23,comparison_area,VIIRS_NOAA20_SP,4,7.0,3.86,0
2025-02-23,comparison_area,VIIRS_SNPP_SP,3,4.64,1.8633333333333333,0
2025-02-23,dahej_core,VIIRS_NOAA20_SP,2,7.79,6.359999999999999,0
2025-02-23,dahej_core,VIIRS_SNPP_SP,2,6.86,6.86,0
2025-02-23,dahej_fringe,VIIRS_NOAA20_SP,2,6.33,3.565,0
2025-02-24,comparison_area,VIIRS_NOAA20_SP,3,5.18,2.34,0
2025-02-24,comparison_area,VIIRS_SNPP_SP,3,7.01,5.166666666666667,0
2025-02-24,dahej_core,VIIRS_NOAA20_SP,11,18.66,9.554545454545455,1
2025-02-24,dahej_core,VIIRS_SNPP_SP,2,8.29,5.944999999999999,1
2025-02-25,comparison_area,VIIRS_SNPP_SP,1,3.78,3.78,0
2025-02-25,dahej_core,VIIRS_NOAA20_SP,4,15.28,11.55,0
2025-02-25,dahej_core,VIIRS_SNPP_SP,4,19.53,6.5725,0
2025-02-25,dahej_fringe,VIIRS_SNPP_SP,1,10.31,10.31,0
2025-02-26,dahej_core,VIIRS_NOAA20_SP,2,3.42,3.165,0
2025-02-26,dahej_fringe,VIIRS_NOAA20_SP,1,2.84,2.84,0
2025-02-27,comparison_area,VIIRS_NOAA20_SP,2,0.66,0.44,0
2025-02-27,comparison_area,VIIRS_SNPP_SP,4,3.56,1.78,0
2025-02-27,dahej_fringe,VIIRS_NOAA20_SP,2,2.47,1.55,0
2025-02-27,dahej_fringe,VIIRS_SNPP_SP,2,6.56,3.54,0
2025-02-28,comparison_area,VIIRS_NOAA20_SP,3,3.09,2.183333333333333,0
2025-02-28,comparison_area,VIIRS_SNPP_SP,1,0.56,0.56,0
2025-02-28,dahej_core,VIIRS_NOAA20_SP,3,1.64,1.2733333333333332,0
2025-02-28,dahej_fringe,VIIRS_NOAA20_SP,1,0.19,0.19,0
2025-02-28,dahej_fringe,VIIRS_SNPP_SP,1,0.85,0.85,0
2025-03-01,dahej_core,VIIRS_NOAA20_SP,3,3.95,2.7466666666666666,0
2025-03-01,dahej_core,VIIRS_SNPP_SP,8,9.46,4.30375,1
2025-03-02,comparison_area,VIIRS_NOAA20_SP,1,2.28,2.28,0
2025-03-02,dahej_core,VIIRS_NOAA20_SP,2,1.99,1.31,0
2025-03-02,dahej_core,VIIRS_SNPP_SP,2,3.17,1.725,0
2025-03-03,comparison_area,VIIRS_SNPP_SP,2,2.83,2.3200000000000003,0
2025-03-03,dahej_core,VIIRS_NOAA20_SP,3,6.65,4.49,1
2025-03-03,dahej_core,VIIRS_SNPP_SP,1,1.14,1.14,0
2025-03-03,dahej_fringe,VIIRS_NOAA20_SP,1,6.36,6.36,0
2025-03-03,dahej_fringe,VIIRS_SNPP_SP,4,12.21,7.295,0
2025-03-04,dahej_core,VIIRS_NOAA20_SP,4,2.37,1.9775,0
2025-03-04,dahej_core,VIIRS_SNPP_SP,4,7.97,5.115,0
2025-03-04,dahej_fringe,VIIRS_NOAA20_SP,1,7.87,7.87,0
2025-03-04,dahej_fringe,VIIRS_SNPP_SP,1,25.35,25.35,0
2025-03-05,comparison_area,VIIRS_NOAA20_SP,1,2.49,2.49,0
2025-03-05,comparison_area,VIIRS_SNPP_SP,2,5.38,5.29,0
2025-03-05,dahej_core,VIIRS_NOAA20_SP,1,1.32,1.32,0
2025-03-06,comparison_area,VIIRS_SNPP_SP,2,2.87,2.87,0
2025-03-07,comparison_area,VIIRS_NOAA20_SP,1,4.62,4.62,0
2025-03-08,comparison_area,VIIRS_NOAA20_SP,1,1.21,1.21,0
2025-03-08,comparison_area,VIIRS_SNPP_SP,1,2.61,2.61,0
2025-03-08,dahej_core,VIIRS_NOAA20_SP,2,5.9,5.9,0
2025-03-08,dahej_core,VIIRS_SNPP_SP,1,10.45,10.45,0
2025-03-08,dahej_fringe,VIIRS_NOAA20_SP,2,1.79,1.405,0
2025-03-09,comparison_area,VIIRS_NOAA20_SP,2,4.28,4.28,0
2025-03-09,comparison_area,VIIRS_SNPP_SP,1,5.77,5.77,0
2025-03-09,dahej_fringe,VIIRS_NOAA20_SP,1,7.69,7.69,0
2025-03-09,dahej_fringe,VIIRS_SNPP_SP,1,13.34,13.34,0
2025-03-10,comparison_area,VIIRS_NOAA20_SP,2,9.72,6.48,0
2025-03-10,dahej_core,VIIRS_NOAA20_SP,2,0.96,0.8899999999999999,0
2025-03-10,dahej_fringe,VIIRS_NOAA20_SP,1,9.6,9.6,0
2025-03-10,dahej_fringe,VIIRS_SNPP_SP,3,6.6,4.463333333333333,0
2025-03-11,comparison_area,VIIRS_NOAA20_SP,3,4.43,3.69,0
2025-03-11,comparison_area,VIIRS_SNPP_SP,1,50.19,50.19,0
2025-03-11,dahej_core,VIIRS_NOAA20_SP,2,5.85,3.6449999999999996,0
2025-03-11,dahej_core,VIIRS_SNPP_SP,1,5.34,5.34,0
2025-03-12,comparison_area,VIIRS_NOAA20_SP,1,1.55,1.55,0
2025-03-12,dahej_core,VIIRS_SNPP_SP,1,2.59,2.59,0
2025-03-12,dahej_fringe,VIIRS_SNPP_SP,2,1.72,1.635,0
2025-03-13,comparison_area,VIIRS_NOAA20_SP,5,6.55,3.074,0
2025-03-13,comparison_area,VIIRS_SNPP_SP,4,6.13,2.62,0
2025-03-13,dahej_core,VIIRS_NOAA20_SP,2,1.34,1.32,0
2025-03-13,dahej_core,VIIRS_SNPP_SP,2,5.71,4.175,0
2025-03-13,dahej_fringe,VIIRS_SNPP_SP,1,17.04,17.04,0
2025-03-14,dahej_core,VIIRS_NOAA20_SP,5,5.3,4.886,3
2025-03-14,dahej_core,VIIRS_SNPP_SP,3,36.03,16.536666666666665,0
2025-03-14,dahej_fringe,VIIRS_NOAA20_SP,1,8.96,8.96,0
2025-03-14,dahej_fringe,VIIRS_SNPP_SP,1,12.16,12.16,0
2025-03-15,comparison_area,VIIRS_SNPP_SP,1,4.24,4.24,0
2025-03-15,dahej_core,VIIRS_NOAA20_SP,2,8.29,5.455,0
2025-03-15,dahej_core,VIIRS_SNPP_SP,4,7.23,6.175000000000001,0
2025-03-15,dahej_fringe,VIIRS_NOAA20_SP,1,0.98,0.98,0
2025-03-16,comparison_area,VIIRS_NOAA20_SP,5,1.13,0.75,0
2025-03-16,comparison_area,VIIRS_SNPP_SP,2,2.24,1.7200000000000002,0
2025-03-16,dahej_core,VIIRS_SNPP_SP,1,3.97,3.97,0
2025-03-18,comparison_area,VIIRS_SNPP_SP,2,4.11,3.89,0
2025-03-18,dahej_fringe,VIIRS_NOAA20_SP,2,4.29,4.04,0
2025-03-18,dahej_fringe,VIIRS_SNPP_SP,1,1.98,1.98,0
2025-03-19,comparison_area,VIIRS_NOAA20_SP,2,4.06,2.8949999999999996,0
2025-03-19,dahej_core,VIIRS_NOAA20_SP,3,4.74,2.9933333333333336,0
2025-03-19,dahej_core,VIIRS_SNPP_SP,2,8.81,4.765000000000001,0
2025-03-19,dahej_fringe,VIIRS_NOAA20_SP,2,5.0,4.805,0
2025-03-20,comparison_area,VIIRS_NOAA20_SP,4,5.69,4.470000000000001,0
2025-03-20,comparison_area,VIIRS_SNPP_SP,6,10.08,4.2283333333333335,0
2025-03-20,dahej_core,VIIRS_NOAA20_SP,1,4.33,4.33,0
2025-03-20,dahej_fringe,VIIRS_NOAA20_SP,1,2.22,2.22,0
2025-03-21,comparison_area,VIIRS_NOAA20_SP,1,7.46,7.46,0
2025-03-21,comparison_area,VIIRS_SNPP_SP,1,6.27,6.27,0
2025-03-21,dahej_core,VIIRS_NOAA20_SP,1,0.68,0.68,0
2025-03-21,dahej_core,VIIRS_SNPP_SP,2,0.8,0.68,0
2025-03-21,dahej_fringe,VIIRS_SNPP_SP,1,6.47,6.47,0
2025-03-22,comparison_area,VIIRS_NOAA20_SP,3,8.38,3.5700000000000003,0
2025-03-22,dahej_core,VIIRS_NOAA20_SP,3,3.58,2.7133333333333334,0
2025-03-23,comparison_area,VIIRS_NOAA20_SP,2,0.94,0.9299999999999999,0
2025-03-23,comparison_area,VIIRS_SNPP_SP,2,2.47,2.185,0
2025-03-23,dahej_core,VIIRS_NOAA20_SP,1,0.81,0.81,0
2025-03-23,dahej_fringe,VIIRS_SNPP_SP,1,5.87,5.87,0
2025-03-24,comparison_area,VIIRS_NOAA20_SP,4,6.36,3.8575,0
2025-03-24,comparison_area,VIIRS_SNPP_SP,4,13.91,8.5725,0
2025-03-24,dahej_fringe,VIIRS_NOAA20_SP,1,3.99,3.99,0
2025-03-24,dahej_fringe,VIIRS_SNPP_SP,1,3.49,3.49,0
2025-03-25,comparison_area,VIIRS_NOAA20_SP,1,1.16,1.16,0
2025-03-25,comparison_area,VIIRS_SNPP_SP,4,10.4,4.3100000000000005,0
2025-03-25,dahej_core,VIIRS_NOAA20_SP,2,2.23,2.21,0
2025-03-25,dahej_core,VIIRS_SNPP_SP,1,1.84,1.84,0
2025-03-26,comparison_area,VIIRS_NOAA20_SP,2,11.18,6.984999999999999,0
2025-03-26,dahej_core,VIIRS_NOAA20_SP,1,2.45,2.45,0
2025-03-26,dahej_core,VIIRS_SNPP_SP,1,0.52,0.52,0
2025-03-26,dahej_fringe,VIIRS_NOAA20_SP,2,6.59,5.91,0
2025-03-26,dahej_fringe,VIIRS_SNPP_SP,1,5.99,5.99,0
2025-03-27,comparison_area,VIIRS_NOAA20_SP,4,3.69,2.6275,0
2025-03-27,comparison_area,VIIRS_SNPP_SP,1,1.86,1.86,0
2025-03-28,comparison_area,VIIRS_NOAA20_SP,2,4.66,2.5500000000000003,0
2025-03-28,dahej_core,VIIRS_NOAA20_SP,1,7.82,7.82,0
2025-03-28,dahej_core,VIIRS_SNPP_SP,5,6.76,3.242,1
2025-03-29,comparison_area,VIIRS_NOAA20_SP,8,23.72,10.40125,2
2025-03-29,comparison_area,VIIRS_SNPP_SP,3,8.33,3.99,0
2025-03-29,dahej_fringe,VIIRS_SNPP_SP,1,9.0,9.0,0
2025-03-30,comparison_area,VIIRS_NOAA20_SP,5,7.73,3.992,0
2025-03-30,comparison_area,VIIRS_SNPP_SP,9,9.98,4.7444444444444445,0
2025-03-30,dahej_core,VIIRS_NOAA20_SP,1,2.15,2.15,0
2025-03-30,dahej_fringe,VIIRS_SNPP_SP,1,11.36,11.36,0
2025-03-31,dahej_core,VIIRS_SNPP_SP,1,7.02,7.02,0
2025-04-01,comparison_area,VIIRS_NOAA20_SP,2,3.9,2.445,0
2025-04-01,comparison_area,VIIRS_SNPP_SP,2,3.58,2.09,0
2025-04-01,dahej_core,VIIRS_SNPP_SP,1,0.97,0.97,0
2025-04-01,dahej_fringe,VIIRS_NOAA20_SP,2,7.67,6.025,0
2025-04-02,comparison_area,VIIRS_NOAA20_SP,4,6.8,6.7025,0
2025-04-02,comparison_area,VIIRS_SNPP_SP,5,12.29,6.542,0
2025-04-02,dahej_core,VIIRS_NOAA20_SP,1,1.87,1.87,0
2025-04-03,comparison_area,VIIRS_NOAA20_SP,2,11.6,6.0649999999999995,1
2025-04-03,comparison_area,VIIRS_SNPP_SP,1,2.91,2.91,0
2025-04-03,dahej_core,VIIRS_NOAA20_SP,2,2.11,2.0949999999999998,0
2025-04-03,dahej_core,VIIRS_SNPP_SP,1,2.29,2.29,0
2025-04-03,dahej_fringe,VIIRS_SNPP_SP,1,1.3,1.3,0
2025-04-04,comparison_area,VIIRS_NOAA20_SP,7,12.41,6.242857142857143,1
2025-04-04,comparison_area,VIIRS_SNPP_SP,2,2.32,2.035,0
2025-04-04,dahej_core,VIIRS_SNPP_SP,1,13.07,13.07,0
2025-04-04,dahej_fringe,VIIRS_NOAA20_SP,2,4.36,3.4400000000000004,0
2025-04-04,dahej_fringe,VIIRS_SNPP_SP,1,13.75,13.75,0
2025-04-05,comparison_area,VIIRS_NOAA20_SP,3,39.83,24.17,0
2025-04-05,comparison_area,VIIRS_SNPP_SP,1,1.16,1.16,0
2025-04-05,dahej_fringe,VIIRS_NOAA20_SP,1,9.1,9.1,0
2025-04-05,dahej_fringe,VIIRS_SNPP_SP,1,11.29,11.29,0
2025-04-06,comparison_area,VIIRS_NOAA20_SP,1,0.74,0.74,0
2025-04-06,dahej_core,VIIRS_SNPP_SP,1,1.87,1.87,0
2025-04-07,comparison_area,VIIRS_NOAA20_SP,2,13.76,7.8549999999999995,0
2025-04-07,comparison_area,VIIRS_SNPP_SP,8,8.34,4.9875,1
2025-04-07,dahej_fringe,VIIRS_NOAA20_SP,2,15.39,15.39,0
2025-04-07,dahej_fringe,VIIRS_SNPP_SP,3,10.07,7.316666666666666,2
2025-04-08,comparison_area,VIIRS_NOAA20_SP,2,3.69,3.4050000000000002,0
2025-04-08,dahej_core,VIIRS_NOAA20_SP,1,7.61,7.61,0
2025-04-08,dahej_core,VIIRS_SNPP_SP,2,2.56,2.515,0
2025-04-08,dahej_fringe,VIIRS_NOAA20_SP,2,8.32,8.005,0
2025-04-08,dahej_fringe,VIIRS_SNPP_SP,3,8.85,7.9433333333333325,2
2025-04-09,comparison_area,VIIRS_NOAA20_SP,1,0.78,0.78,0
2025-04-09,comparison_area,VIIRS_SNPP_SP,3,18.49,8.06,0
2025-04-09,dahej_core,VIIRS_NOAA20_SP,1,2.72,2.72,0
2025-04-09,dahej_core,VIIRS_SNPP_SP,1,12.34,12.34,0
2025-04-09,dahej_fringe,VIIRS_NOAA20_SP,2,3.85,3.535,0
2025-04-09,dahej_fringe,VIIRS_SNPP_SP,2,8.68,5.91,0
2025-04-10,comparison_area,VIIRS_NOAA20_SP,4,13.01,4.2975,0
2025-04-10,comparison_area,VIIRS_SNPP_SP,7,16.18,4.594285714285715,0
2025-04-10,dahej_fringe,VIIRS_SNPP_SP,1,3.75,3.75,0
2025-04-11,dahej_core,VIIRS_NOAA20_SP,1,1.17,1.17,0
2025-04-11,dahej_fringe,VIIRS_NOAA20_SP,3,4.06,3.4566666666666666,0
2025-04-12,comparison_area,VIIRS_NOAA20_SP,3,6.69,3.5133333333333336,0
2025-04-12,comparison_area,VIIRS_SNPP_SP,2,2.65,2.62,0
2025-04-12,dahej_core,VIIRS_NOAA20_SP,1,13.34,13.34,0
2025-04-12,dahej_fringe,VIIRS_NOAA20_SP,1,6.5,6.5,0
2025-04-13,comparison_area,VIIRS_NOAA20_SP,5,15.56,9.608,0
2025-04-13,comparison_area,VIIRS_SNPP_SP,4,5.58,2.625,0
2025-04-13,dahej_core,VIIRS_SNPP_SP,2,3.67,3.5,0
2025-04-14,comparison_area,VIIRS_NOAA20_SP,4,3.9,2.195,0
2025-04-14,dahej_core,VIIRS_NOAA20_SP,1,4.64,4.64,0
2025-04-14,dahej_core,VIIRS_SNPP_SP,1,9.64,9.64,0
2025-04-15,comparison_area,VIIRS_NOAA20_SP,3,5.65,4.193333333333333,0
2025-04-15,comparison_area,VIIRS_SNPP_SP,1,31.92,31.92,1
2025-04-16,comparison_area,VIIRS_NOAA20_SP,2,5.02,3.085,0
2025-04-16,comparison_area,VIIRS_SNPP_SP,3,12.66,5.413333333333333,0
2025-04-16,dahej_core,VIIRS_NOAA20_SP,1,16.74,16.74,0
2025-04-16,dahej_fringe,VIIRS_NOAA20_SP,1,8.18,8.18,0
2025-04-17,comparison_area,VIIRS_NOAA20_SP,2,10.02,5.57,0
2025-04-17,comparison_area,VIIRS_SNPP_SP,2,4.02,2.755,0
2025-04-17,dahej_core,VIIRS_NOAA20_SP,3,33.21,19.44333333333333,0
2025-04-17,dahej_core,VIIRS_SNPP_SP,5,19.16,14.6,0
2025-04-17,dahej_fringe,VIIRS_NOAA20_SP,2,7.0,6.02,0
2025-04-17,dahej_fringe,VIIRS_SNPP_SP,1,6.03,6.03,0
2025-04-18,comparison_area,VIIRS_NOAA20_SP,3,4.95,2.8800000000000003,0
2025-04-18,dahej_fringe,VIIRS_SNPP_SP,3,4.35,2.7433333333333336,0
2025-04-19,comparison_area,VIIRS_NOAA20_SP,2,5.46,4.515,0
2025-04-19,dahej_core,VIIRS_NOAA20_SP,2,6.26,6.14,1
2025-04-19,dahej_core,VIIRS_SNPP_SP,1,3.42,3.42,0
2025-04-20,dahej_fringe,VIIRS_NOAA20_SP,1,13.49,13.49,0
2025-04-20,dahej_fringe,VIIRS_SNPP_SP,1,23.47,23.47,0
2025-04-21,comparison_area,VIIRS_NOAA20_SP,2,15.92,15.16,0
2025-04-21,comparison_area,VIIRS_SNPP_SP,2,17.07,15.82,0
2025-04-21,dahej_core,VIIRS_NOAA20_SP,3,1.36,1.1433333333333333,0
2025-04-21,dahej_core,VIIRS_SNPP_SP,5,3.58,1.748,0
2025-04-21,dahej_fringe,VIIRS_SNPP_SP,2,4.9,4.77,0
2025-04-22,comparison_area,VIIRS_NOAA20_SP,7,14.26,6.644285714285714,0
2025-04-22,comparison_area,VIIRS_SNPP_SP,4,10.37,8.344999999999999,0
2025-04-22,dahej_core,VIIRS_NOAA20_SP,7,87.66,32.794285714285714,2
2025-04-22,dahej_core,VIIRS_SNPP_SP,3,73.1,56.21,1
2025-04-23,comparison_area,VIIRS_NOAA20_SP,5,7.92,3.6020000000000003,0
2025-04-23,comparison_area,VIIRS_SNPP_SP,18,15.85,5.745,2
2025-04-23,dahej_core,VIIRS_NOAA20_SP,1,0.95,0.95,0
2025-04-23,dahej_core,VIIRS_SNPP_SP,4,11.73,7.7924999999999995,0
2025-04-23,dahej_fringe,VIIRS_NOAA20_SP,2,1.27,0.9450000000000001,0
2025-04-23,dahej_fringe,VIIRS_SNPP_SP,1,7.25,7.25,0
2025-04-24,comparison_area,VIIRS_SNPP_SP,5,7.49,6.462000000000001,0
2025-04-24,dahej_core,VIIRS_SNPP_SP,3,7.81,5.1466666666666665,0
2025-04-24,dahej_fringe,VIIRS_SNPP_SP,3,8.06,6.706666666666667,0
2025-04-25,comparison_area,VIIRS_NOAA20_SP,5,2.55,1.864,0
2025-04-25,comparison_area,VIIRS_SNPP_SP,4,24.34,11.9025,0
2025-04-25,dahej_core,VIIRS_SNPP_SP,2,6.88,5.29,0
2025-04-26,comparison_area,VIIRS_NOAA20_SP,1,3.42,3.42,0
2025-04-26,comparison_area,VIIRS_SNPP_SP,2,14.57,9.095,0
2025-04-26,dahej_core,VIIRS_SNPP_SP,2,9.73,5.13,0
2025-04-27,comparison_area,VIIRS_NOAA20_SP,4,13.13,6.5125,0
2025-04-27,comparison_area,VIIRS_SNPP_SP,1,12.42,12.42,0
2025-04-27,dahej_fringe,VIIRS_NOAA20_SP,1,15.94,15.94,0
2025-04-27,dahej_fringe,VIIRS_SNPP_SP,1,14.7,14.7,0
2025-04-28,comparison_area,VIIRS_NOAA20_SP,3,8.72,6.87,0
2025-04-28,dahej_core,VIIRS_NOAA20_SP,1,1.39,1.39,0
2025-04-28,dahej_core,VIIRS_SNPP_SP,1,1.33,1.33,0
2025-04-28,dahej_fringe,VIIRS_SNPP_SP,1,2.64,2.64,0
2025-04-29,comparison_area,VIIRS_NOAA20_SP,1,0.94,0.94,0
2025-04-29,comparison_area,VIIRS_SNPP_SP,5,5.0,2.944,0
2025-04-29,dahej_core,VIIRS_SNPP_SP,1,1.37,1.37,0
2025-04-29,dahej_fringe,VIIRS_NOAA20_SP,1,4.17,4.17,0
2025-04-29,dahej_fringe,VIIRS_SNPP_SP,4,4.46,3.7575,0
2025-04-30,comparison_area,VIIRS_NOAA20_SP,2,4.34,3.1149999999999998,0
2025-04-30,comparison_area,VIIRS_SNPP_SP,2,10.3,8.265,0
2025-04-30,dahej_core,VIIRS_NOAA20_SP,1,0.45,0.45,0
2025-04-30,dahej_fringe,VIIRS_NOAA20_SP,1,7.84,7.84,0
2025-05-01,comparison_area,VIIRS_NOAA20_SP,4,12.2,7.58,2
2025-05-01,comparison_area,VIIRS_SNPP_SP,2,20.45,18.259999999999998,0
2025-05-01,dahej_core,VIIRS_NOAA20_SP,1,8.49,8.49,0
2025-05-01,dahej_fringe,VIIRS_NOAA20_SP,2,4.9,4.17,1
2025-05-02,comparison_area,VIIRS_NOAA20_SP,2,6.88,6.88,0
2025-05-02,comparison_area,VIIRS_SNPP_SP,19,22.2,7.077368421052632,0
2025-05-04,comparison_area,VIIRS_NOAA20_SP,4,5.82,4.945,0
2025-05-04,comparison_area,VIIRS_SNPP_SP,3,6.19,3.58,0
2025-05-05,comparison_area,VIIRS_NOAA20_SP,3,3.07,2.4266666666666667,0
2025-05-05,comparison_area,VIIRS_SNPP_SP,1,1.79,1.79,0
2025-05-07,dahej_core,VIIRS_SNPP_SP,1,0.69,0.69,0
2025-05-08,dahej_core,VIIRS_SNPP_SP,2,1.24,1.15,0
2025-05-09,dahej_core,VIIRS_NOAA20_SP,1,5.31,5.31,0
2025-05-09,dahej_core,VIIRS_SNPP_SP,1,5.88,5.88,0
2025-05-09,dahej_fringe,VIIRS_NOAA20_SP,1,2.21,2.21,0
2025-05-10,dahej_core,VIIRS_NOAA20_SP,1,3.75,3.75,0
2025-05-11,comparison_area,VIIRS_NOAA20_SP,4,5.75,4.1925,0
2025-05-12,comparison_area,VIIRS_NOAA20_SP,2,4.54,3.165,0
2025-05-12,comparison_area,VIIRS_SNPP_SP,6,6.6,2.891666666666666,0
2025-05-13,comparison_area,VIIRS_NOAA20_SP,1,5.76,5.76,0
2025-05-13,comparison_area,VIIRS_SNPP_SP,2,6.57,4.65,0
2025-05-13,dahej_core,VIIRS_NOAA20_SP,2,5.45,5.425000000000001,0
2025-05-13,dahej_core,VIIRS_SNPP_SP,1,3.88,3.88,0
2025-05-14,comparison_area,VIIRS_NOAA20_SP,1,4.83,4.83,0
2025-05-14,dahej_core,VIIRS_SNPP_SP,2,2.34,1.75,0
2025-05-15,comparison_area,VIIRS_NOAA20_SP,4,4.35,3.285,0
2025-05-15,comparison_area,VIIRS_SNPP_SP,2,5.42,3.485,0
2025-05-15,dahej_core,VIIRS_SNPP_SP,1,3.1,3.1,0
2025-05-16,comparison_area,VIIRS_NOAA20_SP,1,3.21,3.21,0
2025-05-17,comparison_area,VIIRS_SNPP_SP,4,2.53,1.5625,0
2025-05-17,dahej_fringe,VIIRS_SNPP_SP,1,1.83,1.83,0
2025-05-18,comparison_area,VIIRS_NOAA20_SP,2,2.17,2.0949999999999998,0
2025-05-18,comparison_area,VIIRS_SNPP_SP,2,3.71,3.5300000000000002,0
2025-05-19,comparison_area,VIIRS_NOAA20_SP,3,3.97,2.796666666666667,0
2025-05-19,comparison_area,VIIRS_SNPP_SP,2,1.98,1.6600000000000001,0
2025-05-21,comparison_area,VIIRS_SNPP_SP,1,0.64,0.64,0
2025-05-21,dahej_fringe,VIIRS_NOAA20_SP,1,1.19,1.19,0
2025-05-21,dahej_fringe,VIIRS_SNPP_SP,1,1.17,1.17,0
2025-05-22,comparison_area,VIIRS_SNPP_SP,1,3.76,3.76,0
2025-05-23,comparison_area,VIIRS_NOAA20_SP,1,6.66,6.66,0
2025-05-28,comparison_area,VIIRS_SNPP_SP,1,2.29,2.29,0
2025-05-29,dahej_fringe,VIIRS_SNPP_SP,1,1.25,1.25,0
2025-05-30,dahej_core,VIIRS_NOAA20_SP,2,4.13,4.13,0
2025-05-30,dahej_core,VIIRS_SNPP_SP,3,8.31,6.553333333333334,0
2025-06-02,comparison_area,VIIRS_NOAA20_SP,2,3.98,2.81,0
2025-06-02,comparison_area,VIIRS_SNPP_SP,1,2.45,2.45,0
2025-06-03,comparison_area,VIIRS_SNPP_SP,1,4.62,4.62,0
2025-06-03,dahej_core,VIIRS_NOAA20_SP,2,15.35,10.91,0
2025-06-03,dahej_core,VIIRS_SNPP_SP,1,12.78,12.78,0
2025-06-04,dahej_core,VIIRS_SNPP_SP,3,7.72,6.163333333333333,0
2025-06-06,comparison_area,VIIRS_SNPP_SP,1,2.82,2.82,0
2025-06-06,dahej_fringe,VIIRS_SNPP_SP,1,1.18,1.18,0
2025-06-09,comparison_area,VIIRS_NOAA20_SP,2,2.38,1.72,0
2025-06-10,comparison_area,VIIRS_NOAA20_SP,1,10.19,10.19,0
2025-06-12,comparison_area,VIIRS_SNPP_SP,1,4.67,4.67,0
2025-06-13,comparison_area,VIIRS_SNPP_SP,2,2.42,2.175,0
2025-06-14,comparison_area,VIIRS_NOAA20_SP,1,10.31,10.31,0
2025-06-14,dahej_core,VIIRS_SNPP_SP,1,4.4,4.4,0
2025-08-05,dahej_core,VIIRS_NOAA20_SP,2,2.49,2.49,0
2025-08-05,dahej_core,VIIRS_SNPP_SP,2,2.93,2.93,0
2025-08-07,dahej_core,VIIRS_NOAA20_SP,1,1.03,1.03,0
2025-08-12,comparison_area,VIIRS_NOAA20_SP,1,2.82,2.82,0
2025-08-12,dahej_core,VIIRS_NOAA20_SP,1,2.44,2.44,0
2025-08-25,dahej_core,VIIRS_NOAA20_SP,1,0.7,0.7,0
2025-09-09,comparison_area,VIIRS_SNPP_SP,2,1.87,1.67,0
2025-09-12,comparison_area,VIIRS_NOAA20_SP,2,1.96,1.955,0
2025-09-17,dahej_fringe,VIIRS_SNPP_SP,1,0.82,0.82,0
2025-09-25,comparison_area,VIIRS_SNPP_SP,2,0.44,0.38,0
2025-09-25,dahej_core,VIIRS_NOAA20_SP,1,0.97,0.97,0
2025-10-03,comparison_area,VIIRS_SNPP_SP,1,0.29,0.29,0
2025-10-05,comparison_area,VIIRS_NOAA20_SP,2,1.75,1.615,0
2025-10-05,comparison_area,VIIRS_SNPP_SP,3,2.74,1.5533333333333335,0
2025-10-05,dahej_core,VIIRS_NOAA20_SP,2,2.11,2.075,0
2025-10-05,dahej_core,VIIRS_SNPP_SP,2,7.53,5.78,0
2025-10-06,comparison_area,VIIRS_NOAA20_SP,2,3.32,2.63,0
2025-10-08,comparison_area,VIIRS_NOAA20_SP,1,0.32,0.32,0
2025-10-08,comparison_area,VIIRS_SNPP_SP,2,1.05,1.05,0
2025-10-10,comparison_area,VIIRS_NOAA20_SP,3,11.03,5.376666666666666,0
2025-10-10,comparison_area,VIIRS_SNPP_SP,2,6.13,3.3049999999999997,0
2025-10-11,comparison_area,VIIRS_NOAA20_SP,2,3.17,2.03,0
2025-10-11,comparison_area,VIIRS_SNPP_SP,2,0.65,0.55,0
2025-10-12,comparison_area,VIIRS_NOAA20_SP,3,1.36,1.2666666666666666,0
2025-10-12,comparison_area,VIIRS_SNPP_SP,1,0.74,0.74,0
2025-10-12,dahej_core,VIIRS_SNPP_SP,1,6.59,6.59,1
2025-10-13,dahej_fringe,VIIRS_SNPP_SP,1,2.45,2.45,0
2025-10-15,comparison_area,VIIRS_NOAA20_SP,1,6.37,6.37,0
2025-10-15,dahej_core,VIIRS_NOAA20_SP,1,2.63,2.63,0
2025-10-16,comparison_area,VIIRS_NOAA20_SP,1,0.51,0.51,0
2025-10-18,comparison_area,VIIRS_NOAA20_SP,1,2.18,2.18,0
2025-10-18,comparison_area,VIIRS_SNPP_SP,1,1.65,1.65,0
2025-10-19,comparison_area,VIIRS_NOAA20_SP,1,1.85,1.85,0
2025-10-19,dahej_core,VIIRS_NOAA20_SP,1,3.14,3.14,0
2025-10-22,comparison_area,VIIRS_NOAA20_SP,1,0.65,0.65,0
2025-11-01,dahej_core,VIIRS_NOAA20_SP,1,2.18,2.18,0
2025-11-02,comparison_area,VIIRS_NOAA20_SP,1,1.23,1.23,0
2025-11-02,comparison_area,VIIRS_SNPP_SP,3,1.95,1.2933333333333332,0
2025-11-03,comparison_area,VIIRS_NOAA20_SP,3,2.02,1.42,0
2025-11-03,comparison_area,VIIRS_SNPP_SP,1,1.18,1.18,0
2025-11-04,comparison_area,VIIRS_NOAA20_SP,2,0.76,0.5549999999999999,0
2025-11-04,comparison_area,VIIRS_SNPP_SP,2,2.38,1.91,0
2025-11-04,dahej_core,VIIRS_SNPP_SP,1,1.37,1.37,0
2025-11-05,comparison_area,VIIRS_NOAA20_SP,1,1.66,1.66,0
2025-11-05,comparison_area,VIIRS_SNPP_SP,2,1.67,1.3,0
2025-11-06,comparison_area,VIIRS_NOAA20_SP,3,4.41,2.263333333333333,0
2025-11-06,comparison_area,VIIRS_SNPP_SP,1,1.29,1.29,0
2025-11-07,comparison_area,VIIRS_NOAA20_SP,2,3.41,2.825,0
2025-11-07,comparison_area,VIIRS_SNPP_SP,3,3.63,2.3633333333333333,0
2025-11-08,comparison_area,VIIRS_NOAA20_SP,5,2.12,1.52,0
2025-11-08,comparison_area,VIIRS_SNPP_SP,2,1.09,1.045,0
2025-11-08,dahej_fringe,VIIRS_NOAA20_SP,1,8.51,8.51,0
2025-11-08,dahej_fringe,VIIRS_SNPP_SP,1,2.91,2.91,0
2025-11-09,comparison_area,VIIRS_NOAA20_SP,6,2.72,1.366666666666667,0
2025-11-09,comparison_area,VIIRS_SNPP_SP,3,1.61,1.4566666666666668,0
2025-11-10,comparison_area,VIIRS_NOAA20_SP,1,0.97,0.97,0
2025-11-10,comparison_area,VIIRS_SNPP_SP,1,1.32,1.32,0
2025-11-11,comparison_area,VIIRS_NOAA20_SP,3,2.43,1.33,0
2025-11-11,comparison_area,VIIRS_SNPP_SP,1,3.39,3.39,0
2025-11-12,comparison_area,VIIRS_NOAA20_SP,3,2.72,1.6966666666666665,0
2025-11-12,comparison_area,VIIRS_SNPP_SP,3,0.92,0.8733333333333334,0
2025-11-13,comparison_area,VIIRS_NOAA20_SP,1,1.72,1.72,0
2025-11-13,comparison_area,VIIRS_SNPP_SP,1,1.8,1.8,0
2025-11-13,dahej_core,VIIRS_NOAA20_SP,4,26.1,13.9475,1
2025-11-13,dahej_core,VIIRS_SNPP_SP,5,3.43,2.0140000000000002,0
2025-11-14,comparison_area,VIIRS_NOAA20_SP,1,2.62,2.62,0
2025-11-15,dahej_core,VIIRS_NOAA20_SP,1,4.78,4.78,0
2025-11-15,dahej_core,VIIRS_SNPP_SP,2,3.36,1.88,0
2025-11-18,comparison_area,VIIRS_NOAA20_SP,2,1.45,1.3900000000000001,0
2025-11-19,comparison_area,VIIRS_NOAA20_SP,1,0.6,0.6,0
2025-11-19,comparison_area,VIIRS_SNPP_SP,2,3.41,1.99,0
2025-11-20,comparison_area,VIIRS_NOAA20_SP,2,8.29,5.75,0
2025-11-20,comparison_area,VIIRS_SNPP_SP,5,8.47,2.3120000000000003,0
2025-11-21,comparison_area,VIIRS_NOAA20_SP,2,3.33,1.99,0
2025-11-21,comparison_area,VIIRS_SNPP_SP,5,8.06,4.338,0
2025-11-21,dahej_core,VIIRS_NOAA20_SP,2,13.4,9.45,0
2025-11-21,dahej_core,VIIRS_SNPP_SP,1,8.13,8.13,0
2025-11-22,comparison_area,VIIRS_NOAA20_SP,5,4.0,2.5940000000000003,0
2025-11-22,dahej_core,VIIRS_NOAA20_SP,2,4.65,3.765,0
2025-11-23,comparison_area,VIIRS_NOAA20_SP,1,2.02,2.02,0
2025-11-23,comparison_area,VIIRS_SNPP_SP,1,1.07,1.07,0
2025-11-25,comparison_area,VIIRS_NOAA20_SP,2,1.78,1.22,0
2025-11-25,comparison_area,VIIRS_SNPP_SP,1,1.25,1.25,0
2025-11-25,dahej_core,VIIRS_SNPP_SP,1,2.25,2.25,0
2025-11-26,comparison_area,VIIRS_SNPP_SP,7,2.11,1.5628571428571427,0
2025-11-26,dahej_core,VIIRS_SNPP_SP,1,2.62,2.62,0
2025-11-27,dahej_core,VIIRS_NOAA20_SP,2,3.54,2.555,0
2025-11-28,comparison_area,VIIRS_SNPP_SP,1,4.78,4.78,0
2025-11-29,dahej_core,VIIRS_SNPP_SP,1,1.12,1.12,0
2025-11-30,comparison_area,VIIRS_NOAA20_SP,2,0.9,0.645,0
2025-11-30,comparison_area,VIIRS_SNPP_SP,2,1.15,0.85,0
2025-12-01,comparison_area,VIIRS_SNPP_SP,3,2.48,1.5566666666666666,0
2025-12-01,dahej_core,VIIRS_NOAA20_SP,1,2.27,2.27,0
2025-12-02,comparison_area,VIIRS_NOAA20_SP,3,6.84,4.83,0
2025-12-03,comparison_area,VIIRS_NOAA20_SP,4,5.19,2.9875,0
2025-12-04,dahej_core,VIIRS_SNPP_SP,3,1.86,1.5266666666666666,0
2025-12-06,comparison_area,VIIRS_SNPP_SP,1,3.54,3.54,0
2025-12-07,comparison_area,VIIRS_NOAA20_SP,1,2.05,2.05,0
2025-12-07,comparison_area,VIIRS_SNPP_SP,2,1.36,1.1800000000000002,0
2025-12-07,dahej_core,VIIRS_NOAA20_SP,1,4.73,4.73,0
2025-12-07,dahej_fringe,VIIRS_SNPP_SP,1,4.13,4.13,0
2025-12-08,comparison_area,VIIRS_NOAA20_SP,12,16.41,8.9525,0
2025-12-09,comparison_area,VIIRS_NOAA20_SP,3,2.08,1.2333333333333334,0
2025-12-09,comparison_area,VIIRS_SNPP_SP,3,1.69,1.5433333333333332,0
2025-12-10,comparison_area,VIIRS_NOAA20_SP,3,1.98,1.2733333333333332,0
2025-12-10,comparison_area,VIIRS_SNPP_SP,1,0.45,0.45,0
2025-12-10,dahej_core,VIIRS_NOAA20_SP,1,4.57,4.57,0
2025-12-10,dahej_core,VIIRS_SNPP_SP,1,1.49,1.49,0
2025-12-11,comparison_area,VIIRS_NOAA20_SP,1,3.17,3.17,0
2025-12-11,comparison_area,VIIRS_SNPP_SP,1,4.08,4.08,0
2025-12-12,comparison_area,VIIRS_NOAA20_SP,2,3.48,2.64,0
2025-12-12,comparison_area,VIIRS_SNPP_SP,14,11.3,7.905714285714287,0
2025-12-12,dahej_core,VIIRS_SNPP_SP,3,6.43,3.51,0
2025-12-13,comparison_area,VIIRS_NOAA20_SP,2,0.56,0.385,0
2025-12-13,dahej_core,VIIRS_NOAA20_SP,2,2.59,1.875,0
2025-12-13,dahej_core,VIIRS_SNPP_SP,2,10.38,10.38,0
2025-12-14,comparison_area,VIIRS_NOAA20_SP,2,1.6,1.505,0
2025-12-14,comparison_area,VIIRS_SNPP_SP,1,0.88,0.88,0
2025-12-14,dahej_fringe,VIIRS_NOAA20_SP,2,4.75,3.87,0
2025-12-14,dahej_fringe,VIIRS_SNPP_SP,1,9.98,9.98,0
2025-12-15,comparison_area,VIIRS_NOAA20_SP,1,0.47,0.47,0
2025-12-15,dahej_core,VIIRS_NOAA20_SP,3,7.27,6.263333333333333,1
2025-12-15,dahej_core,VIIRS_SNPP_SP,2,7.8,7.695,1
2025-12-16,dahej_core,VIIRS_NOAA20_SP,5,6.02,4.506,0
2025-12-16,dahej_core,VIIRS_SNPP_SP,5,8.79,5.438,0
2025-12-17,comparison_area,VIIRS_NOAA20_SP,1,2.41,2.41,0
2025-12-17,comparison_area,VIIRS_SNPP_SP,3,4.79,2.3000000000000003,0
2025-12-17,dahej_core,VIIRS_NOAA20_SP,1,1.25,1.25,0
2025-12-17,dahej_fringe,VIIRS_SNPP_SP,2,2.4,1.93,0
2025-12-18,dahej_core,VIIRS_NOAA20_SP,2,4.63,3.29,0
2025-12-18,dahej_fringe,VIIRS_NOAA20_SP,1,0.66,0.66,0
2025-12-19,comparison_area,VIIRS_NOAA20_SP,1,0.84,0.84,0
2025-12-19,comparison_area,VIIRS_SNPP_SP,1,0.56,0.56,0
2025-12-20,dahej_core,VIIRS_NOAA20_SP,1,2.23,2.23,0
2025-12-20,dahej_core,VIIRS_SNPP_SP,1,14.33,14.33,1
2025-12-20,dahej_fringe,VIIRS_NOAA20_SP,2,1.07,0.865,0
2025-12-21,dahej_core,VIIRS_SNPP_SP,1,2.49,2.49,0
2025-12-22,dahej_fringe,VIIRS_SNPP_SP,2,3.03,1.9049999999999998,0
2025-12-23,comparison_area,VIIRS_SNPP_SP,1,1.08,1.08,0
2025-12-23,dahej_core,VIIRS_SNPP_SP,2,3.01,2.66,0
2025-12-23,dahej_fringe,VIIRS_NOAA20_SP,1,32.73,32.73,0
2025-12-23,dahej_fringe,VIIRS_SNPP_SP,1,27.9,27.9,0
2025-12-24,comparison_area,VIIRS_NOAA20_SP,18,9.83,4.4783333333333335,0
2025-12-24,comparison_area,VIIRS_SNPP_SP,1,0.64,0.64,0
2025-12-24,dahej_core,VIIRS_NOAA20_SP,1,3.21,3.21,0
2025-12-24,dahej_fringe,VIIRS_NOAA20_SP,5,4.36,3.188,0
2025-12-25,comparison_area,VIIRS_NOAA20_SP,2,2.43,1.5450000000000002,0
2025-12-25,dahej_fringe,VIIRS_NOAA20_SP,1,6.48,6.48,0
2025-12-26,comparison_area,VIIRS_SNPP_SP,1,0.82,0.82,0
2025-12-27,comparison_area,VIIRS_NOAA20_SP,1,0.66,0.66,0
2025-12-27,comparison_area,VIIRS_SNPP_SP,4,6.31,2.1325,0
2025-12-27,dahej_core,VIIRS_NOAA20_SP,3,7.33,4.036666666666666,0
2025-12-27,dahej_core,VIIRS_SNPP_SP,1,4.05,4.05,0
2025-12-28,comparison_area,VIIRS_NOAA20_SP,2,4.45,4.215,0
2025-12-28,comparison_area,VIIRS_SNPP_SP,11,16.46,9.020909090909091,0
2025-12-28,dahej_fringe,VIIRS_NOAA20_SP,1,3.12,3.12,0
2025-12-28,dahej_fringe,VIIRS_SNPP_SP,3,3.47,2.16,0
2025-12-29,comparison_area,VIIRS_NOAA20_SP,2,12.13,6.605,0
2025-12-29,dahej_core,VIIRS_NOAA20_SP,3,2.48,1.79,0
2025-12-29,dahej_core,VIIRS_SNPP_SP,3,3.53,2.8800000000000003,0
2025-12-29,dahej_fringe,VIIRS_SNPP_SP,1,2.5,2.5,0
2025-12-30,comparison_area,VIIRS_NOAA20_SP,1,0.6,0.6,0
2025-12-30,comparison_area,VIIRS_SNPP_SP,3,4.4,2.8333333333333335,0
2025-12-30,dahej_fringe,VIIRS_SNPP_SP,1,9.12,9.12,1
