event_id,observation_id
EVT-DAHEJ-00001,4525a11aad7a3ee5d73e9bda64fc0c21a396cd60
EVT-DAHEJ-00002,987921f0e3783489b0b7d7c0fd29e8251c301700
EVT-DAHEJ-00002,34243413e6e33c457024bcc2af95257db6ab2f3d
EVT-DAHEJ-00002,400bd0c196fa8899faf60f7acee6d60e49835326
EVT-DAHEJ-00002,4128768e4b35600697566a08dad8a737c9179730
EVT-DAHEJ-00003,5183620a5a277d0f55d9c5f7e4a3b99466b4c629
EVT-DAHEJ-00004,fc0a3eaf4f6f226bd25bd114afabd1bad097ae67
EVT-DAHEJ-00002,0cc8c926b35c89271d9a362ac72da03be3a93a9d
EVT-DAHEJ-00002,7e0440d1a7a8fe7d68f18bdc3238e28439c81f40
EVT-DAHEJ-00005,92051b200e55eeae7ba16ef3a472f29b1ae180a9
EVT-DAHEJ-00006,fd0a189d76a8b92ce3da3eab504609584e1271ef
EVT-DAHEJ-00002,c034357639e6ec6d19c4bc676a17c647585a94e5
EVT-DAHEJ-00002,c7deeac40423944da4942c9561c04ff3889d84f4
EVT-DAHEJ-00002,24af3154ba9c69cce7ea8d13b68c68d9c04ce367
EVT-DAHEJ-00002,1c7d9215a679b5d94bb562c8b7f89fb0b306abf9
EVT-DAHEJ-00002,10788a960eb5d68982f8ae088ca6529b51bbd49d
EVT-DAHEJ-00002,3661f26fc3c9289b34301d57392369144f27483a
EVT-DAHEJ-00007,497d997aba21f15e8c2393dc174a22dafed9dadc
EVT-DAHEJ-00007,cea006dfd8c376dda23233549cb8abba4a0a75a5
EVT-DAHEJ-00008,0fe0adb2e6ae9c08c101e0fcec8541dd3a460bb7
EVT-DAHEJ-00009,60f8622003c9bd1a41cba1c546421e2be64a2b12
EVT-DAHEJ-00008,6d67aec283bad3fcd8d3ad38e4d3ff8d36e989ff
EVT-DAHEJ-00010,8a7d65576519260f3db31dd5d4abafa2bba53831
EVT-DAHEJ-00008,9e38a8dcbb4eb0e8fb0c5793b1865a4a35964836
EVT-DAHEJ-00008,c4607279aae4480d9a40bc5a565827037b37a82d
EVT-DAHEJ-00011,c56a60176580a98dd04eaffe6a13807688b98ea8
EVT-DAHEJ-00008,531d47861327a92ef2b1142cec1400cf3b24c015
EVT-DAHEJ-00008,8dae3b9cae2f8e0a6299f573a6f839e32216abe4
EVT-DAHEJ-00008,530a8d39810d18cc9d97227ed7a5e1d2e4e9ceff
EVT-DAHEJ-00012,69104f14283d04a444c823593d60db779c71b705
EVT-DAHEJ-00012,c96ba2f942f101a5e46b1faaa0bced1098c5d51a
EVT-DAHEJ-00008,116ca5e79cbf6a095de7bff398dcd4c360d6c530
EVT-DAHEJ-00008,84f25717616565802459f1f14898ad41991853f0
EVT-DAHEJ-00013,a03926e03b6273582b60dd24eb6c99342e216cf2
EVT-DAHEJ-00012,cbcdc4dd7926d7aa73a38c81ce3923e5cd46fc41
EVT-DAHEJ-00013,ed3785a392cdffe4438d6405c07a24184900fe26
EVT-DAHEJ-00008,c9632fb9836ac3b3d61fcdea04c8f61b6387e4da
EVT-DAHEJ-00008,7ac49e290a31b75b29832a4275c6abe75a13b7f3
EVT-DAHEJ-00008,a21b3c99b78bb00923b3858fd0f83d9eb7ae8555
EVT-DAHEJ-00008,e15932cb79017414ced41fecaa173fcf77795443
EVT-DAHEJ-00008,f089606c2d0116d6b9266453209cdf5ee1cd5a68
EVT-DAHEJ-00014,03bca468e2f0afff7d5d8f1fc298da9657aede52
EVT-DAHEJ-00015,1e09544fefb3ed95acec6026ed62b9a70d35486b
EVT-DAHEJ-00015,1e21f560a40d19bb02d57ed5d796093f5f7e5a37
EVT-DAHEJ-00016,36d2c89d316371905b6b2ac95a01673c36810714
EVT-DAHEJ-00017,51a56ec19b48c834312347f8c62249a35a5cf8f3
EVT-DAHEJ-00018,5227a582ea8ff00d9c051fcd5fe26311b47d4e6e
EVT-DAHEJ-00019,58e48ee9bfcde262ee57cea0f238b3a9d6aefd1c
EVT-DAHEJ-00020,5bd445cd1958da76030aaca1e052611ca84a0bec
EVT-DAHEJ-00021,6978f41d055d009d33dd1004d7fab79d31e4645f
EVT-DAHEJ-00014,72436193bf753cbe481117a04facfb53e3f274b1
EVT-DAHEJ-00017,8e7a4cf64e3e6bfe3c547f1d7d68fa19840773ef
EVT-DAHEJ-00020,acb5561278fc63055c80b37c1c3cbf4e8fb1551e
EVT-DAHEJ-00016,c501b44cac3bd618c30a2dbf4bd883b9e1464601
EVT-DAHEJ-00008,e88829fc9180d83020c3b91e9c2e6a12e3ef7aee
EVT-DAHEJ-00022,5a423115db2003af31c30c3dfc151414855840e5
EVT-DAHEJ-00022,7f6cd4190cdeac10e5983115dfd1bcd37ea62193
EVT-DAHEJ-00022,84f83b99e2c202236946149966391a9a0b5155d0
EVT-DAHEJ-00022,53530c8b37d2f4aaaeb4892f752196bac1600ff6
EVT-DAHEJ-00022,ef965853a1125072f2253a20c2f69eaae94342e3
EVT-DAHEJ-00023,69915710365bba9de4bc6110b0010fb20f596a46
EVT-DAHEJ-00024,813dc4bba7c90eecfb810c0e5316cbba3f9190da
EVT-DAHEJ-00022,badb691dcb7b77d789cfbedc38bfc1c77d2a60b6
EVT-DAHEJ-00022,ba484a92daf4fa08e63813df4d0dba9830abaa96
EVT-DAHEJ-00024,fa8416fb03ab69d1f6eeda007ca0439c6bc115fb
EVT-DAHEJ-00025,4679a31c21d78ea4c51f2f0dd290680e790b0a64
EVT-DAHEJ-00026,147a0b03eb74106db5c78bf88c24003b9fd5ea45
EVT-DAHEJ-00026,1ebbffd42d28cfc81a143d6588a9112f5041019a
EVT-DAHEJ-00026,61282e75fd9916631a0ac93f8f6c07c67c885bd0
EVT-DAHEJ-00026,adc2bc4adf2f99e20ae9105baf9d5b150844471d
EVT-DAHEJ-00026,e9320235f6aa8ba3bcaf9ab119d0fe145e3faa13
EVT-DAHEJ-00026,2c3b70eba61cf9369047e08bed60847179aa5032
EVT-DAHEJ-00027,02dd7df22e13d39d84e084e07baa366863d6c573
EVT-DAHEJ-00027,0d50b4df314fc8961810635cbb1ea3c361a83224
EVT-DAHEJ-00027,b06d4e644bd247db415cbcff621701423f422846
EVT-DAHEJ-00028,f062b45739d7c6edbc124a10dca1e21a2e345d10
EVT-DAHEJ-00027,150099e84b09a3bf8530cafe4e9d623f48e12709
EVT-DAHEJ-00029,1d2eb142c39a1e6f564c45c28af16a81216f41fc
EVT-DAHEJ-00030,21e11ac6c689c1dac18524af10eb540ca6a4b705
EVT-DAHEJ-00031,2567025ba60cc93efc20436d5f7cf877ce25e897
EVT-DAHEJ-00027,521a6d040638ba54cd11e9e10782e04a2447dbb1
EVT-DAHEJ-00030,92352c5c1a501f9ad03e3692b45c1d36a10057f9
EVT-DAHEJ-00031,e9bdc97fd8996cec3be42d6df0c5b2e5502fa013
EVT-DAHEJ-00026,90e40637fcb5f607142e12084c144a5b945b5f92
EVT-DAHEJ-00026,8a2b0492d57e914acd91a129a54cc5dc9bc624a0
EVT-DAHEJ-00026,b0d4ccd286f170a35166885b3c85a3211e6dd026
EVT-DAHEJ-00032,ebb88f9b89440d2bb32184875d5995b625d8b649
EVT-DAHEJ-00033,128b81382f9354f000b6f2e419ba6d896f51da41
EVT-DAHEJ-00026,90d349e71996145f534f1685f72d284f1b59357e
EVT-DAHEJ-00034,4a3de51c371f0956014364d999a0faf5c9f77fa2
EVT-DAHEJ-00035,d2991a24144eb2f8319337f9bccd394235db48fe
EVT-DAHEJ-00034,69feaec8dc898467ab17d0ab86f599f7b6fca733
EVT-DAHEJ-00034,5616122305bee12428f9720a951f4de11ef4efee
EVT-DAHEJ-00036,9a65f80eccca8f41943921f975355e33da0d53c6
EVT-DAHEJ-00034,242db98362d26fc25f5a1aabf09eb30785c49e6a
EVT-DAHEJ-00034,6680f4a1b81b50cecc7b6d84c7caafe4499c7c59
EVT-DAHEJ-00037,244949c46605c2be1948bc557b261ba28bcb4e13
EVT-DAHEJ-00034,5ae3fa248dbcb073b15b4bc82ca13b3810c6e9d7
EVT-DAHEJ-00034,e8604e4ac04b68f68b51eefc6c0190f14ba00592
EVT-DAHEJ-00038,ebadc79ea86039061a68f6b18972c3e7f2cb9354
EVT-DAHEJ-00038,b4b4533785c6f182b0ab30d178ee382364d450c4
EVT-DAHEJ-00039,8cea4b4e159674f867dfb7212ecdf4af8b919ad3
EVT-DAHEJ-00040,de9d2e3a842fd43903d2203b682478903f25866a
EVT-DAHEJ-00041,18a4590db53225186d4362556124542c51f7c5ec
EVT-DAHEJ-00039,cddace63ba96264173a75c957ebd242ac2da923d
EVT-DAHEJ-00039,87b22d8a74f7fd3879a2f5a8f6d91b5adaa7da4a
EVT-DAHEJ-00039,2b0137a2e39fb85051faa8abd2bc9e17be08eaed
EVT-DAHEJ-00039,63e14b685c4fc8af6dacd90813d265c38b485ce9
EVT-DAHEJ-00042,0ca2cff2569906eebaa48011c9f1b94c0369a063
EVT-DAHEJ-00042,1f5f41353cad97adfc506ddaa2c7eb79582bc472
EVT-DAHEJ-00043,229b3ce971e4ea013012fc2c5ad503a7cd9d4238
EVT-DAHEJ-00044,29162e96c485ce66c27204d2c3f183dcab625f79
EVT-DAHEJ-00045,40aaff10ddd29c3075fa95a91a637a369066eaa0
EVT-DAHEJ-00039,464cfb08454a270c7a5854ee022a04ba23b64420
EVT-DAHEJ-00042,69dc9ad16350f13316274fd6d7e02537b8aae8fb
EVT-DAHEJ-00044,6a0a24fe91fb511788d1a2d1cb52d0183fce6b28
EVT-DAHEJ-00046,7e999e316e0c8b7988a77d861aaaad649a14abd5
EVT-DAHEJ-00047,7eaef23cf761124c696e30a7ddf234321d12017d
EVT-DAHEJ-00048,83b66497531908f21b977a2588a256cdf58cc6d0
EVT-DAHEJ-00046,850f979129b10b8612163bb996e9277e59995853
EVT-DAHEJ-00043,95af55016940e70ec8adb2e1a934149f8e54b82f
EVT-DAHEJ-00049,97c3e5605c844db6c1b6128c3911b282e186ea84
EVT-DAHEJ-00043,a149a1149f986adf6f669d5663a303b308868892
EVT-DAHEJ-00048,bd8f461197c6a26442148e90151d07dc07c6fe20
EVT-DAHEJ-00044,c587ef56dc5f07aa1fb9009678505c943924629f
EVT-DAHEJ-00042,da23a01ac592168a0f6bebcc1f76450beddb5aa1
EVT-DAHEJ-00046,e4fe10dc8fa4cfece16ab35767d808fbe6a0f8fc
EVT-DAHEJ-00050,eab4911ddb8ed24cbf1475c26a56f98a0694a624
EVT-DAHEJ-00051,f8e4dbb9bace8e3a26073ffd69c3e90939ad3089
EVT-DAHEJ-00052,07503ce597786832e27803dd5014e8733a137705
EVT-DAHEJ-00053,2f127e322a065b5ca77544ea05d53ad088804f01
EVT-DAHEJ-00048,7a8af57f523a7e9bb5222d5fac11143133df3b0d
EVT-DAHEJ-00053,879228654a30f9d10ac74b54285c02ca7b714d4e
EVT-DAHEJ-00052,9d3963e6f398a4e51bf263aa8adeb7b27b562a33
EVT-DAHEJ-00048,a9a5958f52723a3e67e323317fd140ab03391ea9
EVT-DAHEJ-00054,5b2958bcba66931e9d54c6f0de757a39b8eac161
EVT-DAHEJ-00054,5c2554632d78b20e8b0b3f54c6be8b34a99eb883
EVT-DAHEJ-00039,79a500f9ea1adf08a160f24fad9e8b9fc8e020bd
EVT-DAHEJ-00039,a0aacdc9694f0e17eb72654d7e7e050684e1551c
EVT-DAHEJ-00039,c83695550cb42a69068e69fe866aef7e00c46307
EVT-DAHEJ-00055,1e636fc6c723ffa462819c0673d7a7c4d8887ec7
EVT-DAHEJ-00055,c3e9e145888055c4c4ece0358685f409a244f181
EVT-DAHEJ-00056,35349a8192fb05b1228a235a68ed9733775b0390
EVT-DAHEJ-00057,553434a68a2838b381cb28c874616aa34f4f6dd8
EVT-DAHEJ-00058,c15ac833b2eecdc4a57f6e41080f64ed64c9a7ae
EVT-DAHEJ-00059,1e597b9b850ec612dbfe41d4bc1b6438101b56a9
EVT-DAHEJ-00056,661687dc54074088c2bbd5707710343fe4c0b8c1
EVT-DAHEJ-00060,892744683a3674eab6da53fb3665dc77d65ff393
EVT-DAHEJ-00061,8be37651c9dbc908c0d2f086fccc6d55faea0971
EVT-DAHEJ-00055,cd47ec93b8ebb4a313ee24ce749785ba9a776149
EVT-DAHEJ-00055,0965030c902b1fca37d5353f6aa050230d5390f3
EVT-DAHEJ-00055,193fb8e53ab225f264e1999b1e0937c6cd83abc1
EVT-DAHEJ-00055,8fc9c97314e99fda3ec577884f59fba2b115fadb
EVT-DAHEJ-00055,d2c9a26fa57084e70d7e01367ac2f39a7a7e1d42
EVT-DAHEJ-00062,0702c74b259e56c76361ac5058c6343a1d511fca
EVT-DAHEJ-00062,07a45f56975928e84864a1975ce4622d88d48e67
EVT-DAHEJ-00062,569cbaf9606e5ddd3d2c29110f402125db80e07f
EVT-DAHEJ-00062,78cf4ceeaff70e23cc45984dda0bebdf935233dc
EVT-DAHEJ-00062,a61df5b10d1f767232c832b639337aa650027813
EVT-DAHEJ-00063,929c8adacf5b4c0e90061d65ecc987c975d37afe
EVT-DAHEJ-00055,0648b85a594263c39fde4ba6415466a791de77ce
EVT-DAHEJ-00055,8f33c762a747dda724791fc8bec27c88c049f49a
EVT-DAHEJ-00064,ef5b9df549cfd7079d1fbfb30a9f494568f0cd3e
EVT-DAHEJ-00065,767dbd22b66cedc8af93c9bb2398265c5f2586d4
EVT-DAHEJ-00066,2c0c41013fe570dfc36dedfc89b7776d5b934774
EVT-DAHEJ-00067,a0d4d009560d627472c0b40a9b9d31d9c968dbd9
EVT-DAHEJ-00066,55f6dd633255a21f55dd3e5dcb2e1ce443b511ca
EVT-DAHEJ-00068,b7adf5c101deba1841f4bc55c7daa66cc63c90a9
EVT-DAHEJ-00068,d297468fee7dbfc1f510166f91efa318d937251e
EVT-DAHEJ-00069,222629c66ca1ff78b392fabe24c2286bb271ce52
EVT-DAHEJ-00070,85191ef3e85a7863102f4498ce6d36bd91d0f400
EVT-DAHEJ-00071,a46ed095331ba049b2fc61525ec4354f8452df81
EVT-DAHEJ-00068,107600a2a3b957de53d8b59381bbcb9670804489
EVT-DAHEJ-00068,1e91122f69ab8f0fa2aaaff968348426d549f33b
EVT-DAHEJ-00068,7baf5de4d84718f589ce3e8f11fcfc7cb12acf61
EVT-DAHEJ-00072,9f0fa3427d3025dd28650931e371328485f0383e
EVT-DAHEJ-00073,527b618b0c7a518a9be2069795cfd43592d92f0f
EVT-DAHEJ-00074,ef15587c63637527f69a1b474f47abaa99fa00a3
EVT-DAHEJ-00075,f030b0fc6367843a27d573f4d24bcc69f984a000
EVT-DAHEJ-00076,3bda833c92d07dc519ce8637c0b6d3a8098d9d67
EVT-DAHEJ-00077,733c471661b13de4e882d694066b9bc26412b6ea
EVT-DAHEJ-00068,ab4ec1b271b00473e4ccb4f6b64f6c190eaa4570
EVT-DAHEJ-00072,c11fabac4314211afab84a257adf898d8f0c9d17
EVT-DAHEJ-00078,94e36d3eace15b5b2d0136e9911f66885c6aa5af
EVT-DAHEJ-00078,3c96fa1ea49816ccbd8bf5db3af60e35d28ec267
EVT-DAHEJ-00079,286ef81add55e6a1334b39d67ae6a13e7371faee
EVT-DAHEJ-00080,458fabc7fa41e834a8cba9bb9ffdcb95f4e204b7
EVT-DAHEJ-00081,a3219ecdfa4194623e3856c3cc6b4b738e0a18ae
EVT-DAHEJ-00082,088f520974e33b4e4c23c78558f1bb8471693c3f
EVT-DAHEJ-00083,2c109c37e358ac492f054e4efb4ae5b66c277804
EVT-DAHEJ-00084,edb80e8fc179277e243e10d9f18388f95965ee50
EVT-DAHEJ-00085,03a0d2139a0117322f1c2a5fd79c4ed7f179a517
EVT-DAHEJ-00086,241b02871521df1d6374a638a88220016d93d216
EVT-DAHEJ-00085,3ec7b2f7333011a934b2143a4b5346268cfab96c
EVT-DAHEJ-00087,618ca6b46acded594966bf778b87ba2fe192f9ec
EVT-DAHEJ-00088,7597abb22c764ab4f2ad162cff3afd959c71ccd7
EVT-DAHEJ-00089,786d4af2171e5b6f7fed58dc1bef09a30c365e65
EVT-DAHEJ-00085,89bf9219ba97f66521b77da80200beb85e6c7ffa
EVT-DAHEJ-00090,92dfe360b2c4f6d934c2243ff79d9a08be418701
EVT-DAHEJ-00091,abf173f42a81c5d4ddc62bd6087078a5f1529bd5
EVT-DAHEJ-00092,bce01e3a58a39ac06320699538a369e24a976225
EVT-DAHEJ-00093,c28a7a94cd6c3f42c6bcabfaf007a70a1a0f1b1e
EVT-DAHEJ-00085,c803f4e7e2348db3f1860476f60ff5f705d9498d
EVT-DAHEJ-00085,ca515211453267c81a982fb6636dbc0175e2dc1d
EVT-DAHEJ-00093,ce2017c609b445e02f25168f055598758af1712e
EVT-DAHEJ-00085,d0fd032117614004d017bec1da59dd049147a44d
EVT-DAHEJ-00093,ec4cd2fcefb30a192fe200d633255505074e9c22
EVT-DAHEJ-00086,f1e14faeeaf993d4ed87fe67587680f5301662bb
EVT-DAHEJ-00094,f8b6492d7493b3eb7391922d7ab1396177413392
EVT-DAHEJ-00088,fc764c95a78756ccf4afc0e5dcff09d6e183dd0a
EVT-DAHEJ-00088,3afdfb4e49c7decba4b793830f2f84d287bff309
EVT-DAHEJ-00088,831193cd806d6e250087fd9052e5778fd8342f83
EVT-DAHEJ-00095,352ada7098f5705d80e95137d810dc07ec205262
EVT-DAHEJ-00095,d890861c25848a4716ac5decc8a9087c9a4ef014
EVT-DAHEJ-00096,8fbbf3a810e912245f6024ecea89beefad895d7b
EVT-DAHEJ-00095,aa5f51c6db4c7c610ef7de030ddf137388c01e6e
EVT-DAHEJ-00097,53868947326d35c08b636c2f1fb35baf56280fcc
EVT-DAHEJ-00095,7f9c2fa95acb1671c0e0b87c6637d18ca2c38b04
EVT-DAHEJ-00098,037d9497fd9e87f87d1e8b9605e914fb4417c59b
EVT-DAHEJ-00099,3e270b74482658d9c9b74e10c816ae6477164127
EVT-DAHEJ-00100,7e4e3331c72c1eeb350baa040b4365af0133ef1a
EVT-DAHEJ-00099,8bfd1aec4fb73597f451937f59d103fd849a05c8
EVT-DAHEJ-00101,1767bd2681b8c125c6cf9c8c5600165ce754a4a9
EVT-DAHEJ-00096,40aee82b043985e9336bb8e885412a422ab276da
EVT-DAHEJ-00102,686b0142b6b8e1d4cb431d2601e494188c952043
EVT-DAHEJ-00103,6a4bf92516614a7fa6bf4bd909c97f7fcfa1ad8d
EVT-DAHEJ-00104,75119a7017f4d0891229da9ae102e61c8754a258
EVT-DAHEJ-00105,2363f9bc82b7e1a5a1cbb42921900695c8ed6692
EVT-DAHEJ-00105,34bf2d240dcc8c5a08b7dc28cc30398fe008adcd
EVT-DAHEJ-00105,aa852206bd617e552356a819ac727aae317f8a44
EVT-DAHEJ-00106,09bf97ace463ee88db3dd8e4d4a016f926a58919
EVT-DAHEJ-00107,836353d3a83adf6fa65dcfbe55cfd62a7201113a
EVT-DAHEJ-00108,2a3c91a3eb2fd4e014db00620f1f9e29e2913cc8
EVT-DAHEJ-00109,a0cc79c7c2711a24c1e25184ee43a4d6acecea46
EVT-DAHEJ-00109,d2a88d2a4713856507224b05aee05554f1b0e99a
EVT-DAHEJ-00110,2337ee2f4c1e38dc00acad59b93c3a8ba37942aa
EVT-DAHEJ-00111,490468a03efa23094bb5315008f1befea13268b0
EVT-DAHEJ-00112,f27adc10cc747e5ad6b88eb37c0427b87803824a
EVT-DAHEJ-00113,809ed24a205a14f7a120812917970fc8c4d187d7
EVT-DAHEJ-00114,991dc06bc2426ddac4c931c2872d34edb815283f
EVT-DAHEJ-00113,00ea28c5f5a65e79147b62b76eda7ad74a3b424a
EVT-DAHEJ-00113,066e9cb9760353f8186791c7a6a66288b901d8d8
EVT-DAHEJ-00114,24126d9508fa05bf18f4c1cd8e1c3d368fa9f6b9
EVT-DAHEJ-00115,2d1ecc6bfce8610e0bcb7e5b9250b65767844911
EVT-DAHEJ-00116,43622db82efe4a95abe0282ff93e8361ef2ba786
EVT-DAHEJ-00116,a87ad77a64ec211b588af75f55929217a9e7cdbe
EVT-DAHEJ-00114,e2de03b422c35ec22ce71fde9ca4917c8f6b0c8d
EVT-DAHEJ-00113,e9bba461da0814d2cb48ddd67fb746e9b2a5f060
EVT-DAHEJ-00117,13a05e29989186be397b6b4f8124fc0a4d6a2b0f
EVT-DAHEJ-00118,081ffb4311adc1db9e163f8c5cfd74fec3fcbc83
EVT-DAHEJ-00119,b7987dae78e1e1fa47aff62aba2745c83f59b91e
EVT-DAHEJ-00120,26968b1292e0452787e906ba1a5aae27ea315ed9
EVT-DAHEJ-00121,7c7be7ba46b2b860003a8ca27557c71585c7d233
EVT-DAHEJ-00122,1fb242a85578c5ff21012a1de4859aa309cce4ad
EVT-DAHEJ-00122,79ff4e4ffa823f622298e306cf9f98a438b97252
EVT-DAHEJ-00123,3412a31baccc9195dab43966c1047fa015f7e199
EVT-DAHEJ-00124,57c4a00251c45f9e8cef30a3e0c85987fd2f7650
EVT-DAHEJ-00125,e5ec5154a0d386d4281a803260852fb92f75116a
EVT-DAHEJ-00126,e14a11de9f8f41fa643130d8b8e275a099275544
EVT-DAHEJ-00127,4debae9efb305a8b51992830d43169be851224fd
EVT-DAHEJ-00128,15749e6f52f05ff27f5f00bbeceef877489e02ef
EVT-DAHEJ-00128,7df1c195e2ac68bda48a7842e275c02e0f1a3c4d
EVT-DAHEJ-00129,908777cd6fbbd76bf980795e19cf6d92ae16aa6c
EVT-DAHEJ-00129,b0de9aaa9f7883ce79ed786538dc09daa69cea00
EVT-DAHEJ-00130,f5b69e2a41baea9a3de767647b809bb872bae881
EVT-DAHEJ-00131,8ac03eaeb8d7e9bc313c5e11a9ebf872985df8bc
EVT-DAHEJ-00132,73bf8df37f6fd41991c56252d43b820745801770
EVT-DAHEJ-00133,83578c55e0f76cf500ad49a5d57f5a188e4926ad
EVT-DAHEJ-00134,e5cb53de40757bd88917dc6b4aab732009fdf33d
EVT-DAHEJ-00135,7aa7e8574644fc60616b933cf2a88140f93a3415
EVT-DAHEJ-00136,d63b02472381f542034442cc747a38e26d1cdd0b
EVT-DAHEJ-00137,001147af39e52a57264957d3ae375eff9bbfcc09
EVT-DAHEJ-00137,7d9d9be28e12b46268913162ad384d213c55df89
EVT-DAHEJ-00137,8bd430ba5004db871c4cc8b49e29f0eb7dd874e5
EVT-DAHEJ-00138,12a4a97007061a9231e2fb9b35074a2ca8cc3545
EVT-DAHEJ-00139,2f80d0549272f0afa74134c41f66c2ff123dd5ae
EVT-DAHEJ-00140,3d0532028e30c9c4ab8e3584f8444ba59b86098d
EVT-DAHEJ-00141,859ff7338cc095f27495344cd1b8d8e2a1bf1395
EVT-DAHEJ-00142,a9ee9abd9f1072fa3de6d4a70faf49389b10dc1b
EVT-DAHEJ-00137,cd83b63c823d5d084ad65a3bfcbfc7cc187988bb
EVT-DAHEJ-00143,25427de1a79d27ce78d02494bcc5fffed9fa7dd3
EVT-DAHEJ-00144,78b0f3a86068ef7f651029b4f26255e9debe0918
EVT-DAHEJ-00143,faae4032eea0c4589c0f1db8e9a4d2ca01a34806
EVT-DAHEJ-00145,0603b71755c111090c275a69b1c273718d6b46da
EVT-DAHEJ-00145,109416bb02cce1866aa961929ec4a5f286a093ca
EVT-DAHEJ-00146,9244eeaac7031ce3c110e1e3e8702a3f40047ba3
EVT-DAHEJ-00146,0040fe7ad7b9a6fbe8ae1927a0da587b6a67b1cf
EVT-DAHEJ-00146,6946082dc2fb6e75f539df87691266095cbf52e9
EVT-DAHEJ-00146,d7d72aabe971507956110aead0bed935aa3c0cdf
EVT-DAHEJ-00147,2a7ffb1e332dc06faa214228cd0b5ad0517c9dcd
EVT-DAHEJ-00147,6d37b58437ba6d8619fd3bc97e85ce61ac478bc8
EVT-DAHEJ-00148,906d3c0ff3c4529a06df129897496c5b4be75694
EVT-DAHEJ-00149,2b375d5ee12d379e255217bd87c15140d44f29b9
EVT-DAHEJ-00148,3c36775ab62a01521ad5f8ede6b99c965dce28d8
EVT-DAHEJ-00150,5192257b6842c625edec0d5997da055d0b95edc7
EVT-DAHEJ-00149,bfc7dd50e090665d6931e4a19f3c80514a78e35f
EVT-DAHEJ-00148,cae39793edd0c81df10f042b154d7d474b24200d
EVT-DAHEJ-00151,1dc3f1f407efd97fca316f604aa7e9d3e0c0148e
EVT-DAHEJ-00152,38bfa3aedcce8de6e7b37fbb624703a0e0821bd4
EVT-DAHEJ-00153,5c28fd03e122d084ac8772ab6c4fe8e2ad110a09
EVT-DAHEJ-00154,bc24501aee7ba31b63e9450aba74dcf25ca8d4be
EVT-DAHEJ-00154,ddf7fff0c34ab4d03a50ae0706505f7be79d3c7b
EVT-DAHEJ-00153,2db7f0935e4d25316b6a90b58a11c7bba8427b38
EVT-DAHEJ-00153,3373588f8941a17816cf00b141a3a75f6356f55e
EVT-DAHEJ-00154,79cb5f3e383ece9c49adca38145083ed17c4d7a2
EVT-DAHEJ-00154,a238631f5f668d6931f379b56e202d153e2f3b57
EVT-DAHEJ-00155,e011517245025cafdf9d52f72b1b1e72e6873c50
EVT-DAHEJ-00156,228d4e6679327425e6f29bebd872b128eae981a7
EVT-DAHEJ-00156,ff700f2bf2c3a35ba5eb0006786ee91c6cc5882c
EVT-DAHEJ-00157,05d8a1742b12970042ddbd2fd37113f4e6db39ec
EVT-DAHEJ-00157,82234fd320334ce24a78a29fb32c2292aa7885df
EVT-DAHEJ-00158,f2f4b8e887e6d52adb0a6869c5a462e4733a7324
EVT-DAHEJ-00159,17c5003ba1d90791d13511ba0fb6f5dc563b84b8
EVT-DAHEJ-00160,363ccc029bdc4b87a79ed78d8b41513cb0bb2dcd
EVT-DAHEJ-00159,42a15046f07e8404447131e0a29c2f4bd39923bf
EVT-DAHEJ-00161,682332d04e0f25b8bb234c75276bb9ffaaf20cf4
EVT-DAHEJ-00161,9115d923405246eb967d639880faabebf437a078
EVT-DAHEJ-00162,16eb50d7953d1389176371b0705c370dd19ff323
EVT-DAHEJ-00163,17b3c2a904ad936f459c690eda859642121f1528
EVT-DAHEJ-00163,1ce5f2583e27a91e3bbe073a64b780bd7138b50f
EVT-DAHEJ-00162,93734490844e17e51e5b6234efe8c122fc9e957f
EVT-DAHEJ-00163,a3e0fc46ad5f3e5004931b86f0b11dc2ff205686
EVT-DAHEJ-00164,1b66a81b85a76913ee988d0dae6f9d1cf23b54f7
EVT-DAHEJ-00165,586c63bfb9ab2c9e2d0b4d316d24503c6488f727
EVT-DAHEJ-00165,9b0add6e768bf1be813d49d3433aa9f2e2ee573a
EVT-DAHEJ-00166,f2db7f4c9619826274f2d228490a67df12281f9d
EVT-DAHEJ-00164,043c7aed6858f08c565ae73eaf99999436bc509d
EVT-DAHEJ-00167,26a6011a4b5b448fd85c5750fd5c0606e267eb84
EVT-DAHEJ-00168,28be4c70eff939a9a6877064057869668c0724db
EVT-DAHEJ-00169,d1182cbbb1ec0b041c821c8ee53c31722692eca3
EVT-DAHEJ-00170,e192c46e1db36ba87971ec6b11143dec24ebcd8b
EVT-DAHEJ-00171,36ef6668192fafdd3878e0a38ba90c2b1af9e2f9
EVT-DAHEJ-00172,62090d4787a401f5ed0c94c826aeba40c926cc76
EVT-DAHEJ-00173,652d88ae3aad055d1cc8a89a112437d9803c0d7b
EVT-DAHEJ-00174,a10b5036670b2a90623813a845e37e3cf0909c6c
EVT-DAHEJ-00175,5b7c88418cd09a5bf644441db9339153a6699acd
EVT-DAHEJ-00175,ae2ab93cafb2b03ba0698f3ce81c9e1300df4e1a
EVT-DAHEJ-00176,c8c2f0b8f94bd44799c44da411a5b9ad0fa5f82c
EVT-DAHEJ-00177,d0192f8b04dff3d6ed736d4043ac59e8b567da09
EVT-DAHEJ-00178,0288c115eba80ba0d502bed0dd20ede398c23ad6
EVT-DAHEJ-00179,1280dfd6b678274682f5c1993fb679327d4719e6
EVT-DAHEJ-00175,14b2c181c26df605dcb8edcfa6d0944c5a60b6e9
EVT-DAHEJ-00175,1ece49694781f33d1e7c33946e213ea5bb4aca53
EVT-DAHEJ-00175,3c3f5bfdb9c6e0af9ed56214393f983d020f8539
EVT-DAHEJ-00180,52d9460d36dee99a0e34eb5eac83060e620a5c8b
EVT-DAHEJ-00175,561e7ab11d4809499774e4645983354c3147716a
EVT-DAHEJ-00175,a61a1262f2903ded030ed7eca29eb492d05b253f
EVT-DAHEJ-00178,b08cfaa4ba543623ac51f7de805fded5885a1ae9
EVT-DAHEJ-00175,b4df36b30bfd1792c2728ab456dee3e8e5561d86
EVT-DAHEJ-00181,d6dd1a9733e6c048f246b5b59901808aa87f34ae
EVT-DAHEJ-00174,8d0025328368b76d755b8b98ed67a1b39afe3b6c
EVT-DAHEJ-00182,4899ab813f3ea621479c6a5c4e35e3d58041cb05
EVT-DAHEJ-00183,48d67c08dcfac7b00d795802101f16a2cc60e1cb
EVT-DAHEJ-00184,c0ea93588daebbc0ef78202da8273dd44f2fb4d7
EVT-DAHEJ-00185,5ca1e377acb38ff264cce146fbcbbff723371aad
EVT-DAHEJ-00186,0c5a5687719f03354834e3a450985217b0c8e9f9
EVT-DAHEJ-00187,2fc875f8fbaa906163af1100a35da8a013b61b96
EVT-DAHEJ-00188,d3b463dc65e32509988738992a059c236b458e9a
EVT-DAHEJ-00189,29a623955d679876d340aa37428da637c7899daf
EVT-DAHEJ-00190,3a671f05f1f92758a93947dc6b7dc40504949bd1
EVT-DAHEJ-00191,8db6780cb66e089f87b3d3943f609a36fbd03e9b
EVT-DAHEJ-00192,f89818cd25e48d79d7f30fd71fee245b802fbb52
EVT-DAHEJ-00193,12b3e28b0f5919b41eea3fa4eaf651bc684a41ce
EVT-DAHEJ-00194,369c65c2f5ffd14892132093cdf4a65124b129f5
EVT-DAHEJ-00194,4b847dbbb466d16a0ec5bb783ef5ddda04aef386
EVT-DAHEJ-00193,553447437d99be8c32456ca588c5bf34583d77d3
EVT-DAHEJ-00195,5287d52957d5afcc9b3c6e235f3595d931891260
EVT-DAHEJ-00196,6203bb05e662ad64f916004f6964b46cf6697392
EVT-DAHEJ-00194,65016c154825cc8642bccff6fc43cb37516a46dc
EVT-DAHEJ-00197,9107b52dfec41eafe7f88748d7dec39c26835458
EVT-DAHEJ-00194,98957fbb2773e3107b649a932704fdcae53b0e96
EVT-DAHEJ-00198,0d4cf2b3d7fb95b9095c2452124e7e3a969db5fe
EVT-DAHEJ-00199,87ed5d18c8509fbcf3db026f023b4bc462f552ba
EVT-DAHEJ-00200,9eada4d9b4e91c8beb06dc416123d3874f45b610
EVT-DAHEJ-00198,5bf734891095163c8f8cef285cb582eb85493d9c
EVT-DAHEJ-00201,8812c1cd742ab7fa42097b542ff61fced2929f2b
EVT-DAHEJ-00201,da62ca1fd9269cf3e9a8b73f4590ab1a804322f7
EVT-DAHEJ-00202,04ba55c698fc841688c59f8a1be78b2fd31d487d
EVT-DAHEJ-00202,ff087a95d73b2ab09d9008f27b88f837ea3a2292
EVT-DAHEJ-00203,17f7c5608db147779c7d63d2bae4f65685bf7340
EVT-DAHEJ-00204,386fb0c7951ece22bcbb265dae19834fb6441302
EVT-DAHEJ-00205,5d716fb442b13eafe7fdedc63587184757cdc5de
EVT-DAHEJ-00205,93acb2b3f8db6db7ef0f8346e86d81b3b9ce629c
EVT-DAHEJ-00206,bb9888a85bb685d8eaf73e584a32e65ac47830ce
EVT-DAHEJ-00205,fabc675b76923e8562562141b9fe0c1612c1b15e
EVT-DAHEJ-00207,09183bbbb1a26a3f9ce67f4031d7420879077fb1
EVT-DAHEJ-00208,1b0d113a2b150a1027db71d1c80e961359fa3e18
EVT-DAHEJ-00208,5aafc6364dcbf70be1a4f4079784a06dd0cd2df2
EVT-DAHEJ-00208,6ac78e4a59c4b54f7195db20926d3cdb0ced4ede
EVT-DAHEJ-00204,e8f984049bec008c30c9b71ba3d7bf9a3cf2e854
EVT-DAHEJ-00203,4ca41693eacc26627074c492865be351420dced3
EVT-DAHEJ-00209,557e605796664fdf8b83423f4efe8d413f12bd1e
EVT-DAHEJ-00209,8801a7bdddfa7c77a61d859a42599ec59eafc426
EVT-DAHEJ-00210,daea946336abade6e24750a57b426715cb1409ae
EVT-DAHEJ-00210,e3a1e9dcd9817e532ba717e4d30710b1f4384c64
EVT-DAHEJ-00211,0ebc68280c01b3ac287f7dee5e2e55f6820e57f5
EVT-DAHEJ-00212,09954ace3fbf48c5cfbce31c6e23c1cdb32f466a
EVT-DAHEJ-00213,3ca2fe79860acf6a3d4175894d565e8a3c66af9c
EVT-DAHEJ-00214,69171b4cfd7be0e2a4c4ca97cfa35cfdb075e86c
EVT-DAHEJ-00215,c684d2a84f5ea3d09fc3c1ed538c179e80c4b78a
EVT-DAHEJ-00212,dc5e406e806265e259df3c67c177f6698fa0f098
EVT-DAHEJ-00212,f42ab5acf7389d9ccbea83a3aef15c42bc55d796
EVT-DAHEJ-00212,4d9321af0ba5690bdd02c49315027626b0992fb0
EVT-DAHEJ-00213,553f110dfd91956f4ca0d33f4f8053e36455c544
EVT-DAHEJ-00215,719b65ad9f257571831a8b007df6201127b0d195
EVT-DAHEJ-00216,8d539dbc8ab47ad4823166059b6c054e287d0719
EVT-DAHEJ-00213,add8c1f1ae2d0a5bc764f84310cc8f9713d30c44
EVT-DAHEJ-00212,be898f2b20f22567dadc18888f141b5a9876c014
EVT-DAHEJ-00213,c042b6a29794dfd3920f781a1d0179510fe41c62
EVT-DAHEJ-00217,5d76e1df96b10add1bd2089fe6b90c8eeb8cc3e8
EVT-DAHEJ-00218,b8a10f192136e42ee86f00940c989eaf6da4642f
EVT-DAHEJ-00219,baf0be8b5e723fb8dbe5e07873f569ff632e938a
EVT-DAHEJ-00220,696bf8b1d437d9345953aa2188db062914c2ce9f
EVT-DAHEJ-00221,ac76d3043db50bef1913e9ca512e3e9c5fbce159
EVT-DAHEJ-00222,adcbd58b9bbcee32dcd4b72545cf98e47b93b5a4
EVT-DAHEJ-00223,b5f1b9b6df222e8447644640bc556cbc88f89e3e
EVT-DAHEJ-00222,9a35e493286f1c2fc608be67cdce6469a0e47f7b
EVT-DAHEJ-00224,dc5b0284f1c8942ce33366440857ac9c98f02129
EVT-DAHEJ-00225,ad67411a78876292b9bb99d2b0b98d45b14d5233
EVT-DAHEJ-00226,6ddf713703481914b922fc9ccb05a0e052cef02e
EVT-DAHEJ-00227,d6ea8efde0dac08fbf8ff316dab278f97237f495
EVT-DAHEJ-00226,eaa7d04d1dd902e1b775f42b9f1253032aca69c7
EVT-DAHEJ-00227,22842e21397e468efda40c442ef8d6ad2601f480
EVT-DAHEJ-00227,f1aa810c0799664f3471b09f1425d674aaf81a18
EVT-DAHEJ-00228,aee2e761297cfcdad00dea8c799c2547ecd4d14d
EVT-DAHEJ-00229,4dcbccde12d3dc63dc0ad5848787eec7fa705189
EVT-DAHEJ-00230,27b8a2798212e3295f0c6a559b6e99c06bef7d7b
EVT-DAHEJ-00230,5ea70d946c5742014183e6060b0eb1e410a83768
EVT-DAHEJ-00231,626eb5313e9395c8b488775d0f4a65284ce01e57
EVT-DAHEJ-00232,1657e583e54575f60d507dc2b502c800d655d466
EVT-DAHEJ-00230,775cc23aa9cd634aacb1b853415720613e0656a8
EVT-DAHEJ-00233,782de7a9c8e4af7c62a59e8b7eaab4b021df5907
EVT-DAHEJ-00230,880fd055ed81e7eea487cc9d7a28865664a16c0f
EVT-DAHEJ-00234,165a047df4c75094c74e62cad3ec29615724a9b8
EVT-DAHEJ-00229,4ddc251296309a1a950e0c183a6faa38e514373c
EVT-DAHEJ-00235,4d4d59e726846bfaeee55ec182a605c580b56c6f
EVT-DAHEJ-00236,0eb62ec0beb812722c55c8cbc55d8de331904406
EVT-DAHEJ-00236,464325944b570534877778d41a3aeac5cf00617f
EVT-DAHEJ-00237,87e72a674d71d8b25f85ef3bb1fa98d24b5a065c
EVT-DAHEJ-00238,9f19c52d1ab115acf2f39ddd2b3ca39dc1e67691
EVT-DAHEJ-00239,0fabcf0f54f39e37939978a351eb4a0e0120c32f
EVT-DAHEJ-00240,3ed30d1c05a8ac59853d01c32222caedacd23e68
EVT-DAHEJ-00241,2d952ca1b66606b65e06f7f76aa8ce82b44e305a
EVT-DAHEJ-00242,3695c869eca097d4d3dd7cdc7ba680b0df2638f1
EVT-DAHEJ-00243,66f268804261488a1f0ae3d77591f2f8c1198e56
EVT-DAHEJ-00242,7df86e2e233c27bb47b90b5866dfb6d8e9523efa
EVT-DAHEJ-00244,79a789ca70721696df355e26f3f8ca74ec0477b9
EVT-DAHEJ-00244,96589c0b8ebd8aad6a495011c61e36c9a596591e
EVT-DAHEJ-00241,6ec7768d8b36c5fc62024d54e44a73ef8ea7763b
EVT-DAHEJ-00245,76fa1eff7f27ce61c2d820c0c9ee05c945a43a52
EVT-DAHEJ-00241,c8567b005eb4e75aa91459aa6c390fcb9b9af188
EVT-DAHEJ-00246,cc1bbc3b65c432745fd1efd5990d70ca297aefb2
EVT-DAHEJ-00247,ce04cae3b3d686b33e8ac8401f4cd166b436b61f
EVT-DAHEJ-00248,7fb9560fe5f2ac82702381b2107d0bcfc6f87de3
EVT-DAHEJ-00249,e8b2ef83dbb192e047248f4e42385d62760d5c4f
EVT-DAHEJ-00249,fa76583a0dc1b22fafb5ff794ca5e3256cf11cd1
EVT-DAHEJ-00250,2599544de8d091dfeeeaa7334ff1d4e563e873f7
EVT-DAHEJ-00251,de29506af316b6c5cea956bdfaf571fdff5b6db5
EVT-DAHEJ-00252,4ad4f29e09aeec49ff84ca42de5f7d6cabca185a
EVT-DAHEJ-00253,8eb921d0548fd849dfaab1a886c080fcfd6d8661
EVT-DAHEJ-00254,91ff054f4d96cfed354a1caf36823d2f8cad263f
EVT-DAHEJ-00254,9ea18b5b9b06c81ea5f2230ede6ef70aa2c29933
EVT-DAHEJ-00252,9dcadd0239e8be174806c7726eea701e58463a73
EVT-DAHEJ-00255,3f2229f5279b4be3ab3efeb9eb22b735edd1eb2c
EVT-DAHEJ-00256,3746f3a2c2d18bd91a4f408020238f06eeb65ceb
EVT-DAHEJ-00257,53a91845ee3ae8bd4e1d3ed91940f1fd930a11ed
EVT-DAHEJ-00258,8dbb4b650711c31117af22b6b5dc3a472b796f7c
EVT-DAHEJ-00259,4662eba955dfde65824a5e63fc77106ec5cb755d
EVT-DAHEJ-00260,5fc11469d1e90a37f72521c7a08a5e9ddef68662
EVT-DAHEJ-00261,84e424a36a7beea8881a6866ca38d5985c72f293
EVT-DAHEJ-00259,b8708b49d9fe297d6ecb8ebbc6fd1e00e52e9c52
EVT-DAHEJ-00262,43020457cd445a6afbd38f9e6a8f2e02ed927873
EVT-DAHEJ-00263,e6f07ee249574549d46882f30e2b2947d80fa2ab
EVT-DAHEJ-00264,8167645968d01e984750efe743d908c71f2b6eb7
EVT-DAHEJ-00265,91f979784cff43b280342eb1fb22aa3637544b48
EVT-DAHEJ-00266,a8b8c2b6516c21dc8e5750fe1be2d22c3abf3a9a
EVT-DAHEJ-00267,2ccde2f5f7f34e6b94b2685933f27af2b3c15fa3
EVT-DAHEJ-00267,d4efe523dc31dce9aa9dcc4f98c500cf5ccf162f
EVT-DAHEJ-00268,87d08efce58399b44dd3b5432f60d4f710fd7097
EVT-DAHEJ-00269,108aaee38cf829b0558da42b21c166dd90d98d6a
EVT-DAHEJ-00270,12886dfa22ac54267232c30821fd51595f8bcd30
EVT-DAHEJ-00271,58584b6b3a9c616c0f1f68a3d7fa1e5eca20dcc5
EVT-DAHEJ-00272,90f015331d7af1010227f56466b19fbbbe4e8285
EVT-DAHEJ-00273,cafae9aac87638f740ae7f9b6ad0d724e6d6fca6
EVT-DAHEJ-00272,d47e325f3b474f6747c0ff4bb1e98cf1e191f80a
EVT-DAHEJ-00269,e35ddb6f7a78acc0745921bfc49e69863680adf4
EVT-DAHEJ-00273,1a0b791663db5150f0d82c4d550a1796818b6083
EVT-DAHEJ-00274,651883cfa2f4a22d5982381d40ffc9ef3deddcef
EVT-DAHEJ-00271,66bb7bb756957ef89b172bea6473c3837df02fbe
EVT-DAHEJ-00275,7923a09dafc0ee60aaae95a5fadeaf8cca23d2a8
EVT-DAHEJ-00276,c0e50968292063a1fd68378e2291529df19fda35
EVT-DAHEJ-00272,dbddad8da520ba08c9b76f77137e825550088e63
EVT-DAHEJ-00277,251451e3a2beff5edf8ed6183af7f33ab96d862e
EVT-DAHEJ-00277,dd741ebd75be74c2a81d9019ddd082f119442c44
EVT-DAHEJ-00278,74bdfa4cc0d3f2d1abc1761e9b3f993fe010c24a
EVT-DAHEJ-00279,0db914404ae51f586d6a228745df8bb62404a021
EVT-DAHEJ-00280,1fed642b127ca97b2e38b30203bbcaff815d94e2
EVT-DAHEJ-00279,39ef1785d3d4f6b4a2fed705582b5ec0e5419d22
EVT-DAHEJ-00279,92b695202de86e62926c5303a2fde0c5472385b5
EVT-DAHEJ-00278,9eccec271fe6820e076c5502c52b49947d822744
EVT-DAHEJ-00278,f8f8318a30662197b452786e6f0f069e6fec8df8
EVT-DAHEJ-00278,8e975d60620cd9442376ced53c8e70621e041eb3
EVT-DAHEJ-00278,9ac2fb13d67be1556e67d19b0c392707dde51ba4
EVT-DAHEJ-00279,e22acdc2a9cefea37c517b5ef58c52b91a9a0ae1
EVT-DAHEJ-00278,fb401bada2f163e8f9dfd1fc05b5c9b0f0158ed0
EVT-DAHEJ-00281,23cd7bc40bf93e2d473c39be1732e2b4f1242ead
EVT-DAHEJ-00282,2997ea58c48b3fb65489f044efdc2c09b435d669
EVT-DAHEJ-00282,539f08f763fbb28c1eef708133fe90620471d7e0
EVT-DAHEJ-00283,60bac9b6f1647e3d634c54a0c0814fb4b159947c
EVT-DAHEJ-00284,900c96f239f566e5b7839192d37fdecc0141196e
EVT-DAHEJ-00285,e81c39cc4142f2f81488ff035dc06816ace8fb89
EVT-DAHEJ-00278,dde86819d08fe424608557a6cb741f4837d5bb1d
EVT-DAHEJ-00286,468dc72565a79b6040df19880f05e40bf7686f2e
EVT-DAHEJ-00286,491aa97fdb33451e8f0786a2e50b31bb3b4168cc
EVT-DAHEJ-00287,ad2ad350f1b3643803af6952f30132ed9e850cb5
EVT-DAHEJ-00288,d3e25a9c75b457898ea52670778bcba2b0dbfd88
EVT-DAHEJ-00289,da31f5433e5072c179c77e03ef85b720ff04e22a
EVT-DAHEJ-00286,ffd837607c22cabe06753b814d8477ee90b53c8c
EVT-DAHEJ-00290,1d38cb5db4906bf6994b7247805c59580156b08e
EVT-DAHEJ-00291,42d217cba9458504598516b61c8e37e2a7da731d
EVT-DAHEJ-00292,c062141c17794809c349b927bae1b911671aa794
EVT-DAHEJ-00290,d28e9a35f9a6890e63d16bffb1f68069aba2b910
EVT-DAHEJ-00290,00eac070556e795bc2f195411cda6837aed3fe86
EVT-DAHEJ-00290,6e11a4c43328563f09a85a9df9a376faa39d42cc
EVT-DAHEJ-00293,c5aa454ba6ec09cc9b792b7652d047a3b2f446f1
EVT-DAHEJ-00294,2a79212eef9d30324748cdbd7159c183bf58a60d
EVT-DAHEJ-00294,d0b330b96b2ea6d9b424085324aeb8b5dbbab619
EVT-DAHEJ-00295,0f0684d96bd942f407f1213bdb37e5354ccd2cc0
EVT-DAHEJ-00294,60cb6ba5a0f2f1da3afc5279f97abfd7bb8e7e51
EVT-DAHEJ-00296,a5d8802da162f673cf14c1ecc7668c0a601f6f72
EVT-DAHEJ-00296,f23247fd6f42b664e3d61e36b8d07aea23519814
EVT-DAHEJ-00297,191722fb812f23cc7e785c165e8597b371331280
EVT-DAHEJ-00298,dc03e14e368f335cf13c7f1db3ca317e0ea9a408
EVT-DAHEJ-00298,e7dd96a68d154fad75631ae648b2ea1d4b85ace3
EVT-DAHEJ-00299,566aabbb48a4d38be738148e9619ccc797f34e79
EVT-DAHEJ-00299,5e5ddc988398489c4e1dfc1ab0618c88e95d848d
EVT-DAHEJ-00299,0c7956d316d0ba8db9a56cf2da5d9672c7cf55a6
EVT-DAHEJ-00299,29529e5f5d0b29694dd286fcb50ba2b0863f80ca
EVT-DAHEJ-00299,1a0cc0008d78c05d3672ee31083a836ac6578dbc
EVT-DAHEJ-00299,63f4041e7e06f09577e845e76e2d6030d9042fcc
EVT-DAHEJ-00300,b1f14f3bd110b8f52fe9d4ecf913c4aafe5393b1
EVT-DAHEJ-00301,afa4b2fac5ebe983c36cef4522429f5d86ebe987
EVT-DAHEJ-00302,c64a1c1cf3925a3725c229f4e18da76fd37276b1
EVT-DAHEJ-00302,ea641dce08e60446ef480a28fe80c7826019f104
EVT-DAHEJ-00303,663a226e4bdc5933d8c8f1dc9f4e3e70dbe09599
EVT-DAHEJ-00303,fdc80f8313d684ac5bd8c59dd9464ef959fa0419
EVT-DAHEJ-00304,39fff65dfeaaaec00aed531cab612fa0d988d102
EVT-DAHEJ-00305,5bc49a7ac8e1e137a3d346abd8ab28a094f8b956
EVT-DAHEJ-00304,0b84bab56e5bdc46e95f31b2dbbbefcc9ee10779
EVT-DAHEJ-00306,18fac10788b702b99044fc7f632ea4034d2061df
EVT-DAHEJ-00307,db2399bb13a92f937d90cce3bf582dcddc60a372
EVT-DAHEJ-00308,57770a24035d72498a8c4cf40e6f0299be4c520f
EVT-DAHEJ-00306,79d9c112d00819a588770ee92821bbabe3eb3de0
EVT-DAHEJ-00306,d31368e26b3fc3905f72dc6f635dd931425441c3
EVT-DAHEJ-00309,40833c8f6ffdffff6008df066496e1350e421b21
EVT-DAHEJ-00310,64bd242b6861a83d98dbb3f949af8999168faaac
EVT-DAHEJ-00311,7738f4c65ba1ecd9dc1a78076033e147c8460604
EVT-DAHEJ-00312,adbc8dcccc4c6d67e866be09bf4eaf9faed4bfa0
EVT-DAHEJ-00313,f8f617ed9985228893fbed90b9958753f1711b6d
EVT-DAHEJ-00311,319b19d414d5a697337282c8a951b247fa8479fa
EVT-DAHEJ-00314,254b6a9cd27e11b3bf9b658379a3d7f590b81a61
EVT-DAHEJ-00314,36713efe004c58e9a706a151b498d462a15b5639
EVT-DAHEJ-00312,b7c6fc9bad11b89fa02c9718f3f3e70c2d29150c
EVT-DAHEJ-00315,c94c50830935b97639b0d2bf1ca2950c83c0deaa
EVT-DAHEJ-00316,d43f83f87edaadaaee1cf32ac8cf00660a5b9fc2
EVT-DAHEJ-00316,f76b372c10e651a6bf4a796c7234e765ed389062
EVT-DAHEJ-00317,1a6ce6bfb97ae3b6a7ce26e4846c36d99955ac15
EVT-DAHEJ-00317,425058f79bc6b050f24c7712ee08fa7a1256cd25
EVT-DAHEJ-00318,dd218d1a7878f6f8e7dd90f559d9a143869d2846
EVT-DAHEJ-00319,e22c6a9f4cf551869aec8c55c3b4b8f1638f4440
EVT-DAHEJ-00320,1de80aea51699fbbab4c51063ccaf27e4b421633
EVT-DAHEJ-00320,1f38334856db73f176ea16ad7d3e05e007bea713
EVT-DAHEJ-00321,264bf9e10b8847a43d4925eb3157a52290b07801
EVT-DAHEJ-00322,32c315fde7c78503f1ad9acb4e9df8f2e7f5058d
EVT-DAHEJ-00320,40e745598c83a00ba1dfafdfa154d59d44769ccb
EVT-DAHEJ-00321,442c0d2804ad30398e919dbfa147bedfe27bc3e6
EVT-DAHEJ-00320,56bdbef0bf8946f70f4ee6cbf0d776c6709ef9b2
EVT-DAHEJ-00321,74b25da593f77ba9949a2a008e25d1a003335d39
EVT-DAHEJ-00322,997c639c18e8744abaa54208c5d6c944232f8539
EVT-DAHEJ-00323,d49582e9d48bcbb67e52aba04af198d835fdc6b2
EVT-DAHEJ-00324,19d90e8e547c7818e8b36a634f5c15947df35907
EVT-DAHEJ-00322,5c9ac196c69592f59e76f341d1529adefe49b649
EVT-DAHEJ-00322,687fa2b37fe57d3dc26ab63c71c994a20d887204
EVT-DAHEJ-00320,6cbfcacd566f56ed93efb38af4c8ca36ce564305
EVT-DAHEJ-00325,83703275d07b89a68b62a845513c90177548ae08
EVT-DAHEJ-00322,9c4180bd72dd983a20bd43dc18ba707e0638b407
EVT-DAHEJ-00322,9f4fe49bf560809998eab17a6eae938fe3320c12
EVT-DAHEJ-00322,d7c0d05ffe35a229605df67b493935967e3a59ae
EVT-DAHEJ-00322,a924b759023fb23d6943554aebfbbc847e0d3a94
EVT-DAHEJ-00326,3d34908f2cef7289f3b76427b376fdfa77ab5cf5
EVT-DAHEJ-00326,4c2adaeaa0fe11965309b0d3eecf1f69013b4262
EVT-DAHEJ-00326,590ce64ec99764d189b37d791cab447f07300aa1
EVT-DAHEJ-00327,cb03359e661e3fe9f4e4332d2095471da1115963
EVT-DAHEJ-00327,efb019a44af1b45bb2d8ac0e990e3c9003735a1a
EVT-DAHEJ-00328,2438cd97db1ef22c9c1951953b401c90335e02c7
EVT-DAHEJ-00329,7e865cc4982902f7f4ff2fbb2369508aaa4fb779
EVT-DAHEJ-00330,c4163c9315d63610aa5b438e30df85f20940259b
EVT-DAHEJ-00331,527a5f75b426c118ee1fad669fbb702792144d8a
EVT-DAHEJ-00332,4948cd0bd2e5cb31e98400e071f79d9b2af01f5b
EVT-DAHEJ-00333,7c2afa5c6d44be09d9bdeaa19f18fa5cc95e03f7
EVT-DAHEJ-00333,bc3eaa90e68554394a5f5e9dd2a2d29120e646da
EVT-DAHEJ-00334,621002735eaf80801807f9b7868f6ba8a16f4919
EVT-DAHEJ-00334,e9bad677b71c9871021d35558f230dc410d26e02
EVT-DAHEJ-00335,0ffcb3010af2ca2928f9ca1a373b1da0365418fc
EVT-DAHEJ-00336,6cb7171153502c9d0ff758fd3a9bc3c6758938a5
EVT-DAHEJ-00337,1e0f95e0799bc2a3c9d0375a9acdcb5977721455
EVT-DAHEJ-00338,30fe16d7321e6c773a08609df36062435e0a3d73
EVT-DAHEJ-00339,e6615ab4e1cbb7baae15e5fa89f7964cd5824122
EVT-DAHEJ-00339,19dda07bce13ce337929229cf27fde52701c7673
EVT-DAHEJ-00340,6ebb50685312f664ee12563e31364f0e226ec331
EVT-DAHEJ-00341,20edc1123855dc3bf620ebafc47a8e9dfe9f866e
EVT-DAHEJ-00342,429e86d1e5ec504f40c279ab02c538a931e65992
EVT-DAHEJ-00341,488cdd1881f9ca8870b9c2a6337b025380e2433d
EVT-DAHEJ-00343,63bf8c691dc9e3327bb5c359f9bee96096f330e9
EVT-DAHEJ-00344,47dc8839168cd48effb1641dbb7df6ea33e52735
EVT-DAHEJ-00344,7c386f6836ccd754b3444b508caae8c78604cd5f
EVT-DAHEJ-00344,fc07e21b3b47da1a18ddbed9c00b1ec3d6152665
EVT-DAHEJ-00345,4b4c733cf77134ee3e861382f49957d560d31fe4
EVT-DAHEJ-00345,ab5b820ab7001b465b7ddd1271e680dd3de31a7b
EVT-DAHEJ-00346,b8c01916a32792dd57b659dabfb62044adb6c628
EVT-DAHEJ-00347,80a10166683ec7f05ca888793b03d9fed0e7b6da
EVT-DAHEJ-00348,5b76c37ce5067365b21634a516446f88da1c401d
EVT-DAHEJ-00349,86ecba00f19fdddb2780002e8f14eaeb267ec538
EVT-DAHEJ-00348,cd13fde293b54ab095a8d828e67831af1c49fdf3
EVT-DAHEJ-00350,d0b12dedd337c5895d04dd6217d93ce80a53df7c
EVT-DAHEJ-00351,2637a09b328b48fb5ee8a49e096a721165d4454c
EVT-DAHEJ-00352,11f3dd1f5497f09d9e874a2bc5816f0b80b49dfe
EVT-DAHEJ-00353,1bbdbd30293da3438dc1c1bfd627e7406017e2c7
EVT-DAHEJ-00353,665e46b21757828cf03ee14bf70254fa6e86ef2f
EVT-DAHEJ-00354,f767a980cf28e583fa9172cb509358bc383e4fbc
EVT-DAHEJ-00353,fdcdf6bc127fe23ea919e0778ce6d59bb4f0bd96
EVT-DAHEJ-00347,3299f3cc6ebacd56a7ad20bdf18326f1d5ce0a3f
EVT-DAHEJ-00355,dd6dc63dd48d5fbe56ac4e4c96ae5d4ee5abb596
EVT-DAHEJ-00356,bb0bda3d913e36afd9aab3b8dc388b687731b36c
EVT-DAHEJ-00357,9c4ad30bb839d59ec7bb95e6275f2119a34d4d83
EVT-DAHEJ-00357,a387a5c57478baf26c90bb518ec098e150732566
EVT-DAHEJ-00358,086467f98ecef17cd6cbd393ca05fdc6d65ebc82
EVT-DAHEJ-00359,1fd9baa1a2db7dd0819288b8d6a1572f66ced3e6
EVT-DAHEJ-00360,6d27698a6cd2e8fed7966019b1a1a6b179cf30cd
EVT-DAHEJ-00360,71f824c0bdecc60c235ad53cb4307180cbce8a3d
EVT-DAHEJ-00361,abfc99cc399b5e919b4bbaa1f5338cf169be27fd
EVT-DAHEJ-00362,a328573865cb4b595b276ac9904bf08bb82e4549
EVT-DAHEJ-00362,1ffb4b8a38193230b7365a8a5aa0ef0893611dbe
EVT-DAHEJ-00363,728b3b1d2b37bd76d22900bbc707182e7c3733fa
EVT-DAHEJ-00364,79a5bc3ab0d917a85ba24904fbaa755aed2074f6
EVT-DAHEJ-00365,2ecdf504c9838937f16cf34bd6d35139e5418a42
EVT-DAHEJ-00366,b25811345009805a28cf2d52281df0366ae98c55
EVT-DAHEJ-00367,d7999774ccdf7427d762837ff6974de89d76a7ea
EVT-DAHEJ-00368,fd96ed57e683b0f9d76a0ab077e00f4e2e70a9b2
EVT-DAHEJ-00369,2d74bd2ec4d9dd92b2166e2a1a3e2880cc0109a5
EVT-DAHEJ-00370,74c242257dbaf6e23e011c422b5039baa2daba77
EVT-DAHEJ-00371,7634d88bc40cf0e2b674e4630363da94c03d19a5
EVT-DAHEJ-00372,7dc5eb61e8f9d35c700277dd01a2b6fd14028299
EVT-DAHEJ-00373,96df24349859db87aca4989d1e4ab9a50e14407a
EVT-DAHEJ-00374,98b6884e2fbf1d7f3421d48d2552b3ef097ba4e8
EVT-DAHEJ-00375,b67fa772facd6ba1de7f3790b4f4eac64f6df2a7
EVT-DAHEJ-00375,f60accec119e894007835043fdab23a2444584f3
EVT-DAHEJ-00376,0d79913b3e7b137c626f09371d11e2eeb768d095
EVT-DAHEJ-00371,4acfb377af27d041477e753b944780de9810fccd
EVT-DAHEJ-00377,4b70d85721b21d11cedd59a8ac9ecbbe8f00fc74
EVT-DAHEJ-00373,7d640220e42d8e295f6f2ea0d5c442487b936bf3
EVT-DAHEJ-00371,c3cf726253b717bb455e91e3c9a3eb7bc3026e1b
EVT-DAHEJ-00378,ea8dceb91ad6cfd230ab67a32ac038e833f78860
EVT-DAHEJ-00379,ecc903e3e0ab1ca2a25abe14c4a895fe8eaf2b34
EVT-DAHEJ-00380,ed65e2678eb27eb7d48e6582eb6e6c6b49972df5
EVT-DAHEJ-00381,844d4c8c6175f8ad20a3728d90cfb4d4f563de4f
EVT-DAHEJ-00382,9549ecc048bfe8876f9436202d1bb0560bd12f8e
EVT-DAHEJ-00380,9928b53c66d1fd5ae02eaa5de2f712fe888fbfcf
EVT-DAHEJ-00383,1d7cd0a51f8472d8d6c771fa35658fad6a4f5cd1
EVT-DAHEJ-00380,3d2418fb45a666e37270885ed8a84560ed014257
EVT-DAHEJ-00384,43c8248d539f7e31d95129a3f6b4a2960ed78159
EVT-DAHEJ-00384,4dd12418cf4f9b4e3795313742402cbc6d0e3993
EVT-DAHEJ-00385,52e5df6f3341258b47f5b90dc189833ede1caa72
EVT-DAHEJ-00380,5539406515b3fb88ac8fcbaf638b64c90dc5063a
EVT-DAHEJ-00386,60c3791d0b1815d7d685e5b5d62b9d819649c6dd
EVT-DAHEJ-00387,a50dce9c72f2705675a7445bbcb9ceab059ab502
EVT-DAHEJ-00385,a66b5bf15cf55f4be338738c97ff40475e4415e4
EVT-DAHEJ-00388,a677f70609dfabccb3ea39a8b2f557e006e63ef9
EVT-DAHEJ-00389,c0d9f595a010367f28302d82b76ae6bb3d92a9cb
EVT-DAHEJ-00390,c59b58aa629558df0e4ccaf3f50aa6d1d78a00a6
EVT-DAHEJ-00386,d4b0234c2834cec0afd91151332b40ddc4bc6f04
EVT-DAHEJ-00391,16ab2b5fc4096fe93a3a5a63c6dd341ee3e5d2ca
EVT-DAHEJ-00380,2abe71ea8a1f927ea752f7123cd85f379ad659bd
EVT-DAHEJ-00392,3ad60f21766eb7008cd113e96510d94732296b2d
EVT-DAHEJ-00380,692254973d6636049d8780928f26d925f2ad1293
EVT-DAHEJ-00385,83d5a01cb02ab38d5f5a1ef2342f901499b5249a
EVT-DAHEJ-00393,aeb60eb42509f4edf624698df900de6e9ce7d06b
EVT-DAHEJ-00394,c2836be63094897bba0035d3d2e40ea382431583
EVT-DAHEJ-00385,e3894cd66c1a07f4191ecbda7b3569309e516efa
EVT-DAHEJ-00395,e0c202c9a0a1a38084702f3707bc703db9ec141e
EVT-DAHEJ-00396,305631f4739269800f5b8cb8982a947b8066317f
EVT-DAHEJ-00397,45344a6902c6431f30afe842226ca9ccf27c5e87
EVT-DAHEJ-00398,9abf90e0638223a61a330d1cb5bf6c10c8ad912f
EVT-DAHEJ-00398,c8273d4b389e172bf145ee86a3fe0630db70c8d6
EVT-DAHEJ-00397,f863652eedff5faf1fec1bf6c7eb2d135b7de2f0
EVT-DAHEJ-00399,2474b3a0d0f748135f8a57be8fc9d5b14e6928bd
EVT-DAHEJ-00400,b5b06569890d796a88e79a5b1c2066e3891d0270
EVT-DAHEJ-00398,020bce149d163bd8b9bc6c41276411304ede2a56
EVT-DAHEJ-00401,3fe40510615ae0af462f797d5f8947ac182c5ed0
EVT-DAHEJ-00402,46fd1cdecc45944c65dc512cb9aeb763dd469411
EVT-DAHEJ-00403,537af2c2e49952793aeed30d3cf5cdb1a407cf61
EVT-DAHEJ-00404,65b82f410aa507c7de1ef4669899b157b300414e
EVT-DAHEJ-00403,6857410484be7ccc0eb73fbbe69b19e3a15b3092
EVT-DAHEJ-00405,743abf7bb4eec5a1b9402d09d001dd6b5bb167a4
EVT-DAHEJ-00399,860048fb47ad288732def6ce4752d8c8a286d418
EVT-DAHEJ-00398,9a9d219beab86cf518cabddaf5f8dfc319c5d393
EVT-DAHEJ-00404,af21f4d6fe8cc2a5d556d5d88a08ff8ea8013cb5
EVT-DAHEJ-00406,bc76af5ddfa79b450c8a146adec2cf085c56d2b1
EVT-DAHEJ-00399,c6593dc9d46658930e58ca1b01c54dc972a848c3
EVT-DAHEJ-00407,ec979529dbf5a9082838b1553adb6dbcf997f169
EVT-DAHEJ-00408,059433d4b726a2dacd922c9b2bcb49ac4e181137
EVT-DAHEJ-00409,09e142cb959898f40ba39f147adeb7fb7811cfeb
EVT-DAHEJ-00410,173db65f2dd7ca723bf0d0ce6aaeb270a25a2f59
EVT-DAHEJ-00411,60bcd946b9733b43ccc93fa2df16541a103aa63d
EVT-DAHEJ-00410,9a8271a56970fa3be6cd4b922d067bb0e08acea8
EVT-DAHEJ-00410,1dd9151ea345f0545bc367176b4b3d2bc76e8db4
EVT-DAHEJ-00410,3ff2fbabd43e9f3b27caae5e540941ed571eed3a
EVT-DAHEJ-00412,711ae6821dfa6f56c86ca475f36ee1fc8cf91530
EVT-DAHEJ-00410,782db10342f154f2332adb69eebee751b615ff74
EVT-DAHEJ-00404,9ec028e4083fc99c67810c867db9ea50f01e2f71
EVT-DAHEJ-00413,0e832c6bd356baf63e9444c1a7c63259764c20c1
EVT-DAHEJ-00414,24ba1f5692c4db799e0baf8333b8fe5c334b8b45
EVT-DAHEJ-00415,3b5d81ea36f14415596dfb2b9fdf07343eb0bfc7
EVT-DAHEJ-00416,8f10dc74b0359480b957856b25e82d8eddd10d48
EVT-DAHEJ-00417,903bf6947a1d8f338ea5b6cfffff918e638f8e9f
EVT-DAHEJ-00418,942f0d88f33aeb79e0c6723cfe47e7760f85fdd8
EVT-DAHEJ-00415,bea41041524e136662717e8bf85ba688943d07f8
EVT-DAHEJ-00418,d7111512772f8350255c3e623f6ffe0f10ba70f2
EVT-DAHEJ-00419,3d11d96b11ca8932c18fa055b4265521dfdfbc5d
EVT-DAHEJ-00420,af67122a67c47424c7652c5f9c1f58a63d3955a9
EVT-DAHEJ-00421,2d6dc60df60b66e9d6dbff55179152caa118118a
EVT-DAHEJ-00422,b43acff896c21f25179763714885e8e6961675d4
EVT-DAHEJ-00420,1e9cf103083e96b3829407edc51bcf74754eb0d5
EVT-DAHEJ-00423,3e4f4fcb024c24d39b06e025b8adff3cc8b7fc5c
EVT-DAHEJ-00424,44f64555dd63302bedfac190f157a60df0ce4aac
EVT-DAHEJ-00425,6af6d604c34edc741892fa6164adff385b7fa93b
EVT-DAHEJ-00426,72b4b91989fbc4fe44822c7dc45427cda99dafc5
EVT-DAHEJ-00426,73c7079545914c22eab310f6d9374bab117f810d
EVT-DAHEJ-00425,b416a698be04f8bebde1b52650e3ae13029b422c
EVT-DAHEJ-00425,d73585fb2306c421f4c563591a884e54293148fb
EVT-DAHEJ-00427,c74fa7fca61bd21ff571c65b263771d8c532d1a9
EVT-DAHEJ-00428,f41ae30821d0f5e9c3185459f5263b8dd8205429
EVT-DAHEJ-00429,0b58d754908b8eba9afd44f7a16370e008c9da9e
EVT-DAHEJ-00430,0e9ef8eb9023bcfcfbafac02901bfa196d539c98
EVT-DAHEJ-00431,1099b4f0017855dcc78cdbe1ca83df6cf72afadd
EVT-DAHEJ-00431,26bf3dd37e588093fbc21b9b00bc9bb2b06dc6af
EVT-DAHEJ-00432,36e3830fcb13584d2461fa135df9492e202f7371
EVT-DAHEJ-00431,417d98886fbc0a7df43cacf2dbbd6b413cbb0464
EVT-DAHEJ-00433,59ab97e2c782264db34f7b851ea17f9a3d1ac6c7
EVT-DAHEJ-00434,6736b30d515c6cb1e8c28409bbdfdb089102fcb6
EVT-DAHEJ-00435,816aea63023f78120b7d709845375f2e895f51f4
EVT-DAHEJ-00432,83af1407e9fa248c2b9275e343b76faf7c554cd9
EVT-DAHEJ-00436,c75cfb0dd5128c1d5f0c562cf2be61806f921608
EVT-DAHEJ-00434,cb72f004e5606f2515cc2184c10412f0837e4a20
EVT-DAHEJ-00431,d73a12a43a909760b8b9a22598d7f90a7fa21cc8
EVT-DAHEJ-00437,f4c5628453f29422e8280117f43e6121e25cced7
EVT-DAHEJ-00431,27aceff4eb6067d28b3b22c98ad1892e5c475303
EVT-DAHEJ-00431,354b095e152350970af36884a937375d06571497
EVT-DAHEJ-00431,4d94423d35a5fe8681a62c5c2e54f13ad397d2f9
EVT-DAHEJ-00434,843bfcec5b5149da21e001e4240f786a41ba9801
EVT-DAHEJ-00438,3e21359e1fbc47a3f625d306d2630cae36700862
EVT-DAHEJ-00439,16ab38ad9f8333d4dc54627ac6e998e8ec37c2e4
EVT-DAHEJ-00440,369708b1bddfa974185065081ba9305c2fbd635c
EVT-DAHEJ-00441,56954a35d8ec090f65a9bb526410cb454a3fc77d
EVT-DAHEJ-00441,608e259786f110acc7b3c8174ca325c530506813
EVT-DAHEJ-00442,9175334f169bfa5a88637502366a6996e3f547e8
EVT-DAHEJ-00443,a4e2c5d0c3355ef0c49709578ed7896d876edcb5
EVT-DAHEJ-00444,bbe8b51ae537280b15a0167f05dcea7143561ffd
EVT-DAHEJ-00445,936cb02f43256ff6cd1f4fed82c2520f248f6459
EVT-DAHEJ-00445,ba1f6dd8f7d3b4cd3bff5654dcba9e64bf9b4610
EVT-DAHEJ-00445,e44a0368e4499da93dbafa362f7ebfeb8f55831b
EVT-DAHEJ-00446,1dc1400a8ed4404e7b034d0c8f841605bdc597e9
EVT-DAHEJ-00446,949a84670670afaae62780ec0d9734db737614ed
EVT-DAHEJ-00447,8d609cd0b0202149f802b95a8b0737f1607a4edf
EVT-DAHEJ-00448,b1353362c7ecc29394183b6fe44a81967f923b01
EVT-DAHEJ-00449,894a9429a8d9c2ac75192df82f7f1158cea200e3
EVT-DAHEJ-00450,12ac9fbd871e6b2c2d60db5a1be425d63b4bb8cf
EVT-DAHEJ-00451,bc5f6906b888456115dd1f834fc67a8ba7287674
EVT-DAHEJ-00450,e9e36ca0503d0a6db3027afe666b07e50d0d16fc
EVT-DAHEJ-00452,1014d808eb63892324549558fddffd16392b52b1
EVT-DAHEJ-00453,1fc5a2134a8f6f37a7670f9960a7f46eca97686d
EVT-DAHEJ-00450,2316b9c9213601f3797d825c2d6a1b3ae10bbc60
EVT-DAHEJ-00454,26d4b92def371d5e219d8a3bf4c62f051111018e
EVT-DAHEJ-00455,82682fd7e3710c6c118eb3dc7eb3664fd695fbe0
EVT-DAHEJ-00456,a34d3c5348aa030fe51141d9155a6defc984d387
EVT-DAHEJ-00457,d363db39e8aeff37ee0c1d2c9f23bcb65cac0eac
EVT-DAHEJ-00458,272de2c1ccb4e15d126a0995623614f02466c4a6
EVT-DAHEJ-00459,3f68209b3ef28067b1c68b49786b78c23b91250c
EVT-DAHEJ-00460,6ffa205edef369c7947e5e932754dcd99b874d6d
EVT-DAHEJ-00461,943aa279c220d8977bc53c60307548f222a520ac
EVT-DAHEJ-00461,a1b52ff6d17861ac372e5171a0fcb557a9eb7c33
EVT-DAHEJ-00462,e456386d794ab675270b3eaef8d5b61e6af7b788
EVT-DAHEJ-00463,56334207b3d902ec9b8f611db1349a498a9ea9aa
EVT-DAHEJ-00464,2cf8f3a2bb0c57fd1a7ad6d710562039266bcf3f
EVT-DAHEJ-00465,3a50cb128211310294b313e306a70ee05cf31368
EVT-DAHEJ-00466,4b29b726205f6270330d57d5c227d0a224f3234b
EVT-DAHEJ-00466,b79a7ed683d48d9368aa45ae2c454d6cf5781f3b
EVT-DAHEJ-00466,db04f64da5fec22bf19da99cef133009395ff9e2
EVT-DAHEJ-00467,0d19d3295af10c497af8014fef6af4277f332675
EVT-DAHEJ-00468,62a5f0baf323c5a537fb46aa8549b359946dceb1
EVT-DAHEJ-00469,b97275e08dcf5d1872360e18043659119ef738a0
EVT-DAHEJ-00469,e2d1ce3d56e995b4b75fdd4a279b444dc38c8c99
EVT-DAHEJ-00470,a6b8aaf637168914d83c7c34bb56fa57360cec63
EVT-DAHEJ-00471,0898e88c490b5ddeff38d1e91055921b02c99d77
EVT-DAHEJ-00472,d035d044329f11cbf6f02651d71b78bd3ad6daa9
EVT-DAHEJ-00473,60e92edfba27dc4abf40be1c83599df71b04fc5a
EVT-DAHEJ-00474,a1e2347d5a6c016974b98af6e1fab980d35b6619
EVT-DAHEJ-00474,a9f545fa148ea71512c14979c8ee404d75beb74e
EVT-DAHEJ-00475,d8cb895ee98718d9f1304f4656656e517513a2c1
EVT-DAHEJ-00474,df4ec10bb4ff7573f83eba3e25a5b804d6e09b49
EVT-DAHEJ-00476,fa9267ee80e8a4cd6fca3788e0a610f4a3056b3c
EVT-DAHEJ-00477,e7d93a0347c5811c83c582555c03c069219a9d92
EVT-DAHEJ-00478,f758933ca98b5713a41210825f96e920e9eedf94
EVT-DAHEJ-00478,2df9ebc609dee40a05fbab9101add2040f6badc7
EVT-DAHEJ-00478,204f9c8d8044d3b9e60aee9b4c70b814584107cf
EVT-DAHEJ-00479,1a0d86bcd5f992c0e6f4dff58f222cff260b2728
EVT-DAHEJ-00478,260106489d791e8466213494cce17f89e8d44794
EVT-DAHEJ-00478,2ff1562b3a5eda983c873a3ee384c1d85512e3ae
EVT-DAHEJ-00480,459f4199e44473545de9dc378e7120849449eef7
EVT-DAHEJ-00478,536acd471f5d9e368488626db026102bb6b2cf63
EVT-DAHEJ-00479,6c4c90953985292a43548b401364bfa1aaba1b75
EVT-DAHEJ-00478,8877e2aa923eb448dfbbe41614d14e2faf6cf7e3
EVT-DAHEJ-00478,c580598ceeb2c00dd05c0177708d3cdbd1759910
EVT-DAHEJ-00478,cfbaf6ee7ca1c4c6c30daf420a2e22fe99896f61
EVT-DAHEJ-00481,d76d0fb9e2adcb5eb5c768ea98a4b0b7331e8749
EVT-DAHEJ-00480,d9ee63fa690d493d8cccdfe3e274635f27b509fb
EVT-DAHEJ-00482,e7ff1500b4dda89428d075ce01bd14ef90274e30
EVT-DAHEJ-00483,ed05873165f7cb0766b1945fb876ccea3eba2da3
EVT-DAHEJ-00478,f138796dfdcea41ca0adafbbfd3636271b99eeea
EVT-DAHEJ-00478,fb33d4ef3acbada68f57fccad5fcd1a842ed3db8
EVT-DAHEJ-00478,0a1d006b3f360861d158d7e4fb305de41269c2ee
EVT-DAHEJ-00484,0f2dbf67007f8a4c3d2a760da71fc9a2475e39c6
EVT-DAHEJ-00485,25acb1f6e771c54902d6f7df0b0c85c40751262c
EVT-DAHEJ-00481,447feeac739237c1468996f438ada67cf5550641
EVT-DAHEJ-00478,4c91990358689159fa92c11f1a7f76ba4341cfc9
EVT-DAHEJ-00486,6fc276a74742b2438e1838551a88e46181c9a6ec
EVT-DAHEJ-00481,8e987e89e0e8f9747c05b5afc89500c19d0d0fe6
EVT-DAHEJ-00484,8f1fb9432bc599c5200b3d85282425dd9e56427a
EVT-DAHEJ-00478,b2eea1ab0b314419cc970410632b1d2fef61d492
EVT-DAHEJ-00487,b4380faf6e5acc52c3d9e01886de27e65a9442e2
EVT-DAHEJ-00488,c9c835706e188bb1e19be94545844debe204cbfc
EVT-DAHEJ-00489,cd32af0990e4d0b2b5594dc1aeeff5172b079fa0
EVT-DAHEJ-00481,d1fe7a68999800f81e261ad2113387ec41d1e58a
EVT-DAHEJ-00487,e7b8259add7306705b537a4016cb42c404c517b8
EVT-DAHEJ-00490,28f599b517f909c949aa89d6a6c1ce1b2afb6108
EVT-DAHEJ-00491,0995e8f370bb03857d715a4f6b32c0361ad7f826
EVT-DAHEJ-00491,c95e47f8e39622200fdd4b381c26ecba9993aae9
EVT-DAHEJ-00492,cebf41e602f3f8d2c90e4a813e7e293b029df8f8
EVT-DAHEJ-00493,1e4d04c12882dde798ffc35215358c3f57e4e2f5
EVT-DAHEJ-00494,28be426d4f4480be3e736d28093c4e95cf186b13
EVT-DAHEJ-00495,4213f7547cb4282aa46933d318ef6b37058b7fab
EVT-DAHEJ-00496,4be5f804bb39efdcab0c38fd54c76a4c38206863
EVT-DAHEJ-00492,59be78d38a2a964f8725b240b65900a5d2b7c9f1
EVT-DAHEJ-00497,8097f64214a15b8fa87d86e828de4ba34ca6a31a
EVT-DAHEJ-00492,8a1dbfcf44829e588293e5249196583093195574
EVT-DAHEJ-00494,92c8bfba243e44c696e8d6903c86ba71d4a292cd
EVT-DAHEJ-00498,9c26c99e3afa34ee142885281c3714c0fc580e3c
EVT-DAHEJ-00499,ae808f45289280137974d35352c1bf820cbaac68
EVT-DAHEJ-00499,f4bd0368bd133ad9a919ebd8e088ebd8c9b9fc9d
EVT-DAHEJ-00498,fa209702667fdd368c976bb51c8941527e14a7b3
EVT-DAHEJ-00500,1c0d8c3370c68b3954c6a3af51e1ec315d509d2a
EVT-DAHEJ-00501,128ba8af1b7c27c3451b564e5823c55ec8743b5b
EVT-DAHEJ-00502,191cd9308d32f82c147c8604d6287a4bca30e075
EVT-DAHEJ-00503,1f7a191353612b326fcc8c10d551d94563962bb0
EVT-DAHEJ-00504,219e618638763b79d8204c0664cdc08e8feb26d6
EVT-DAHEJ-00502,8bc068fb375e1565ef363e49be7e6976fcd46b09
EVT-DAHEJ-00505,a792e43c857717dd01ca85328bbed42d8980c900
EVT-DAHEJ-00502,a869293efe1ad867543a6c4cb69615e704f7ffff
EVT-DAHEJ-00506,bff3313de0642d694bb27e465e5b4d1cd462f3d3
EVT-DAHEJ-00507,18c78ac86462390d4751f773c35e0c2c8b5f1378
EVT-DAHEJ-00507,1dd444f0ce83bcf1642806d0a282968d65496fbd
EVT-DAHEJ-00508,3d6c854006c1720a440e5bb35655394510ddf928
EVT-DAHEJ-00503,3fe7daa39955512df9d62f07d8b94ed790b567cd
EVT-DAHEJ-00509,564fabe650326b5b5158bcd075b8d7cf6c24444c
EVT-DAHEJ-00510,7f9f1680fe50e9f168248e0bd072e83f6395d588
EVT-DAHEJ-00511,838c625121f415f058440643b5295055032dc257
EVT-DAHEJ-00512,c262c55d24c5d375605013e4da1b8e730200e3e9
EVT-DAHEJ-00512,c6b2fa60cb435850fb0a25d141235b9714ed2b45
EVT-DAHEJ-00504,cf16931667ee47f9624f5fb5e21d6e38233a4b52
EVT-DAHEJ-00505,db31dbd2840efaa453bfbf906a04edd62b50dd7d
EVT-DAHEJ-00510,68a3e24a280656b3f68826a4c06a7e3511fa112a
EVT-DAHEJ-00502,8eaa60a8c1ac3581854c5fadb9e0e97ac6f1a9b1
EVT-DAHEJ-00513,2943a59e5d2754a1fb15bbaf57354472e8f238bc
EVT-DAHEJ-00514,ee2b2d2e57962daa44f3488638082c0aa27e022b
EVT-DAHEJ-00514,fef97cf51159ca6f130c610e05571f3e99c5d903
EVT-DAHEJ-00515,69df706c6640b7bc885d0399ee283430255a627a
EVT-DAHEJ-00513,dd401660951132330a2b2395daba364b17a4b6ed
EVT-DAHEJ-00513,fbaa3066570487fa5a89b530c0e7e9f5187b91c6
EVT-DAHEJ-00516,43f55dfd50c8c613b34c9029020478aa7a305318
EVT-DAHEJ-00517,c55cddf44b71a7b1323971b0eda511817f5726c0
EVT-DAHEJ-00518,0bab25381a2d7ae7b6ee82ceead1b0aad72613fa
EVT-DAHEJ-00519,271b11f610e1b8622137ad38f4143e150e02d484
EVT-DAHEJ-00520,818ce8ba8476771e5761494ca6bce83cf2b8a9c4
EVT-DAHEJ-00521,d2c7761c378a65233b7b0c3bcda226dcf7cba546
EVT-DAHEJ-00522,d6a051d011d6bbc6941e0a45d8c6d409f02ef61c
EVT-DAHEJ-00523,ea1538913340a5cd526242c1b246f98a2ab516c8
EVT-DAHEJ-00524,2e182d3ec9ab00256cbf8ffe9d9100b349e2a8a3
EVT-DAHEJ-00525,eccc37cacefd789e7ea2565c31fbd9e261623fb3
EVT-DAHEJ-00526,f48dcc9e21be03ece32852dd5d2751634f7815e4
EVT-DAHEJ-00527,098b8ab9a2a8b8a1933ec0d36e93c575f6425a2e
EVT-DAHEJ-00528,89643c78e53a47433a3d4f25f80cc9c7bddf44ba
EVT-DAHEJ-00528,b817b16f766d9c61afe831e05be16625887871ac
EVT-DAHEJ-00528,eec52f9384305b198e7fae15a0594f0a4291477b
EVT-DAHEJ-00529,3bd9f3f2db86820d243c96b7029576ac709b9015
EVT-DAHEJ-00529,610611dc9248c0a09d5374096ad56b669edda57c
EVT-DAHEJ-00530,aa2d415b683ee8c375df819a011c386d8d633cdf
EVT-DAHEJ-00531,762c4a8359e7ecc62623420a27e04a5e44baa6da
EVT-DAHEJ-00531,a2fcf96c5c9c8f39b22d691179891d3f6b9bc9a8
EVT-DAHEJ-00532,72765b2dfb50d86818e9904bd8e163ee0e33fe8b
EVT-DAHEJ-00533,9ee0158670dcbc4b1eee7b973883bbebd1f09674
EVT-DAHEJ-00532,a74c071f468929c98497accbf057c743c8d1a319
EVT-DAHEJ-00534,7dc8e9fef47dc246be4531f8d80dd8ea0b6a5157
EVT-DAHEJ-00535,8b7dbc07419cf2a4f25e0fea56b8f8eeb9b24d9b
EVT-DAHEJ-00533,9a661c1cf21a741dab01ac57153d686f3b912be5
EVT-DAHEJ-00536,b74013fd02869b96fa5aa38c81a9cff8eeb46557
EVT-DAHEJ-00537,bea9ece4c5d199176cd537647e9c8d6bd29adccd
EVT-DAHEJ-00533,f43f43d439a02fee2658e44c87f3b4722a6494f3
EVT-DAHEJ-00538,8024f12535a1f53f63782f39b4bac7123c11bd4b
EVT-DAHEJ-00539,f43b6514e88f309f1a9695c2d930c106e42c662b
EVT-DAHEJ-00535,34cb590bbbfa49f0f16abd0513164aef97f7c12d
EVT-DAHEJ-00540,59295a71ceb722092f3dccfeea0de9926e557a35
EVT-DAHEJ-00541,e8ca5057453f06fddaaedcf9426687d55467f2f7
EVT-DAHEJ-00542,f74d125575687b4f819b59d2e5c8288366c917f7
EVT-DAHEJ-00543,40b25751d16bed985d755b0d5f2c1d7efa4fd6b1
EVT-DAHEJ-00544,b5ed930bc6aeefe02480c5d4cb2be55ed89c80ea
EVT-DAHEJ-00545,c1729e6300271f5bfe58ffd0b78292e1a331b809
EVT-DAHEJ-00546,c3a2fc5d3c8c7d72fe41c448cf4eebcf150fb9f0
EVT-DAHEJ-00543,f3ac76283c52afdf49107080a60b85f67a4f6457
EVT-DAHEJ-00547,0682979763f861e7623807b0b76f61b5ae40873f
EVT-DAHEJ-00543,17d191341e1164e6815a3c60c63696e2d62a9ab3
EVT-DAHEJ-00548,3f7e6742fbdd0d8e5b8cf3dcfe069f95987bb617
EVT-DAHEJ-00549,4434ea4f3f55cd12846f242081af8350d24a40ba
EVT-DAHEJ-00543,80d46b27896761aa8261f96595d1826f3e8a4485
EVT-DAHEJ-00550,001212cf50032a0c7f35845bde91204b16fe80cb
EVT-DAHEJ-00550,db1620003ce59a88417460658490eb27c57f823d
EVT-DAHEJ-00551,df0db2fd7a782baf20a72ddecd791462a412b453
EVT-DAHEJ-00552,1cb7c67e0f6ad53a2054d89ed0cf8cc8dd6d4890
EVT-DAHEJ-00553,9f473c3120137a7f0aa3cf3c3f80afdcebb73db4
EVT-DAHEJ-00554,f3de06f524250992da6617b17af23bf47afa4083
EVT-DAHEJ-00555,f506ec320e95582479900672270a1dc16230de84
EVT-DAHEJ-00556,07d0472981d590edf8ea15876209b19be96e3502
EVT-DAHEJ-00557,ca056168c4ba8ca57b5fd4424a5e7bfec40b7f49
EVT-DAHEJ-00558,e1885813d25604a579e4c8eff1e308afe4007639
EVT-DAHEJ-00559,b030cbb49a775ab4b03a3c4b3dcde5a2e4929603
EVT-DAHEJ-00560,93a902669fbd4d66a4c6636066964f757ed76387
EVT-DAHEJ-00561,3676bf9f25a256ad9c27853d9ea314029a7c947e
EVT-DAHEJ-00562,387ba9dc33da54f6c6a6fea049641f96d6d41767
EVT-DAHEJ-00563,7de1043e6b49b388d188a1b05dd432da6b8e0a1d
EVT-DAHEJ-00564,b246eb8aab10387b104c6d16c9fa56175f7b9d3a
EVT-DAHEJ-00565,d10e506726a3f1e87f82840d48ad67647e629808
EVT-DAHEJ-00566,1adcd8b521a828e7d2126a14777c469234ed2e04
EVT-DAHEJ-00565,2bf02cc8ad2a74198fdda7473d537f4a1869d5fa
EVT-DAHEJ-00567,5d7aaefee08924b32bc3030c4eb2e27f3bcf7124
EVT-DAHEJ-00568,8db185030587bddcc920da6da3f5129675612908
EVT-DAHEJ-00569,4bb4f42a0532f05a2f74b9481af605f5ea54dc4b
EVT-DAHEJ-00569,e1ccb1fb76a2315509c8b1b84bfdc63bcb18b570
EVT-DAHEJ-00570,f0f208e17facc90e31727ff1f172714df98fde0b
EVT-DAHEJ-00571,177c2511d4507134f734a5ae5beb7cc3ef9b7ca5
EVT-DAHEJ-00569,6adbfa54702668000a72e3a6dab63c90bd0a2778
EVT-DAHEJ-00572,8148f4861f08557a654be5da2ec084f2fa5ec419
EVT-DAHEJ-00572,876c289a36d45d38c444564e2344e8996280d449
EVT-DAHEJ-00569,b37bd286a3a9d215665d359eb72124ed644f9524
EVT-DAHEJ-00573,bd2653b58f3a145e85e4bf6cef5b10b22568b4ff
EVT-DAHEJ-00574,d518fa83efac9b7956e3a6a925422a1178f6b77e
EVT-DAHEJ-00575,41cee6c7ead577d68bd0b58ac0a8a03d944e3039
EVT-DAHEJ-00576,569a9bea0ac19d9d8455014e8ea52873ba1dcd3b
EVT-DAHEJ-00577,6b1d1146475fddb4cc6b4a5a74b2540d1ade7b55
EVT-DAHEJ-00573,7bf0d5370ee93aeafdc2533c92217d7f68c10061
EVT-DAHEJ-00577,b9dc4e2a7637966ca95b9538229892bc1ad28fb7
EVT-DAHEJ-00573,5540e654af48981cffd7c5e5f15b2e4e82443418
EVT-DAHEJ-00576,d5c635ef2c1dee62c8404e31f700a21a459495c7
EVT-DAHEJ-00578,e7b4575b5ed9be1f87496ed5e4fa59b681b8bc1b
EVT-DAHEJ-00579,6b648edb7f3aef051b499cfd281005ed412a9e09
EVT-DAHEJ-00579,779ca0ec3311c2dc182fb604d331e1624f12de15
EVT-DAHEJ-00580,673c9d07503a198de1bba02c76061bb280c23ad2
EVT-DAHEJ-00581,32614e180657f47e413f9d3246b7afe425d37488
EVT-DAHEJ-00582,440cfba0ab2344da7b6f844bbb43e99a4db682e8
EVT-DAHEJ-00583,4b6b494b79f8559c256176f1e69bfbbfa50ec691
EVT-DAHEJ-00584,2f0f8187fe82e1af61a29f60804ac334544236c2
EVT-DAHEJ-00585,335ba3d1b291cfa8f7f6aebddbebe458ae80b88d
EVT-DAHEJ-00586,670e61ce2393fa8ae1b1c30f75c6c7d11a855cd7
EVT-DAHEJ-00586,899f08011633e395106b99c34dff4f3872c22be2
EVT-DAHEJ-00587,bcab61db6e163378db2db9b12ec2f016aa560e34
EVT-DAHEJ-00588,84866ca49887f711ad8fe5d8a7d6aa43d8536ead
EVT-DAHEJ-00589,a7dd91bc1882c07676ce7cc17045e863172cbea0
EVT-DAHEJ-00590,c27ff2e1e1a3b59d1e1da1f7ff7cd5a4c42f3469
EVT-DAHEJ-00591,e1567ea7e1922309351cde7626f4336ea2e2b75a
EVT-DAHEJ-00592,6340c610d485f57c2f2fd61e2611261f91093cd2
EVT-DAHEJ-00592,e0ef86ad997b2ec284996a4f592812df4768fc07
EVT-DAHEJ-00592,71b8bcf857d2a244cfef4be87105ba5cce4b6a4d
EVT-DAHEJ-00592,ddc9abb9f16da09e6ef5e78938d4392d9511e552
EVT-DAHEJ-00592,fdad0f6ee88b49ed03c39362aad05e7202b7fecc
EVT-DAHEJ-00593,0cb9c457afa5417282daef7c141ebe54b84de09e
EVT-DAHEJ-00594,5bae2baec07abffbf3961ea8fb86ebed10ff22e7
EVT-DAHEJ-00595,af6d9d517f08f27902d29cd0c45c17ad16291412
EVT-DAHEJ-00596,250c4378268a3dd74bfe237a122e1bb4714b7c2b
EVT-DAHEJ-00597,9fb5ce594e438992f1b4f41bd5f0110bbb1f8825
EVT-DAHEJ-00598,cd4435342adcaeb3e4ceaed2c5d36acebf60f87c
EVT-DAHEJ-00599,175688f2793c9691d150c3781ed23c281e4fb59e
EVT-DAHEJ-00600,6732febdf72af9a0cbcef7b2c96357933fcb778f
EVT-DAHEJ-00601,7b209e3113737c52c4e2cbdc7d801b1fb41464d0
EVT-DAHEJ-00602,cbea84b06b059dd80008730a589d70d7e905a420
EVT-DAHEJ-00603,f7fb5bc5801f6dc6a531db2caeeab0a9f3e85f19
EVT-DAHEJ-00604,2b8dd3374c193a8e0539536c79cbb0466de7f416
EVT-DAHEJ-00605,37bf7cb08e8c882a1734972d19044079f332c959
EVT-DAHEJ-00606,83a790bed00ac8f8535209e58e043d75dc18ca11
EVT-DAHEJ-00607,b99311caf6555165be2af694712b17f3d4e91c71
EVT-DAHEJ-00607,d6bec8d83a5dd6a35799b408b6a6f03ff3435c73
EVT-DAHEJ-00605,f4215b079a8d53ae8300d847ad0f8652e1d486f7
EVT-DAHEJ-00608,22687accd6c38a3e0add9f78ea61f611a7a2ab32
EVT-DAHEJ-00609,3863ce5e03bfc78782237bdebe895b2c02963ec0
EVT-DAHEJ-00610,5d9de479d9c9b5d3244936bf97e6d69bb3e4b4cf
EVT-DAHEJ-00611,7b7356128e3f105551ecbc246deb25a4cdfca5d2
EVT-DAHEJ-00612,9f2447ae14a93e2add127b7820230ddee068176a
EVT-DAHEJ-00608,ba0f6bbb0e989313d0562f088781132660f58e41
EVT-DAHEJ-00613,01d08529962987d52508df023be3149e95bd9379
EVT-DAHEJ-00614,1428a68ed1f6890efdbd392687a1b74c6b9263cc
EVT-DAHEJ-00615,2117855c891788ac277a021d52de889f5eda61b5
EVT-DAHEJ-00616,314563918e1ccb20e4a492531aaa8fa121a9eb84
EVT-DAHEJ-00615,35fb98b8ddafad3db3f2a67faa3155b1d892b38c
EVT-DAHEJ-00615,5f6a9803a835b45cb82e3854e1953ae265d63d4a
EVT-DAHEJ-00615,87408c3e905fa2078115b0c6ce33ea4e73e482a1
EVT-DAHEJ-00616,937e520d01d20a6452550e01592d6f15a0051fa8
EVT-DAHEJ-00617,a99359c59a2b643e38bc2cd40b6099095310ce72
EVT-DAHEJ-00618,b07dc2ea2b449a9f1b75e856c9184a7e4ee33c83
EVT-DAHEJ-00619,d86cae0b179472372527889db91d545da5a2e6c9
EVT-DAHEJ-00620,7d6452d8011241cb94c352c242cdb3d344b51c5b
EVT-DAHEJ-00621,09d4afdcfb5e2ed41a4cd5171415af904cacf75f
EVT-DAHEJ-00622,1685ffd6082edd29114626b24c28c92063e1cf5f
EVT-DAHEJ-00623,37cdf41dc48391da2ed9050ef35163e050506d5e
EVT-DAHEJ-00624,3dc76be142db2f61f41d115951a8ae96603365b2
EVT-DAHEJ-00624,b44ae82d30db4961ef41220b1d38c693fadf4dbb
EVT-DAHEJ-00624,c9b2860873ee95d15064b9ff31474766469b6818
EVT-DAHEJ-00625,d265501a63a255fd47939f8f7896a978912d55e1
EVT-DAHEJ-00626,a832970599b0cdef83d702cec665b774fe168fc7
EVT-DAHEJ-00627,1652733e7ad3e03c84b77f2d7c3dfad684fae79d
EVT-DAHEJ-00627,1f0a2d3f6b8bf22a0b8b0e1c3bb62fc694cb3af9
EVT-DAHEJ-00628,bc4a67374fe0fe3e0a979ddfa52d54cea85cc719
EVT-DAHEJ-00629,00c05528c8569c6578b1bfa2b16a14ee66cb0851
EVT-DAHEJ-00627,08761536dc7cbe43c62c335e57a0877ddba9f774
EVT-DAHEJ-00630,35251e68e4334e6d494ccb6d40ac198bd715e660
EVT-DAHEJ-00631,44621bda6c45fb1b76dcc4707e9bcc9603ae539e
EVT-DAHEJ-00627,54d81b9273d1fe2f07aeb5730e7d3577b444f737
EVT-DAHEJ-00627,7824c9f35826ba0366f31140a6d7c2d879141554
EVT-DAHEJ-00627,aae8aae00848dae8d7be6fae0c2d7e2185f85a52
EVT-DAHEJ-00632,b7aedc30b8720aa095bf44ed89621a8a51ca17eb
EVT-DAHEJ-00627,f46fe15fd84afd95b777f36b9406c4d639815c23
EVT-DAHEJ-00627,18a9a9c3ab1597d77124faff2a192d8ba83869ab
EVT-DAHEJ-00633,63c1326535e86bb22b951b313b55a42fdfe3a478
EVT-DAHEJ-00634,e25b5bf481f9a55dc790501ce5f081cbd7b11c5b
EVT-DAHEJ-00634,eac31069ba53407aff30a40dc7effb80a94c5ed0
EVT-DAHEJ-00631,f09c6be5e66b99c4be0f0f411192da2fa98fb9ab
EVT-DAHEJ-00635,f05f50abdda4f57d8ff4a4adda6fd40d00715d2d
EVT-DAHEJ-00636,0058988f0773c5dd5a81f8bc26d533963f220521
EVT-DAHEJ-00637,2d592929b14d498132b2701c55e82f9c819a9d86
EVT-DAHEJ-00638,3a0e27d68056122a17289ba298449507edc73852
EVT-DAHEJ-00637,5fa13b82f197183db770a748dbbc15213943bcc4
EVT-DAHEJ-00639,8ed80a75098524823af1c4e649f2a6a26c9e8193
EVT-DAHEJ-00640,f25de62bdda4c1b949bac791eae7334f74c069b0
EVT-DAHEJ-00641,6456b96eaa07015427136f829c37471bbfb0b16b
EVT-DAHEJ-00642,12b791164cf052fc4d89c12012f562cbbce1a3f6
EVT-DAHEJ-00643,6e7f3811229ac000e50f5037dac3cc3c497b3df1
EVT-DAHEJ-00642,be04d71299166e7a497fe27934cf346ca4282407
EVT-DAHEJ-00644,4154e27ab8b5a897d2aca6b75603530332e3484f
EVT-DAHEJ-00644,f1d5576588bb55f9223d47bb305d27f7f3852b81
EVT-DAHEJ-00644,690e9972adba27225fb2d2b519b02becaf8d6532
EVT-DAHEJ-00645,9cfbf8b167ab6ce8cdd71fdb3adc6ad5790df507
EVT-DAHEJ-00646,d480cee81c478192e1d0800fa992969f8b359bc0
EVT-DAHEJ-00647,811b2ff70d49ce03a40a009d055b1f084819f79d
EVT-DAHEJ-00648,cc2ac9f0a3a0c53e0d5b51054b2296a361962861
EVT-DAHEJ-00649,c466da6c02ef641881ed0dcf66d34b070d4b9ec0
EVT-DAHEJ-00650,d8232bdf42261e469e8fa0491508904fa6448e82
EVT-DAHEJ-00651,4965a677519b871e6a82ac72f8da14cdcf94a58c
EVT-DAHEJ-00652,57115c2e267f68818831f900f5a5354cd3b47c36
EVT-DAHEJ-00653,59fbbb601315dfb6930bc441b9eb8712f79751ef
EVT-DAHEJ-00654,affa16a5f0ad7143354bcc356eb7b260cd57876c
EVT-DAHEJ-00655,41631a4335b1a080f14a4b506229b47db0f41cd0
EVT-DAHEJ-00656,931354cbebeb01e0770288aee782c7931ec0e516
EVT-DAHEJ-00657,bf48bfd21fd97a05586f8554b252958f4eb79d47
EVT-DAHEJ-00657,ef53bb3f5c7f96e22eb12416d444b5f5468fff37
EVT-DAHEJ-00656,64d06efc5ab028fc10ba4a185559d47e7770b46e
EVT-DAHEJ-00656,7db45958365a860d2de56e13ce8efa2c471fe50c
EVT-DAHEJ-00658,be532a22dfa79ef66a5b1a0415b0dbb1a596ee29
EVT-DAHEJ-00656,ca43cb6b15c7afdfec9c9ee96900ab0a5eeab9c3
EVT-DAHEJ-00659,03ac4c59ef26485f379d1744abdc4227dd1c3a5e
EVT-DAHEJ-00660,5159c80ce8122f5038858b41e60d7844d678785b
EVT-DAHEJ-00661,ee63cacb73c8ae1f005857181d19fc4d02ab23fb
EVT-DAHEJ-00662,c2964184957b5caeaefc9e0a717d9c1d0bb40cb0
EVT-DAHEJ-00663,5fcaff97e5575804c34429410556f48688753e31
EVT-DAHEJ-00663,f9544ae7afd4a5e3aa3e0fc570221df5e434e987
EVT-DAHEJ-00664,5bdb3faae3f90f06ae3fc2d818267c5767c419df
EVT-DAHEJ-00665,0d8ff88efaea38683ef6bd1dff09045f487e0d2e
EVT-DAHEJ-00666,3a05c9db74ce049f5aa0dc5987646316a6f12415
EVT-DAHEJ-00665,5efcc8f060fa74b06952dfe8d8ed24f7a792347c
EVT-DAHEJ-00667,9d542064709817993ad07c01f4dc36b351440e20
EVT-DAHEJ-00668,06e40e0033acc19bcce9bb15d8c1bc0aaf21d9f6
EVT-DAHEJ-00669,24d5d3fcbf3a5cc13816cb65ee5b5c93a02fc5a1
EVT-DAHEJ-00670,67e97d4ffe14a1fe5555c3189ff8cee7180ef63b
EVT-DAHEJ-00670,6f06ff29575d4239bcce9fbeebef6370ada778aa
EVT-DAHEJ-00671,ab9074f3788e47acbfac04421a210133742250d2
EVT-DAHEJ-00672,3c1f2b8666a22ecf802fddd15795a04b63180bf0
EVT-DAHEJ-00673,50ebe3989707e8948b1f0288bf8f5b740bd7404f
EVT-DAHEJ-00674,5fac0359550295c8f17efa3133d1c538fcc33485
EVT-DAHEJ-00675,63d4ebc402a27c52b8a09560a371bfe59c4ccb0e
EVT-DAHEJ-00674,65f668b9daf3a8b0588a5b5ad2e2d1b1e561ef3e
EVT-DAHEJ-00676,69912a7630853058aec41a786f4ff43961511f73
EVT-DAHEJ-00677,73fc54a2392c409fee046f9b9843c033125ea309
EVT-DAHEJ-00678,9b1508700d54938d5ace680c581277f569a2b695
EVT-DAHEJ-00673,b974c93629ac2093fc3bc93f90cebe06e6fd408e
EVT-DAHEJ-00679,31f0b5a9251a2acfded3f705cd8dd1eac55563b2
EVT-DAHEJ-00680,e0c9249c89b3fd5e0d84cf69aba3ac8220eb2625
EVT-DAHEJ-00680,e2071a979c55eeb9c6b0ca053a57a55ab41fcfcb
EVT-DAHEJ-00680,336eb853dd9f90791d4ca5bc7f6527f408da94de
EVT-DAHEJ-00681,87df3439b2e33ced64f65f82d7ddaa3abefd95e3
EVT-DAHEJ-00680,aaf3d3c90816403ce814b58e75ed8004d3ed6ac7
EVT-DAHEJ-00682,ef5542fde971e6d098c2f7cb25b45125f1e56cec
EVT-DAHEJ-00683,4b81c3b93eb05569c953d870de7d23ceac7e9533
EVT-DAHEJ-00684,5d16b8cd70d6186c2790ebc6549a4284cdfc2114
EVT-DAHEJ-00684,c5523ff2a538c4dc62def2570a160f96bf6ed995
EVT-DAHEJ-00685,f8d2dd2d62096f56086dce70bb0d6b17f772820b
EVT-DAHEJ-00686,39fbd63cc734f43a059749ad4e477f13ca5cc6e3
EVT-DAHEJ-00687,4d88f099166fc65ed9a4af269db009df044851c0
EVT-DAHEJ-00686,db800fcc70ca140f6768bd86aa0491405a2f0f9d
EVT-DAHEJ-00688,3529d6182c835933730093bcba55a457b5c67958
EVT-DAHEJ-00689,454c530bc47103043cdd560be3bdf82397298d07
EVT-DAHEJ-00690,9b426cc4e304d1da29e2e00a560c047dc7e87e56
EVT-DAHEJ-00691,b12f8d3d4910f5111c890da739251b555f7e0ffd
EVT-DAHEJ-00692,bb91b7c833bedda1c9efd3c608cf6fc1a580480d
EVT-DAHEJ-00692,42110f45ac592ffdb7c7ef8188b1126b88efabf0
EVT-DAHEJ-00692,481fc63632d21853bea665bc591129b91f16464d
EVT-DAHEJ-00692,818701133f46164e7e2f1acb8a506e4c9965b4ed
EVT-DAHEJ-00692,83f3c92dcefb92b5f9213e5d4ff8bf83d3a19825
EVT-DAHEJ-00692,aee33239f249dcb1171d2bc6965707e2869466bb
EVT-DAHEJ-00692,bcb68db4c71d1a703fc787039bcf216e07f63cf4
EVT-DAHEJ-00692,fb0be9273e5b41dc5c5fd59b6fc84d1dd0e74448
EVT-DAHEJ-00693,27838d6803161ab815711f16f1eb6020a91dbc83
EVT-DAHEJ-00694,81057bcadd35ed8548b07481da565bd607cccfc5
EVT-DAHEJ-00692,97b38946f0a1430eb6117f88f32b389fafa94d11
EVT-DAHEJ-00693,a94039eaef202a3a5cef3d2d74faa6b2e909241b
EVT-DAHEJ-00692,b2bcef577e2e616290e40ffe795217a4f9ecabdc
EVT-DAHEJ-00695,10288f9040730d8c886e8961eaf45eb88ce551c6
EVT-DAHEJ-00696,3bd394a32c6ddd5679e2d8113764e6197a32b1ce
EVT-DAHEJ-00697,59921e5f7c50141fd42b2a48070494b1e88000a8
EVT-DAHEJ-00698,620d02881b6cfd7022ef393d19e13099fd612509
EVT-DAHEJ-00695,a1d68f9593a7bd13048a7f8a0e5cb38504d930e2
EVT-DAHEJ-00699,d7a5838f6810a7dad185bfd31aac2507b17b6beb
EVT-DAHEJ-00699,4c2333a35815e3d3e7fff23c1db6b987843d0302
EVT-DAHEJ-00700,2bfb559b96668bb27c0948c00a0ab620971ba2b2
EVT-DAHEJ-00701,3fd09b49978991a8e5c5dc94e179d67cafb1173b
EVT-DAHEJ-00702,4b83448e153f8e70ebffd71d0c0e2ea69522d213
EVT-DAHEJ-00703,789648fb280f0be9d670dd9775780fa238cdbae5
EVT-DAHEJ-00701,ab7c8df441edb19ae681770d17eed6d42f0651e1
EVT-DAHEJ-00703,da07e01b3b88cb05a83918b044a52da9e240eb4b
EVT-DAHEJ-00704,fa8370c06ad503a1e1c14d2d100172f595667a6c
EVT-DAHEJ-00705,1aaccca600f5376486016fa6c803fccac514554c
EVT-DAHEJ-00706,32f6c149d40fd7c29ce1f56c181835799be4cc0c
EVT-DAHEJ-00707,3036402c03d86bdb49402711fe16008e4c111998
EVT-DAHEJ-00708,399e334abfadc6a4c40b664c6d018fe62981aa01
EVT-DAHEJ-00709,4d3fe8ffae697a7dd7418d7ab94375e18265a50c
EVT-DAHEJ-00710,6de4da6e5f3f0890f2518458ebe462e2b3e57ba0
EVT-DAHEJ-00707,a4bef7f20f68750cf41c450a0e8bd42ff1ada975
EVT-DAHEJ-00705,a9b17be14318e9937b689fb83c2fb7186da2bc34
EVT-DAHEJ-00711,c2844ffeab33f877dbd0d0a299c0cd9fe65e235a
EVT-DAHEJ-00712,065df28e88b38e0adf29cb87736b1b879ff2c721
EVT-DAHEJ-00712,9c798a466fc0db475dc252b0c1f0df6df2f48755
EVT-DAHEJ-00713,c5a14ad5308592b8a6a8f82f5db5412ac41211a3
EVT-DAHEJ-00713,fd88975c429c5ffa02f82a5de6086e1b14ce0614
EVT-DAHEJ-00713,1869008c26b10d258620efd068c4d72df7f48c0f
EVT-DAHEJ-00713,1e772a9877aa32f6b93ec660341f96168b859878
EVT-DAHEJ-00714,3aa67ffeaade7cdf446e1ea436ce601a1df8de84
EVT-DAHEJ-00713,73e7638c87c4f6e8ed3152e4151b0048d4d748b5
EVT-DAHEJ-00713,9bd0fbc68c458012bc5fc386093e2fc163ee4594
EVT-DAHEJ-00715,c919cb87a1fb1562efc892071b4afc4ba3b470af
EVT-DAHEJ-00711,d74298f768e79333cba40e03eafa1def159f0b84
EVT-DAHEJ-00714,d7d5ddeb496d6c2516d1bdf93bef327b2e06e920
EVT-DAHEJ-00713,e2f008ec6b0ba718ffbcd0131559ecb3e30e0469
EVT-DAHEJ-00714,3efa513a5c119168c5cb524358a2532d3dc1f5ff
EVT-DAHEJ-00716,0630e748af9a86b64bb63c9ec21dba42debc56ab
EVT-DAHEJ-00717,46ab7a6966ec4139b6bc3c2502ff44fd0b693136
EVT-DAHEJ-00718,b64281bbe3a9d4ce05b1f3cfbd0bbe1fd3a5be05
EVT-DAHEJ-00719,62191035c02f20b441e06df39aa97a2dac23c4fb
EVT-DAHEJ-00719,fd76797003b50d8b5434aca84ae5e4fbd7cf2284
EVT-DAHEJ-00720,37d630d46c1c2dc29f026d1e59236a0dab1cbb8f
EVT-DAHEJ-00721,1542afbc2e76a94d1cfe42c7118804b3481af3c6
EVT-DAHEJ-00722,e2896018fa23c14c261e784780d43afb0942d5b1
EVT-DAHEJ-00720,fdb6b4fb3cd0b7d566d5a0ba44af4194d5618fae
EVT-DAHEJ-00723,8404e1d7ff1547adc0228ada18ec6a7d3abee671
EVT-DAHEJ-00724,2b647d78acf0c5f5e8b67cfd11c20080a0f032ba
EVT-DAHEJ-00725,4766fc3731f3ce55e49d16bbe14222c57bd4b82d
EVT-DAHEJ-00725,90c96867e41decdc9a87a4ebaadc209aed6d1748
EVT-DAHEJ-00726,fcbb29221e5f13f42de00735bb6686aa132d83e3
EVT-DAHEJ-00727,46b3ad05f7ce2bce08a07604c5949e75ebc02876
EVT-DAHEJ-00728,aa69c3e4f05112e4c560563f1c840f241bbe65b1
EVT-DAHEJ-00729,804d11d61026d1e7d0561493fb482a693170209c
EVT-DAHEJ-00730,c10f302932171309874117d4205879ceecb240a8
EVT-DAHEJ-00731,40d81acceef7310e575fc502a405c7ba3c949799
EVT-DAHEJ-00732,83f723dcee52452993657f6a9afd7198099362d9
EVT-DAHEJ-00733,befcbed01443990c4bcbae531f37d5fdbb39bb61
EVT-DAHEJ-00733,d68bbea7e4ca4a5b044a5a5a99fc7e5fd31294f2
EVT-DAHEJ-00732,f8aac62142d7afd1c97b69c3d01357ef384ee660
EVT-DAHEJ-00734,53b4e3e68a79bb40f88f327a9356002d80883655
EVT-DAHEJ-00735,693569e64b3ca717492f23b8e5264ff68eee1630
EVT-DAHEJ-00736,caacb14070b16cdd7dab94b75a746c4c3d0209a1
EVT-DAHEJ-00731,1e6a9ae9189332280be347b82d17aba04c65ff4a
EVT-DAHEJ-00737,4b0578e8321ac95902e3566663b2201785d551d7
EVT-DAHEJ-00737,7c7a7fc08f164ba5252840be3cc407036d002958
EVT-DAHEJ-00738,a56124c0861835c69a21c1db92f61989b4021a41
EVT-DAHEJ-00739,b470539e60628ce607b30969c105b90b0b08d163
EVT-DAHEJ-00731,f0e5a47c137f01cf11e2abd5ff2a2600f9210d61
EVT-DAHEJ-00740,c770c9cceac44ca61c1e2ca8f7406a8d401b7262
EVT-DAHEJ-00741,4baec3347e3db21f8b3e1002f6be62b034f24ee8
EVT-DAHEJ-00741,80adc1a8d3d9c8c1bd7e6ff113a2ff0166536414
EVT-DAHEJ-00741,90b167a8e851c942e3e2ec7aa468540eabc3aec5
EVT-DAHEJ-00742,17c7024bedd2552e74607d744a7e4f8e9f021d76
EVT-DAHEJ-00743,8b968a23ea8fcfabd40adeff906eb15139a8a4a9
EVT-DAHEJ-00743,9e38af5fb32f430f70f2d5327a98e6044a6b99f1
EVT-DAHEJ-00744,fcecf7a84184bdf433b24ddace848282f65d2aba
EVT-DAHEJ-00745,4584acfb76c1e01f1a894a97a4846f39fcd0e738
EVT-DAHEJ-00746,2544b8fad3fde0b766e432a69853753164be2b2a
EVT-DAHEJ-00747,2c5fc143943d14e42cd3fc55ebe6bdf3984b77ec
EVT-DAHEJ-00747,8ea91fd970fd61b2a6f9806a585691feaaebad76
EVT-DAHEJ-00747,2b99c0aaf20170a8a2a5847ba38734895b6e64b7
EVT-DAHEJ-00747,96e9fe8e725b31e116bbde574a2d9498d9ef4abd
EVT-DAHEJ-00747,093fbefb318732ba1d2deaeaf201e9a16a596e8c
EVT-DAHEJ-00748,1650947dba786b058ac06c3ea1a6d75525bebedf
EVT-DAHEJ-00749,1738e4e4510fa867c94058ac7504c0d348c62f9e
EVT-DAHEJ-00750,325e73f69185a9507122eae3b1b436ca7c115fae
EVT-DAHEJ-00748,4281f374c15b0e7dfa9ac6d91f74f077dd675a83
EVT-DAHEJ-00751,1d6494c412bca84167e5e22fce974c1ff4f1db94
EVT-DAHEJ-00748,2ae01171bd240c6432470ca5dbbf3bac3a8c1b21
EVT-DAHEJ-00752,50c419f6e20a6ef47e4363878e15120b345eafa2
EVT-DAHEJ-00752,603902dac7c7c0c7f03449e1d833a96c0b41c493
EVT-DAHEJ-00753,9378f350b038fd2ca160bc1e5722a25e177a3669
EVT-DAHEJ-00753,d4dc53a7acde603109a03fd2e24b5f38cb477e09
EVT-DAHEJ-00751,d58542d1b290e257eea44ff95c83239a1341bc47
EVT-DAHEJ-00754,4a972ec3b2b8c84ee822590e3f07848aa0f3d5f1
EVT-DAHEJ-00754,4dc6f4de13c439b323489affb8e7726c7fba6de3
EVT-DAHEJ-00754,e0150f71090a45cdad8b6e308e7aa6bce255e4e1
EVT-DAHEJ-00753,0258d0e7dfa399d062138af6712f826102142cbe
EVT-DAHEJ-00755,4487b75805b0ca7b514e7c0b23ffc756459ce0df
EVT-DAHEJ-00753,a17988ae05a131e8d8c75a9e6caeeb86987749a3
EVT-DAHEJ-00756,a346e517fdc69ab11d81c8ec05e054b9ce786ea3
EVT-DAHEJ-00756,e4db7d8a210182eb684709612929b144f7a3f141
EVT-DAHEJ-00757,55f99523bce945b53367e54b784f11e10420624e
EVT-DAHEJ-00757,cb2da8e3d44fcea6d31783cd2eaf7aa2f9f123a9
EVT-DAHEJ-00758,98b857fb52813d008d4db55fff2a52ae199fb768
EVT-DAHEJ-00758,e20ed1ee2d965b120c37d63ad4de1c36709f2536
EVT-DAHEJ-00759,59352620faf089e9be643b9261ffeeb587826b5d
EVT-DAHEJ-00760,20a06eb54ccac6d0e64bdc22df672156a1304064
EVT-DAHEJ-00761,2ea5e4690224369aa1e47f784617f3f116d5dd60
EVT-DAHEJ-00762,c7aa5a96a7c22742e9d19b959c4a8549d7a63037
EVT-DAHEJ-00763,f6e2c52b95a5a439fc163689546dc5442d96a264
EVT-DAHEJ-00764,17da039de1bf2318d42fc5d0a8e36b28fa7d378a
EVT-DAHEJ-00765,1ec8f5853b2d209cd6d68a14689e290587b6909c
EVT-DAHEJ-00765,b420be6f673769abfb2e25cd817e6e707d381af4
EVT-DAHEJ-00766,8495e928c18f4f8051ced62843d70b34b5e5e5c8
EVT-DAHEJ-00766,35f892b4a81303bf999c951c4467fba0560aad50
EVT-DAHEJ-00767,1e0788ab393825520b27aaaf749f393fcf14b921
EVT-DAHEJ-00767,39e1c90e09f871d9caebc776823b635b546c8fbd
EVT-DAHEJ-00767,4fd18f86a71ddf6a543082b2b813865838b5fb17
EVT-DAHEJ-00768,1a574ee9919cb23c6e3a4a44638e30725e6e5a1f
EVT-DAHEJ-00767,afe2f82801c10d9381d00c39c89158310b4e9a99
EVT-DAHEJ-00769,b3a2e103052fe50e0ddd0ffc83a30dac273c03d2
EVT-DAHEJ-00769,c0fabb40479436b1b8d7f37cd01112044865240f
EVT-DAHEJ-00770,f03b97a5670da5063b79a3df5b4c29fb35edbeb7
EVT-DAHEJ-00771,4cebf8eab4f7222580a059b5fe67467b91157652
EVT-DAHEJ-00771,55db699b6e8968e30d49dc7f102c045d8aefbad0
EVT-DAHEJ-00771,13ce7d8f3450ae9a68df9d3e69471b650bd2c967
EVT-DAHEJ-00772,9fbbde1de344b913ad6d6a84f39a8f8c89d21081
EVT-DAHEJ-00773,76b9d3c234edc02067901ea3cd896fadaf1f1d92
EVT-DAHEJ-00774,35a7520af1a2cf0ff81e52d29495b44c9861eecd
EVT-DAHEJ-00775,45fda01d65c8cb966e68570f858db24a2cc334b0
EVT-DAHEJ-00774,9f0f5790ac5e175f3fc5dd431deb6a489ad58293
EVT-DAHEJ-00776,d266af7287ca0939cc805049cd0e0e7488405e30
EVT-DAHEJ-00777,0dfdbab7f9022375f7e82ebb4b2a798df1c371eb
EVT-DAHEJ-00778,20b7ff2fffd7b5d44e09eda6d7ed35bd446dba8a
EVT-DAHEJ-00776,2dbc48e7720d3d5d118a883647deb9bb1390c9ba
EVT-DAHEJ-00778,39a40c02c96bd3c87cc39a0891f9ae9b5b9ec7ab
EVT-DAHEJ-00775,897d2be7ca00dfecaf48abb34cae7d113362fbcf
EVT-DAHEJ-00779,a465ce4c146ae05386259cd358bf3a1d42406d6b
EVT-DAHEJ-00778,e2f79f09ed26f26b64a39130252e245dabcdf390
EVT-DAHEJ-00780,edabf1181f57b0d6f519a3a139df9fdb35c7e3ab
EVT-DAHEJ-00781,29bc5f160dda5590a351e222fc057f7184145f66
EVT-DAHEJ-00782,36621d8a145669da360851c212011ce374c67f4a
EVT-DAHEJ-00783,dafd5f60f31a7e05220f03da459b6c90fc6b468a
EVT-DAHEJ-00783,e789be09f811c5227fd36cf07c55c1e0e04e30e4
EVT-DAHEJ-00784,aeff8ec2c3b2a85a3e9c2c0e8cde663677f2dba2
EVT-DAHEJ-00782,44a4c31cb2f31fe9b9f36004a7c212ec33ccd8f2
EVT-DAHEJ-00785,7ed0f4d2d42c5ab2db1d3a2236a04b3fd104861d
EVT-DAHEJ-00786,94bff6a5370ffdaf712a348558d36f397005ef12
EVT-DAHEJ-00785,e195eb7bbd35896c3ee3f0c0058743977f1d07bd
EVT-DAHEJ-00787,28685069c9d1ae5f20785f6c46c363c045e2dbc4
EVT-DAHEJ-00788,000f07797e190fdbf8bdab91ef15a67c1449daa5
EVT-DAHEJ-00789,6d4fa005047652d3a8b5ebaf16d3c38096e79853
EVT-DAHEJ-00788,8a992a6d3017da4b08b29000bd55b0e05cbdfb45
EVT-DAHEJ-00790,c2413cabc76e0c297278bea796bd12bf3981b91b
EVT-DAHEJ-00788,d7b33a50ce5965aae6aa6f7bec4c9f5897141609
EVT-DAHEJ-00791,f2dc2401949ba698e0b18b2d9cdd6f6137e6ac81
EVT-DAHEJ-00792,443f7a3b38327b228cbfea1345c1837fa07bb1b1
EVT-DAHEJ-00792,6fb2f319e6c2e4441fe3bcc5942aa6ab9e682a3c
EVT-DAHEJ-00793,1edd549d9553e2dbbc658d692ca317303ea8a3f1
EVT-DAHEJ-00794,8892a62be19f3d840b4a174049455a4de0c51ddb
EVT-DAHEJ-00795,7e633231ef4a63c6b1c5d0605ee9335ede7f192a
EVT-DAHEJ-00796,3a437891c0dc9a788c8e70885ccf29170d189e09
EVT-DAHEJ-00797,6f89b07b4fd8e6eeee57a3b10fcd3de64e836a40
EVT-DAHEJ-00798,7c6293284d7675cfc0d9de9593e2a4606d493957
EVT-DAHEJ-00797,887fb43cf494599d5af90ee7b2ae5bec16165cba
EVT-DAHEJ-00799,34581a0743b582cdde0bd5da3b9a6446781471a1
EVT-DAHEJ-00800,3f39066915cbed2ddbbcceac78be7887ced62f30
EVT-DAHEJ-00801,223483d9bf957daf15e7ad23cc77f9b507ed9cca
EVT-DAHEJ-00802,28109bb0a11d7e4d9539dbc53ad835576a2064cf
EVT-DAHEJ-00803,b1de0bfc5248b3848169f16599867a2fa21378c5
EVT-DAHEJ-00804,ec143bcb091bd247c70fbc6f4492bb0d8ed84ebf
EVT-DAHEJ-00802,f106512b7504303933ce2a7005db71c0b385a8b9
EVT-DAHEJ-00805,2dc694d3aaf3e372ae91747ca8c71e54e9779c47
EVT-DAHEJ-00806,00abbb384c987afd1840498f21cbe15f1731ddb4
EVT-DAHEJ-00807,0099e8e81955bb91d9cdd725b41f0a41defc7e98
EVT-DAHEJ-00808,46defb0c4e9e6d36598583fe5f4c71f69a9b5286
EVT-DAHEJ-00809,94ded022d9a34700552a357c7f9dec92be4d0b43
EVT-DAHEJ-00810,af09510c95ddf91f435aacf0f22e149ef616aadd
EVT-DAHEJ-00811,cfadf26c403e1ec9263c8066e1cf3887199ccd0f
EVT-DAHEJ-00812,abe9d434126a9667c7d102b06ce901ab418bf7b0
EVT-DAHEJ-00812,e332de7471a82de8a67d61a957515bf80fa9625e
EVT-DAHEJ-00813,efe99cbf063addd50b0fe9f4a698ab542d237ecd
EVT-DAHEJ-00814,3bb8d08f6255f10b7b6ce9a7643710b646d62506
EVT-DAHEJ-00815,a3ae695146f33813694ec179768934358c6e1589
EVT-DAHEJ-00815,c2dc61ae9bb3b5ce67a49b528ad5d1162d90f160
EVT-DAHEJ-00816,c6142814544873fefa7e6dcb8a4caa0c283c8ca7
EVT-DAHEJ-00817,d519ad2cb56a976ba09e7c52c8ca31c27403bfb8
EVT-DAHEJ-00817,dda1a793245378d86e5bb32cd1f85113217991a7
EVT-DAHEJ-00818,f049062185f91f607b26250e7f4fed21f58c5f76
EVT-DAHEJ-00819,2cd997112e1b6e9dd750ea568dd316b0850da14c
EVT-DAHEJ-00820,3fddcdcbec51147901ba546300476a400c1840a8
EVT-DAHEJ-00816,969ff3be6e805b7b6a2b2749662e0b63d6372613
EVT-DAHEJ-00816,9f8848c85c7db97379cf00c18d52f741237425f2
EVT-DAHEJ-00821,a7b87582fff63853044bf7b1986163ae24d880f4
EVT-DAHEJ-00822,d4abf87c4bc0f0bfb3fdea68bface9fca0c30782
EVT-DAHEJ-00823,1fde34df70ac142e0af6f5413fde9eeacab81e2b
EVT-DAHEJ-00823,c82c5124f0a96b309646e03b1ac75b378a58f02c
EVT-DAHEJ-00824,d4cab26af4988494ddf6b6d633f941c84d843603
EVT-DAHEJ-00825,f3b3f9509b567f4be2b5118a24ebda4f0f8cc06b
EVT-DAHEJ-00826,f1d11985fc009ed8aefcb724677a6b55abbaac28
EVT-DAHEJ-00827,41f3a19a2d852dcbb5b8719b62185f311052d54f
EVT-DAHEJ-00827,738c85ab737f5c3ba517d023f3894e54286987ee
EVT-DAHEJ-00827,fd9ea61e40c6afbf22d9e4372f9b1863f5f46852
EVT-DAHEJ-00828,18c7b084071f098b1b03849372141e28fb633fcb
EVT-DAHEJ-00829,2b90458b6e8d3b763aeed65283c4519a95257fa2
EVT-DAHEJ-00830,3717802fcec7352bb501c87511f2be564de7fa0e
EVT-DAHEJ-00831,eef4540c3fb5ecb583c7ff818f4576b9bdaff7aa
EVT-DAHEJ-00832,7a14fb0db33564007e25bbe19fc337e81de89399
EVT-DAHEJ-00832,aa0b4e3ce9648905ef616d513f7aaeabe29bc6fb
EVT-DAHEJ-00833,a9af144bd6831689635608140b91d8ca287b1f77
EVT-DAHEJ-00834,e92ef731961f8ac4e7a663393af7aa17aa2cdbf8
EVT-DAHEJ-00835,25f540010c4720ac6c05d72000e1ab1fcb1f07c2
EVT-DAHEJ-00836,6ad46519d3804048baced35f1569703e86b950f7
EVT-DAHEJ-00835,af86f1f175e2f83b7d4a4e78a5f79cbeace9d4c1
EVT-DAHEJ-00834,e95934d4d01b3e30cc7628dd59f936cbfcc758c0
EVT-DAHEJ-00835,657b519f87f91bd6af405d0f0204f546e2708eac
EVT-DAHEJ-00837,39d855853096a08d66ddda2212f469c65c32eb30
EVT-DAHEJ-00837,a35d3459f361992313a78db29decfcc3593838ac
EVT-DAHEJ-00838,7af01e91ff781f85ad0a7f39c4b879fa800fbf7a
EVT-DAHEJ-00838,a64bf247b60fdbf0e4157046ccd1237110b491c1
EVT-DAHEJ-00839,321bee9eab62c393fc03d49a6f0e4a63813706dc
EVT-DAHEJ-00840,b7404abdd13b68d199c5cda72d1be22ab86db3a5
EVT-DAHEJ-00841,03cc172f3aaa11f3e8d2cd2743539366bea91b14
EVT-DAHEJ-00840,e256a44c7613a9ec185daaf659f9ab7e19191331
EVT-DAHEJ-00841,3d21937c1176ad333529448dfff25059756eb5cb
EVT-DAHEJ-00840,b47bf157a4af1ebe4f95448a90a19066fcd3849b
EVT-DAHEJ-00842,126474a71c55940fd35e19605158c05c64176ef1
EVT-DAHEJ-00842,3635f83abc8ff7813b86a210b7b37c8b5e0b2601
EVT-DAHEJ-00843,84a85b23d4c9fd2920e35bde10850d67baa063ac
EVT-DAHEJ-00842,874dd66858b0b5e54895f68c969f469eadb29759
EVT-DAHEJ-00842,db0cff20becb9e15abb348ab050135135adc480b
EVT-DAHEJ-00842,76763b99cc86b4fcbe2ec1a3ca6498c6eae10694
EVT-DAHEJ-00842,7be22d57a963bbbcf5ae6b16151602b0f9922b50
EVT-DAHEJ-00842,ac37552f4f4453a882e5d60f18c0436c73ccfbd5
EVT-DAHEJ-00842,ebed9fee7b0bbf452e855d8a950c9e6773427f81
EVT-DAHEJ-00844,adc7d05892c8cd500d7677983d650ea726a8e543
EVT-DAHEJ-00844,5102b2f05686b78c592714e3cf95d709e56a399e
EVT-DAHEJ-00844,5b3307e4a689e7dca939de793f84c93a1830e006
EVT-DAHEJ-00845,6de6ede378c08a526e958ba0c342752666db2b33
EVT-DAHEJ-00844,5587b8a3064c6bc9359783937bdf18a78e187452
EVT-DAHEJ-00844,7ca1c84fbb66ce7011945b2a9605c2a4416466e4
EVT-DAHEJ-00844,9401fe268ac3aa3e125a9c0c7082fe08aac92435
EVT-DAHEJ-00844,ac25ee1ea33a32f46ba31778c01a272711b53269
EVT-DAHEJ-00844,b972781bb43d5157b894e56f1498c329830a3531
EVT-DAHEJ-00844,d2e0df17e48b10b1ba98be3bc160ba68b0b1a765
EVT-DAHEJ-00844,d874f8c91bcdb41fa6f8d52b284918cc34543f06
EVT-DAHEJ-00844,e39d969f8f256a7f1c2d6a04320886126ef05d31
EVT-DAHEJ-00844,eeb555d2afc97b5232e4c4982249d06f9daa4295
EVT-DAHEJ-00844,7c35201be271ee10d199f142b99e4c4d7af29aa4
EVT-DAHEJ-00844,7ea1d4034edab186c62736da1b610698cdf6eea1
EVT-DAHEJ-00844,841ccc46eb82fd0848aaf56f9cf1b97ae267490b
EVT-DAHEJ-00844,90c2f64feea40ed9b115c894c1dbc829f195455f
EVT-DAHEJ-00846,0dca2705cdf110ed3eecbe8fe364529f9a48e14c
EVT-DAHEJ-00844,3ffa44884679daf243e7c7909b0ea82b6b0ea904
EVT-DAHEJ-00844,a63e76a83b9f1c8ed498538e816dcb98b4893b88
EVT-DAHEJ-00844,43337a75ff9f10d896297858638ee61904380057
EVT-DAHEJ-00846,46ab4dd488135bce968f155ec4d519954fdd2a73
EVT-DAHEJ-00846,5cd84ffd16d880490ad81f70dc3a45b7814098da
EVT-DAHEJ-00844,626d112718c6cc790ec3b14f2103aed0530af886
EVT-DAHEJ-00846,eb15246ebe91cd0643c7b466b63404999b0a5a9a
EVT-DAHEJ-00847,54aca9479f479593b0ad55c6561484d0af864510
EVT-DAHEJ-00846,7b241b474e9876362b975ef5d76de9cac0d437cc
EVT-DAHEJ-00846,28501046f60e24fc8b7b6b0b491ad77f07aea649
EVT-DAHEJ-00846,4716437c1ac5e63e2c261dbf395660df40ada8c1
EVT-DAHEJ-00846,18b7a0c52dbedbb792165e64670cf62567d7d765
EVT-DAHEJ-00846,2a120a0e4e2ffb2c996eb9236267ef5f28e0c5c3
EVT-DAHEJ-00846,5aecb511ba74b449ffb457b624d0f4b27f8d94b2
EVT-DAHEJ-00846,dea9ae594b10bd2b51afa8279591bd0ea5991a4a
EVT-DAHEJ-00846,fb1df9818d9ff2663b21f32650f54ead71c0b576
EVT-DAHEJ-00846,6c524e7ed15ec78b69c45bd8300fce229f429533
EVT-DAHEJ-00846,d947d5fec00bdc9beedd6b4675f45d7700369b24
EVT-DAHEJ-00846,dc9c3b8f933e5f5a213ef9d368a9e06a1c539e7e
EVT-DAHEJ-00846,f2ae047e7e099ebc82c09432d62dba3e8bbcdaea
EVT-DAHEJ-00848,05f2c38b8864c20a152312717a73586acae8d2a5
EVT-DAHEJ-00846,3c441209bab5842b0e1663ac86e3d5120a0ceb66
EVT-DAHEJ-00846,54173c7e9fda6a32fffe34f9139987a28936d63a
EVT-DAHEJ-00846,e72e4fad0fdbbd069089ab16d7bad9e2f1e6b69a
EVT-DAHEJ-00849,0f026d7f8e90fa33cc57ce0395ac79aa06c61c01
EVT-DAHEJ-00846,3988df24f190821fe001786bdc9d71dd497f06ae
EVT-DAHEJ-00850,5a89e492cf1d5c6c9484f5a4cc651130e1982bcc
EVT-DAHEJ-00846,bd129771faa44f1938e86ce066143f09ba77374c
EVT-DAHEJ-00849,ef82ef0db0e4fc7ec040e1ac9cb3063ffefcaa5e
EVT-DAHEJ-00851,a9bb2e168e508f1375c3b899704f17837d730472
EVT-DAHEJ-00852,53b597844a81e99f6804cec73ff2d2c8ba1a77a9
EVT-DAHEJ-00851,0f7d0ec99e39c0b821e02b11807bf8d20fe7dac0
EVT-DAHEJ-00853,6e0987fceb80b1ef2279685d506644b14d44a4ba
EVT-DAHEJ-00851,871c5ebae2cb8189cb4caee8dd598950dac06528
EVT-DAHEJ-00854,8a81b015e27628fbd67055869279708bd02b7052
EVT-DAHEJ-00853,d6fd44e2f3d8f2a9966456e3219b4e880d99f420
EVT-DAHEJ-00851,f4d79177029ce46c0109c7aa49445a73f1a4ab89
EVT-DAHEJ-00855,030ccd5199bb48c36c4e172f0ff6b50fe2986f89
EVT-DAHEJ-00856,45aa4c57ab6b83d4e328c62ecc8612decfc0c41b
EVT-DAHEJ-00857,9dd0b5fef991e2659e1ed27e591519624feb9dc0
EVT-DAHEJ-00851,a72621b2b2031945599653d614141b42866af741
EVT-DAHEJ-00858,33d5eacfdb74954d05380895587be1050cc1d1ea
EVT-DAHEJ-00851,34d2c2dee00eb6a8ca8fe5341c97e186a8ed1001
EVT-DAHEJ-00859,ed63ae746443f30b9306504a3a18aa237bbded2a
EVT-DAHEJ-00856,f09b66de0bb5c493a1a294756a2171ed56ae2030
EVT-DAHEJ-00860,123b2491c2cf3e26882d4134bc135f40319bf804
EVT-DAHEJ-00860,1c54dda188544435ea792d45a0c5fb1eaca18c9e
EVT-DAHEJ-00860,3fd0df109414d09288278bc0a7cbb1073b9b1e0f
EVT-DAHEJ-00860,44a2973ddf4e431466af4453969a7c3dcf7ad8f6
EVT-DAHEJ-00860,562dc03ffdb3360aec8e75a3584c1e1a698312d0
EVT-DAHEJ-00861,4039116aa25dbd086b4c8c7b40b1cc4277915ada
EVT-DAHEJ-00861,d59700b78c376950dfaf1f26b6fc54790e970158
EVT-DAHEJ-00862,67043b6c7068170e70f3f2936db1d09f635ee8ab
EVT-DAHEJ-00862,eb08c64cb6a57afa08484320db93f898a3c1a952
EVT-DAHEJ-00862,fadf9bd18b98d97ebe8d2d2d0c933a652fdfdd60
EVT-DAHEJ-00863,6d6cafe2a35d014e3e91fa86ca0a85bb5d03b0e0
EVT-DAHEJ-00863,f9878467fde90fc6bf3eed1016d446db3fcffec5
EVT-DAHEJ-00864,5a29be3c5b6afdb7d7adfc32a006110cd4319091
EVT-DAHEJ-00864,fba33db95f1b4eec7878086b812ecba7bc93915a
EVT-DAHEJ-00864,99db979d021acb83d90584e692f784b725b3e5c5
EVT-DAHEJ-00864,e72597dca6589c59e9954163a6c5384a0787eb45
EVT-DAHEJ-00864,29ff793a537bc369a3f9077f33d8735197691ff0
EVT-DAHEJ-00864,445165c45be055ded47edd6a9c41ccadf3fed833
EVT-DAHEJ-00864,b470f4bb598a1a62143f1e78ecb16e2e230c2eb6
EVT-DAHEJ-00865,3f95b94a5665303cd24d2a7bb3ef9a289e942d80
EVT-DAHEJ-00866,e58208b1c84b975cb5876327b45de4cc98ac9818
EVT-DAHEJ-00867,cf74159563a629bb61d2850c4d18b89c0898d50e
EVT-DAHEJ-00868,bbfd6d27deb472b040ee9d1eee1cee4f47892daa
EVT-DAHEJ-00869,aa31636dda034e426afbaa1b93ca4376e3ef928b
EVT-DAHEJ-00869,f5342a2d87f8b426473c3b23c6735ffb16da0109
EVT-DAHEJ-00869,2b960881240785b2a798a77e27aa88c8b704c74b
EVT-DAHEJ-00869,43e0bf37e37f96ee26759ae3a723ee5a04b825c4
EVT-DAHEJ-00869,d4c8a73ce47fd592d531f7f09d6dea18e5b2a54d
EVT-DAHEJ-00869,f4139046fba0de8cb5b3b2f519f1aa171eb9c2b0
EVT-DAHEJ-00870,d3cac82ba60478e802798d1e5bedea53cb8154e3
EVT-DAHEJ-00871,2ed45c071c9b29c65835c8d065d1a6cbfbf97a34
EVT-DAHEJ-00872,061171c514d444ac32f6b559c82ebf9a523f107e
EVT-DAHEJ-00872,062d6900fae550e5fb900dfe2dc9455bec2206a5
EVT-DAHEJ-00873,1513debe7026737df975455f2c9a96697540c1a8
EVT-DAHEJ-00872,33ef6aed9d5abe3e3a7ee73ad1544dff5daf8379
EVT-DAHEJ-00872,4b6ec15fb6907197c6e7b88814da9e4c323e8b63
EVT-DAHEJ-00874,a6a7a176b4a958716e99a4af3a942cf4907663fe
EVT-DAHEJ-00872,31a717f76364115a0d7d1fd09a486cc0797ce230
EVT-DAHEJ-00872,400ae571012db0b17ffce1539db27a178bc54465
EVT-DAHEJ-00872,6e852e0c3cdcc612aace676cc727c6c3b13aed25
EVT-DAHEJ-00875,ca50702f194f24914fc83a3a22011c9a74c24326
EVT-DAHEJ-00876,1c9d035f9cf299f1ec6343ab650fce735b26eed8
EVT-DAHEJ-00876,459868d3262b682f628fa1fbd6f7666659463721
EVT-DAHEJ-00876,50d2ca170e2c2f1a274386eaa45a9ddaa7f1b6ad
EVT-DAHEJ-00876,73a654b12e37d31eaeb72e653ada4204f4c387ab
EVT-DAHEJ-00872,758dc438f94362459db5891f5e63babc25403341
EVT-DAHEJ-00872,a12adc7ffb70516362da5a22e5d2df52c11ea57c
EVT-DAHEJ-00872,c5e9eda0d218b2b21b1dac9d264e954c033cf251
EVT-DAHEJ-00876,381517e797889d75235c214add7e16def8c6f97c
EVT-DAHEJ-00876,62f77c78e64d4b3ba8eef9112c6d8d385a19468d
EVT-DAHEJ-00876,9f2a72bb9867e399db31fce12604a3b7f6c91398
EVT-DAHEJ-00877,0959f8da813e061dd21819632cdafdf6a32ab6fe
EVT-DAHEJ-00877,097053344a8b58a2c856a353f8c058aa7527b4d8
EVT-DAHEJ-00877,c846727c9ede82cb6c44f53a6f978e9685211dbe
EVT-DAHEJ-00877,e1f916b0c42acaa255623dabba582d6428535bdd
EVT-DAHEJ-00877,9b7ad78f85df5ddd51578b99aacf64f4962b2ca0
EVT-DAHEJ-00877,e0bbb23301e61133fde52897ffb63e31ff7e7fc3
EVT-DAHEJ-00877,2cba0a5ab3b429db27da7c1c3514fffd245437e7
EVT-DAHEJ-00877,58e0021154f27edb670a06cb19dffccdf757adc9
EVT-DAHEJ-00877,d5759060a3692ba4d6b9805e3fd7e943337271a8
EVT-DAHEJ-00878,8e3d22fa1890bf518caa6855117f350a11438398
EVT-DAHEJ-00879,da7d94e6817d573b2ca0f62879607b93b5bb79e2
EVT-DAHEJ-00880,82ad91ec6d0d1a2cd91f003fbaa2e2632b3ba2e6
EVT-DAHEJ-00881,a29cc420ea926ef04ac240954b35070db9505db6
EVT-DAHEJ-00881,c5a51b9da9038e26a89b8120f08ec8d8e6b89491
EVT-DAHEJ-00882,3b55c412cb9a85bc3f57f0afad7ca3e576701a21
EVT-DAHEJ-00883,8e8e6172fa94efce48b6581da722973bdeca9c2e
EVT-DAHEJ-00884,d2de8d8bebf2f81101c3fc7abb5450ef3ec035d5
EVT-DAHEJ-00885,020a0634fc47158bc3363638ccd112fb2b94f939
EVT-DAHEJ-00886,dea5ebbd741927ed8b85022fd8873ec9419c3ee8
EVT-DAHEJ-00886,2e685797893d565a33f65ab5a082a842223936fc
EVT-DAHEJ-00887,89376c81f1328037890eb61168d10a7f3b3e6902
EVT-DAHEJ-00888,40cbca5e1168d7b7b299ed11833740600a88fbad
EVT-DAHEJ-00887,48b4ee869f2c9b19cc4adbefeeba1eb2efde4979
EVT-DAHEJ-00887,4992a8724e326abce911efa3693ce77418052cb0
EVT-DAHEJ-00887,35cf05e731285a119b69761160fd8d8ac39982b1
EVT-DAHEJ-00887,54405886c86b146f228bdddff9ffbd6864448243
EVT-DAHEJ-00889,3be9381556588d1708779db69fb241677dea6157
EVT-DAHEJ-00890,0f873ecc93367d1b6e4f396254b2354116efe8f9
EVT-DAHEJ-00891,0df510bec685309bc2af6c48dacca78fda2cd7f5
EVT-DAHEJ-00891,5592b0d94ba6f3a2039336a2f3fb68b438932be8
EVT-DAHEJ-00892,5112ada86255c68dcfa86c1e5aba7862c0d934e3
EVT-DAHEJ-00893,d38feb22c9ca4f4a43346c5fbac9404541f85979
EVT-DAHEJ-00894,f2c4df8da283279a29c54c6b4875a8e0443dc68a
EVT-DAHEJ-00895,39024aa370c76d8cae7358e4f577c76b4fc88f63
EVT-DAHEJ-00896,4ab437fc441f45ec8f34c7667545b783d8752354
EVT-DAHEJ-00897,0226fd769887e2622f4ffd97c398f29d81234923
EVT-DAHEJ-00898,0c3386f3c13e97274299e744ffc0a24050f77bf6
EVT-DAHEJ-00898,af40c21b34cd6c5aa529e2a5897c2fdc2d3eb0fb
EVT-DAHEJ-00899,c0d7c138a520cc9f453933f24fddacb9af5b71cc
EVT-DAHEJ-00900,5cd6a14a05a4821029749e375ceeeb996627a64d
EVT-DAHEJ-00900,8e2c1f7125de373321ffa5d5bb1a97167e5fa86f
EVT-DAHEJ-00901,56ff8e2c798c54e9b901cd577484b574292bdcaa
EVT-DAHEJ-00902,586251ba275f17ffde402848000e720bafd94367
EVT-DAHEJ-00903,90c1639e047404104396ff4174b1ccc46b2a660e
EVT-DAHEJ-00904,e9c237832b3345d68bedb22e4af6001d3bb77496
EVT-DAHEJ-00905,0d0d1b064704d917fb0827b65752075a46e262a0
EVT-DAHEJ-00906,b87d6ce89af4df88bebf63751300bee940f859d0
EVT-DAHEJ-00906,d49a5fbc42d873506a08600d441d20710edcf49e
EVT-DAHEJ-00907,1488a795de648aa88805b9f5fb1f3f142b26e234
EVT-DAHEJ-00908,2f80b037aa2f7f833818bbf01959dd531b7ddb44
EVT-DAHEJ-00909,a6ba1393035ad4399c0d3cd6391cb4b04ca522f8
EVT-DAHEJ-00910,b259d118b0bf126c2756f388909c817fd329fe9a
EVT-DAHEJ-00910,67379f5aa2daab6fd2185a13081d37e18c77b1f7
EVT-DAHEJ-00910,b7b6e86192055cb04e97e434a8c52e87d72e7696
EVT-DAHEJ-00911,e689749fa1984d966e20de8f961503b3daa4bea4
EVT-DAHEJ-00912,1452f9dc52a32351dbdcd937eea651bb46321ab6
EVT-DAHEJ-00913,580f250ca8deb51be6129e3da013e59a6ad66d27
EVT-DAHEJ-00914,5cd810bed6abe3db18f28f6072dda23d6abfcc89
EVT-DAHEJ-00915,ad1844621d46ca762abd145763ee6ad33bb84537
EVT-DAHEJ-00913,fbb3e3cbc4ca0bf187b86b78985fddc7012bdcca
EVT-DAHEJ-00914,745fbf2afe011ca37a89355b2c5f688a87b3958b
EVT-DAHEJ-00916,f579cf28a99c421731a7f2860d8006c984942a26
EVT-DAHEJ-00916,fd0256cc6afa529f10e260d6039218fed444587f
EVT-DAHEJ-00916,62a4428e379af4e41a3e4dda65f72933b7f46911
EVT-DAHEJ-00916,f694861c4a3f1f5db079016a196903b047a58dc1
EVT-DAHEJ-00916,f7b6fa4058c7f08468f359353eddb29d032fc6dd
EVT-DAHEJ-00917,1cc30d331210af415d9f64d275278078d3fd9d9e
EVT-DAHEJ-00918,6b0097d73dac9e42709f49fbb2f34944f7ae74a3
EVT-DAHEJ-00919,ba87613444e1f0b0456514892214d9de6be569c9
EVT-DAHEJ-00919,d0d917db96ca0636a6aab95dded70ff4e09efa6c
EVT-DAHEJ-00920,171fc6c12ff14d61401b28ade66a4748f445560a
EVT-DAHEJ-00918,9a8ebb063169f65387c1933648a5cba9064d75de
EVT-DAHEJ-00918,e858c267e7efb90fed2a4d15a0ef7dcb6cce7201
EVT-DAHEJ-00921,7c5e447c3387db712321e8ef0ae27842958be5d3
EVT-DAHEJ-00921,4730ba011324badd4d8342bb191f68052279f78e
EVT-DAHEJ-00921,559975d1ceb41c5b8c80321b49a6415bd0b68a22
EVT-DAHEJ-00922,3e18ccf077146d9e472daf1c9f14b3cc6ca92bdf
EVT-DAHEJ-00923,93b41a364d394f57d47ab1244678f26c483b28ab
EVT-DAHEJ-00924,9de76a125b3b6e317cf80c21063bcb603e06af7c
EVT-DAHEJ-00925,81936ee8f0c72c59175e67c3c2c5855f444903be
EVT-DAHEJ-00926,c5671d1e8956e341f48199ff468b8e0fa944bee1
EVT-DAHEJ-00926,70f04cf9fc2bdbc59183906f9933f0b2dd71c07a
EVT-DAHEJ-00927,52c7d44c04396fe223c3b437a8d45ccd1132b8df
EVT-DAHEJ-00928,6253a034024d3d4b454cd956ae639bb1ce789b41
EVT-DAHEJ-00929,c5131cadd2b54a2e9292a10c70abd4a9d3d31728
EVT-DAHEJ-00929,bf440ff429caf93cd3f8ae92e5b88f5e583fdaf4
EVT-DAHEJ-00930,e9015abeca560891022029aa2149644b25099812
EVT-DAHEJ-00931,356054659528e83cc25f47bc9ec3fb41e9ea6907
EVT-DAHEJ-00932,190e32b2e45ca4d22fb74b3479d12d914087a4d7
EVT-DAHEJ-00933,334f94e7d27b89c5e4f0d3caf386226c262384f9
EVT-DAHEJ-00932,85036aa026ddea3ace1760b8f4c7c5b148822497
EVT-DAHEJ-00933,a5582d3a7aa624b391131f5bab61e52200d11beb
EVT-DAHEJ-00932,98fb6892686ff8e23c92483c4e9b0d3331fac779
EVT-DAHEJ-00934,769fb5d3e18b883f286a144220ec1d035831f82f
EVT-DAHEJ-00934,cd089431f6fc7581cc5b994bfce91f0c0afc1696
EVT-DAHEJ-00935,dbbe87d8effd3d3079432d04c3ac6ccbb8f46a20
EVT-DAHEJ-00936,9554feb24cd28fec596196f065316fbb47abf775
EVT-DAHEJ-00937,9d8c9473f57569ea0aee1ea52a0babfbd58e0470
EVT-DAHEJ-00938,d5bb83c681a3b84c17f481f1996d09cb2d6eb645
EVT-DAHEJ-00939,b838c39ed8a77f1f841ac4999172b47ad6836772
EVT-DAHEJ-00940,78ed5908856c104e97a8f5bb24e04476078f6d24
EVT-DAHEJ-00941,b013bbd3d64c35d2cd755c512dd8442e4b41e654
EVT-DAHEJ-00942,e558dea50906412362a25e1cdec49eeaeb4686b7
EVT-DAHEJ-00942,ecc2a75ecd164f21078f5bf7e09c18f43a77c579
EVT-DAHEJ-00943,3e31d114212eee273da8c631d82cc5f28140c7e9
EVT-DAHEJ-00944,c55c6dd3bbbe1e235e979520cf339106d59283e0
EVT-DAHEJ-00945,cbc4a8930b74bca9d552ce74e79efd6e5df92463
EVT-DAHEJ-00946,cb7e9ef6b5c38b30228677c9d82c21b0d984fc57
EVT-DAHEJ-00947,49964057b2d3cec4b98563ed31901e45b5d7a427
EVT-DAHEJ-00948,64f668af36fee44046679c54e0d066d4e0a815ec
EVT-DAHEJ-00947,db97f2ab899328bc56d8cedf0c6c135e2d730df5
EVT-DAHEJ-00949,f00aea9bc25327b7be5564da23c060cc58980737
EVT-DAHEJ-00950,6d9d7da02fc7c5e3ebe0a0026799286a9caf35aa
EVT-DAHEJ-00951,87877432312148bc9ca235b891b079a330a9f0c6
EVT-DAHEJ-00952,aa69c907b12a52ba8cf46c963e433242df30a618
EVT-DAHEJ-00952,aa774126e3195e809cf56648fb838423fc11d293
EVT-DAHEJ-00952,c9b8626ace1c07b3b33504e71e6fbcd1657bdb83
EVT-DAHEJ-00952,cefb83df81599199a1612fe9c87fae0fdce9618a
EVT-DAHEJ-00953,e5a00bb3b19c073702d670bf71970ecfc2e3f39e
EVT-DAHEJ-00954,3b22e238dedbdd4afe755a536289f73ad324cbd4
EVT-DAHEJ-00955,035e11f3571264ad9d4e4b96cfcf5c90cbc949ef
EVT-DAHEJ-00956,46851ed199a7a09437daf8e156798a2bc9dc15d4
EVT-DAHEJ-00956,4e4e7e52bbb7a00417240d454d54c8f5194a3da7
EVT-DAHEJ-00956,00251a41ce3474d4f3e3f77a6f38f58195d3a670
EVT-DAHEJ-00956,02f4bce9911c675fefc3e69415112617f1191f62
EVT-DAHEJ-00957,1c251974156e95b20048add569eb8edf50400c69
EVT-DAHEJ-00958,1ceb5ae5cab2bd4e34ecec9238e7ac5a0aded256
EVT-DAHEJ-00959,4b5668718c5c58c2e849fb3007a708d1f1895710
EVT-DAHEJ-00956,8102ed38fef54eaf5a4042946da91632d504742e
EVT-DAHEJ-00960,ba8ef4228d7793cee6eac300874577e4689eaa46
EVT-DAHEJ-00961,d9724553d8dbc6d3193b2d3052d58a529eaee8b8
EVT-DAHEJ-00956,02c52940755efdd817f3a9f92e7ace77ae219419
EVT-DAHEJ-00960,3ea9e3de3812af065480d3949a0386b15d39ab10
EVT-DAHEJ-00956,45d5ddbf8d677b179944d30023425600d6366f25
EVT-DAHEJ-00962,76bee19f79cd384d566b7d8d5f0eb1561ea646f2
EVT-DAHEJ-00956,a3bf937fef6f901c3146a28313482ddb86470442
EVT-DAHEJ-00962,cc495d64582becd95629d3e3ea1f89ba5cf4e580
EVT-DAHEJ-00962,fa72818ca54ddffbf09f816195ea5c73088428ea
EVT-DAHEJ-00963,79ea344a61624c988aad5b001dd08de31a868040
EVT-DAHEJ-00964,e75f77a3451f34cc10f758892f34657f8fc456ac
EVT-DAHEJ-00965,f4f0ba673105ab4d1a639bd5b3a2eee0e13519f2
EVT-DAHEJ-00966,515ffea7384c442281d3229e02ca4e51278eacd0
EVT-DAHEJ-00965,596ac8c5c723db9703189eac47f6481391fd665d
EVT-DAHEJ-00966,6af1cd6ef307838adbb909efd1f0cb4c75d9edee
EVT-DAHEJ-00967,3d2145f20bcc46b9f09c1e954f3d1ea922de3ca6
EVT-DAHEJ-00968,d2673c3825abd0b8bfa79f208b8f63db3690bbec
EVT-DAHEJ-00969,157fad4e5ea2eb879e6260d48270371d57501df2
EVT-DAHEJ-00970,75d82f6ccab33ede025ba047b71a60af52f61bf8
EVT-DAHEJ-00971,2859b07b7281bd57fef34827f20f1e224b6e8c26
EVT-DAHEJ-00972,4c46d1cf8256e2a1ca8a19fb2c637e957c34c529
EVT-DAHEJ-00973,31bd80f9c3e9a0ba86f236d05fcf0ae104e02f51
EVT-DAHEJ-00974,ca693dd81ceb1e0a0e77cb7a090d3ca557f19dac
EVT-DAHEJ-00974,d6dec6cba424be1b1fc20a5a3d7c75def95771df
EVT-DAHEJ-00973,f17b96a9ced0e136c4152c7885f7896f7ed651ae
EVT-DAHEJ-00975,0ba617f4db25bd84829ef2d5fe4f9f9414076fa8
EVT-DAHEJ-00976,16d11916589a88957341e3dcbbb7edbaffdb0674
EVT-DAHEJ-00977,11e7b8dc0624f31cdc5c2ff7fb7f6f4f5dfd83f0
EVT-DAHEJ-00978,5bf3ce77999a957203537541307adc468fec3e47
EVT-DAHEJ-00979,766fddce6083f4270455ac2c62118d660e8325c2
EVT-DAHEJ-00980,25c98ffc7aa42fa473f0d450840f8c28159b16ee
EVT-DAHEJ-00981,ac510edc4bef7383e0ed9ba373159ae8282b1247
EVT-DAHEJ-00982,acead0fea4f8dff6dce10be42bff5e2975bfbad0
EVT-DAHEJ-00983,c71e54bb28711c3180479e35bfd059a39e137fa3
EVT-DAHEJ-00984,b0e1c63ee08f19acfbfef25f582b44a9612b3206
EVT-DAHEJ-00985,0b8992e3d4efaa7754e6f36278b9ad006e1148b2
EVT-DAHEJ-00985,423caa4a80de1d12e25460b3007f12ecb5ea93fa
EVT-DAHEJ-00986,501dce0e8f2532a0fcba47fe53a97a11cf6bd9fd
EVT-DAHEJ-00986,794e5069fe70410773de3d60c4568fb141b1f462
EVT-DAHEJ-00985,8b727dbc68011c65f27da54e2b58feae5558efda
EVT-DAHEJ-00985,a226d3c9c474c8e3e7eb5aa92f1d0cfe3b8afc5b
EVT-DAHEJ-00985,b092884df98b91be84c3b855b0b5fa3b0046c3ed
EVT-DAHEJ-00986,b519e1c557578e70bdb58dec2b19a3837f7c8bd3
EVT-DAHEJ-00986,dfcf219f9323e1ae80c5fa0b4502d058666ea48e
EVT-DAHEJ-00985,e4d5f43497fb035d36dce8037fe7dd6850237c26
EVT-DAHEJ-00986,eeb02bcaa717df169627a4bf6cdd3392eecd7725
EVT-DAHEJ-00986,f09f35d6e2125eb9f43d549b57b14d1f2f8dff96
EVT-DAHEJ-00987,ed4e2841071a18f067c650e22af95e1fad302400
EVT-DAHEJ-00987,92a9efd06e5f23b098a5cc49cdef83f63c4be1e3
EVT-DAHEJ-00988,30c0fde7f16caa0ef15df6c2cd438b8f81d62e95
EVT-DAHEJ-00989,c734d68c565e86c2c91b0fca5219f7b5aebf1362
EVT-DAHEJ-00990,3216210fdec6e5b394e9284a021114b758daa6db
EVT-DAHEJ-00991,5ad52c21e5649d7a0fe8fd5dfb8c83f63cca5865
EVT-DAHEJ-00992,ccb094bc8989459826e85219e9eccf786810abfb
EVT-DAHEJ-00992,d3fc2b931b878f429e3339a3197b7cf395b532f9
EVT-DAHEJ-00993,394b6583dab8a759a6bf311c4f581d217269de4c
EVT-DAHEJ-00993,592f9e55c65986767c66a3ca23d397e3023bd0ad
EVT-DAHEJ-00994,99d32c2526306594a1b5ac9ba05501443db8cb11
EVT-DAHEJ-00992,e05b19bb3df51c1669da0983778a455f08ebbcaf
EVT-DAHEJ-00995,fe135cb10bed9c2966f30a583c1f5502157dda02
EVT-DAHEJ-00996,d90592bb264126c3e59f527d81fea580132127ad
EVT-DAHEJ-00996,1551a312f34e15389618949c00671fc7e61c3322
EVT-DAHEJ-00996,2248624946f32e2f00dc1cd1b4a99a7ebdafa7e1
EVT-DAHEJ-00997,8076cd19f511fdb5cdd99b9a50eb0ecf990e3db0
EVT-DAHEJ-00997,b51440914577408762b3f754b0ac8d7b7ad42865
EVT-DAHEJ-00997,932dd0c4f1543fd7212112893ecdf25243aadff4
EVT-DAHEJ-00998,5be8f9fa5b3425acaf9b7237e21184cdbb8ea7d6
EVT-DAHEJ-00999,b1b8972fea12e675e6183e1157762bb7066899e4
EVT-DAHEJ-01000,b5b9dd7270606c9e7c26f2c5ac4dcb650a906119
EVT-DAHEJ-01001,47bc8b10b5cb493756dc92767ab691d459d1e51c
EVT-DAHEJ-01001,64ad0841d0021b58b44b3e3f6d291b06004d3d90
EVT-DAHEJ-01001,68254a64b9508f0edb7f796f3653546de801982f
EVT-DAHEJ-01001,6a29024950e7f438f6365591232fbabaf9dc4221
EVT-DAHEJ-01001,a3c3450a7b42eacb01af4855656b575feb3a7add
EVT-DAHEJ-01002,693668b6f43157ddb5f1fb88c761e2f4b430200a
EVT-DAHEJ-01003,c0a091408f2adb3b73206098601ae3d9deb8c58c
EVT-DAHEJ-01004,cd281564d9d6393103c8e05adb96807567d91bcd
EVT-DAHEJ-01005,151a7a6581167c67d934515d3968fd397a4009fa
EVT-DAHEJ-01005,3c0bfe298b0eaeec9a1986817029a4a2c7fb72f5
EVT-DAHEJ-01005,4e937f98c2d10acf84763da35f37b62ab4224d52
EVT-DAHEJ-01006,531db2f6050516a15289f0dfd83722f141dd529e
EVT-DAHEJ-01005,615aa0bf60220635fc90e0fe805abc889cabdccf
EVT-DAHEJ-01005,641f59579fd8e06fc598601a8b0ebd434d8c8600
EVT-DAHEJ-01007,6da7975856e7cd7f7e2bbb2af2a8d9ab385016dd
EVT-DAHEJ-01005,80a852ee0c641c6e863c0dea072ff17a5a8636bf
EVT-DAHEJ-01005,840d23b0d92f74fa563b2d8163a3c91cfe8be4e6
EVT-DAHEJ-01005,c2a16fe61501b69cdb8221da7d7be4fa22c90fac
EVT-DAHEJ-01007,d9cc66189714c9c8343bfe318548978355c7d59d
EVT-DAHEJ-01005,e14fff1633c948607d58594a4a86b9063aabc13f
EVT-DAHEJ-01005,e15fd06c47cdeb8979b4e4065cd2079ea27eb023
EVT-DAHEJ-01008,fbca1c55748577e3c4448ec99801042fc90ab3f3
EVT-DAHEJ-01009,12733331f7cead20cc72a5935d76f7afab4c3493
EVT-DAHEJ-01010,b6cdf6f0413d579ac0f63b76d4541784ce23241e
EVT-DAHEJ-01011,8892c01212dc6ab4e33e692913250506c12d6445
EVT-DAHEJ-01012,91b82bd914beb083ebf99efbd4f1cafacc798d2b
EVT-DAHEJ-01013,b3fd47183d37f0b199fcecdf90d1bb94eb9455b6
EVT-DAHEJ-01014,2c288c1ac03202438b2f4107d6bb381d392582c3
EVT-DAHEJ-01015,69b3e8a79f6b83384225a668d79887b069150f9c
EVT-DAHEJ-01016,8c0669f54ef45b59d6799768e61c2c1537e0dc58
EVT-DAHEJ-01014,8c35e7b3c5edddadc583b13c1e008a6a4e50c5c8
EVT-DAHEJ-01017,74d06eaf9647b87bd52f58f6f0aaec141b3e800c
EVT-DAHEJ-01018,91c3a0e3df902b2e8cb61d890c5de19d9bcad22b
EVT-DAHEJ-01019,98f23fcc7df4e0935e6ae752a300ce73c8a0be52
EVT-DAHEJ-01020,599cf1d9c815a50a5eb85397a805db9ad9f4b476
EVT-DAHEJ-01017,d8db4b3d67880ead82ed688a24d7602fc8090e31
EVT-DAHEJ-01018,e68ff51954989b62ae149110a90e4d66f86ad276
EVT-DAHEJ-01021,1caa1812bdcbc6729ba9bd4e0154570b073b5f7a
EVT-DAHEJ-01022,bc7ca5d679392f2ce1efabb11c2ed3116322d34f
EVT-DAHEJ-01023,0553a28697a11398bce486dd6121c56582826856
EVT-DAHEJ-01023,a2ca57a71ad7a7450d9f30a807a6cd0f26a89afb
EVT-DAHEJ-01024,08bc768d388a613a6e96adffb06439eb694014a2
EVT-DAHEJ-01023,9a50ef3ac50caf3177b972b0151062f4b73eec98
EVT-DAHEJ-01025,8bdb115c688e110ee8f2a9ba5e597b6142de405c
EVT-DAHEJ-01025,f8a4933e7caa98ea26621566feee82fa36bdf359
EVT-DAHEJ-01026,53ebd7b143c3f1086270e6183d032c1d12bfaa71
EVT-DAHEJ-01027,089d0399f08825217125de13abd5acb3bae70e40
EVT-DAHEJ-01028,257ea0b50c4051c18b9e26d310b23ba6a20f9bf0
EVT-DAHEJ-01027,25bf3458cab730edd438f509390ceaf2b011239c
EVT-DAHEJ-01029,286b6a557834c1bfe03aaddfbdfe2f85a9868360
EVT-DAHEJ-01026,3d06dfb4062a527f32203936b4d185152e36b2a3
EVT-DAHEJ-01030,402466d385623919abfdaa091d3de9730602d7f8
EVT-DAHEJ-01031,43fe2bcb7d94612d57f60d911880ffa33fb3e3f7
EVT-DAHEJ-01026,47b0add413ddfbf7df6cba0f5e4874fc10c9d398
EVT-DAHEJ-01032,67404ed3bc5378db27148a3b8b8a4607c7681584
EVT-DAHEJ-01033,6a7c3dc8391ac7e381e7cd95c280379dfd98485a
EVT-DAHEJ-01028,747fe10e444a05f53852a0078ed761162f0eef46
EVT-DAHEJ-01029,7ee71ffff4e62c146f36a87739645d0bb71157e3
EVT-DAHEJ-01034,9b7fa221e577463ae6e7df60952603491b468bf8
EVT-DAHEJ-01032,9ce46a6126b207f3fb4941d90f2839e388798761
EVT-DAHEJ-01029,b6012606d8f77ce4f4b77de28c12c465ecba2513
EVT-DAHEJ-01027,cde80ac5183ea8ff66eb218bc8fb2090c83903f5
EVT-DAHEJ-01029,e1f59744f1cd05dca83b58f2d1b976a9f7c9449b
EVT-DAHEJ-01035,f42af3f391de2ad6a91c193d4d6f0a10d7cc175d
EVT-DAHEJ-01031,f6d5377057b47e5a22e342a77edf6edaede33e7b
EVT-DAHEJ-01028,f72f76c018d1c96cd90f0dc0bdd9785bb87f3bf2
EVT-DAHEJ-01036,45f437d5bda5434e0c48bf658a87058f316b7875
EVT-DAHEJ-01037,aecde57466c792379140463c0dfdaac99793b182
EVT-DAHEJ-01038,454af52311d50fc1a66343844fe594ea39253059
EVT-DAHEJ-01038,c81da921599ecda6c925d9cd977f33ad990caa38
EVT-DAHEJ-01026,bc01c59c2e989e15add288c39ac5fa7a0343ffbc
EVT-DAHEJ-01039,bcdf9d415bb1bfd6fe41443d7c0e848f01392a6c
EVT-DAHEJ-01040,c2a28057740eccd4b18a02a1bb01ef7c349059c2
EVT-DAHEJ-01041,1151027cd5c83e8ad5da35ea21ad590f8dd88a4e
EVT-DAHEJ-01042,26d3cd5a86583be814914c2b4cfa41e75d44e8e3
EVT-DAHEJ-01043,790e2c67ccdf784d3c03b6423806be1a4459d83e
EVT-DAHEJ-01044,7eeeb46e5e1b5cc051607b2f0aefad1bb96276a1
EVT-DAHEJ-01045,326021e25da12e644ed01bccb029de0bf0d523c7
EVT-DAHEJ-01042,4be3030eedd13401fadda0e5536575488e27d07e
EVT-DAHEJ-01043,a85546e36747bd171dbae2658596c3f28182c130
EVT-DAHEJ-01043,fa3787ccb2db8a3416dc5c9e01341a536cdbe730
EVT-DAHEJ-01040,901560789d50501e5bf7d24eb0147eacdce9ab9d
EVT-DAHEJ-01040,46991b644104cb1097070e40f0fd46cacb896e6f
EVT-DAHEJ-01045,8e18858fd4adcf32f281dcd47d0a99b20cb3579e
EVT-DAHEJ-01046,314ddf4427c926d2e064c610f33ebd75793b1f6b
EVT-DAHEJ-01045,37c1639c27426c4fbb7bd4d7c23e9fbda57a17d1
EVT-DAHEJ-01047,f4aae43e8bd4d8ac62052612bb7dd97073d4a534
EVT-DAHEJ-01048,2a1c493f057ca0a6b8cb9f0695eb6631d5c7fe43
EVT-DAHEJ-01049,2e3a1906df1298e93cddd59906dd251b4c9db36c
EVT-DAHEJ-01050,43b11bb10e0687f48f4ac22c7c9717eae5dd2d15
EVT-DAHEJ-01051,e0131c7bdbc63fa6c34a0abd10eb293ed3300897
EVT-DAHEJ-01050,c063bd03da5fdc3fcfb68087e52eef3da673e5dd
EVT-DAHEJ-01050,1bad2ea1cb010ff5afdfb10ed6f8c1d0c1dcbee2
EVT-DAHEJ-01052,4827fe69f3da75a882005e6539c27a1b4d20bb7c
EVT-DAHEJ-01052,81f4f46549af5b20980c6ae35e1deb7b601fa8a5
EVT-DAHEJ-01052,ba82c9ea698e0ec322c3a9495fec1a36f8ca3bd6
EVT-DAHEJ-01052,fc5936ce6d2052a4a9a0497fef2373dfe07b631e
EVT-DAHEJ-01053,8209b20d97609525db464a4e13b7170949f4253d
EVT-DAHEJ-01054,9a9502e0edce7eea5005ebe9fbec99870a23f603
EVT-DAHEJ-01055,e748f0c8c9106fd215f99641eea2d86481eaad0f
EVT-DAHEJ-01056,6837667930fffc6cd6f9cef15f23228199be80b4
EVT-DAHEJ-01056,db86fb8baf94050e836d025d12cbe098123c1e64
EVT-DAHEJ-01057,a1ad903f61cd7ffe2eae148f68ae0f3e01dba0ba
EVT-DAHEJ-01058,11515afe0ee85bdd2c65a05f32cc71058feeccb7
EVT-DAHEJ-01059,1f17902b9c0bd222b0c77dad09f76b89c529b0fa
EVT-DAHEJ-01060,2a4a56f1c48d48e2cc1a62689a17ce1fd50df40e
EVT-DAHEJ-01061,483467582877d78e5fd38ea0f7d3acfda07cd4cc
EVT-DAHEJ-01062,5130a633a479b809f8eb2d8d183caac955478d9f
EVT-DAHEJ-01063,56f031bf171fb8e7762345d74aee0f50e311e805
EVT-DAHEJ-01059,572f34fd84b2084091e91366ff317358ad76c3a7
EVT-DAHEJ-01058,758e45fb03b51bccfdc471856b36a58a564772ed
EVT-DAHEJ-01061,a53d0bfc73ad00cf949c4f680c296eb0c79eae62
EVT-DAHEJ-01062,a7261b3f43adc363df822e7a3881f65bc21d70d9
EVT-DAHEJ-01060,a9307b8169ae5d513a94155a235f29c1121fe50f
EVT-DAHEJ-01064,b1b94422e189c5bed125dda972725bc9a5fb5861
EVT-DAHEJ-01059,d19f1b14a8aaa4fb233203db1e3180bf9c7dfd34
EVT-DAHEJ-01065,df733471d9e161956e87b295764cadf8e1284785
EVT-DAHEJ-01066,f70e56531b5a83fe1593c8760f2564cd7177efe3
EVT-DAHEJ-01060,fe8acf8e2a37b4353594bf2bfc01617d4d03ca41
EVT-DAHEJ-01067,390517a68850d6767fd6db80bdb45886fd0dc762
EVT-DAHEJ-01068,a1ffb184a159dbbaf54c46d16d13288a2fe3f3c9
EVT-DAHEJ-01069,bb5d3ef90e652ab81133bc31c4c84bac16270871
EVT-DAHEJ-01070,3aee3828cdacd2aab52def81358b1ad623cf00c4
EVT-DAHEJ-01070,40776b4cdc34e7ec9c6dd8255ce1472867a4a0f4
EVT-DAHEJ-01068,336d9165cd50b1364de10af3b813f4999793ad40
EVT-DAHEJ-01068,cfbde9ef731dae796de30e644e913bfc9970c706
EVT-DAHEJ-01071,4cb2b0d82e076c2d932aa803f55c136e674870b0
EVT-DAHEJ-01071,315e4875c82cc830c82966ad1c0fc5f3230a2819
EVT-DAHEJ-01072,cb9f8ec64e04a46cc6d89f94e8e4332f312cad36
EVT-DAHEJ-01072,d462aa503ba70967290c95141465bdafa28afc60
EVT-DAHEJ-01071,ec31d30f0d06f6e73497cfa59d60ec43690e84b2
EVT-DAHEJ-01073,e9d6bc11970ebe8c87ae3a8f32840936a29aaf76
EVT-DAHEJ-01074,7757b379e79c287c7f7ead3e131abbefe10b62e0
EVT-DAHEJ-01073,85796bb8fe87055427febe24f3b990bbce176777
EVT-DAHEJ-01075,d3fbf023e641eab52395f0d930e90e55caaccfc0
EVT-DAHEJ-01073,2ca375e7539eaae7808a63f2051c18a7f75ab2ae
EVT-DAHEJ-01076,60abe90ab3ffa219bb239ca6d72dab06d790680e
EVT-DAHEJ-01073,3050bad94d0d87442bfbe5f755138d4908c0c42a
EVT-DAHEJ-01073,57086f87cdc53562dcff32ecf7765179bcb76c46
EVT-DAHEJ-01073,7523f56618ce9197c5dc4fc9138f8d2caba36ae4
EVT-DAHEJ-01073,23a29f2ba8c44c691f80935e4e377b62e8735c49
EVT-DAHEJ-01076,377bb0dafab01b06445b453077bbb0e27f40f2c0
EVT-DAHEJ-01077,3508bd9bcbaf6a47d5641c3d1a367bfd9663fff9
EVT-DAHEJ-01078,81559ce1aae9c517b802b2247703cd09ce51f1ac
EVT-DAHEJ-01077,544553a6f2205190cc0e06bdd995fd48c54dc90e
EVT-DAHEJ-01076,55950f8d36f3ed71a666ce57aa29c68324362fed
EVT-DAHEJ-01076,a5a54753a7c086d8db1d7ac77b29e10eaea5c2e7
EVT-DAHEJ-01077,cbc1317274697d78f5525d2d1f6290053b038bab
EVT-DAHEJ-01079,03eb7228abfeaa5ab255fa6c643f91e93f603b79
EVT-DAHEJ-01080,0685dc89a281889f5074bb07c51b26a058f3e85e
EVT-DAHEJ-01081,09f43d94549167b8a8af192cc66137273443f3a6
EVT-DAHEJ-01082,0bf3f92fe3ab0ac249a21d505482c8c2b4839822
EVT-DAHEJ-01083,2931576759e83bfc776a4718e1dd3affb7fee04a
EVT-DAHEJ-01082,56c72177cde20e056847eef6ca96d5f742d8baf5
EVT-DAHEJ-01082,5dd7df4716d13233e93f903c3e52675657448f16
EVT-DAHEJ-01084,60c88c89c311eb502869708b8ab4b7e8270c61a2
EVT-DAHEJ-01083,6e174107b5ac2b8f9f0cb2f242e55f7763fe65eb
EVT-DAHEJ-01083,96050aa440d19266714e165d441a6a11ba498c17
EVT-DAHEJ-01079,983c5c114d4e99d6f81bc7c49b44894025e71326
EVT-DAHEJ-01085,a27c7cbe38feb259a2a462e620b8f7cdf77b13f4
EVT-DAHEJ-01083,b7775b8c760c0b6469d39730dd4436d0b2c34316
EVT-DAHEJ-01086,c325199f9bf859ea179292138ef12b1bb4673dfe
EVT-DAHEJ-01081,d165bfce5574e9d5b3908abc96275ba0129f7fc2
EVT-DAHEJ-01087,d9d648ee9f92feebfd1a5ad33629a5a6b1cc3a46
EVT-DAHEJ-01077,244feadb73a71f1f1a721b27d990b393a102c2d2
EVT-DAHEJ-01077,c3aab6cdcdab51196828217f2c679315e717ef0f
EVT-DAHEJ-01088,9caeb307afe2a6b338ef6c0f353a7d36dedcf392
EVT-DAHEJ-01089,fa2e08d86ed6ef1500d0fe20edfc5a88adc952ff
EVT-DAHEJ-01090,24a98285bd5ba8283461a655a7a16a35e36a24ff
EVT-DAHEJ-01091,fc57781116236f67f85bf74f75926526888a9bc0
EVT-DAHEJ-01092,7ef9c1f75d18291c299fef405e19e7a9be26dfe9
EVT-DAHEJ-01093,40f8522954d72e61457e954801848eb0120b7c5b
EVT-DAHEJ-01093,9ff78e156a36d97f341ca59755af5810b3710657
EVT-DAHEJ-01094,66295046a00584aa3274d6b9a2cd64b404d978c2
EVT-DAHEJ-01095,c493043ab7367f67bdf7274359f9f9a084119d60
EVT-DAHEJ-01096,09ca0482022aeba724756556dd925d0e1f7afb1a
EVT-DAHEJ-01097,c9acfe0bea435c939815036907334c5c48fcca22
EVT-DAHEJ-01097,f15dd7b2156f4137e419465195aeb8578b2d618d
EVT-DAHEJ-01098,2358ad43135f470dc8528635c767256cdb26e1e5
EVT-DAHEJ-01099,2d71b2d500fef3aef9d3f583cfc39041d1705eef
EVT-DAHEJ-01100,422d8ec0857dc86781249e8ed196c14f78302bbe
EVT-DAHEJ-01099,de1f5e1cbdea5b25e075b3ff3fb82d1198991624
EVT-DAHEJ-01101,fd0ed26d0c23025116e563ed8d3d964c8edf9fea
EVT-DAHEJ-01102,73366bfb5fbf3f36f95c4d8a2aa8dd281066c89a
EVT-DAHEJ-01103,d45cd5ee0f405fbea6700ec36fd3ec9afb008052
EVT-DAHEJ-01104,b52d9be644f50e6eede79387033e8fcae27d29e7
EVT-DAHEJ-01105,529d311f90cc844c7bf74a1b31a7cec971fac3f6
EVT-DAHEJ-01106,c499c25566666e581883f756156d784cdde02473
EVT-DAHEJ-01107,0f2dd0f8bc0433b6c32d7f5726914d1dd8ffaf74
EVT-DAHEJ-01107,a7505dca9adcdbb336c9a0885da26a40bdaf0354
EVT-DAHEJ-01107,b6842be2d926032c6d2b25ffb9bcac133cbe71ca
EVT-DAHEJ-01108,9609e3d005efb347db2d9161d892429ea002317b
EVT-DAHEJ-01109,a4e211d9048ef9b78acd6c4ff2a8373e4bb88b96
EVT-DAHEJ-01110,c2bd80ad160880d6156e7670aba424711c9f8f24
EVT-DAHEJ-01111,ef18ba6fb237c10cbdabceb44e747eeda01edcfb
EVT-DAHEJ-01109,09aafd1988b80d9c046c4e5165e564b55680307a
EVT-DAHEJ-01112,1486ff4c5fe8e0b1807ddaceb264cc75e3046c87
EVT-DAHEJ-01113,26146f1532c0e3ae111f0d8dd230829a33872323
EVT-DAHEJ-01114,7fbe592cda7b4f3ea0d0d7463fa3e9474b6e40e9
EVT-DAHEJ-01115,982fcfebeddfc89efd0e293f6f442d818c9bf9ef
EVT-DAHEJ-01109,b732ea8ae8f9a398f526b5ce3fce910e7bfec254
EVT-DAHEJ-01109,dd50b3799b0f6318ca8fec08808ff9cae73f4402
EVT-DAHEJ-01111,e17599d7dd784423cdacb1f8d6c21b04f939940e
EVT-DAHEJ-01116,fd07cb07712f5cfaa17e53385496de6c23925398
EVT-DAHEJ-01117,613a3033eb301f322636b5cdf3e6258effe94441
EVT-DAHEJ-01117,7fa906dc75bf79e8bfcc512baec5a3e4d0668534
EVT-DAHEJ-01118,b17d5dba8fb4d3de47e2d0244c686324104fcf73
EVT-DAHEJ-01117,d92e7df19dd1b16cc887e994adcc9ecd0024b1fb
EVT-DAHEJ-01119,133fce4f9ed495cf79d212b1c12e1d9cca88c618
EVT-DAHEJ-01120,1a59ce337cfadcbee21ed0ccd1e9ff228fb3e330
EVT-DAHEJ-01121,1ac2ac461c4df43c2a3ade34aeeb86b735bc9476
EVT-DAHEJ-01122,23f6314d63cee06763540039c18c3f69e1783bd5
EVT-DAHEJ-01123,30b8712e74ebe43cbde1df281a1291d00bde8e78
EVT-DAHEJ-01119,3a25a6aaff7e98d39078d45de6c97544cf371ce4
EVT-DAHEJ-01119,3f2312f0ae60548ad37a6d2701cdf6d9d7fd9179
EVT-DAHEJ-01124,58514a01054a3fc8c82771ade315af0e5eab6a67
EVT-DAHEJ-01125,5e0153c3dde7ac9e79c8b64e9ad80529c0c32142
EVT-DAHEJ-01119,641b543a184e365629fd8ee0e2892d1e2ef6abb8
EVT-DAHEJ-01119,673f068a0976c5ba0e0bbe952825424a84dcb794
EVT-DAHEJ-01126,6b67b376fccbecad36a8206d2e2949b585151d83
EVT-DAHEJ-01125,772021e7c046099047350d09ca49fbbf388c8675
EVT-DAHEJ-01120,777d106378070ae1d92a18cae0b501b88018d021
EVT-DAHEJ-01127,77eb27a875bd57f0c61e87d2ab11b9191c53c061
EVT-DAHEJ-01124,7a2ccfeca518b351210f5fb5287d93aed1926ef5
EVT-DAHEJ-01124,7cf6d8bf8dcc739e997d4733fdc584b6449f47c2
EVT-DAHEJ-01128,883a41cb62d7d858d0aafbb1ae0590fc6ea07a6e
EVT-DAHEJ-01129,8aaae3f1f23764927a8624fedb5c04da403119db
EVT-DAHEJ-01125,8ed63fdff0aba9337607d61a120ec88c7e41184c
EVT-DAHEJ-01125,9c7dcee3e740f59561e6009d99f6cf8781b9ff71
EVT-DAHEJ-01130,aa00832d23db4ed5405b75796c1311fca2487eb8
EVT-DAHEJ-01131,ade779ebfc61db2c8c032f3657630a566f555b4c
EVT-DAHEJ-01122,b6eead79b59a1d777ee55b067e6d147d517de4dd
EVT-DAHEJ-01131,b6f2794fda3de04b911b027e341197c7206e9d48
EVT-DAHEJ-01125,bc5e4f99c707e3658f30fa705eb2ff0fb3016dd4
EVT-DAHEJ-01123,bd08c4d6e311ba3b4cf139586d7ae874e9a77881
EVT-DAHEJ-01132,d3a599d6cbbfd4add4046c2402f15955800b0207
EVT-DAHEJ-01120,d3dc3f5da8af3f7947d1b5588145073b63c1b1ba
EVT-DAHEJ-01133,db4b216ad57ef0e5d718ccd9f0290f5512f1995f
EVT-DAHEJ-01119,f7c90dc6b5360dc0332d0e5a9db437f43e50ae67
EVT-DAHEJ-01119,fddf0a8c048804af974f85ee8bb20239afc3f0e5
EVT-DAHEJ-01134,144aa3d1aba9c8a8b6a5bb6d28b5d8886640a71d
EVT-DAHEJ-01135,42996a58a653f30a8f83e96e36f24c979dfa9d58
EVT-DAHEJ-01136,b30e6705f7e8872914c3281d2136fbe1cc83b7bd
EVT-DAHEJ-01121,6fcdbc77c764d773f80acadfe2a85ee61f530fd6
EVT-DAHEJ-01137,0ab37778d1ad0531bc056972e56a540262cd51c4
EVT-DAHEJ-01137,228a512c621fde8606bd2adc32e0b0d1466f9022
EVT-DAHEJ-01137,31dcad78307e05c720e91188b2d85a35b72b0c05
EVT-DAHEJ-01137,7afe36437f5b32d546b154622161530a8aaa17ea
EVT-DAHEJ-01138,d82a4203d950c7ac08d4ee67e9aa33d5a3145426
EVT-DAHEJ-01138,649f7e60d9b4f77bda00a47ecc421e168b964399
EVT-DAHEJ-01137,c0e1ae79cd1efaf553d413243ecd4142831e08c8
EVT-DAHEJ-01138,09a2bcd7e4094112b16d3d0561784db729cbdb8f
EVT-DAHEJ-01139,42fb9730ac08e82935aafed49eb16a6362613de6
EVT-DAHEJ-01137,a37f87f7e279d81378412466724af50f4a8c3531
EVT-DAHEJ-01138,b17ac987cdfced229dd46d737ec18c19acf12a68
EVT-DAHEJ-01139,ca1adf8572b3f9654651f990747e0d2ff750e2de
EVT-DAHEJ-01140,ccf7009851214b3d6561207ef97a930550934f6c
EVT-DAHEJ-01141,37e5125dbec8ac631a3b00e9977942332cafb5cc
EVT-DAHEJ-01141,954c6999d24e319a6153b533955df9240b0b1db6
EVT-DAHEJ-01141,207234bba81b9c6f183d69f2b1373639e21d04f2
EVT-DAHEJ-01142,3965d9acafd51989bec19c597c7f096c9baf2e11
EVT-DAHEJ-01143,4c78be512580290eee96b056dd21c04e420e564b
EVT-DAHEJ-01144,e6fbe96572660178f0a687b7d0aeef16ebdd0656
EVT-DAHEJ-01145,7a0179452d46e57603325351b7b996890ea4ba0e
EVT-DAHEJ-01145,efce64dfa85cd6946f9d45ebc3087c4a8afd7097
EVT-DAHEJ-01146,8f7d3dce7f8c6a877740188cd018260dd37ff5d0
EVT-DAHEJ-01146,b76dadf1f97d4924e54cb7b6c9e9707459622103
EVT-DAHEJ-01147,18eabaebf5556b5405473d77819188bd2d2eae38
EVT-DAHEJ-01148,de5befeda14c28c08ffba08973e16f522f940f60
EVT-DAHEJ-01148,e3c3f532acb4c8a0e3cfc579277bd390ddda8f18
EVT-DAHEJ-01149,20268a9a29fe082ed297adfb56ef85891b0bd988
EVT-DAHEJ-01150,3c69f19ccdc47aec51daeb8b4f03d5b212a5502c
EVT-DAHEJ-01151,7d12c4c2279cfbc669adc4560fe782ddf59dfe59
EVT-DAHEJ-01152,be2cbd5763310feb627c6068a2e954e97eb7cf31
EVT-DAHEJ-01152,4df1f779707bd5d5379fa71550984e3961496f18
EVT-DAHEJ-01153,3874d6d0d19729832f907645d4c6ee40128cb3e3
EVT-DAHEJ-01154,40a925e3899f3456860130fc9e97bcd078e0f2e2
EVT-DAHEJ-01155,8374f09a0841b042c0e5c6fa1fcff1b1c1485613
EVT-DAHEJ-01152,8f01fd931a9169b907400e899c3b918446fa2b9b
EVT-DAHEJ-01156,9ede37281ac723aede49dca1ccbe8b2dfbcb8a67
EVT-DAHEJ-01157,3c0e0db2acb2a1ded0ea51b51371c5e06525ade9
EVT-DAHEJ-01158,4e8f03ec53c1330fe0a219799a80380050fc3f0e
EVT-DAHEJ-01159,4f975dec5b7cdb33847c75153781aab7d9b197cf
EVT-DAHEJ-01160,f06868063252b351a9048e54af7454def08ba288
EVT-DAHEJ-01160,f091fc1bd24590e39a7f0a663cdbd36999ceca9a
EVT-DAHEJ-01160,f0c4099dc1fa12a3b7cbc9e0971f17db8dcd6763
EVT-DAHEJ-01161,0d95fd0340fd7ea94b6373f1dd7469f3e2776f90
EVT-DAHEJ-01162,ee7886bb1a364ec5f049826ff159e49e0c14ce6a
EVT-DAHEJ-01163,8396d1d01d615961f3b091b26ebd57ec1da1662e
EVT-DAHEJ-01163,37c5cbe7bb3120ad06469a6e9e7092f3572ae775
EVT-DAHEJ-01163,cd817867b072e201c38372eac30f4e97efab170a
EVT-DAHEJ-01163,e6f37f9f771765fd832be9fcc85ecf4a305c1ef3
EVT-DAHEJ-01152,eb23dd1309c3c0b01c3f36a3cd08d2f5e7ba2779
EVT-DAHEJ-01163,1a0e912a3ecaeb98d2f46601c692dd949116d4e9
EVT-DAHEJ-01164,7f870b0fb2a2ba3ebf238cb741cd38a571faa16b
EVT-DAHEJ-01156,09440993338d11c4bf5a6ab409ebbbbd339abd1c
EVT-DAHEJ-01165,15f55c715d05c4be1f21ad137c8cc21db848e42d
EVT-DAHEJ-01166,473c94a6623114c512b48a47293ae7b1f0d9b378
EVT-DAHEJ-01167,4c324202697da49df87d43455e4526d2dbb0c515
EVT-DAHEJ-01166,4f3c575f64c070395061c5bca28cd24104d151ae
EVT-DAHEJ-01165,d7ea150a50583bbaad996cdf06b1a5a39e7547ed
EVT-DAHEJ-01168,371c107a81f0c3a86f1daf62d32741eabcd041a2
EVT-DAHEJ-01163,0255a1d162c2a6f747d7a24fbd6416e20eb0680f
EVT-DAHEJ-01169,06a4da19d7277e3ccc5065ea2b31d4d68fdf5b50
EVT-DAHEJ-01169,518e6014dfaebe931a04eb35eed276acb56dbce6
EVT-DAHEJ-01170,d38a35aea4fddc2aa846abad6b2ad10542b8a934
EVT-DAHEJ-01171,51de814cad5ec45bd7e701a2f0dba0cb2bef8325
EVT-DAHEJ-01172,a03c86cbd4956230b68eed1048eee65879aff0be
EVT-DAHEJ-01173,a62402219a8012db69b028652b1c14ef8244680d
EVT-DAHEJ-01174,cbccb9cd67819970fac8855947b4e216818ee5fa
EVT-DAHEJ-01175,e7ce73d3c4c845d86cd49f1cb711bb147ecd699e
EVT-DAHEJ-01176,65c6fd143dd38f1c30f36b23736665b197619b82
EVT-DAHEJ-01177,5810c948dfbe0460920bb5806c03f5bff0284208
EVT-DAHEJ-01177,db2e9c1eb0a66e21cac01852d71ed536f00ec451
EVT-DAHEJ-01177,e456481a81de8006f257c562f9eca7af5c581d4d
EVT-DAHEJ-01178,0be837eb2678b06fd6c11390f6a8213edbf615d9
EVT-DAHEJ-01179,0ea88bf3d83a3d6dcabdc56505c01f5effeb2755
EVT-DAHEJ-01175,147f7c21369bfc83248b73195ec3834c2a5af4cb
EVT-DAHEJ-01180,1e20f80378eab68a5a618078710cab7acef129c8
EVT-DAHEJ-01181,2868569e92edb817d4b67765c2c301d765b9ee78
EVT-DAHEJ-01182,2b8c12cafe1be49617367cd4bd2464717da682b7
EVT-DAHEJ-01183,2f174c50e6598f4e4836c6031ee1aebc4f7e179e
EVT-DAHEJ-01184,347b09240d566a34f9d95743000f13f5ab877315
EVT-DAHEJ-01185,39c65f04a0574698d50a13255432eaa833493663
EVT-DAHEJ-01186,646b7d9cd38927248b92af1cdc0b8ac330273053
EVT-DAHEJ-01187,6a2067fe38f2f3f54d8ae742ebd00e07ec0b9686
EVT-DAHEJ-01188,751e64dcbddf5d936c598d7d0c5de4db0ac7d7c2
EVT-DAHEJ-01177,7d81ccac64b1d31b288370315969d7c37f84ea2e
EVT-DAHEJ-01189,81d50f22742ff790d668347a81f94c5d6a946900
EVT-DAHEJ-01190,83fbafca17ac1fe65488578ea560d00fda6d43e7
EVT-DAHEJ-01182,86ac4fd421b257b6118bc84f7ddd2cce88d589ed
EVT-DAHEJ-01188,891ad45c975402f868db67b5952ad830d0291100
EVT-DAHEJ-01191,8b3ced4c702c507780e8d995ec865439ad5cc0ee
EVT-DAHEJ-01190,97f1e823e61d9f9d70fff766ef487e73168fde60
EVT-DAHEJ-01186,a31a24accaf0f7260553481cc717c182fbbe8776
EVT-DAHEJ-01192,aab3d104d68f74190200e290dcbc01ac22a42069
EVT-DAHEJ-01190,ac45a81b3a7855e5ea04f68713eb5b041cc70b82
EVT-DAHEJ-01193,d77ab9a91ddce6d37200d31ac44215b457db69d7
EVT-DAHEJ-01188,d9ab0f24c684d68c136d3c57be8e2ed4b204f17f
EVT-DAHEJ-01177,9c069f88acc9b399a7470057ca121f2c6ede9441
EVT-DAHEJ-01177,bb1a87b4184e5d982c25298d98ddb1f042b76d95
EVT-DAHEJ-01175,1250275115121011803bf82727c91abb446d675b
EVT-DAHEJ-01194,64b357fb389c0825c4fca7ccb608f617db498390
EVT-DAHEJ-01195,6a25c9523b06fce7939a9ccffd96025e010215a0
EVT-DAHEJ-01196,7eec6fbe4efac0e04a3e3d528c196bf7c2c0b888
EVT-DAHEJ-01196,9f1aa510147cb8a3fe4b2c4b83446a085d492524
EVT-DAHEJ-01197,9288116d41a93b9a2f5f2cf402885caf91f9c67c
EVT-DAHEJ-01197,b61b7ebac05cddaacb40e99e2875df38e54aef33
EVT-DAHEJ-01198,e8ba02f2b1857f74e2bb2e16913c8adf19b74acd
EVT-DAHEJ-01197,fc78404c1db01f2f140adf3652361d9d7c2d9a76
EVT-DAHEJ-01184,0d386aaa75329c7f7297c0f106c29aa7ddf89c7a
EVT-DAHEJ-01199,2e9a2d2f6d3ee0b1df62a11545f2e679b03005b9
EVT-DAHEJ-01200,50f03e237f795f2801479db678842147ce59f8ec
EVT-DAHEJ-01201,7f22f2124c2ec6065d27a890755fa64e4fa01c71
EVT-DAHEJ-01201,8a7514587b4f92abead4608a4304d449629785e0
EVT-DAHEJ-01202,38d9979419e9ae71a506272da951508e5f773b90
EVT-DAHEJ-01203,3d8728fda145663a85b6235a49220845c35b6e62
EVT-DAHEJ-01204,46fba94ae5a173a5ef7d4267f3a1201ef38871b7
EVT-DAHEJ-01200,a9203198bcc731b3e776a56b7e5b39d8f008412e
EVT-DAHEJ-01205,c13f093a03ddb7f7328f559ec3e854b90aca3dea
EVT-DAHEJ-01206,ceb244556f03849754a34d4a0f1a3abaf2a3faa5
EVT-DAHEJ-01201,d3511cc78128c85c6117353acf070e084c632111
EVT-DAHEJ-01207,d69489ae62a2116dc2d01e8e2dcc4b2e62df06a9
EVT-DAHEJ-01208,0942e07ef70524d766c8469aa74afaa79a3a6d61
EVT-DAHEJ-01208,36cc9b895eb1388c232fe121fb48d91d87e14f0b
EVT-DAHEJ-01209,d6bbd800f73b63a0c3281f0d853b3898b7c8116f
EVT-DAHEJ-01210,1448548ed8c8dbceeebfc00879fb9207f8d29ead
EVT-DAHEJ-01210,30ea86e1ab75483cc928bf7d99b51a284c82f46f
EVT-DAHEJ-01211,950c5e5ae75936f5db413ffbdb83a5ef7a520455
EVT-DAHEJ-01212,025f668c76fbe31d5a066e32e42812446e62c3fd
EVT-DAHEJ-01213,10dc60f83eeeb5f629657b2ff7bee6c902117867
EVT-DAHEJ-01213,c55abe8a6940f780249236a3ec215ec74b250e7e
EVT-DAHEJ-01214,2dab04962dc7d75904d0c0aae1a1e9c0aefefe0e
EVT-DAHEJ-01215,5d07486d3914be5a3c26c5b0c394dd1cc803d3c8
EVT-DAHEJ-01215,803f285c93b458424f960a176b3c9cde60557773
EVT-DAHEJ-01213,ad27857bc37092c86d1c55431c957aee81caee48
EVT-DAHEJ-01215,d94a045ceabb83e0e46fb4014f06b451985dde1d
EVT-DAHEJ-01216,04edb4aad6cc63fe2d32d4f7a2b39ac5d9fb4a11
EVT-DAHEJ-01216,750eb5137d7a4bd468b8eb72cc078e53edfd328a
EVT-DAHEJ-01215,85aa9fea976f11782ff396d8acbc3944d8334cbb
EVT-DAHEJ-01217,976ce4056b6ca6257a024a3077f9eb8dda4e52d1
EVT-DAHEJ-01216,f4ce2a7c61db46a0355bdf60b24f70cfc6f0e07d
EVT-DAHEJ-01218,98efb70468ba8987e82dfcf11895dfd068a785a8
EVT-DAHEJ-01219,a1bff807809a9f665bdfa9ed5ae1db853928ff0b
EVT-DAHEJ-01220,1289bf67475e781fae757f6e99431b35843d5764
EVT-DAHEJ-01221,dac3b153cfd14290913f4e3804a79f9ee594148d
EVT-DAHEJ-01222,005432361218f06a32c329a95f2e86c275a82fe3
EVT-DAHEJ-01220,69f43de469d83008d62c91f8a24d8fc2eee20700
EVT-DAHEJ-01223,6b88608c117e038724f227164c9e03325603d034
EVT-DAHEJ-01220,87dd268d1050b76dca648fd804b401cb63bdf53f
EVT-DAHEJ-01224,d9725ef3d28692fee347ceb2d9f1238c7235d4ef
EVT-DAHEJ-01225,de10b215551c575c2d4471265aae9702f9b522cb
EVT-DAHEJ-01226,f9db724e01953afb095117fff90fbc5a88f4f8d5
EVT-DAHEJ-01227,76c6b2eb433f2d00f8e599130a1fed932b1b1a7b
EVT-DAHEJ-01228,467fd2e01e9618ca6ebb9729d8c7dca5b075ecdb
EVT-DAHEJ-01228,ad47df337368a267f1ed930a3149f1db0a82299c
EVT-DAHEJ-01229,2d19acd7e14bba29e1bba2058e939d26fce7f220
EVT-DAHEJ-01230,4e59cedc77a2ca2e7b0f15bf475fd23a3f5efa54
EVT-DAHEJ-01229,23564d70a1dfa2bddcbf089207cf6d6632be9490
EVT-DAHEJ-01231,34337e271ea1670ec4a74b5c3278c2144910e1a9
EVT-DAHEJ-01232,3a8d526a56c311c5db4bec8893f15c597e1e2466
EVT-DAHEJ-01233,d332f7d7881c913b50a556955082f0a8f2dbc1f7
EVT-DAHEJ-01234,e4ced36ce1baf0f20a7febe6dec27f392c33f5ee
EVT-DAHEJ-01234,e6450d8ba4477d749fa60a7463349e725e214fea
EVT-DAHEJ-01232,ebce73d66c65d7e7c7f7d3bb6c6aa353fd6f1410
EVT-DAHEJ-01235,2502ca7f6a5cfa96099468004a2b65f16e849b2f
EVT-DAHEJ-01236,c3ede346c6927d53d4a84b5e47bcc3ce9c0e0307
EVT-DAHEJ-01236,de8baf2fc6f0c3b0e73869e21a638fb4acb873ee
EVT-DAHEJ-01237,70a3c8a77c0c36c2ac0dd3b3491cdd45fa2d4be9
EVT-DAHEJ-01238,4708a45dce38c6c997dfd69e5cdfe82fb4e6c012
EVT-DAHEJ-01239,77d75e104982f8a8ca7bfaec37354a434f96358d
EVT-DAHEJ-01238,794dd37094c121d1ff8539c1b3adfe70c6396aa6
EVT-DAHEJ-01240,e0c198648cd7720924b4ebe40ce1811d8cfc73b2
EVT-DAHEJ-01240,92c969918db0f6d83fbc91e35b7d9c2ea1315990
EVT-DAHEJ-01241,c0f344a01c0f83c9d8aa66f70b7fd399b92c18ae
EVT-DAHEJ-01242,0b221b755f46d7755e7645d4b89411ff82aab807
EVT-DAHEJ-01243,18957442b9f3ba09bb04ff07dc9b2196f2143074
EVT-DAHEJ-01244,0a0d0501a338c2a27213f9efb2b575cf3054b6b5
EVT-DAHEJ-01245,0d421d28c46e021699f90f35c53687372f8d2c8e
EVT-DAHEJ-01243,15a54eef8012f51503d70e33dc98ad29b968d19d
EVT-DAHEJ-01245,49ba21f7ef7c61c4164c7568d38109486ab73702
EVT-DAHEJ-01246,5145c9516419ed1254f8028f54c5c7a6f0d80112
EVT-DAHEJ-01242,6abbafdca3aace296d559b5c3f0bc8d2b7874fec
EVT-DAHEJ-01244,d2edd573dbe3d218b915ad4e5d203cfd4c5fa656
EVT-DAHEJ-01247,1250fd12193aea4e3e2869a308bb88af2c9d927b
EVT-DAHEJ-01248,cfe92736512bbe526d93eb4980c85d5b83a8e931
EVT-DAHEJ-01249,56eb31bb572ddbc4e94a0506ab3d954b699d4fdd
EVT-DAHEJ-01250,58714219dc569c6d0a1c2cc35f045f546233e7e8
EVT-DAHEJ-01251,5aeb57f8c0e8e36ed790fe8e786a807333e9ff1b
EVT-DAHEJ-01251,623c3777b2d2e71d7fa1b9f658553817e18949ee
EVT-DAHEJ-01252,7daa9b7c0db7a08392aad35a1836f66485d9e9db
EVT-DAHEJ-01253,d0df3feec51b60593e63017836ddcd7c590091b4
EVT-DAHEJ-01254,75c3bd32313be47e205f37257cd4f52910562227
EVT-DAHEJ-01254,75fcffb5e8ef6ca28a850b880102eec4726d82c6
EVT-DAHEJ-01255,7b99c9a1f0b1d1f3f956d05f634c8f09ce276328
EVT-DAHEJ-01256,19250ac1c5e8aa9a6c2ab585d4f5fefbfdb53930
EVT-DAHEJ-01257,133619de4d1eb20681a1a38a5f2e25c382c9f5be
EVT-DAHEJ-01258,cc0af833ca7eb81e9d94909da173b8e1417b427e
EVT-DAHEJ-01259,1a68bf8dfc051efcc4dee46a06eb66551c9e5ffe
EVT-DAHEJ-01260,92564670ee82537b283fba45ef57dddf71f170ed
EVT-DAHEJ-01261,a989316ce77a40b36056ae297d1cfa6c99dd0400
EVT-DAHEJ-01262,e681519b8a0db05b0ca3d69e35d6eb68dc03996a
EVT-DAHEJ-01263,e8f64cb60d17ca490952a7e4c16ee380b0d148a6
EVT-DAHEJ-01264,0bb115a7ec86ea58371b9a2e8d2dfe9d2a45cebf
EVT-DAHEJ-01265,0ca0c931febd18ebcb4c10f03b70d9551cdd49f9
EVT-DAHEJ-01266,77893db8df340410958c0af0f67d21e538a29f82
EVT-DAHEJ-01267,25256d6f14e4423820953c799d3f191308fd2655
EVT-DAHEJ-01268,63682ef8ed602770de8b09e207ce91d237ad803c
EVT-DAHEJ-01269,ad22649d32032d7b4cbe99b993407f2cb63785e3
EVT-DAHEJ-01269,fba71cc383851d2ae041bb49d906663c7401bb46
EVT-DAHEJ-01270,728b5ff0200fd03afebf162f953aab578558f7ab
EVT-DAHEJ-01270,72fee2bf64ae974d60b0f21191bac63eab37ea88
EVT-DAHEJ-01271,1fa31461a263e87e15afa5d73e095999e3dca2da
EVT-DAHEJ-01272,741a14feec2b95c11ec3eebb720b0592d6d7624e
EVT-DAHEJ-01272,ac92a02c8c6ccb57f010e5225e9e394e479da099
EVT-DAHEJ-01272,cd11eca15d8c204613102c60676eb3bd7fe041d7
EVT-DAHEJ-01273,46bda13441084056ba093c6ada48dc7460a868d4
EVT-DAHEJ-01274,dfa81535c01cf270ee7bfa96bd5c6e9d1a7e5391
EVT-DAHEJ-01275,938204e98a85dcb5af1da1819fb47b2e2f4ffbbd
EVT-DAHEJ-01276,f7f2ae1210ec9f07a630efcfc823481060b3829f
EVT-DAHEJ-01276,8df757d0b238ae009d2f16a16606ebeb79e43f97
EVT-DAHEJ-01277,6c793a5139e53140fe03d4a87eb7b0b7aa2f0094
EVT-DAHEJ-01278,e24b2ca3b113c4945b26ef9b3eeb4fa97299f100
EVT-DAHEJ-01279,358da413d96598161f87d04c3235f6258b45edb2
EVT-DAHEJ-01279,bd7345beb51c135d46f344742ee573521cd57a4e
EVT-DAHEJ-01279,f25da42a85cb508970b9f605cc083f525bf5bab8
EVT-DAHEJ-01280,7ed1240f738b7e84e1427b71d2ff7d81acb20291
EVT-DAHEJ-01280,a14d06b05678389b38ee6b2b40a408c5e5ca4295
EVT-DAHEJ-01281,420a03e90bc44e73ccea8cd64d2da90cb305b1a1
EVT-DAHEJ-01282,43f19375296565717340614d91aa43a029fbdad5
EVT-DAHEJ-01283,304d93ba36f755fa116ee58cb2334e0cc0d03a81
EVT-DAHEJ-01284,3697897e649fa657eb29386e493fbaff7195118b
EVT-DAHEJ-01285,b5fc56692b50ee0879019b8beeb186f2e854d788
EVT-DAHEJ-01284,eebc1212024096b2962399635617a0751a9654e3
EVT-DAHEJ-01284,a1f3262d8d4332a56e9a7de68187d0191b1192a2
EVT-DAHEJ-01286,4a2902399fc0968346a0469e11e95f15869c0cb7
EVT-DAHEJ-01286,9549d861a3de0c24f60ba184abc9626d694294e2
EVT-DAHEJ-01287,bfed1c85e160f5cf2a9b4a555cd18bf642fa48e6
EVT-DAHEJ-01286,598ac42a0c414aa02a1d4847c300417abe54345a
EVT-DAHEJ-01286,cd9b9b2975df7e33c3ee18bc6878542c9410881d
EVT-DAHEJ-01288,103741e75dad89854c83a40b86eb3726bf4f8509
EVT-DAHEJ-01288,5a06c2c40e31bc1592b9288872278df81c5a90af
EVT-DAHEJ-01288,d1b38dfa66b756d06c5b86363f9cecb09c37b977
EVT-DAHEJ-01289,b8a499d4c688c9876aa486efcb298371f0f9802b
EVT-DAHEJ-01289,26f1538b27aaf76cd8096f3d352cbc1de059f2f6
EVT-DAHEJ-01290,d8337ed1f896a4a21be9c5c053db834d8f6157f3
EVT-DAHEJ-01291,4d8a7862115573140e26e2f55027da9a9b4e4b39
EVT-DAHEJ-01292,58874a1f2d916e98798cf6c42e6a974dfa2af460
EVT-DAHEJ-01293,bd587ed2250b0b0caea7d4de65ca9db4e4bac84d
EVT-DAHEJ-01293,bf3f8211f2c9ceef2ea5ff737d259c23e4055221
EVT-DAHEJ-01292,87756cbfb0829dcff79419f519395156db62588b
EVT-DAHEJ-01294,a0a22551847eaea01eea7c453f57fae0070b8d48
EVT-DAHEJ-01295,25d2e72a38eff36e21197cb7c4c974356ab82fe9
EVT-DAHEJ-01295,2fa8309d02052c8fd55d2cb7cd0c3429377259ed
EVT-DAHEJ-01296,6b4635188d0f6040f63321b613aa1b73a0d3a593
EVT-DAHEJ-01297,85e14a572c1cfc0cc772d14f412fe746e8d4ae43
EVT-DAHEJ-01298,9992ea957c5a462704d7b265c72df523388042d3
EVT-DAHEJ-01299,906447609ad87bb7e7c160bc27c75daea2e5df97
EVT-DAHEJ-01291,d213c20266acd138035cab97a67d2f0d5d672269
EVT-DAHEJ-01291,39690514e97db713943a0e052c65ac92db62196e
EVT-DAHEJ-01300,f3e19aa34c47cf78403448f4b200612a540fb21d
EVT-DAHEJ-01300,f611fe50e8445b533273414d207e2f9a36ebbceb
EVT-DAHEJ-01301,4794ea1bcff88dbf1905e02ee104dcb08e41b615
EVT-DAHEJ-01302,5e42e3244d400db50b3f7f0f930f1e814bad9436
EVT-DAHEJ-01303,92b89e3f3db8f735c1f4ce71faf72a17b7495111
EVT-DAHEJ-01304,96706b74e00ac8bbcfaf9433740af069b9f3f791
EVT-DAHEJ-01300,b61eb2570ad681b334cef04f0f023342891c4759
EVT-DAHEJ-01300,c2ddfff147800cc5b7dd723889011fe5f2a30ffc
EVT-DAHEJ-01305,cf398b5fb4f68bdd8a6579425b4695942d93cb0f
EVT-DAHEJ-01306,9e42ffa8dcd74217be621736c846df2574a6f394
EVT-DAHEJ-01303,2686fa5762defb8750919ac9fd03340dcbd9699b
EVT-DAHEJ-01307,8d24e65ce4bebdfbaf5b94fb5c504370f6cdd2d6
EVT-DAHEJ-01306,a1c55d7642b08e89be2428ddf2e9550477b1abc5
EVT-DAHEJ-01308,752a14c8d06d8edfcb1302e3fc6f25068a4787ac
EVT-DAHEJ-01309,a9f54f8bdb44235839fb678f1ccf64f7c794ef53
EVT-DAHEJ-01310,0ce3923b8699ca8335deb1981516958dd23915a3
EVT-DAHEJ-01311,9abe511bac05e7b67fb93b4cd21ab7611443178b
EVT-DAHEJ-01311,42578e30a0da3b0f64cddcfc1729bdf2531df30e
EVT-DAHEJ-01312,92aa95b42bb2a69b8848b900bb1d3daedd66d0cf
EVT-DAHEJ-01313,f6ebb03319699a13adc5b22c48b338faa43641f8
EVT-DAHEJ-01314,dd003cfa3dda4336e236272441a38a2c2cb0564a
EVT-DAHEJ-01315,593c7fc7fa442bcfec69dc251b3124908ced3e37
EVT-DAHEJ-01316,4e8c66a172ba40ccc85c6cd87465132d33c21c6a
EVT-DAHEJ-01317,5fcce5df64165b29bbcc3fa6a908c02f460da9db
EVT-DAHEJ-01316,4bff4fd8e3c547ac7df45c04df42659e835e0a76
EVT-DAHEJ-01318,642fc0eda16af083f3a6dc4a5830d3737fcbe22a
EVT-DAHEJ-01318,fb9c0277a002733baef269958c6e0ef53db550f3
EVT-DAHEJ-01319,861ef43973d8f4dde7742aee348f048e1f8d2b83
EVT-DAHEJ-01320,69c7b134b5286bb286a2186b5bf4029315b054a1
EVT-DAHEJ-01321,db4cd91ad0c73040bd7d7ef1bf62822d0d496868
EVT-DAHEJ-01320,5135a8c967b5fdd6d3c45aef84e34e5568f39900
EVT-DAHEJ-01322,bf22832f49ebe8cf68348f8ef20920227679a199
EVT-DAHEJ-01323,c929444a7d8b56f39282af272a1a55bc55aea67b
EVT-DAHEJ-01324,aa83280f52322ddb7a2c10f35346f017590a8095
EVT-DAHEJ-01325,e197242ae65c3c1b2452befce4b6c30d9ece7e7b
EVT-DAHEJ-01326,d06b7c545f14879f3cf1f3a6ae45729f7326a9ae
EVT-DAHEJ-01327,036d918b6ab15146f1dc98174827f76c77a76161
EVT-DAHEJ-01328,0fe34e8a59027807c23bfbc54c67e73152f8b2ec
EVT-DAHEJ-01329,8521d941415e234bcd7924440a348e69f6bf29f4
EVT-DAHEJ-01330,0d4156d9c82eaed056789442fda395c9559db052
EVT-DAHEJ-01331,c1ad8c780d178cc3ac12fbf90ad05aac801dac0f
EVT-DAHEJ-01332,5836fe91edb7d8390411454653879f0aeb1d0844
EVT-DAHEJ-01332,68f221a7b6cdba30cf8c253fcf211626d7d04647
EVT-DAHEJ-01333,869d841b391d3bd1ef50f429eee213635618f923
EVT-DAHEJ-01334,e89e31d2ce9e5445857db88513bff415b03e1c3b
EVT-DAHEJ-01335,de709695ac683a468449a88ccdf8d8093d61a36d
EVT-DAHEJ-01336,55e199bec9bea822fce4fd206a1bff0539a444f6
EVT-DAHEJ-01335,d56acf02e87713b1c2f6118fbcae3f78874da6c2
EVT-DAHEJ-01337,34650fec9f426a2fa3fd1f4a2f169130911dbcd3
EVT-DAHEJ-01338,7f6027f4474a84542b9cbeb88595d9320ff76271
EVT-DAHEJ-01339,1797a205151738def6ac50534746e2d83ef0d103
EVT-DAHEJ-01335,8f1e217e692368366d263bcdc342dfabec72596a
EVT-DAHEJ-01340,c11f27e6b329d19153a8e1e03e40314ad45da592
EVT-DAHEJ-01341,f70576a9606a26e4f9da072976595adfdc9b3c75
EVT-DAHEJ-01342,ff1180dd1ff741e7827abe1d04695160f1e4cd21
EVT-DAHEJ-01342,298f0f34194133a4f0e8a4cef2157397f619dcc1
EVT-DAHEJ-01343,3d77a394f0af9a558f491d6d5c59f2ec551b6f20
EVT-DAHEJ-01342,4a08d5cdd8cab0e8ded6d6564f6a59c575eaac57
EVT-DAHEJ-01340,58ae24d70c951c4f875d37ffd2771c757a91522e
EVT-DAHEJ-01341,7fe7734d59090d07393bfb3a93ae0ba7e112c968
EVT-DAHEJ-01344,989ebb182db7526afc297c9d24de04d9ab60c8db
EVT-DAHEJ-01345,f556f6a91df05a3f08bafa0451894012c865089b
EVT-DAHEJ-01346,1d7c3bef826c954014bb1062a3e24853ac284be5
EVT-DAHEJ-01347,9d7abadb94385b9e132387a0dd0058488b15e2cf
EVT-DAHEJ-01348,4cba3ad6b3dd7b6c3d48a9c5e53fb5d6ac497acd
EVT-DAHEJ-01348,7ae9ae15b5b0bd330139647ccdc9b0c77a9164ec
EVT-DAHEJ-01349,d86ccd58a1f93c775c5071202a675777e0ecb6ae
EVT-DAHEJ-01349,0ce934a6a32f44a34c1fd0ca7f799231825f1dc8
EVT-DAHEJ-01349,2391f2e35b576be80ba6dc57462393df7efddb7e
EVT-DAHEJ-01350,019800a14b19273ee0a84705572eea70c68545ef
EVT-DAHEJ-01351,6574cfae08db40477e3361730f684bd9da633484
EVT-DAHEJ-01351,2e9dfdf4f61e30aa8a9b679b24859b691695985f
EVT-DAHEJ-01352,e5c12c8f5079a9cd025e8de3b841d8227be6459e
EVT-DAHEJ-01353,d31d334791d20e84097e3f2af0f1bf745ff9e907
EVT-DAHEJ-01354,1438ef2dd48331dd79dd9cd96d0ebcc1fa931c00
EVT-DAHEJ-01354,45ee2ec4b21bbf8cfc1f8c461f315747fb6a2ed9
EVT-DAHEJ-01355,911861138d309418e1f999eb8f390e299f4666ff
EVT-DAHEJ-01356,6e63366efca5385fe58a8f4ab7f5a885d75f6fd0
EVT-DAHEJ-01357,aa0877f3aa753346d80eb3c2c26f39256c0fb7b4
EVT-DAHEJ-01358,e1936bb2e9a4cee6656a8f35d8025f26638d6247
EVT-DAHEJ-01359,f36733127a8db205eb50dbef9f3d2a439721a4a2
EVT-DAHEJ-01360,250a514d6682f1c4764e4f3f8a5a12ad56c14698
EVT-DAHEJ-01360,9b37450afa373d097a020831adf552979ae996ab
EVT-DAHEJ-01361,08898492ecbc22c25bae2fa6ee61b4dc30e283ee
EVT-DAHEJ-01362,194b192d5936cbbc6d7d1bc9ac6fd9f3e7630e7c
EVT-DAHEJ-01362,1f39e6df17cf4bffc461c761f2391878cf9c9d01
EVT-DAHEJ-01363,aa271e27360750c208a535500a9229342606fdfa
EVT-DAHEJ-01364,8e3c29d7f67b173a2fe7c22811772e1004d8be84
EVT-DAHEJ-01365,c1fb5138c79f7d26d5b6ffbd0c9d15ad335717ca
EVT-DAHEJ-01366,249f7b305971170d94cad6b114d0fe36d254f254
EVT-DAHEJ-01363,3232ccfd60e85aaff494387d24e3120195e48238
EVT-DAHEJ-01362,37f5e200e0f648d0b57618c9b256c0b424a7a784
EVT-DAHEJ-01367,79f81a86220a31211b133ed1f4b6f1ce51ecaabb
EVT-DAHEJ-01364,62c20985352f634615bd03b0cea27015e16aaab0
EVT-DAHEJ-01364,732066fa81034dc4b86970c593e041d52b527e2e
EVT-DAHEJ-01368,bf692616d6c87db23efd5bb31d6315d01c43acc8
EVT-DAHEJ-01369,4bfc38c2ddb81b15b73986268006b065dc71f3ba
EVT-DAHEJ-01370,97cc82c9078502e3feda526528812ad0db76f4dc
EVT-DAHEJ-01371,a16bde94f21e0f188581fe947b0bc9687a384268
EVT-DAHEJ-01372,c8a98763de6635635db0d063eff982baf18c294d
EVT-DAHEJ-01373,d27b3a618860902e559bb0d247aaed77212adf95
EVT-DAHEJ-01373,e509f8ad4a56786d6a626f7820e78722b096eb8e
EVT-DAHEJ-01374,20cc73b8d559e47c980dc0603862f64bbcbed0f6
EVT-DAHEJ-01375,0dc8d8712626736002a25e1aaa450c76b262b130
EVT-DAHEJ-01376,397868dac7e9bb4f02e5847909623c6becd51136
EVT-DAHEJ-01377,40d4ed886468cd9af5e6bf04fb2c3620343452c5
EVT-DAHEJ-01378,64ce5450fc50c6e99ca3030a32ba22b8e13ff772
EVT-DAHEJ-01379,cd475d872bd2b0d2c17bd274536dbf644465a442
EVT-DAHEJ-01380,ec02578d013b2106d36266a3f2cccdf9ef686bb9
EVT-DAHEJ-01379,3008c1608fd4177681c631482beed36656d84761
EVT-DAHEJ-01381,01f6ceee9a8798f2dad510dfd732dec8a58066cb
EVT-DAHEJ-01382,84d7b1be096e3f9cf7f8d384ddbf7708ffcfea98
EVT-DAHEJ-01383,f913d3160a3bfb9c2ee8a07d0e9ee589ea464dd3
EVT-DAHEJ-01384,569afe39724ce753bb853b8fa3fed3800d4db0a8
EVT-DAHEJ-01384,688cb8d75776146e82c7cb74a77610a142cd6ea9
EVT-DAHEJ-01385,6a503e4915098b8158805fb805905db981d50670
EVT-DAHEJ-01384,a09d44191ea1e6bff6ae52b120f037b86f460a88
EVT-DAHEJ-01386,bfda52bbec8be837e3236fa6402c6cf87c55da29
EVT-DAHEJ-01387,6a1a8de219b57ee51c66c0288b0d333760210643
EVT-DAHEJ-01388,6d5bb7baee2bc7d7c0198f284c4cf9025d7aa564
EVT-DAHEJ-01389,9a9094019782d69ac978acb3037ebd8bffca6bdc
EVT-DAHEJ-01389,cf64eabe20562936b4a0cb97e9c76861b1738f15
EVT-DAHEJ-01388,d1292e3c2fc01f420d3b152f7fec0af1be0e92f1
EVT-DAHEJ-01390,d23a5b671209813186164b0d6530a9083e512ebf
EVT-DAHEJ-01391,0df5892f4e69c622d84b52a89e047b288647f258
EVT-DAHEJ-01392,3d17ff79b8ef1f4563bf34c76449bb6843fbc44e
EVT-DAHEJ-01393,74a8df539598493767bce83fffaee9686820b0a4
EVT-DAHEJ-01391,8581374bf2ea7bfbd3a38871084b4b63849c6eed
EVT-DAHEJ-01393,e8cc38e0b98299285951b1022d11ebdc15e877e4
EVT-DAHEJ-01393,edc6e2ed170fdb8bb2858bce3d9771817daa202f
EVT-DAHEJ-01394,efc0bdab33c2865b0746a38ca956035ef94e0346
EVT-DAHEJ-01395,0c2db965bed17d4f2e76cb2087406690b265e8b8
EVT-DAHEJ-01393,59049f52636f4e6f61c21f8f11cd9941cdced773
EVT-DAHEJ-01393,68fc5d060f34564921f3cde8010aed0b66f934af
EVT-DAHEJ-01396,7f93fc7e594f69f4cf9200c6eff1bbba0c3f4556
EVT-DAHEJ-01397,8b5e6d8ce53c3072364113aea8f4408cdb0434c7
EVT-DAHEJ-01391,b72c53b3451516ed872267ade46ad41d0279f769
EVT-DAHEJ-01396,c991adf7914a8fa1ad2c1164b5513a7c3d02010a
EVT-DAHEJ-01397,faada599cbe2a4513b96df237744bd81478896af
EVT-DAHEJ-01397,fe6eb994fbc580487be4c31d777b1efd8b677a9a
EVT-DAHEJ-01398,a950f08f60f1c5613c8267bfb2e31badcee70356
EVT-DAHEJ-01394,c311b8badf909adae53c1ca242c865bdc5270fd3
EVT-DAHEJ-01398,df774bdeec2d7aa391a1bac126f859422b14e469
EVT-DAHEJ-01399,3ffe97843041f4d16dfbc195c42ac1c0ad8a54a4
EVT-DAHEJ-01400,5b2b21e2aa4a23567954c065b94967446bb5abe4
EVT-DAHEJ-01398,5d6fe186aed58d916810f25be3d0b5c38291adab
EVT-DAHEJ-01401,7b62d6ba4962a3ab28f95c093927357a281fc7fa
EVT-DAHEJ-01402,bc24fb7d7b00282e2af315c28c9100b697d6f562
EVT-DAHEJ-01403,44f7d40efeae938e82b3f39476634ba578252eea
EVT-DAHEJ-01404,200097e4cf43442b9cfb187870e53a5909cf8c56
EVT-DAHEJ-01405,cebae736d3472f9712a832a8d013d2c75bdb0052
EVT-DAHEJ-01406,3e97b9b8a68ee3019487b94c78f3520562972359
EVT-DAHEJ-01406,ec5792b37677debf84972397572d1d79b4bfbd96
EVT-DAHEJ-01407,9d6bc55ddbeb513e423522948958c87c99a26e65
EVT-DAHEJ-01408,0e7ff3e3b376f480527c7a22591ace001273f95a
EVT-DAHEJ-01409,3b91b8b92f65ea70657d3912803c31bc3e24c933
EVT-DAHEJ-01410,5967569508f8c070f745321fb4cf5e89246a747a
EVT-DAHEJ-01411,81d6f11f64c282e38222b7276b34d6e36fe6b722
EVT-DAHEJ-01411,8d9cdcf2701eaf2ea73427c882ffeaf59cf55d2c
EVT-DAHEJ-01411,a301b5790a21baa1d53c7f667558541d8a56a569
EVT-DAHEJ-01411,adc132e0589726c1205439091e597365cb88a4a6
EVT-DAHEJ-01412,906744b2304706fac4554d280c4d7c1c54d898bf
EVT-DAHEJ-01411,d2f10aa53c72fdb6b5e557d888264bbc22c0fb70
EVT-DAHEJ-01413,55f56f8c59e89a432f3f6c9900aad39221102a07
EVT-DAHEJ-01414,17e0757cc1be180009c2bb740059cb1334d84659
EVT-DAHEJ-01414,3b4b85a5edd532a3504c399619a39745ad4b2e77
EVT-DAHEJ-01415,931ff15a1438c1ce8b0ddb99a18796b86dbe007a
EVT-DAHEJ-01416,88c41dba8a8df5926b0b8b73b4d4324b761d4056
EVT-DAHEJ-01417,0d5048223ceeeb832b34b242da22b70b2739c177
EVT-DAHEJ-01418,1b0fa16fc00cd38e2d20d60ee52c7588ec872dda
EVT-DAHEJ-01419,411c7750369d065d246820a7ce9305b2fda76c8f
EVT-DAHEJ-01420,56bb582636b2e7c3057e2da2a6629994057519e3
EVT-DAHEJ-01421,593c3544225fcc4947fdcbfb0f2bab802e9068e9
EVT-DAHEJ-01419,5ffc68c29a2b8fb6af1a478f64af6a2e21947546
EVT-DAHEJ-01422,848d80cd9c7cb1f148ce642a31b9428bd286d641
EVT-DAHEJ-01421,99782a5a913a0f296075a8e47cf8d5d00f4c8e0c
EVT-DAHEJ-01420,dc9167cca400e6eea0348e523bcfebd94963aa13
EVT-DAHEJ-01423,0949244c79bdc5736b3456c3a20353a458789a0a
EVT-DAHEJ-01424,2b86c250389aca98ba6d29337511198a8eaf0a37
EVT-DAHEJ-01425,8325e8a5f6234f34a3968a46bfca096c99f567f2
EVT-DAHEJ-01426,d6695e0ed5db98a3e95c265ba96a18dc6cf48c82
EVT-DAHEJ-01419,f1f2e9fbfcea122c26cf6b46eed588482922698f
EVT-DAHEJ-01420,f779a01b82bd969028a7d29ab530abba76795e75
EVT-DAHEJ-01419,4457866dd25cfd3b1d09b2c8292f7e20ae92e860
EVT-DAHEJ-01419,0fdb399b95272144d974a81a3c9e03cf5f7104d9
EVT-DAHEJ-01419,3363c6ae735f1e18436e076f36df24464d207faf
EVT-DAHEJ-01419,8f8af6397d5378481ecee5015e7806923ebd0b9c
EVT-DAHEJ-01427,e6f908006becef71eeb9124393eded52dd49d46a
EVT-DAHEJ-01428,28812c870b4d59036f7c4903e20881040f6ac019
EVT-DAHEJ-01429,30a5df1d82ec52176113ad4c20183951efe88748
EVT-DAHEJ-01430,7d49d4998546be23564855d14f1dc042a239a027
EVT-DAHEJ-01429,d7c50f7360a1f55ec0d89894ca352649569cb4e3
EVT-DAHEJ-01431,23b25697ad0f23437ebfe047e3f39616a2d49f8a
EVT-DAHEJ-01432,3c7ee6180c1a58d1f59c4f6e853b87c3943a6750
EVT-DAHEJ-01429,458260f7d702d262edaf29c9e2967e925d39039c
EVT-DAHEJ-01433,4eea072215253aedeea51c98e8ca53a127ae46c7
EVT-DAHEJ-01433,5e84f724df249a183d6ba9b274edab9ecb8b2273
EVT-DAHEJ-01431,714ae7291eaf1afe1e65035e995ecc57a330b6a6
EVT-DAHEJ-01434,714b0ffe2411049d6be545c3f5da7f38f351360a
EVT-DAHEJ-01435,a78e5de2f2218eb351f96e4b1e652dae4c3f2e27
EVT-DAHEJ-01436,b37c193cdbca95bca5b00312d36ff3b54f2a0db0
EVT-DAHEJ-01437,e2029aecbb9b82a5921610ccd71cd97af00e9fc5
EVT-DAHEJ-01438,f336753b7e2ce8b96f546a315663d6de95aaf2f9
EVT-DAHEJ-01438,1b51b0bf30c08da7a4f46ddb4d222d2cded15c51
EVT-DAHEJ-01439,90cb8fe5bfcdef9752c874ee7c99bead626bab53
EVT-DAHEJ-01440,baf2e9bacdf2c743d354ba11b81d6b6c294e519f
EVT-DAHEJ-01441,cd9cf6d421287481ed89dca5e0ab5c46ca12ee0e
EVT-DAHEJ-01442,f8879cd5469c034646104915c9326c50cbc93544
EVT-DAHEJ-01443,167e361daca4c95eb3ed38df104983118477e879
EVT-DAHEJ-01439,2c031155774aa6c6cde70624a24ee351bba2377d
EVT-DAHEJ-01444,441cceb22c9499bf4c5d1aae98ad5a01823a54d5
EVT-DAHEJ-01444,6ba8f04a99b032ddcf21bc118eef1f63f4224c76
EVT-DAHEJ-01445,9542707e09685442173a6908643178c4ae7bbacc
EVT-DAHEJ-01440,a8b1785c0bd36d64f37928d31af2a828dccd4b59
EVT-DAHEJ-01446,17cb36761064bf498f3805d89b70b0276c97b5ea
EVT-DAHEJ-01447,9295eb82f6e6a9711c46b085b70c90c0a393e9ba
EVT-DAHEJ-01448,0e2a404a26641baa70e2437a4e03be94e8f87e72
EVT-DAHEJ-01449,2be194f0adfd78b696a2bde56f03c7abef1e391d
EVT-DAHEJ-01450,3259b993c553cd6168e07a568b952b7e27482969
EVT-DAHEJ-01448,86fb0c8b062d33f2cca83c217e5ee18ac4af332e
EVT-DAHEJ-01451,64f211a6a9b40dd223a9b901b0f999de29be5461
EVT-DAHEJ-01452,7abc1fa584c23a6d12de3b98f928d57670e0a405
EVT-DAHEJ-01453,3d264ac61010a6799545aa4d2f9d2db9924160fe
EVT-DAHEJ-01453,64d23d71bde1dc3d2928abf162d3798fe08184b8
EVT-DAHEJ-01454,ca3b62dc8da20fab349a50147bc67c091e953000
EVT-DAHEJ-01455,0ab3ad68352d33fc9e677b32f3ec03860f20d6d3
EVT-DAHEJ-01456,9b5fdff0d8b1d87749a2b10cf80f29cb03ab5dfd
EVT-DAHEJ-01457,538539b9987f5d6f176b335c35535f8e7b4be2a9
EVT-DAHEJ-01458,68d30c1161855ebbe0a72bdcc77efa2a9262ffe8
EVT-DAHEJ-01459,e8836d6be4c90be0412ab0b5ccb4e5bcea6edaac
EVT-DAHEJ-01459,552d528e820e55dc3a0e68ba810a7f9740876464
EVT-DAHEJ-01460,022ffae43a90ef2fd895296fd49047360dbe2c67
EVT-DAHEJ-01461,3eb4d76f9a93d34473bc94f5efbe0732c0c9fb95
EVT-DAHEJ-01460,79c8de84c504679237b21d00459f100bf81ecc7d
EVT-DAHEJ-01462,8008abba7fab5dccfaa2e8833d96dd1a925ecd15
EVT-DAHEJ-01459,89d0fcecd47915e904bf3af089e88114efb3cca8
EVT-DAHEJ-01463,04bceb9dc50e9902f4d1cb6fe86bdd3965e60608
EVT-DAHEJ-01464,158c0aacfa77a5a7b63b41777c79b962a0f1c5fe
EVT-DAHEJ-01465,9e53f09c42d616999a19f17adcc4b9496dc4ae7c
EVT-DAHEJ-01460,ad882e64f8bea85218619838c15c1daa7a946e9b
EVT-DAHEJ-01466,aef36a013da0d9885096de7dbdcc6aa8d9a24657
EVT-DAHEJ-01463,bd0d562a178bb830b5fc59ff47824f23353d4ec7
EVT-DAHEJ-01467,4cb01711f993b35f85972367392eac368cbfda1b
EVT-DAHEJ-01468,75f27a1bd19a31b3fc0766a81a6e93a0e194e7ed
EVT-DAHEJ-01469,0b6c82304ad9fa1cdde773494f8ad44c6267bacc
EVT-DAHEJ-01470,dc5aa7c9a8fa69c01f4a7533a9786d3bd3fa4472
EVT-DAHEJ-01471,3588922a31c2026b5b1ecac2b58808836282840e
EVT-DAHEJ-01471,8b41b214831cd0921439e03fcb1f81c762bef045
EVT-DAHEJ-01470,d3c8ffcca1c86be8fcf5fccc65d3135a714480f5
EVT-DAHEJ-01472,1846e8be430ca1089e0a38919d5b5ed55ea9ae2b
EVT-DAHEJ-01473,6659c8978bb76322b2b239710449ed37960369bd
EVT-DAHEJ-01472,83bcfa2fec6a77b5cecd83b60d3dd87b4f612d43
EVT-DAHEJ-01472,8895cc116ddf49b55befad0e75ef6a9555a3ec37
EVT-DAHEJ-01474,e4a12bab84f430476e0922272f6e70daaa720303
EVT-DAHEJ-01472,8bb529561dfaae0cfb3290499e432d1267426aee
EVT-DAHEJ-01475,ca4b1e9c28809f57413845a8ae31192baad1c714
EVT-DAHEJ-01474,d2ce49780d301671c7466733eb32d1a2dbfc5131
EVT-DAHEJ-01474,e010ce1b7d086eb51290063fe45181759506eba7
EVT-DAHEJ-01476,dc88a75d372f15bef6e2141cfe9aa5e81904237d
EVT-DAHEJ-01477,4a00b3bba28208c92f97b3e60539482cd37efde8
EVT-DAHEJ-01478,5016c97410da3ee527efc8078816310167812921
EVT-DAHEJ-01477,8d52696a4dd49eeba6bedb677a332b0941cff82d
EVT-DAHEJ-01477,b5fb0d3cb280cacffc3ae516260e0964acc63d37
EVT-DAHEJ-01479,840a1d0ff71894664fdeed496814954e925f2ea1
EVT-DAHEJ-01480,e184617f95a8087fcae708094806f9e6ad36c101
EVT-DAHEJ-01480,eaf6aafbc76e5b6bf16b1ca96f05526d36be69a4
EVT-DAHEJ-01481,ff439559e70cbf6084c4e8e4c7ef8786d1b23b5c
EVT-DAHEJ-01482,01f7122f7fdab4813a72e2032d138d2af6e6fe71
EVT-DAHEJ-01483,1f450d9b3a54973197fab61336bd0e0db838c5da
EVT-DAHEJ-01483,43e11fda475a074f73667b7d3b3e947db726df2f
EVT-DAHEJ-01484,ad97662cdb5fe971343da75c78cc4fbfbf4927fd
EVT-DAHEJ-01483,b7d55f66318e96059e4531392f1a74161c165013
EVT-DAHEJ-01483,e993b428c9a2c2b439a1560774db10ba0fb0d236
EVT-DAHEJ-01485,f716f5cf6bc970f1ba031c01637719f5f57a8a34
EVT-DAHEJ-01486,2175f59a61aae4301ed6a61c20c9460272cbfb31
EVT-DAHEJ-01487,0bae2ecfb413879fb209bf8857e5aff898005c95
EVT-DAHEJ-01487,19983c988c7922554a0fc54eb806cc6c2f27e818
EVT-DAHEJ-01488,609c5df1054d7a2bd3ecdf580a30555a438c3bfa
EVT-DAHEJ-01489,80aea5ac9c16a88e2fa312dee3815b016cde4f04
EVT-DAHEJ-01490,8ea414ab91fb3b942e48e62a02bcececb8c25418
EVT-DAHEJ-01491,08992dd07fc1b268b4e2d36f1799623bc51e61c9
EVT-DAHEJ-01490,7fe94213ceffd8675fed7adda23af8c09daf378f
EVT-DAHEJ-01487,f183ba4cfd61bf276fc325c5fc37a50fb93a0f94
EVT-DAHEJ-01492,c78040021ff57792401699fcc60034dae9f7b0d1
EVT-DAHEJ-01493,0038073242f347ee4f50100c13cfd1a01c134a27
EVT-DAHEJ-01493,5086f16abe6ba50954bfe99dafef1592bdc94c94
EVT-DAHEJ-01494,a1db2597ec4c491950c8b7b055d6e8e17ffdb7ee
EVT-DAHEJ-01495,27eb3d6f3303a55399286e485dd953d4fe345d53
EVT-DAHEJ-01496,40d89d244719d035cc35aea73b1b994261e3c330
EVT-DAHEJ-01497,5a8bf06b837cb8643237397f39ce631aab25649b
EVT-DAHEJ-01498,64cbaeb6030c3013597d632be282dec7c63f69a2
EVT-DAHEJ-01496,d411c6ed4a719a1e146d26963de5bd2dbb4ee52d
EVT-DAHEJ-01499,e5400f070b95a3e2dc377ef2298469fcd588e47e
EVT-DAHEJ-01500,a08668d5be005db7e5bb873a53158b68e21d3956
EVT-DAHEJ-01500,a1ad8f74f5376396be12902ca1cc721c59516d3b
EVT-DAHEJ-01501,ebbac2ed049b067858ead1d2fa94b08c32fb4685
EVT-DAHEJ-01502,a4ccf8ae704222e2ab8e8298ca09564cbf5142eb
EVT-DAHEJ-01502,bd45457b2d52afd16ce0e7f95b5c673b4d1ab642
EVT-DAHEJ-01503,e251c3a293b510b9e735f8c7acc2d07969133120
EVT-DAHEJ-01504,8c25cbe80cc188a92da4e2b7d8cb33fdb917f44f
EVT-DAHEJ-01505,654cde1865b7b6028970d08e140a5a605333c29c
EVT-DAHEJ-01506,00cab02188d2c27a1538519ac0917d4084c50416
EVT-DAHEJ-01506,4e29c4350f21ca1609289df8da897f8f03fa06e8
EVT-DAHEJ-01507,72215314e538ae8f8d0de6594d9e20015dfcf173
EVT-DAHEJ-01508,7c0b44cdb8b29be75d4725c9856d3a762dfededc
EVT-DAHEJ-01509,964565498d1b882052594426992cb61deed3b881
EVT-DAHEJ-01506,58b35717864636ea31af3078418238b033a07e86
EVT-DAHEJ-01507,6d1eb98b87ce6d655e5ba3631beb434cff5a58cd
EVT-DAHEJ-01506,8091246ae4c14604341fdf9e47e4b52931c9f467
EVT-DAHEJ-01506,dd7e3d0aebec76819240625fe95ea370fc1837f2
EVT-DAHEJ-01510,d435aedf02fae2469324642dd948afa8d1b515f5
EVT-DAHEJ-01511,13ec4058253ef678712d7b5fa546f2461a37e984
EVT-DAHEJ-01512,37a6b653b495ade94b75875b9d62f36864e9dfc7
EVT-DAHEJ-01513,62dcc53aeae96368b1e9ec9a2fb45f68305e5d7d
EVT-DAHEJ-01512,ad3e9c3fc089ccc60280c21084703871ac2f93e2
EVT-DAHEJ-01513,cc7b40c5aaab2b30107c7bbf998efeb418db09f5
EVT-DAHEJ-01514,3a780f7adf7440f6d9f974438ec20f5df5c83626
EVT-DAHEJ-01511,544f5c25f2f2b064d3de035a4347cb00a2576ac2
EVT-DAHEJ-01511,6fd8f1774a9cfd424fded42167bfb511ee2b579c
EVT-DAHEJ-01511,7bb064dfd3b611476605b7e3855b9a666662a23b
EVT-DAHEJ-01515,a1b6491ea260298456071238c204df17bf3dbcb1
EVT-DAHEJ-01516,dd2a9147a6c5c74741d0c33e4c58f06fd3b46675
EVT-DAHEJ-01517,0cfa3d3a7a746a85549b50d8bb865653eadb5eed
EVT-DAHEJ-01517,1e45fd1d879eed386a8cce90a911049cb2331bac
EVT-DAHEJ-01514,2c6567f65ab7ba90cf423c2bf24713fd257ca1f9
EVT-DAHEJ-01511,569c19c436c97cfd43c8f5b48eaadbbcacdde211
EVT-DAHEJ-01518,6a7db8bc5bcba2d675c2d119035978a8a1eee9f0
EVT-DAHEJ-01511,8aae8cc37baef0b9721faf7098341c219185f66b
EVT-DAHEJ-01519,8d63c36e64c5df3c28779128f5e46ca6d668c66e
EVT-DAHEJ-01520,930696273f9a817b84244ab5863f7b6206943248
EVT-DAHEJ-01521,9edf024c5d1573b5288fbd028bdd82568d742aa6
EVT-DAHEJ-01511,a5d8da944f846ddf6697719e9bfb7329f7665c1f
EVT-DAHEJ-01520,ad04fb3f4f553989b175ed1b4ec6f4a37605ba9b
EVT-DAHEJ-01511,f02383d3233cabc9f431e7150471c532d4ca2434
EVT-DAHEJ-01522,18dbc9edd2da051317d8f38204abfbe85ff8cc02
EVT-DAHEJ-01522,d5f5699b0a5259231f6c93387f85a66f68b3b30b
EVT-DAHEJ-01523,8aa11a1166d3c6a0df917adeb4c01199ad6f1f32
EVT-DAHEJ-01524,a0357b7d0d15beed8644b5149334923921fb7736
EVT-DAHEJ-01525,40e54a942fa9383e09123edfbb1096929c123973
EVT-DAHEJ-01525,8250efd11790eaa86745cb3d192dda8453a4c9ca
EVT-DAHEJ-01525,fefa414fe1fd00d242f63a4b337f638435401b12
EVT-DAHEJ-01526,7dec2915cb593122360494ca76b510d93f2d2dd3
EVT-DAHEJ-01526,a816b0b46ad8e0e5f976bb82f12132703c05cab7
EVT-DAHEJ-01527,52328e444efa0185b0d3cafc99b3f1ba102ea5be
EVT-DAHEJ-01528,599ad7e4bc8f0cfa72bf4d19e74fb38ddcbc8026
EVT-DAHEJ-01529,dd3d1279bbbe653bbce5fddc74f6c0f2cfc507c2
EVT-DAHEJ-01528,9aa24edd87c5eb87d1e7437970848f007ab2b85c
EVT-DAHEJ-01528,c8cd31a9099e523c07d9f8271df193c7341ce2dc
EVT-DAHEJ-01530,f7b8b8344e9857fe06632b2ecbeb472a68edcb05
EVT-DAHEJ-01531,065302ab0279d6e7f4425e22c0393fa8c534c14b
EVT-DAHEJ-01532,2f14a61eb975b63bad746fda00e3f5ea0ee3818f
EVT-DAHEJ-01533,da601d91ac7401f460f2e4d73ec536760046ab61
EVT-DAHEJ-01534,062c50aa339b78fdf8a255133bfc9a0a502c08b6
EVT-DAHEJ-01535,c7cd28b0e181b013f9b1779e29ea09bb5fb17a68
EVT-DAHEJ-01536,d1136e8b542e01211f3d1d5bc933c07c0b62b7f6
EVT-DAHEJ-01537,fbff83d9119bdeb5e83556ad4db783721c63b216
EVT-DAHEJ-01538,aae55b944c38e3906a449dc53ede7ab3e30c2a25
EVT-DAHEJ-01538,e01202085c6a9cf13cf4b1f0f9e71a81976f5872
EVT-DAHEJ-01539,39ce502fa9ae42f193fef1e0b724964c117647af
EVT-DAHEJ-01539,f7bb7df0c31a75b27bd3555a70ae30987022580b
EVT-DAHEJ-01539,13fd87197dacb878518d521e9f620f029247cfde
EVT-DAHEJ-01540,f91a0dfd33f41806dd3acb8f0e7b93da93369f3e
EVT-DAHEJ-01541,afec21b8ce59ab999f22484055e3ac6e146e55f3
EVT-DAHEJ-01542,a7710254b032635c0c2c91809c8e5ca08f0b7db0
EVT-DAHEJ-01543,5054cdff471ed4e4e27f8a4cea217d9b123b8e9f
EVT-DAHEJ-01542,adced4bd6fe96fde2e3bd1f407c6c98b1cc7d4e8
EVT-DAHEJ-01544,3029651a6999b8bbf1cf2680af14d7355b0dfca8
EVT-DAHEJ-01545,19b8ac41ea0a5e8f27335c2189815006a2a519ec
EVT-DAHEJ-01546,da902adae8d2c03e4137203ec1cf7afc73e8717f
EVT-DAHEJ-01545,e20f7d8ccf1309d929d800227e842331ba35ffb0
EVT-DAHEJ-01547,547eb45834ed52dafb2c7ba0d0350b764a1d67ce
EVT-DAHEJ-01548,70df7599321e52103bfa33bbdc7d6295cbc5c7ee
EVT-DAHEJ-01548,7a604509e00ac3632656cd7900812dc13909da21
EVT-DAHEJ-01547,841ac0a7a301242870a0c6a256a00bce48f04eab
EVT-DAHEJ-01549,9f34a604ea856ad175035d3b65c2f2ab505bcb16
EVT-DAHEJ-01550,eba2cfb542a2c8f9ee745323e39ba9cb2f6cac66
EVT-DAHEJ-01551,0f0a4d22ab38c67469b98ca5ca99ea506655d44f
EVT-DAHEJ-01550,3daefb462723581de75bc24e3afd6faaa95b5635
EVT-DAHEJ-01547,bb622fa3bea3baebbafb6876e57534d50b966b2f
EVT-DAHEJ-01552,c42733e4868479c555f9a058be914117682547e8
EVT-DAHEJ-01553,5ca0a8b9d839b1fc224948272fb78caac65db104
EVT-DAHEJ-01554,2cd89f9f336628b8a6df4b215b8493b9fb37ca0f
EVT-DAHEJ-01548,7a2c53cd7b2f569ef6b44521f45f9fe856930a05
EVT-DAHEJ-01555,94c91c126ecd62d0b9c35a0168d72378af9b2ba8
EVT-DAHEJ-01554,ecb6823c0f0f4fb0acd2fd3cd0fa1dcb7a1a6763
EVT-DAHEJ-01548,a3ba8c00caeed9e2f7d02747135a78b583002587
EVT-DAHEJ-01556,695bdbacdb209a2ee260bc6bec482282cd9158b9
EVT-DAHEJ-01557,449209dc43e7574f56c5f7c6d5ddeaefb15aca13
EVT-DAHEJ-01558,0df592f35ab106e13ee23d3ae2569f37745981e5
EVT-DAHEJ-01559,5ccaa2edf3d6fe972d87330051a6a34476290251
EVT-DAHEJ-01560,78dd0c1e31197c519b877a86c4b25f19b635b549
EVT-DAHEJ-01558,a79ac2cd3d7ab99e5a3a45c1ce9e0d218096bd81
EVT-DAHEJ-01561,cf6f0da91284b7e1107707d1b5ef003c7e0781f4
EVT-DAHEJ-01557,d310228643759bf110e2ce179f24da398b615c14
EVT-DAHEJ-01562,de5f66507b2ca8c8db43f5a071e976c56a4d4907
EVT-DAHEJ-01562,ee0dd447cd310f892d3b004f5238d71096ac904e
EVT-DAHEJ-01563,42d54cda402fd0deea5fa5d502e13dec980d44d6
EVT-DAHEJ-01558,c7bb07668bb345c26296e10b8600bb835e77f62e
EVT-DAHEJ-01564,60e377d30c4677b37e4a0bb6584b742149397d3e
EVT-DAHEJ-01564,985363fc1de9b3567b8294c42e15b537b286dcf4
EVT-DAHEJ-01565,176beed5005156c7a0d31e57d2e3bd90429a8122
EVT-DAHEJ-01566,3708023009652fe043295cfbb9df419181c37823
EVT-DAHEJ-01566,462c8d2f465b8e3af13a1a202752f6a85674e601
EVT-DAHEJ-01567,835cf86d352c5e7a2caaf0813e12dfd12347c00b
EVT-DAHEJ-01568,8d04eb36f58d8c03f42d68dcd7e5fe7a9233403d
EVT-DAHEJ-01569,d372234cb9f19674e72b9e5046acb6388ca8cca6
EVT-DAHEJ-01570,1b11caba8e0633b6a8fa92aa2c0d7850747243f3
EVT-DAHEJ-01568,5738abc5286e2ea75a97e4d64201295e6340b2c8
EVT-DAHEJ-01571,b56971fdeb5f21d9f86e2966aec9827d40ca8cc7
EVT-DAHEJ-01568,c4f39040d57c703b98b28f842cd7652a206f2234
EVT-DAHEJ-01572,5d38ecd1d1fe312fd10ea8fddddd034d2e344661
EVT-DAHEJ-01573,7704ebe1f5215f9602b004ad8c085cc57d87ff99
EVT-DAHEJ-01574,7aa9e262280e61c47e8376a1298563d1dfcbff1e
EVT-DAHEJ-01572,7c23681292ee0564bcea02827db3db0627e4a3b3
EVT-DAHEJ-01572,96340157f41b691f76696bbe53540a923d398b86
EVT-DAHEJ-01572,ed1d12bf713428e4f6fe6674d3e304deb5a798c1
EVT-DAHEJ-01575,ed25631d81f8a37ca0813b28753e7aaf35b39ee2
EVT-DAHEJ-01573,f7dd1635ca813ae76830d13284b8215571c663d8
EVT-DAHEJ-01576,503997cae1fa16a73c57c76639cc12ab7713e0c6
EVT-DAHEJ-01577,5e24c7ff8284335b61700e3bb53556f6546491f0
EVT-DAHEJ-01578,75af8887d99f3f09928a2bdf5d11f8f4fef56517
EVT-DAHEJ-01579,a12fe926118b3fe6f71855a54b67198f77068db3
EVT-DAHEJ-01580,b909659b79f87abccbb256aa7184540b41d6ea67
EVT-DAHEJ-01581,3c12c3bef83345d2d57af1d14a2d88d77f4f30d8
EVT-DAHEJ-01582,53e8968f3c09e61587365bb0a432713729c8b03b
EVT-DAHEJ-01583,759339686fc74d7ca54ffaaf8cfe5bc657a7806b
EVT-DAHEJ-01584,ec8f0cd51a012adf20ecd9287eef900916e8b7dc
EVT-DAHEJ-01584,f793ab91759f072a514e6cf904e77b511b497377
EVT-DAHEJ-01585,485aebc890cbb12896c4911ca9977cde232ad6b7
EVT-DAHEJ-01586,c2a62b463289a7edc875f45720e4563c37b99bd9
EVT-DAHEJ-01587,068bbf3cbe2688baf6120ddac40fe44287853ec6
EVT-DAHEJ-01588,50c74f205546304a3a63e657ff82a6242c32490d
EVT-DAHEJ-01589,76171f54ac307504ce689096218398bddeda8785
EVT-DAHEJ-01590,e13d74f7d56207463aa582ba8f5b243f8bc15360
EVT-DAHEJ-01589,ee7195086b675da21bd924f9533dc41b9b645e3c
EVT-DAHEJ-01591,7b83ccc2b1a78a58809bdc40af58621d60a307aa
EVT-DAHEJ-01592,90b34f3966070dbae3b7b1b81c9f47a96b646adb
EVT-DAHEJ-01593,abc4f5f1fb9d5247215247c5d76c8619851aeee1
EVT-DAHEJ-01594,f3739afef528f006d877cf65faac006f34c87bcf
EVT-DAHEJ-01595,7cf9b155dd5bd38b82b8ebccae767e9ae7058462
EVT-DAHEJ-01596,25963878c2bf422667b344e021d313a824d71ab7
EVT-DAHEJ-01597,398b34f8a297554bf30d77eb3fb598fc19736881
EVT-DAHEJ-01598,57d008afc66061daeb774d7646443518f88acc8f
EVT-DAHEJ-01598,0fc4e29ef00942dd4652d350daa8b99dd88b419f
EVT-DAHEJ-01599,5b9e181bb9483cee0824013a3e3316beca0be76d
EVT-DAHEJ-01598,871b509070d4f9b5bb04461e9dc4491c5fa1ad77
EVT-DAHEJ-01600,0940edd5e277b701a7f1f4580d76095d1bd92825
EVT-DAHEJ-01601,248a4f4b857af0f64b80288032ce7f6e1ad064b9
EVT-DAHEJ-01602,960799380b5ef716452c2800a38b5cc1a54e5c15
EVT-DAHEJ-01603,d6e0b1dc77f87f13ff3cbc70f7f4c33c4ccc6aa1
EVT-DAHEJ-01602,0fd7844d30328c57d6be119cff82310fe454d6f5
EVT-DAHEJ-01601,12702bde7ab3030c13310a62a1fed4553cc398be
EVT-DAHEJ-01604,190baa684700dbd7fde81a8970f7e3d4cf57bc51
EVT-DAHEJ-01603,2274aac4a19036f0e4dd9bdad672ed3909394f24
EVT-DAHEJ-01600,257d72b1aee374424409e0fee377e1be37c253fd
EVT-DAHEJ-01605,6b971c7a6a402e7abb3e4b71a143523394393c44
EVT-DAHEJ-01603,98d6561b3b140f091b3ec233912c5d579809695d
EVT-DAHEJ-01600,cf6d1b1165974ce335fa005e552538303fef79b5
EVT-DAHEJ-01606,d6a70f48420a92779af4cd8de47520bdce4764d3
EVT-DAHEJ-01600,ed7a6b696e9822bd59ffee0c7dbde172eb16e340
EVT-DAHEJ-01600,0f92c1ec217f4bf36661c97b9391fbf651017aa5
EVT-DAHEJ-01603,22ce99005e19c3b3d81d071bb9ecdfe98c0a4987
EVT-DAHEJ-01607,2a3860f3e7f9ebf5216eed936dbed2df6d06833c
EVT-DAHEJ-01608,38277a21a3ad1751eeccc4aa0cf5eda8464d0e0d
EVT-DAHEJ-01609,40666dde1f123f6ddb60cb6525bd1c23cf33a91d
EVT-DAHEJ-01610,5196954a69881a8f1bb44e8f21f21b91243f00ab
EVT-DAHEJ-01600,57b5782caaeb7771a937c1fb3769afa0d9aaf7d8
EVT-DAHEJ-01611,75f5ef2c8dc126639909da930d2de41e6ec90dbd
EVT-DAHEJ-01608,8503dc164fca0d2db11fdfcb64b86c5eeb93e1b7
EVT-DAHEJ-01608,87b11339366840e2c6766bd19264cf789d1f5962
EVT-DAHEJ-01600,cda4e2929a3478ae979a539b475f9f60c611c689
EVT-DAHEJ-01603,d783327df280ea69f976b090476c1bee588d35dc
EVT-DAHEJ-01610,d7b0572b223e8da578fe038371d5f1ed1f65706a
EVT-DAHEJ-01600,da7904e506b6af58b4215e95f353734cb7c9ac0a
EVT-DAHEJ-01612,edd95b215a2ef8b58c3030b1eaa240118f3d8f2d
EVT-DAHEJ-01611,f2f8cbe57d9830ec661c63428794dbdd2abdd15f
EVT-DAHEJ-01613,39fe5f9532ef9867ad84649574adb24334f6d363
EVT-DAHEJ-01614,4b8bad0dfe2878cd2a46ba13eb9b06810fddc2b6
EVT-DAHEJ-01615,80e1fee20a4cff92a70e1ca9e6eb3dd158ad7cd1
EVT-DAHEJ-01616,9106d6af189f4c48962b360814863c161c4d81e9
EVT-DAHEJ-01617,f647f0615589ed22db52463986d422a640df84e2
EVT-DAHEJ-01618,890fba63a476bc011d98a3490962e5235bdbc4ce
EVT-DAHEJ-01619,7020149b23a0f07f0eb0510ca6a2598abd265e05
EVT-DAHEJ-01619,e1ac5bfb5d2963b118fc00a6ea4b30adc9088758
EVT-DAHEJ-01620,11caee9fd0acd24ecf1c93a71e5512d7552b146a
EVT-DAHEJ-01621,b6ac747c9300772748c2b1314012a4ccdebac65d
EVT-DAHEJ-01622,5dde2725909c3502debef71bf2e69c7a37a2945b
EVT-DAHEJ-01623,a86a24382e0703de01d156c28b2668c067d3579c
EVT-DAHEJ-01624,85cacdb033e36a0e85909e241539378c7b264cf2
EVT-DAHEJ-01625,cc817e2743d32aa23c08ab55b1d178e7601f2909
EVT-DAHEJ-01626,5a56aec12531ab2b8671ed2a6a5a30db6c6940d1
EVT-DAHEJ-01627,d020cccf6c52ac76963b5f94140891b9ef6f16c7
EVT-DAHEJ-01626,0f5949f252691abe15c1592c70587e7fef3345b0
EVT-DAHEJ-01628,124358fecb0b1e2d0023e99e81f2ae9d695a52c7
EVT-DAHEJ-01626,53071b39413e04247f8626fd05b49b448176ffbc
EVT-DAHEJ-01629,71ec2f0b5ed866f67aa5c94de7c3291fbbb540fe
EVT-DAHEJ-01630,ad0d4469ec4ac337dc6b95c74fdcba65d8289117
EVT-DAHEJ-01631,ba5fd4aa313b028c4ea588a931e63839b617d50f
EVT-DAHEJ-01632,374fabb826cbb7d94857d8736328ab3730f8ac9a
EVT-DAHEJ-01633,f82fda6aab54f2f6c71b934145898d6bb55ad99d
EVT-DAHEJ-01634,144d6c01ed9a2c7fb3dbdc48c703636ea66505c7
EVT-DAHEJ-01635,192ad00fb6e455cc9b1877b3bf4ae7145b558ab7
EVT-DAHEJ-01636,84d2ce2280643f8bc6b917142ea519d38f027baa
EVT-DAHEJ-01637,fbea040d78465ca5f98af4291c396db5fe3d4747
EVT-DAHEJ-01638,63e3a4bb377f4f3f918eb1537f4ffc0b504476f8
EVT-DAHEJ-01635,7c1be0f7ccd389cfa0675ded1e56c18c5943e73e
EVT-DAHEJ-01635,9a989d0daabe66259475ed723d74784712cafdd7
EVT-DAHEJ-01638,aafd275cf4046d8eadf3b134f0374490dbdf4015
EVT-DAHEJ-01638,2dec842cb12e4b24840f68704a0d94ed727a474a
EVT-DAHEJ-01639,1b194033948db7ded209b1aadb4693a6cae64696
EVT-DAHEJ-01640,b4b14fb7b7ab25b973388b815ac609953b73ccd9
EVT-DAHEJ-01641,c8c2419d4370c2aaacdf2c720ab818e2a23f756c
EVT-DAHEJ-01642,21f6e421970bc68a5555c6e191ff0c1abcbd95d1
EVT-DAHEJ-01643,621e6a735e99147bdc0d954f587b6e48f34d1239
EVT-DAHEJ-01644,093354ec5b66a39e441104b5f1d2bd2efe594372
EVT-DAHEJ-01645,6c2c0d9c57c6537bd0300184673187e14f009016
EVT-DAHEJ-01646,8ec470b9fb742f03eb28c7c4f771322e1c271cf9
EVT-DAHEJ-01647,f6136f7c14bb18d7435cfeab828be79d19665b0a
EVT-DAHEJ-01648,61064f935ee662d45ca37173321fc1843776e9f1
EVT-DAHEJ-01649,5f1666950fd61dc94686c514e272a8f4fa8962f4
EVT-DAHEJ-01650,b176f80f7710cdbc78fa0ca0f4804b4eeefa2a0b
EVT-DAHEJ-01650,ca98a91e65e14f1d0a04723e9664c3d7b18f2b98
EVT-DAHEJ-01649,e122fa165fcbb07cc08cb68c4c6c1788076c6fa1
EVT-DAHEJ-01651,15d21d2188a13bd53ecebaeaae1928b74e054628
EVT-DAHEJ-01650,3388a7c0dc0c4eb9683b9822e77ae89610c36f95
EVT-DAHEJ-01652,4224a4dac89db022bdbe8c0ed11353f6a094c7bc
EVT-DAHEJ-01653,6721c3ac60917df1237206afb8dc5100b6691e20
EVT-DAHEJ-01648,846e73e777b5c8199703deb2168fd933d1e01505
EVT-DAHEJ-01648,bcbd9aedf1dc27ce297435e27016f1825b5b3726
EVT-DAHEJ-01654,39ce7cbe6db5f082ccf22aa39485195369eada4f
EVT-DAHEJ-01655,4a0d7793e8edb999d65d89e242c5cd9c74ecd8b1
EVT-DAHEJ-01654,7bd8143fa86b40dff98f99675b9e432a8d21ae50
EVT-DAHEJ-01656,725a8ae748389faeb85becd8a9448d236c8e5eac
EVT-DAHEJ-01657,865be1c7299813dcf1a5e8e4b7a9256203550989
EVT-DAHEJ-01658,9a57c83fe2be7319b1a205989561e972a78e46ae
EVT-DAHEJ-01659,354ed7673e9807d5abd445a40b81c2907093f8cc
EVT-DAHEJ-01660,404a9701bd383603315d879ff1da41fd7909ddb5
EVT-DAHEJ-01661,7b38a4696fd85bae612c0e914e30ea3391e5f5ef
EVT-DAHEJ-01659,e073675fd334ec8213db271ebf27cba7e9242425
EVT-DAHEJ-01662,824c20679f69fce712b0dcb6b34b5cc3f7870230
EVT-DAHEJ-01663,931c5aaa8913450c0908a9a0d33728174914df36
EVT-DAHEJ-01664,e476006859b5a4ec3278f042006eccaf8f9e5aa0
EVT-DAHEJ-01665,6d8af62a2268963e9eb389a7d00b231e72f7cee1
EVT-DAHEJ-01666,8caddb7675b12f755f20142be5bf4e8c4a55602f
EVT-DAHEJ-01667,c5ed7ebd22fdd8db352781c7611496abd1a49fa5
EVT-DAHEJ-01668,28bb9ae99a7835bf14d8212e59d157a468bc3b2f
EVT-DAHEJ-01669,66d773715b954feba3094d41da0ba55ddb7eff34
EVT-DAHEJ-01668,737b1df99c960cbc26e6c9f0e178bf6e1d7d09e1
EVT-DAHEJ-01668,85a38be18f9e8aa21a11129e42c0ed3679b2d768
EVT-DAHEJ-01668,c26e196c0ae3dca25cef9d690d929d9f414a32b0
EVT-DAHEJ-01667,6601e34095fe69f04cfa2a99f634c38a02489a4c
EVT-DAHEJ-01670,4e563ffe1b31e988b7cf4928f23b3d36c63b2cd2
EVT-DAHEJ-01671,4a947b2fa7f52a4c6db8437ddf2ee3df7523f106
EVT-DAHEJ-01672,686894e58164b651936a802cd2483860878e1066
EVT-DAHEJ-01673,86b7abde814904103ef0893ed3b53909b4298e1c
EVT-DAHEJ-01674,b8ad4a247f5fff5c745dfb1b1ef9f4291db0de27
EVT-DAHEJ-01675,d0102e31e4d01bb35e69ee745d4eceaeae2326f5
EVT-DAHEJ-01676,e5aee9409b4a7939870e65a69d5c020d170a86a0
EVT-DAHEJ-01677,08e83c29e510d4aad9401a4c02660f0d37f12678
EVT-DAHEJ-01672,158049d4f9c234451d3782323c03fbe34532f9c6
EVT-DAHEJ-01678,4aaa4d74513eeef35060bfb0e231b6a62a22ebf9
EVT-DAHEJ-01679,5c0dc76cd1585237aeaa9a6021f8ec9816ff118b
EVT-DAHEJ-01671,c43be3d3dfa8a90d3569514361205c024ecd9e03
EVT-DAHEJ-01675,8b68ce9a0d4ccea1a358b482b6dfeff2271dac74
EVT-DAHEJ-01675,22566a25315902d1fea4a2303cc418c6f81a94e4
EVT-DAHEJ-01680,0d1cad6ea7bf362e8fe47ac5daf26b676b61e851
EVT-DAHEJ-01681,0dd7398e4bfdc02b2bf9c24fc60e1d5322bff368
EVT-DAHEJ-01682,7b7ef2c9d174e83e27f87bc7f159bf52a735fcc4
EVT-DAHEJ-01683,915e1d631b6d654facba121374e8e3b021bc04e1
EVT-DAHEJ-01684,beb7ddcfbc5e2e029605d709e0abfca44369d84b
EVT-DAHEJ-01681,c105826023466a5bfb44a2baa9134f6521ea1c8f
EVT-DAHEJ-01680,c21b5456f371d6eae047b9043734d3860225867b
EVT-DAHEJ-01685,c9aabda4d2714520d5508479cf985f638282bf15
EVT-DAHEJ-01682,4cdf42918390b2b6a7c85990def0470db74c3865
EVT-DAHEJ-01680,74946d6730289652aa2812fe14af42b2f2bae23a
EVT-DAHEJ-01686,cd8348cce73f6ee2d9ef4397ee7040cff194250f
EVT-DAHEJ-01681,f4220f243bb5a286894ffafe5e2ea4102eb2176a
EVT-DAHEJ-01687,06981c4e532d5bb41055f3f15a88c45485f41b01
EVT-DAHEJ-01688,0e8d888168127014d4e3339135b1f604fa79a05e
EVT-DAHEJ-01689,3a5bebaa9131acc93b4bce8d0a04017e6dc8ca2f
EVT-DAHEJ-01690,59a136bad90fada1230eb7fe1dc78c69528a6638
EVT-DAHEJ-01691,cda11398b1e2e284783d7309a71786faf4fe8a50
EVT-DAHEJ-01692,a637d146807551c4329e7d15d34a56b26e1d26b3
EVT-DAHEJ-01693,5371181f553244aa2e112c5e53e879d5f4cf64ad
EVT-DAHEJ-01694,3b423e4bd0a9c7cdf0894a3506ba3e651329f8ee
EVT-DAHEJ-01694,6f5c0f7b32b58655b17f4089c78f5dc93764183a
EVT-DAHEJ-01694,a03e98de9b7157ae348b67db348c83949378070c
EVT-DAHEJ-01695,d4dd26ab44a1ebe86007459b8937454efc1e8151
EVT-DAHEJ-01696,80437f521cc48179d3523f7f58a3cd97ed950cd9
EVT-DAHEJ-01697,8909997aed33143131f0753522c20fe8aa453a0f
EVT-DAHEJ-01698,dcf17c492a4ff6e7d9c986e04ae6fc74dfefbfa5
EVT-DAHEJ-01699,c3f643e5a332a171c0a8c1def79e51c978d1b8de
EVT-DAHEJ-01700,459d8a9d32b7e476f8ba3367e26ca3d73ef1f2aa
EVT-DAHEJ-01701,4752de5ad43618b74c3cdaa25f4440651330b280
EVT-DAHEJ-01702,dfccc06f4aec3b433278eb044ea821c872b4f0b5
EVT-DAHEJ-01703,6a5e30cd7003d1cea8279c8e3c318e6d98887136
EVT-DAHEJ-01703,e97cf955cd473ad850bd22846faf7034c3cc8271
EVT-DAHEJ-01703,1b8c2f741eba0c1654c648f2f066af1bbe4e8115
EVT-DAHEJ-01703,9ced4c2e372127c5afaeddbdea28ea4618069a7c
EVT-DAHEJ-01704,710058da8e2e2266bb91d7633b4b18bb8f613f10
EVT-DAHEJ-01705,c844cd43ce6d474b899adcc36906609f1aadc502
EVT-DAHEJ-01705,378b7e80b547c100c42fd98d69999ed027abc64b
EVT-DAHEJ-01705,b218d9b519f0fdbb63b646883b2fe9ebfe635583
EVT-DAHEJ-01706,20d7aa5d2634e6827c4758e9b59d865021a833fe
EVT-DAHEJ-01707,88e0ae69f7a9355a79c20088a6fd0e296412db77
EVT-DAHEJ-01708,97a4ffce1a8336fdd46dc42c8de061469869dfe2
EVT-DAHEJ-01707,6a9bea2f3e7a10678ca1ace1c1e3a5d9337bbfea
EVT-DAHEJ-01709,d1daeccb36cce5fe5f00eca796810f907b2b4aa2
EVT-DAHEJ-01710,ce9813d9da4722f1608368171d4e6caac1901eac
EVT-DAHEJ-01710,d6dc45c86333cffb92df9df9e5cf0ceb8d80fadf
EVT-DAHEJ-01711,0efca87c0a92c90271748b972e35ee1c56996089
EVT-DAHEJ-01712,20170b175f34aef994ebe109165e62a5c535b363
EVT-DAHEJ-01713,86a65cfd98b1dbf778fd133b466059b56e142fdf
EVT-DAHEJ-01714,aa8f76e2b28454f83ad37686e94b0353bc7d64e0
EVT-DAHEJ-01711,d3a07754192d1013aacc997e419529f4bdb96e75
EVT-DAHEJ-01715,1e5a3e80c9ae92b7bcf5dac4606329a20fff6010
EVT-DAHEJ-01716,3094cd550456a0668b7651913b3b29190de4f9cf
EVT-DAHEJ-01714,a40bd90b60d6e11b0ea86c7db4f843bf46477e6c
EVT-DAHEJ-01712,ce94bee311a81d9d7c100c087d806f12fe87f68f
EVT-DAHEJ-01711,5bb9a247d39c8926f11adf2c9959178dbdac5912
EVT-DAHEJ-01711,33975e26840e974d0f4b8ba61465b66b555ef5ff
EVT-DAHEJ-01717,63b7c68f0c6392087e335b7e63a4d48af0eb364b
EVT-DAHEJ-01718,0df5857ac7db4f617fb2347f79657662cf181262
EVT-DAHEJ-01719,c512b7f53aef115ac0e65d886d8242d82a78b67e
EVT-DAHEJ-01711,daf28bbae5be9ed9865156f5a29290fb22175b75
EVT-DAHEJ-01711,76bdafec542102c4d06e57ac8b587d25a70e22f4
EVT-DAHEJ-01720,69614bcef87047f035d40a5ff1cd030e61d71235
EVT-DAHEJ-01721,d0a3b30d17628a782507f011737aae680f57966e
EVT-DAHEJ-01722,db11a0eae6689bc1c6b232eed54dae2c44b1627b
EVT-DAHEJ-01723,0264acfb49209c9af70ba58e43242bb6f9b9ce46
EVT-DAHEJ-01724,3f33aa2f572d45a7da6a46d2356c27e138aa3c46
EVT-DAHEJ-01725,4934b45a55aa582474411fd875e5471d8635bb1e
EVT-DAHEJ-01726,69700eeb273bbfef883ccafdfe12a0d18d5a6cf5
EVT-DAHEJ-01727,dfcac171212848b70081b986f32313f7f30eb9bc
EVT-DAHEJ-01728,ef3ce188e5574b1b8c2c7d0dcb858165500dfbd2
EVT-DAHEJ-01729,3c680f7f1b99c279e7c07af9fc08464c53cdf283
EVT-DAHEJ-01730,40c4ca58957060bdefe9838e4e7e7ba348601551
EVT-DAHEJ-01731,97fe64c3eaa533a9a0a919a41b82cfd9446b143c
EVT-DAHEJ-01726,cb9bb6ac3e447f7a723fa4b2d3cb2e836b766bd2
EVT-DAHEJ-01732,8a6058f6661389b230e07145d774eec2791eba6b
EVT-DAHEJ-01733,2834f2cd814af2be75c9a0fc8edceaec09c4f00d
EVT-DAHEJ-01734,3d23e3a6d13c30329a84a32ee0e7844f3b8d5587
EVT-DAHEJ-01735,68e062e52a9f6cfdc1cbfc0b0c7574cf9d3a75a8
EVT-DAHEJ-01733,75f07c323d1bb814d362d84517bf012a98ee63ee
EVT-DAHEJ-01736,870cb76c5e23e1f4b7c5a45a953840f8e6748aaf
EVT-DAHEJ-01737,b66cb7323d3fcba736e996186c477cf40c2e5b58
EVT-DAHEJ-01733,b838dad8a8d44798a6a15dde8c9f69227768a443
EVT-DAHEJ-01738,1be12f94202e2b3a68a2ae630882080e9a07099f
EVT-DAHEJ-01739,d038bc60a0e586d55242739d55cdc235e883ab3f
EVT-DAHEJ-01740,f3b51685bb3424a67ecb62f251a842883e339ffe
EVT-DAHEJ-01741,d00775b446cab1c81e152e78da2e8f7b2bf8f697
EVT-DAHEJ-01742,76c76dfeb0ea04602dc68cf5d9037035c012f169
EVT-DAHEJ-01743,f58dbe5e39bbe7d74d3223b5b836565015fe2556
EVT-DAHEJ-01742,04f4ef159aa7cc347a2016ce536215c73c0798cf
EVT-DAHEJ-01743,4a7c06b04009898170831cc7298e2584504e174a
EVT-DAHEJ-01744,2af297bd98c11b5d97023d090b6a9900486dcf73
EVT-DAHEJ-01744,67c50bf9c6b13bda18bd473335b302239fe77ed7
EVT-DAHEJ-01745,83beedc246cd4753061b77f84883124eac058965
EVT-DAHEJ-01744,a1528eb4e82b6c1f90962ace7875223dbeab5fda
EVT-DAHEJ-01744,78967571d6dedf56e1fe147d4068c45beff5c733
EVT-DAHEJ-01746,e0291ae3c2413286444d6ea59031b1703970123c
EVT-DAHEJ-01744,fce1898cb42d1e8804e63fd6746c6b6271928a49
EVT-DAHEJ-01747,1adbe59df694f7bef87dc31957afdd7409c06ab4
EVT-DAHEJ-01748,ed2c2b4c0a639b3ca36163c7d8d0220078774988
EVT-DAHEJ-01742,302a8c6f44d14fa1cf45c5fdb5143deac7132ae8
EVT-DAHEJ-01749,078d311bc684e126ba35c3da7196f09d11f30d0a
EVT-DAHEJ-01750,19c878111fbfb32210ae5f1fcbd081ac74965e31
EVT-DAHEJ-01751,559636a492d5289873fadf5c6e3cb8e1bd9d7ea0
EVT-DAHEJ-01752,e419986512791541ad3f2cc0ec269d16a4a8cd21
EVT-DAHEJ-01753,137207304daf11d6268093d2e74186506cfff835
EVT-DAHEJ-01754,1458fce9a2389d9efd0452e5a7a027787b4151b9
EVT-DAHEJ-01753,22dca8d7fc71750426db4d5648e99fd62a6cdda0
EVT-DAHEJ-01755,6a8c8af05427e6dcf396b2d6ae698ec69b13e9e8
EVT-DAHEJ-01756,aaacf402e90bdf0ad23b8de212888986497873e3
EVT-DAHEJ-01757,09315771ddb5eb9c10c8972118045b72b7c87ea8
EVT-DAHEJ-01758,17cadabe96d1efab407a00cb542f04fe19413a2d
EVT-DAHEJ-01759,2312912f16db3e33fdf238d239f4b33082acc4d0
EVT-DAHEJ-01760,c34ad4995b1332f80ec8ddcaa8f396a3daa4d4d7
EVT-DAHEJ-01761,cb175434a3b40a8be6ac03839afcc8e4a0cdc894
EVT-DAHEJ-01762,db967ce594c1c8a5e5115a51c9d5f1649e37ca31
EVT-DAHEJ-01762,0cba20964e7cef61101d8b759ce78c3b3166779b
EVT-DAHEJ-01762,2c138400e31a283e05d6c749c25efbb8e11c2435
EVT-DAHEJ-01763,0dab55e3ef0e7094ed601131c8ccc575c6f94b96
EVT-DAHEJ-01764,95e4d31917f14d0f7ce5ffa857219b4beabfba94
EVT-DAHEJ-01765,dfa35096787cb218a5cf72b6502c3540fad68ad0
EVT-DAHEJ-01766,30c77b7e2cc2461e30f5bacd944eefae5a63ec48
EVT-DAHEJ-01767,aabfb6e670467769f76d35c0e94b7486aac11b9c
EVT-DAHEJ-01766,21d8ca6a501ab80708b0d001869f363a797e201f
EVT-DAHEJ-01768,2cf0fd2a6f0f3231552a2586dbdda8610c74f304
EVT-DAHEJ-01768,6ae5cc02dcba1699005156a123ff336fd0ffbdfe
EVT-DAHEJ-01768,cc14fb7bfc44174b8d4a8691e5a0f4cafdd5651d
EVT-DAHEJ-01769,dd782bf6dd6795aeb5a48b3883d868496be2d697
EVT-DAHEJ-01770,3d629042d6e64727d5e4be81df2e385eede3286f
EVT-DAHEJ-01770,b9015eaf749de1ace0ee22e8c297fb59474a973a
EVT-DAHEJ-01771,876a334e48b98e35d2e5b9d6123cb295af3e9fb5
EVT-DAHEJ-01771,9c56cb82c08d8fa247c345e505214bdf4955ae0d
EVT-DAHEJ-01772,137dddc4fdd97f08e91c4c751b23fa7cba58577a
EVT-DAHEJ-01773,169ffbd06bef31159cb40799bb61d8b5614e7f89
EVT-DAHEJ-01774,33d7d94c2a2750847454fceb31ce8daab988ce6d
EVT-DAHEJ-01775,44b61bcae3074c9401e025ade9eb75f1128d0026
EVT-DAHEJ-01774,6c3ea58b43d5689e7691ed5d12d5decea2dfd512
EVT-DAHEJ-01771,c79b41d33be015b8caa721758d4bf9a0612c3830
EVT-DAHEJ-01771,1aafcf8e5272079b226507ebb1dfd4a36981ef8f
EVT-DAHEJ-01774,1bbfabb6ceadb8ab097bfac9f349fbb7346dff0f
EVT-DAHEJ-01771,b0504087259adaf85a9a2f4688948fa614031044
EVT-DAHEJ-01774,e41cc88c4711225093e77b17643605b9eaab9aa1
EVT-DAHEJ-01776,de4b15589234b9bea9a9f34f1b01ab175d22ec1c
EVT-DAHEJ-01777,5c05bbc1eead726d108b283d6a86dd3dbeaab02d
EVT-DAHEJ-01778,10df7687e122b1afe99a62459b3ba6e9c571e131
EVT-DAHEJ-01779,11178d6a5457a87acada4b34d2a34176529a0dba
EVT-DAHEJ-01780,1b6fcc1fa166e74145bbc3255139136ffdc2e245
EVT-DAHEJ-01781,2d7eeea0a98a807dc5624d449021f1c1f3f6d3dd
EVT-DAHEJ-01782,59e9211fd96ff96759ba21e4c46fabbf3dee211d
EVT-DAHEJ-01783,6cff4ac77bbd907426b5f230bf88989214252c6b
EVT-DAHEJ-01782,9394305f8606f8f8eb51bdf5bfa77a4699f3141a
EVT-DAHEJ-01782,b84c1961379084c240be20bd37589d665308112f
EVT-DAHEJ-01778,d0c4f55329f605433e24c795353d2eaa977c6342
EVT-DAHEJ-01784,e62e4cef105fd19b4d7973e54b7d9dea522f1232
EVT-DAHEJ-01782,ea4683aa1896c5e381cc75fb4fc9c51cc3505dad
EVT-DAHEJ-01785,1d8ddf79a229e8b717f611b5c22c7302e1718a6e
EVT-DAHEJ-01778,3ae5d1535ff9f39c33d083e654d709c9c5db2a6d
EVT-DAHEJ-01782,6af552e3ac7ac347fb487c55ff8890225fb818ef
EVT-DAHEJ-01782,f7698ee96900858e2f33c320d8d6c11cb84c928e
EVT-DAHEJ-01786,931059604aae4bf8f7f752cdfd04b748159911d7
EVT-DAHEJ-01787,c106c397d22d97db832b176c6331197fdb4895fe
EVT-DAHEJ-01788,7514231a59c1f14fe1a488e19fb632f580a141d5
EVT-DAHEJ-01789,8d8e4a3d48fc15c637f20817c529b8207e7d08d8
EVT-DAHEJ-01782,3df8922afda82ba664b838081dd6c751e4f77110
EVT-DAHEJ-01790,8052a9b3269c2a11120103b5cfcf0b6bd831c69e
EVT-DAHEJ-01791,2daa33f0641faed3b3fc2f33329134d229bec200
EVT-DAHEJ-01789,c3ceb6f98f364b7b7917ef920f0d52a55f5e3e9e
EVT-DAHEJ-01792,11aae8983818b8a00ada796e8321931bf77830aa
EVT-DAHEJ-01793,b94c45827d76f3bbcce7f56fb7cdd9bb7f489a6f
EVT-DAHEJ-01794,0725c4ea6d5c3e72b2201c7c7b0f5023029319e4
EVT-DAHEJ-01795,6422243d39fe3a1ebbe7c5959bbf7a174a8bb21d
EVT-DAHEJ-01796,46b3326fc63f6713e74b1dbf6331ed72b0323d6b
EVT-DAHEJ-01797,49ba2a3f9d0b61ae92fc6a6282e0729c38d34d31
EVT-DAHEJ-01798,512c3a00e513bb9682a2525d4568c36c0484fbb6
EVT-DAHEJ-01799,f48ebf345866b3825ecd8d9c2248b975cd1dca42
EVT-DAHEJ-01800,59f217439c489186a71abaaf9bf9e25046572a95
EVT-DAHEJ-01801,2ea72b478a804f8c2fe91e46eb8f866445843cbb
EVT-DAHEJ-01802,b1210b2cd0403ebb6fe2b7f152a117107f80aeed
EVT-DAHEJ-01803,9e20d7ca67ea89ed360a4f1def5ee58a96dccbbc
EVT-DAHEJ-01804,ef9346e155ee9dafb782041083a31d7918746b8f
EVT-DAHEJ-01805,08bf344bc8ed69449f0cae351155a11842da59c0
EVT-DAHEJ-01804,a20e341ec78c50a7645a96b14dd22a982d8c0c9e
EVT-DAHEJ-01806,2adb2ba780e28ad55d558fa21a1b253f194f9a3c
EVT-DAHEJ-01807,bafa7022b0e095ddcffe64ca35e8d87928096e68
EVT-DAHEJ-01807,751a9d5be4447c7770fa3fd1642d93b42798a87b
EVT-DAHEJ-01808,c617306e2a1d1cdb9b8d184449c8bd60bc143884
EVT-DAHEJ-01809,da93717f47f2cc037aa4a7f86a952ef0ce6278d2
EVT-DAHEJ-01809,e1044d4ff0bbb2c2764bb50896eb97b514585624
EVT-DAHEJ-01810,c584d668503662de95b69cfa195abef30ecabcc5
EVT-DAHEJ-01810,4bdb4e42d453f507d3dfa3c2b04406eb64be2396
EVT-DAHEJ-01811,922efffde6c09e3e909c0c39e1d3deb9257b3673
EVT-DAHEJ-01810,c8373e501c10b8877d3869a18719211436e7cd83
EVT-DAHEJ-01810,549649a71dd4f00003795deb441ebb61962fb667
EVT-DAHEJ-01812,3b0ba72fc524b22207ff8f7c917122e839257eda
EVT-DAHEJ-01810,5d3f310d361fb8d752934d9cf46420ab3ee06790
EVT-DAHEJ-01810,e89d50cb6d62d04b56b16a2edf9a03110d085a75
EVT-DAHEJ-01813,4ba221dc85ea63fd09e29ce87102ab0d628fad13
EVT-DAHEJ-01814,10e440da3210834728c41f8acc0d897a51b19167
EVT-DAHEJ-01814,4098dceb203f037d01c015d29d91c04f2e843d2b
EVT-DAHEJ-01814,441fc6d3461b93d1689acf87d614ede763e12698
EVT-DAHEJ-01814,8da0faf5337db3497a9901ad1ad2dbff26cd7adc
EVT-DAHEJ-01814,8f26423e59f07d506f85b431611e92bd7b55b0f1
EVT-DAHEJ-01814,d8d3613b076b600931dae2dd8caa4cdc62f5cd05
EVT-DAHEJ-01815,8ea5e18940029ee64b2b239d42b2ef37ceb35bdd
EVT-DAHEJ-01816,091a596d82d60e59f52c9cea2f171c3974873428
EVT-DAHEJ-01817,0ff1debdf24336976a6ee6b0c75f43090435694d
EVT-DAHEJ-01818,ddacab7005906257593e08aefb0a81480363f9ce
EVT-DAHEJ-01819,a50a13b2589657326fd4ea85d363034dbd23d52c
EVT-DAHEJ-01820,0e4a76234647a21fc0b117e008a06faaea99cf12
EVT-DAHEJ-01821,899e625d77cd7b1313653c6a9770b43d8d7df7dd
EVT-DAHEJ-01822,afff8a5870aaa82bd0bbc59bf7c90609f6705922
EVT-DAHEJ-01823,05ec398112a163af2ff4dac5569e18c2fe33e2a8
EVT-DAHEJ-01824,434842c57eef5c96268020e2461166dfd1a9ccec
EVT-DAHEJ-01824,d5108a52aa0740095587b61feeb8fdfd3ea05439
EVT-DAHEJ-01825,f4dc5d4215c7325e9278b5f816d793058fd9f64c
EVT-DAHEJ-01825,54fc4dff7dff18c4ac835a53862a0418ee265761
EVT-DAHEJ-01825,b89e4b149bc9f09bf3b39508d55eec72a982a450
EVT-DAHEJ-01825,f06fe6e19f8beb74fe1da726475db66634073be6
EVT-DAHEJ-01826,2709ef37a270bf60b6a83ec084b8fc5bb6507421
EVT-DAHEJ-01827,6eb0f63655c8baf32e9b771dd11dbae642e2dc90
EVT-DAHEJ-01828,791f72e5e210238d08a2a81ceddcd6f63b00be92
EVT-DAHEJ-01829,894bd4f381b96d967e485cee2b81314c96337a6d
EVT-DAHEJ-01830,6a7ce59b09032e85b4cef35c97329598d062210d
EVT-DAHEJ-01827,a85d52994d9a30d67244bf4c79afcdd96d496bd0
EVT-DAHEJ-01831,5942d412adb451bfb471027c4457665016af708a
EVT-DAHEJ-01832,96945baa4a2a149d0f587fa1eca438f94a6c02a2
EVT-DAHEJ-01833,5e8340cd010fa1b9fcf2334d905e055eeaf2ac36
EVT-DAHEJ-01833,eeb8016039d1e612384bf10de83e8ffd3a0bb65c
EVT-DAHEJ-01834,4f5632746342c0f70c005036e8d0802c43c37f87
EVT-DAHEJ-01835,6033eb875ef3e585548fdcc61d65f2eb45fe65bb
EVT-DAHEJ-01836,e06a05b39ee2e229938bee57bc7f52136bf2a8ba
EVT-DAHEJ-01837,6b2d3e66c6e991d898cc71b2a27763ae08cc28e3
EVT-DAHEJ-01837,b8d9245ae19e51f9df472a5e977cbad97b9697ba
EVT-DAHEJ-01837,74310f0e0a62681f0c2722aabcc4574f51253538
EVT-DAHEJ-01838,f7437c345cb6251daccf2a6b8505a8783ff91fab
EVT-DAHEJ-01839,647ab5ccae852fea6991696107f5a40fdbb6898d
EVT-DAHEJ-01840,66517cf8b30c2ac4cf6a39dab94505aed1f90a46
EVT-DAHEJ-01838,dfc5acd6bb22a067cf47915153958a92857746da
EVT-DAHEJ-01839,9ff2992795ac30f72d50e1c40a4427eb4a26efba
EVT-DAHEJ-01841,38df6db7c41808f10446e7ae48b88ab45604833f
EVT-DAHEJ-01842,a3af5a080555f36d5aa6b5ea4bc1049dad4f18bc
EVT-DAHEJ-01842,b4b6893956f93c2bb7917d9a6297084029d0d1c8
EVT-DAHEJ-01843,df3bdd7fa8e56acc74b169498c565f9a180c4ed5
EVT-DAHEJ-01844,96c72f506e99af6a11c616e3cafc27a4b6cf40c8
EVT-DAHEJ-01845,a1f2fa760de5ac2bdc21295fda28452620fa02e2
EVT-DAHEJ-01846,1ad74bf8c32d3a1e47a88ec34f08e3f8e243f978
EVT-DAHEJ-01847,32021e19c078c60e622e1604974393cb5275471a
EVT-DAHEJ-01848,4e2094725367436ea9bef6b6fdc5e842c2e08a76
EVT-DAHEJ-01849,6d908b0fdfe47ca7490c29d188a0e2eb37eafe0b
EVT-DAHEJ-01850,86705af523edff17ba16a6b302a205d8d3033c1a
EVT-DAHEJ-01851,8da9fa375208e8efda0e10b5e9f94431cc88bbe6
EVT-DAHEJ-01852,d7fb906f4b0367ea1d8e2c89dc2d237c04b4b736
EVT-DAHEJ-01853,00f15a659e76144c96dccd7b1833b1f69752223f
EVT-DAHEJ-01853,68092f9b73e2a93972792f94a9d453554387783f
EVT-DAHEJ-01853,92e48279962639bf0a246cbbbde9c0ec738292e8
EVT-DAHEJ-01854,0263ed0653da45d5bcda4334434fbaf08213e107
EVT-DAHEJ-01854,194beee494a273b8dbcc42e39492880fe55f696e
EVT-DAHEJ-01854,a046a9dcf0b5b65794695ad12545119f7100b840
EVT-DAHEJ-01854,d908286adaa4148a65e7842978ca55873dc3fd91
EVT-DAHEJ-01855,570118df61d0fab20f7489a8723bec0cec50a5f8
EVT-DAHEJ-01856,5aaed6ffe04e9f998d618a1cb8155443be8f1037
EVT-DAHEJ-01857,18d29220a7fdf9d6cae53add2c9e593cddb62bff
EVT-DAHEJ-01857,5c3e65916f3cddd3cdf2b32c8b44f0fa824a02fd
EVT-DAHEJ-01858,81b0896e6f0a9bbd313c95efe246b996835734c3
EVT-DAHEJ-01859,e3539d14e188c3ed936df75cbefbb936c8c0b653
EVT-DAHEJ-01858,0ae8d3bbc740eb320e30d1a47f06b360581a27a1
EVT-DAHEJ-01858,104a108bb68a373ff0433c7857726295d905c16c
EVT-DAHEJ-01858,5c29834faa7f70e175f58e3c5f33a975be214989
EVT-DAHEJ-01858,7c3cb441e450a2dd70de6162b462fec8eebc4570
EVT-DAHEJ-01858,e4671429056cf2eabd941371097b30426facb090
EVT-DAHEJ-01858,1b8b46a0e5167fca4bd5588dae2dddb8a762f974
EVT-DAHEJ-01858,a29528d8bba1ec83c50feecf87fb391d55c0f25e
EVT-DAHEJ-01858,fac48b8d4c94d83443110082010d386c1e64475e
EVT-DAHEJ-01858,dab14a87685f48cdd297d9ff38654d89f3683ecc
EVT-DAHEJ-01858,7617a47fa511f50480aaae19bf60aa6e2b9f7da3
EVT-DAHEJ-01860,3f52c47217652a9e0e472814944ac2e92c26645f
EVT-DAHEJ-01860,463125ed444f7e2120f08f65ea433530a0c5114a
EVT-DAHEJ-01860,963ea6a02280a6400f6b02ad33c7194b54423b05
EVT-DAHEJ-01860,ee96d35b28ee4b99397cec237d55ef970d5c5c65
EVT-DAHEJ-01860,cec55f04a3be668b4b8c0307f846b35f264a0891
EVT-DAHEJ-01860,0794b1033d146c81d7e64cea197a71dbff4f9e9b
EVT-DAHEJ-01860,25e0544ff920b433e9875fde1a6b681fa6b88e40
EVT-DAHEJ-01860,f2e85d660ad52cc4d0aa8f01fbd3d8810672fd5e
EVT-DAHEJ-01861,96ec9efb34535a79acae087d7e958e3d2373c141
EVT-DAHEJ-01861,d3a73df57fb9fa7bf31943e66afbc29cdeda8087
EVT-DAHEJ-01861,38d8d2e82c6e7b75a5a91489a493812aec23fff2
EVT-DAHEJ-01861,3058f11ed0eee4b139449ccdffc99c62975b4b60
EVT-DAHEJ-01861,4248ddf697bc59d25c8c28f3b23eb4e86b851409
EVT-DAHEJ-01862,7a15c2cf5b93bd3e41dc3203e5901bf8a5dc5d26
EVT-DAHEJ-01863,cc4f60813acebea9cb17d7c6c8ccdf41e9cb0770
EVT-DAHEJ-01864,cedea4a8ace687b686123743d3a1179a26a939c2
EVT-DAHEJ-01861,2b71b18830fb1ef32dcb54ab0bdcf497ebcab11f
EVT-DAHEJ-01865,462cb03684fc31cc2f3f788986bbe2d381e5df1b
EVT-DAHEJ-01861,4f91fb4b3614b4cf27c55a3b015fd806a4d5845b
EVT-DAHEJ-01866,6cbe73c9ede3a2189063e9cacbc4c1e22afbf3eb
EVT-DAHEJ-01867,b5c5f5936f08bffd2fd426c311fd19eb5c183e45
EVT-DAHEJ-01868,b7f262203500ade5cb09b021b1a1ccacd1305c34
EVT-DAHEJ-01869,5acf2b13d0b74e122fe263cee035f0c84f9405d8
EVT-DAHEJ-01870,d564948c66f37bb0b036daa4a2dfe4dd407be447
EVT-DAHEJ-01871,ebe244b16aa04bcd76c04d52bc8057079a4191fd
EVT-DAHEJ-01872,fdf25066e9a56f82e29db524f2893b2c117075f6
EVT-DAHEJ-01873,4d355d70c93a29544df4bc8b16cfeb621cb79a2c
EVT-DAHEJ-01873,752b0316ac1aeec22641d13d1f31f004b9b70ddf
EVT-DAHEJ-01874,0d41b9376d70aed09f1204f59264cd0c00774b7a
EVT-DAHEJ-01874,1571a0e8682ca527872382ed1c7b5b4d8257cdd9
EVT-DAHEJ-01875,36336c560719e3da5c91aa2e9c5e7eb7f8bb1690
EVT-DAHEJ-01876,e6fab52ee1c223d11cf87288330ced3f1c096626
EVT-DAHEJ-01874,f974a5f88d31dde750075bc764840b2945e40d5f
EVT-DAHEJ-01877,1bd5c45b8cdc95ae1b4c96e45a0f5857642154ce
EVT-DAHEJ-01874,3525d00a062dbdd7abd7e1b9b4a95a08abf87246
EVT-DAHEJ-01876,8589fce5ed142c949d2b3d7f12598830981b57c0
EVT-DAHEJ-01876,b8198ecd48a2751afbaf08fd582c0e3aab709b22
EVT-DAHEJ-01878,c0a369ff1f1aef90d2fc750d0a415cc624869665
EVT-DAHEJ-01874,d95aa319133350f90c72892e783d9102c6b38793
EVT-DAHEJ-01879,0b4e416bff38d2d9d81b0bd476e2ad9e34cb03be
EVT-DAHEJ-01880,fab538625b78a00300126f57ac663803d7ae6f63
EVT-DAHEJ-01881,6e24cfec91ae65c40d8b263ecbe90e275acf0887
EVT-DAHEJ-01882,1ae431bcdf8e71937c5d866ea88b57867f05cf3f
EVT-DAHEJ-01883,c37e61dc1f558e05002c8f687c6ea229e7f04e49
EVT-DAHEJ-01884,3f454f811f1d36f38906143e106f008b80705213
EVT-DAHEJ-01885,693c57027f5ea62df5570b7f9050b9eddf7c3e6b
EVT-DAHEJ-01886,1e3e6748ef280c8ceda05ad2b6199ef6eb1c24b8
EVT-DAHEJ-01887,dfebe56925459dd09175356fc748c21e9c99cd1a
EVT-DAHEJ-01888,777fac822d0d52a0555824269d8a3d94cc4905e3
EVT-DAHEJ-01889,79aac97104a763b3ce6d9af861be1252c543970b
EVT-DAHEJ-01888,11465527bd1b3a5ee5b22fd95af198e53d1ea524
EVT-DAHEJ-01888,68667f33da908d6601845a86b58a1c96d45f988b
EVT-DAHEJ-01890,332b274430b93b47e82feaca7312ca0bce872c1d
EVT-DAHEJ-01891,c88b78a2023948bf02de2f768dbda8817cc247d9
EVT-DAHEJ-01892,e40dcc129d26f2b7596564105f6974a4a08ac558
EVT-DAHEJ-01893,bdfdf528722ed026e31d3714104c3f3561aca5d3
EVT-DAHEJ-01894,4cd5023a4211fc9c986508a394ad5b76737ce3d6
EVT-DAHEJ-01895,b6810e592b7c4df9f467edb951cf2ae9d94278eb
EVT-DAHEJ-01896,13463ab11e6936a02df0a1ba5025a59c5d5ce0f0
EVT-DAHEJ-01897,d3f8b76683d3dc89287815aeb23a03c68ec8751a
EVT-DAHEJ-01898,681bc2672f9bc9db6c60aea6f1cb494c50723188
EVT-DAHEJ-01899,176e5f9999d7cd3134bbec94c15988c99872bf5a
EVT-DAHEJ-01900,7e93a8e3e35f6a2005fe81f53975bf8a72e1c4ec
EVT-DAHEJ-01900,754ba843098a4179d9eb23d9ef9fe902ee4957a2
EVT-DAHEJ-01900,ba36d121a072bd43f776289d08a6102dba24d822
EVT-DAHEJ-01901,7b429a1f64731e633b2aa7bfc929703857380395
EVT-DAHEJ-01901,ebe40c7ffb71e759a7cd0cd5f50947f63c34e3ab
EVT-DAHEJ-01902,30d4bf5fe069a32adf2e00ad322797ec3d124b93
EVT-DAHEJ-01903,60a250ca19f26c851f4412790fcfe7acb7d20a65
EVT-DAHEJ-01903,e3b96dbb24bd12865459df122e2290fa6005320d
EVT-DAHEJ-01903,4e8689c2c0c04f0607da939669bd401f9d6466bd
EVT-DAHEJ-01903,3323b302bad2bfe3ead2ea11cd612410541707b9
EVT-DAHEJ-01903,ad036410de8d25273860700d896ac893d660ef21
EVT-DAHEJ-01903,ce8167ba8318959400f7534a7adb321e4e02a522
EVT-DAHEJ-01903,74c8419a9f3621c6fcbd54c4b72c3a220b9089a0
EVT-DAHEJ-01904,3dbaeb2d7376b495a0b56c614b68ef93fef7317a
EVT-DAHEJ-01905,2ea0ffb4c5f8d3375637679cb32c59770b5a667e
EVT-DAHEJ-01906,a1232f69475fee555d478ad36ba318b31b4e1b16
EVT-DAHEJ-01906,ab7b78f50293b90128e4329cad904b41f11b22f0
EVT-DAHEJ-01906,dc752b666aa9166713137f13d566d46665e8d62e
EVT-DAHEJ-01906,d599503c6ba2e82557d9224f92195c7d7884daec
EVT-DAHEJ-01906,23703a69a8577a162ff11ed54097a5e629e138fe
EVT-DAHEJ-01906,7c79b296797ab484a8b14592a5cc382115b750d0
EVT-DAHEJ-01906,a97ec609661c5eea0db4d3976521035e5a721cb4
EVT-DAHEJ-01907,bc952d290f30bfc14d3b7c58ac4cff54e34a0c4c
EVT-DAHEJ-01908,7807520593e92adfd79b58e4f6aec9debe212c80
EVT-DAHEJ-01909,8654715886b1a109e12d9b5bdd39250b1af8a07b
EVT-DAHEJ-01909,98950d8d6431f6acbffe615689c45026060f125f
EVT-DAHEJ-01910,28887900eb76a82089681145b63562e14f1427c5
EVT-DAHEJ-01910,e822ee77de79fbf9e8ee473d1cfe0dc82a8469d7
EVT-DAHEJ-01911,7d2a6c927771050fa47519a365eb404f71ee9c92
EVT-DAHEJ-01912,22a4faaa16d1213bc9b44cecff0bb646136b9d53
EVT-DAHEJ-01912,43074b52062c214a1514395b723bbb17addd8fc9
EVT-DAHEJ-01912,8a6e7e9d52219ae9ce327155b8d9c80ff0d68242
EVT-DAHEJ-01912,935d37699c0ccdc1f110ba8588b7252b6ecc71ae
EVT-DAHEJ-01912,96c910ebb094dd40c41b4f20c431d22bd8aa0e8c
EVT-DAHEJ-01912,bc32d3bf8d117875c7f1952937092918e36b0249
EVT-DAHEJ-01913,bc7d07d14cd38181a008563a9e34e41739c51e88
EVT-DAHEJ-01914,a4124a95d583a105dabb191fda0fbdb7d3725516
EVT-DAHEJ-01912,a60c3a6c459a7b47cdd5d0045c2fe4d76e3121e1
EVT-DAHEJ-01914,ac3d70b52fd017857f655c323e23a56d46e5249b
EVT-DAHEJ-01912,cd067e5485b1fa345b22acc4e49d52798075cd8e
EVT-DAHEJ-01912,da9cd5806e655f5b8bb5055db7342d788e636785
EVT-DAHEJ-01912,e3425c02921bb54399a4c0a83791cec3c9babc2f
EVT-DAHEJ-01915,527281584b7bf776f3735e083c07c6b44efb0fda
EVT-DAHEJ-01916,a919c3ec4f02b5744c09161cd2e1f1de9ddfaef5
EVT-DAHEJ-01917,680d989643ea4c318ab92e7f0ac7903c4b99110a
EVT-DAHEJ-01918,c8c7a5de6f3b7d654a88897fb409a53dc7c1c783
EVT-DAHEJ-01919,6857235e8a7ff68d67bc89adf08276dcf25ce614
EVT-DAHEJ-01920,71f61d5691fc0f7f48e29c9be16219948c080213
EVT-DAHEJ-01920,c38178fa52e295aa7fdded6e56a11db25c86fce4
EVT-DAHEJ-01921,8a2bad4edc7612488218231ed31ee2ff2c6e6984
EVT-DAHEJ-01921,e05dc6c2002ee2038c0cdfda0991178548e55e15
EVT-DAHEJ-01921,049949b1e99d567ce251362e4501dbfe0e573e0d
EVT-DAHEJ-01922,0f3e029fe619219f7a7312057e2334ec73d7685d
EVT-DAHEJ-01923,0107a159caba02f9b4aeb3ce38cd48285b31c06c
EVT-DAHEJ-01924,7561412287021c9172477a8c8b6dc6ee52d1fe4c
EVT-DAHEJ-01925,3a748425d254cb90edf94bfb1534c3c65ed49af7
EVT-DAHEJ-01925,b9d6c6a05336c1613d423492d7b967468cc7ade4
EVT-DAHEJ-01925,bdb4abfcd8bda9aeca47913b764a71f1a61bfa2b
EVT-DAHEJ-01925,cc9dec4f4904706dfe4cecd12c03882169e779a2
EVT-DAHEJ-01925,f312eb7e672271ce0b7fe34d7acca25ccc7b858e
EVT-DAHEJ-01926,bfbd888de84e5bd8343f3cd5e4d6491323206b3f
EVT-DAHEJ-01927,791ff2398228808682063f58dc1971dc5ebb3e2c
EVT-DAHEJ-01927,ba5efed503bc49f5d8591663ef5b79bd92fb92cf
EVT-DAHEJ-01928,e98596022472473bb1570687f3a030efc3e5a03c
EVT-DAHEJ-01929,e0efbb0cda687aa9bab2fb27f2f636f875c35474
EVT-DAHEJ-01930,ab2ea4dd450ab098ff7bbd6f5a4ba66f87b40a82
EVT-DAHEJ-01930,038535ddda5a11b3cc3953bbd37225cd1c5a244d
EVT-DAHEJ-01928,8e6f8cc7212696a7ef724e3645ba9a6d77dd077b
EVT-DAHEJ-01930,a75d98e7cf246b0363ca62422fd4980574543736
EVT-DAHEJ-01931,8bf2574b4db5fd00bdde756dfb55594c6241a477
EVT-DAHEJ-01931,c6077ef554782bb41716d69c446bad23cc51752d
EVT-DAHEJ-01932,310b4192a1425a1a29e8debf534452ccc6749c53
EVT-DAHEJ-01933,9b617e46d8ef2173cc3b81df3f3a51308dbcd2dd
EVT-DAHEJ-01934,d7ab26b486b5052dadfa0d3758800da891baa28e
EVT-DAHEJ-01935,2e9cfcc88c25e8759bc8b162a68902407c973159
EVT-DAHEJ-01936,a388f3884be66ab169d2748ad961d7ebd59d218c
EVT-DAHEJ-01937,17c9d099450b0fd23510daf931b0a64ca6482b8e
EVT-DAHEJ-01938,2634cb9da67de775d3bc441b74de418c7959a308
EVT-DAHEJ-01939,374f641976ea92ff1a65b06f0a0d314cdfb3c990
EVT-DAHEJ-01940,401e5008f2084f7de940bd19ebe25a996ac7bdb1
EVT-DAHEJ-01940,44ea72233f977c8a1a881400d6adcda89fc4e3f3
EVT-DAHEJ-01939,4e7dbcd9409b8565076347fa9c208812d3ec00dd
EVT-DAHEJ-01940,764bd899b47d39165c62e91790c707516a5ad681
EVT-DAHEJ-01940,c9dd660b00fc27fc87b825b3444fb7c8496dd4fe
EVT-DAHEJ-01941,5b54b175e8c415cb41ccb5685ac125c8856b8c27
EVT-DAHEJ-01942,c333885b156e45497e5f75470124d1fa099489b7
EVT-DAHEJ-01942,c57c89e58f5d3ccee181a1f34b87cc1f11be746c
EVT-DAHEJ-01943,fd2856a20f6f2b662ffaceeab8c754fc68163eb3
EVT-DAHEJ-01944,6897f541e227c75f1e8a284407fd055c9dff43b6
EVT-DAHEJ-01943,8d6fac609334cf36de879ee161f8fc834ec44bda
EVT-DAHEJ-01944,051025d0bffb5c741c3d2470849650c496f63604
EVT-DAHEJ-01944,5ff06a2a889644eacda03c44b624d1b96e24825f
EVT-DAHEJ-01944,3315c8e7f12e715a7570ef63374e46e951e22f1f
EVT-DAHEJ-01945,8e28b7240c25c9d2416691299952ef305734de75
EVT-DAHEJ-01946,3aaa7bdbf5fd2025a9876453a9d8ad67993e5714
EVT-DAHEJ-01947,31345e8eaf77a25a697b5fc44923c59df7dcce37
EVT-DAHEJ-01946,5e7ee141139769fc807a220ff6ffc1105e7df715
EVT-DAHEJ-01944,3080782d6867bf9ba934610763f9e9a4eec9c077
EVT-DAHEJ-01944,bdd974bdd67bf15a4dbb027b4cf6f3c8bc9a4824
EVT-DAHEJ-01944,f4b872aa5f41ec797ddc64f8b13d778cec6c82bc
EVT-DAHEJ-01948,2fd755ea6c88065f0af798ca5915724860575a82
EVT-DAHEJ-01949,cfab1bc0e0c078d6b4acf840b482a3813cf4c7f6
EVT-DAHEJ-01950,756b96a9265e6c2fc8b1e667e357bfccdbf07a77
EVT-DAHEJ-01951,00513d06d9857b5236d3d317823c0e4544e8e6d0
EVT-DAHEJ-01951,ed5f7f87b42fea0c0235ea426b0fa34d5d3c1c56
EVT-DAHEJ-01952,87f53ab2978b2885da6793c214cc49317c65be61
EVT-DAHEJ-01953,22dd25e3abc5816447723e6b937f60e358a88f4e
EVT-DAHEJ-01953,45288073123f190adffdc09f0eadef4e0c771372
EVT-DAHEJ-01953,6f75f5738df74d69c8af5e1b33b729f7d8e09571
EVT-DAHEJ-01954,0820ddf16a392adf0a7a0846269b016a1e57b7ff
EVT-DAHEJ-01955,4527499bdb5831e3a1ad643cbb5ffec588887a43
EVT-DAHEJ-01955,cb21800fd86ff15305f1e3ac47f94a7bd52d6863
EVT-DAHEJ-01956,39cc64f90974c8fc296788e10799ad488be9c05b
EVT-DAHEJ-01957,6ee9452005ce7146b4d3ce35da714808239c601b
EVT-DAHEJ-01958,998f6137085151a1b87f8f448407c11e107882de
EVT-DAHEJ-01959,3ab80c17f16544dff7f315dee0e002d6f110003f
EVT-DAHEJ-01960,50ca169ac12accdd303113f58608cf44bbd04eda
EVT-DAHEJ-01959,d8315df9ad713b629135dca5a720ddaae7b07432
EVT-DAHEJ-01961,182ed9e674413f97ebf4dc9ca910c7d7458041ae
EVT-DAHEJ-01961,2979a4b3478dc37895e16e4d26fade986aead041
EVT-DAHEJ-01961,476eb532d7ee8594b1232e3dbba892ef54a5e78a
EVT-DAHEJ-01961,4ce418167033e726fbff0fb0a790bef14bfe0573
EVT-DAHEJ-01961,51ef8e708105f5d10f0e8efa1310a36ec95ff796
EVT-DAHEJ-01961,936bfa45fec8c10132b1a643396cbf6393c8ffec
EVT-DAHEJ-01961,9f483540aca8b7aaf02ebb5254903d4c097196eb
EVT-DAHEJ-01962,a66cc4a0e0222368df111a711674cf9376f13858
EVT-DAHEJ-01961,bc8adb0ea086fbe74e552ae2e1fd8e49838001e9
EVT-DAHEJ-01961,fb47afcf2bfe22301aff8203e1c7987626eb6011
EVT-DAHEJ-01963,9c8427cd6f7f326ccb061a7ce5769b8f0c58aa74
EVT-DAHEJ-01964,e4aa0fc59b8ff1b2b17a44934d18824199cba7ac
EVT-DAHEJ-01965,544df607d7496f52f13a5afa25d1010fdc2e5030
EVT-DAHEJ-01966,5f3140df038174968a40571202689d341333767e
EVT-DAHEJ-01967,7be08b385dfb38004d6f6b14e91f03f990a059ed
EVT-DAHEJ-01966,32be018360687dcb449a49c54f61015a9571300c
EVT-DAHEJ-01966,a0560601fa5d14527aebaa97babf75d60fc382ac
EVT-DAHEJ-01968,fbe98a28fa0a00d8ad7ec328947b966290f97bd2
EVT-DAHEJ-01969,7ea6f102957f9b903dedf07709e95ebc23a8528e
EVT-DAHEJ-01969,ff6898fa8313a45210ca2efd66a7d05d1844aca8
EVT-DAHEJ-01970,e806914eba7169e054fdb6ab54059ee0a8998688
EVT-DAHEJ-01968,1ad356ebf17c9b0e0769a9553268400a7fb52bcb
EVT-DAHEJ-01971,2ce1c1bcc9eccc5ffa3d9b216d0c67f298961a9f
EVT-DAHEJ-01968,889e61ffd3b1ddfbf5cf342878529f5e8af2bb69
EVT-DAHEJ-01971,99c0cd2ad3f5fb0b232361003886cd04df3093cb
EVT-DAHEJ-01972,9ce3446cf5875ce708be63253acd9e49066ac1ec
EVT-DAHEJ-01973,dcb59ba5ec79cc6a4fd1ec55fd9ebd52e636e081
EVT-DAHEJ-01974,1db9763111f64368042738887920e94ff81d03df
EVT-DAHEJ-01974,d3c61a98a587dec3dfbdaa669453f21b0a394dfd
EVT-DAHEJ-01975,e9bd9b9eb7cba76724d59515c395e0e78da2dcfc
EVT-DAHEJ-01976,44bda3251bfa2692cacf6cf27803242513a4f5ae
EVT-DAHEJ-01977,c690ab8a684997f9aabc5e59f33210cb533cda23
EVT-DAHEJ-01977,36cd84df84e0153af6039344f4d38d6dfa2b3648
EVT-DAHEJ-01978,f920991768b0378d3694acb12d2ec85f036dc394
EVT-DAHEJ-01979,54c1b16b69e427ccb3bf58abd77064325d6c78e2
EVT-DAHEJ-01980,ffdae8b59bc32760f8d4a9efdc73e47aa59d8ed2
EVT-DAHEJ-01981,b13ecc72d8b741ff80595c3733948917cd8f42e4
EVT-DAHEJ-01982,515fb94cea885376f4f4954db6ac4f55774d7272
EVT-DAHEJ-01981,6761ebe1fc25a914ea2eb541a1105455a450c4d6
EVT-DAHEJ-01983,cffbf7644cb669e85553af84da908c1eddfdc417
EVT-DAHEJ-01982,3d6723e57471c2c6bf2f93dc59f7c7ad1ae40704
EVT-DAHEJ-01981,b79a6759a24292b891da84e36e3a707a880125b0
EVT-DAHEJ-01984,6cd04c306e22df6f1e45403feeab4afab537a725
EVT-DAHEJ-01985,1bc8eef92d94f81674cd3a1b183bfbaa9a40c16d
EVT-DAHEJ-01985,36b93556c0082c0f36ce048f3c0cd5d313d00d06
EVT-DAHEJ-01985,721e38fcff7c38a7d1debfc23bd95ff258c6ae48
EVT-DAHEJ-01986,9375671c3fc4d335f90e56fdaf05c7ef8ba7901a
EVT-DAHEJ-01986,dd3bdd3dc9c866ae63a762fa26e07328d7f46b64
EVT-DAHEJ-01987,1f436e05957a83338b211648b6ec00ac9a5efca1
EVT-DAHEJ-01988,781740c6050754524e98d870ef22198339db6a56
EVT-DAHEJ-01989,27937e692d7df04aae919617e89235df9e53cc29
EVT-DAHEJ-01989,2a64c538987993a4d3196b7082c5fb03f62a53bf
EVT-DAHEJ-01989,b43517bb6923c62ec44611ad7c20e5f0c134535b
EVT-DAHEJ-01989,7abec2bd1eb46615b1d84de913aa556de61c255b
EVT-DAHEJ-01989,438e7c39cbd9a1168e4a6696062fee655e2cf8a3
EVT-DAHEJ-01990,578f7b17026c40357e956cfeba65d3b1538cc9c7
EVT-DAHEJ-01989,13eef748c2214e26df33b14239bedc2c65e9f9f9
EVT-DAHEJ-01991,c795a306ab88dd04e6fd9b02a173ba1da6cdeb3f
EVT-DAHEJ-01989,55c1e4fc8f0e885674af714a558d177bd6579bbe
EVT-DAHEJ-01992,3cffe1aaaf2874a2f825393aef6cc11a9a53c0dc
EVT-DAHEJ-01992,5074a69d5cb2ace949dc1c5f5a9949e4837fb4fd
EVT-DAHEJ-01993,dec26ac5d6aa69661bc778b2c1005273b83eef72
EVT-DAHEJ-01994,a677d620f06efca6c70360f636b4ba3dee9f1635
EVT-DAHEJ-01995,03868db99a2312be6741d80b7033896684e32cc9
EVT-DAHEJ-01995,04a17d7a25a6de9fdf911d1c4dabf5ea77c4831e
EVT-DAHEJ-01996,2122a1683ee7acf42f9853af4329f90a337a3e25
EVT-DAHEJ-01997,4791294eae6f191caa6031885f26b0baa6de57a2
EVT-DAHEJ-01998,487cf7c0df8b0c232eb691c20624cf357361913a
EVT-DAHEJ-01999,85b8d7eac6336d88f8f36ab154a7c23883e32d8e
EVT-DAHEJ-01996,95e1c80f1e1a9726a965c880cfb8c7451669a42b
EVT-DAHEJ-02000,9a87c926944add4d6e976ae219e16f7204a454ad
EVT-DAHEJ-01995,cbcd0106200b9f49ca7ff17cc652039cce03460a
EVT-DAHEJ-02001,35f8a067281f4046bf9c5f6e8e4af5b8afe376d9
EVT-DAHEJ-02002,1149d5c34c5b4f7e1f12f2175565574543c258e5
EVT-DAHEJ-02002,2b2f4ea9f889a5bfbed419a23b416cd9cdd35393
EVT-DAHEJ-02002,7cd7c085a0d6c69929af5707886a722df8bdba50
EVT-DAHEJ-02003,1911707d943746dc61116b920a43f38a054a5839
EVT-DAHEJ-02004,afd0f7013c44bed0597dd1a4ac5a1c15143873b5
EVT-DAHEJ-02005,656dcba37f9e990728c648e58db852c1a4ca4f46
EVT-DAHEJ-02005,86af606b4ccf8b6319e399a6bd2d38973d1ccffa
EVT-DAHEJ-02006,0372c8658d977f4ff14ca9ebf8d5d4b7ff1bc132
EVT-DAHEJ-02006,11d4e8b834f7be598d86d8cf1bbba782f00b57be
EVT-DAHEJ-02007,137106fe16fb30f11fbe1cf05133a1f6b50f8244
EVT-DAHEJ-02008,1c581a076e29692af6f84d850de2be4bbfabb2aa
EVT-DAHEJ-02007,67d042a72bf9f15fda0d98817a5a9fa539849a18
EVT-DAHEJ-02006,6b063915aac6b148c4e5f859ed5977460587d4bc
EVT-DAHEJ-02006,6d01dd9f2e9ec9c6f261dd62fca58e1690965582
EVT-DAHEJ-02009,96848bfe8988eed7f472e5718d927027d8666b6b
EVT-DAHEJ-02008,cab22d158dc8b497430a865fc77b424be34ed299
EVT-DAHEJ-02009,e91ce49b82510a12469af314b0e59744fa931f9e
EVT-DAHEJ-02008,f9de101e086476a10540818411bcf981ce058cc9
EVT-DAHEJ-02006,fe038234efa6e6fcedcfbbccaa97b5bc2f08f8b5
EVT-DAHEJ-02010,ffee02ebd242decd3cfa05e74a830a1ea947d8ec
EVT-DAHEJ-02007,313932b7465251163898d1263d01574ec87291ad
EVT-DAHEJ-02011,3720b9e0409bd9180df342e64fb4cd7ddfe293c9
EVT-DAHEJ-02012,5d43b15ba7f14a875b40e55c969a865e3f4f58d8
EVT-DAHEJ-02012,4bf8bc4473e5992a4da28f8a67d008b20d497275
EVT-DAHEJ-02013,e1af60acc5444feaeaf13000bfd30d14f8494d9e
EVT-DAHEJ-02014,a2fd1ff52768f7e98a15dbc815a206f3f0e243b3
EVT-DAHEJ-02014,ca43a71de038c0eb34c9af80ef1e866368ba6a02
EVT-DAHEJ-02015,5f4997fb5fba9573c81f79358af99f240fb8e73e
EVT-DAHEJ-02015,ac7dbb2909d8f61da6e90c44b8515ea43067fc4b
EVT-DAHEJ-02015,ad2aa48da843bff66319ac87390a559895938f0d
EVT-DAHEJ-02015,d836cb72650aa7046ef7f1a71918543a547ed4dd
EVT-DAHEJ-02015,70112062e30f7d84372c301bd5cf5282e795d5b7
EVT-DAHEJ-02016,bf69720bcb64d6fc14d0d3133609033443fac2c8
EVT-DAHEJ-02017,9685ca71a664fd813e2d31d8d2dec5ae7cf665dd
EVT-DAHEJ-02018,7fda85bc05f9b9b5901d959e6ed40e706fe95629
EVT-DAHEJ-02019,a067ba781feaba808ad83c7258b6de51945f6d95
EVT-DAHEJ-02019,331af9d7fd504779b63faee2441991037857d9b6
EVT-DAHEJ-02020,42ed90bb27a2b649f89ff95b423315052c26a4e0
EVT-DAHEJ-02021,73ed50bcb93b32a2cf2d8f3a10b425b0d69cc5ac
EVT-DAHEJ-02022,2380c28a665531bcc845fdbbca36e4fd5cb66eb8
EVT-DAHEJ-02023,510c11845425a159c5558346aed25ae9ea6a41b3
EVT-DAHEJ-02022,ffdb7bb2d48385d99b55068863851a82c0c48fb0
EVT-DAHEJ-02024,5bf7d68550119eee797a1a94800822906be8ee41
EVT-DAHEJ-02025,13f7f9f7ea0192e12359b565f4a55e5fecd0207c
EVT-DAHEJ-02025,6a9e5e83d6fe84b6d2b2bc36fe3fe9a30ed338d0
EVT-DAHEJ-02026,305138c05470b8967f37afbcf60ee475717a82cb
EVT-DAHEJ-02025,dd9f24f35bc31e49d69da51fcf229c5ff9e68ba7
EVT-DAHEJ-02027,a68ca37ab2f52860217510be3985dd0c72e77316
EVT-DAHEJ-02027,0902e845bf65c35317aff4d6e3c88c34f62b6438
EVT-DAHEJ-02025,c5a2c5cdf4e93e029d0afb48d37c0e9056a0977c
EVT-DAHEJ-02025,cd81b698fa24298a736e4e53a5c5ce60676682d3
EVT-DAHEJ-02025,38efc8516290869d11486b05b7bad96eb9dbe2ad
EVT-DAHEJ-02025,e7697948b66c51b35ed19f6119a8a8265e8f8d05
EVT-DAHEJ-02025,f054ad625ac75ec0f405e6039f041ce0665bcae6
EVT-DAHEJ-02028,071a9fa1074d84355184c639a8902946ff581436
EVT-DAHEJ-02029,a801d60dc1b4583461ad71d640ce152af4fe0d34
EVT-DAHEJ-02030,a930651ab1b6706cf09a321dcf30ba9c30d085bb
EVT-DAHEJ-02029,f7fb0b2dc92bd8c8d07b4a1af1e61ac7b2dc365c
EVT-DAHEJ-02029,03419440bee56287a047aa5b2f50e99771dcadd3
EVT-DAHEJ-02031,6e5343d1171a43546b1f208d882c984d7036d21f
EVT-DAHEJ-02032,33f6d32eae443e5ec3472b9ad3a90476df8eafcc
EVT-DAHEJ-02033,35f2611e6c091bc3a0bf978a225bd7d3fa7808e1
EVT-DAHEJ-02034,48da396e148b2aa63b465637436f9d7408ce8a00
EVT-DAHEJ-02034,4cf6c1424652a465eafae3c5e62801b5a99991ca
EVT-DAHEJ-02035,808bd157a78804d47249a8759dca1863b72cf37b
EVT-DAHEJ-02036,9dce1a99d155a4d43e8688ac269a20112e936201
EVT-DAHEJ-02037,d7735d17b99974a778883d3f0c1654282ead1de3
EVT-DAHEJ-02034,ea9999bd0a7aa31c6542f2375f1d63aba3649076
EVT-DAHEJ-02036,92cb437456865c56688fefb23044e16eebaf28e4
EVT-DAHEJ-02036,a7daf9d633f088084e22265915bf9d56bdb963bf
EVT-DAHEJ-02034,e2ec8133f3a28fd6c3225451509bfc0d6a98a61f
EVT-DAHEJ-02034,e6626f4b92ef39ef33e90129cc977a68b7f9b43a
EVT-DAHEJ-02038,f77f278bd814a2163c756b0899b8609579e91549
EVT-DAHEJ-02039,66f5fcbac29a8163cfe2877e4a0d3f5d8b804882
EVT-DAHEJ-02040,57ca608929b4819a4eab03c6c637a59180875b8b
EVT-DAHEJ-02041,d51051e97d90e00c320bdcbf50011334a42ed4a5
EVT-DAHEJ-02042,8f89f03e5982677ffd1aee043cc9cd84c6565f7c
EVT-DAHEJ-02043,034482989df7b340cd649c3e59d8a18a856b7a92
EVT-DAHEJ-02043,1abf79fff68a8602ecd9d65f0f87e3f42823d8a9
EVT-DAHEJ-02044,1e4b4923e40f91b2e08692bd0c6275944d299cfb
EVT-DAHEJ-02045,223fb770d8ef50e646b43f26fa10bdcbda2e4760
EVT-DAHEJ-02046,231162bf19065248956eef4484d3f9d39308d00e
EVT-DAHEJ-02045,2557ac5c45c84b2b8d48300ba1d916d220940597
EVT-DAHEJ-02047,3c4b4210f5572dcb4f839825e0eab02dc2dcb87a
EVT-DAHEJ-02048,3febe03fdb60e1bf2bb2daa10b5d8ce77249bf83
EVT-DAHEJ-02045,43cb5e0887d31b12a20948c5bbcdb4b5888bd076
EVT-DAHEJ-02047,480c804d5a04592ceef48bf268b312e466769c53
EVT-DAHEJ-02046,5233938f944639c6e04627040e694d52114b56bb
EVT-DAHEJ-02049,60bec46624a56303da1631524241dc2b7fa13be7
EVT-DAHEJ-02045,67d797030a2627ac0a28f9ca49e3a95cb58dfaf6
EVT-DAHEJ-02044,7008dea60d78dbfb27b5af6e8f07d0638c981e24
EVT-DAHEJ-02048,775a62ded7e3cffb27bbacddd2fc89d085c0d64e
EVT-DAHEJ-02043,7e2a9639c95423735dca9b34444c791198c75c4c
EVT-DAHEJ-02050,883e959832a1ec9891050adb2d82c7f533a2244d
EVT-DAHEJ-02051,97a65d94c04e1df327a9736bfab7d52ae6b6c878
EVT-DAHEJ-02051,9bc6109cea787aefb6faa1d5856cc24a5495ec91
EVT-DAHEJ-02048,9d28262c25b855a32ff6b292fd7ca87811066ca0
EVT-DAHEJ-02044,bcd2c9f9eb00b2ce6a23a58166486835625a4a5d
EVT-DAHEJ-02044,c18daf282177b4c7cc929b7d04da4bfae874da35
EVT-DAHEJ-02048,c78c27b6e02a249e2e74e6c81ca4b37080936c96
EVT-DAHEJ-02043,cfc7a74bd806bee8d6c7fd6b64851b5c6a34186c
EVT-DAHEJ-02052,d366d8032295554f06616da84f7d1526bcbb5b8f
EVT-DAHEJ-02045,d7668c2f10c5174ade992116b5afce675c7bced2
EVT-DAHEJ-02047,d7b8aad5797d229c94a5f919a6784d34ee57d729
EVT-DAHEJ-02053,da588239df153a5281f7f70167b617a7c9ab111c
EVT-DAHEJ-02047,db9969fea21d0349fd0addd6d6e3c25e8ad6dd8a
EVT-DAHEJ-02046,dfa4af08cb32b645e71f84572fa85cf4b39fab9d
EVT-DAHEJ-02043,e6a5867cb74d3b0d84e33347ee28e3b56effe483
EVT-DAHEJ-02043,f550a93280168ccb261850bdcd03b464114a426a
EVT-DAHEJ-02054,aca369e48275253c971c0494d67273ea508fbf0a
EVT-DAHEJ-02055,337b1cfe67cbe454a880c19a364764c9b495e011
EVT-DAHEJ-02056,e3903b9a6cf9a760184a3193e34e1d23af0b5f73
EVT-DAHEJ-02055,788849a097f58f3a06b57806eab08f938f60b5bf
EVT-DAHEJ-02057,475d3bc48ea38233b5c8f9764bbef185a0f8822f
EVT-DAHEJ-02058,72a27da2c128d81b08afe33bc1c44f37e80b0326
EVT-DAHEJ-02059,2238be8f1fd0ad38c885e1c76cac573b314ac3d8
EVT-DAHEJ-02059,c823eedba9bd8c315d287d4405d32892f5fbfcc1
EVT-DAHEJ-02060,79527630d89b02f0284708cecca7eb5ba292b9cf
EVT-DAHEJ-02059,8a2fa1757aeaeb13da9a3851ef1cba36796a6319
EVT-DAHEJ-02060,bf62e9936222d0deff265130a44a3399cbbb5bdc
EVT-DAHEJ-02059,f782d6530e45c35fc292e58a17d0e5f4184bf9e5
EVT-DAHEJ-02058,2f591436bb9f48c1479e3f12acc7dc0ba96d8bf8
EVT-DAHEJ-02061,1b456ae1509ee5534478efeb91adf168cf833347
EVT-DAHEJ-02062,e47461164b80c00811e2d751f0d99da1c36cd9ec
EVT-DAHEJ-02063,559c4daf034c8277556840bf367503afbf299da2
EVT-DAHEJ-02064,55f0a0535b82c8c7ad81c56344c62bfc9ed830a8
EVT-DAHEJ-02065,8acb624d32e6126b91cdd95fc86187a38f58d1cf
EVT-DAHEJ-02066,8cfba80583d30713ea221c5eefd3fd99ce8e2c6e
EVT-DAHEJ-02067,dc1e221870462f934ef1b20e7fa1a522ad557c17
EVT-DAHEJ-02066,3730f2982b1f6f64cf229db98145bc883d718fee
EVT-DAHEJ-02066,dbac2b81bc442516061d7a3c1959a049f6e287a0
EVT-DAHEJ-02066,64e50d79bfac4fb82266ff6f8e7db72a050328b4
EVT-DAHEJ-02066,e468ea7f6e2ae0d5938dffb40439021e819b10b5
EVT-DAHEJ-02068,08d6a5e56e90ee4e87aa336512f0528a6acc6d81
EVT-DAHEJ-02069,0fa010783f70e9c46b94cc6e194bc3f3133e3a36
EVT-DAHEJ-02070,202e8dd6085c9b5afb58eed48338af69b8d4a194
EVT-DAHEJ-02071,2116d6ddbd3740bbbd5b3d81affb51579dd10587
EVT-DAHEJ-02071,2f81d23cd59d762317d4738ab3f78aad53895227
EVT-DAHEJ-02068,363d22c6b0fc3799b58f6998184432c5cab948a6
EVT-DAHEJ-02072,3a9d8f11db19eacefc43724f8f8cb844e7e2672c
EVT-DAHEJ-02073,4d567ff35387312f9e3e2de6b5cead77d9364317
EVT-DAHEJ-02068,4da74b930dc6907552971bc3f648c514376b7780
EVT-DAHEJ-02074,99448942a346471d9e3b1b0515d87d6652efae34
EVT-DAHEJ-02068,9e91b445e920bd05968c2911f9bd9b2325ea4aac
EVT-DAHEJ-02073,9ee005dac54c0e78c8b32d8182ccef306606d5d1
EVT-DAHEJ-02075,a969579bfdb255ab717a5dcb2cff71b6ec9a6c80
EVT-DAHEJ-02072,c2a78d00f8a52424fd67f4aaae9fe7c9cc18fa62
EVT-DAHEJ-02068,cc8659536823d24fc035e59a936132a04721dc51
EVT-DAHEJ-02076,db649396136debbf8911243b9136f4ea014b1dac
EVT-DAHEJ-02077,e4cb6e5cce69ff504e421de2c98fffffd62d3d6b
EVT-DAHEJ-02078,f3adb2d37c91c0febd4a65e6c79d7afcf819f14d
EVT-DAHEJ-02076,4508a3e3d81c0dd75d56d62ddaad3dc63665cb1f
EVT-DAHEJ-02079,134b4c1f29f1701f0ac1c533a5d2387ee480b280
EVT-DAHEJ-02066,43209140f641899de8905f628f059e9de5e87352
EVT-DAHEJ-02066,384167fe10f0848b837e9d37940978bb039e4ca8
EVT-DAHEJ-02080,7cb2a8f56eb1ece9e534bbf93330dd25194dbd30
EVT-DAHEJ-02079,82bc72c6ee8c76988096ae1718a67def18355cfc
EVT-DAHEJ-02081,4ce425d0e765e46aede0c8bdf71e151949d7e871
EVT-DAHEJ-02082,bb32c7623f5830765244ef6c5f15a4f366cf8f34
EVT-DAHEJ-02083,2ec7fdc7c3ea2ff93644dfb47591dc46bde695f1
EVT-DAHEJ-02083,8084bb783c01c398988a1b2f7c6ed6245117f964
EVT-DAHEJ-02084,c995869ae9b09e956b27e7b9d03af20c321af0af
EVT-DAHEJ-02084,44347a5b514c72aa5dc552a8a556a171e480836b
EVT-DAHEJ-02085,552bcbca47af5f2f0f6e685d0819935f349dad12
EVT-DAHEJ-02086,fd18886980860f99e9732adb25282e6cac82655f
EVT-DAHEJ-02087,46eceb0d434cb4fd70fdf8eaca64ab4a633ed6d6
EVT-DAHEJ-02088,7796a02575f3f556f5b184c4723c4dc803300e37
EVT-DAHEJ-02087,98af4fea5e637aa78df2ae0c9aa66bc3bf172772
EVT-DAHEJ-02089,a24e9439e182b6fcc0ee9932973780f5077f4a87
EVT-DAHEJ-02090,bc2dcdb6db3db7e07afaddf83c48be51debca88a
EVT-DAHEJ-02091,d977dd9175090fda3c9f6eb92c8e99abf6734170
EVT-DAHEJ-02092,ec0eccfdd8a7f18406e441bfb77f16bb68b38d6e
EVT-DAHEJ-02090,898cc3a66c89b1aef2c5029582dcd14ea0c1baa1
EVT-DAHEJ-02089,b63b3ce07512313f031bca6b6f2fd485192c3673
EVT-DAHEJ-02093,02d3b4dd8c6464075c95c330706644816f095c92
EVT-DAHEJ-02094,33bf1aab7f5c8538f4a9a1462a5420d9e5549676
EVT-DAHEJ-02095,0695990fd7b1dd501e5f53a2b05a63bcbc38bd4e
EVT-DAHEJ-02096,0d1b3eebe9698c9da594d5ab7dd16256976903fc
EVT-DAHEJ-02097,2b15e982fabe902a09c03418c76c83a71ce10d9b
EVT-DAHEJ-02095,4ee4a12fcfa73560e306e12abd530a3d65017dd2
EVT-DAHEJ-02095,5c72836503548b9b6b98cffc6b764010b43a7678
EVT-DAHEJ-02096,b4ddd151e560d02bbb30d1850580927f99ca12ee
EVT-DAHEJ-02098,f16a5790c11891dd677503b25b424827e38df0ba
EVT-DAHEJ-02099,efbce15329b328b127e36917e50362a94ebd9189
EVT-DAHEJ-02099,75472df8bc41dbf1c7fa8d36a890ebde8b6596f6
EVT-DAHEJ-02100,b8cde0757d2e1f416a79867aafb4ae6e5278d398
EVT-DAHEJ-02101,b3dfb06c94a44cef7e796bf30f53ee86407e7183
EVT-DAHEJ-02102,2ea0e6c2cb787195ed458f0e11a4cd6b59856a1a
EVT-DAHEJ-02103,4de5cf4df3378b72fb60a940cd25d1513c07d687
EVT-DAHEJ-02104,63055dba9a5de86a6d651c9fdabef490933ad007
EVT-DAHEJ-02105,6d9c9026e246a263e01c06d08ba71ee9c5c6bbe5
EVT-DAHEJ-02106,4db5eeb350b29607bbf6a7797165a6823dcbbd41
EVT-DAHEJ-02107,b126b1e6aa86668d90dfa603ad7798153965c7df
EVT-DAHEJ-02108,93f180ec625b47dca10ccf2589f496ca6f81767d
EVT-DAHEJ-02107,e32533e4bf6cfa7c25c8c7ee0781b19dd11d000a
EVT-DAHEJ-02109,ed9e6b80b3d8ca00d20ef9b2431beae624234eb0
EVT-DAHEJ-02110,5e0e591b5481dd25f3f7662470a577ab5f3013af
EVT-DAHEJ-02111,6f3ab5399c246648d6b859987135f4842b535eae
EVT-DAHEJ-02107,72d1e2f5779605f270cde526fb8075cf9846dc7d
EVT-DAHEJ-02111,78ab78f0994cadd0ff42fa23738aaf898564a09f
EVT-DAHEJ-02112,447a386eb59c71379afa3858d453cc2ceb6e74c7
EVT-DAHEJ-02113,5bfe44dc83ca8df5a0f8de05226e45f9e85f764e
EVT-DAHEJ-02114,404969b5edd10d79708a74946026c612a43be14e
EVT-DAHEJ-02115,b4b7ba96f421718dfab126a26dfbcd7a4d85b583
EVT-DAHEJ-02115,f4b3079460a65e3fed8be91abfcfcfbeb93cdf06
EVT-DAHEJ-02116,0c6d44b148d07fec5d9b159ed9da6fd3632a3a01
EVT-DAHEJ-02117,0faa126d53c7e83c6c21908ccebf484a9ce18904
EVT-DAHEJ-02117,1a0f14a0c15487f3aeb1c8f8b1fcd577f83f93c7
EVT-DAHEJ-02118,290baca30e406b987a217c79018ec207a6a9f85f
EVT-DAHEJ-02119,295aeac7033cf3936220527bdb17af915f3ca012
EVT-DAHEJ-02120,2d94655ad1b4ac1f715d1ce53a139451e1a132c9
EVT-DAHEJ-02118,3580036d37c02460fe58bbe0e7cd911292a57186
EVT-DAHEJ-02121,370b14517cc07eff5c15003f49da670a486c4fd8
EVT-DAHEJ-02122,3cccc2c6ecff5b6453b0423dee971111d75054a8
EVT-DAHEJ-02123,405b83e6fe0c498694893b65d5faa37dab7bfe0c
EVT-DAHEJ-02122,5a6da37ed24364452fa29c59c408bc8be8e3cc4a
EVT-DAHEJ-02124,63175400723760c4a1b5d7accffc05fa0e99e012
EVT-DAHEJ-02125,7653ff1a097dca4d0ea559d7ab82d6354a2efa5c
EVT-DAHEJ-02126,9334292cd220b83d3ea199cba761ed259155e1c8
EVT-DAHEJ-02118,9ff1fcf6b3fa0c145d00fd68ae9831306e565a76
EVT-DAHEJ-02119,a84af83d0a4459738cfea0104a8ee7621ae9667f
EVT-DAHEJ-02116,bc9ba1dfa6ff85200e7dcb6e8f9b9caa1fda974b
EVT-DAHEJ-02127,beabc78ce414a3043131052037de5e4d953d95ce
EVT-DAHEJ-02127,c856b2dfb44f23b3b84d00711453b782ca60b94e
EVT-DAHEJ-02119,ccbc6eab0e815db9170613688288192ce54790c3
EVT-DAHEJ-02125,e5b4713dd43ef02e99ab911874bcaf9d4932c618
EVT-DAHEJ-02126,e7c71945e1e8b7a92f29d2ca9308ece7557829a8
EVT-DAHEJ-02128,edb800fd634cd3c2a8dd0c0cba65c9392699f78b
EVT-DAHEJ-02129,ee4eeb2d0576f020ab72e453c91173b020f43dcd
EVT-DAHEJ-02123,f26d3b7a0dd42733c48fcb05b29944a0c8a63a80
EVT-DAHEJ-02127,fb3ea6abc841ffaad83a4109dff04450c5d45a07
EVT-DAHEJ-02125,fee3fd0e00e9595d436e11c1eeddfee3463810ea
EVT-DAHEJ-02115,029b92709043b58dc961f9a7b0be3511ab61f19a
EVT-DAHEJ-02130,0acdc6d5733c5202b9dfa5b060a321709bb2b5b3
EVT-DAHEJ-02131,57de837baf40ecd8a48e579b635c1d87fb3175f8
EVT-DAHEJ-02130,ac11cededd931c7e5316d6b6651a0c2c7b3d765d
EVT-DAHEJ-02132,9c6e8f324a2cc20bd957f251bca221afceebc8f9
EVT-DAHEJ-02132,349cd09d9f447f894f561749d00d1c85be8b25d0
EVT-DAHEJ-02133,7c2f50ccc5c2e8f920e87e8e6d3dc96548620e1d
EVT-DAHEJ-02134,703407498ef1ad8d8a51164e0be476f645944b05
EVT-DAHEJ-02135,6d714805755761ffd02581f9a0f479eed79eb3ff
EVT-DAHEJ-02136,c7e9604eb61dc83a6d0d14f491b5abcca4cba891
EVT-DAHEJ-02136,36b98935f3879f53b29b36061f2d2d29e40d1149
EVT-DAHEJ-02136,694e87b2deca31333c2dde0bfbe83cb2b6ea621a
EVT-DAHEJ-02136,a384ce93007f5395cc0347c63a981ce1f71f61b4
EVT-DAHEJ-02137,e6df1bd81f3330affb1c59258c8f1f2341c9ccb1
EVT-DAHEJ-02138,166dfb891b942cc5be548b5efa927df1633617ee
EVT-DAHEJ-02139,926266b8442597cdffa438878b0232c6d7ac2a9d
EVT-DAHEJ-02140,0ce029ec87028ff1f4b9faeb843da5a4db0dd826
EVT-DAHEJ-02141,145230a053d54079ec58308adb14ff70fd3abe98
EVT-DAHEJ-02142,14f2e97f87f77d3ec52f6a00685853fa11f412c6
EVT-DAHEJ-02143,18b7c6e57a85183fca2dac11a8c2dd89878f026f
EVT-DAHEJ-02144,1df7144d7d0eb2142b07daba069d7e0da8f7161b
EVT-DAHEJ-02145,3106fb91ed76957e5e9a3dcda7aacc4e00420de7
EVT-DAHEJ-02146,3c5d4036811ad600f63c007d12a43fb3a65bb5bf
EVT-DAHEJ-02147,4213fd5bb3dfb21556642faaf34822ca6da9a76c
EVT-DAHEJ-02148,42603d77970dc1d48ac66bdf7319f044b0b91916
EVT-DAHEJ-02145,63cd9c17c584ba4cc791263eeadcc216c8f77e0d
EVT-DAHEJ-02149,68cdd290dd73cbbe58a8d3d18739d68b52938fa6
EVT-DAHEJ-02150,724d9368f3309dce32bc5912a1b1f0882eca8d41
EVT-DAHEJ-02150,73eba77823af61df0ba6fcb8d72dae98b30f561b
EVT-DAHEJ-02151,7e235b463b6509acd37561f54dd59390cc4d0620
EVT-DAHEJ-02142,83e48762f63fb8a9772432de1c78e397f3d56aa4
EVT-DAHEJ-02143,89db35b3e801323e332fae72bcdf582ff6641c6f
EVT-DAHEJ-02146,99a03573ac6bb9cc15261b013a7f4c516aaa5be8
EVT-DAHEJ-02142,a43c9ec84d711a2cf1832c1082ff7a5c788256f3
EVT-DAHEJ-02152,a671a10652bc40228be5f874c932950526b9e61e
EVT-DAHEJ-02151,aa1177501c982de8e34116166cc9d8e49f3dbae4
EVT-DAHEJ-02153,bcf9e46ff267f74ef385b007dff38c96289bd2d3
EVT-DAHEJ-02143,c5ec12032b8e34e5c282d38c3a307651252968d4
EVT-DAHEJ-02154,cf775c44c1107ddb5b0f05c55c8e581c4d039a93
EVT-DAHEJ-02140,f75c4951ae1ab47ee9000f0082db5ded28820ecf
EVT-DAHEJ-02155,6489ca3aa3797beac9f2f9ab962c8c35f41416c1
EVT-DAHEJ-02156,8991f86fbb3031db2e1f3ccfd5806553628d72d0
EVT-DAHEJ-02157,e74649b19ec109164e6a7378598414821187e7ce
EVT-DAHEJ-02158,87c756c7db7b62d4ff5531ac4697a3087e1f77fd
EVT-DAHEJ-02159,a7fbf268b9ae643cfd7de822c229362213c0ab88
EVT-DAHEJ-02158,a847ddd22324d5d18e54c0b6074dbb82045355b9
EVT-DAHEJ-02158,810d6f2899490492ece4a084a5073f6faf10a7de
EVT-DAHEJ-02159,a508fe10e2e9ef29cdcd9e942e7d9a2e6082ee7c
EVT-DAHEJ-02160,3835e0ad96c0092fff03ee6c7a9a0e1de280869f
EVT-DAHEJ-02161,ba97b0b5041d4aec5b1a07d80849f509f02ff8f2
EVT-DAHEJ-02162,f157566861c42aa17973e20d2c5715eec689dfdd
EVT-DAHEJ-02163,982859b158571af6c21f749fcbb10e2bd321e498
EVT-DAHEJ-02161,a761ad63e8a80783a4506e6be8034fd0e7a03f4a
EVT-DAHEJ-02164,7fc0c2b3d5dba4e722696eb7c684a6646887cd05
EVT-DAHEJ-02165,baf5a4bb210bca67e4bec5af889a0176fd73b48d
EVT-DAHEJ-02166,c9e2c5a6dad8e1865d7df65a20cd36d8c912e788
EVT-DAHEJ-02164,26a7152701c56c7149c17ba3cb9415d6412d4e49
EVT-DAHEJ-02164,350a3f315ee82b118c076d30e8cbb414020f5cf4
EVT-DAHEJ-02164,ab35bc1ba17fe958c55bd76baf88609c139181c8
EVT-DAHEJ-02167,62b943ceaa3b470026dad395bfe770a95ed9d89b
EVT-DAHEJ-02168,82357d6e6ec40eeaef2f660e3e47ef622fe9f739
EVT-DAHEJ-02168,aae397fce222542b05a5c55bb7cd46dc48689005
EVT-DAHEJ-02169,43a438c4903f3eda3623563578a22fea53aeecee
EVT-DAHEJ-02170,91a694c26ac5de36bb639ec5904258f0faa5a028
EVT-DAHEJ-02170,6f039fbc0c4bcd8efe0ab28a43052d3ef6d43168
EVT-DAHEJ-02169,8af916e50dcb608d64c3cfc435dee82a2f5e100c
EVT-DAHEJ-02169,8c9827b25993b9d485dbece27c716f2ba047e5c8
EVT-DAHEJ-02170,e0ccb25e0f73406928d5d3357c728386ad68065d
EVT-DAHEJ-02171,60e5a1bac43eab9aeb4182b2755b592d84f590ea
EVT-DAHEJ-02171,0ccb2e4bb890542eb8dfe668b2997bb11d6193da
EVT-DAHEJ-02172,86a4260c56637a33bd7a4d476dba4251f9b9c021
EVT-DAHEJ-02173,c7748f9e45fac0cbf14e0737fd114647689ee4e1
EVT-DAHEJ-02174,13ff6d417b269a063849f5099eb8543da9809fac
EVT-DAHEJ-02175,69a54903ccebdca5951f56d43610461ba9a94582
EVT-DAHEJ-02176,f6209086eb73f783788407b14c94c3d960c6e874
EVT-DAHEJ-02177,523655949702ceeaf0edb2cee490c5b4a6face28
EVT-DAHEJ-02178,3c921cb7c8244d69f40ff1240aca41cb8c084ade
EVT-DAHEJ-02178,1352a14d31e854b7cba66ac41f9561d6b52378b6
EVT-DAHEJ-02179,f7d64d8e957fde3f31814cef5c6f79a9f21281f6
EVT-DAHEJ-02177,66707be62185d4da77a0570a06ef63ae8e2fb20d
EVT-DAHEJ-02180,57781ae5ba217b7ba1e205b57df1b5537d1eb441
EVT-DAHEJ-02177,aed0a52c7f84679a90041fb6c50893a7a1dbfa7c
EVT-DAHEJ-02181,e918ccc9764409851f1dae3fa84132c280896fc3
EVT-DAHEJ-02182,fcef8c3b495eede7f934e9b319cb9684651bbc09
EVT-DAHEJ-02182,31ff0ba8bd2fd3f91a069efe934df150cfe09ede
EVT-DAHEJ-02183,91823e61183b3f768d9a98961016f8b7c6f75828
EVT-DAHEJ-02184,66ddadd70ac29848e56ffbd8e50125a03c00b423
EVT-DAHEJ-02185,15cee60c4f62ab8c7e84569077248acce7d2c2cd
EVT-DAHEJ-02186,2b8ebb7178e69622caa93ec9870ed5b3ddfa46e2
EVT-DAHEJ-02187,a9596d44659e2241bb0e127de0df74d25775bdd1
EVT-DAHEJ-02188,b5308191b23f0991bf753d83744a5dbbcc693d3d
EVT-DAHEJ-02186,7b8ab507242b7f9d40742b735f7b12e7ab405926
EVT-DAHEJ-02189,9bb58ea045cf833ad3447ce942b2e3f72b6e46a8
EVT-DAHEJ-02185,4252a2d1f57a2bc3a9404851295c7811cc2d0143
EVT-DAHEJ-02186,1a265d29f08a18e9ecd79ec1b1ce7ca4f1ea2f80
EVT-DAHEJ-02190,c0a67323070b46b3328860e641ed15d12c47c661
EVT-DAHEJ-02191,533684ea77106e00bd62f3a640bba4b4c327ed38
EVT-DAHEJ-02192,197c5bde5c26adbd5cf48d753d0ab4f926a6cfd2
EVT-DAHEJ-02193,3b4f1c40961464ec448fe2b440ef1944b71470d3
EVT-DAHEJ-02194,be13379a2506bc7b07daabdd2b2c7f15b505d7bb
EVT-DAHEJ-02195,814517074a2a67cf9da876daf58e1db92ffa965d
EVT-DAHEJ-02193,9facbe569fd74b30fd8d2c58a5ee9dc529b7d6f7
EVT-DAHEJ-02196,04c2206adb397209636a6a5fd33ea6ef53dce852
EVT-DAHEJ-02196,784ffe44f75359796e34cd6d98b7a7b75a0917c8
EVT-DAHEJ-02197,8011e227cc3f9e88413bc802d0c85521436a9609
EVT-DAHEJ-02198,e75a98e1c45ab5a108ca50f8561214ca66cb37e6
EVT-DAHEJ-02199,08853be2f04d613ac7d2cf617c9256a88b33a2f9
EVT-DAHEJ-02200,bce2de34a91300a047a17f4c32ab5b3d3f0eabc7
EVT-DAHEJ-02200,f2ed4011b55e492f0f9e0eb1173f16917d2a0ac2
EVT-DAHEJ-02199,e48ffcc084e13d258be6c542a8b32cab617081c4
EVT-DAHEJ-02201,e706cebff58117e75b855d355b6830a492596f9d
EVT-DAHEJ-02202,ecb2fae77e6f50676f1fa1307da3b047c69c03a8
EVT-DAHEJ-02203,7fbefb65fd51ec1dd0ebc5fc0e8d041e933d287d
EVT-DAHEJ-02204,c46bb7a32daec2fa0ff88ba511240f9b423f5074
EVT-DAHEJ-02204,eb70e2ff6d852ef8fd12dbc8eb6ebb1a9050ade0
EVT-DAHEJ-02205,5fb4791c0c78fc61854a135eb0058a90e0f4cb93
EVT-DAHEJ-02205,8d86f195b1a298b5a2a06754004f7351e9956882
EVT-DAHEJ-02206,284acf1cdd58a2521847bcb8e3017d5c7d4f734b
EVT-DAHEJ-02207,33b1c1c8d3f5748fa0555fce2d03626a1413c930
EVT-DAHEJ-02206,494bfaee30180aac7bec20c54c3392c7979ce464
EVT-DAHEJ-02208,69322520ab4d6ec2f7a7a65b2c6a86afa13f4216
EVT-DAHEJ-02209,bb2226bfd28d3da1ab22680943fc8bfe3e7e999e
EVT-DAHEJ-02210,c35560b5f6716fa0e724ea4de21d110be77f1918
EVT-DAHEJ-02211,d1418f8e16479c41ac05b720c5423f8b8127f180
EVT-DAHEJ-02212,28fa27b3133c882ebbb59d9432d431fba5c09318
EVT-DAHEJ-02208,7e285f8479140d15aaba984f264a9f9ac51db36b
EVT-DAHEJ-02210,a63898485226db460c268d2c7e8831aa606d862a
EVT-DAHEJ-02213,83d25e7f912e3a08490bcfd9580b3066e7b8807e
EVT-DAHEJ-02213,b40fa509eaee26736352df470b91ff5db0c1b82a
EVT-DAHEJ-02213,d5c2b78f274331ebafdb4d7371b8d3d9f58f29d4
EVT-DAHEJ-02214,9c07489e8a4be7a6013aadc41bed2c0339ab416f
EVT-DAHEJ-02214,b9d6a3dcccd21931449c333c5ae45f31ef867726
EVT-DAHEJ-02215,c9d1bf3882fa4b3c881d39aadc320f94bb8e6525
EVT-DAHEJ-02216,48d96a8dafcbb0f7a2dab08fdc17312af4047e82
EVT-DAHEJ-02216,549f2d7e1825d16ed9bee388f70c908359f94498
EVT-DAHEJ-02217,e34d6acd90d1ee2e9051eaee0cd9e2a56b07798c
EVT-DAHEJ-02217,27e4e01e873df4d3c8e38aba70668498474f4684
EVT-DAHEJ-02216,3a58f6fa4086dfc9452bdd4ba6f451b61203c46d
EVT-DAHEJ-02218,6a3b875e6defb41d317c7faa2c5fc88cfb6834bd
EVT-DAHEJ-02216,8e66496036dc35fe395430cc44e54f5b95a8308e
EVT-DAHEJ-02219,5e2b5c746be2b1f2748c5777b5ca48f7b374aaaa
EVT-DAHEJ-02220,82b84d63143ee8907662a86ea298aaf1d2b30193
EVT-DAHEJ-02221,45355431d55ebc6eb00780bf21130b3db0225a76
EVT-DAHEJ-02221,c8d426f293192b49a6e73190715a212b32bad05d
EVT-DAHEJ-02222,4403083e3cf5d429d7839786f8090b5aed1caa74
EVT-DAHEJ-02222,51df6d6c461d6d5313eafa9a6bab6b3404cafe55
EVT-DAHEJ-02223,6d8507c85bc4d2ff833228ce2474ebe332b45af8
EVT-DAHEJ-02223,75f6dd41dba2a75d704076eda5c8f6ff34c3adee
EVT-DAHEJ-02224,9e317636acaf7951f07f5058feef787026208685
EVT-DAHEJ-02225,00c964e8557c27bfe9e3ec007861b48a324f233e
EVT-DAHEJ-02224,0fb12829fe79637e7f574a2a7848c54cd8b85d79
EVT-DAHEJ-02222,273ec81005b9e76f3559a51b37afa078cb14c014
EVT-DAHEJ-02226,521abb7e09a204d5d46733ff5ec46ddae3da2906
EVT-DAHEJ-02227,915948cd732091730fd66cc5b5036ce2563cf2c5
EVT-DAHEJ-02222,e9ef73ebee914da5d4f6212b952fa0ef5409a040
EVT-DAHEJ-02222,f354a79e88a2499f730dd48cc04346a9572813f3
EVT-DAHEJ-02228,8117809287a3b1d3b7a30186aa8573041c7934af
EVT-DAHEJ-02221,a9c5e07c682e508b470a46a87b0ec2d58f5ccf38
EVT-DAHEJ-02221,24f8022d3e8f2b1776ef16eb2ca0ce877cadb484
EVT-DAHEJ-02221,40af6fc7908d69ef3cf390613e4e8232a56a62af
EVT-DAHEJ-02221,4e6f22cadd89e18c020c5c2c73d1b3999c3a2732
EVT-DAHEJ-02221,7f692617d81080bd43de543d842db3959a016bd5
EVT-DAHEJ-02229,1ef48e851c5c5e580ccd32ef5a8ff22fda21564c
EVT-DAHEJ-02230,56c3a443b139f18597e29d3cbc7cf9439e46a214
EVT-DAHEJ-02231,7d044612b8113f155c173a912266e63e32898a4e
EVT-DAHEJ-02232,e0f643e0e06dc0cd2ada4fc124b9522e93d40af7
EVT-DAHEJ-02233,e4ecb1e6f5e8574c8b9467b357e425d439b0a036
EVT-DAHEJ-02234,ebb45dd7d9071eb23bcb9672c397b48374113b11
EVT-DAHEJ-02231,431db5f100e5154b7a43cc0ef641037d6a734408
EVT-DAHEJ-02221,1ccd604c8456d5b7ecff066d0ffdc01bf9d6635d
EVT-DAHEJ-02221,3f986929329e827bae943218a255d6a8a7905920
EVT-DAHEJ-02221,87751aa750608c40a7bc95393faa22e922fe520f
EVT-DAHEJ-02235,915119a17b2165326ed7200ddbfa6591adad3579
EVT-DAHEJ-02236,b0a75935d78d7a4d7d17cfc91f9f8ff01f5f57c2
EVT-DAHEJ-02221,294c391474a4acf3d882d360b84c0b3a4eefa223
EVT-DAHEJ-02236,4df17ad2739148e20c6e2c4b72af96666df99f62
EVT-DAHEJ-02237,9398ca45479ce970790a178e8a0cdc4bbd66d222
EVT-DAHEJ-02237,48284d412d291732b51561989404d417f33132b1
EVT-DAHEJ-02237,b59bc32837fcf63d1bb11175f15030bff98b4dac
EVT-DAHEJ-02238,6b2aa1454b64fc436e2942487c111c1729c909ae
EVT-DAHEJ-02239,0d9bba60b66684f50670e6d9bb257af8179dfce4
EVT-DAHEJ-02240,3178272cf45b418f604288b5d4283ac3e65ac298
EVT-DAHEJ-02240,4247aaca6bcc913fa803131e016073780b98f5b5
EVT-DAHEJ-02240,746a31996ebee3550e0e1691f80a29330e721754
EVT-DAHEJ-02240,e665f0178e8f5b1f4a6bfdba84414ea832224b60
EVT-DAHEJ-02241,833beefc08ed06172318cbe09cb57676a9efa204
EVT-DAHEJ-02242,a50eb7df02b31b88a208d85c3341d6fdca576a55
EVT-DAHEJ-02243,52a5212c3a543f44398c8fd428d1bcf16435697d
EVT-DAHEJ-02244,01dfebf7b71cec28092a72629581b2e4c8f7bfc2
EVT-DAHEJ-02245,7cdccb21edc252ac1386b47f5b9f29dab66fa346
EVT-DAHEJ-02246,7dd679509166d8c01eee0805cab2a71cf90525ab
EVT-DAHEJ-02246,a9f994affd3911f1a3f196308e49b67a12a636b1
EVT-DAHEJ-02247,2226d4e2414864da9cf1fa34aa063b0bca836cb9
EVT-DAHEJ-02248,345a8d433d6f2bd9d2978e4a78c8503c19bb2d98
EVT-DAHEJ-02249,40607a953efe3659b107425a706c05915745dd29
EVT-DAHEJ-02247,57f4f0444a6c2e98b70a242c65fffc18b42f29b5
EVT-DAHEJ-02250,5d12fd795e17627743b6b0a02f6dea79a987c2a9
EVT-DAHEJ-02246,f244d1c71c384d3265771a65f817b5722e124862
EVT-DAHEJ-02251,0522df334ba9d40bbf3a2ad87c91405edc600419
EVT-DAHEJ-02252,2a172e3c366b1a18a2de29a85ceea8ca07d021f0
EVT-DAHEJ-02253,76290334d3c74de8a92e96827026c8030e4c99c6
EVT-DAHEJ-02254,4c27859e0b840ccec9c3ee6da5b85a8114415312
EVT-DAHEJ-02255,d264c7a969bda937e216dea586f5bbf10d5f10d0
EVT-DAHEJ-02256,8a517f0166faf502173e39bc8ae8f094ea4b43b0
EVT-DAHEJ-02257,c25fe47a21625279a38d00cfb2ae4deda9d6d726
EVT-DAHEJ-02258,fd52db774a0b05317f0c94060a9155240b5d7920
EVT-DAHEJ-02259,84725885a6aca01d28cdc96b8312812316a6d75c
EVT-DAHEJ-02259,97b489552be11bdb7a917dd3d29061f3be2ed3d4
EVT-DAHEJ-02260,f4f062974d57a8a682765f9d9ffe7b931ab7c965
EVT-DAHEJ-02261,0f245e9fadb6bedd357280d80ca82d559fe0bb2c
EVT-DAHEJ-02262,b8eb787f64387da660d4e82e8bdd562aef5a574b
EVT-DAHEJ-02261,e258d1a74abd3fc3bbc10631d927c41fb462346f
EVT-DAHEJ-02263,2c0b3df403cdf8f0b11c0f44a5e176857ffb2c3b
EVT-DAHEJ-02261,3a771b156cca478c5b6e5287b71dc92b7c2f2474
EVT-DAHEJ-02264,3dab011cdb0abe5062325cefaf1e081e465b3edd
EVT-DAHEJ-02265,63b57ac4d9a00eaf4a480577c9e961c59916a664
EVT-DAHEJ-02262,913f4c85b7aea24b32d0a76ceb508cf6dae932e8
EVT-DAHEJ-02266,a02ca5c040ff831795c72fe8ddbfb248f87d1d24
EVT-DAHEJ-02267,9e7a33daad671acd78eeccae5488c41bdc106bb6
EVT-DAHEJ-02268,e0b86c7515f48ad63a6bd53f600f0a95ca371de9
EVT-DAHEJ-02268,8452b5cbd4f12d0573d9d5f255f70695333ee907
EVT-DAHEJ-02267,a1b0fe1b87404818b689775945be3596b7037031
EVT-DAHEJ-02269,28a28db6e39df07f582da44401c367c41c8fa431
EVT-DAHEJ-02269,7bd27e40dd93574f3520d67cebb6eeeb20359f81
EVT-DAHEJ-02270,8a916444477abbdfe8cb47d738395c316cb79096
EVT-DAHEJ-02271,bffa8368cb5cedb58bbe3642aed3de8381349b1c
EVT-DAHEJ-02271,35d03f978cf8f4db5ee473ac124ba37d9c4c25c0
EVT-DAHEJ-02272,37046177e5997d0a91b658db575af35823d11808
EVT-DAHEJ-02272,5740e99830612a5d8335d21445cbdd5e8f1dc8a1
EVT-DAHEJ-02273,5b49149f2e05876e577e16804bebd859fcce8468
EVT-DAHEJ-02272,7c2791b790df6794a52c58bfc0cc9fdd7e27b316
EVT-DAHEJ-02274,7f55ae257f508598d10ab674a20f9a9511b349de
EVT-DAHEJ-02270,a0ec4058475d253c2f3e0c7fa4baf16034b52cc0
EVT-DAHEJ-02272,a5898ac6a84ae412d6ed95038976feaa12c858be
EVT-DAHEJ-02271,b03598ff147815715c878da6f1208aec219085e2
EVT-DAHEJ-02272,bd20fa1a7fc44bd1e50c6456996bfdbdbd442bce
EVT-DAHEJ-02270,e920c4415ad1925484a3967df4b8109a726af8db
EVT-DAHEJ-02275,ac0576eeaeb6a7a3f7fd2ab87cd0f9068cdac7ce
EVT-DAHEJ-02268,6666682e356dfc63c5e6752197c9cae8bd5998a2
EVT-DAHEJ-02268,78b39e9380addfd3e71bed407718b3ebc27b9ae0
EVT-DAHEJ-02270,d54a8f9a96b936ca72739a6a99e35175219f968f
EVT-DAHEJ-02276,18ef26c4e8914fa169978e88f5165c05f8feb6eb
EVT-DAHEJ-02277,9418fb079b46c687be139f567abcdd433988f7aa
EVT-DAHEJ-02278,9d3f4fd96826d3b96b1f9aeb7a8fdc6040bc7d65
EVT-DAHEJ-02277,a3e11ca4b6c801ea6d966c874a23bdc76192a402
EVT-DAHEJ-02279,dd0c20b234aae37a458fbc6d61687c42699699e2
EVT-DAHEJ-02278,36c7a87a7b7164aed6112ef0c244eac17699deee
EVT-DAHEJ-02278,a6078f40e6dd6104fcdd64feae232d892bc2b96e
EVT-DAHEJ-02278,d3b145122718975f70421130e5a4f0b02d2dc496
EVT-DAHEJ-02278,ed2ca38075ed5f407fbd4fdb152da2270b6750c4
EVT-DAHEJ-02280,f492c44a3a635cf4e0b73aa7deaf928fc50e38ef
EVT-DAHEJ-02280,4acab7caee68de8d3944c42de35ad6c84b72e08d
EVT-DAHEJ-02281,6c739160f938aceeedb47ceafe6c6d80d3556cdd
EVT-DAHEJ-02282,7ca4f25e375a3b146d2f660211f2bdb163826d8d
EVT-DAHEJ-02283,7a82652607b8cd10981eef6248801e80502cf422
EVT-DAHEJ-02284,a1399d69aa0847f9e7a1828a1ed94c4e2a6fa6e6
EVT-DAHEJ-02285,c1839cce901a9ffd32fb92d97352f6dad719a678
EVT-DAHEJ-02283,915b0d4684c6cc502355bf16c585ecf66ba299d1
EVT-DAHEJ-02286,39cc1e5a94c88be1b53ca263a93f09d6a9866021
EVT-DAHEJ-02287,99f2e2fa4d3d0acf3bb36eda4d78532999825996
EVT-DAHEJ-02288,e8177bf0a65f733fbb8acbb6cdd6f79e0d2a10b5
EVT-DAHEJ-02286,00ad5c055abc2a8e82124445a9b4b1dfd796aba9
EVT-DAHEJ-02288,5672f9c6751588913070157da03dc57145fff3d6
EVT-DAHEJ-02287,c830dc9a01babebba12a100ac91ca135b0afe4d8
EVT-DAHEJ-02289,53baa87083f16165b228fb9b6ec69c340c0a5966
EVT-DAHEJ-02290,70c33b7c361f30da4ce71b0bb2b1ed308eb52382
EVT-DAHEJ-02291,cb1c3e47cb4968b9e6d72f2e4188e0388463e50c
EVT-DAHEJ-02292,cc14fb7a9a99a7aec092c57492c4a504e75f3f10
EVT-DAHEJ-02293,1cc09866d4027beee88d71b71f5f48d0d8f810af
EVT-DAHEJ-02288,bd636ae6ff8f6867cb44a849f76e8369068d6bee
EVT-DAHEJ-02294,4fc0ad339fd34a8b34d995f8cbe3867fcfd32791
EVT-DAHEJ-02293,5c017cdc21f9e348d27339ed67dc71b598f32fd5
EVT-DAHEJ-02288,bebb22a56ca8fe44270f37a0f9196d11b60d6271
EVT-DAHEJ-02295,03d1de42d803268e83552d52525c8d76c7f74d80
EVT-DAHEJ-02295,612aba2230121f20191c56b033c392a16f6b21aa
EVT-DAHEJ-02295,72dce69f9d8b295a8e004048d63e5b1e839719de
EVT-DAHEJ-02295,cd200135537f8b05b24ca5ecaad4fa7f119cc4ea
EVT-DAHEJ-02296,dce4242268f43fcde9d97467e4ddf8767857d4a9
EVT-DAHEJ-02296,3a1e5430c6111e7462cdfaaab18d82d38f68e44b
EVT-DAHEJ-02297,9e933ec4a2b61b455c7d9dca6de810a772848aef
EVT-DAHEJ-02294,6b7a0b9aa97dd1e5991ce1d5201be059ebff1f4e
EVT-DAHEJ-02294,5535b9d5e014f36798d3947c106a0648cadace50
EVT-DAHEJ-02294,730ec3fb6e78c4a5a0eecc0bc0c0a330a793d315
EVT-DAHEJ-02294,b94817665ee07e729fbcf1ce0c04abbef8177d77
EVT-DAHEJ-02294,84c3fd3522970735c7c32f452ed4ae67b67d5f21
EVT-DAHEJ-02298,de5b0366eaaa216d78a7a05ce5cdb34e41629d63
EVT-DAHEJ-02294,0ae3c299fd6b7b0e8e8677cf0100dbfc52de7502
EVT-DAHEJ-02294,f42acb1976fbfb30ca29eea0d9a04dae1aa867e7
EVT-DAHEJ-02299,2c7dd10a013d892bf995a083bcc3c5a12e80d1e0
EVT-DAHEJ-02300,31de1322145b6c424144124f2ba49914836b5a52
EVT-DAHEJ-02301,5ac29b2cfd5d497d6405b53c88a2710eb88a8e14
EVT-DAHEJ-02300,5be474e6c2e3448af9e80c0662f770a517720491
EVT-DAHEJ-02300,6f73264c949e2e2a56735642703e19e3b5906f7e
EVT-DAHEJ-02301,91db3505791a308cd50f6d18aad6dae6fb2bc349
EVT-DAHEJ-02302,a7340fa4472c96345cfac387f2840e840668b734
EVT-DAHEJ-02303,838a1b75bdd309259dcacb35bc5dced8dc85e00c
EVT-DAHEJ-02300,92fa539875a3566055a0075a951e5c9c253542da
EVT-DAHEJ-02303,ea17a5bb03c817de218a898ee36b094205051177
EVT-DAHEJ-02299,5c1ec78f30bd8b354256cd851efee2a7668b534d
EVT-DAHEJ-02299,2a323cda9939d8ebebb248b4b60298e3726edb5f
EVT-DAHEJ-02299,2a16701c8039d14da94ce0c8a8674428d256c9de
EVT-DAHEJ-02304,73f31fc5838e21ae4c1e3333d75130ff241be19d
EVT-DAHEJ-02305,cbd1731c3a74ee47ddcfee63f5e040732d67979c
EVT-DAHEJ-02299,dc0990dd74c3e0174d715b889b59a79fde583ca8
EVT-DAHEJ-02306,399222cbec9021e3a378a2987d56e6cee64d1852
EVT-DAHEJ-02299,9aaf8e26b9affb019db9d48e895c74031ae0061e
EVT-DAHEJ-02306,f62b88f34dba3b9639b66e4763ff75a2f2b433b7
EVT-DAHEJ-02299,29cdcbacdaa9b9a79284548d7a05e8a1646651d9
EVT-DAHEJ-02306,50eeab574489569a785891ffb81ae07b562aba9c
EVT-DAHEJ-02306,857af6ac395cd74490bd84d0c08f585de837ccc9
EVT-DAHEJ-02307,55a34656c29957a0816499c36f2aaea8cbf46145
EVT-DAHEJ-02308,cbf9654636a91dae8300cede2331866cb6e92353
EVT-DAHEJ-02307,a9d91838e8ba51f8c3bf6eee9cb9ad2038dd3b33
EVT-DAHEJ-02309,cc202e97c791206c3083167d6d6f81a8f945c96b
EVT-DAHEJ-02310,758ac55d37319bcd29bfc6bcf1d8e66957cced75
EVT-DAHEJ-02310,ba202b6649222e620277045fbca9c9ee4f6978b1
EVT-DAHEJ-02311,de7998c99ec9755af8c9868b1aeec51e82b37a59
EVT-DAHEJ-02312,28bda0c600fd37efb2375d510b84b49932cb74be
EVT-DAHEJ-02312,891d1f10be3b3baaafee17c7d052343a3ebd4272
EVT-DAHEJ-02313,cd519dec74d0398bde69ff30dc0173b3790bb351
EVT-DAHEJ-02314,fba1e1bde5481fbf8c6e3c432972acc78f803425
EVT-DAHEJ-02313,85aaa971d8746bb4c5096e409defb5e61b4798bd
EVT-DAHEJ-02313,b001f2d0b56ca7744d9beb2190117d570cd1aedb
EVT-DAHEJ-02315,a01d0cc4b614a3e11227c6b5d3e8e9d79137ac84
EVT-DAHEJ-02316,9ac2b029e7ab11e0fd29e1b5e291e831b1b0213d
EVT-DAHEJ-02317,cbca9e14122d3b1072fbd7de32acc6afa6b63f91
EVT-DAHEJ-02317,1a87365d052418d176baf4b74a84a138ad1c5fc8
EVT-DAHEJ-02316,261deb6e011c045f2a89084cc1a9eb5b5d9fdbde
EVT-DAHEJ-02317,be66e67b1ae92f95c500156e905db177a24a2d73
EVT-DAHEJ-02316,1246ddcd4a83bae8f6c7595de193489305e7155f
EVT-DAHEJ-02318,4e3c655d4cc5d8731956ed78bc41519576923e85
EVT-DAHEJ-02319,14cda104d60fe951cf52ced66166f28c16cf3f6f
EVT-DAHEJ-02318,5c383c0ea8587d369098c6ab28ac6d3bea57b526
EVT-DAHEJ-02316,e00d125ebccd6681dd798a66f0d437abeff22829
EVT-DAHEJ-02320,1a5dd5b55543726716c97ec5a6867c9099e13d63
EVT-DAHEJ-02321,5da96cc9a86f4ee7c7271f747afe5782e35f2506
EVT-DAHEJ-02321,beec05f154f927cdfce9c0dcc08c0061ee02ea50
EVT-DAHEJ-02322,535fc34fe23abdcd413c99ca01ef6ab5e5b6e86d
EVT-DAHEJ-02323,f1de7bcdbc2c77515572043aa21ede62786516a9
EVT-DAHEJ-02324,0dc687226e9f7dc0e2a175c5a14f457a0e3ebe72
EVT-DAHEJ-02322,20ebd07fa5b1e42722fc1e28f97e945d679e1d8a
EVT-DAHEJ-02325,55460ef0ec3905847eeab1ef75a04e0c55876300
EVT-DAHEJ-02322,a1fa00861c2ae4082563d96c5cc255bdbd5b2dc0
EVT-DAHEJ-02321,021ae0b604403bad2cd2d7e3a30a0e5e0207ec7f
EVT-DAHEJ-02326,0927f2041cb93fbf365630701557fc0f0fdc099f
EVT-DAHEJ-02326,4934d153a277c78b491f32e759ed8bd7ed9a0d40
EVT-DAHEJ-02321,5ae64f425c232ecd4e2ed6438084fdaf7ec8fc97
EVT-DAHEJ-02327,d463648a71ec30eb414cd6f0f68a5950f6aaa34e
EVT-DAHEJ-02328,2bb31a20a483e500221809ac42f92b6fa67e603f
EVT-DAHEJ-02328,4ae0ab6ee223de6d8754e0a559f31ac43f7c5877
EVT-DAHEJ-02329,c4d7eaf8d3a02977be2dd9702f58d686e88fb68b
EVT-DAHEJ-02330,c7f9a4defcb299fab5968c8202d2f711dfe52c35
EVT-DAHEJ-02331,e66987dc860f22274ab1d38e64c9a252be1edb45
EVT-DAHEJ-02331,0f05a3c5bb0fe1d4bc73341be255649e8413e839
EVT-DAHEJ-02332,8a54e2f0e308419cb55e7e2c83a00422d9d4d1aa
EVT-DAHEJ-02331,bbb50ddb4e067a56c369556aebe360303105ea94
EVT-DAHEJ-02333,28c3e7c4e717c8d417c778467e06d57e7d96b7c0
EVT-DAHEJ-02334,10ae505ff4055e8304152702a6967e892182afb0
EVT-DAHEJ-02334,7888deb10291b267591a5ea7d6702803ee07bc28
EVT-DAHEJ-02332,b1245fe30d32d1af78b5303f11dc659fb0de6bcc
EVT-DAHEJ-02331,d20f38abaa93aa4c2236c0c058640b3083c5a1a2
EVT-DAHEJ-02334,6c04cc43a672d72ccd9a9eab3ec06a7dc13cbad0
EVT-DAHEJ-02335,149a92065914331e88bc7f65a51aa0ac7352ac8a
EVT-DAHEJ-02336,209243c08123fa09bd960c7c66884ba474ef16bf
EVT-DAHEJ-02336,921ae0f1f75dac7e603bfe6137ce5909951f68e3
EVT-DAHEJ-02335,4cc80ceeb61937b4a70e2b8840a92729b5511963
EVT-DAHEJ-02336,772d9e7e92d55bbbc36581d13a7f710b247b913f
EVT-DAHEJ-02336,b63267cd85cf900a076b9b1e09b15ed3756e8396
EVT-DAHEJ-02336,da1b2742d13792f599a97d84a4b57e6e34188684
EVT-DAHEJ-02336,f835c2bc70997626e57fb5e905a6f03127042d36
EVT-DAHEJ-02331,1942d0e783feec4ebf68006ab3adda1ac8528551
EVT-DAHEJ-02331,9f83879a8064aaddf4af0e086173dbd0983f9100
EVT-DAHEJ-02337,713921eaff4b745a9781501d87b342a74c045c4c
EVT-DAHEJ-02338,1ab58bbe8a69a9a8934ee850b767be8b6bee4885
EVT-DAHEJ-02339,2c25a4c3a9e6b03702ad806b3e181ebee3b1cfc5
EVT-DAHEJ-02339,f34d408d685a1974aba7dd6bf9a33538044bdc9c
EVT-DAHEJ-02339,9ea7fb0f0b07e5d69ecb3f0e9758dfbed9c51185
EVT-DAHEJ-02340,391ceaaf818c2a14bc53bc0634fbea38bdd51d44
EVT-DAHEJ-02340,0fbe0da45f6336325b25e7e859834b4bac05717a
EVT-DAHEJ-02341,caa4c9e8d2f8c39beadbfdac500ff41567a55cca
EVT-DAHEJ-02342,637b8199930081dd4ccccca536d5e6f09acbd32d
EVT-DAHEJ-02343,f56b48385d30f275f66563cd014927f86304c59b
EVT-DAHEJ-02344,178eb914d0f72f857b19e0fec085c0f14c203b0c
EVT-DAHEJ-02345,44aed1302901dd67e25144a1aa745e8e4f5c2313
EVT-DAHEJ-02346,81928ca7cb9b1a77373b3885c5007cb2c921affa
EVT-DAHEJ-02347,b66e2348bbbb0d1873f31fdcfbfe756147ed165c
EVT-DAHEJ-02344,ec69a2d1b2b505ff508f07660efcefbd3e3b8bde
EVT-DAHEJ-02345,ed62e83c7ee927788ca1291229bd841e47f3d170
EVT-DAHEJ-02348,4b54cb26381969272c587aab59a2c7ef0796ca20
EVT-DAHEJ-02348,bb27b345464ad6cabc07e9a5d451271b6dd46ffd
EVT-DAHEJ-02349,240a0b37808c990c4a9d55aece1811c980823f94
EVT-DAHEJ-02349,9c98c3802ec11b6c164c4206e6f5e141cb115015
EVT-DAHEJ-02350,4270a88f0e39c2a82eb6356a1c4c15b284da68c7
EVT-DAHEJ-02351,2678fcd494db0e6275a3fccfaf7139af262cbe76
EVT-DAHEJ-02352,5c037c4fecf02023eae7e70f29171326a4dc0060
EVT-DAHEJ-02353,5a08f234064664191f274d2ed41a6c8794644cc6
EVT-DAHEJ-02352,39bac7a9c4aeea62b5f9454ce9e989fe92e1e77e
EVT-DAHEJ-02352,3f25337c4e312b3d1b4b90d558940e676e39780a
EVT-DAHEJ-02352,4087ab77547f322a4f4646c11c241038ca287cef
EVT-DAHEJ-02353,c9b41c7d3d27eac8c0075597d251f8ad0674b291
EVT-DAHEJ-02354,da810af52fc9bd129685d2906123f5ce2a6bd6de
EVT-DAHEJ-02355,b0bc5f0807a42a4ea1a4f8f4083525cdd6f5e98c
EVT-DAHEJ-02356,1054dbbef7b4d405903b04166e37629951bb342d
EVT-DAHEJ-02356,251e1cfc0b5d7a3e8652b0805cb74c51c79fa3f3
EVT-DAHEJ-02356,677d6436924606f289c4a700f1f17956859ced4f
EVT-DAHEJ-02357,77e706671a4ec70a753eebfd4eb0d7a7c9fa38ab
EVT-DAHEJ-02356,7f0f311b05b32bba212762c1da1536e73fbcfd2b
EVT-DAHEJ-02356,9ac3bf1bf3b2ad34d49d77cbd09f540ab3325de6
EVT-DAHEJ-02356,a14b1eb787dbb8d1cd7f3ee18d2b824f00b52dee
EVT-DAHEJ-02358,ae80e71495afe40232481f8364527609bc011efd
EVT-DAHEJ-02359,60d1b142204cf3b0ce3ece7c1d54fb2db369ba7c
EVT-DAHEJ-02360,7096a777d0610ddd61f40b88b635ce262978642f
EVT-DAHEJ-02360,dea6f9c2d6eaa8f15262cebab751ab00d45489f1
EVT-DAHEJ-02360,9e1b21d0f8be778d7dc332268d70a294ba5f28db
EVT-DAHEJ-02361,588fa395a42b45f90d2a8b0a575f10356ef5c452
EVT-DAHEJ-02362,8a854a8b2850433ddd585257d87233a2c9256b08
EVT-DAHEJ-02361,6d7ca1734cc6323646529b87673a54758873d799
EVT-DAHEJ-02363,7e9ceb4dd0a9d4b052b2939b6f50e29d50e6b375
EVT-DAHEJ-02363,d05b5d1fb71a6140f2fbb2cbf5c9a3c91dadbf21
EVT-DAHEJ-02363,cb1411991a6f78acae57f6bfcc12754d5cca69af
EVT-DAHEJ-02364,f17d57521dd37696875668bb8012b32726f63c59
EVT-DAHEJ-02363,24e9b576fc5396e524eb1f4706623757fdd31f17
EVT-DAHEJ-02363,274b9c32b2e24d068f93c375e8b53acb640bed67
EVT-DAHEJ-02365,96e998d29ec0b60af8ebf22611be07eac39ede1b
EVT-DAHEJ-02366,c5dcc80f030941cffa28900ef44ef71b00fdeedb
EVT-DAHEJ-02363,deb9b78e4290943843e2bd18cf644dcf54b0565c
EVT-DAHEJ-02367,2f31a0ed35f41a97e83fd434101a279a7c6fca29
EVT-DAHEJ-02368,487d54e9fdc9deab9934bab84159d457922053bc
EVT-DAHEJ-02363,98b3a42091bce4f017fd0b7076cb00e45afbe59f
EVT-DAHEJ-02366,a3a4cd8e27ab089d936f3ec8a38c752095de67e8
EVT-DAHEJ-02366,dfd9e115f53f3b2fef84b5ee619786698523a914
EVT-DAHEJ-02369,b9cd281c776f4cff2213a0f4b8c05ab867809d79
EVT-DAHEJ-02369,e416cea67001dcbc9daa7b6b197d02ca18949557
EVT-DAHEJ-02369,f488d7d429bc99e19eb4af96ae91c6ee2b01f910
EVT-DAHEJ-02370,462994601a86bfbd4148a68be0dc80cf82c56e52
EVT-DAHEJ-02371,7b40fee7ea34198322662b5290019b67df9cbd4a
EVT-DAHEJ-02369,9b9fdfec21ec2c1b4469b1342cfccbbd5d5e0bea
EVT-DAHEJ-02372,cb907f6d2eda5107e1e025c5b3aa84f50b597290
EVT-DAHEJ-02369,fefd017d4530b1901650576968032d3a5d2d6aa2
EVT-DAHEJ-02373,aa6d70a2e9c927ed82d1d65c810a839ed0b5e402
EVT-DAHEJ-02374,9d464ac8c4e0fa88eb2b57b5c7a998da80c84217
EVT-DAHEJ-02374,f548f5cb783e621f01824d47274b75a8a5061e80
EVT-DAHEJ-02375,80b7ace74bf4cac5e98e862e2cfaa1435dacddb4
EVT-DAHEJ-02376,9622a4a61e9f3f6a8bde03867197510760884f54
EVT-DAHEJ-02377,88218da2971204e4e3e1c87717933e48cfbd9ab0
EVT-DAHEJ-02378,be4db6fc7e9b410520d53a8621fe8cd58c6c160f
EVT-DAHEJ-02379,e2a698e90a05f1c0480e7e2fe4b4cc2f36b187c1
EVT-DAHEJ-02379,3a8586fb53832592cb1e87733b03d812600c654f
EVT-DAHEJ-02379,fe98ace0267926b9d67250bb4e681a2a4fe7e329
EVT-DAHEJ-02380,6cc1ab7b82a54dd8514e9275b3f53276cec6e1fb
EVT-DAHEJ-02381,297e5332e2d5b1758f9be430324ea21a33b3216a
EVT-DAHEJ-02382,00713e2d9c695adde75bbcf9831bbfdd37334687
EVT-DAHEJ-02381,18c067cc645ff81160c08f9e17fdf4cfb48b46ac
EVT-DAHEJ-02383,4441329882fb00711f7bd7c01a50d62784a77fae
EVT-DAHEJ-02384,7aa6d9c1d3491416cbf0f2dcdfbc9d204c728b61
EVT-DAHEJ-02379,f3d224667a38df9efabe7fb412a30858f66c8975
EVT-DAHEJ-02379,603b6a51905c2cb535751f3d054a5cdbf64f1f2e
EVT-DAHEJ-02385,3f1a5c0d62290bdfe99530d3d384cf2c4af3d674
EVT-DAHEJ-02386,188eb56a9e145cf7a6d04dadf95aa90ddbfed86b
EVT-DAHEJ-02387,4d59fb8fa54e900a5e5e4274e9658770cfa78c78
EVT-DAHEJ-02387,586b847f3857ea57ee7a182f95baafa3c0a17bae
EVT-DAHEJ-02388,e61bc3120768e45a810e0e552e9cc28d82836af7
EVT-DAHEJ-02389,06f992133b6e3c767d21e936f574fcb9982717dd
EVT-DAHEJ-02390,f49f05ef94a8c1ae086110b875bf9c977dd624b6
EVT-DAHEJ-02391,8ec4d3a5ca88312a68b6f911b322c8e92a2b9d20
EVT-DAHEJ-02389,dfd1a2aeb97628488b1d6239581e7f687fa4211d
EVT-DAHEJ-02392,fe9e3cab8c846ad07fbb30c555e4b2e389a26367
EVT-DAHEJ-02393,7bb9567800951244cd427bcd1bd94b3870007b7e
EVT-DAHEJ-02391,20f3b57e08fe0e239cc00e99f19cc4928d8d9ff9
EVT-DAHEJ-02391,c5b7448a3ce1edb60ce2b5c3af5bea1ce36a3fd6
EVT-DAHEJ-02394,29acbbbdbdf9d28b74356d924ed93d3c55c572e0
EVT-DAHEJ-02395,3fc660cda0ae8d9a7a36eb13a58091a8ef2939bd
EVT-DAHEJ-02395,ae8b10b9645f359e4301e185e6633f4c802ef7d1
EVT-DAHEJ-02395,ece571fcb2857501489f28790fa94f14b34720e8
EVT-DAHEJ-02395,f533d192542e264dbe69e31222f456fcb9677216
EVT-DAHEJ-02396,125979334771a56cde08ac601090f62c9e95a3d7
EVT-DAHEJ-02397,43c662335bae6424d7790a517945eb2199249dde
EVT-DAHEJ-02398,ec376e20e233d2601e9999346e840e6a63ecc8be
EVT-DAHEJ-02399,2706a11d76f61218c89d020cfd039b32f95782ab
EVT-DAHEJ-02399,a166f4c5abfbb916f63f963bc09c40d32b7d1e8b
EVT-DAHEJ-02399,780b18e92f1b68ab40e1481936231c060681d0e4
EVT-DAHEJ-02399,bd41401dfdd7bfd289016f08409e3d9717d8d29a
EVT-DAHEJ-02400,38edbb1bfd2f24580153628605408e00c81ae034
EVT-DAHEJ-02401,3a65aa8196361f7595fb6bce1ae6d9fd70f02f51
EVT-DAHEJ-02402,488bcb131038801d9706d7eb95cd318ce60b978c
EVT-DAHEJ-02401,56fd6ea6cab0965cfa479f7bb35dcc428aa9b72f
EVT-DAHEJ-02403,625d2bf470a7f9c7526d59e41337a7fbdb9b2c53
EVT-DAHEJ-02404,b0a471deaf4770ef2d0ca011fa145b7f14f68d38
EVT-DAHEJ-02405,caac413af2a55505556b4f783e159edb895af659
EVT-DAHEJ-02406,d45b994d4be7924111507fdf671e5754837961a2
EVT-DAHEJ-02405,f8103085d458fc9784adb8419d6f3e7c3963c18d
EVT-DAHEJ-02407,133da03deeccd331e2c49ac1673f6b2cd2be885e
EVT-DAHEJ-02401,20e69827eddf21b9f18ab9a06b41845dae4c2166
EVT-DAHEJ-02408,88efc756f6d67ba67096e12e7ebe6054a2494116
EVT-DAHEJ-02405,8cb3cbfbe65dda8b818b6ad6743344bf50a97680
EVT-DAHEJ-02405,f71fc6259a79b442fdce4baf9271efc2eed2cf31
EVT-DAHEJ-02409,4323dcbe618c5e62cf01d4608a0ab25e8d243230
EVT-DAHEJ-02410,02a257f5c332f97604e3abd79866b16b21ac9350
EVT-DAHEJ-02411,97279ea4cb0f69ff95547853cdf6d581a519f1a2
EVT-DAHEJ-02412,faacb629f6f96ebcf85d491b943352e5f47f10ca
EVT-DAHEJ-02413,fe9c2689c3d194ed7433e974f62b16a1b950253a
EVT-DAHEJ-02414,2cd45c7e8ea93ce8258ebf014d4ea890f61e0265
EVT-DAHEJ-02415,49c3dd38595c6f910718d3650bce7d1315beb203
EVT-DAHEJ-02416,5c4510ab80b2db46f091615b9a4651d07e7f0c48
EVT-DAHEJ-02414,91dc323aeae331cc4cc5501f41701ff50cb623cc
EVT-DAHEJ-02414,ab33e974bb0a45ed5203754b1528ac0560604c54
EVT-DAHEJ-02417,0869fe11cceeefd4d4805a068fbefd48930ae881
EVT-DAHEJ-02415,08438760d32d895e18f6291a848761c782279527
EVT-DAHEJ-02418,21884631533a225eca7487d3abe5e575562029e5
EVT-DAHEJ-02419,6cfcd9c6de2d9c012663b0c1ef284c361d580acf
EVT-DAHEJ-02419,8c133f517dff417543bfa45c31cbb6d11e0ee157
EVT-DAHEJ-02419,9ce63e459a6c8525571c7895308213fc5603b152
EVT-DAHEJ-02420,10577bc7735abdcb4fd9e59df30e01c9faa07faa
EVT-DAHEJ-02419,6b72e0abed4254258f08806e3f8d1164fda93789
EVT-DAHEJ-02419,b20226c206bc646cd82c31673271ea262b4a952d
EVT-DAHEJ-02421,2047c9cacdf80d10417c002fd982566783d2aa94
EVT-DAHEJ-02422,5370ed7c37f37dbad1ddccb611d301a32426c937
EVT-DAHEJ-02423,975a06d8f3fa477773ed620b7ddc42d615016dba
EVT-DAHEJ-02424,c25cc2a61ff7fe80cf12716bc24e6b44e321488f
EVT-DAHEJ-02425,7e97ca35b4bc46f6dd2edab954f8800447b84c71
EVT-DAHEJ-02424,94af2c87a552d6c38044860abe67132fb1902411
EVT-DAHEJ-02426,f89bc7bdb6649cccd9ebb96c35afd81f32fea292
EVT-DAHEJ-02427,b065e5d586b5c4f1fb7dfca3e93597f3aac60227
EVT-DAHEJ-02428,023a04694aa5ce288268b27d6495eeee606b83f3
EVT-DAHEJ-02428,f534cadb22ff0395b408434b01a8915b0bc0a1ad
EVT-DAHEJ-02429,244a604bbc612f7386bf492fd71e22b62f66a36d
EVT-DAHEJ-02430,5b2f3a03f75c44a3cc422465e86a34ab9d79efd5
EVT-DAHEJ-02431,d7d2ed1ba5725e8ba294366e3e329ae5838664e5
EVT-DAHEJ-02432,12af24bf9d585f589182e1797e2741692e66f3e5
EVT-DAHEJ-02433,2901945e5ad8d47354db4a242262a979393234c6
EVT-DAHEJ-02433,2cf0d38f6a2b491f73099681b409659a627f356b
EVT-DAHEJ-02433,ad6743bba103257ad144380a5da66d98157c70bf
EVT-DAHEJ-02433,cb78196d1b6355fa3a653d17c2a6d61a102a4a85
EVT-DAHEJ-02434,89728f4bfc856ce0c8b045a5a2ca990bc0a39c76
EVT-DAHEJ-02435,f31ef99a0fd62d8da93b5eb10a477ad6a94abf03
EVT-DAHEJ-02435,0393a12b7d052e5e15a375e9f258ca6d6ba60717
EVT-DAHEJ-02436,7c67183cde0c3733901b93b05b2610b65de20872
EVT-DAHEJ-02437,a378afeda296b7b7237295b00922fe5bec582801
EVT-DAHEJ-02436,a857225123929c36265334c527f778ea4b0bb82a
EVT-DAHEJ-02437,f6bd30ed67b0d953866c5483a7d453dafe0ecff3
EVT-DAHEJ-02438,5474623ec833a5abfd043c804067665eefd8467a
EVT-DAHEJ-02438,dd04972ff84eec5677e704d7f98fb7820b49eb3a
EVT-DAHEJ-02439,1311ada92f472ed9851be7947e2bd6a419912336
EVT-DAHEJ-02440,03ddda0db7c7cbc8f03bf56e69337b73ddabb554
EVT-DAHEJ-02441,053848b009c7803f691b8f9cdae6f0a4e3281988
EVT-DAHEJ-02442,0aca6473396a7fcaa7cc0bf6a9572604f26b8fb1
EVT-DAHEJ-02443,1de35dedf27abb693e18c77dea4abdbda0272ade
EVT-DAHEJ-02443,231873ca6525fc09a7e6b008f5dbc07284f48839
EVT-DAHEJ-02444,53581d1cfd6636becc8d075b54137422c8543e71
EVT-DAHEJ-02445,652775ed74b25e7c6ec120de14f6fc321c99949e
EVT-DAHEJ-02446,884aa716ab29b9676a9c59ebea3ef0c26eb2515d
EVT-DAHEJ-02444,8ec76d1095955a448de4bd5423845a2f27b45b3e
EVT-DAHEJ-02443,a3bdaa74ce5170f09416ba23cf9663cc4e5850ca
EVT-DAHEJ-02442,b77ed43d3d39c3390f508b330588d6088cc8cc96
EVT-DAHEJ-02444,d3e3ac2ab80b21ab34d01e5dad519c45c82840bc
EVT-DAHEJ-02443,23b93eaa399e74b8f34043af956de158a9e5a268
EVT-DAHEJ-02444,3802c7a74b0262325f6e3b26eb14a08ec0db76cc
EVT-DAHEJ-02444,90e081ee69d7049773e334a85fd777a648bb9c4b
EVT-DAHEJ-02443,a6f142ea89e81bef9f57667a13dfd1f6dc2df73c
EVT-DAHEJ-02447,3f4719dc93481b92c4b4ae84426a7a76eacc663a
EVT-DAHEJ-02447,9464e2608794f602d0a183c19a42a9077dcf4290
EVT-DAHEJ-02444,3193f9561194adaa8e35f3c07bd419151ae26595
EVT-DAHEJ-02444,49093bef4a2c9901580d80aceb9880ac1dfe73d8
EVT-DAHEJ-02448,78b0c070e19a27194a064e25f5b53ee7b4f2df58
EVT-DAHEJ-02448,00b7d35b05700a98cf7ccaf0d8542e6175f47810
EVT-DAHEJ-02444,443eebe5aec2ff5e06c3be99142d0ee60880d263
EVT-DAHEJ-02448,f938bd99acd11586dd17b231804c48754eecfad4
EVT-DAHEJ-02449,0606552dd939810b0887f8821f3e968a6af2d396
EVT-DAHEJ-02449,5b2603d6ee4c0f49190d5b5e5f092bbe34e10560
EVT-DAHEJ-02450,8a16f0ab6da1adc742f0e06dc2529cadb8c081fd
EVT-DAHEJ-02450,032ddf30d8e0aaf447e572f00fd375e005890707
EVT-DAHEJ-02451,0bd31e1751507bd0b94746b44f1a05de1b4349ec
EVT-DAHEJ-02452,8e9a81aa3474080c9c1b1482e7a7e062714fbd78
EVT-DAHEJ-02453,b0981a662b52f62580d743c634be9f0b7cf5062a
EVT-DAHEJ-02454,ce6883642c264a471bcac01c0523d247ee10bc50
EVT-DAHEJ-02455,f12b84d57d097368c9877fa51c1f290ccbee729e
EVT-DAHEJ-02456,eabb0d654372c0f72dce40c433d6c75e607a024c
EVT-DAHEJ-02457,fd9fb64807ae4487cdd87a79120789311628fb9a
EVT-DAHEJ-02458,5e9e585c82be4bf05f71b714cc27f910c131b825
EVT-DAHEJ-02459,46e42c408c5e9091d702e802297c4115c5d3e46e
EVT-DAHEJ-02460,99a5a6c344e2789a78c1ccb33fc22c3a4402ab7b
EVT-DAHEJ-02459,e9c454e2d70585467e28d8cfd40560e0f161effe
EVT-DAHEJ-02461,f92dd2eaac680f133a4cb875318ea9e6b501252e
EVT-DAHEJ-02459,40ae814328622224aa316c16beba95440321de44
EVT-DAHEJ-02462,24f35310d06d8165364ee45a1014e65bb62bf0f5
EVT-DAHEJ-02462,5a1a498f4eaf1be35bc9571204cda71248db2f71
EVT-DAHEJ-02463,f26f97eea883b8c097bfabc0230bab60071d6b3e
EVT-DAHEJ-02463,f86a0e3a47998d9b2c686eb474e5ec624895d860
EVT-DAHEJ-02463,1349671f8fd94d0e67a0b7ebaaf42c594168e80a
EVT-DAHEJ-02462,43e4d7d12762a6c1afbb9a2f9592b2d9e454cb56
EVT-DAHEJ-02463,d1358ac0b04a54104546c15bc2104b9c711bd55f
EVT-DAHEJ-02464,7613d059f78f5ca6af01507c9d00e41438ac9b2b
EVT-DAHEJ-02464,87244b8b49dad09eb1350b7dab92dec30994a649
EVT-DAHEJ-02465,a4604297b96b25f059fccbc24f3e2da97b4005a4
EVT-DAHEJ-02466,cab9eae31434e8a9efdad41e892c7a37483a0190
EVT-DAHEJ-02467,04ba71a64799f53f06e102f7a0d1e1894486a3cd
EVT-DAHEJ-02468,a5004aa97442bb86adfdbf7f5e1bf3ad32cd4ae0
EVT-DAHEJ-02469,a5653f95ebb250b673c21fe1dbe350678f9dd969
EVT-DAHEJ-02466,d0ded794ddaa6891e17649d5dcf5f9420e6f7284
EVT-DAHEJ-02470,51e5ba9e96066e333ce1a90412ea4de4caf5aadb
EVT-DAHEJ-02470,9c1f5f83e10b72704d0c5bd6458948ad32d01ad7
EVT-DAHEJ-02470,f4e98ee5518f04f4f0602db6c7475926ac88c682
EVT-DAHEJ-02471,7d1d40448ddf83369482d1859368d45c80e3686b
EVT-DAHEJ-02471,8a088dd288f2f77269c49125143320e5bea720b9
EVT-DAHEJ-02471,c0afba23ac325e939fd8aaade77534e3a82f3a9e
EVT-DAHEJ-02472,44b443133e71bf1df7b0ac647bf65b21027cb9ae
EVT-DAHEJ-02473,7455686b90a6e56dc8ca5840b7a99d035feab81a
EVT-DAHEJ-02472,b044bb653565c3033c85b6e8b87e9c0a53c1dec3
EVT-DAHEJ-02474,06fa3dd183c6a4f91acde9f4a8b70bac50d2ff29
EVT-DAHEJ-02470,2d8e35e3f18bc0df5c33fdba46ac0fe45dc5dfbc
EVT-DAHEJ-02470,b5af6ae55812bbca2d0f56ddd78aef5a3f745479
EVT-DAHEJ-02470,b12045e3b0204caa6f5e3263972668198073b4f3
EVT-DAHEJ-02474,c10c2ff67c7bbb67f7080b5e95ebe8095553b69c
EVT-DAHEJ-02475,d1284239fbc41fec575cdf6c21013fb1533ba392
EVT-DAHEJ-02476,49ae14ad695ddc1175de7cc95fea31360d2ce1af
EVT-DAHEJ-02477,4be822344461202860e43456d400570ec0b7721f
EVT-DAHEJ-02478,86271d01e3f50f734387c81e3792d15cbfb2ba40
EVT-DAHEJ-02470,14a77848209b9571425dcd57d020b48583605623
EVT-DAHEJ-02470,ed06022b73a2d32432343b256373d6ca2cdf7820
EVT-DAHEJ-02479,5a57787a8a19439f42c7dcccd9516ca4939cfc41
EVT-DAHEJ-02480,18eeae8decf8bd80f1f7e81292d7c641510674b1
EVT-DAHEJ-02481,2a1b269522473f2104b7a6d94e5e8d6cc31eb25f
EVT-DAHEJ-02479,fe25452ab2c396ca7c2ee38b85f386d643057ecd
EVT-DAHEJ-02482,f5961d0e952d8eb88e98f2c438e72d6222b8d7ad
EVT-DAHEJ-02483,35b73777f8f5fb19b23c694e272901e00f62a97d
EVT-DAHEJ-02484,86d7c3a1967c15a9006075e26327980dce726702
EVT-DAHEJ-02485,d8b573b0be96b2380d14169c70a72b0b181bc2e1
EVT-DAHEJ-02486,75b32deb96930392fa8e7adb3a36d3c3e923b837
EVT-DAHEJ-02487,8d8266e8482d1dc7603734fe71f46500e7607d53
EVT-DAHEJ-02487,d6ef19e120a22b90b4ca9539dcaf6ffb82da6f29
EVT-DAHEJ-02488,0acb7e19d105252d2f93f2ef66294269eab84348
EVT-DAHEJ-02489,4ea6305eaabe490c56f60206f4ec4e7bae2ec9ad
EVT-DAHEJ-02488,629f34d0ea80e07df65e01e98c4c13ebc871236e
EVT-DAHEJ-02488,87fdb2a9db503a2f1ea5921490e3db3dbf826701
EVT-DAHEJ-02490,ce0585e0001bf84e080c607d2ce8c30216ecf82c
EVT-DAHEJ-02491,db03ddf247ad886981abe8fe0c950ace13c29390
EVT-DAHEJ-02490,e985fbcaa3989448189ba1ace77010b96ddaa5f9
EVT-DAHEJ-02489,7f666db844eb657611d5532efff5f57272d4917e
EVT-DAHEJ-02488,809134d471f2a061204054576f22e95fbdecab2a
EVT-DAHEJ-02490,b6ce91bb2870502f4cdfa6888515e67dd509d9e1
EVT-DAHEJ-02492,baf0e4a52b552f132c47deff7193646c2552ed10
EVT-DAHEJ-02489,e627251fd34a9c094bbbf3e4ed3b044fb2f39e89
EVT-DAHEJ-02490,e63ab439eaf96a4060f8d66f23dca426ec314dfb
EVT-DAHEJ-02487,f53869f476b9ea1fefe66b8094d4eb4927ab97da
EVT-DAHEJ-02487,db97893cfcb3d94b6d80515ae4cc8c1a0f4189ab
EVT-DAHEJ-02493,62bbd7a5c7d4034099e89ce0b5ed94937eb29659
EVT-DAHEJ-02494,6e7ef6ec677a1119b4b21e7d98b2821ab78d0777
EVT-DAHEJ-02495,973c3b9bd034e540c283225eb3a0365cb7d50890
EVT-DAHEJ-02487,548c61ec5054b3dee524210a8e4e24faaf683fc3
EVT-DAHEJ-02496,c35597a4cf5328f8b370829060cac94e532e5504
EVT-DAHEJ-02497,0c9c66b33b912cde0b17c2f63826324c78006c90
EVT-DAHEJ-02495,252cfdcf041f062fcb7b68e6be14add35c091165
EVT-DAHEJ-02498,592f1e12909d60d2141c83804307d2f4e5642d00
EVT-DAHEJ-02495,6c68c9744cdfe305ea9171d508f59e6e42ee571f
EVT-DAHEJ-02498,d9ebbba066112af2e632eabef4dd8307d1e9c637
EVT-DAHEJ-02498,665ff872627fdbdc809478a188954035b4d0d3b5
EVT-DAHEJ-02499,7dc08ebd42b7b6bd9ccceded808c31462e1fa17c
EVT-DAHEJ-02499,bf6ec3b99ec71ea235b97975629de2a9fb5f8630
EVT-DAHEJ-02500,08ecd92ef121ab83c05918e47a4414c8eb3ad1ae
EVT-DAHEJ-02501,71b9df9a9f933d55fd810a608ee1cdb7f0abbcff
EVT-DAHEJ-02501,05b99f38784c4fa0225d6ab72bf3919dd0bf688d
EVT-DAHEJ-02500,35fe8f2ee9d6f0a3f3c76d3552797f8d4494dac3
EVT-DAHEJ-02502,0b11a6cec09d6496cd7ade9f0ab72d69f9c60c15
EVT-DAHEJ-02502,1fec12ae8d3efb557b33d9751ccaa48aa7a250ec
EVT-DAHEJ-02503,750bdb2706af4ebb6797e046ddd0f73739120be8
EVT-DAHEJ-02504,8e6584faae134b0583f280ae8dfe00ac6fccfb97
EVT-DAHEJ-02504,93e9fba38013ea58ec7d86e282e7e42cd39cada9
EVT-DAHEJ-02505,b997b759395ee36a1d4a4b94905adf4530853d7b
EVT-DAHEJ-02505,e6735ab818cf47af47cd6003c1d2024c396ac089
EVT-DAHEJ-02502,8cc002570389bb1ffe723ac5aa3831f382268e96
EVT-DAHEJ-02505,d37e272f97e56f1207b05cddb145f860a092bd7e
EVT-DAHEJ-02505,dd61a7523cff12e6a042a02e80ea5c5a7472b589
EVT-DAHEJ-02505,0ed1e61c9669899998ebe0825ecb40752f6152c3
EVT-DAHEJ-02505,2ad4f1b9104d71d8930306a242a1794546e830cb
EVT-DAHEJ-02506,3c4ed7d894bbb7000f90747ea327187bb958bdcc
EVT-DAHEJ-02506,45447de72cd02f35d930a6904be9c731f775d6f1
EVT-DAHEJ-02505,a710996b8471bc289334555c37e03af48822b5ec
EVT-DAHEJ-02506,fc821ea6c12bc7b99ac33ffc22503df169dfb2e5
EVT-DAHEJ-02505,0389f5710ed527431f503a0eaace92e8f916ee76
EVT-DAHEJ-02506,529ed64d0d33c0cb91938f466d8bcab2eb30b7c1
EVT-DAHEJ-02505,5529335ab8fc6dd08ac67f51bb3b7b2f1cc7d34e
EVT-DAHEJ-02506,5902558ea5c5cc945d08c1e808d41c54890f2be3
EVT-DAHEJ-02506,73ce36df165209c7cb37620ef7bfea06ac373844
EVT-DAHEJ-02505,7a57cd7d7e54b8148ebac608c8df5b02972852da
EVT-DAHEJ-02505,b14d107047752150e2e3983410581b4cacc4237c
EVT-DAHEJ-02505,b27a06ac8b66a5925f380951be4e389e815b15af
EVT-DAHEJ-02505,cc5fdc27eea3e5dad0c893d79a7c6a5588af617e
EVT-DAHEJ-02505,e929a72049aca745ba7f4db8b08c1011e6769fe7
EVT-DAHEJ-02506,ebb7890b0e3e24fdc0f8a9efcbe0ee10a4b83565
EVT-DAHEJ-02506,f9a06a7f0db30616445956239121f7517ea329d1
EVT-DAHEJ-02507,80b6f4d84edbbacac5bd9764b4c91a6fe4bc01cd
EVT-DAHEJ-02507,acec298e7fa99a63ea32962d4d289c639ef020e5
EVT-DAHEJ-02508,c20ed4124ed585fd65ea1f2db253ef02e88cc8e7
EVT-DAHEJ-02509,0b2fa1cd990bf81c0fafb01ecf642603e167a7f3
EVT-DAHEJ-02510,10e5519c6a578eeb8773749073fff1225cd895f3
EVT-DAHEJ-02511,1b80740973a5f6aa8745471bcc9936d88612fd9e
EVT-DAHEJ-02512,2dab8648aa7e86ca8b2d0c4e27084b287d4fd377
EVT-DAHEJ-02513,375bb5497e60015da7df33414165c8ecc76c7564
EVT-DAHEJ-02510,4b37aaf2ba37263075cea8a409428b7a62427aad
EVT-DAHEJ-02512,80f25761b9ecf9c1a968213e6b681e6ec5e3c186
EVT-DAHEJ-02514,86dad91430a6b7f412f9353965cfcbc21162b6c5
EVT-DAHEJ-02515,9cd28555980f9184d6b94517e63b893b72351f94
EVT-DAHEJ-02512,b74a479247ce18a7ba13d6b13081986c4959594a
EVT-DAHEJ-02516,c5ec04a1fb7ff9b2263981dca76ece77c66a872a
EVT-DAHEJ-02512,c6389b14d7d2167080207e5c575e9c40030d6a6e
EVT-DAHEJ-02517,dcbc254d02e638afd6e07ec2dd74559171ec91bf
EVT-DAHEJ-02518,e7abe981645bff05c8ebdb90a849d8e5bc1308bf
EVT-DAHEJ-02514,ebac93b426b83df345e1f55b58680a13dc69182b
EVT-DAHEJ-02512,ec6abba17ee31f8a26d4b192f2591d146007c679
EVT-DAHEJ-02519,c4e334a40465aa6fa174bdcdc707c01a0e4269c6
EVT-DAHEJ-02509,e3d2affe0640d1ea9a9be26b1534c65e8a5b508c
EVT-DAHEJ-02520,0137043f2fca2d9ec1fabadcd547bba5ae623bcf
EVT-DAHEJ-02520,1f3e91d0efa8793b0b932af5621b39865610de27
EVT-DAHEJ-02520,2bc5c0abb19dec97d727f9d56522738f4602b92a
EVT-DAHEJ-02521,78a1ea79c59a1eaf9201e9e6217d63d33a483dec
EVT-DAHEJ-02520,866a1ca417f451d098ac4654902074846740b1e7
EVT-DAHEJ-02520,9c989bdc3e8f9b9f9826f006992bc57c4417050a
EVT-DAHEJ-02522,f0936bde2862774bd96cd1d26c0aa6b3bee0f1f3
EVT-DAHEJ-02523,089430a4be0c9f5400aa84ab2f3ac2a74c626230
EVT-DAHEJ-02514,1ce876f8ace4c4d0826ec24489f238ff990b8ad6
EVT-DAHEJ-02520,24c1d1c43f6411c0c7eec331c9631a3e06823b97
EVT-DAHEJ-02520,4520f0f03b932ed5672fe84a568fb5dcf4949360
EVT-DAHEJ-02522,6b50cd516f118d9df8fa93ea19745081ee047da0
EVT-DAHEJ-02523,dc7702e34ebb57231b3682f1cabf3188b62a8cef
EVT-DAHEJ-02524,39ad024175b866c1113f49c1f7f795e2030e4075
EVT-DAHEJ-02524,4d7a3628f2217eea761fdb4a2129f185364fe04a
EVT-DAHEJ-02525,f18b55586ce182b0708445552be497ba647a658a
EVT-DAHEJ-02526,7ea9e261c41a08b608ac64e24ba9a672401973fe
EVT-DAHEJ-02527,ad2a150f4a05fe72707e7477ebc27f4b7e7cf53e
EVT-DAHEJ-02528,e32cf5c65a3c97cda5658b0bf371ee21da09e94a
EVT-DAHEJ-02529,1812105f62f1c1fa6a760acd01d54dda777020d6
EVT-DAHEJ-02529,21c5d704a312cd682b475f81bf70b63296c8d46c
EVT-DAHEJ-02526,dcb40d94142dd06679ab49ee9d5678f7d85b7b8a
EVT-DAHEJ-02530,df4c5d42fba0517036f2ad89c1101d727b0296bd
EVT-DAHEJ-02530,eb5548d9e2b979edcf24e36e6abbec51f15bb01c
EVT-DAHEJ-02531,631a9af9c93e76041ae0b99c7f5580d59575d5d9
EVT-DAHEJ-02532,b9a9b076cf534c5980de42ba4f9aca49946efc73
EVT-DAHEJ-02533,043ebb66e0e3c58f76b202bdef3b08e9777b6530
EVT-DAHEJ-02532,2ff8231ef76259cccea035a57e4563b24612ed93
EVT-DAHEJ-02534,76dde3ea8dfff3c56d671cca821adb6909b78973
EVT-DAHEJ-02535,99d75a60d457f331eb361edf9efc97c4dcc92005
EVT-DAHEJ-02531,a9a682ea9ee78a7459855cb989d39f2cfb5f0e1e
EVT-DAHEJ-02536,bacfa432dd7feb6cbc44fef3778f9fb86f40464f
EVT-DAHEJ-02537,c007f51660ce8a04d7a1ae68675e3a8bdf42535d
EVT-DAHEJ-02537,e63a337220ffd451ba0a7d6a4e978595a68efc77
EVT-DAHEJ-02538,a22cf5bc698391558bd4a4d0e455976750963dde
EVT-DAHEJ-02538,1df7cd4b77339f1f2a71af854c5bff6d4c385b45
EVT-DAHEJ-02539,59a4d3d41ff1fdf55e214fa88ad320981b58e9db
EVT-DAHEJ-02540,88a48530101d1a6d286bb207fd5835eb36e1e0b0
EVT-DAHEJ-02541,c8376bce42907f1528265ede10074c4af1cebf18
EVT-DAHEJ-02542,b346611383d036f77572afb8e195b0c8afeea8c6
EVT-DAHEJ-02543,93fb97ef426e3db93c6d3bca293085b8b642364b
EVT-DAHEJ-02544,c540cab9098c97469a247baf3944565aeb9f770f
EVT-DAHEJ-02545,072966c769095c5d974a822b6febacf8451a0126
EVT-DAHEJ-02543,19d9ac09fd1e6f2a656c69b5c422c5b4fd1defd7
EVT-DAHEJ-02546,588bed747c4038163ba94f8d104e96fc3c38ebb0
EVT-DAHEJ-02546,88ffe17ca646d5e0af599b2533610aed7e577f63
EVT-DAHEJ-02547,1cc9af8a8689ac37eaf7e6bfaee482e86e008beb
EVT-DAHEJ-02548,334e3012067880770040f827a05533284b78dbe8
EVT-DAHEJ-02549,04953b299c96dbedf3432a7bc9796564981dae30
EVT-DAHEJ-02550,9998baddc35ddb591d682fd310a7e07c91744409
EVT-DAHEJ-02550,f66a2869647040a2e25798703eb115b527117c0d
EVT-DAHEJ-02551,bd1d034a8d66a02b2004666838e42607d4e2af26
EVT-DAHEJ-02551,b0f24737535c9490de18500ebd729ab8fe57d9db
EVT-DAHEJ-02552,36d2632d68a0ed15a141b8a3abc2d14e2ff452aa
EVT-DAHEJ-02553,5b6f2b61698aa5733ccf7077f1b88ff334db5d60
EVT-DAHEJ-02552,771ec70e931db6cddcc3b5e653d8c088c07fcfdb
EVT-DAHEJ-02554,ac650db7d043d82c4fa4c7be16cd0f1676241ce2
EVT-DAHEJ-02553,e4122f96c8322cb902793e2929f10d5fc299c43e
EVT-DAHEJ-02553,d966f2e365e7436e16d236c9d814d6e842cbb981
EVT-DAHEJ-02555,3326753ca7cd9e57670ac1247494150e27257e0d
EVT-DAHEJ-02555,fc23b27bb32def20b7c34f84f3284df8ff0926af
EVT-DAHEJ-02556,0d0b84deb71611fd9f9604e69052d48a0240e408
EVT-DAHEJ-02557,f54f8e4ad8018b761ffc730ea9927053d64d3e85
EVT-DAHEJ-02557,f619ddfc5c6c1cd04999ba8cb163466cbac7c10b
EVT-DAHEJ-02557,fe18088201b64854bb706aa05aeb28a5f4da8167
EVT-DAHEJ-02558,254b445000e205a2e39c4d0d9eed51357f53748c
EVT-DAHEJ-02559,6adfb6390a4e06dea8aa9b3ff23b22713c7c9a6a
EVT-DAHEJ-02560,f02db3b66c9d2d9eea170b7280f0d48e3bf1a3a9
EVT-DAHEJ-02561,03ff1c5e414d685542f41b15be5105d1040a7343
EVT-DAHEJ-02562,6303f33dea6de86e4f750df2b84b3760daeac5fc
EVT-DAHEJ-02563,1d29f7c56dcea96862708fb0a3e944f0fb34e6f7
EVT-DAHEJ-02564,59fea071a35fb0d10acd184e4c1f4d8a010c4d93
EVT-DAHEJ-02565,bec3ea353361f86fe42ff09f744bf38419ca141e
EVT-DAHEJ-02566,19bc549634235d62f4c6a018dade096d8140bdd5
EVT-DAHEJ-02567,51ed2f00d0d6cbcdaa48079190449d28b51c122e
EVT-DAHEJ-02566,60323f17b8a3438de628ce2f81f5db4485fcf2b3
EVT-DAHEJ-02567,a54105396cf5deade77aa0433fa228453267d10c
EVT-DAHEJ-02567,f4d457ece70ae02fb51f074b636e0a18d23583ec
EVT-DAHEJ-02568,9241ea05d6d2f33003c24e92311629870033daa7
EVT-DAHEJ-02564,f9cc0fd3e828e8806ad980d8184f2e1fd383aa02
EVT-DAHEJ-02569,08e054cb3685a60b8c10d31090f86ec9120797bc
EVT-DAHEJ-02570,1cf99a3e6b752042245bdae4f3ea3b5533d7bd4b
EVT-DAHEJ-02571,28fc18d096b9ca679cd72d1a89df1ee35b8ac446
EVT-DAHEJ-02569,4beac96d23ebfaa68d1cbb038e1db0621cb86376
EVT-DAHEJ-02569,69f08ea682c30f02fd3d85e39309019bce036239
EVT-DAHEJ-02569,6a35ae36f042f7c3ad72133052e54641ea6062b9
EVT-DAHEJ-02571,6ab6a4b31181846b1b407d5cdcdedb9d1306d7dc
EVT-DAHEJ-02571,6c0b1f04e034fa3a2bcf8f65a66853eb4e8c766f
EVT-DAHEJ-02571,7e181e41290ef557bf90b3258a88ef9a28b57a04
EVT-DAHEJ-02572,8077b35995e9c3acf9cee11c0790b3ee0b9c9ba6
EVT-DAHEJ-02569,86c69c055921191af6c200a3be32105c12990cca
EVT-DAHEJ-02573,899b7d8a4ba29b5394d1fd6ded69a0fdbf3f52e8
EVT-DAHEJ-02569,952e4c17c9b593e78a10ded4a97a74ab7e23b99e
EVT-DAHEJ-02572,a5511a28a21aa4150cf126a62a85a3da314e3529
EVT-DAHEJ-02571,cd0e87f2c1b8c41f7eb07cfa1360f9e24bef83c0
EVT-DAHEJ-02573,d2e97330e7d66bb6fc6c148eea07ab6c11a2de33
EVT-DAHEJ-02572,e6db1df0da7537c72155964f4922578320990c91
EVT-DAHEJ-02571,efce8657c37c0f569a4c307d539250211e31f3ec
EVT-DAHEJ-02574,702bf1a7bbcc9615fde1db7366163ef6032c9b90
EVT-DAHEJ-02574,9a2dfe78f6863d9f95f015087383055eacaca1eb
EVT-DAHEJ-02575,2d7994c58cb58b637fe5df8d5d0d8d8e0f26e2b7
EVT-DAHEJ-02576,f2d56d7d7598db8db364bf3f70dfcfab9f677945
EVT-DAHEJ-02576,fa804183f1517f8257c54cbcfb481bc4cab8ac67
EVT-DAHEJ-02577,025c4cbbc0cec4db88ec3e64cd312daf00c68532
EVT-DAHEJ-02578,96f18affcd42ee10bc5d79c26d5e6dd373010694
EVT-DAHEJ-02579,9e448b1b402b39f6008146d945a7d45f864ff4d7
EVT-DAHEJ-02580,e30ca8cc5255fbb0a379417ec68e7ba61e108f80
EVT-DAHEJ-02581,a2b87c557ba0dea852ba22b05167e557a65f9c0e
EVT-DAHEJ-02582,41d62b8a5bf82a1a8ca4abaeb9e7bc4444fd325f
EVT-DAHEJ-02583,45118affec7a750579b0b119b898af57cde8fae7
EVT-DAHEJ-02584,87ecdaeddb164b3a176776c9dee51ba635185ca7
EVT-DAHEJ-02583,682f18122917d3ab702ffaa109a3b2ad14ef3029
EVT-DAHEJ-02585,cc85a977e595ad1c00a505199f74658f952ca573
EVT-DAHEJ-02585,1fd5012ffc56603a57054dd96cbdc896f282abdc
EVT-DAHEJ-02585,5448f58682f27e97690ff3218e2763527f020b33
EVT-DAHEJ-02586,a9555e10914948e12395ee7c2c6ebefd23552bdb
EVT-DAHEJ-02586,03e409cf9c7a852c8a2aba8d3f296d2a6bbc0446
EVT-DAHEJ-02587,cf9d37b835c7e101d79a27a552a8c9d608acd8ea
EVT-DAHEJ-02588,194fd7d4bb73108de81af4b882d9b74a5070a8d9
EVT-DAHEJ-02589,062586d15a733c2397b75ca9967a62f1740003e0
EVT-DAHEJ-02589,78b9cc4a106d20fc42c80c1d6f31d91fc063a44c
EVT-DAHEJ-02590,8355adfe11e5b55f02688579dbb9306bd1d73a29
EVT-DAHEJ-02590,a99acce4e5caf18928e497788b88ab21cb918fe4
EVT-DAHEJ-02591,08afdfa45a02ad8c1d5c0f509f1d5ff415d28c26
EVT-DAHEJ-02592,1beaca0c986800b31a1e8c1d92f7ca7239029859
EVT-DAHEJ-02593,32e14c42d988657ee2042efcad07e3178feac7ff
EVT-DAHEJ-02591,c2b869c126fe1863fc56ceeb2db89cde30951fde
EVT-DAHEJ-02591,cf6085a79efe3085071b3c45e37045a22bcce63f
EVT-DAHEJ-02594,e8aea9116d48690e0957c34486298d00aae41406
EVT-DAHEJ-02595,78203edf7413e5a9bfd27503b9491b238ea12c7e
EVT-DAHEJ-02594,aea011d8e680bb6d5b60c0d39dedffabfd10a5c4
EVT-DAHEJ-02596,b8dd5dcc7f8c023ab84eae929701399f5397f794
EVT-DAHEJ-02597,c5eb497ec4826d798a3cf13ce71aa16ce6a87156
EVT-DAHEJ-02598,f2198b18b1b6511b60984de5f9711442f77a98d3
EVT-DAHEJ-02599,5f619ceebe929b2f3aa8aa4916be274734dd8087
EVT-DAHEJ-02599,aec7a50433ab18eeddad094d60a81755c8a67d82
EVT-DAHEJ-02600,e7df953648e9461513a19779b82a097a633ada93
EVT-DAHEJ-02599,d6dc970afe063a0939ed730d01e84e0e05325e09
EVT-DAHEJ-02599,ed8b7f59dc4cfe3d07c1449d32b756bfabab0a1d
EVT-DAHEJ-02601,2c172c7495540924d54b0bbced16ebebcd31e1fb
EVT-DAHEJ-02602,36f9be783341f53ce315af1d3493d3dc5f545482
EVT-DAHEJ-02603,39a011175bc3abcd65b43045dcb3902b76bfa7d5
EVT-DAHEJ-02604,8a42d433c6d69bfac78a542294ac4d874ef5be3d
EVT-DAHEJ-02605,07f6fef7d86d0c7e5b3b83755de1cfe387964ead
EVT-DAHEJ-02606,b6e240f74268cb6400f4fe4037496176cc319c8f
EVT-DAHEJ-02606,915d5237200d6691bfc07b7ac9208bfbd12f3bf3
EVT-DAHEJ-02606,eced98324122a45d7aee6463951dabdf1e86af24
EVT-DAHEJ-02607,e130820a87fa3b1326890b990a39f607db36433a
EVT-DAHEJ-02608,0cf8889051c7758e5aafb59b2a56f8ba2597cbbf
EVT-DAHEJ-02609,a26ee9733059b21d3562697b5f2f2eb2c4549526
EVT-DAHEJ-02608,a7d99637e072db37105caa1a3298a7a82d2986c5
EVT-DAHEJ-02610,bea94896e59367c0f6346ce9d4e57f9f81f0c274
EVT-DAHEJ-02611,f905d32256f0cd1c9d10cb9aa64c041f31ebb7b2
EVT-DAHEJ-02612,1b7c3c41741d1c1935f514aed64e962fdcf8e760
EVT-DAHEJ-02613,37d75136c6bdc9cf2c6ab3b4d7be8d2ad9aaec27
EVT-DAHEJ-02614,06ae7ff7645683d91b903520a83f8de2e115c3ed
EVT-DAHEJ-02613,42fec48e042f3834bf9ccb5c00dbb82a6f442051
EVT-DAHEJ-02615,5661787dfebb742067d0d73f5de3b806e9af3041
EVT-DAHEJ-02616,ec672dbc61783961939f2f7655902090a8408b46
EVT-DAHEJ-02617,86cf5afa1e6942c53dc22fa97507e69429358351
EVT-DAHEJ-02618,9f4de0adcb91a5f1ab6d013dc196c1fbcd666fa9
EVT-DAHEJ-02619,1d746bb268836f2288e1c8654017f8591d453659
EVT-DAHEJ-02620,4cac8064f0b7e945087c7d1f13e6281c15dbe32b
EVT-DAHEJ-02620,007f0639bbbdfc33f542c1640fe1bf870a638aae
EVT-DAHEJ-02621,663d0a6106f6c6efb5c080998e321c8ee5a3dd28
EVT-DAHEJ-02622,4b9a78fe72dc243c96a3da03dbb86956cea84587
EVT-DAHEJ-02623,e97f62e5c228397e9b7af4a0da804dbbcc0fb049
EVT-DAHEJ-02624,d30d693e82c5a0bee5a0a6f58f0b23c9579090fd
EVT-DAHEJ-02625,2c01dbebe66be70f87aa7a9256495de67f2bbbb4
EVT-DAHEJ-02626,4b67baf40627374132f93a511f1a38cf2af97346
EVT-DAHEJ-02626,b53d7d5157d4f4a820972d81e889640cdc1a8184
EVT-DAHEJ-02626,f83960b2d9e14042dcbd86d93465d4aad94fd25f
EVT-DAHEJ-02626,b63da95057323c6d51eb22c15ac4e3b504ee68bf
EVT-DAHEJ-02626,c561114279f432a08851173db1dfd1567186f817
EVT-DAHEJ-02627,07aca0af719b9af6395696bb1437e5c12932c8f1
EVT-DAHEJ-02628,6964c96f489f2dbd09421e90e3453c0a7d7804d4
EVT-DAHEJ-02629,78e7d6567a2ed35637846ef94a4448fbd5aad70f
EVT-DAHEJ-02630,8cabbe7b3015912c5ff67e7e72fbe13ea42df53b
EVT-DAHEJ-02631,7eb4b3298d8a1e184a33caec4a870704c54af810
EVT-DAHEJ-02631,6384461c7ca028b3e6f5ed2888b4b0170b2ab098
EVT-DAHEJ-02631,fb11bc90c25ea77f5cdf31e5259cbd5a0ed6ee39
EVT-DAHEJ-02631,0ffbf2b4831e1a636f80d64c67dadcad9c23f904
EVT-DAHEJ-02631,71e60a26bb64b3c3aba986b5d288ab400d75b453
EVT-DAHEJ-02631,887dfc33e991af95624ff8e2e2bf4639ca1cfd0c
EVT-DAHEJ-02632,3ea0b86706471f4fd84de340721b7148d9c86dc0
EVT-DAHEJ-02633,78503ec7b4578e0ebcfb60a97dec22e75147f8a0
EVT-DAHEJ-02634,9d57775d8f4e4e57e3c983b8bc1aaab5e1aa339f
EVT-DAHEJ-02635,c3083c74f4738935da297c2ac321c6a9f5b4eecd
EVT-DAHEJ-02636,a2a80f055e898af33d4e2c04ed86a99061f1f0c9
EVT-DAHEJ-02637,97eeffa56df5fba8f7b65da99598517897b51a7b
EVT-DAHEJ-02638,0578c5b010ae6b9fef3b4b7e952c3bd077c47628
EVT-DAHEJ-02639,e777cfd484dbc998c62d5be6dfc203e5d12a7e2c
EVT-DAHEJ-02640,fdc0e7d5836325bd571a5c2e25e53fef4d3cba1a
EVT-DAHEJ-02641,8fe5ed98fbc038d1419590d8cb0c94f3104275fd
EVT-DAHEJ-02642,3348eb2aa88fcd247243858ec56e692586a3f663
EVT-DAHEJ-02642,629e70803551efda73a04cae7079a25bb2a8a48c
EVT-DAHEJ-02642,7f73ffa9200cd636816f67db2ece2017d44665c3
EVT-DAHEJ-02642,d38b1f73e8a473d57b0911020d13f4c1981d5b43
EVT-DAHEJ-02643,20975d4693f4cec793df4801365685790e006182
EVT-DAHEJ-02644,9a752cb7cf1db21688be02d1f0787856413fecda
EVT-DAHEJ-02645,a4175bbc985cc6ae47805f1b0f71091f471b7220
EVT-DAHEJ-02646,c717536c0e0167371965471da29dd7e4b6e2e89e
EVT-DAHEJ-02647,ea94327cd4b3c926afb47f2e4cada11318fbaddd
EVT-DAHEJ-02647,f2cc2800b413dd58a680182d4040ab120d04cd9f
EVT-DAHEJ-02648,9206067d65becd1bd6249b5325e1fa6dacf78427
EVT-DAHEJ-02648,99c576b2b1528d0122ff149118f3f2a019f5fcc5
EVT-DAHEJ-02649,30d2f8de705ae377b62d0287db31dd839fceb6fe
EVT-DAHEJ-02650,059732dd51ecd20825d5c11a7b2ce5a1399704da
EVT-DAHEJ-02650,f71a7ebcfbfcc6f74a7931f61c6edfb7c1b65e40
EVT-DAHEJ-02651,5ea687048c51cdc722d47f525b9f6ee0fbd43dcd
EVT-DAHEJ-02652,feb87d322dce6f4149fe7c234088080059162efa
EVT-DAHEJ-02653,00e915fd9221bbe9a236cbff993853ea636dae53
EVT-DAHEJ-02653,33c6c3fcd91884ae7ffe52651d510d4bba114f1d
EVT-DAHEJ-02654,756946ce1a814af8b2e4f9a5d66c9dab8da580a5
EVT-DAHEJ-02654,de52b02edf8dc13f210e8b084e9937cce9e62c30
EVT-DAHEJ-02654,dfa80c027dfba2d88155c26df3395969a63b5049
EVT-DAHEJ-02654,0bf0abe5ccee00843b745e6a4234538d96cb1d6c
EVT-DAHEJ-02654,311419ed0101de30bab9f4be252a549523e02760
EVT-DAHEJ-02653,67213df8a907613707de9a9f897bbdc0236312b9
EVT-DAHEJ-02653,ea68936c31d2c454773d742614406e5c59ef7ab3
EVT-DAHEJ-02655,48c9c778fa5c39fb5e0ec541e46b5d04fe873228
EVT-DAHEJ-02656,cb09c2858066afe205465c6c42e5138e36c51cb6
EVT-DAHEJ-02657,6130ff262fc61259b4f67787c09e02d0c7509cf9
EVT-DAHEJ-02657,c57d5fa3eb8e04474d419549ec5c9f17a6f1eae1
EVT-DAHEJ-02657,e6a1cb6343812abd3a7486749d4195229e82d2ed
EVT-DAHEJ-02658,a441f3bf0a8a5cdd33ea5d658280ab22dd8262d2
EVT-DAHEJ-02658,fb0336adcb579daafe04e7546700d6bb051006dd
EVT-DAHEJ-02658,148029f596afbcaa957da2d7591850cd5010247d
EVT-DAHEJ-02658,508ac07dfddae07c19fd51cab0c00034ae0b7d75
EVT-DAHEJ-02658,93c955d019d908f5cd7c3d32d4ddce7e7c61e04f
EVT-DAHEJ-02658,b5f26959c44729ca81f3ebab4f05e58715f4fd69
EVT-DAHEJ-02658,5cd5dc919ad9515eb680106c8d20edc36f36d8b5
EVT-DAHEJ-02658,c61dc3e651c61705fcf34b126e580393b1d4aed0
EVT-DAHEJ-02658,75acf4be98eaa0106a95f6b54fde89a771b328f7
EVT-DAHEJ-02659,80d74e3ede39a157f408ca014c3f5b22d9c99320
EVT-DAHEJ-02658,86d9523500b205b78b5d7673fad698ebb7387619
EVT-DAHEJ-02658,c8ea6b5254039d51bbf4f798f6040c9a63db0080
EVT-DAHEJ-02658,dfe1ac9ec3ec17d6dc07fc83a541d778b6b23519
EVT-DAHEJ-02660,9915908e563e8e95c30261480babb09fc99bd60f
EVT-DAHEJ-02661,1675ac1c3b8105b103963454dc83700e1a6bdf23
EVT-DAHEJ-02662,24f8eed27ec8338be51a65bf5fec184adfb50ce4
EVT-DAHEJ-02663,be90e77a7af2c23932f709487817fc472bd80d91
EVT-DAHEJ-02664,629ed896b9dabb04e9e55133d6ac9d3f58ee5549
EVT-DAHEJ-02665,e6189c796be7e04d66b4259d6ca59bae0e98e8d5
EVT-DAHEJ-02666,1d0bb6843336c39cffc388ffeac0de13798d9fcc
EVT-DAHEJ-02667,93abed70ff90d43931bec8d468a3c3bfc8a63bac
EVT-DAHEJ-02668,e052c611704e7abc170afaedc2f5b64ba5952511
EVT-DAHEJ-02669,7397bdcedc70b3f8fce76b551d99a86e0a8f1b96
EVT-DAHEJ-02670,a9c75256465d8a6fafe7c783a6cdfafc3d812573
EVT-DAHEJ-02671,d2e9cee370e1168a1004535a8fe18bd950a0be0e
EVT-DAHEJ-02671,ef4d91b6a3b6a777834b9ca602e6f8c69f6488f5
EVT-DAHEJ-02671,bcf471549f1deb63e5e8ad9687033db498dd87de
EVT-DAHEJ-02671,ce70e113d832d005db87ea0cbfc654a86598f138
EVT-DAHEJ-02671,40b866f9c4e1272a7200ecee45e86f75ba95ce06
EVT-DAHEJ-02671,8f5c6a084eeaf16aa857f332581192c0fcf46ec0
EVT-DAHEJ-02671,23c084ccd9e83e44b2dfdf9920138e3dfe5dc995
EVT-DAHEJ-02671,6d5dbd60d40a92ad038bdbe5cba582b43517ae2c
EVT-DAHEJ-02672,e0876d9b79079467d098d1bf12cfffd82efa10b7
EVT-DAHEJ-02671,e5aca51f8853d430ed0d4a541581f2c59c9fdd82
EVT-DAHEJ-02673,2e78c3b0a9058f281bcd55b2af85fae413f132d6
EVT-DAHEJ-02673,13847fbd59c3827aba8fdbae3c910764ba3bb849
EVT-DAHEJ-02673,87aba0d5b691ee63fd451c626fd39ad997e0686a
EVT-DAHEJ-02673,2af81a7b5dab73b62947ef272062e13d6bde173a
EVT-DAHEJ-02673,93b7644c61e9f157773d5dccd6249804b1471ccd
EVT-DAHEJ-02673,1461248af375326069110cab3d8c74823822cec1
EVT-DAHEJ-02673,9c83141ce53cfc739a324ff605fd4fde90332e60
EVT-DAHEJ-02673,33024ff72416a075391e68fc7b49515d90ff9ee0
EVT-DAHEJ-02673,b57c84c4c9a728a94436dfd1b9d4ef79f8ce1c75
EVT-DAHEJ-02673,bc052a69068cd70b45525a4e76df2e7f128cfdd7
EVT-DAHEJ-02674,31a17d566d354d1233eba3a1389012a758964351
EVT-DAHEJ-02674,284f7b8f5311fa62df757b5db6b649a6df47b417
EVT-DAHEJ-02674,4678a635aa96f89e051954a7068474f4eb69f531
EVT-DAHEJ-02674,063a86188ccc842ec64ec413febe0cc948f01098
EVT-DAHEJ-02674,0a40cceb40669f8fd841fccdba95602b3d97da7f
EVT-DAHEJ-02675,7d51d12e81b90b1762673f1f9547ef10b87893b6
EVT-DAHEJ-02675,65479b81f6ac6efae7e90cabaa72a6425f543303
EVT-DAHEJ-02674,78a5e308ee33d85890987e7427c0c985c0b1603d
EVT-DAHEJ-02674,ddfc318d689c4cab3cdf49bcefbf655b7c1a9441
EVT-DAHEJ-02674,e7ad4e15667b865408a8530895b381cc730bef9d
EVT-DAHEJ-02674,adaaf19a48ea635240aa6408412ac0af31fc0374
EVT-DAHEJ-02674,d84a598ee29863d4343e50f19e50b56e62bde438
EVT-DAHEJ-02674,32602e23faf746a35bc133acac2f2bf40606771a
EVT-DAHEJ-02674,48fc5f7d93afc4d31c649f3e974fea6a229f0c6b
EVT-DAHEJ-02676,9b30b03c60fe9e69c4588019ba510199a9fc3b90
EVT-DAHEJ-02677,0aa8381ae07df5cb5612ae9836af91a6e98e2080
EVT-DAHEJ-02676,a67a75b5b9dce42bdb09d3c797be8979b177beb4
EVT-DAHEJ-02677,b48b419b45c44444be3b04f5ef19064bd8c03ed9
EVT-DAHEJ-02677,0c2b6911293285e9130fd15fab0e4dd3161fbd9b
EVT-DAHEJ-02677,31e0a8ef8493ad0a9afb163612d40c29ed15983e
EVT-DAHEJ-02677,722abb0a4855227133eaedc44e038fe78cfe7ef1
EVT-DAHEJ-02676,8de555113235bd827d320e09892724db1bec40d7
EVT-DAHEJ-02676,960efdb2bf3c52794a998f83d9965eb77c86ed4e
EVT-DAHEJ-02676,34e5f55b692afb541754afa7faf27ab500352970
EVT-DAHEJ-02676,5b5d9c949ffa7286991a36cdf19ffa500abf1c2e
EVT-DAHEJ-02678,6176b20d938cc7fa48c2ae2646350288a468124d
EVT-DAHEJ-02676,6c5a4bf03804fc322bffd8c7a8c43dc3813e67f8
EVT-DAHEJ-02679,9afe7f27d1e6ce249ff8ea0da54376cdab561f23
EVT-DAHEJ-02680,e3ffacc98d625e836cff742029d4674c982982ed
EVT-DAHEJ-02680,05de1ba20ddb067964f070c191e1e7beaf62e32c
EVT-DAHEJ-02679,0de70e31de777f665cdf9eca03e25ce99a700b8d
EVT-DAHEJ-02680,92d0e70a7671dc4b7531694c61ff0690738ef528
EVT-DAHEJ-02680,c591322de9ac66bc012418851e90e4fa83aa217f
EVT-DAHEJ-02680,05ef5c36c96dc6a73ef10c15588b977a13742ec4
EVT-DAHEJ-02679,5468dc983dcdf8fada18f1b09dec54c3f40bbb55
EVT-DAHEJ-02681,16e9e0938b2f0758c9468eacfec040c482b4402c
EVT-DAHEJ-02681,2f03f3e2a6f38ede98398d006c522f00815436fe
EVT-DAHEJ-02681,6c1d9576bac04f7f10fc21e8401d8c2cbe449383
EVT-DAHEJ-02682,7bbc108cacf3ac8723a8194ebe7ae30cdd736327
EVT-DAHEJ-02681,2fa053c8dc70e567716c16390802c3b46d77b358
EVT-DAHEJ-02682,fb029004b0d523d8d207e83ae9c0e94d769ef448
EVT-DAHEJ-02680,a127020d4923e9f9bba42cf4e95116365df4e489
EVT-DAHEJ-02683,52ec9ecf38e832da4861798a50efd4a31ce59a56
EVT-DAHEJ-02683,7fe09e200b80dd0081341207afc3b184980fd9b6
EVT-DAHEJ-02684,d6c39cb9a476e0e5caecb5e92027830f37b213d7
EVT-DAHEJ-02683,f9ac08e2c3ff142878acb237e0d9b5067cb00f84
EVT-DAHEJ-02684,6cdc1b7522055d4da27bfbefedadfd25e0e784de
EVT-DAHEJ-02685,8c5f4e5c54e0360f3023160aa4cb9bb45933113e
EVT-DAHEJ-02685,60a65944109f0f7b83a47dd908b21614314ef3e0
EVT-DAHEJ-02686,f8d34b366d8a284bf617893d57fad9f3d4983734
EVT-DAHEJ-02687,0aa4f6526bbc1839415209092b94fbfca1b31f4d
EVT-DAHEJ-02687,3cc9cbc3c51f56df799163eb2f1c24ef4e925192
EVT-DAHEJ-02688,2e5c930c2196fa9daa2a9ce031b8fae38094ba7f
EVT-DAHEJ-02689,2ebcfaf47def6fd466aae92b0a39801d721bf31e
EVT-DAHEJ-02689,8825878942fefe1aeea1477206c8c55d515f2852
EVT-DAHEJ-02690,33ed0bade0d398b974e98dd9d7221aaaa7537989
EVT-DAHEJ-02690,234b17f10ce6f391e015b601e8fa18caa3a8f251
EVT-DAHEJ-02691,49f1d7aac2d34a0df428154af5cb68692c11e330
EVT-DAHEJ-02689,55b91da92dab2cc8542feb5de7bcca0ed70de824
EVT-DAHEJ-02692,9d95aa6bc89f6d916df4dbc48a0d6bcf6bef277f
EVT-DAHEJ-02693,db8b678db7539f56b4d29792b4f87a781f5cbc00
EVT-DAHEJ-02691,acb73928a08d7f7c5adefd76aac1ebf207aabee4
EVT-DAHEJ-02694,02b09c20a0ce5459cf2187ba4cd21665d23d0386
EVT-DAHEJ-02695,64297572efa2d0e41a613991e135e30bbaf599aa
EVT-DAHEJ-02694,6ca43a97e6652bbceddc42d48da50f4f7d5dc24e
EVT-DAHEJ-02691,c12dd16002838639b89a077f26c6d4e8b20348c9
EVT-DAHEJ-02695,5473c8af4579659b831c9490119dad1500691563
EVT-DAHEJ-02691,b01cada66899b2e835ab80b0ed1c3645cec82a25
EVT-DAHEJ-02695,f8c0bd8a92ce6e73ca04de624c54f33eb3615554
EVT-DAHEJ-02691,cc224a99791a7c165642b73e5a8ebabeddf6a0cb
EVT-DAHEJ-02696,f298dbcc55bffbe960361493833446791572205b
EVT-DAHEJ-02696,996c850b3b4ab80c67f39dc928c9658243021956
EVT-DAHEJ-02697,7e8c7841ae1f19df57dfd369d6e3fef643dd1e45
EVT-DAHEJ-02698,da842443358ece84130b53cd667da0918016e921
EVT-DAHEJ-02699,24ed0bb89dca4ea386084283392c169f6ef0762e
EVT-DAHEJ-02699,2e303366ec25bc809be2a0dbfd3f1343a7416e24
EVT-DAHEJ-02699,4c45b0a78d6a9183bbb1a743f71dea426bfd94d7
EVT-DAHEJ-02699,5d2ecb2226739866992fbc5dc4a0e528cbd6e490
EVT-DAHEJ-02699,97f7a8c5e1dc887a02369c61804b69808cf7cc28
EVT-DAHEJ-02700,1f22af9364ac3b1431707731f8fdddcb956325b2
EVT-DAHEJ-02700,bb72c4905c575955359a2a6764714946fcd06df2
EVT-DAHEJ-02701,53344b4f00b0b708acd78b17be4d7d793324dab3
EVT-DAHEJ-02702,1e66708eec05b2a65cffc985c966a6aad8518f5c
EVT-DAHEJ-02702,d3c58f00a187624ade2a9d1a0a8792a694b27e70
EVT-DAHEJ-02702,f689cfdb41842d8eceefaddc1be640bc595f443a
EVT-DAHEJ-02703,1c7670e94201c6a245d5a99a92e31d22bf77e221
EVT-DAHEJ-02704,21e9fb86866f7278a0e4a7c485d440778cca7ab1
EVT-DAHEJ-02704,3d408290d0310f60b1910efce5d221ec8c230557
EVT-DAHEJ-02705,53e264faf8696b929953cfe67a4534d799bdfcd7
EVT-DAHEJ-02704,57131369c2c590a97794035ce01a440abd653b06
EVT-DAHEJ-02706,c25d4d99a74c71d132ba253ebf0248ae160e7d81
EVT-DAHEJ-02704,d90e220a117a53dfbdc3f99715da5c4bfbb4d508
EVT-DAHEJ-02702,76177fed01889d74ecc82b12dbff85ac273fd3cc
EVT-DAHEJ-02707,535bf5a853c8073c11fcf75392bcdc7a2fcf09db
EVT-DAHEJ-02708,948903e3ed27b1384843e51707526323c29e9cb2
EVT-DAHEJ-02709,a48ec6353581d5da56776609b8a6739397da34b8
EVT-DAHEJ-02710,30169043272184c1954d290ae84a6423df6270d9
EVT-DAHEJ-02711,e903ee27f4e8306d887cebf6f09af831351ea1e2
EVT-DAHEJ-02711,408e4fd1e4071bf35cc07f94f6bde37ba89ce387
EVT-DAHEJ-02711,d5cdcc28f071b12d4ba3528fe6902555737f984d
EVT-DAHEJ-02711,28451fb6c5f7392d95f4aaa4e9a1350150ec2d41
EVT-DAHEJ-02712,c3c35d6f16b2a43686c22e43fa328c10387464bc
EVT-DAHEJ-02713,fc08b83082dcaa0b0108efe4b6f4c4dd777f3796
EVT-DAHEJ-02714,e581ba506a596a715c52889b78903917809233fb
EVT-DAHEJ-02711,5945a1e99e7220c9aca2da714a8599d461ce9afa
EVT-DAHEJ-02715,9e916ff25bb2080769f79898b953d264cc564ffa
EVT-DAHEJ-02715,d892edf7a67b7b41b9b74f6bbc270f24ffd6daa1
EVT-DAHEJ-02716,55dddb6d2d5046f98b145467156aa02fc1c8dfe7
EVT-DAHEJ-02717,9714be9eb5f3486e7a7973513325e7aedf7c4cce
EVT-DAHEJ-02718,1b7ef95c68dfb0ca194a436b3130851264338a00
EVT-DAHEJ-02719,36ed7ed775f47e7b1ccf4c16e5424bb5fa4c7064
EVT-DAHEJ-02719,8fc3f374fe82dfb95dc3643d00be99c6f292718f
EVT-DAHEJ-02720,2636a2d493c5f1082dfccce41ec7646c30913b77
EVT-DAHEJ-02720,566421c9399f6822fa4e9642afc742f18820ed82
EVT-DAHEJ-02721,1cd96553a6c7ebc77c6a05354224d21a0dc84269
EVT-DAHEJ-02722,7f3136412495b0334fdfc38599315a8c12f81d98
EVT-DAHEJ-02723,0cb56af1eec3bbbe5194e74c7e28e443bb2a26fd
EVT-DAHEJ-02724,6bddce24736829f35e06abae3652c735828199e4
EVT-DAHEJ-02725,530f5699f099844e26922aa055568b671c5d883f
EVT-DAHEJ-02725,9003516431ceb748f4651b0a1af72eba84c4f62a
EVT-DAHEJ-02725,76d987f641e51112e3f39d0d4cfbbd0e2ecd1215
EVT-DAHEJ-02726,10eb7c41e1979805e43beccf30ba4e41f3e5d8ed
EVT-DAHEJ-02727,2b0211413d9ab15df2668883bd7acc42082efb59
EVT-DAHEJ-02728,2e967607e6bafb27fd8b4d5669511f0a7def92ac
EVT-DAHEJ-02727,3eddaad972c76e41d7d67dd838579dedd9576159
EVT-DAHEJ-02727,4155eacb86235049112317b05c5786273efb9e98
EVT-DAHEJ-02728,5ca8f0d4a86eb03191e003244886dd25902be0ea
EVT-DAHEJ-02727,6b2851c2d1c1d9b08e2466866883989464e9c3b9
EVT-DAHEJ-02727,be3437ce162b503d08325828b0c83b7b0d9e4502
EVT-DAHEJ-02728,d1601daea14f2ab529e8cb1dccb87d1abb48663a
EVT-DAHEJ-02727,dff46169d9959c2183220dfd81f9b322d59daa32
EVT-DAHEJ-02728,e3c162a18e6a504bab9ec136cf2dee769af96c9c
EVT-DAHEJ-02728,faf15f53276b6ada3ec51fa77b0a5cee9fb7f639
EVT-DAHEJ-02729,7e853922bb2481497d1675d64889e110a312eac7
EVT-DAHEJ-02730,caa3c65e735ac36089a160c0bf619e6bb36a4b6f
EVT-DAHEJ-02730,e6d766461b620ae78638ae7e3973c6d55a0ad365
EVT-DAHEJ-02731,0cf6bf358755534b39365a47b205050f6cffc0b5
EVT-DAHEJ-02729,721a132354c2ed13f7fa8a212768795b9c3d1413
EVT-DAHEJ-02730,cd56deef173771332b4b177d0ac4280b7d3af189
EVT-DAHEJ-02729,a3eceb3f85a7f7296f95b513635b8702020dfb8a
EVT-DAHEJ-02732,18fe13455535cd09abdb213b932b581f057df5eb
EVT-DAHEJ-02733,2f3ca6fa860b2fff946341c07e64b3be8b3aaf08
EVT-DAHEJ-02730,1555a7bdff9c26f7441e1dd14e5c0d506a804de7
EVT-DAHEJ-02729,e4fa8933a37ab7446b3d01a0978dafcb456d2083
EVT-DAHEJ-02730,b32f9e877c2007e55e269699ed15af07bcec5c88
EVT-DAHEJ-02734,9d85f831bd0384226b997bb043350a5d1429e164
EVT-DAHEJ-02734,43f1713b1b9f71a0e6f67e05624ca395d27169db
EVT-DAHEJ-02735,244c07aa3a67b94d43381ecd23c6f8710a44272c
EVT-DAHEJ-02736,2c99e7693b7e3caeab633949efe496ad85e9ceeb
EVT-DAHEJ-02737,41f17a15f01a361b4754be0a8afcb6377d93f633
EVT-DAHEJ-02738,481faab0ea232ff4485ff8c41c5b2484c53e7bb5
EVT-DAHEJ-02735,4cf050c4b879bef3af6b931db5e3c433684a0c0c
EVT-DAHEJ-02737,55d1364f115bab52562c71864a514d7b996138c0
EVT-DAHEJ-02736,67eb212b2204686f3603f1c6b692865bb2637fc5
EVT-DAHEJ-02737,6ee4f754e7c1438e01f5febb75d2a47f2d7abcf3
EVT-DAHEJ-02737,73d012645b8858d771615d3b2a3973e20fc7744c
EVT-DAHEJ-02739,7da8b85519a3f855520243da86e09ef419b322ec
EVT-DAHEJ-02740,886077564e07808f027e6841abf4f560f808b8b9
EVT-DAHEJ-02737,d05598063d2eaa2f4aaf526f6bb7d9818399c0cb
EVT-DAHEJ-02737,d673a520ff0db2cad7c7fe98189f1948f29e804f
EVT-DAHEJ-02737,d7b790fcbf23ad577db88a4756745de8f97f283d
EVT-DAHEJ-02740,f707eb74bbc525fe4ac9164275b93f744c076337
EVT-DAHEJ-02740,f85760938d2fb7b8e2406167dd7ee72f5542dfff
EVT-DAHEJ-02736,fa660723b6bfbf6ff9b1052e4d877a0907646b1f
EVT-DAHEJ-02741,60771f0962c36a4b5d9a8c45ae7eb9bdb16ee084
EVT-DAHEJ-02741,8d83536737d23e36b286129698e13516e6b56fd8
EVT-DAHEJ-02742,168aabb551da68dad588e3ce08796f595d734247
EVT-DAHEJ-02742,608b1ac411c46acfa73d26dfc9e88fe06344c65a
EVT-DAHEJ-02742,0ae21d117f20f1caf86de71d5e17aa7bbeb90337
EVT-DAHEJ-02743,71b3f49b90063f63f319c7d3a54e62484dc0c3d4
EVT-DAHEJ-02744,656d205ed8f91068c91bdd9f325d6a0d4ed7b541
EVT-DAHEJ-02745,f58bdf2e4382c74468fe448a59681828f4704c29
EVT-DAHEJ-02746,3d99b93c6bece00c62aee650a78e20b387eca473
EVT-DAHEJ-02747,cdaa0c83d45eacf785981f491e6101efcf7b6319
EVT-DAHEJ-02746,6280deb5095b8247f97a2e425615cae79b3a7fbc
EVT-DAHEJ-02748,8c8cd471d5c556ec07bea65dfbbb6707fd806647
EVT-DAHEJ-02748,61289c1306ea3603fc3151226735e69477c261d6
EVT-DAHEJ-02748,c043248fcb0a62c452efe1a7a56067f070dba7a3
EVT-DAHEJ-02749,053bf71e97b6004b4fad61df99ea6c8ffd868660
EVT-DAHEJ-02750,05955bb4c557b3e3440949ac2d67e8d058bb1a15
EVT-DAHEJ-02749,ea55ff64994fc0919b2b583a67e3dd036de01493
EVT-DAHEJ-02751,14eb7eff6095a81938165c9b1f43612b37a41941
EVT-DAHEJ-02751,2018ea44a4673e1b85090e069079756c18028c09
EVT-DAHEJ-02752,4113b2157dd820db850b28ca22f31a5c81d531e0
EVT-DAHEJ-02753,013dfb53eb860ffad27de3fb9d56c35741731969
EVT-DAHEJ-02753,a8774315b74aa07a6bd5aa28d7abc65133749262
EVT-DAHEJ-02754,1a303e804c799686750d73b8bfa0fdb5e1d69643
EVT-DAHEJ-02755,5e40336c228afffc768cc6e10e15914ebf766c9f
EVT-DAHEJ-02754,719fb9e43c910288db392120fbf72823c3775118
EVT-DAHEJ-02754,ca6b763d7bc821ef58c49dbf537931abca7dd320
EVT-DAHEJ-02756,ee3121fad77f9ff16e811349ddde11b47ac040ff
EVT-DAHEJ-02754,02cfad99fde078e24fd3ae6e3d0f0ac47d3cc919
EVT-DAHEJ-02754,43d7b78e1cf416ae7b06a93d5701a524730ce5c1
EVT-DAHEJ-02754,5f23c4b06483228b4459901d41de30f71fae1e67
EVT-DAHEJ-02757,3a0a5d99ed97a4e27a26faffa0d8c14c668f5b0b
EVT-DAHEJ-02758,79582a380397108eff5c47fc417fc4d3d9b47c54
EVT-DAHEJ-02759,f40e6eea6ab1bb28e1298e3acb1d8ca9c9abde1c
EVT-DAHEJ-02760,69f0068aa8b0cddc1eb11b69c6c510b7f7a3bb8d
EVT-DAHEJ-02757,ff49f9a5518d6c18292c74f3626d91768b9b43cd
EVT-DAHEJ-02761,b17870aa5074a76b977a2a374271a5df52f19672
EVT-DAHEJ-02762,969db79aed5e7396d415d7a3fba18b8b7269056d
EVT-DAHEJ-02763,99108dcee0d545a8fd7c2110610b5be885d263fd
EVT-DAHEJ-02764,a549f738b77009c84665e5a0fff7adee99f466f4
EVT-DAHEJ-02765,4d0d9e843fd7de61d59a10929d0583b4e2197d64
EVT-DAHEJ-02766,04fdfd497c297b79d5b951cb616536815ed3c173
EVT-DAHEJ-02766,87fd6ac1e716c3619a08186a5ef5d4207c65fa04
EVT-DAHEJ-02767,0c5421ec78ffb10e6bbae8120963788969bdba60
EVT-DAHEJ-02767,55ff13c7f4a7973338bdc90b946a4ee6ff295d29
EVT-DAHEJ-02768,3eb69a524d3c9e6c565953b7e87bee187a99fa95
EVT-DAHEJ-02768,d2185349e1c1b8eaebd21eb8c82a6d32747c82b7
EVT-DAHEJ-02769,2261c7f1cd05a4e7b24fb6ebd125f23976b68f18
EVT-DAHEJ-02770,cc1149c64aa3a2bc8221a9d9fb65c48ce5330a11
EVT-DAHEJ-02771,916d3dcb22eca793f10f78af1a80a916e064f0ee
EVT-DAHEJ-02771,0116a57506a0eb91dc76799f2dd324deeea3bd86
EVT-DAHEJ-02772,28715985f2dd495bcb4a0afb63650186021ec123
EVT-DAHEJ-02772,7864de572588659d30d9a8bdf0f7f57b24f52b18
EVT-DAHEJ-02773,7a5a39d144e18d03299d99d220647d05f743efd4
EVT-DAHEJ-02771,eeb0e82a0a7667792085cc29baff9e65ac5f8753
EVT-DAHEJ-02774,00a4e23ed85a828ae263300ce7f72c1c2d12d479
EVT-DAHEJ-02774,298d024cac176e66da5c23d244429fb2e8688fe3
EVT-DAHEJ-02774,3296901f62646296a6abff969935cf940d86a35f
EVT-DAHEJ-02775,3406b497386a1cbfd5f6b5a49cef860f5093dff2
EVT-DAHEJ-02774,45d5fb0f1675fade25e4bec7ab89f0d73df9d48a
EVT-DAHEJ-02776,4dec5e8b59f599d060c22c836409f6e658e93c8b
EVT-DAHEJ-02777,5127a46a3ed3061a4a105d244393d76f5e3cbc25
EVT-DAHEJ-02774,59432d019ed2d547ea5085cee4a93645fbf6b652
EVT-DAHEJ-02778,6b356da63c95c3dca0eeb2b8283a241b90cc94d0
EVT-DAHEJ-02779,759b5d4e7097207a8993e686c3e804057f9fa3f5
EVT-DAHEJ-02774,8042ef777c54765cd6b835639ee41bf6c9a63268
EVT-DAHEJ-02774,8abda6dc6957e778bbf35fdfa3addd4a6a8b11ea
EVT-DAHEJ-02774,8e806652f2871e665593f04f225b719a2de2f040
EVT-DAHEJ-02778,93e7cc8d46fe70aa9f7b82eb8e3a4dff0efcdd90
EVT-DAHEJ-02780,98b6f4108a37150c5533f4febcb799f2ade2fdb7
EVT-DAHEJ-02776,a2e69632fd7a71d648e2a7187b02cbbab5315437
EVT-DAHEJ-02774,a3369060f9bf761ab7a3dce91861bce154009bcc
EVT-DAHEJ-02774,acd6385715671d071b72cae4995a06a74fcd5e2c
EVT-DAHEJ-02780,db7482592893b6ca56629117a29c2d6f13f4dd06
EVT-DAHEJ-02778,ed5f20cfae57f677b8e115404a0b28507471c959
EVT-DAHEJ-02781,f1102ccfe55fcf445555c9ca6a67780b81b9b403
EVT-DAHEJ-02778,f6e20daaf9e4778941559aa0a5ac36cb9fbb1881
EVT-DAHEJ-02782,7d56cdebcf7b5690dc556554deb272447e8c5f27
EVT-DAHEJ-02783,43d9687f128f37ec5996803ff93b32b89c49c963
EVT-DAHEJ-02782,dc996497e5c0d0c1ab1355bf64f27c5698857143
EVT-DAHEJ-02784,5398b630b732ca1c02a3f20815f7484b8e0f5270
EVT-DAHEJ-02785,8cef5d1672882a700be9609d05c57fdb42fcd1db
EVT-DAHEJ-02786,e75e840d6bb8454e49ba2a91e0481d1b92e175ba
EVT-DAHEJ-02787,26a912101b64d1b362c616526af1a4d938dd6945
EVT-DAHEJ-02788,08586e05db8c0c318a6711d7670b598eef56f4e8
EVT-DAHEJ-02789,66b82d065b07e66984163df79ba0b093f95595e4
EVT-DAHEJ-02789,61929766821379625cbbd3fbd1081bb05d3b90c7
EVT-DAHEJ-02789,ba4d519816d92984fffffb8094c30d6199d1b616
EVT-DAHEJ-02790,c81b8c9211b0d668d95bb6e6507b04093b743763
EVT-DAHEJ-02791,0ddd963cf4d8df47ecf34cbcb47452c4509c2b19
EVT-DAHEJ-02787,1b09e5c4f70430c7f2b69c1d7bbf86e8d8075dc4
EVT-DAHEJ-02787,d2ea08a6cf8a2ac8c8071ff5c5678087341d0858
EVT-DAHEJ-02787,6cc665b49a10fa773c60543ef0fba56585366e33
EVT-DAHEJ-02792,254839cdef895bb733b41be64742300442aac905
EVT-DAHEJ-02793,5fa45d669ba2a66cee4b320abc66c0eb300dc1c9
EVT-DAHEJ-02794,6b6ebf9bc584d0b991077e1b5a9de340cb1ae7bb
EVT-DAHEJ-02793,6c45c01b5ac6e3e1faaa5f263adaed1702b309b7
EVT-DAHEJ-02793,724430247de10de2875c46242ed223bdf1b7d9da
EVT-DAHEJ-02793,972f991501c15ee6aaabcf47ff6bf0bd4a7a99a7
EVT-DAHEJ-02793,99f557afe8add9850d98e98c59cc70a0b692add3
EVT-DAHEJ-02793,c945f8abedff63a71a91d2404a43ab69c5ac5f36
EVT-DAHEJ-02793,cea5af176e9c2f07e6f43f4e9b59e22d514c4d8f
EVT-DAHEJ-02793,d2c876fb8239b1369c4d1153e030d355de061a66
EVT-DAHEJ-02793,e066f40089ab6d7a757d8cefc8f51439792de718
EVT-DAHEJ-02792,4ca2e1f1f2b1c0595a70abb413498a3de4568986
EVT-DAHEJ-02795,16ce5a87f41ae40f8a95ad30db4cf562dd92ed05
EVT-DAHEJ-02796,928d9e44e7bbcfb84a115d3d257a895a4ab2b24e
EVT-DAHEJ-02796,c1014a0177193dbae78337211c802df02cb00bb5
EVT-DAHEJ-02795,ba2a11e4be74ef9f33dd88c7df249c343dbcfacf
EVT-DAHEJ-02796,bd9559867aff46313b2b607e3f21c294778ebde2
EVT-DAHEJ-02797,1ae88aa15f3eebaecfca85dd301897d118586104
EVT-DAHEJ-02798,7162c195f77fe90c3616e23907d5ded71d9afbac
EVT-DAHEJ-02799,901cef6e44622e481af859a923f91a26f37e4375
EVT-DAHEJ-02799,a2154b4f9bd159cc841861f89203236510695f6c
EVT-DAHEJ-02800,2e215eadedf7aeccc77bc174b611a7b17e04d710
EVT-DAHEJ-02797,8966f6ce7b85d605895d04266b062569d230402a
EVT-DAHEJ-02797,bc57a72d1139be8d6112b67dbb41a70f1d2f6310
EVT-DAHEJ-02801,de82417e4064c6b98fc2b8b2790244547fcbc00d
EVT-DAHEJ-02802,dcfdf0ed0c6956787f9baa82b260e430271c8f42
EVT-DAHEJ-02803,06c178fa174b21878e992922c1584d8746c1ce4b
EVT-DAHEJ-02804,691a0a6382e42b8c18d5a64b88991b1852b8da54
EVT-DAHEJ-02803,95860361fe0bf3c74be7402451042753d38ae4b8
EVT-DAHEJ-02805,beba629acbfd889274390951a0748d30661cd266
EVT-DAHEJ-02806,5621ae7c21a21743d3f6f6ab5385cfa5abb9c991
