event_id,event_timestamp,event_latitude,event_longitude,exposure_radius_m,population_exposed,population_pixels,source
7fd5cbb1-881f-50a9-9ca0-022505581bcd,2023-01-01 07:48:00+00:00,21.72788,72.90686,250.0,53.79664993286133,7,WorldPop R2024B 100m constrained
1ae62e9d-b49e-5f80-9f01-27c0b24d2386,2023-01-01 20:17:00+00:00,21.6834775,72.5326466666667,250.0,567.2646484375,24,WorldPop R2024B 100m constrained
33504b50-a84c-5d39-829b-0e42c9e027ee,2023-01-01 21:06:00+00:00,21.37949,72.95348,250.0,821.4337158203125,25,WorldPop R2024B 100m constrained
9b4e8952-fb54-51ba-b8c1-e067dd855560,2023-01-01 21:06:00+00:00,21.42607,72.96349,250.0,75.41101837158203,7,WorldPop R2024B 100m constrained
9f6baf4f-8327-5052-bf24-cd8699a91baa,2023-01-02 08:18:00+00:00,21.56251,72.90401,250.0,9.265748977661133,4,WorldPop R2024B 100m constrained
b85aafe7-3be7-5f54-a08d-15b6346410f9,2023-01-02 09:10:00+00:00,21.75424,72.67329,250.0,0.0,0,WorldPop R2024B 100m constrained
0b5fe1e4-0514-521e-9113-6f84ed1f0d0c,2023-01-03 08:51:00+00:00,21.407705,72.867675,250.0,0.0,0,WorldPop R2024B 100m constrained
59bada94-d4f3-5493-a722-1249fe089ae0,2023-01-03 20:28:00+00:00,21.35139,72.91062,250.0,0.0,0,WorldPop R2024B 100m constrained
7fc9c1e3-5a90-578c-81d9-be0c743342fc,2023-01-03 20:28:00+00:00,21.60351,72.9931,250.0,92.31678771972656,11,WorldPop R2024B 100m constrained
827fd5cd-03dd-501c-bc78-48ba0abbb9c3,2023-01-03 20:28:00+00:00,21.90588,72.75584,250.0,153.61900329589844,20,WorldPop R2024B 100m constrained
8d4de349-959b-5092-aa53-9181f70ea2ca,2023-01-03 20:28:00+00:00,21.6839006666667,72.5329966666666,250.0,515.0230712890625,20,WorldPop R2024B 100m constrained
1fe8d8b5-d741-5606-9ea9-6f266b84172d,2023-01-04 07:41:00+00:00,21.72957,72.7381866666667,250.0,0.0,0,WorldPop R2024B 100m constrained
bd27debe-fe1a-5e59-bd47-2511aa9f5b25,2023-01-04 08:32:00+00:00,21.754795,72.655955,250.0,126.62873077392578,12,WorldPop R2024B 100m constrained
5e18a55b-d905-5d05-a545-4aec609a2754,2023-01-05 08:13:00+00:00,21.63199,72.89672,250.0,0.0,0,WorldPop R2024B 100m constrained
66fb25be-04bd-5a3c-86ac-d3ad4d4ab332,2023-01-05 08:13:00+00:00,21.837215,72.84507,250.0,218.92112731933594,17,WorldPop R2024B 100m constrained
6c6eee2c-314d-5ed6-9cc6-291eaecd5f4d,2023-01-05 08:13:00+00:00,21.51325,72.7412,250.0,0.0,0,WorldPop R2024B 100m constrained
752752b6-5297-59cb-9b14-639647cc28f1,2023-01-05 08:13:00+00:00,22.00529,72.87985,250.0,152.08787536621094,17,WorldPop R2024B 100m constrained
7b28beb5-ecba-59fc-b298-9c8276b44b41,2023-01-05 08:13:00+00:00,21.89743,72.90402,250.0,269.2845764160156,23,WorldPop R2024B 100m constrained
8d4cc4f6-dfe0-5ccd-81a5-40232eeac415,2023-01-05 08:13:00+00:00,21.871485,72.681065,250.0,145.75303649902344,12,WorldPop R2024B 100m constrained
cecf28ec-1481-54df-81b8-bd1c3aa7a119,2023-01-05 08:13:00+00:00,21.896265,72.91826,250.0,53.727256774902344,6,WorldPop R2024B 100m constrained
007c3c45-0405-5028-b41d-7875a1b16b40,2023-01-05 08:13:00+00:00,22.008315,72.941275,250.0,97.64865112304688,11,WorldPop R2024B 100m constrained
f404b23e-e98e-59d1-b3f2-66e3f138f20b,2023-01-05 20:42:00+00:00,21.6848014285714,72.5330714285714,250.0,495.11773681640625,20,WorldPop R2024B 100m constrained
2d708e47-7234-56f5-818d-0ce578d31117,2023-01-06 07:55:00+00:00,21.7678,72.62977,250.0,176.02723693847656,16,WorldPop R2024B 100m constrained
853d85d9-403f-5170-9d51-cb874a9ce3eb,2023-01-06 20:23:00+00:00,22.098105,72.6302,250.0,0.0,0,WorldPop R2024B 100m constrained
7fd07e98-6e29-53fd-bc2a-19077b05cafc,2023-01-07 07:36:00+00:00,21.39622,72.9093,250.0,8.423099517822266,2,WorldPop R2024B 100m constrained
045cdf5e-72ba-51ab-822d-a737f645f64f,2023-01-07 20:04:00+00:00,21.682847,72.532257,250.0,405.778564453125,19,WorldPop R2024B 100m constrained
c3cd95a3-dd7b-5ec4-8b70-14c25ffb08e3,2023-01-08 08:06:00+00:00,21.751826,72.67816,250.0,8.729917526245117,2,WorldPop R2024B 100m constrained
cada9523-4f42-5a2a-a2f8-3828449cd039,2023-01-08 08:06:00+00:00,21.73709,72.67367,250.0,157.36376953125,14,WorldPop R2024B 100m constrained
09c5bf96-cf55-5589-b183-1de2c23718bb,2023-01-08 08:57:00+00:00,21.883995,72.652305,250.0,61.31330871582031,13,WorldPop R2024B 100m constrained
20ab73f4-dd47-57bb-917b-3f6a946aa3d6,2023-01-08 08:57:00+00:00,21.499135,72.98833,250.0,4.153363227844238,1,WorldPop R2024B 100m constrained
78b9faf4-9de1-59ce-b158-5d4744c035a6,2023-01-08 08:57:00+00:00,21.77915,72.61569,250.0,2.5298290252685547,1,WorldPop R2024B 100m constrained
17f6f6f5-3636-555a-9b3c-160c69a54ab0,2023-01-08 21:26:00+00:00,21.90535,72.75705,250.0,164.1837158203125,18,WorldPop R2024B 100m constrained
39ce90dc-2902-5a3f-a234-ff38cff8323d,2023-01-09 08:39:00+00:00,22.09786,72.54313,250.0,0.0,0,WorldPop R2024B 100m constrained
1e11ed86-b0eb-5711-a97a-75fbe7e07e00,2023-01-09 20:16:00+00:00,21.6821514285714,72.5323471428571,250.0,450.1551513671875,21,WorldPop R2024B 100m constrained
d6dc529b-66ce-5a74-b944-81528c39b9b7,2023-01-09 20:16:00+00:00,21.37861,72.79967,250.0,0.0,0,WorldPop R2024B 100m constrained
60c9f08e-02da-54e3-8a7a-2ce6b34f63ae,2023-01-10 08:20:00+00:00,21.44707,72.8073,250.0,62.826988220214844,12,WorldPop R2024B 100m constrained
e4f4db61-bf18-5f07-8787-05e50ecb305e,2023-01-10 21:37:00+00:00,21.36484,72.84721,250.0,25.979341506958008,7,WorldPop R2024B 100m constrained
b576db13-417d-5da3-b2f5-c0339478253e,2023-01-11 08:01:00+00:00,22.08704,72.65562,250.0,0.0,0,WorldPop R2024B 100m constrained
3e1d5990-3f92-5315-a21c-a8fef25366f8,2023-01-11 21:18:00+00:00,21.6823822222222,72.5325277777778,250.0,512.5188598632812,23,WorldPop R2024B 100m constrained
eabfadfb-21da-5e71-8a4d-412bc82e91dd,2023-01-12 07:42:00+00:00,21.4122,72.83345,250.0,28.52480125427246,9,WorldPop R2024B 100m constrained
c1b9aae9-a9d3-5627-bf81-6bb5ae2b9d28,2023-01-12 08:31:00+00:00,21.57868,72.83266,250.0,75.51346588134766,8,WorldPop R2024B 100m constrained
14bbef53-1355-5d67-9f19-a9fef77cae4a,2023-01-13 08:12:00+00:00,21.836495,72.8463875,250.0,112.20023345947266,10,WorldPop R2024B 100m constrained
2a13cb20-ec66-5627-a790-599db8367a52,2023-01-13 08:12:00+00:00,21.71867,72.74928,250.0,113.6123046875,16,WorldPop R2024B 100m constrained
2b945ff6-c239-5a40-b638-cdbbe0958457,2023-01-13 08:12:00+00:00,22.00779,72.93683,250.0,133.82778930664062,13,WorldPop R2024B 100m constrained
2ceafa72-e5ca-54f4-a466-440ca6378ff2,2023-01-13 08:12:00+00:00,22.07781,72.8466175,250.0,365.2399597167969,25,WorldPop R2024B 100m constrained
8aa54cd5-da27-52e3-ab43-d981f6852039,2023-01-13 08:12:00+00:00,21.87299,72.68066,250.0,228.06558227539062,12,WorldPop R2024B 100m constrained
bb060f7f-e436-5612-900e-f608585f1be6,2023-01-13 08:12:00+00:00,22.0037866666667,72.89108,250.0,169.6654510498047,16,WorldPop R2024B 100m constrained
c7dc94b6-f257-5494-ab2b-c886065f8579,2023-01-13 08:12:00+00:00,22.00394,72.94153,250.0,50.5812873840332,15,WorldPop R2024B 100m constrained
e6798210-e741-570c-9241-193ad4fa15a3,2023-01-13 08:12:00+00:00,21.8953633333333,72.9161733333333,250.0,106.96823120117188,11,WorldPop R2024B 100m constrained
f87bb39f-b346-5a0c-a6e3-133ca90ae64d,2023-01-13 08:12:00+00:00,21.98836,72.88863,250.0,75.91521453857422,15,WorldPop R2024B 100m constrained
11a24098-b41a-5bb8-bf1b-3288518277cd,2023-01-13 08:12:00+00:00,22.00392,72.87775,250.0,84.8904800415039,11,WorldPop R2024B 100m constrained
aa8e867c-1744-54c2-89bf-40f5e96db70a,2023-01-13 09:04:00+00:00,21.46958,72.8337,250.0,12.288267135620117,3,WorldPop R2024B 100m constrained
fdb54ef8-e397-5a90-95e8-0c8fe9c3e7b1,2023-01-13 09:04:00+00:00,21.760445,72.620115,250.0,21.76456642150879,3,WorldPop R2024B 100m constrained
5458a16f-829e-5547-a8ae-fe7d281ad689,2023-01-13 20:41:00+00:00,21.47508,72.97594,250.0,29.925399780273438,7,WorldPop R2024B 100m constrained
7bd0ca35-1f0c-5c21-b965-9d69470ae99e,2023-01-13 21:32:00+00:00,21.6833011111111,72.5326088888889,250.0,564.271240234375,24,WorldPop R2024B 100m constrained
56817f18-7070-59b9-a284-8cda2c99cdfb,2023-01-14 07:53:00+00:00,21.72261,72.69061,250.0,41.37982940673828,7,WorldPop R2024B 100m constrained
7beb203f-b637-5911-8b72-f352036ed81c,2023-01-14 07:53:00+00:00,21.986215,72.754035,250.0,0.0,0,WorldPop R2024B 100m constrained
b10c66a3-e414-5f95-8ece-4b23175ee43b,2023-01-14 07:53:00+00:00,21.66186,72.95934,250.0,0.0,0,WorldPop R2024B 100m constrained
2b877a20-ab4b-52b9-ac28-39ab4df5cd47,2023-01-14 08:45:00+00:00,21.54518,72.89423,250.0,2.9911460876464844,1,WorldPop R2024B 100m constrained
8f942dd0-1425-51bf-b518-11722a791b38,2023-01-14 08:45:00+00:00,22.07113,72.67049,250.0,0.0,0,WorldPop R2024B 100m constrained
c8884f1b-45f8-5ea3-aafe-fbaba9615d0e,2023-01-14 08:45:00+00:00,21.75962,72.63911,250.0,0.0,0,WorldPop R2024B 100m constrained
e5a8c1f2-b0ce-52c8-9fc6-a3eee40cc4f1,2023-01-15 07:34:00+00:00,21.486112,72.88431,250.0,0.0,0,WorldPop R2024B 100m constrained
bdf54519-a7ef-59b0-9690-03d02aca5c7c,2023-01-15 08:26:00+00:00,21.70097,72.6794,250.0,0.0,0,WorldPop R2024B 100m constrained
8bdce943-3ede-508d-a053-9b029baa3b8f,2023-01-16 08:07:00+00:00,21.7949,72.65018,250.0,200.07537841796875,13,WorldPop R2024B 100m constrained
bdf2e0d0-0d83-50f8-b7ca-24ec321b2d15,2023-01-16 08:56:00+00:00,21.57229,72.87972,250.0,99.36138153076172,14,WorldPop R2024B 100m constrained
765f5af0-2a37-5ede-a810-9870f78baa0f,2023-01-16 20:36:00+00:00,21.42436,72.96156,250.0,134.4545135498047,10,WorldPop R2024B 100m constrained
0703af0b-675c-50e4-8c65-53ba8328e8ac,2023-01-16 20:36:00+00:00,21.40866,72.980385,250.0,149.1172332763672,19,WorldPop R2024B 100m constrained
ab71d14f-e8e5-5116-90fd-f51e8d09a2eb,2023-01-16 21:25:00+00:00,21.6844633333333,72.53379,250.0,654.72802734375,23,WorldPop R2024B 100m constrained
b4724a5b-ea52-5b7d-9da3-b9c5998de955,2023-01-17 07:49:00+00:00,21.76279,72.73113,250.0,5.838243007659912,2,WorldPop R2024B 100m constrained
7aba8ee9-7b04-5385-82c9-c9cfcd180404,2023-01-17 08:37:00+00:00,21.47234,72.8358,250.0,0.0,0,WorldPop R2024B 100m constrained
fb549b6e-5aa3-5709-8ac6-74b241b9c859,2023-01-17 08:37:00+00:00,22.08465,72.68626,250.0,121.33357238769531,18,WorldPop R2024B 100m constrained
d3969127-8698-559a-955d-0cf4b5b5e5ec,2023-01-18 07:30:00+00:00,21.90655,72.7555,250.0,112.98332214355469,15,WorldPop R2024B 100m constrained
3fa82252-9179-5ec8-be28-e4ee6e70d43f,2023-01-18 08:18:00+00:00,21.56538,72.93382,250.0,7.245523929595947,2,WorldPop R2024B 100m constrained
74870e3e-d95d-5f4b-b761-838844a32d64,2023-01-18 08:18:00+00:00,21.79298,72.64732,250.0,139.49815368652344,14,WorldPop R2024B 100m constrained
dc453d3e-d3a6-59e0-bc43-204d4b488ba7,2023-01-18 08:18:00+00:00,21.38924,72.9163,250.0,0.0,0,WorldPop R2024B 100m constrained
82509c0e-88c2-5507-9e02-1e426feb7469,2023-01-18 20:47:00+00:00,21.78745,72.99504,250.0,26.004329681396484,6,WorldPop R2024B 100m constrained
f8baf306-a919-5daf-a826-9e6d9d5cf9d2,2023-01-18 20:47:00+00:00,21.6326,72.8584,250.0,0.0,0,WorldPop R2024B 100m constrained
409c2a1e-2f02-5efe-bec5-8cd53755c80b,2023-01-19 07:59:00+00:00,21.78373,72.82577,250.0,135.7635955810547,18,WorldPop R2024B 100m constrained
286a611f-6129-5e35-a362-12dc509a859f,2023-01-19 08:51:00+00:00,21.42262,72.86494,250.0,181.0000762939453,18,WorldPop R2024B 100m constrained
afc46904-182b-55aa-9f6b-1f06730b5644,2023-01-19 08:51:00+00:00,21.84232,72.67659,250.0,4.282423973083496,1,WorldPop R2024B 100m constrained
0d968525-d131-5518-bd33-a225c2dfdb5a,2023-01-19 08:51:00+00:00,21.51701,72.70897,250.0,0.0,0,WorldPop R2024B 100m constrained
62540a22-c391-551f-810e-c40f6b9d1a31,2023-01-20 07:41:00+00:00,21.35143,72.79367,250.0,6.587061882019043,2,WorldPop R2024B 100m constrained
942e5f19-4eba-5e3c-b3a4-ba3e71769567,2023-01-20 07:41:00+00:00,21.48541,72.85628,250.0,0.0,0,WorldPop R2024B 100m constrained
fc06ee57-a0c2-5b61-909f-fdc2b2ad664a,2023-01-20 08:32:00+00:00,21.72057,72.71316,250.0,16.19159698486328,2,WorldPop R2024B 100m constrained
2db2eb89-fea8-5961-876d-e6e9691fb35e,2023-01-21 08:14:00+00:00,21.895615,72.9181683333333,250.0,72.0859375,8,WorldPop R2024B 100m constrained
31f699c3-1d67-5dce-a776-af0fe6deb70f,2023-01-21 08:14:00+00:00,22.00339,72.88015,250.0,68.23118591308594,8,WorldPop R2024B 100m constrained
6b8b49ce-2fcf-508f-8718-a3aeedf6def7,2023-01-21 08:14:00+00:00,21.87295,72.68275,250.0,309.206298828125,17,WorldPop R2024B 100m constrained
7082be1a-6a4c-5545-bd73-82c8d75174fb,2023-01-21 08:14:00+00:00,22.00528,72.8918,250.0,137.981201171875,13,WorldPop R2024B 100m constrained
8ac04fa0-5c08-5c0d-aa19-2fe0cafc8440,2023-01-21 08:14:00+00:00,21.9882533333333,72.8869866666667,250.0,75.37242889404297,17,WorldPop R2024B 100m constrained
a5e850be-fe9e-507a-8726-cb9680e8124b,2023-01-21 08:14:00+00:00,21.7424875,72.729915,250.0,0.0,0,WorldPop R2024B 100m constrained
bb7505dd-b701-57f8-a39b-e9e1646d0105,2023-01-21 08:14:00+00:00,21.71309,72.66817,250.0,253.6147003173828,14,WorldPop R2024B 100m constrained
e2c5049d-e648-545a-8932-4d3039fb7f51,2023-01-21 08:14:00+00:00,21.89784,72.89974,250.0,97.00828552246094,14,WorldPop R2024B 100m constrained
e6ac596b-4473-5265-a7f7-661e59287f8d,2023-01-21 08:14:00+00:00,22.007455,72.93736,250.0,167.27577209472656,16,WorldPop R2024B 100m constrained
f628da48-93ae-5b95-9ed0-f37b3649e6ff,2023-01-21 08:14:00+00:00,21.83694,72.84698,250.0,271.9986572265625,15,WorldPop R2024B 100m constrained
b78d717e-85be-5852-8fe9-555933cd6569,2023-01-21 19:50:00+00:00,21.6952175,72.6014925,250.0,493.23431396484375,22,WorldPop R2024B 100m constrained
8427da77-cf50-5f9b-a739-ec5aa764e88f,2023-01-21 20:42:00+00:00,21.906075,72.75474,250.0,96.14582061767578,14,WorldPop R2024B 100m constrained
41d48a36-45c1-5547-b32b-9918e8f6159a,2023-01-21 20:43:00+00:00,21.3517,72.84698,250.0,52.66697311401367,10,WorldPop R2024B 100m constrained
1b07c095-89f7-58b6-9a17-621187e26d49,2023-01-22 07:55:00+00:00,22.08518,72.68188,250.0,15.84004020690918,6,WorldPop R2024B 100m constrained
c4b07a2b-a911-52d9-8f27-9341d29dfc84,2023-01-22 07:55:00+00:00,21.70687,72.72372,250.0,0.0,0,WorldPop R2024B 100m constrained
cceaa398-b1d7-5366-afc4-3b1f846a7199,2023-01-22 07:55:00+00:00,21.72483,72.72026,250.0,181.232177734375,15,WorldPop R2024B 100m constrained
32c07493-f708-5024-af22-acbabf21a81f,2023-01-22 08:43:00+00:00,21.52874,72.79876,250.0,0.0,0,WorldPop R2024B 100m constrained
487f8a20-c957-5d25-9150-3a23e80bf843,2023-01-22 08:43:00+00:00,21.58982,72.88021,250.0,0.0,0,WorldPop R2024B 100m constrained
776dc3c0-6ff7-5489-8057-2c5cbdc0b2a2,2023-01-23 07:36:00+00:00,21.50873,72.87018,250.0,0.0,0,WorldPop R2024B 100m constrained
7a9b5e02-c44f-5211-9923-1ccb75e06ecf,2023-01-23 20:53:00+00:00,21.77784,72.90156,250.0,547.2015991210938,19,WorldPop R2024B 100m constrained
5802dec6-2bef-5b2e-a3d0-b03dd2238c93,2023-01-23 21:45:00+00:00,21.7930566666667,72.6495266666667,250.0,81.97087860107422,9,WorldPop R2024B 100m constrained
11f9599d-9041-5cdf-8ed8-b5ec7b9b8ded,2023-01-24 08:06:00+00:00,21.57076,72.86477,250.0,4.121349811553955,1,WorldPop R2024B 100m constrained
1bb005bb-1ab5-535e-b9b3-b0b41e74f4dc,2023-01-24 08:06:00+00:00,21.82341,72.91341,250.0,0.0,0,WorldPop R2024B 100m constrained
8b6853b1-a40a-503e-8943-2bfa56b579de,2023-01-24 08:58:00+00:00,21.76387,72.71995,250.0,0.0,0,WorldPop R2024B 100m constrained
d1dc3835-51fb-5522-af62-0ef0f770e36a,2023-01-24 08:58:00+00:00,21.711855,72.78166,250.0,200.8284912109375,25,WorldPop R2024B 100m constrained
966e69aa-d192-5272-9d69-efc001aefd5f,2023-01-24 20:35:00+00:00,21.56265,72.91698,250.0,298.7533264160156,21,WorldPop R2024B 100m constrained
ae60a86c-344d-52cc-af89-4329d110ef98,2023-01-24 20:35:00+00:00,21.53903,72.85766,250.0,22.543663024902344,4,WorldPop R2024B 100m constrained
c898b776-1235-5599-8bb4-5358bcffbf0f,2023-01-24 20:35:00+00:00,21.37984,72.9612,250.0,683.1458740234375,20,WorldPop R2024B 100m constrained
9405264f-353f-5ad7-a6b1-e1d39b3af239,2023-01-25 07:47:00+00:00,21.75963,72.6706025,250.0,0.0,0,WorldPop R2024B 100m constrained
ffef2904-8db4-5c9a-9fdf-16b830855fb9,2023-01-25 07:47:00+00:00,22.0437133333333,72.5445733333333,250.0,0.0,0,WorldPop R2024B 100m constrained
09ba9899-38e9-5806-bb63-36b3b3c06a04,2023-01-25 08:39:00+00:00,21.683215,72.95203,250.0,165.01815795898438,18,WorldPop R2024B 100m constrained
400e59a8-7439-5222-a6f7-6e032b652b9b,2023-01-25 08:39:00+00:00,21.43301,72.86276,250.0,0.0,0,WorldPop R2024B 100m constrained
f24b158c-324d-57ef-beb6-a09a59f484f0,2023-01-25 21:07:00+00:00,22.02886,72.81147,250.0,0.0,0,WorldPop R2024B 100m constrained
7505f5f1-24b8-519c-8d8f-450780aa55d9,2023-01-26 08:20:00+00:00,21.49747,72.95181,250.0,2.5783228874206543,1,WorldPop R2024B 100m constrained
e2853cc1-b283-53fb-896c-493921f6d1c0,2023-01-26 08:20:00+00:00,21.55627,72.89219,250.0,6.312417030334473,3,WorldPop R2024B 100m constrained
0bc28d85-7aec-55ad-9b85-08fc4b9de34d,2023-01-26 20:49:00+00:00,21.68693,72.53511,250.0,672.2896728515625,25,WorldPop R2024B 100m constrained
3542465f-cff7-594b-9832-e320f0da65a0,2023-01-27 08:01:00+00:00,21.46984,72.83602,250.0,21.024173736572266,6,WorldPop R2024B 100m constrained
6474146a-0534-540d-8d7d-350e39735de6,2023-01-28 21:00:00+00:00,21.90861,72.6813,250.0,77.08284759521484,12,WorldPop R2024B 100m constrained
54630b30-6612-5a1d-869f-fbd0712b1199,2023-01-29 08:12:00+00:00,22.00241,72.89261,250.0,74.88578796386719,7,WorldPop R2024B 100m constrained
703b7df2-145d-59fd-9ccb-4dc1ea1bfe52,2023-01-29 08:12:00+00:00,21.99041,72.88287,250.0,102.43136596679688,11,WorldPop R2024B 100m constrained
e7140fa9-9671-5031-bdfc-b666564926f0,2023-01-29 08:12:00+00:00,21.89796,72.89965,250.0,97.00828552246094,14,WorldPop R2024B 100m constrained
f74b1930-8de4-5c87-b8d8-2076d090d02a,2023-01-29 20:41:00+00:00,21.56807,72.79839,250.0,0.0,0,WorldPop R2024B 100m constrained
b94e0bff-fe67-58ad-9501-b8075ef5f8e1,2023-01-30 07:53:00+00:00,21.3989,72.78696,250.0,3.2629449367523193,1,WorldPop R2024B 100m constrained
e53af563-b0c7-5a25-bff6-c265db0241c2,2023-01-30 08:45:00+00:00,22.05387,72.74308,250.0,0.0,0,WorldPop R2024B 100m constrained
04aa6567-5e2c-50b0-8cc8-941395cfdae5,2023-01-31 08:26:00+00:00,21.854735,72.65323,250.0,0.0,0,WorldPop R2024B 100m constrained
74c5c5bd-5468-5105-b380-96a218ac9694,2023-01-31 09:15:00+00:00,21.85054,72.65774,250.0,3.6554880142211914,1,WorldPop R2024B 100m constrained
4074802a-7b10-52c6-a055-11582761756e,2023-01-31 20:55:00+00:00,21.68148,72.53374,250.0,506.8335876464844,20,WorldPop R2024B 100m constrained
c3adb276-ebbf-5f83-b91b-30dbc87a22be,2023-02-01 08:07:00+00:00,21.49678,72.85101,250.0,0.0,0,WorldPop R2024B 100m constrained
ec5042b4-eb65-5bb9-8227-ec58c35fafdc,2023-02-01 08:07:00+00:00,21.49918,72.95161,250.0,0.0,0,WorldPop R2024B 100m constrained
0c26f4b8-aff1-59d7-a983-0b46cf3a8ff1,2023-02-01 08:07:00+00:00,21.98097,72.771,250.0,3.1022229194641113,1,WorldPop R2024B 100m constrained
2f354b9d-ed8a-5b6e-99ff-ece1468fbdb6,2023-02-01 20:36:00+00:00,21.58304,72.98816,250.0,39.945743560791016,6,WorldPop R2024B 100m constrained
0713716b-547b-581f-8fb5-dda218861174,2023-02-01 20:36:00+00:00,21.48194,72.96504,250.0,29.245079040527344,8,WorldPop R2024B 100m constrained
471c3aea-6e4b-5391-b56b-5f8330eff5c9,2023-02-02 07:49:00+00:00,22.0230125,72.7703075,250.0,0.0,0,WorldPop R2024B 100m constrained
5631fee7-7031-58be-ab8e-d2fedd8e96b6,2023-02-02 08:37:00+00:00,21.48386,72.87656,250.0,0.0,0,WorldPop R2024B 100m constrained
5a5698e1-68f3-58c4-bb3b-b663a5ffeb28,2023-02-02 08:37:00+00:00,21.74918,72.68526,250.0,216.2100372314453,15,WorldPop R2024B 100m constrained
656309a5-8133-5b02-b1d2-c975aaaac121,2023-02-02 08:37:00+00:00,21.50242,72.83791,250.0,0.0,0,WorldPop R2024B 100m constrained
ee1abfb8-8858-57fc-8406-857a473c3fe3,2023-02-02 08:37:00+00:00,21.51644,72.82566,250.0,49.35928726196289,10,WorldPop R2024B 100m constrained
13177769-0995-55f2-a60f-260b81c94240,2023-02-02 08:37:00+00:00,21.4985,72.90031,250.0,1.395961046218872,1,WorldPop R2024B 100m constrained
a1e6cb85-8a10-572b-a736-0270d5b51ddd,2023-02-03 07:30:00+00:00,21.545095,72.943495,250.0,39.94941711425781,5,WorldPop R2024B 100m constrained
84f844ad-f8eb-5d16-9fbb-5dedcf4519c4,2023-02-03 08:18:00+00:00,21.72125,72.71183,250.0,72.67904663085938,8,WorldPop R2024B 100m constrained
79b82310-524e-5d2d-b184-c364fd9e10ae,2023-02-03 09:10:00+00:00,21.35619,72.972795,250.0,39.905704498291016,5,WorldPop R2024B 100m constrained
89fff054-8988-5ba0-a0a7-5781627907a5,2023-02-03 19:58:00+00:00,21.6927975,72.6605725,250.0,23.600122451782227,6,WorldPop R2024B 100m constrained
206a7d56-71d3-568b-b227-4d1a7ec20327,2023-02-04 07:59:00+00:00,21.50888,72.889155,250.0,0.0,0,WorldPop R2024B 100m constrained
50146fff-fca8-5dc4-9282-cf0304bc0586,2023-02-04 07:59:00+00:00,21.5638,72.9408266666667,250.0,3.8088629245758057,1,WorldPop R2024B 100m constrained
75d64e75-c25f-505a-b6f0-2c7440f9d033,2023-02-04 08:51:00+00:00,21.383295,72.83653,250.0,7.671172142028809,2,WorldPop R2024B 100m constrained
fbc2e49e-f9d9-55ab-ac99-7290fc59b655,2023-02-04 08:51:00+00:00,21.51433,72.87807,250.0,0.0,0,WorldPop R2024B 100m constrained
2237e463-f8b8-56e8-a258-966a5f82009f,2023-02-05 07:41:00+00:00,21.7411225,72.6092825,250.0,0.0,0,WorldPop R2024B 100m constrained
5c011733-421e-560e-99fa-b196b511f826,2023-02-05 07:41:00+00:00,21.73465,72.73579,250.0,15.60792350769043,4,WorldPop R2024B 100m constrained
755cb384-5218-5e51-8668-07089c5343d0,2023-02-05 07:41:00+00:00,21.98032,72.78304,250.0,0.0,0,WorldPop R2024B 100m constrained
ff8146f7-2a94-572a-80d3-94787490b6d7,2023-02-05 07:41:00+00:00,22.0332033333333,72.7529433333333,250.0,0.0,0,WorldPop R2024B 100m constrained
714bc233-858d-5ea7-8a10-789aa2eed3b4,2023-02-05 08:33:00+00:00,21.71656,72.69956,250.0,10.116661071777344,2,WorldPop R2024B 100m constrained
87131702-8e5b-54e3-bf68-cbeabc4f3e6c,2023-02-05 21:01:00+00:00,21.74843,72.607355,250.0,0.0,0,WorldPop R2024B 100m constrained
670e8394-4d2b-5e78-9975-627d374450e1,2023-02-06 07:22:00+00:00,21.717045,72.762075,250.0,174.40003967285156,18,WorldPop R2024B 100m constrained
215ed899-3078-5261-90ba-a624affddc53,2023-02-06 08:14:00+00:00,21.89816,72.90077,250.0,113.19035339355469,17,WorldPop R2024B 100m constrained
61773197-a3a1-5556-b5ab-feb20b6c570c,2023-02-07 07:55:00+00:00,21.494915,72.859715,250.0,0.0,0,WorldPop R2024B 100m constrained
6489f464-8386-5376-b1bb-5f5ad415ad37,2023-02-07 07:55:00+00:00,21.83943,72.8227,250.0,0.0,0,WorldPop R2024B 100m constrained
deba6a2f-5e1d-56de-a125-0015527dd933,2023-02-07 07:55:00+00:00,21.479,72.75379,250.0,0.0,0,WorldPop R2024B 100m constrained
404203e3-07a1-5875-862b-97c8eab29171,2023-02-07 08:43:00+00:00,21.42721,72.7096366666667,250.0,0.0,0,WorldPop R2024B 100m constrained
70c26393-3715-5903-97ac-40aa2f19a480,2023-02-07 08:43:00+00:00,21.62119,72.925025,250.0,34.5118522644043,6,WorldPop R2024B 100m constrained
147c670d-3342-5205-93ed-8947bbee21e0,2023-02-08 07:36:00+00:00,21.72677,72.66948,250.0,173.8243865966797,18,WorldPop R2024B 100m constrained
2c7288f7-bd67-51b3-871b-eb0044861a8e,2023-02-08 07:36:00+00:00,21.617725,72.828705,250.0,0.0,0,WorldPop R2024B 100m constrained
bd2407e7-4fa3-5f2e-af3f-cfe16cc4319b,2023-02-08 07:36:00+00:00,22.09622,72.57086,250.0,0.0,0,WorldPop R2024B 100m constrained
653ab11a-7c66-5cc6-857f-e474b75e23bb,2023-02-08 08:24:00+00:00,21.44031,72.72939,250.0,2.6838622093200684,3,WorldPop R2024B 100m constrained
770aee7b-afac-5759-a011-c22b3d8d8268,2023-02-08 08:24:00+00:00,21.38459,72.98288,250.0,2.6882829666137695,2,WorldPop R2024B 100m constrained
9b553d8c-3d60-591a-88b6-80ea187a2364,2023-02-08 08:24:00+00:00,21.49399,72.91815,250.0,0.0,0,WorldPop R2024B 100m constrained
d1809578-a677-541d-b9a9-f2a99248e0e1,2023-02-08 20:53:00+00:00,21.59236,72.9996,250.0,427.8901062011719,12,WorldPop R2024B 100m constrained
5b5ef62c-68fb-5016-80be-c754c649764a,2023-02-09 08:58:00+00:00,21.39667,72.83685,250.0,0.0,0,WorldPop R2024B 100m constrained
9d489a12-95a3-519f-bac3-02e022f977c9,2023-02-09 08:58:00+00:00,21.72003,72.69003,250.0,114.1907958984375,19,WorldPop R2024B 100m constrained
ea8111f2-6f3b-5098-a303-f47e1214fe2f,2023-02-09 08:58:00+00:00,21.71131,72.70767,250.0,68.36585235595703,11,WorldPop R2024B 100m constrained
b9944ca4-6abb-5f9d-9f2b-96bb544498e4,2023-02-09 21:26:00+00:00,21.905795,72.756025,250.0,166.95840454101562,22,WorldPop R2024B 100m constrained
56ecd667-6052-5be7-b9b6-774b93e49805,2023-02-10 07:47:00+00:00,21.79711375,72.60426125,250.0,0.0,0,WorldPop R2024B 100m constrained
e59f3867-ac35-5057-82a3-2ed7fb23659d,2023-02-10 07:47:00+00:00,21.3589,72.71238,250.0,0.0,0,WorldPop R2024B 100m constrained
e5feda21-dee6-5818-824c-db6a2fab07ff,2023-02-10 07:47:00+00:00,21.8159,72.66235,250.0,81.2032470703125,14,WorldPop R2024B 100m constrained
78cfce10-4404-531e-a6e8-5445306a24bd,2023-02-10 08:39:00+00:00,22.04022,72.74368,250.0,0.0,0,WorldPop R2024B 100m constrained
c15cff6b-7c87-5fda-953b-42892605d871,2023-02-10 08:39:00+00:00,22.05196,72.73793,250.0,0.0,0,WorldPop R2024B 100m constrained
e520b7c9-895f-520d-ab7b-602d58fe157b,2023-02-10 08:39:00+00:00,21.80255,72.60294,250.0,0.0,0,WorldPop R2024B 100m constrained
ec14b270-6ca7-5a79-bb8e-1e80487b67b8,2023-02-10 08:39:00+00:00,22.08337,72.64565,250.0,0.0,0,WorldPop R2024B 100m constrained
3449e1c1-185d-52ba-9d51-d65025c2c97b,2023-02-11 08:20:00+00:00,21.46939,72.92574,250.0,3.545996904373169,1,WorldPop R2024B 100m constrained
3f8738c8-7ce5-5b10-8078-515e122dea66,2023-02-11 08:20:00+00:00,21.59945,72.82298,250.0,6.80938720703125,3,WorldPop R2024B 100m constrained
ad1524c7-7a41-5d20-bd55-212fd542260d,2023-02-11 08:20:00+00:00,21.43229,72.98949,250.0,0.0,0,WorldPop R2024B 100m constrained
722fa9d3-09e4-5913-b3b5-bfc2e8a54049,2023-02-11 09:08:00+00:00,21.47401,72.90405,250.0,15.063191413879395,6,WorldPop R2024B 100m constrained
12bddc12-6d54-53c4-84be-84e930d5c33f,2023-02-12 08:01:00+00:00,21.95097,72.79163,250.0,13.65933895111084,3,WorldPop R2024B 100m constrained
73f0a2da-290a-5a48-ac8b-e468ad6a5f40,2023-02-12 08:01:00+00:00,21.51458,72.83131,250.0,4.87130880355835,2,WorldPop R2024B 100m constrained
d851c780-3510-56b6-8f02-e630da0370db,2023-02-12 08:01:00+00:00,21.52833,72.90647,250.0,0.0,0,WorldPop R2024B 100m constrained
5ea4faa0-e659-5950-a9d3-5da952aa49a5,2023-02-12 08:50:00+00:00,21.97581,72.7523,250.0,0.0,0,WorldPop R2024B 100m constrained
70c40d79-0fda-564c-aeb7-ee2af4270e72,2023-02-12 08:50:00+00:00,22.0995,72.7768,250.0,0.0,0,WorldPop R2024B 100m constrained
9e67eaff-6ce0-5c19-b960-eb457f048b0a,2023-02-12 20:30:00+00:00,21.40681,72.98162,250.0,91.0552978515625,18,WorldPop R2024B 100m constrained
d0bfa7b7-fae6-5e00-8adf-ff349000ce95,2023-02-12 20:30:00+00:00,21.43132,72.97481,250.0,0.0,0,WorldPop R2024B 100m constrained
3c10bb52-bed7-5545-a00c-d485efeff140,2023-02-13 07:42:00+00:00,21.56652,72.875445,250.0,0.0,0,WorldPop R2024B 100m constrained
9311d4c4-e4c3-57d4-903f-2f227f60a3e2,2023-02-13 07:42:00+00:00,21.954225,72.5866225,250.0,0.0,0,WorldPop R2024B 100m constrained
03395688-1879-5fb9-997e-2e8ac7b42e3d,2023-02-13 08:31:00+00:00,21.88873,72.78185,250.0,139.6790008544922,18,WorldPop R2024B 100m constrained
517a1aa7-8cc6-5d73-8650-93bcb592986f,2023-02-13 08:31:00+00:00,21.45051,72.79438,250.0,95.2602767944336,14,WorldPop R2024B 100m constrained
b23bb660-66eb-5e05-abf1-ec8eb84bece0,2023-02-13 08:31:00+00:00,21.40207,72.78039,250.0,16.363910675048828,3,WorldPop R2024B 100m constrained
b003f919-5c98-5c1a-8ee1-8f4e7aefa438,2023-02-14 07:24:00+00:00,21.708325,72.68205,250.0,0.0,0,WorldPop R2024B 100m constrained
5f533519-13a3-55b7-aad1-72746080d119,2023-02-14 08:12:00+00:00,21.49969,72.74296,250.0,0.0,0,WorldPop R2024B 100m constrained
6c0c0238-0903-5443-9d76-ae6ca1247dac,2023-02-14 08:12:00+00:00,21.39444,72.76616,250.0,0.0,0,WorldPop R2024B 100m constrained
e344bc29-e2e4-5e93-876f-2a9a6f5e9093,2023-02-14 09:04:00+00:00,21.590155,72.92626,250.0,0.0,0,WorldPop R2024B 100m constrained
84002dc0-406f-55d3-86ef-64f34ddd243b,2023-02-14 19:52:00+00:00,21.540205,72.81843,250.0,256.9802551269531,21,WorldPop R2024B 100m constrained
bce6e85f-798c-5197-99d2-40988ea06258,2023-02-14 20:41:00+00:00,21.907025,72.7558,250.0,106.49148559570312,14,WorldPop R2024B 100m constrained
2e224c5f-2384-5b22-bd00-82d0a079a591,2023-02-15 07:53:00+00:00,21.3731466666667,72.77363,250.0,16.89986228942871,5,WorldPop R2024B 100m constrained
d105faa5-e9b6-5c33-9194-758713adcd30,2023-02-15 07:53:00+00:00,21.861335,72.64645,250.0,0.0,0,WorldPop R2024B 100m constrained
e694b590-6b5d-5a1a-8942-02edeb0f6dad,2023-02-15 07:53:00+00:00,21.77397,72.90605,250.0,16.433433532714844,4,WorldPop R2024B 100m constrained
4e8377d8-5a92-5c82-ba66-94ea1079c47f,2023-02-15 08:45:00+00:00,21.5431366666667,72.8832,250.0,0.0,0,WorldPop R2024B 100m constrained
7586c5bf-6b60-54a2-9f88-67d47e7fcfab,2023-02-15 08:45:00+00:00,22.02325,72.55057,250.0,0.0,0,WorldPop R2024B 100m constrained
cbfa8256-f69e-5042-ac81-7c2a98cf5d66,2023-02-16 20:03:00+00:00,21.699485,72.70421,250.0,8.877165794372559,3,WorldPop R2024B 100m constrained
103da57b-e3d7-59a9-9e45-94b193661859,2023-02-17 08:07:00+00:00,21.824795,72.70733,250.0,3.0523500442504883,1,WorldPop R2024B 100m constrained
726a1f2d-2602-511d-960b-824bd83f0668,2023-02-17 08:56:00+00:00,21.56124,72.8101,250.0,0.0,0,WorldPop R2024B 100m constrained
10a60c07-f975-5858-a4ff-9f2498414ebf,2023-02-17 20:36:00+00:00,21.89061,72.78018,250.0,107.61430358886719,16,WorldPop R2024B 100m constrained
7117529f-2943-5c5c-ac2c-c175b4e24801,2023-02-17 20:36:00+00:00,21.74615,72.780544,250.0,0.0,0,WorldPop R2024B 100m constrained
73095098-543e-5a42-8ebe-7d3010db5765,2023-02-17 20:36:00+00:00,21.36032,72.83225,250.0,0.0,0,WorldPop R2024B 100m constrained
95e99ff2-889e-5af8-9731-a5bf1dad3c69,2023-02-17 20:36:00+00:00,21.698495,72.70458,250.0,25.4183349609375,6,WorldPop R2024B 100m constrained
2bf4bfdd-60e4-5e4f-a557-3fdfb3d0fd66,2023-02-17 21:25:00+00:00,21.45167,72.95957,250.0,0.0,0,WorldPop R2024B 100m constrained
49854ee7-5332-5000-95fb-900ae5f29b9e,2023-02-18 08:37:00+00:00,21.51575,72.96615,250.0,0.0,0,WorldPop R2024B 100m constrained
4fac3c2b-1cfa-5b73-831f-d7da6d05a162,2023-02-18 08:37:00+00:00,21.76208,72.63585,250.0,0.0,0,WorldPop R2024B 100m constrained
2803b1ce-b42e-5657-a978-c61072098ef8,2023-02-19 08:18:00+00:00,21.37794,72.87722,250.0,132.04421997070312,18,WorldPop R2024B 100m constrained
78485c0c-8c7e-5390-b06a-c3307cc64a8b,2023-02-19 20:47:00+00:00,21.90557,72.75546,250.0,134.18182373046875,18,WorldPop R2024B 100m constrained
98996d4a-8d07-542c-bf89-4678d7e9a162,2023-02-19 20:47:00+00:00,21.44311,72.85961,250.0,0.0,0,WorldPop R2024B 100m constrained
3fa72574-1b06-5029-b1d2-14c60ad694c7,2023-02-20 07:59:00+00:00,21.78204,72.72505,250.0,0.0,0,WorldPop R2024B 100m constrained
46cb21ee-7387-5f8d-9283-dabfa40e9fc6,2023-02-20 07:59:00+00:00,21.75608,72.66959,250.0,14.917256355285645,4,WorldPop R2024B 100m constrained
28d0bd15-39a4-559f-a4a7-57d77b493828,2023-02-20 08:00:00+00:00,22.09398,72.55392,250.0,90.51061248779297,17,WorldPop R2024B 100m constrained
99ae35f7-e5b0-5989-8a8a-521c4f9d2896,2023-02-20 08:51:00+00:00,21.49439,72.81983,250.0,0.0,0,WorldPop R2024B 100m constrained
30875261-7070-5428-80fe-0986bf5d83c7,2023-02-21 07:41:00+00:00,21.4828166666667,72.8741333333333,250.0,0.0,0,WorldPop R2024B 100m constrained
d28e51d3-2c6f-51fa-8017-2c8d3bd763a0,2023-02-21 07:41:00+00:00,21.375225,72.681525,250.0,73.17265319824219,11,WorldPop R2024B 100m constrained
f5ba8e43-5708-55f0-9f4b-e8f61b4bf7b7,2023-02-22 20:43:00+00:00,21.56074,72.79625,250.0,0.0,0,WorldPop R2024B 100m constrained
753e9eb4-a646-5855-b233-7d4cacc772a4,2023-02-22 21:31:00+00:00,21.90814,72.75647,250.0,65.85138702392578,10,WorldPop R2024B 100m constrained
5be0b826-16d7-51bf-bd07-e869b9d87f21,2023-02-23 07:55:00+00:00,21.770535,72.78091,250.0,0.0,0,WorldPop R2024B 100m constrained
850472fe-b3f7-5a86-8a82-a21d7b37a535,2023-02-23 07:55:00+00:00,21.63448,72.88708,250.0,3.3041670322418213,2,WorldPop R2024B 100m constrained
3a85a381-00c0-59c6-9134-562a75ee278f,2023-02-23 08:43:00+00:00,21.72557,72.72604,250.0,25.841167449951172,4,WorldPop R2024B 100m constrained
a201917f-f0c3-59e3-bc75-e5a569ca7082,2023-02-23 08:43:00+00:00,21.45132,72.87793,250.0,4.0699028968811035,1,WorldPop R2024B 100m constrained
20aeaef7-b5ca-53c7-8002-91e854158328,2023-02-23 21:12:00+00:00,21.39717,72.94614,250.0,582.7615356445312,20,WorldPop R2024B 100m constrained
1ffaf3f5-00dc-5abf-990a-294f736e56b3,2023-02-24 08:25:00+00:00,21.42994,72.70387,250.0,0.0,0,WorldPop R2024B 100m constrained
19c310c2-7269-55d6-9806-127b14400d0a,2023-02-25 08:58:00+00:00,21.94908,72.9414,250.0,14.768198013305664,6,WorldPop R2024B 100m constrained
1a1c6f40-6042-51d7-8f98-20fed7535b1d,2023-02-25 08:58:00+00:00,21.63624,72.94214,250.0,43.13269805908203,3,WorldPop R2024B 100m constrained
0b175081-a96d-5b7e-87f1-c98b4f68ec6a,2023-02-25 20:35:00+00:00,21.43186,72.97554,250.0,4.608419895172119,1,WorldPop R2024B 100m constrained
ac1315f7-203c-5be3-a614-aa03d737fccd,2023-02-26 07:47:00+00:00,21.4714,72.74886,250.0,38.62559509277344,16,WorldPop R2024B 100m constrained
cb5ac3bb-8b79-52f7-bf15-932318b57ca7,2023-02-26 07:47:00+00:00,21.55086,72.8461,250.0,0.0,0,WorldPop R2024B 100m constrained
340a4094-ce0d-570b-b907-0e792a3c85ef,2023-02-26 08:39:00+00:00,21.7504266666667,72.6195633333333,250.0,0.0,0,WorldPop R2024B 100m constrained
d31c8111-0682-56dc-93eb-463c31ea3d27,2023-02-26 08:39:00+00:00,21.68441,72.682435,250.0,0.0,0,WorldPop R2024B 100m constrained
da45551c-6938-53ea-a0e9-6d1b8b240b9f,2023-02-26 08:39:00+00:00,21.77131,72.71046,250.0,6.513299942016602,2,WorldPop R2024B 100m constrained
45830cc4-f1c0-5ab3-877c-d94cee84a4d2,2023-02-26 21:08:00+00:00,21.36749,72.754915,250.0,4.189945220947266,1,WorldPop R2024B 100m constrained
03945895-e913-5aad-82f8-a9b754394ea8,2023-02-27 08:20:00+00:00,21.47219,72.96145,250.0,445.7806701660156,19,WorldPop R2024B 100m constrained
3bf908a6-25a9-5ba9-a73c-94cc940d91f2,2023-02-27 08:20:00+00:00,21.79334,72.64954,250.0,123.69007110595703,12,WorldPop R2024B 100m constrained
f62abf48-6ee9-5deb-b4f7-315e85ad3419,2023-02-27 08:20:00+00:00,21.52219,72.80067,250.0,0.0,0,WorldPop R2024B 100m constrained
5a6af671-8fd3-5789-9732-7d830c009a8e,2023-02-27 09:09:00+00:00,21.52388,72.93277,250.0,0.0,0,WorldPop R2024B 100m constrained
7904f3e7-990a-5475-98e3-e021083d5e06,2023-02-27 09:09:00+00:00,21.74614,72.666615,250.0,448.132568359375,26,WorldPop R2024B 100m constrained
6bfd8e84-91ba-5aa7-b308-382ec09c0e4e,2023-02-27 20:49:00+00:00,21.84007,72.88088,250.0,0.0,0,WorldPop R2024B 100m constrained
f29d0d9a-b00e-59ec-a269-489c8a221e99,2023-02-27 20:49:00+00:00,21.496,72.85112,250.0,0.0,0,WorldPop R2024B 100m constrained
231363a9-61ba-5163-9de7-b5838a802da8,2023-02-28 08:01:00+00:00,21.48164,72.93812,250.0,0.0,0,WorldPop R2024B 100m constrained
8cf45a59-d661-5dc2-9733-c4ea38ee81c1,2023-02-28 08:01:00+00:00,21.76782,72.6278,250.0,106.80633544921875,11,WorldPop R2024B 100m constrained
e8ef49da-acbb-5c0e-9e50-d062d1908f40,2023-02-28 08:01:00+00:00,21.73618,72.595965,250.0,9.755952835083008,2,WorldPop R2024B 100m constrained
d4645801-d450-59fb-add9-6ee2ce3526cc,2023-02-28 20:30:00+00:00,21.36662,72.82481,250.0,0.0,0,WorldPop R2024B 100m constrained
0e118d1c-37cd-579c-add0-3a1d03127201,2023-03-01 07:42:00+00:00,21.89186,72.77994,250.0,60.064300537109375,11,WorldPop R2024B 100m constrained
25d37c91-ff9a-513b-8e8c-42a1bf6b1201,2023-03-01 20:11:00+00:00,21.42484,72.99724,250.0,0.0,0,WorldPop R2024B 100m constrained
cd6c28fa-376b-52a5-8a44-b259c1b41ed9,2023-03-02 08:12:00+00:00,21.74455,72.66047,250.0,186.16531372070312,17,WorldPop R2024B 100m constrained
1846ccce-c736-5d52-b8eb-2d1c19f48e5f,2023-03-02 09:04:00+00:00,21.686425,72.6563,250.0,399.3459167480469,20,WorldPop R2024B 100m constrained
b8fa2510-f56d-512d-83af-c1aae2f1d2b3,2023-03-02 09:04:00+00:00,21.76324,72.72763,250.0,0.0,0,WorldPop R2024B 100m constrained
0097af7c-8fc5-5424-97b2-ad37f9251233,2023-03-02 09:04:00+00:00,21.47981,72.70811,250.0,0.0,0,WorldPop R2024B 100m constrained
4a057768-b091-5899-b3fb-d58a1c34ba4f,2023-03-02 20:41:00+00:00,21.82683,72.92191,250.0,6.261318206787109,2,WorldPop R2024B 100m constrained
d81189a8-68cb-5233-8451-2c2a7ecfdb36,2023-03-02 20:41:00+00:00,21.90786,72.75674,250.0,106.30618286132812,13,WorldPop R2024B 100m constrained
42d27fa6-d6a7-54e6-85a7-879eb2cf42c3,2023-03-03 07:53:00+00:00,21.6105,72.88701,250.0,0.0,0,WorldPop R2024B 100m constrained
e892f0e1-af93-55e2-9a08-172ff1c9e726,2023-03-03 07:53:00+00:00,21.36609,72.9836,250.0,157.8474578857422,16,WorldPop R2024B 100m constrained
ec17f38f-bcc7-5cb4-80ba-374403d0a0b0,2023-03-03 07:53:00+00:00,21.9476,72.88827,250.0,0.0,0,WorldPop R2024B 100m constrained
51fbe2c2-e739-58a9-ac90-5ae8dba4f1ff,2023-03-03 07:54:00+00:00,22.07509,72.25737,250.0,20.44173240661621,9,WorldPop R2024B 100m constrained
2106d6c2-de22-58e7-a8cc-b67cae383e90,2023-03-03 08:45:00+00:00,21.36139,72.67448,250.0,249.54493713378906,21,WorldPop R2024B 100m constrained
07128cb3-e3a6-57c7-8da6-72c8bf68c843,2023-03-04 07:35:00+00:00,21.72738,72.701245,250.0,77.40624237060547,11,WorldPop R2024B 100m constrained
15769232-da93-5a75-b757-6a0994b7df4e,2023-03-04 07:35:00+00:00,21.5613,72.9749,250.0,7.98420524597168,2,WorldPop R2024B 100m constrained
83fc767b-87ec-5f82-919e-eedf63ebc607,2023-03-04 07:35:00+00:00,21.62551,72.86694,250.0,5.063912868499756,2,WorldPop R2024B 100m constrained
c0afd5fb-10dc-5520-8924-a32b89abf089,2023-03-04 07:35:00+00:00,21.4579766666667,72.94,250.0,632.9342041015625,22,WorldPop R2024B 100m constrained
e1b66602-ad1f-56e2-91fe-cbd87e92911a,2023-03-04 07:35:00+00:00,21.682485,72.63441,250.0,0.0,0,WorldPop R2024B 100m constrained
3565b70b-9a1a-5add-9cc2-6468adbee62b,2023-03-04 08:26:00+00:00,21.42994,72.89854,250.0,146.02711486816406,15,WorldPop R2024B 100m constrained
6156e31e-4ac2-5f5b-8e7f-fbe56ee70dbc,2023-03-04 08:26:00+00:00,21.49875,72.92228,250.0,0.0,0,WorldPop R2024B 100m constrained
818a9ed7-47c4-5951-960c-f55ba82e66f5,2023-03-04 08:26:00+00:00,21.43983,72.70671,250.0,0.0,0,WorldPop R2024B 100m constrained
7c251ab8-9a90-5db1-9e4f-17278f519386,2023-03-04 09:15:00+00:00,21.920795,72.707775,250.0,89.7131576538086,18,WorldPop R2024B 100m constrained
d6fda513-f0ba-534b-b49c-1eb6ab2d589b,2023-03-04 20:03:00+00:00,21.9249128571429,72.5552985714286,250.0,5.728729248046875,2,WorldPop R2024B 100m constrained
42be19e7-63e0-579a-bdfe-88960155aa7e,2023-03-04 20:55:00+00:00,22.00084,72.54932,250.0,7.152094841003418,4,WorldPop R2024B 100m constrained
8ec6bc99-1229-5085-ae97-07b72f7f1eaa,2023-03-04 20:55:00+00:00,21.9591675,72.551765,250.0,0.0,0,WorldPop R2024B 100m constrained
816c5912-4580-5179-810d-4f9b15b417ad,2023-03-05 08:07:00+00:00,21.3927,72.67105,250.0,2.6931889057159424,1,WorldPop R2024B 100m constrained
b94d4a7c-cf95-5882-aa05-26bd6a8c7cec,2023-03-05 08:07:00+00:00,21.73153,72.80164,250.0,0.0,0,WorldPop R2024B 100m constrained
fb414384-0bc3-5aa9-b7fb-49a80ab2c562,2023-03-05 08:07:00+00:00,21.35009,72.7837,250.0,0.0,0,WorldPop R2024B 100m constrained
fbf8af5f-9d8d-5f67-8ba6-e365ed0f218d,2023-03-05 08:07:00+00:00,21.4276,72.69402,250.0,8.709138870239258,4,WorldPop R2024B 100m constrained
43e8583f-2b8c-5c18-a504-269788c2762c,2023-03-05 08:08:00+00:00,21.92612,72.67183,250.0,0.0,0,WorldPop R2024B 100m constrained
25544117-649c-5ff2-b1a6-d07c5a942b1a,2023-03-05 20:36:00+00:00,21.72814,72.75346,250.0,363.4371032714844,18,WorldPop R2024B 100m constrained
53cc7759-29a4-5492-af5f-95e686e142ed,2023-03-05 20:36:00+00:00,21.57386,72.95625,250.0,0.0,0,WorldPop R2024B 100m constrained
65749899-a02a-52ee-9737-a2c8f7dd52cf,2023-03-05 20:36:00+00:00,21.4338166666667,72.9762566666667,250.0,32.552738189697266,4,WorldPop R2024B 100m constrained
a8ea3ead-3a8f-5c1f-95ad-53ebbea2db8d,2023-03-05 20:36:00+00:00,21.48952,72.73391,250.0,0.0,0,WorldPop R2024B 100m constrained
0902b22a-b65a-54a1-846f-ec02463903e8,2023-03-06 07:49:00+00:00,22.02023,72.72057,250.0,0.0,0,WorldPop R2024B 100m constrained
72807c92-5c84-5e03-97a3-f4cc65123ff4,2023-03-06 07:49:00+00:00,21.7401925,72.61064,250.0,12.325798988342285,3,WorldPop R2024B 100m constrained
89ed2535-9ce8-5d02-87f4-e1301f3e286d,2023-03-06 07:49:00+00:00,21.82482,72.65887,250.0,273.0554504394531,20,WorldPop R2024B 100m constrained
d7f121aa-911b-5647-ba7e-26c80ba8e715,2023-03-06 21:06:00+00:00,21.68251,72.53406,250.0,660.8877563476562,24,WorldPop R2024B 100m constrained
d9a5c5d9-1cb9-50ac-8715-6e07fd32bf9e,2023-03-07 07:30:00+00:00,21.5495166666667,72.8293966666667,250.0,0.0,0,WorldPop R2024B 100m constrained
c8d3b762-4033-546a-97e0-30a2279bd58b,2023-03-07 08:18:00+00:00,21.42945,72.92632,250.0,0.0,0,WorldPop R2024B 100m constrained
f97fb53a-2716-55d4-a788-ae50ca1a06ff,2023-03-07 08:18:00+00:00,21.49929,72.74969,250.0,0.0,0,WorldPop R2024B 100m constrained
022c50ee-c5c0-58af-a732-bc1dbad857d7,2023-03-07 08:19:00+00:00,22.08357,72.63945,250.0,0.0,0,WorldPop R2024B 100m constrained
9cf42ad7-7b71-503f-ba3e-8d1130e033a8,2023-03-07 08:19:00+00:00,21.81926,72.92155,250.0,3.4459500312805176,1,WorldPop R2024B 100m constrained
3692315d-c761-559c-9494-b5cb29c4d529,2023-03-07 19:59:00+00:00,21.69,72.674185,250.0,35.170814514160156,5,WorldPop R2024B 100m constrained
a61517a7-188b-5e4d-bc31-57059b731987,2023-03-08 08:00:00+00:00,21.44377,72.96862,250.0,0.0,0,WorldPop R2024B 100m constrained
3030873d-cad1-5538-a863-55e8c8274a80,2023-03-08 08:51:00+00:00,21.43445,72.70493,250.0,43.10067367553711,21,WorldPop R2024B 100m constrained
3fdbffc7-3784-5674-8e11-9574016a4651,2023-03-08 08:51:00+00:00,21.568495,72.94819,250.0,2.447925090789795,1,WorldPop R2024B 100m constrained
537e5e1e-cc4a-5446-a0f5-881aac002f2e,2023-03-08 08:52:00+00:00,21.71956,72.718165,250.0,0.0,0,WorldPop R2024B 100m constrained
fdcb74e6-4bf0-50e9-9f28-894c5126492b,2023-03-08 20:28:00+00:00,22.033955,72.806595,250.0,24.930837631225586,3,WorldPop R2024B 100m constrained
a6a1b9ef-ce10-59d6-ae27-36f1f562b7ff,2023-03-08 20:29:00+00:00,21.49809,72.8147,250.0,0.0,0,WorldPop R2024B 100m constrained
80263511-9d8a-5bb7-bb98-b8cbfcfc292b,2023-03-09 07:41:00+00:00,21.43792,72.7142,250.0,3.441528081893921,2,WorldPop R2024B 100m constrained
ac648d61-2857-56a4-be5a-deeb80ba75c4,2023-03-09 07:41:00+00:00,21.5156933333333,72.9564866666667,250.0,2.9087719917297363,1,WorldPop R2024B 100m constrained
27da037e-d40b-556d-9c30-29d06f0c37fb,2023-03-09 08:33:00+00:00,21.83,72.8635,250.0,15.029825210571289,5,WorldPop R2024B 100m constrained
21fbdc9a-4968-5aa0-8af7-dc0f0bc0fc6c,2023-03-10 08:14:00+00:00,21.82703,72.65462,250.0,39.75383758544922,5,WorldPop R2024B 100m constrained
89002c32-b12e-53a1-ad47-63c4128bffe7,2023-03-10 08:14:00+00:00,21.43287,72.82189,250.0,76.95628356933594,10,WorldPop R2024B 100m constrained
89c48f44-27c1-551c-9c62-d1e287bb29ec,2023-03-10 08:14:00+00:00,21.62125,72.85101,250.0,0.0,0,WorldPop R2024B 100m constrained
f218241f-76c9-5eb7-9a15-faf21cc6d3a8,2023-03-10 08:14:00+00:00,21.709645,72.68066,250.0,0.0,0,WorldPop R2024B 100m constrained
fe99a4c6-0836-5924-9836-220db205c3c1,2023-03-10 08:14:00+00:00,21.4086,72.81348,250.0,23.088361740112305,4,WorldPop R2024B 100m constrained
79684272-40c9-5c76-a2b4-ead6e43887a3,2023-03-10 09:03:00+00:00,21.56442,72.80587,250.0,0.0,0,WorldPop R2024B 100m constrained
79cf1466-6771-59ca-b05c-8db1fabaae41,2023-03-10 09:03:00+00:00,21.74395,72.614425,250.0,250.74624633789062,20,WorldPop R2024B 100m constrained
8c04cd24-77f5-5cc6-84a1-38321e9a64a3,2023-03-10 19:51:00+00:00,21.690185,72.64209,250.0,106.21832275390625,11,WorldPop R2024B 100m constrained
328bbdfd-24cf-5973-a811-fef0cc433270,2023-03-10 20:43:00+00:00,21.600355,72.90887,250.0,0.0,0,WorldPop R2024B 100m constrained
869e24c8-ce1f-5199-93bf-486cf498e88e,2023-03-10 20:43:00+00:00,21.92503,72.66705,250.0,4.30049991607666,1,WorldPop R2024B 100m constrained
91ff6138-f6cd-583d-8629-7e1f90ff7c1c,2023-03-10 20:43:00+00:00,21.43338,72.97792,250.0,75.00413513183594,10,WorldPop R2024B 100m constrained
72a494e0-c697-554c-9964-add1d842df94,2023-03-11 07:55:00+00:00,21.81248,72.7634,250.0,2.658010959625244,1,WorldPop R2024B 100m constrained
a24abf0f-93fe-5119-9779-42ceb010edae,2023-03-11 07:55:00+00:00,21.501702,72.714582,250.0,0.0,0,WorldPop R2024B 100m constrained
d3a87ad2-8a0f-5d53-b731-fc52509f6bac,2023-03-11 07:55:00+00:00,22.0856766666667,72.7133066666667,250.0,0.0,0,WorldPop R2024B 100m constrained
ed5f49ac-d819-55bf-8530-c5d4c67c9018,2023-03-11 07:55:00+00:00,21.8590025,72.65709,250.0,0.0,0,WorldPop R2024B 100m constrained
a2b38d71-e781-5913-9fd6-2b846346f397,2023-03-11 08:44:00+00:00,21.7686,72.6434,250.0,161.2855224609375,16,WorldPop R2024B 100m constrained
a3545bd2-7b2c-585b-9fae-ec041587a722,2023-03-11 08:44:00+00:00,22.07726,72.71699,250.0,0.0,0,WorldPop R2024B 100m constrained
529f3014-b71c-5205-986d-1f809595cab7,2023-03-12 07:36:00+00:00,21.70112,72.6525733333333,250.0,144.87069702148438,14,WorldPop R2024B 100m constrained
c2993716-e74f-5633-821f-fdf7481d2d26,2023-03-12 07:36:00+00:00,21.699765,72.660105,250.0,165.23062133789062,16,WorldPop R2024B 100m constrained
3a25ac4d-e669-512e-8657-aade79e4cda4,2023-03-12 20:54:00+00:00,21.43154,72.97487,250.0,0.0,0,WorldPop R2024B 100m constrained
acdc7237-4339-58bd-8d81-081f1c8ae9f7,2023-03-12 20:54:00+00:00,21.38136,72.83008,250.0,13.22502613067627,4,WorldPop R2024B 100m constrained
d627e994-b938-53d7-8db1-635bbb9a30a7,2023-03-12 20:54:00+00:00,21.74666,72.77793,250.0,0.0,0,WorldPop R2024B 100m constrained
54f6df75-af3f-5aec-ac2b-3d8baf6a7e35,2023-03-13 08:06:00+00:00,21.42382,72.93317,250.0,0.0,0,WorldPop R2024B 100m constrained
040313a4-4d16-504a-adcf-eb124e1089bf,2023-03-13 08:58:00+00:00,21.72345,72.76429,250.0,19.114328384399414,5,WorldPop R2024B 100m constrained
2e5b0d95-a994-55c8-b469-5cfc778ab862,2023-03-13 08:58:00+00:00,21.351835,72.86604,250.0,52.86022186279297,10,WorldPop R2024B 100m constrained
3feff3ab-1c4f-5743-a981-16b8cc78476f,2023-03-13 21:27:00+00:00,22.07966,72.57508,250.0,8.105938911437988,3,WorldPop R2024B 100m constrained
97608b43-f61d-530e-b9b9-51987c7a192f,2023-03-14 07:47:00+00:00,21.79661,72.69318,250.0,0.0,0,WorldPop R2024B 100m constrained
a8b428e1-392a-5947-982c-765e0558acf3,2023-03-14 07:47:00+00:00,21.91764,72.72515,250.0,0.0,0,WorldPop R2024B 100m constrained
46ed8397-3cb5-542e-a007-39756bcf276e,2023-03-14 08:39:00+00:00,21.92396,72.79448,250.0,0.0,0,WorldPop R2024B 100m constrained
9580f9e0-941e-55d3-b0fc-8b34576075e0,2023-03-14 08:39:00+00:00,21.87171,72.67606,250.0,30.90165901184082,8,WorldPop R2024B 100m constrained
a0be0a74-f1ea-5b41-b5e3-b2390bef4c66,2023-03-15 19:57:00+00:00,21.684795,72.533745,250.0,564.7033081054688,20,WorldPop R2024B 100m constrained
f6b3609f-111e-5e70-86bd-50d1b568b898,2023-03-16 08:01:00+00:00,21.609,72.89135,250.0,35.44941329956055,6,WorldPop R2024B 100m constrained
09cd4f3e-7f19-50a7-b04b-0426753e267e,2023-03-17 07:43:00+00:00,21.53984,72.93587,250.0,0.0,0,WorldPop R2024B 100m constrained
4d8811a9-60d6-5a9e-b607-22b65529b936,2023-03-17 07:43:00+00:00,21.548435,72.911795,250.0,2.331645965576172,1,WorldPop R2024B 100m constrained
d87c8301-6941-582e-94d0-451b0506830f,2023-03-17 08:31:00+00:00,21.68262,72.65658,250.0,68.09647369384766,11,WorldPop R2024B 100m constrained
d426dec9-0035-594b-8bae-3d792bb0bb5b,2023-03-17 20:11:00+00:00,21.90604,72.7534,250.0,47.50066375732422,9,WorldPop R2024B 100m constrained
27220e51-b914-531c-94af-c1822a6557c5,2023-03-18 08:12:00+00:00,21.703435,72.68108,250.0,0.0,0,WorldPop R2024B 100m constrained
8a1e034b-8d58-5277-b498-c0d9987cac8e,2023-03-18 20:41:00+00:00,21.68465,72.53545,250.0,570.125732421875,19,WorldPop R2024B 100m constrained
83f1e6dc-6c5a-5172-85f1-4e1ac8730463,2023-03-18 21:33:00+00:00,21.90619,72.757515,250.0,218.86651611328125,22,WorldPop R2024B 100m constrained
452c2a08-2d3a-5160-8cce-96ad7dde9fbe,2023-03-19 07:54:00+00:00,21.84847,72.73933,250.0,0.0,0,WorldPop R2024B 100m constrained
65b2c34e-529c-596a-ad73-7a11ddd8547d,2023-03-19 07:54:00+00:00,21.7051,72.87458,250.0,138.22219848632812,18,WorldPop R2024B 100m constrained
bc5c5d4f-679d-5f45-866e-497f79ad4d44,2023-03-19 07:54:00+00:00,21.795185,72.677085,250.0,0.0,0,WorldPop R2024B 100m constrained
c1edad13-cb1b-5b33-bee8-b15247ae27c4,2023-03-19 08:45:00+00:00,21.64503,72.94427,250.0,0.0,0,WorldPop R2024B 100m constrained
09dd8d9b-858a-53d7-879d-c19d06422ab0,2023-03-19 08:46:00+00:00,21.7482433333333,72.6952,250.0,0.0,0,WorldPop R2024B 100m constrained
5645a51e-7a44-5c02-882c-e3f1894d85f6,2023-03-19 08:46:00+00:00,21.82336,72.68047,250.0,4.309144020080566,1,WorldPop R2024B 100m constrained
f48b347a-8557-5259-bd53-941f68148577,2023-03-19 08:46:00+00:00,21.69648,72.65443,250.0,12.346419334411621,3,WorldPop R2024B 100m constrained
b1160fac-297c-5364-ab06-67db545d1bec,2023-03-20 07:35:00+00:00,21.8253,72.72355,250.0,5.618436813354492,2,WorldPop R2024B 100m constrained
121321c7-82b0-5929-b37b-e21249d76070,2023-03-20 08:27:00+00:00,21.54999,72.78809,250.0,0.0,0,WorldPop R2024B 100m constrained
394ce939-6631-5761-aedc-b42d3217ba52,2023-03-21 08:56:00+00:00,22.04914,72.712135,250.0,0.0,0,WorldPop R2024B 100m constrained
58df86e3-5266-5267-bbed-63268e559a11,2023-03-22 07:49:00+00:00,21.96826,72.66829,250.0,0.0,0,WorldPop R2024B 100m constrained
b55e0e04-0f72-5a30-9894-0b92609c1c54,2023-03-22 08:37:00+00:00,21.43104,72.90989,250.0,40.046939849853516,5,WorldPop R2024B 100m constrained
07844bd6-be3f-5b04-960f-716a854ed5b4,2023-03-22 08:38:00+00:00,22.0795,72.62345,250.0,0.0,0,WorldPop R2024B 100m constrained
45b60d43-f02f-5cd8-822f-1fdb28a792e9,2023-03-22 08:38:00+00:00,21.76269,72.73425,250.0,10.007482528686523,3,WorldPop R2024B 100m constrained
af155cb5-88aa-5072-8c9b-9caec58ab146,2023-03-23 07:30:00+00:00,21.81291,72.6389,250.0,0.0,0,WorldPop R2024B 100m constrained
80f0a5ec-f8c8-5203-8946-ac46921dbb17,2023-03-23 08:19:00+00:00,21.9194,72.67327,250.0,11.559184074401855,4,WorldPop R2024B 100m constrained
b8a8a274-2275-5b56-ae2f-38312f276b0b,2023-03-23 08:19:00+00:00,21.71325,72.72506,250.0,0.0,0,WorldPop R2024B 100m constrained
8497e5ad-5ce6-5b70-9cb7-18c94b2d3a74,2023-03-24 08:00:00+00:00,21.56376,72.88622,250.0,0.0,0,WorldPop R2024B 100m constrained
edd26362-c273-5ebc-a939-536c21cd01fb,2023-03-24 08:00:00+00:00,21.55194,72.80028,250.0,0.0,0,WorldPop R2024B 100m constrained
c39693d9-9871-55df-8a9d-f6201c174c5b,2023-03-24 08:52:00+00:00,21.79211,72.91916,250.0,0.0,0,WorldPop R2024B 100m constrained
e0275c91-bba2-52e6-bf91-a8bfabcca23b,2023-03-24 08:52:00+00:00,22.05851,72.55006,250.0,0.0,0,WorldPop R2024B 100m constrained
1c8fb6cf-3339-55c0-a161-762e51528796,2023-03-25 07:41:00+00:00,21.73683,72.95742,250.0,13.570717811584473,3,WorldPop R2024B 100m constrained
3fc8a2bd-fae9-5071-ab84-824cb5d3a853,2023-03-25 07:41:00+00:00,21.590155,72.987075,250.0,13.133295059204102,3,WorldPop R2024B 100m constrained
58981c21-4c5a-5504-ae1e-be2b705f690d,2023-03-25 07:41:00+00:00,21.39887,72.67598,250.0,3.415956974029541,1,WorldPop R2024B 100m constrained
8659edb2-aeae-5b66-b03a-19e26a998dba,2023-03-25 07:41:00+00:00,21.59789,72.92072,250.0,0.0,0,WorldPop R2024B 100m constrained
9bd90a96-da0d-5705-9ab2-8cf239612250,2023-03-25 07:41:00+00:00,21.5063,72.77534,250.0,0.0,0,WorldPop R2024B 100m constrained
c1a4d4c7-2e28-5a52-b507-046512a849fe,2023-03-25 07:41:00+00:00,21.73419,72.7789166666667,250.0,0.0,0,WorldPop R2024B 100m constrained
c68e5799-92c7-59a3-8024-68fe26c28eb6,2023-03-25 07:41:00+00:00,21.79865,72.8129,250.0,29.502960205078125,4,WorldPop R2024B 100m constrained
5f10b182-f79b-57f7-90fc-71a843c4b86b,2023-03-25 08:33:00+00:00,21.83516,72.68015,250.0,66.37053680419922,8,WorldPop R2024B 100m constrained
a59482f3-5a88-5f65-a470-3424c6414eba,2023-03-25 08:33:00+00:00,21.43247,72.9436,250.0,3.9878320693969727,1,WorldPop R2024B 100m constrained
e3278fce-6491-551d-8257-715e73f6eb68,2023-03-25 08:33:00+00:00,21.63785,72.94905,250.0,0.0,0,WorldPop R2024B 100m constrained
ebd0a3d8-00d4-5f82-bf7c-6165dd7bc6cf,2023-03-25 08:33:00+00:00,21.92686,72.85528,250.0,9.296270370483398,3,WorldPop R2024B 100m constrained
fe3817d2-00aa-5677-bdcf-070881dc4e09,2023-03-25 20:10:00+00:00,21.9263616666667,72.7114733333333,250.0,0.0,0,WorldPop R2024B 100m constrained
c611b448-db05-5f1d-86eb-7cce1ae0ba6a,2023-03-25 21:02:00+00:00,21.97973,72.87044,250.0,233.02871704101562,16,WorldPop R2024B 100m constrained
f9a31a8f-5940-567d-a68c-b8f4125a744e,2023-03-25 21:02:00+00:00,21.6087,72.97675,250.0,9.995201110839844,3,WorldPop R2024B 100m constrained
184b9768-5f62-535f-93b1-b22cb704ddd0,2023-03-26 08:14:00+00:00,22.00852,72.60308,250.0,0.0,0,WorldPop R2024B 100m constrained
2551ad1b-395a-5f3e-bd8d-679cde4cbcde,2023-03-26 08:14:00+00:00,21.73135,72.72758,250.0,12.443708419799805,3,WorldPop R2024B 100m constrained
39f2bc21-de3d-5270-869c-3b7c154b69be,2023-03-26 08:14:00+00:00,21.42328,72.74844,250.0,0.0,0,WorldPop R2024B 100m constrained
6fc134e8-afb4-52e1-8d41-1633bcc61827,2023-03-26 08:14:00+00:00,21.38512,72.83659,250.0,4.477398872375488,1,WorldPop R2024B 100m constrained
a4b43863-4b8f-56b2-8de1-715635c6e6e6,2023-03-26 08:14:00+00:00,21.57276,72.87043,250.0,0.0,0,WorldPop R2024B 100m constrained
a8096827-1185-5573-a732-f9f399c3bd75,2023-03-26 08:14:00+00:00,21.94402,72.97865,250.0,31.590251922607422,11,WorldPop R2024B 100m constrained
d373b03e-25a1-5f3a-b67c-a2c40a4f7bc0,2023-03-26 08:14:00+00:00,21.491175,72.74798,250.0,2.6520769596099854,1,WorldPop R2024B 100m constrained
fb7bbc24-97ba-5174-829c-a8ed7a6a081c,2023-03-26 08:14:00+00:00,22.057765,72.91852,250.0,2.4928860664367676,1,WorldPop R2024B 100m constrained
5944c5bd-c90e-575b-bdb3-ba97878c8364,2023-03-26 09:03:00+00:00,21.73667,72.87798,250.0,0.0,0,WorldPop R2024B 100m constrained
70ec0a8f-3a0d-5ac4-9013-105f683136e2,2023-03-26 09:03:00+00:00,22.02997,72.74075,250.0,8.48546028137207,3,WorldPop R2024B 100m constrained
d6610758-7c31-5dde-ac83-68c4293716ee,2023-03-26 09:03:00+00:00,22.03995,72.72256,250.0,0.0,0,WorldPop R2024B 100m constrained
da530e1c-23f8-567f-975a-5576b27e26b2,2023-03-26 09:03:00+00:00,21.84095,72.86093,250.0,3.4705140590667725,1,WorldPop R2024B 100m constrained
6dbb36db-05f4-5982-9330-4a694e9504b7,2023-03-26 20:43:00+00:00,21.43061,72.97591,250.0,0.0,0,WorldPop R2024B 100m constrained
25ff3cec-1050-5b6a-a8e2-0357f234884e,2023-03-27 07:55:00+00:00,21.51298,72.9327,250.0,0.0,0,WorldPop R2024B 100m constrained
5177409d-c1d0-54fb-bdbb-43ca1bc195ec,2023-03-27 07:55:00+00:00,21.76332,72.67039,250.0,44.09931182861328,6,WorldPop R2024B 100m constrained
e052391e-cc17-5517-a189-4c62fe436082,2023-03-27 07:55:00+00:00,21.7435175,72.5995125,250.0,0.0,0,WorldPop R2024B 100m constrained
50a3c0e3-eed4-590e-a5fb-fd713c983d92,2023-03-27 07:56:00+00:00,21.8378666666667,72.65983,250.0,0.0,0,WorldPop R2024B 100m constrained
b0eebb46-1a40-5e97-9211-bacf78848acc,2023-03-27 07:56:00+00:00,21.92708,72.78521,250.0,0.0,0,WorldPop R2024B 100m constrained
0afabe12-1ea8-5e4d-9fae-8195be566a46,2023-03-27 08:44:00+00:00,21.41248,72.82754,250.0,38.63428497314453,5,WorldPop R2024B 100m constrained
2c4d543c-734b-5ad5-a6fb-ecdbd69593b7,2023-03-27 08:44:00+00:00,21.8065533333333,72.9154,250.0,0.0,0,WorldPop R2024B 100m constrained
3e437e8b-83d8-5f1e-8260-e51596c0fe18,2023-03-27 08:44:00+00:00,21.75464,72.76013,250.0,0.0,0,WorldPop R2024B 100m constrained
8392322a-91d9-5aac-8302-25b910b4a2fc,2023-03-27 08:44:00+00:00,21.77481,72.80434,250.0,0.0,0,WorldPop R2024B 100m constrained
8e523f18-ef87-58d8-bd18-fe4a19fd51d1,2023-03-27 08:44:00+00:00,21.45438,72.85606,250.0,30.922157287597656,6,WorldPop R2024B 100m constrained
9711a5d1-e52e-504b-9112-960d2b837dcb,2023-03-27 08:44:00+00:00,21.43781,72.71497,250.0,10.370986938476562,5,WorldPop R2024B 100m constrained
d4b68956-6bb6-5f65-8d44-b06e807c5a4a,2023-03-27 08:44:00+00:00,22.02503,72.77677,250.0,0.0,0,WorldPop R2024B 100m constrained
2e9c9546-05dd-5615-ab32-536c6d71b6de,2023-03-28 07:37:00+00:00,21.51185,72.85349,250.0,0.0,0,WorldPop R2024B 100m constrained
b4d11614-74a5-5240-9464-bd7c0636efce,2023-03-28 07:37:00+00:00,21.99142,72.55147,250.0,0.0,0,WorldPop R2024B 100m constrained
c00a3a20-8b7d-5387-86e8-5f51f4a22fad,2023-03-28 07:37:00+00:00,22.025268,72.563502,250.0,0.0,0,WorldPop R2024B 100m constrained
d70dca59-a9f8-5435-af01-ca1abdc690f0,2023-03-28 07:37:00+00:00,21.77171,72.70175,250.0,2.7154629230499268,1,WorldPop R2024B 100m constrained
a174917d-2a6e-521c-b636-d19832234043,2023-03-28 08:25:00+00:00,21.57334,72.86491,250.0,0.0,0,WorldPop R2024B 100m constrained
267c6f7c-fd4a-52ae-9e5f-7bb234a60b9c,2023-03-28 09:17:00+00:00,21.91607,72.55551,250.0,0.0,0,WorldPop R2024B 100m constrained
aa299737-d82d-5c3b-9ed8-27bf41adf11c,2023-03-28 09:17:00+00:00,21.747245,72.61802,250.0,0.0,0,WorldPop R2024B 100m constrained
be56eb51-0769-54c4-9ccb-be861295682d,2023-03-28 09:17:00+00:00,21.760025,72.698235,250.0,0.0,0,WorldPop R2024B 100m constrained
cc1560d1-f1ef-5c53-a14c-d8962e28d536,2023-03-28 09:17:00+00:00,21.81288,72.76108,250.0,2.658010959625244,1,WorldPop R2024B 100m constrained
f5ae927c-e36d-5d23-8655-081334ca724e,2023-03-28 09:17:00+00:00,21.54453,72.78927,250.0,0.0,0,WorldPop R2024B 100m constrained
140e6acf-8fb9-51de-bf1d-d0aea6683240,2023-03-28 09:17:00+00:00,22.02096,72.57169,250.0,0.0,0,WorldPop R2024B 100m constrained
1c732c62-fc33-5556-8fbd-a1943d544da6,2023-03-28 20:54:00+00:00,22.049425,72.7328,250.0,0.0,0,WorldPop R2024B 100m constrained
d0598ad3-038d-5f60-830f-0117b1613d78,2023-03-28 20:54:00+00:00,21.8983,72.84275,250.0,20.125823974609375,6,WorldPop R2024B 100m constrained
302a5014-d0c1-5a42-8139-7e212140cb4d,2023-03-29 08:06:00+00:00,21.81468,72.71201,250.0,19.835552215576172,7,WorldPop R2024B 100m constrained
83df5661-b8c1-518c-8803-b3d6354334b9,2023-03-29 08:06:00+00:00,22.07641,72.66286,250.0,0.0,0,WorldPop R2024B 100m constrained
3d116662-3ca5-522d-8abd-0dee883976f2,2023-03-29 08:58:00+00:00,22.0942,72.75779,250.0,2.4729158878326416,1,WorldPop R2024B 100m constrained
503ae114-021a-5c32-8cfd-358850fd530e,2023-03-29 08:58:00+00:00,21.77783,72.61388,250.0,0.0,0,WorldPop R2024B 100m constrained
a4b7fd81-9897-55eb-8641-eb8f2a9dd23d,2023-03-29 08:58:00+00:00,21.7744533333333,72.7965333333333,250.0,0.0,0,WorldPop R2024B 100m constrained
ecea53bf-7153-5d3a-898b-cbd750b63e7a,2023-03-29 08:58:00+00:00,22.067815,72.707025,250.0,0.0,0,WorldPop R2024B 100m constrained
2f6c8eb8-0ae8-5f01-935a-ac2ade6b5a16,2023-03-29 20:35:00+00:00,22.01868,72.74345,250.0,32.75566101074219,9,WorldPop R2024B 100m constrained
828ed867-6287-56e2-ae99-7a4d01f191db,2023-03-30 21:08:00+00:00,21.79368,72.64647,250.0,197.16790771484375,16,WorldPop R2024B 100m constrained
441031b6-af5a-5b74-be0a-095be2036e68,2023-03-31 07:29:00+00:00,21.98922,72.71773,250.0,3.996453285217285,2,WorldPop R2024B 100m constrained
5abc282b-a282-5af7-a94e-da57a11948b8,2023-03-31 07:29:00+00:00,22.0696614285714,72.64399,250.0,0.0,0,WorldPop R2024B 100m constrained
b4e8c09c-7ec9-5d7a-b3ea-ea1335e5cb6a,2023-03-31 07:29:00+00:00,21.53008,72.7348,250.0,0.0,0,WorldPop R2024B 100m constrained
19ee6333-79a7-5798-97cb-42c1074a30e6,2023-03-31 08:21:00+00:00,21.48843,72.71947,250.0,0.0,0,WorldPop R2024B 100m constrained
4ab25775-1ff0-5e71-9101-3b1bb646efdd,2023-03-31 08:21:00+00:00,21.504185,72.701645,250.0,0.0,0,WorldPop R2024B 100m constrained
5dcdbf0c-8f37-53e1-b1cb-79f5f3fa80f8,2023-03-31 08:21:00+00:00,21.47932,72.77054,250.0,0.0,0,WorldPop R2024B 100m constrained
75afc857-274e-5d09-af91-6bd4add49ce9,2023-03-31 08:21:00+00:00,21.9295466666667,72.54612,250.0,6.043893814086914,3,WorldPop R2024B 100m constrained
9581bb13-e828-5eef-8006-135756a82ca5,2023-03-31 08:21:00+00:00,21.97625,72.8996,250.0,0.0,0,WorldPop R2024B 100m constrained
c006d965-ac62-5421-82ab-ccd5eabe393f,2023-03-31 08:21:00+00:00,21.36778,72.83618,250.0,53.80191421508789,12,WorldPop R2024B 100m constrained
9332c295-3d75-510d-998f-5889fe67918f,2023-03-31 19:57:00+00:00,21.90796,72.75497,250.0,36.490848541259766,7,WorldPop R2024B 100m constrained
23e87aef-c7bd-5ab1-96bf-2da632a18c2c,2023-04-01 08:02:00+00:00,21.88598,72.71098,250.0,0.0,0,WorldPop R2024B 100m constrained
4236f308-e440-5a86-92f3-00cc8b1f228e,2023-04-01 08:02:00+00:00,21.73219,72.73459,250.0,0.0,0,WorldPop R2024B 100m constrained
53fdd540-ae7c-51d6-8d24-f7d0477c0163,2023-04-01 08:02:00+00:00,21.48984,72.73386,250.0,0.0,0,WorldPop R2024B 100m constrained
59b6cd07-19ff-56eb-b02f-10ab04a27b33,2023-04-01 08:02:00+00:00,22.09499,72.70741,250.0,0.0,0,WorldPop R2024B 100m constrained
777ab845-e016-544b-af12-1a822a10268c,2023-04-01 08:02:00+00:00,21.8241,72.63068,250.0,6.890829086303711,2,WorldPop R2024B 100m constrained
97a21761-b33a-5448-b0ce-8cd3515f1922,2023-04-01 08:02:00+00:00,21.80414,72.68881,250.0,0.0,0,WorldPop R2024B 100m constrained
d7c0c6ce-c269-5fad-9f65-bde186618ba6,2023-04-01 08:50:00+00:00,21.4846166666667,72.7804166666667,250.0,0.0,0,WorldPop R2024B 100m constrained
a3c3015d-bdd3-5918-9599-d7315e061b27,2023-04-02 07:43:00+00:00,21.959605,72.97208,250.0,5.246945381164551,2,WorldPop R2024B 100m constrained
e57292c0-9468-54b8-a89e-2adf373fdc0f,2023-04-02 08:31:00+00:00,21.51967,72.74049,250.0,0.0,0,WorldPop R2024B 100m constrained
f529fa28-8eb0-5301-80ae-cdc622856166,2023-04-02 08:31:00+00:00,21.77149,72.89619,250.0,25.472551345825195,7,WorldPop R2024B 100m constrained
256550c0-7fb4-5515-83c3-7951e3fb7c3b,2023-04-02 08:32:00+00:00,22.07627,72.53812,250.0,14.507533073425293,9,WorldPop R2024B 100m constrained
1c4662b3-f9d3-5f27-9485-7ca70a55f229,2023-04-03 07:24:00+00:00,21.42299,72.79047,250.0,22.11985206604004,7,WorldPop R2024B 100m constrained
8f9e5648-a758-52da-b111-f8141795e5e4,2023-04-03 07:24:00+00:00,22.09876,72.6336866666667,250.0,0.0,0,WorldPop R2024B 100m constrained
0e3995bc-fc42-5503-8875-82ba8c6412fa,2023-04-03 08:13:00+00:00,21.83289,72.943,250.0,3.017245054244995,1,WorldPop R2024B 100m constrained
24082977-ad2f-5624-8347-cf5e79e4f5e0,2023-04-03 08:13:00+00:00,21.7492,72.7142,250.0,0.0,0,WorldPop R2024B 100m constrained
4d45fc73-931c-5749-9179-5043a3fc9d8a,2023-04-03 08:13:00+00:00,21.57756,72.86253,250.0,0.0,0,WorldPop R2024B 100m constrained
9bb265d2-317a-54be-b96f-6676a6b7cbd8,2023-04-03 08:13:00+00:00,21.83883,72.70195,250.0,0.0,0,WorldPop R2024B 100m constrained
ac1c817b-c143-50cc-b1e9-2d9a1f60a9dc,2023-04-03 08:13:00+00:00,21.60998,72.78434,250.0,0.0,0,WorldPop R2024B 100m constrained
e999a60d-0e45-5c49-a48d-4cc43ec56e39,2023-04-03 08:13:00+00:00,21.44017,72.95194,250.0,0.0,0,WorldPop R2024B 100m constrained
4254c61f-10af-56a5-b4ad-2fc0f02a98db,2023-04-03 09:05:00+00:00,21.47011,72.78416,250.0,34.1140022277832,13,WorldPop R2024B 100m constrained
4b2655ed-6c34-5e1d-9b82-1dd553cfc3ee,2023-04-03 09:05:00+00:00,21.506895,72.86205,250.0,0.0,0,WorldPop R2024B 100m constrained
a7e65726-d380-5b55-8dbc-4d63d23c647a,2023-04-03 09:05:00+00:00,21.83925,72.71193,250.0,0.0,0,WorldPop R2024B 100m constrained
bd3b0022-bd70-5210-87f9-493de75db835,2023-04-03 09:05:00+00:00,21.77159,72.74032,250.0,0.0,0,WorldPop R2024B 100m constrained
c482e9d9-dc12-5d35-8dfd-287d608060f7,2023-04-03 09:05:00+00:00,21.77198,72.68086,250.0,3.4803099632263184,1,WorldPop R2024B 100m constrained
64158f91-ccdc-520d-a1b6-428c829fa973,2023-04-03 20:41:00+00:00,21.90589,72.75793,250.0,220.10379028320312,23,WorldPop R2024B 100m constrained
603dc80a-b95d-54da-ae46-bcdc57863b51,2023-04-04 07:54:00+00:00,21.79131,72.66628,250.0,0.0,0,WorldPop R2024B 100m constrained
62cef81d-12c8-51fc-9530-d19c44a9dd0f,2023-04-04 07:54:00+00:00,21.93571,72.9886,250.0,0.0,0,WorldPop R2024B 100m constrained
a7eda47f-f130-57b9-9283-b8bbf1883d8a,2023-04-04 07:54:00+00:00,21.50508,72.9050033333333,250.0,24.95017433166504,8,WorldPop R2024B 100m constrained
085189ff-63c9-5423-8960-b03b9c7fe870,2023-04-04 08:46:00+00:00,21.57003,72.95612,250.0,0.0,0,WorldPop R2024B 100m constrained
4edd14ad-d2d6-5827-b21f-770f11836eec,2023-04-04 08:46:00+00:00,21.91005,72.67733,250.0,0.0,0,WorldPop R2024B 100m constrained
a7753059-42c3-5779-a1b5-bd99457c0518,2023-04-04 08:46:00+00:00,21.62688,72.85001,250.0,0.0,0,WorldPop R2024B 100m constrained
91b5deb8-6732-5442-8372-d91bf645b414,2023-04-04 20:23:00+00:00,21.96966,72.54739,250.0,0.0,0,WorldPop R2024B 100m constrained
4c636680-6ccf-5201-a68e-769b5f42d587,2023-04-04 21:15:00+00:00,21.79807,72.72749,250.0,101.59815979003906,12,WorldPop R2024B 100m constrained
95cbf3a0-9386-5b1b-91c9-75e24109c039,2023-04-04 21:15:00+00:00,21.43077,72.97367,250.0,0.0,0,WorldPop R2024B 100m constrained
01d4930c-fa34-58f3-b809-360323d5c075,2023-04-05 08:27:00+00:00,21.44234,72.97571,250.0,49.5610466003418,7,WorldPop R2024B 100m constrained
5b9e596c-5f69-589f-9931-6be2b9a091eb,2023-04-05 08:27:00+00:00,21.39566,72.81939,250.0,69.63970947265625,8,WorldPop R2024B 100m constrained
b2ca8fbe-063b-5c1b-9ebb-dd7882425159,2023-04-05 08:27:00+00:00,21.5663633333333,72.8861733333333,250.0,0.0,0,WorldPop R2024B 100m constrained
c9207e91-16e7-5c4a-a5ae-8dbe12432990,2023-04-05 08:27:00+00:00,21.78439,72.93121,250.0,0.0,0,WorldPop R2024B 100m constrained
9cc76b60-764e-5ce4-81a0-c61d466d8178,2023-04-05 09:16:00+00:00,21.92014,72.54543,250.0,0.0,0,WorldPop R2024B 100m constrained
e63fbbe0-92c1-54fa-976b-10392fd8d54b,2023-04-05 20:04:00+00:00,22.0840635714286,72.5613421428571,250.0,0.0,0,WorldPop R2024B 100m constrained
35c70f38-86cc-5f70-9a5c-f4ae2e747020,2023-04-06 08:08:00+00:00,21.52075,72.8374275,250.0,0.0,0,WorldPop R2024B 100m constrained
4bd96503-b56a-504b-bfaf-67105aec80d4,2023-04-06 08:08:00+00:00,21.75744,72.748025,250.0,0.0,0,WorldPop R2024B 100m constrained
655ee6aa-7e82-5965-9434-04225d6db743,2023-04-06 08:08:00+00:00,21.738735,72.651165,250.0,19.90140724182129,5,WorldPop R2024B 100m constrained
d8babedc-06ad-5081-a701-b63f598ff535,2023-04-06 08:08:00+00:00,21.80491,72.61121,250.0,0.0,0,WorldPop R2024B 100m constrained
e90e31d9-cddd-5b7b-ba34-28539471ef36,2023-04-06 08:08:00+00:00,21.88966,72.75327,250.0,0.0,0,WorldPop R2024B 100m constrained
07925d82-af4e-591d-a863-0fa25bebe130,2023-04-06 08:57:00+00:00,21.515965,72.92201,250.0,35.34626007080078,7,WorldPop R2024B 100m constrained
25412fc8-5373-59d5-a751-0064d189a0df,2023-04-06 08:57:00+00:00,21.55622,72.95222,250.0,145.236572265625,17,WorldPop R2024B 100m constrained
32f29b31-49eb-5095-81de-5bfd68778408,2023-04-06 08:57:00+00:00,22.0912,72.56175,250.0,0.0,0,WorldPop R2024B 100m constrained
331cb54d-7330-5b36-9336-16d595f5a510,2023-04-06 08:57:00+00:00,22.07896,72.56973,250.0,0.0,0,WorldPop R2024B 100m constrained
5a70f7bc-d46e-5c2e-a1a4-62f267940b8b,2023-04-06 08:57:00+00:00,22.05189,72.63969,250.0,2.260906934738159,2,WorldPop R2024B 100m constrained
ba482689-ed88-5856-b889-98ba822ae42a,2023-04-06 08:57:00+00:00,22.00516,72.81669,250.0,3.345468044281006,1,WorldPop R2024B 100m constrained
4e1f8c22-7c96-5d73-82a0-e5d68935b72e,2023-04-06 20:37:00+00:00,21.7676,72.75147,250.0,0.0,0,WorldPop R2024B 100m constrained
e84493ab-112d-5483-b60f-21075fd90f48,2023-04-06 21:25:00+00:00,22.06621,72.671285,250.0,0.0,0,WorldPop R2024B 100m constrained
b18069a6-8fed-51b1-951a-43161880691f,2023-04-07 07:49:00+00:00,21.81762,72.6386733333333,250.0,0.0,0,WorldPop R2024B 100m constrained
0b9b8870-9271-58dd-9bf7-42fbff793041,2023-04-07 08:38:00+00:00,21.45203,72.66436,250.0,1.743096947669983,3,WorldPop R2024B 100m constrained
57f819b6-a52a-5242-89b2-d42b853ee21b,2023-04-07 08:38:00+00:00,21.52252,72.97487,250.0,14.372130393981934,4,WorldPop R2024B 100m constrained
79eba867-7af8-55a8-b910-355867c27a18,2023-04-07 08:38:00+00:00,21.838185,72.6732,250.0,0.0,0,WorldPop R2024B 100m constrained
b575027f-31f6-5b61-a580-6096f91eb2b3,2023-04-07 08:38:00+00:00,21.68592,72.53458,250.0,627.4385986328125,23,WorldPop R2024B 100m constrained
c76dbb21-9998-58aa-ba40-64c681ca5be1,2023-04-07 08:38:00+00:00,21.402025,72.665125,250.0,15.271659851074219,6,WorldPop R2024B 100m constrained
d781ff90-df55-55ca-92b0-678f4785dcaa,2023-04-07 08:38:00+00:00,21.697735,72.641725,250.0,4.6315178871154785,2,WorldPop R2024B 100m constrained
f88ae533-d052-52d0-8e0c-9346ecbf1fcd,2023-04-07 08:38:00+00:00,21.71493,72.88497,250.0,0.0,0,WorldPop R2024B 100m constrained
f8accb80-53f6-53ea-8147-e600b1e0ca26,2023-04-07 20:18:00+00:00,21.90402,72.75297,250.0,15.668359756469727,4,WorldPop R2024B 100m constrained
09c7f70f-a81f-5c63-860c-fcf0f285aed8,2023-04-08 07:31:00+00:00,21.973545,72.57785,250.0,1.2694929838180542,1,WorldPop R2024B 100m constrained
0bad3f31-eb58-5576-99e2-eb47a89b9f99,2023-04-08 07:31:00+00:00,22.09726,72.70829,250.0,1.2701640129089355,1,WorldPop R2024B 100m constrained
5213d808-c28e-57e1-b24c-f91b3f08ef5a,2023-04-08 07:31:00+00:00,21.70397,72.743625,250.0,9.430375099182129,2,WorldPop R2024B 100m constrained
7a5c86f4-cd09-5265-a012-b458e2c05868,2023-04-08 07:31:00+00:00,21.96841,72.56763,250.0,0.0,0,WorldPop R2024B 100m constrained
bec5020d-2842-50a9-ab40-900aaf365c23,2023-04-08 07:31:00+00:00,21.91163,72.81429,250.0,0.0,0,WorldPop R2024B 100m constrained
c74b276c-765e-598d-b0f4-e47d4957669d,2023-04-08 07:31:00+00:00,21.75837,72.85719,250.0,0.0,0,WorldPop R2024B 100m constrained
152d5521-99a9-50cf-a092-bb615b1a413c,2023-04-08 08:19:00+00:00,21.725595,72.67522,250.0,246.20645141601562,18,WorldPop R2024B 100m constrained
1ff1fe17-d354-5dfc-8981-ecd9850bdda6,2023-04-08 08:19:00+00:00,21.81721,72.7074,250.0,5.028111934661865,1,WorldPop R2024B 100m constrained
5bd9a615-f186-57bd-a4aa-6862baed4652,2023-04-08 08:19:00+00:00,21.49029,72.98906,250.0,118.41088104248047,14,WorldPop R2024B 100m constrained
5dde1cbf-4457-5b14-8e57-64b678ff897b,2023-04-08 08:19:00+00:00,21.42656,72.78673,250.0,19.090131759643555,6,WorldPop R2024B 100m constrained
62b55fc2-c5c5-542d-b9b2-f86925711865,2023-04-08 08:19:00+00:00,21.98967,72.52484,250.0,0.0,0,WorldPop R2024B 100m constrained
86547e30-6fd1-59b7-b810-7cd5a8251879,2023-04-08 08:19:00+00:00,21.61847,72.939815,250.0,38.4150505065918,6,WorldPop R2024B 100m constrained
8a12d479-31c2-5dfa-a530-fffeeafb8e17,2023-04-08 20:48:00+00:00,21.791365,72.626485,250.0,0.0,0,WorldPop R2024B 100m constrained
ade24947-c8f2-56b0-ae33-ee8f4faae0ee,2023-04-08 20:48:00+00:00,22.0917333333333,72.5835466666667,250.0,0.0,0,WorldPop R2024B 100m constrained
eeb39f92-3cb6-5a82-89d3-6fdd47f700e2,2023-04-08 21:40:00+00:00,21.90322,72.75627,250.0,40.18138122558594,6,WorldPop R2024B 100m constrained
1c38becc-fc4b-5d42-98ba-842ae74bc62a,2023-04-09 08:00:00+00:00,21.42121,72.97147,250.0,108.76580047607422,12,WorldPop R2024B 100m constrained
5d24d1e4-aee7-56d2-b7d4-6c5ffdb74bb4,2023-04-09 08:00:00+00:00,21.68069,72.6001,250.0,19.248083114624023,5,WorldPop R2024B 100m constrained
2f29f733-0feb-5fd4-848e-04561d3be1d6,2023-04-09 08:52:00+00:00,22.0715,72.69784,250.0,0.0,0,WorldPop R2024B 100m constrained
5c82ac22-3fc9-5911-8b2d-60d3cb62a584,2023-04-09 08:52:00+00:00,21.55776,72.78824,250.0,2.0915639400482178,1,WorldPop R2024B 100m constrained
5f33f517-313c-55d6-a421-9a3dcb3cd97e,2023-04-09 08:52:00+00:00,22.01797,72.64073,250.0,0.0,0,WorldPop R2024B 100m constrained
a8088ec9-2bf0-543b-9e08-e1872770e484,2023-04-09 08:52:00+00:00,21.46129,72.6656,250.0,0.0,0,WorldPop R2024B 100m constrained
fffa7feb-8ea4-5f9e-b42c-70d7d15f970d,2023-04-09 20:29:00+00:00,21.43281,72.97687,250.0,44.84465789794922,6,WorldPop R2024B 100m constrained
41c9c31e-031b-5078-a729-f01104be7492,2023-04-09 21:21:00+00:00,21.69359,72.60703,250.0,470.7525939941406,23,WorldPop R2024B 100m constrained
281c373a-1f4a-5a94-a412-6742c5660120,2023-04-10 07:41:00+00:00,21.82257,72.76273,250.0,151.16220092773438,20,WorldPop R2024B 100m constrained
b10e6c5f-cce9-5f61-9804-fa66f804eab9,2023-04-10 07:41:00+00:00,21.51318,72.92499,250.0,16.831119537353516,5,WorldPop R2024B 100m constrained
c5949ba7-101f-55e7-93d7-17b45c043347,2023-04-10 07:41:00+00:00,21.48826,72.80786,250.0,0.0,0,WorldPop R2024B 100m constrained
9b9d5c2b-5f89-5a93-ac9d-079c465505f6,2023-04-10 07:42:00+00:00,22.0713966666667,72.6660833333333,250.0,0.0,0,WorldPop R2024B 100m constrained
e8a8a1c3-f89b-50e9-bd8d-0dcb42be4e99,2023-04-10 07:42:00+00:00,22.03538,72.786,250.0,0.0,0,WorldPop R2024B 100m constrained
94d3525f-112f-5f61-b945-0f3e04e3f206,2023-04-10 08:33:00+00:00,21.8009,72.70502,250.0,0.0,0,WorldPop R2024B 100m constrained
a22babc1-7feb-5271-92a1-f1915ccfc813,2023-04-10 08:33:00+00:00,21.47866,72.96517,250.0,7.7795867919921875,1,WorldPop R2024B 100m constrained
2e357d9e-afc3-5e78-a4b7-e14df33f77dc,2023-04-10 20:10:00+00:00,21.935005,72.762165,250.0,0.0,0,WorldPop R2024B 100m constrained
422a2327-d22c-590d-98b7-b405cffdaeb2,2023-04-11 07:23:00+00:00,21.8619,72.88753,250.0,0.0,0,WorldPop R2024B 100m constrained
9b9c6384-a030-58c4-8269-3a67eda6ed6f,2023-04-11 07:23:00+00:00,21.70148,72.75761,250.0,6.473464012145996,2,WorldPop R2024B 100m constrained
11fc0369-b06b-5a0e-bafe-c349c060ce73,2023-04-11 08:14:00+00:00,21.78909,72.918465,250.0,4.933687210083008,1,WorldPop R2024B 100m constrained
2cddd1d5-52cb-5e01-9a04-b6e3c97d6d9d,2023-04-11 08:14:00+00:00,21.74873,72.87753,250.0,0.0,0,WorldPop R2024B 100m constrained
8e02fd54-1670-5d02-85f8-056fda1fde6f,2023-04-11 08:14:00+00:00,21.68536,72.60108,250.0,362.8027038574219,20,WorldPop R2024B 100m constrained
9c5307a3-e16d-5580-b9f6-8f2be31b8e64,2023-04-11 08:14:00+00:00,21.42297,72.74723,250.0,8.213401794433594,3,WorldPop R2024B 100m constrained
22171b35-7828-5317-b404-8f0b75fa8f21,2023-04-11 08:15:00+00:00,21.86822,72.87951,250.0,72.74443817138672,14,WorldPop R2024B 100m constrained
e416986f-aa0a-5821-aba7-34de962eb0e9,2023-04-11 08:15:00+00:00,21.93578,72.71738,250.0,0.0,0,WorldPop R2024B 100m constrained
02e9d15f-bb03-50b4-b388-aedbb4e13577,2023-04-11 09:03:00+00:00,21.76306,72.76842,250.0,0.0,0,WorldPop R2024B 100m constrained
229e988d-4624-5392-8990-b6a5db20ef41,2023-04-11 09:03:00+00:00,22.03913,72.84036,250.0,330.6686706542969,22,WorldPop R2024B 100m constrained
7286f2a7-fbed-56ee-bf8e-9814cf41c8b4,2023-04-11 09:03:00+00:00,22.01892,72.61717,250.0,9.251718521118164,6,WorldPop R2024B 100m constrained
00b69d0b-7d50-50b9-9cdb-f05ec6c23c6e,2023-04-12 07:56:00+00:00,21.93294,72.74102,250.0,0.0,0,WorldPop R2024B 100m constrained
4f238ea8-c270-5bd4-a73a-7e32e58c79c9,2023-04-12 07:56:00+00:00,21.71825,72.71626,250.0,0.0,0,WorldPop R2024B 100m constrained
5fe208e3-ca54-57ea-86f4-b61a935be0d2,2023-04-12 07:56:00+00:00,22.06582,72.69971,250.0,0.0,0,WorldPop R2024B 100m constrained
db0a63ec-3d68-573d-a0f9-53c6084ee10d,2023-04-12 07:56:00+00:00,21.73689,72.71238,250.0,0.0,0,WorldPop R2024B 100m constrained
68d75d85-f0d9-5bc5-8613-9e710eebf2aa,2023-04-12 08:44:00+00:00,21.39172,72.66986,250.0,19.492961883544922,6,WorldPop R2024B 100m constrained
8af82d54-3e86-57ac-ab79-ad8d7db07396,2023-04-12 08:44:00+00:00,21.67561,72.82341,250.0,98.02734375,12,WorldPop R2024B 100m constrained
d9fc9b28-672f-5b51-82a8-731cdd2b8891,2023-04-12 08:44:00+00:00,21.82139,72.89214,250.0,0.0,0,WorldPop R2024B 100m constrained
6cc88655-9719-5a95-a15e-aa1c8be248a2,2023-04-13 07:37:00+00:00,21.794245,72.647945,250.0,314.3401794433594,21,WorldPop R2024B 100m constrained
ba9fe1a3-e3ea-580d-a41c-f8d7c0d74d59,2023-04-13 07:37:00+00:00,22.0259,72.6247,250.0,0.0,0,WorldPop R2024B 100m constrained
71b9ea4d-0fc1-5563-a9d3-76dae19b7800,2023-04-13 08:25:00+00:00,22.02123,72.79893,250.0,0.0,0,WorldPop R2024B 100m constrained
d50dfaf8-2af9-545a-a6ff-7f113204058d,2023-04-13 08:25:00+00:00,21.62159,72.96577,250.0,93.282470703125,15,WorldPop R2024B 100m constrained
deb53a9e-eaab-510b-850d-200190824151,2023-04-13 08:25:00+00:00,21.47025,72.66721,250.0,6.137456893920898,2,WorldPop R2024B 100m constrained
f758b716-2b49-5a27-a8e3-3565983a9d42,2023-04-13 08:25:00+00:00,21.5328,72.81612,250.0,0.0,0,WorldPop R2024B 100m constrained
19eca15e-bbe0-5e84-8d90-f0e7a939ee8d,2023-04-14 08:07:00+00:00,21.91778,72.68156,250.0,0.0,0,WorldPop R2024B 100m constrained
25a7c84d-f22f-51a6-ae80-caa8eea63b71,2023-04-14 08:07:00+00:00,21.71481,72.70505,250.0,64.65847778320312,12,WorldPop R2024B 100m constrained
cf1f6cbb-987a-51c2-99a5-4360ce573386,2023-04-14 08:07:00+00:00,21.92831,72.97894,250.0,4.447929859161377,2,WorldPop R2024B 100m constrained
3f8aa346-27bb-5b12-90a0-c23799398195,2023-04-14 08:58:00+00:00,21.71643,72.64986,250.0,445.2920837402344,19,WorldPop R2024B 100m constrained
7e2d68e4-e435-5ffa-83c3-7f46e7644d7d,2023-04-14 08:59:00+00:00,21.91687,72.80389,250.0,0.0,0,WorldPop R2024B 100m constrained
587676b4-a76b-5ef5-9f87-c31af76db07a,2023-04-15 07:48:00+00:00,21.87387,72.94341,250.0,0.0,0,WorldPop R2024B 100m constrained
793418f8-733b-5e6b-a705-85b476defc3a,2023-04-15 07:48:00+00:00,22.01589,72.9494,250.0,0.0,0,WorldPop R2024B 100m constrained
8983013e-a279-5a22-9a28-73f9e69c6b31,2023-04-15 07:48:00+00:00,22.02572,72.80717,250.0,0.0,0,WorldPop R2024B 100m constrained
8b297f99-553e-5ef1-811c-3d697c9649cf,2023-04-15 07:48:00+00:00,21.96163,72.59225,250.0,0.0,0,WorldPop R2024B 100m constrained
c350dc38-a7ca-5796-a63a-e2ebd7e226b6,2023-04-15 07:48:00+00:00,21.372635,72.666015,250.0,25.115650177001953,7,WorldPop R2024B 100m constrained
2a62de0e-0d90-5316-97b3-3b01a9c76363,2023-04-15 08:40:00+00:00,21.94747,72.93087,250.0,0.0,0,WorldPop R2024B 100m constrained
2e5948c9-1489-54a0-a443-00a280c635a8,2023-04-15 08:40:00+00:00,22.04393,72.87346,250.0,12.284134864807129,10,WorldPop R2024B 100m constrained
4dfd50d6-fc48-5fb9-b4e3-a7b7bd78045b,2023-04-15 08:40:00+00:00,21.77559,72.65826,250.0,3.00211501121521,1,WorldPop R2024B 100m constrained
16513514-4d5f-5f38-9c73-1714d10d0732,2023-04-16 07:29:00+00:00,21.51289,72.95061,250.0,0.0,0,WorldPop R2024B 100m constrained
2a3a88ea-7b8a-5598-bc24-6e5875bcde31,2023-04-16 07:29:00+00:00,21.7151,72.54767,250.0,0.0,0,WorldPop R2024B 100m constrained
3d2a42f6-9df6-503c-a0a2-0af9ccf056f0,2023-04-16 08:21:00+00:00,21.717135,72.544105,250.0,0.0,0,WorldPop R2024B 100m constrained
7340774a-4aa1-5b8d-99c5-1f49e2ff08c5,2023-04-16 08:21:00+00:00,22.08448,72.6014433333333,250.0,0.0,0,WorldPop R2024B 100m constrained
9a6270a1-5bb5-5d70-a6c3-71e64f33b119,2023-04-16 08:21:00+00:00,22.09196,72.79368,250.0,27.53420639038086,9,WorldPop R2024B 100m constrained
fb267196-e2f4-5937-ae24-6773b7acc5ce,2023-04-16 08:21:00+00:00,21.6214,72.77082,250.0,0.0,0,WorldPop R2024B 100m constrained
2b4c2f05-c99c-5fc8-b76f-ba6803c08873,2023-04-16 09:09:00+00:00,22.010365,72.758965,250.0,0.0,0,WorldPop R2024B 100m constrained
599786e5-dc98-543a-afbc-f3e842930b59,2023-04-16 09:09:00+00:00,21.90494,72.99084,250.0,5.916231155395508,2,WorldPop R2024B 100m constrained
fb4c18d2-c8ad-5abb-ab9a-957da55cf2ed,2023-04-16 09:09:00+00:00,22.08688,72.804485,250.0,0.0,0,WorldPop R2024B 100m constrained
24acb05a-961c-5314-ba04-db9f41585780,2023-04-16 20:50:00+00:00,21.78076,72.639,250.0,277.2176513671875,20,WorldPop R2024B 100m constrained
9dc6dc87-5163-51d1-843b-7b5d86f0c8bc,2023-04-17 08:02:00+00:00,21.458895,72.68431,250.0,1.677569031715393,2,WorldPop R2024B 100m constrained
1f6b49fb-6d08-5e16-b7e4-1e1a74fd620e,2023-04-17 08:51:00+00:00,21.89477,72.96538,250.0,0.0,0,WorldPop R2024B 100m constrained
5733f1d5-a076-5a28-b5c5-e7cbf70c25ef,2023-04-18 07:43:00+00:00,22.00349,72.65143,250.0,2.070194959640503,1,WorldPop R2024B 100m constrained
b3dd3a1a-0e19-5cf0-88b5-2e6d612db440,2023-04-18 07:43:00+00:00,21.48074,72.7533,250.0,0.0,0,WorldPop R2024B 100m constrained
ded0f1a2-3940-5517-ad9b-2e23e03409aa,2023-04-18 07:43:00+00:00,21.99089,72.69555,250.0,0.0,0,WorldPop R2024B 100m constrained
71a81a2c-3c92-5e10-97b9-b0c40175d00e,2023-04-18 08:32:00+00:00,21.71288,72.5479,250.0,0.0,0,WorldPop R2024B 100m constrained
829a1b99-6dd0-545b-a4eb-67aabbf3a720,2023-04-18 08:32:00+00:00,22.05051,72.8591,250.0,0.0,0,WorldPop R2024B 100m constrained
8be8d2de-923c-5b2d-a963-0e85947fb32f,2023-04-18 08:32:00+00:00,21.73028,72.83949,250.0,0.0,0,WorldPop R2024B 100m constrained
b0d4db0d-770e-502f-b866-3df9bc4bb328,2023-04-18 08:32:00+00:00,21.64799,72.89978,250.0,1.9092470407485962,1,WorldPop R2024B 100m constrained
7bebfd6c-fb0b-56db-87a5-f3542fc9eb47,2023-04-18 21:00:00+00:00,21.83008,72.80399,250.0,0.0,0,WorldPop R2024B 100m constrained
29da312b-9c95-5ad5-9919-f2ec39d39b04,2023-04-19 08:13:00+00:00,21.96143,72.61021,250.0,22.183181762695312,6,WorldPop R2024B 100m constrained
b9a43e97-fde4-5d19-9a2f-67c4fa83b1b0,2023-04-19 08:13:00+00:00,21.70591,72.77032,250.0,0.0,0,WorldPop R2024B 100m constrained
fff0e8cd-4491-57d8-ad27-0f8e2ba2f92d,2023-04-19 08:13:00+00:00,21.8974,72.77924,250.0,0.0,0,WorldPop R2024B 100m constrained
0c4f2eee-7e27-577b-92b2-014902cb104b,2023-04-19 19:53:00+00:00,22.036744,72.591114,250.0,0.0,0,WorldPop R2024B 100m constrained
21e55c84-5003-592f-a263-176f3ec18023,2023-04-20 07:54:00+00:00,21.51384,72.95824,250.0,5.856375694274902,2,WorldPop R2024B 100m constrained
3ae24b15-77a6-5da6-a700-f4e281acbc2e,2023-04-20 07:54:00+00:00,21.7284,72.778,250.0,0.0,0,WorldPop R2024B 100m constrained
e2709452-0256-588b-8ca2-a135c93549bd,2023-04-20 07:54:00+00:00,22.01971,72.74847,250.0,227.40676879882812,18,WorldPop R2024B 100m constrained
1d0fb520-da87-53f9-987a-4c6d62c4be7a,2023-04-20 08:46:00+00:00,21.6673,72.77052,250.0,0.0,0,WorldPop R2024B 100m constrained
805df984-4ccc-52f4-b05a-eac8b8a837ca,2023-04-20 08:46:00+00:00,22.08766,72.63766,250.0,0.0,0,WorldPop R2024B 100m constrained
ef52f2c5-9ff2-50b7-92b6-837187493f90,2023-04-20 08:46:00+00:00,21.41645,72.6741,250.0,18.82440757751465,8,WorldPop R2024B 100m constrained
27bc4db2-9331-5e1d-b9c9-af1d30a65a8a,2023-04-21 07:35:00+00:00,22.02715,72.84879,250.0,3.569369077682495,1,WorldPop R2024B 100m constrained
58ff3b78-466d-5415-9910-a3df9d08c97d,2023-04-21 07:35:00+00:00,22.05551,72.92178,250.0,0.0,0,WorldPop R2024B 100m constrained
6e835ad6-a3e2-5bfe-9335-50538556021c,2023-04-21 07:35:00+00:00,21.68764,72.6636,250.0,241.64627075195312,21,WorldPop R2024B 100m constrained
796a06c4-8a8d-5777-8a50-94be97422402,2023-04-21 07:35:00+00:00,22.0062,72.59685,250.0,0.0,0,WorldPop R2024B 100m constrained
d92a94de-38bc-5f6b-9fbd-4e62a5e31819,2023-04-21 07:35:00+00:00,22.08598,72.6271,250.0,0.0,0,WorldPop R2024B 100m constrained
4cf309df-3a02-5932-9da9-9ad35ab82bda,2023-04-21 08:27:00+00:00,22.057955,72.60823,250.0,0.0,0,WorldPop R2024B 100m constrained
4ed29360-2304-59d4-aa17-6c9596a93d54,2023-04-21 08:27:00+00:00,21.71172,72.646,250.0,233.87120056152344,22,WorldPop R2024B 100m constrained
6876b3d0-555d-522d-8969-da124286e2ee,2023-04-21 08:27:00+00:00,21.615725,72.87022,250.0,11.062019348144531,4,WorldPop R2024B 100m constrained
d4c13139-a145-5cd8-9648-bad75f03ad6e,2023-04-21 08:27:00+00:00,21.50707,72.81982,250.0,0.0,0,WorldPop R2024B 100m constrained
353189af-88b1-55fc-88a9-3e5af49a3429,2023-04-22 08:08:00+00:00,21.46325,72.66101,250.0,0.0,0,WorldPop R2024B 100m constrained
38a92f92-3234-5940-8ecc-207fed909b29,2023-04-22 08:08:00+00:00,21.79778,72.62263,250.0,3.303644895553589,1,WorldPop R2024B 100m constrained
8b7b2278-ec2c-545a-ac72-18df5d0a2c61,2023-04-22 08:08:00+00:00,21.733,72.606345,250.0,147.62445068359375,17,WorldPop R2024B 100m constrained
ac434997-fa09-56d7-8d51-fd0510c6488e,2023-04-22 08:08:00+00:00,21.47535,72.79515,250.0,0.0,0,WorldPop R2024B 100m constrained
f1a227ba-349e-5aff-93d9-6b83470a040a,2023-04-22 08:08:00+00:00,21.71379,72.72252,250.0,0.0,0,WorldPop R2024B 100m constrained
21ee0839-50d7-57bd-9f22-134975f47847,2023-04-22 08:57:00+00:00,21.40011,72.66188,250.0,34.20342254638672,9,WorldPop R2024B 100m constrained
602f36f2-236e-560f-86df-a90aa8f9cf8c,2023-04-22 08:57:00+00:00,21.51833,72.77477,250.0,0.0,0,WorldPop R2024B 100m constrained
7c9744a7-dffb-5bba-adcb-bc54bf8429cd,2023-04-22 08:57:00+00:00,21.93939,72.84993,250.0,18.832794189453125,4,WorldPop R2024B 100m constrained
a1e823c1-17bc-5f99-8ede-d71f40cc1776,2023-04-22 08:57:00+00:00,21.9736775,72.6256825,250.0,0.0,0,WorldPop R2024B 100m constrained
a6336edc-984a-50b2-9f50-3c98dc0a134c,2023-04-22 08:57:00+00:00,21.99375,72.80575,250.0,0.0,0,WorldPop R2024B 100m constrained
a6f5827b-31f6-58e8-8399-fe7deec51cf2,2023-04-22 08:57:00+00:00,21.49825,72.74546,250.0,3.290750026702881,2,WorldPop R2024B 100m constrained
ce208086-403f-56fa-8e32-358937b62a19,2023-04-22 08:57:00+00:00,22.07797,72.68743,250.0,0.0,0,WorldPop R2024B 100m constrained
4d3096f8-af94-5049-b46c-31cc3e0c9a38,2023-04-22 20:37:00+00:00,22.03266,72.58932,250.0,0.0,0,WorldPop R2024B 100m constrained
02225aab-964b-5233-b521-ac80b06e21c0,2023-04-23 07:49:00+00:00,21.62179,72.91914,250.0,97.00200653076172,13,WorldPop R2024B 100m constrained
24e073ba-987d-59b7-8340-b02f0e026e5a,2023-04-23 07:49:00+00:00,22.02363,72.62952,250.0,0.0,0,WorldPop R2024B 100m constrained
33703524-51d8-5dcf-89cc-2befcaa3851a,2023-04-23 07:49:00+00:00,22.01274,72.7964,250.0,0.0,0,WorldPop R2024B 100m constrained
92d95dd5-663d-5ab5-8c1d-f5d9866a81f0,2023-04-23 07:49:00+00:00,21.64255,72.82741,250.0,0.0,0,WorldPop R2024B 100m constrained
943d4a22-9ffc-5e8f-89b7-ccd87434780a,2023-04-23 07:49:00+00:00,21.44881,72.77422,250.0,0.0,0,WorldPop R2024B 100m constrained
b9cf1e9c-8af8-52b3-9228-f97fdcb2eaf0,2023-04-24 07:30:00+00:00,21.55392,72.80779,250.0,0.0,0,WorldPop R2024B 100m constrained
cf2cb5c0-74af-512a-a997-f700718dbb48,2023-04-24 08:19:00+00:00,22.03479,72.65434,250.0,0.0,0,WorldPop R2024B 100m constrained
fd9e1dcd-e254-527c-b321-767dfe1b6fdf,2023-04-24 08:19:00+00:00,21.64820125,72.82622625,250.0,0.0,0,WorldPop R2024B 100m constrained
25acca44-ffe9-5946-8971-8a0cf7cfffa1,2023-04-25 08:00:00+00:00,21.43002,72.927755,250.0,0.0,0,WorldPop R2024B 100m constrained
6550e8c4-0e07-5bfe-ad91-54c06776faf1,2023-04-25 08:00:00+00:00,22.03303,72.68338,250.0,2.5192229747772217,1,WorldPop R2024B 100m constrained
b1bb0fb3-0a5d-5c71-a297-4fea3ee34583,2023-04-25 08:00:00+00:00,22.04841,72.85519,250.0,0.0,0,WorldPop R2024B 100m constrained
f5d81efb-f955-5551-9f3b-cfa1a171555e,2023-04-25 08:00:00+00:00,22.01339,72.59851,250.0,0.0,0,WorldPop R2024B 100m constrained
4278426b-df65-5574-80cc-e42d62189c85,2023-04-25 08:52:00+00:00,22.085265,72.81694,250.0,53.300209045410156,13,WorldPop R2024B 100m constrained
62718b61-7ec4-53c5-a2c2-e1d87ec1ba3a,2023-04-25 08:52:00+00:00,21.99397,72.54871,250.0,22.88503646850586,10,WorldPop R2024B 100m constrained
46477476-6a80-5bd1-b6d2-029083a044c3,2023-04-25 20:29:00+00:00,21.90593,72.75511,250.0,129.72085571289062,17,WorldPop R2024B 100m constrained
0b16d5ce-1c65-5946-b50d-78b6ac3fcfbe,2023-04-26 07:42:00+00:00,21.62321,72.95025,250.0,44.87917709350586,9,WorldPop R2024B 100m constrained
0f1668a7-61ca-5f2f-82fe-89cb97ea26b9,2023-04-26 08:33:00+00:00,21.64621,72.82539,250.0,0.0,0,WorldPop R2024B 100m constrained
286f2c9c-703d-546d-91b2-cc5ee8effb2d,2023-04-26 08:33:00+00:00,22.09986,72.70128,250.0,11.0111083984375,6,WorldPop R2024B 100m constrained
7efc1a82-2fd1-549d-ad25-8c0af3f10e64,2023-04-26 08:33:00+00:00,22.00804,72.58076,250.0,0.0,0,WorldPop R2024B 100m constrained
a4c8fef5-fa55-5d4f-a619-41086b5c4a65,2023-04-26 08:33:00+00:00,21.82257,72.96449,250.0,0.0,0,WorldPop R2024B 100m constrained
faeb1d1e-5664-5d00-9a4f-fae1a4ce621f,2023-04-27 08:14:00+00:00,21.77662,72.73682,250.0,0.0,0,WorldPop R2024B 100m constrained
28bee387-79f1-5005-a7c5-e9cb18952354,2023-04-27 09:03:00+00:00,22.007345,72.72966,250.0,89.63346862792969,9,WorldPop R2024B 100m constrained
92e9cff0-4666-5f86-95c3-b17cd610bd63,2023-04-27 09:03:00+00:00,22.02378,72.64632,250.0,0.0,0,WorldPop R2024B 100m constrained
1e872c4c-0bba-5f88-b2fb-4c1c8030ccd9,2023-04-27 20:43:00+00:00,21.79465,72.6473733333333,250.0,326.9787292480469,20,WorldPop R2024B 100m constrained
995ea986-c6fe-5e4a-807e-458eb5a2e74b,2023-04-27 21:32:00+00:00,21.68855,72.56158,250.0,556.9658203125,25,WorldPop R2024B 100m constrained
40a44d82-1668-5ac5-afae-729989b77fd8,2023-04-29 08:26:00+00:00,22.03037,72.92081,250.0,0.0,0,WorldPop R2024B 100m constrained
172b4b24-0292-52a6-ba63-68a8eb7fff14,2023-04-30 08:07:00+00:00,21.56876,72.88932,250.0,8.00174331665039,3,WorldPop R2024B 100m constrained
9b89a8ab-02db-543f-9ce9-a60044f3c4ae,2023-04-30 08:07:00+00:00,21.86409,72.7062,250.0,9.170649528503418,3,WorldPop R2024B 100m constrained
0437786e-4d25-5188-a8ac-232d0111b226,2023-04-30 08:58:00+00:00,21.74561,72.74949,250.0,40.68846130371094,6,WorldPop R2024B 100m constrained
8a601c35-aab0-5106-a8c3-a6730be44a48,2023-04-30 08:58:00+00:00,21.99787,72.8306,250.0,0.0,0,WorldPop R2024B 100m constrained
d78ee780-1714-5760-8bfa-fdf0712cbff4,2023-05-02 07:29:00+00:00,22.07505,72.54464,250.0,0.0,0,WorldPop R2024B 100m constrained
37c8d9b1-7930-57a9-9d83-ee191db351c0,2023-05-02 08:20:00+00:00,21.40891,72.74643,250.0,65.93604278564453,10,WorldPop R2024B 100m constrained
e963848c-a168-5a1f-886c-4a7ade9279cb,2023-05-02 08:20:00+00:00,21.70915,72.65078,250.0,632.8590698242188,22,WorldPop R2024B 100m constrained
3306d888-cd64-50aa-8686-3c7923510c47,2023-05-02 09:10:00+00:00,21.74619,72.83075,250.0,13.642004013061523,4,WorldPop R2024B 100m constrained
5470c515-c9ea-52ce-8f35-799d28b57030,2023-05-03 08:51:00+00:00,21.73343,72.61076,250.0,5.107247829437256,1,WorldPop R2024B 100m constrained
84abcec1-175a-5beb-80f9-16d5a3115fd1,2023-05-04 07:43:00+00:00,21.8336225,72.658385,250.0,8.949647903442383,2,WorldPop R2024B 100m constrained
b8dcd429-abe5-567c-8c10-9a8e828b6dcf,2023-05-04 07:43:00+00:00,21.824005,72.63667,250.0,3.8134820461273193,1,WorldPop R2024B 100m constrained
c53182a9-37c2-59e9-bacf-edefcd0a9244,2023-05-04 08:32:00+00:00,22.04879,72.61623,250.0,0.0,0,WorldPop R2024B 100m constrained
6f9daafa-71b9-55f7-aa6c-95874264e3d9,2023-05-05 08:13:00+00:00,22.07142,72.60009,250.0,0.0,0,WorldPop R2024B 100m constrained
981d2a73-25c4-58ef-a490-158f10b1c7e8,2023-05-05 08:13:00+00:00,21.55753,72.91596,250.0,53.13272476196289,11,WorldPop R2024B 100m constrained
cb9b03b5-a9a2-56cc-853a-fa2c7b70adf3,2023-05-05 08:13:00+00:00,21.45691,72.66941,250.0,0.0,0,WorldPop R2024B 100m constrained
7adb2b03-cc0e-5057-8cf9-9ee1c0e03bb4,2023-05-06 08:46:00+00:00,21.99622,72.74055,250.0,6.78657341003418,2,WorldPop R2024B 100m constrained
6e2d8807-fa49-5f1f-b6ef-a7eff7b5781e,2023-05-07 07:35:00+00:00,21.760335,72.67006,250.0,0.0,0,WorldPop R2024B 100m constrained
4215755b-a9d3-5c94-a6e0-de0753edd573,2023-05-07 08:27:00+00:00,21.40415,72.67686,250.0,17.608896255493164,4,WorldPop R2024B 100m constrained
a57dd87a-a84a-535f-944f-d43e6d6a0e66,2023-05-07 09:16:00+00:00,21.7059,72.802,250.0,56.01298522949219,16,WorldPop R2024B 100m constrained
f64f10bc-3d57-5a0f-82e5-dae2e918624b,2023-05-07 09:16:00+00:00,21.782925,72.714975,250.0,0.0,0,WorldPop R2024B 100m constrained
bd334619-5de9-5a62-9540-222a198944ab,2023-05-07 20:55:00+00:00,21.43342,72.97529,250.0,9.155710220336914,2,WorldPop R2024B 100m constrained
4c673093-5ab5-5b25-bde5-e070971b9dcb,2023-05-08 08:08:00+00:00,21.41771,72.88615,250.0,454.6658935546875,24,WorldPop R2024B 100m constrained
8ee251f0-1f83-53f7-a544-17f90ac38f70,2023-05-08 08:08:00+00:00,21.71879,72.69961,250.0,207.94252014160156,15,WorldPop R2024B 100m constrained
d9477d57-a923-5859-a919-f5489eae43c2,2023-05-08 08:08:00+00:00,21.72862,72.81944,250.0,70.31353759765625,14,WorldPop R2024B 100m constrained
fb7b11e2-969e-54fd-94d0-e2e6516cb0f8,2023-05-08 08:08:00+00:00,21.849425,72.955705,250.0,166.24588012695312,15,WorldPop R2024B 100m constrained
21e78936-1c4e-5d83-a4f5-c8b8acc11ed2,2023-05-08 08:57:00+00:00,22.07017,72.7364,250.0,0.0,0,WorldPop R2024B 100m constrained
24184a9b-eef0-5bbd-af14-550e809d05ff,2023-05-08 08:57:00+00:00,22.01007,72.83005,250.0,0.0,0,WorldPop R2024B 100m constrained
2bf668bd-38b9-5d29-a056-65a3ea363eb8,2023-05-08 08:57:00+00:00,21.48614,72.6991,250.0,0.0,0,WorldPop R2024B 100m constrained
39ace98f-0654-5da0-b86a-88a35002a13f,2023-05-08 08:57:00+00:00,22.02393,72.809605,250.0,51.00702667236328,10,WorldPop R2024B 100m constrained
39c6947f-e4db-5f9d-9e2e-75bc5131c938,2023-05-08 08:57:00+00:00,21.89717,72.65868,250.0,11.177681922912598,4,WorldPop R2024B 100m constrained
50060246-5f26-5a33-b885-7e76a1164df8,2023-05-08 08:57:00+00:00,21.795025,72.647815,250.0,435.2503967285156,22,WorldPop R2024B 100m constrained
7b465d72-ec4a-5c42-8427-a4aae4fd1f6b,2023-05-08 08:57:00+00:00,21.42772,72.79585,250.0,0.0,0,WorldPop R2024B 100m constrained
977fadc4-ba3e-51bb-a9c1-5aa7bb59b1e1,2023-05-09 07:49:00+00:00,21.92093,72.79616,250.0,15.799684524536133,4,WorldPop R2024B 100m constrained
e2f7a0cc-1960-5145-8e1e-b0e5f1144f57,2023-05-09 07:49:00+00:00,21.83267,72.6346525,250.0,0.0,0,WorldPop R2024B 100m constrained
543d5614-0c67-5d95-b4fd-5a2367486166,2023-05-09 08:38:00+00:00,21.9896,72.56696,250.0,0.0,0,WorldPop R2024B 100m constrained
5c9c25a6-4398-5705-ac55-f7eb4ca881d8,2023-05-09 08:38:00+00:00,22.02079,72.77932,250.0,0.0,0,WorldPop R2024B 100m constrained
1fbb367e-0bc4-53e2-8f72-8ed3287ece7f,2023-05-10 07:30:00+00:00,22.00654,72.71893,250.0,3.8486459255218506,1,WorldPop R2024B 100m constrained
5a9a23a7-7a22-5076-a4bc-79cda4e55d8f,2023-05-10 07:30:00+00:00,22.082215,72.80608,250.0,0.0,0,WorldPop R2024B 100m constrained
e1b6c7b0-53b7-5d4c-bae9-e45bb559d19f,2023-05-10 07:30:00+00:00,22.07128,72.73704,250.0,0.0,0,WorldPop R2024B 100m constrained
3a70eb04-29a6-5907-9e85-c7cb613f25ca,2023-05-10 08:19:00+00:00,21.43598,72.91601,250.0,14.330509185791016,4,WorldPop R2024B 100m constrained
7353cba9-41a4-5573-9c51-b2c0bff92fd0,2023-05-10 08:19:00+00:00,21.6392,72.834155,250.0,0.0,0,WorldPop R2024B 100m constrained
6b3a919e-90df-59c8-953b-db798ab0b37a,2023-05-10 09:11:00+00:00,21.96068,72.93351,250.0,1.4160490036010742,1,WorldPop R2024B 100m constrained
a3bc03a1-384a-5deb-b568-88cca980d551,2023-05-10 09:11:00+00:00,22.03898,72.86622,250.0,3.5379269123077393,1,WorldPop R2024B 100m constrained
a80d02f7-5544-5bbe-86b7-c41b5949a1a2,2023-05-10 09:11:00+00:00,22.08856,72.64546,250.0,10.035867691040039,3,WorldPop R2024B 100m constrained
bab3c1dc-047c-5e6e-84cf-b1928f450830,2023-05-10 09:11:00+00:00,21.6352,72.96819,250.0,361.55474853515625,24,WorldPop R2024B 100m constrained
20b18501-73fd-578c-95d7-ca077f49f9b6,2023-05-10 19:59:00+00:00,21.686215,72.562426,250.0,787.6289672851562,22,WorldPop R2024B 100m constrained
4426b4de-be8b-5c39-a24e-cca62f3c8e47,2023-05-11 08:52:00+00:00,22.066175,72.767505,250.0,4.669693946838379,2,WorldPop R2024B 100m constrained
e3f92059-fc13-5ea3-97fc-7b119356df81,2023-05-11 08:52:00+00:00,21.97926,72.8828,250.0,48.491912841796875,14,WorldPop R2024B 100m constrained
3fbc13a5-bf1c-5b18-ae14-b956f56445bd,2023-05-12 07:42:00+00:00,22.04066,72.58649,250.0,0.0,0,WorldPop R2024B 100m constrained
c0a7b76d-2dc8-5242-8c96-bf454eb9982d,2023-05-12 07:42:00+00:00,21.6953,72.73376,250.0,3.890120029449463,1,WorldPop R2024B 100m constrained
c1fc6a14-939c-55e4-8583-872a50489971,2023-05-12 07:42:00+00:00,21.69492,72.78129,250.0,2.724414110183716,1,WorldPop R2024B 100m constrained
eb637d74-c11e-5428-8cfb-3862627c1db4,2023-05-12 07:42:00+00:00,21.93374,72.67268,250.0,3.8223061561584473,2,WorldPop R2024B 100m constrained
f3df1999-3289-5a29-96de-3e74eb70b355,2023-05-12 20:10:00+00:00,21.920455,72.68541,250.0,0.0,0,WorldPop R2024B 100m constrained
26c9e172-c370-5609-8b39-667fb2c98ccb,2023-05-13 09:03:00+00:00,22.08488,72.76431,250.0,0.0,0,WorldPop R2024B 100m constrained
2fa7b12f-97ca-53e9-8c34-666401df3b34,2023-05-13 09:03:00+00:00,21.46929,72.70074,250.0,0.0,0,WorldPop R2024B 100m constrained
3d76d4af-889d-56cd-ad71-d246b716b836,2023-05-13 09:03:00+00:00,22.04023,72.7859,250.0,26.377775192260742,7,WorldPop R2024B 100m constrained
56752b4e-4cdf-5ba4-afdb-23e44bced652,2023-05-13 09:03:00+00:00,22.061005,72.62057,250.0,48.87248992919922,8,WorldPop R2024B 100m constrained
7a7b1c9e-bce1-59c3-9e6a-e279f16d54ab,2023-05-13 09:03:00+00:00,21.95857,72.52859,250.0,9.543591499328613,6,WorldPop R2024B 100m constrained
349258c1-2a2a-5cc1-9b93-7a6babb80137,2023-05-14 07:55:00+00:00,21.44337,72.82595,250.0,49.150634765625,6,WorldPop R2024B 100m constrained
737e820c-bf31-58b9-aa15-6fb89a701594,2023-05-14 07:55:00+00:00,21.41597,72.82197,250.0,329.34429931640625,24,WorldPop R2024B 100m constrained
6864e029-b04a-59cf-aaaf-cb2ab051fba8,2023-05-14 08:44:00+00:00,21.68962,72.95101,250.0,119.27239227294922,12,WorldPop R2024B 100m constrained
7c5d45ce-e394-5e79-a492-1855a9e72436,2023-05-14 08:44:00+00:00,21.46083,72.97863,250.0,1.6599370241165161,1,WorldPop R2024B 100m constrained
96ab309b-7698-59ff-8525-288fb1c548cd,2023-05-14 08:44:00+00:00,21.684235,72.532825,250.0,579.5287475585938,23,WorldPop R2024B 100m constrained
d139b89e-4395-56fd-a5e1-211904a36099,2023-05-14 08:44:00+00:00,21.48439,72.95819,250.0,97.17890167236328,15,WorldPop R2024B 100m constrained
f8d47bb7-532f-52b8-8f48-2c88b8983bc3,2023-05-14 08:44:00+00:00,21.641375,72.83435,250.0,0.0,0,WorldPop R2024B 100m constrained
7a477a9d-71b6-503f-a1ca-0f46628024f4,2023-05-15 07:36:00+00:00,21.72314,72.6311757142857,250.0,191.68429565429688,16,WorldPop R2024B 100m constrained
881cd39f-da83-5528-a329-b75f015bb529,2023-05-15 07:36:00+00:00,21.42995,72.792135,250.0,5.925690650939941,2,WorldPop R2024B 100m constrained
3cffbc59-2673-58fe-a530-03b26cda28d7,2023-05-15 08:26:00+00:00,21.8264933333333,72.9546233333333,250.0,0.0,0,WorldPop R2024B 100m constrained
46f520d3-cf1d-5c97-bb38-8541efd4b5b1,2023-05-15 08:26:00+00:00,21.87691,72.73299,250.0,9.940765380859375,3,WorldPop R2024B 100m constrained
28b751b5-b74d-5f9e-9629-457ea3d4e4fd,2023-05-16 08:07:00+00:00,21.94977,72.55853,250.0,339.1829833984375,21,WorldPop R2024B 100m constrained
c4efdf86-73a1-5c85-ad67-f8d065eed991,2023-05-16 08:07:00+00:00,21.5305,72.74358,250.0,5.875882625579834,3,WorldPop R2024B 100m constrained
dbd8a517-de6f-54ef-91aa-66a8d193a15f,2023-05-16 08:07:00+00:00,21.80995,72.85235,250.0,0.0,0,WorldPop R2024B 100m constrained
97626f1f-b5a4-5c45-8ffd-119086e52f41,2023-05-16 08:58:00+00:00,22.014035,72.731285,250.0,357.4770812988281,21,WorldPop R2024B 100m constrained
daf2f2ba-e781-5acb-9d07-9d1e119741cc,2023-05-17 07:48:00+00:00,21.693145,72.654805,250.0,196.16488647460938,14,WorldPop R2024B 100m constrained
6c9c5085-7184-5a1a-97ea-04d6bdd12f41,2023-05-17 08:39:00+00:00,21.48607,72.7504,250.0,0.0,0,WorldPop R2024B 100m constrained
da834a7b-75d7-517f-a53e-a2132144bad9,2023-05-17 08:39:00+00:00,22.01501,72.95403,250.0,5.646986961364746,2,WorldPop R2024B 100m constrained
67ba8adb-555d-5df4-96c1-6fdd63137805,2023-05-18 08:20:00+00:00,21.90595,72.99567,250.0,10.934572219848633,4,WorldPop R2024B 100m constrained
6eb22206-d721-5ad6-89a4-1b5662ba4123,2023-05-18 09:10:00+00:00,22.09801,72.88967,250.0,18.932174682617188,6,WorldPop R2024B 100m constrained
8e70ea53-20d5-5f5f-af2f-40fd20513816,2023-05-18 09:10:00+00:00,21.69711,72.65343,250.0,0.0,0,WorldPop R2024B 100m constrained
f72dd1be-5b65-5796-9d1c-cf0e9bea7971,2023-05-18 09:10:00+00:00,22.037665,72.789945,250.0,0.0,0,WorldPop R2024B 100m constrained
748a6b3e-20a7-55f5-bde1-249c346e10b6,2023-05-20 07:43:00+00:00,21.95094,72.79194,250.0,21.47801971435547,4,WorldPop R2024B 100m constrained
ae583ec7-5082-5489-9dfb-bd263dffb35b,2023-05-20 07:43:00+00:00,21.99234,72.85525,250.0,226.1010284423828,21,WorldPop R2024B 100m constrained
10688b4f-3c25-5634-9402-eb4c618778eb,2023-05-20 08:32:00+00:00,21.8776,72.8252,250.0,0.0,0,WorldPop R2024B 100m constrained
85fcbd7c-f447-5214-b33b-e6febf9eeee7,2023-05-21 08:13:00+00:00,21.84603,72.98584,250.0,0.0,0,WorldPop R2024B 100m constrained
5185bfb7-318c-5c03-bd76-85a8124a0b2f,2023-05-21 09:04:00+00:00,22.0405,72.812595,250.0,57.65177536010742,12,WorldPop R2024B 100m constrained
7e9f3c98-110a-59fc-93d9-b773cc2c3f61,2023-05-21 09:04:00+00:00,21.371645,72.7191,250.0,0.0,0,WorldPop R2024B 100m constrained
90a3b6cb-d4b6-5e34-8069-57987399c113,2023-05-21 09:04:00+00:00,22.07485,72.7547566666667,250.0,74.15411376953125,9,WorldPop R2024B 100m constrained
977f4003-27c8-5a4a-9d05-7a5496ba3fd3,2023-05-22 07:54:00+00:00,22.08824,72.84084,250.0,191.4727783203125,19,WorldPop R2024B 100m constrained
bb7c7191-390e-59b3-b5bd-5069174714c9,2023-05-22 07:54:00+00:00,21.71287,72.80217,250.0,116.11946868896484,15,WorldPop R2024B 100m constrained
e9aaa9db-9c9e-586d-8efe-4ac18cf1035e,2023-05-22 07:54:00+00:00,21.50719,72.95967,250.0,8.18091106414795,2,WorldPop R2024B 100m constrained
30657e89-18dc-55a0-8c3e-3a7b4c52ff59,2023-05-22 08:45:00+00:00,21.55293,72.89045,250.0,0.0,0,WorldPop R2024B 100m constrained
93ff7f4e-cee4-5c3a-bc63-d7c36db96da1,2023-05-22 08:45:00+00:00,22.01858,72.99686,250.0,5.377033233642578,2,WorldPop R2024B 100m constrained
d3ec2bfc-ab48-5787-ae4e-49dec1406809,2023-05-22 08:45:00+00:00,21.752805,72.65765,250.0,151.9229736328125,20,WorldPop R2024B 100m constrained
9d7cccb5-7706-5f1f-909e-328c4b0b18b7,2023-05-22 21:14:00+00:00,21.90477,72.75558,250.0,108.06172180175781,14,WorldPop R2024B 100m constrained
5c262d99-b9a9-570d-8f17-97c118992c51,2023-05-23 07:35:00+00:00,21.9775566666667,72.85479,250.0,2.7604010105133057,1,WorldPop R2024B 100m constrained
0e427fd9-c490-5d87-a882-ef6b95a8650b,2023-05-23 08:26:00+00:00,21.63818,72.95735,250.0,32.98436737060547,10,WorldPop R2024B 100m constrained
4a575b04-d10e-5290-a48d-8f5e071320d0,2023-05-23 08:26:00+00:00,21.64297,72.82382,250.0,0.0,0,WorldPop R2024B 100m constrained
b436b18d-cfbe-5eb3-b2a9-7f976b8ff486,2023-05-23 08:26:00+00:00,21.965385,72.77442,250.0,6.667341232299805,3,WorldPop R2024B 100m constrained
64af4623-9726-53e2-bb92-3f2b28680df8,2023-05-23 08:27:00+00:00,22.03763,72.77793,250.0,53.1351432800293,10,WorldPop R2024B 100m constrained
7926cf0d-3998-5f47-98b9-8655b5688c68,2023-05-23 09:16:00+00:00,21.68335,72.64546,250.0,0.0,0,WorldPop R2024B 100m constrained
f58888a3-e03e-5562-8308-eb54cd62515b,2023-05-23 20:04:00+00:00,21.794314,72.64702,250.0,300.8477783203125,20,WorldPop R2024B 100m constrained
1a409210-362c-549a-babb-6f38dc2efe36,2023-05-24 08:08:00+00:00,21.70971,72.82821,250.0,387.6371154785156,21,WorldPop R2024B 100m constrained
27caa24c-1a02-530d-8c37-4add322dc831,2023-05-24 08:08:00+00:00,21.94059,72.6717866666667,250.0,0.0,0,WorldPop R2024B 100m constrained
c8d52ccb-2bd7-5791-b94c-9b2094d65a15,2023-05-24 08:08:00+00:00,21.62535,72.99116,250.0,635.0376586914062,19,WorldPop R2024B 100m constrained
6d04214d-5c4d-5197-b642-001368238e07,2023-05-24 08:57:00+00:00,22.00076,72.638945,250.0,0.0,0,WorldPop R2024B 100m constrained
ab5b0b3f-03dc-5974-a237-2874fbc570db,2023-05-24 08:57:00+00:00,21.4277775,72.9732575,250.0,54.98426055908203,6,WorldPop R2024B 100m constrained
ac319672-046b-53b5-8046-775d268de17c,2023-05-24 08:57:00+00:00,21.89218,72.78319,250.0,23.684377670288086,7,WorldPop R2024B 100m constrained
18352225-c717-5c10-8971-06bb87893f2f,2023-05-24 21:26:00+00:00,21.37091,72.91749,250.0,0.0,0,WorldPop R2024B 100m constrained
90b624c7-d91c-5545-bc39-b526bc74c642,2023-05-25 07:49:00+00:00,21.49919,72.838005,250.0,0.0,0,WorldPop R2024B 100m constrained
982d9996-b076-5afb-bdf5-49dc66935386,2023-05-25 07:49:00+00:00,21.99027,72.98617,250.0,16.543701171875,6,WorldPop R2024B 100m constrained
9060928d-2bfb-5c6f-aac5-efacdb7b03eb,2023-05-25 08:38:00+00:00,22.01887,72.8504,250.0,20.55734634399414,9,WorldPop R2024B 100m constrained
f4335949-0765-55b6-9cda-71f7e86a439f,2023-05-25 20:18:00+00:00,21.684985,72.56239,250.0,958.0656127929688,24,WorldPop R2024B 100m constrained
8559bbcd-ad7a-56be-8022-f2c504cda75c,2023-05-26 07:30:00+00:00,21.56279,72.89921,250.0,0.853996992111206,1,WorldPop R2024B 100m constrained
9fb05d3d-27c8-52b3-9070-fec64fb9c197,2023-05-26 08:19:00+00:00,22.05643,72.88011,250.0,11.020105361938477,3,WorldPop R2024B 100m constrained
b961f2b4-d66e-560e-91a8-6572a4e6efa6,2023-05-26 08:19:00+00:00,21.68659,72.5319,250.0,292.41839599609375,19,WorldPop R2024B 100m constrained
d08817cd-b327-59bd-8a4a-d8e7ea0840e1,2023-05-26 08:19:00+00:00,22.03211,72.98676,250.0,0.0,0,WorldPop R2024B 100m constrained
db8e3e11-ff85-5ba1-a33b-1d68da1fee9b,2023-05-26 08:19:00+00:00,21.86711,72.88705,250.0,4.934627056121826,1,WorldPop R2024B 100m constrained
93eff523-238a-58c9-b1bd-ead978e65656,2023-05-27 08:00:00+00:00,21.8325,72.65323,250.0,121.5708999633789,17,WorldPop R2024B 100m constrained
eee423df-47ec-530c-9da1-26fcff1e533c,2023-05-27 08:52:00+00:00,22.00716,72.771,250.0,0.0,0,WorldPop R2024B 100m constrained
0e87e818-6ee6-536d-acd2-e3cd64621e7b,2023-05-27 20:29:00+00:00,21.563405,72.91605,250.0,177.383056640625,14,WorldPop R2024B 100m constrained
3f67ca2d-b535-5098-9ad7-4fee9a814e2f,2023-05-28 07:42:00+00:00,21.939165,72.678945,250.0,1.713536024093628,1,WorldPop R2024B 100m constrained
6ea7d445-c498-57ed-98c9-944d510394b9,2023-05-28 08:33:00+00:00,21.82131,72.70504,250.0,0.0,0,WorldPop R2024B 100m constrained
df616ac3-e5d0-51ab-a37f-e8b4653ed170,2023-05-28 08:33:00+00:00,21.95093,72.78539,250.0,0.0,0,WorldPop R2024B 100m constrained
f96727d0-132c-53b9-b528-681eb8dc8f77,2023-05-28 08:33:00+00:00,21.4322,72.97332,250.0,0.0,0,WorldPop R2024B 100m constrained
5be5996c-b14e-54eb-9326-e3e399e54602,2023-05-29 07:23:00+00:00,21.72285,72.6735766666667,250.0,197.03990173339844,17,WorldPop R2024B 100m constrained
4ef40fda-37e5-5269-9ccc-9ef76dee8bb4,2023-05-29 08:14:00+00:00,21.79406,72.64751,250.0,287.5030212402344,21,WorldPop R2024B 100m constrained
527a9ed9-7c57-5d26-9c7f-d69fc1d2f2be,2023-05-29 09:03:00+00:00,22.02001,72.64795,250.0,0.0,0,WorldPop R2024B 100m constrained
0e35de31-8dc6-5c75-a702-6f6ad0a51282,2023-05-30 07:55:00+00:00,21.89249,72.723195,250.0,12.88814926147461,2,WorldPop R2024B 100m constrained
98cd6f44-559a-5df2-9469-25cbfbc64def,2023-05-30 07:55:00+00:00,21.4536,72.747875,250.0,0.0,0,WorldPop R2024B 100m constrained
f8ef0674-b1e7-50b6-94d6-b4ff4692b4a5,2023-05-30 07:55:00+00:00,22.020325,72.878455,250.0,0.0,0,WorldPop R2024B 100m constrained
211d53d7-0df8-584d-8fed-2999d0bebe24,2023-05-30 08:44:00+00:00,21.70702,72.76069,250.0,4.135735034942627,2,WorldPop R2024B 100m constrained
6b33c9b9-f4f2-5308-bfb5-05f5ff28f853,2023-05-30 08:44:00+00:00,22.04033,72.82139,250.0,3.5030291080474854,1,WorldPop R2024B 100m constrained
8cd4ee69-6ffd-5365-9fba-b18a253f1322,2023-05-30 08:44:00+00:00,21.44206,72.9795566666667,250.0,20.56887435913086,3,WorldPop R2024B 100m constrained
b911dbd0-ac5c-545d-a647-56742d64d925,2023-05-30 08:44:00+00:00,21.75031,72.72979,250.0,122.51242065429688,22,WorldPop R2024B 100m constrained
4824f885-e738-5b1b-a0b3-9ccaa20fe581,2023-05-31 07:36:00+00:00,21.966875,72.80299,250.0,0.0,0,WorldPop R2024B 100m constrained
9c60f7d8-d9ac-5463-afae-5b2952ec7974,2023-05-31 07:36:00+00:00,22.06985,72.737645,250.0,0.0,0,WorldPop R2024B 100m constrained
c70782c4-af79-59ff-8e5c-3bfdb20c15bb,2023-05-31 07:36:00+00:00,22.00874,72.89405,250.0,0.0,0,WorldPop R2024B 100m constrained
d6b76099-378c-51f5-822a-b9d0a7bc626a,2023-05-31 08:25:00+00:00,21.57214,72.95655,250.0,3.602113962173462,1,WorldPop R2024B 100m constrained
58beb271-5aa7-56ad-a464-57d4c9792419,2023-05-31 08:26:00+00:00,22.02275,72.84363,250.0,0.0,0,WorldPop R2024B 100m constrained
e3b9598b-5cad-5e0e-9273-4e529253ff27,2023-05-31 08:26:00+00:00,22.090085,72.5573,250.0,39.71617889404297,11,WorldPop R2024B 100m constrained
f016df5c-972b-59f6-9ccc-f6dd8831884b,2023-05-31 20:54:00+00:00,21.68727,72.56487,250.0,753.6546020507812,21,WorldPop R2024B 100m constrained
e1ce1971-df79-5fb2-84f8-3ca0466fd7a7,2023-06-01 08:07:00+00:00,21.7192233333333,72.68253,250.0,189.46664428710938,16,WorldPop R2024B 100m constrained
16442b05-e938-5237-9a28-f9197773c835,2023-06-01 08:58:00+00:00,21.83616,72.95488,250.0,0.0,0,WorldPop R2024B 100m constrained
9fd6f739-1250-533b-bc0d-43984c75935d,2023-06-01 08:58:00+00:00,21.83303,72.65606,250.0,8.922967910766602,2,WorldPop R2024B 100m constrained
c69aac68-05f3-5022-8ed9-8548781689c9,2023-06-01 08:58:00+00:00,21.69275,72.72629,250.0,0.0,0,WorldPop R2024B 100m constrained
5693e232-515b-577c-bb3a-ec8681d8331a,2023-06-01 21:26:00+00:00,21.562385,72.91533,250.0,167.1471405029297,15,WorldPop R2024B 100m constrained
7bf09742-8989-5a0c-887d-696b8e9e46bd,2023-06-03 08:20:00+00:00,21.75165,72.84183,250.0,0.0,0,WorldPop R2024B 100m constrained
d32dfb7b-d486-5df6-a8c3-9d434a8beb47,2023-06-03 08:20:00+00:00,21.8782,72.96017,250.0,0.0,0,WorldPop R2024B 100m constrained
45827b10-7662-519f-a3c5-4cdf595976fe,2023-06-04 08:01:00+00:00,22.07917,72.78925,250.0,7.282622814178467,2,WorldPop R2024B 100m constrained
3da78a0c-dce0-5fc6-a712-2b65acb43309,2023-06-04 08:51:00+00:00,22.050935,72.740025,250.0,0.0,0,WorldPop R2024B 100m constrained
858427cb-3b19-5a80-b994-699115609d95,2023-06-04 08:51:00+00:00,21.50236,72.73373,250.0,0.0,0,WorldPop R2024B 100m constrained
bb2fb79a-263e-538f-a47c-4abd9b0998df,2023-06-04 08:51:00+00:00,21.73272,72.6812,250.0,158.5894012451172,18,WorldPop R2024B 100m constrained
98d79f82-4d62-51cc-b20e-50ccc3b74a8c,2023-06-05 07:42:00+00:00,21.79548,72.64758,250.0,439.5368347167969,21,WorldPop R2024B 100m constrained
f53e73b7-6087-5963-93b1-d96d5da70c6c,2023-06-05 08:32:00+00:00,21.77061,72.75735,250.0,0.0,0,WorldPop R2024B 100m constrained
28c5979a-b51d-5b1c-9814-f6cfdcc6f3a5,2023-06-06 08:13:00+00:00,21.70821,72.67544,250.0,22.168350219726562,3,WorldPop R2024B 100m constrained
bf4ecd6f-3276-5f73-8ad8-8ec17aab6e46,2023-06-06 08:13:00+00:00,21.94743,72.78493,250.0,64.78556060791016,10,WorldPop R2024B 100m constrained
fbe057be-3ea2-5b8d-9393-94d6585028e1,2023-06-06 08:13:00+00:00,21.840865,72.711845,250.0,0.0,0,WorldPop R2024B 100m constrained
1437f573-210f-5a9a-9635-ec2225f078a6,2023-06-06 08:13:00+00:00,21.85821,72.88553,250.0,39.06389236450195,15,WorldPop R2024B 100m constrained
973eafe1-8382-5af3-b141-e58f69a404ac,2023-06-06 21:33:00+00:00,21.68692,72.56404,250.0,895.08251953125,25,WorldPop R2024B 100m constrained
820e901c-db4d-5eab-ab1b-08e270f46388,2023-06-07 07:54:00+00:00,21.46455,72.66966,250.0,5.807160377502441,2,WorldPop R2024B 100m constrained
49f6322c-3337-569c-874b-2cb2dcbad41f,2023-06-07 21:14:00+00:00,21.90503,72.75517,250.0,115.19466400146484,16,WorldPop R2024B 100m constrained
5b1d54a2-d006-5a60-9b99-1e867b41bfe2,2023-06-08 08:26:00+00:00,21.66927,72.93404,250.0,64.6336669921875,16,WorldPop R2024B 100m constrained
649c6607-4c4c-5139-aafe-a0a04cd53d95,2023-06-08 08:26:00+00:00,21.97225,72.86049,250.0,0.0,0,WorldPop R2024B 100m constrained
c3fe11a2-0ac3-5bec-82f9-6d429a9f636f,2023-06-08 08:26:00+00:00,21.94412,72.93595,250.0,0.0,0,WorldPop R2024B 100m constrained
ed9605b1-98f1-5d20-a90f-9ad6e2c49916,2023-06-08 08:26:00+00:00,22.00279,72.76154,250.0,0.0,0,WorldPop R2024B 100m constrained
c60450c6-5e2c-56c9-be3e-cf4a855cd4bd,2023-06-08 09:16:00+00:00,22.047155,72.78057,250.0,53.97216033935547,11,WorldPop R2024B 100m constrained
b24ae399-050e-54b8-ba77-ac8179ce3bc8,2023-06-08 20:55:00+00:00,21.5477,72.99865,250.0,723.024658203125,20,WorldPop R2024B 100m constrained
048f5a89-24e2-5617-8932-1d9bd2c12f5f,2023-06-09 08:07:00+00:00,21.9561833333333,72.80306,250.0,2.3122260570526123,1,WorldPop R2024B 100m constrained
1885b5c3-a711-51c8-b764-284f4b2b7e77,2023-06-09 08:07:00+00:00,21.42405,72.98392,250.0,100.44357299804688,12,WorldPop R2024B 100m constrained
855536a2-5341-58a1-8cd6-cd5cd27c503e,2023-06-09 08:07:00+00:00,21.94744,72.78112,250.0,38.123992919921875,5,WorldPop R2024B 100m constrained
cb08df20-85d0-5a3f-b398-29c1aba54e09,2023-06-09 08:07:00+00:00,21.734075,72.792905,250.0,37.91404724121094,11,WorldPop R2024B 100m constrained
e9f7fa11-aba9-5ad3-aa44-b795fe47b8ef,2023-06-09 08:07:00+00:00,21.72501,72.72028,250.0,228.35833740234375,18,WorldPop R2024B 100m constrained
46d24681-1570-543e-9d1e-3b031382a601,2023-06-09 08:57:00+00:00,21.90846,72.97797,250.0,0.0,0,WorldPop R2024B 100m constrained
7013b11d-7c7f-5b41-b929-646305677a08,2023-06-09 08:57:00+00:00,22.04455,72.84616,250.0,3.8534810543060303,1,WorldPop R2024B 100m constrained
a964971d-97b8-56d4-b7ad-fc4714b81194,2023-06-09 08:57:00+00:00,21.8298,72.93247,250.0,22.426450729370117,7,WorldPop R2024B 100m constrained
e40389b3-76d7-56e9-bc68-d9e9d07f2e9d,2023-06-09 08:57:00+00:00,21.84675,72.88956,250.0,0.0,0,WorldPop R2024B 100m constrained
e5d22603-1866-538d-ab86-2375222cdf76,2023-06-09 20:36:00+00:00,21.687345,72.53611,250.0,631.7467041015625,22,WorldPop R2024B 100m constrained
c551b132-f1bd-5ead-bb81-e429e36ef0c4,2023-06-10 08:38:00+00:00,21.97967,72.87139,250.0,241.48265075683594,18,WorldPop R2024B 100m constrained
c6fb07c9-6add-5e82-8dc3-dd84d157901d,2023-06-10 08:38:00+00:00,21.7244,72.70739,250.0,117.22296142578125,15,WorldPop R2024B 100m constrained
8b928ee8-d4ac-5a7f-94b0-c17101e64d1a,2023-06-10 21:07:00+00:00,21.59438,72.99976,250.0,248.12521362304688,10,WorldPop R2024B 100m constrained
fdfcfa59-9fd2-5eb0-b820-f431908afb4a,2023-06-11 07:30:00+00:00,22.0048133333333,72.7736833333333,250.0,0.0,0,WorldPop R2024B 100m constrained
16f846dc-c873-5998-972e-76db7e96cc6e,2023-06-11 08:19:00+00:00,21.80366,72.91357,250.0,0.0,0,WorldPop R2024B 100m constrained
1b0371e2-7567-5940-8b19-2745aa8ab037,2023-06-11 08:19:00+00:00,21.71238,72.76284,250.0,0.0,0,WorldPop R2024B 100m constrained
3ecac078-2714-50e5-9d2d-a433c54cfe9d,2023-06-11 08:19:00+00:00,21.62542,72.94872,250.0,79.2845458984375,14,WorldPop R2024B 100m constrained
61136f2b-a035-591c-b124-98dfe892dd79,2023-06-11 08:19:00+00:00,21.43232,72.97507,250.0,4.608419895172119,1,WorldPop R2024B 100m constrained
fada0b4a-41cf-567b-a4f2-701c4da7013d,2023-06-11 09:10:00+00:00,21.45286,72.672285,250.0,14.002589225769043,9,WorldPop R2024B 100m constrained
8a25c34f-efb3-5943-8c6f-19240c7ce489,2023-06-11 20:48:00+00:00,21.37884,72.67997,250.0,33.26122283935547,7,WorldPop R2024B 100m constrained
e4fd1486-ec9d-5337-b6f4-5c00d6aee27f,2023-06-11 20:48:00+00:00,21.68728,72.534875,250.0,547.099365234375,21,WorldPop R2024B 100m constrained
43f1b45d-93fb-54e4-a18e-1a4783c628db,2023-06-12 20:29:00+00:00,21.6872866666667,72.56153,250.0,648.1234741210938,21,WorldPop R2024B 100m constrained
b1f682d6-c8ff-52d2-9dd1-051873df902d,2023-06-12 20:29:00+00:00,21.56329,72.91628,250.0,177.383056640625,14,WorldPop R2024B 100m constrained
27e30dd0-f20a-5f1c-9ea2-4f3879c851bc,2023-06-13 07:42:00+00:00,21.72384,72.56971,250.0,14.212154388427734,3,WorldPop R2024B 100m constrained
aefcbf08-45aa-5561-8b39-2990fde437e2,2023-06-13 08:32:00+00:00,21.707555,72.69119,250.0,91.52071380615234,14,WorldPop R2024B 100m constrained
4523769c-0bc7-5859-a63e-939dc079ce84,2023-06-13 20:10:00+00:00,21.62555,72.97437,250.0,253.70562744140625,15,WorldPop R2024B 100m constrained
156ad1ea-de4d-5b7b-8853-ea5e643a54fa,2023-06-13 21:01:00+00:00,21.68667,72.5345033333333,250.0,597.1732177734375,23,WorldPop R2024B 100m constrained
d5f829df-45ee-5e8b-a04e-5502df5c2d85,2023-06-14 20:42:00+00:00,21.687895,72.5619,250.0,503.1431579589844,20,WorldPop R2024B 100m constrained
03f5b2a2-6e21-53f1-a249-c96951983597,2023-06-16 20:05:00+00:00,21.68592,72.53281,250.0,487.3705749511719,23,WorldPop R2024B 100m constrained
3f8e2e4d-a17a-5f59-94c0-3d5da206cc34,2023-06-16 20:05:00+00:00,21.686815,72.560995,250.0,806.24365234375,24,WorldPop R2024B 100m constrained
ed50a32a-9434-51da-b2d4-ef80cd9ae5bd,2023-06-18 07:48:00+00:00,21.693389,72.605895,250.0,442.42279052734375,23,WorldPop R2024B 100m constrained
5c41089a-0523-5853-a75c-ee2ed53a28ab,2023-06-18 08:39:00+00:00,21.77083,72.87846,250.0,3.8946011066436768,1,WorldPop R2024B 100m constrained
59f4fd41-7baa-5807-9712-66ed87a79618,2023-06-19 20:49:00+00:00,21.6862247619048,72.5623333333333,250.0,756.8452758789062,21,WorldPop R2024B 100m constrained
e4f62366-a717-5161-8bad-64432714cae7,2023-06-20 08:01:00+00:00,21.46363,72.83401,250.0,0.0,0,WorldPop R2024B 100m constrained
cf1fcc1a-6bb1-55a6-8591-57d436e40e98,2023-06-21 07:42:00+00:00,22.0184,72.91604,250.0,2.3083839416503906,1,WorldPop R2024B 100m constrained
3773e00c-f8ae-5c3b-931f-be34b5f5a8f8,2023-06-21 08:32:00+00:00,21.99507,72.85827,250.0,33.83047103881836,8,WorldPop R2024B 100m constrained
d08ae506-0b8a-52c5-942e-dd4331b763f1,2023-06-21 08:32:00+00:00,21.914515,72.687045,250.0,0.0,0,WorldPop R2024B 100m constrained
9a241bfb-1643-5a0b-8c7d-192e7c09a092,2023-06-21 21:01:00+00:00,21.6872316666667,72.5629,250.0,603.04296875,20,WorldPop R2024B 100m constrained
e3efb776-a6e0-5089-acbd-b0c0047ff424,2023-06-22 08:13:00+00:00,22.01171,72.86555,250.0,105.32420349121094,13,WorldPop R2024B 100m constrained
1c5a1922-30fc-5d50-a2bd-2b3de2ca7ebf,2023-06-22 09:04:00+00:00,21.9173,72.690695,250.0,0.0,0,WorldPop R2024B 100m constrained
fecee873-b360-53da-abb1-8667d424b0bd,2023-06-22 09:04:00+00:00,21.92514,72.70271,250.0,12.718728065490723,7,WorldPop R2024B 100m constrained
6c77bd5a-05f6-5555-a988-32d18f0fc9fc,2023-06-23 07:54:00+00:00,21.646595,72.954975,250.0,0.0,0,WorldPop R2024B 100m constrained
7fc7ce8a-c9d7-5d4d-a86e-841a6f70ee67,2023-06-23 07:54:00+00:00,21.67528,72.90427,250.0,1.9214630126953125,1,WorldPop R2024B 100m constrained
aae435a1-e6da-5ba8-ae0f-b86c1c813304,2023-06-23 07:54:00+00:00,21.6963,72.94484,250.0,116.38288116455078,10,WorldPop R2024B 100m constrained
b721a71c-64c7-5e60-9341-dfe56d780d9e,2023-06-23 08:45:00+00:00,21.73308,72.80387,250.0,0.0,0,WorldPop R2024B 100m constrained
ffa63f91-61dc-5314-9f12-81f7f338d2ff,2023-06-23 08:45:00+00:00,21.494,72.91843,250.0,0.0,0,WorldPop R2024B 100m constrained
157888fe-c526-568e-85ad-1cf6e10559c3,2023-06-23 21:14:00+00:00,21.685422,72.561186,250.0,733.1153564453125,19,WorldPop R2024B 100m constrained
73787a71-2df1-5b3a-b508-1ae11d1201d3,2023-06-25 08:07:00+00:00,21.69364,72.60687,250.0,517.5426025390625,25,WorldPop R2024B 100m constrained
8217497a-79ac-531d-94c9-6ad1c61f8d33,2023-06-26 21:07:00+00:00,21.6856066666667,72.5624033333333,250.0,805.1771240234375,21,WorldPop R2024B 100m constrained
efb3f261-2223-55a9-9b2e-39ecafc79ecd,2023-07-05 09:10:00+00:00,21.6855,72.56684,250.0,882.7277221679688,21,WorldPop R2024B 100m constrained
61faaea3-2dea-50d2-884f-841f1a021532,2023-07-07 07:42:00+00:00,21.69435,72.6049357142857,250.0,444.2016296386719,24,WorldPop R2024B 100m constrained
28722014-c07d-5c5a-925d-864844ac69e2,2023-07-12 07:48:00+00:00,21.69255,72.60145,250.0,393.77996826171875,22,WorldPop R2024B 100m constrained
a216ffa8-d7ca-57d3-9152-30472c1fb516,2023-08-28 21:26:00+00:00,21.79666,72.64833,250.0,549.0867309570312,22,WorldPop R2024B 100m constrained
6e16d410-28b9-567f-b50d-d1ac98c70d7d,2023-09-12 20:55:00+00:00,21.68618,72.53391,250.0,450.45343017578125,19,WorldPop R2024B 100m constrained
d288f91e-8d13-5148-9635-0b50ad718b42,2023-09-13 08:07:00+00:00,21.79483,72.64626,250.0,254.00970458984375,16,WorldPop R2024B 100m constrained
f82126b0-21a5-55ab-b7b3-4ecff45868b2,2023-09-21 20:35:00+00:00,21.686325,72.56227,250.0,660.5078125,19,WorldPop R2024B 100m constrained
9dc5820f-ab27-51d3-a9b6-7852f5ccc501,2023-10-02 08:00:00+00:00,21.83618,72.86168,250.0,0.0,0,WorldPop R2024B 100m constrained
9ba8e527-2e1f-5a8b-bdfc-9ec44fd55fce,2023-10-04 08:13:00+00:00,21.69975,72.54162,250.0,545.609375,22,WorldPop R2024B 100m constrained
23303d68-3e59-5b35-a36f-e64be05650d8,2023-10-04 19:51:00+00:00,21.695512,72.601848,250.0,443.99786376953125,21,WorldPop R2024B 100m constrained
39538ffb-820e-5427-832f-4fd9badbedea,2023-10-04 19:51:00+00:00,21.69105,72.59258,250.0,1330.3084716796875,25,WorldPop R2024B 100m constrained
b5a2a1dc-7577-5a4c-af25-0739ba80465c,2023-10-04 19:51:00+00:00,21.69865,72.58589,250.0,782.94873046875,26,WorldPop R2024B 100m constrained
4ae95ad8-eaac-52a2-ada3-7efc7f88b9ed,2023-10-04 20:42:00+00:00,21.60384,72.99537,250.0,422.8421630859375,20,WorldPop R2024B 100m constrained
c6010d2d-92ce-5de9-979d-492ed5469557,2023-10-04 21:31:00+00:00,21.6925214285714,72.6077257142857,250.0,492.4825439453125,24,WorldPop R2024B 100m constrained
3d5c406e-e866-57b5-b7f9-5cb359a1c7df,2023-10-10 08:00:00+00:00,21.8331088888889,72.8611533333333,250.0,37.83174133300781,12,WorldPop R2024B 100m constrained
0bf78724-8cf2-556d-b41a-ea11623dfe80,2023-10-12 20:41:00+00:00,21.83678,72.85945,250.0,47.16016387939453,7,WorldPop R2024B 100m constrained
ffa1f654-7497-5927-bc3f-2c07f19caaf0,2023-10-12 20:41:00+00:00,21.39612,72.94786,250.0,577.4039306640625,23,WorldPop R2024B 100m constrained
f448b1f5-0fa7-5c2d-adaf-de4d5eef3292,2023-10-14 20:54:00+00:00,21.39548,72.94623,250.0,715.0031127929688,20,WorldPop R2024B 100m constrained
78dff2cc-3357-5a63-8347-21d8a30ce7f7,2023-10-19 07:41:00+00:00,21.41626,72.73805,250.0,13.440930366516113,5,WorldPop R2024B 100m constrained
b24306a6-f186-58bc-88e1-98ff8ed24b30,2023-10-19 20:09:00+00:00,21.79618,72.64431,250.0,126.59990692138672,9,WorldPop R2024B 100m constrained
d3c743dc-005e-541b-9d01-0f1fbca1049e,2023-10-22 09:16:00+00:00,21.59822,72.97291,250.0,43.47951126098633,9,WorldPop R2024B 100m constrained
ed39e080-a0c7-51cb-8270-979853c28eaa,2023-10-22 20:53:00+00:00,21.43448,72.9782,250.0,66.76840209960938,9,WorldPop R2024B 100m constrained
e5d42134-9ece-59f6-b42f-543293be4809,2023-10-25 08:19:00+00:00,22.04999,72.73939,250.0,0.0,0,WorldPop R2024B 100m constrained
421e7f5b-8dea-5dd5-96d3-d3d8a7981864,2023-10-25 19:57:00+00:00,21.564575,72.777345,250.0,0.0,0,WorldPop R2024B 100m constrained
2e2af249-0fb5-5d5c-b346-3e9fab90cfac,2023-10-28 08:12:00+00:00,21.709644,72.541,250.0,0.0,0,WorldPop R2024B 100m constrained
257f5c43-9ad5-5272-b435-f1e95a8eff90,2023-10-28 09:03:00+00:00,21.45123,72.95294,250.0,38.63970184326172,3,WorldPop R2024B 100m constrained
b5de7317-673d-5842-96e8-6635deb83ee3,2023-10-30 08:25:00+00:00,21.6819,72.62762,250.0,0.0,0,WorldPop R2024B 100m constrained
6024d46e-7317-5fcf-a7a2-e869b6ea0d99,2023-10-31 08:06:00+00:00,21.49498,72.99246,250.0,9.826364517211914,3,WorldPop R2024B 100m constrained
c39f7bc7-9e8f-52bf-bc96-8358ff36f8d5,2023-11-01 07:48:00+00:00,21.711665,72.544655,250.0,8.430586814880371,2,WorldPop R2024B 100m constrained
3d488fcb-3fd0-55f8-bbf5-8b74ad605d55,2023-11-01 08:37:00+00:00,21.76729,72.61626,250.0,0.0,0,WorldPop R2024B 100m constrained
4b23355e-536c-55af-a74c-3a71f12fa839,2023-11-01 08:37:00+00:00,21.7654,72.63164,250.0,8.580501556396484,3,WorldPop R2024B 100m constrained
ba33f141-baee-5c02-9750-a7dbb884684e,2023-11-01 08:37:00+00:00,21.41919,72.91354,250.0,0.0,0,WorldPop R2024B 100m constrained
4daf7a95-c6ea-5744-abb4-ef20c5fbcefc,2023-11-02 19:57:00+00:00,21.79252,72.64662,250.0,132.84375,15,WorldPop R2024B 100m constrained
352b4d01-3dc4-57c3-88c1-8bc817603121,2023-11-02 20:47:00+00:00,21.35588,72.93687,250.0,0.0,0,WorldPop R2024B 100m constrained
781de8a9-d8c4-5866-a521-bd38b6397630,2023-11-03 08:00:00+00:00,21.47983,72.91692,250.0,42.828853607177734,13,WorldPop R2024B 100m constrained
a3cc89df-9355-5de8-b357-a15e32605f1f,2023-11-03 08:00:00+00:00,21.87809,72.652355,250.0,0.0,0,WorldPop R2024B 100m constrained
dee27132-346e-5e01-a36d-24ce9240510b,2023-11-03 08:00:00+00:00,22.04714,72.54739,250.0,0.0,0,WorldPop R2024B 100m constrained
bc2b6a0d-6c30-5e6a-86eb-ac444228ef5d,2023-11-03 20:28:00+00:00,21.60883,72.97523,250.0,0.0,0,WorldPop R2024B 100m constrained
725f8ddc-2743-5c79-a8da-0c85e634a138,2023-11-04 07:41:00+00:00,21.77055,72.70713,250.0,21.84488296508789,6,WorldPop R2024B 100m constrained
15b3a03d-13cc-503d-9901-7498d31864af,2023-11-04 08:32:00+00:00,21.63096,72.91225,250.0,0.0,0,WorldPop R2024B 100m constrained
4d17718c-f232-5f6d-b618-558c3c35f518,2023-11-04 08:32:00+00:00,21.56151,72.90957,250.0,0.0,0,WorldPop R2024B 100m constrained
eb3c9c39-ed17-50f1-bf38-1c7e5136c2cd,2023-11-04 08:32:00+00:00,21.82442,72.69614,250.0,5.940940856933594,2,WorldPop R2024B 100m constrained
17114438-b647-5a27-b796-083a89bfeca2,2023-11-04 20:10:00+00:00,21.56648,72.89354,250.0,6.2336931228637695,2,WorldPop R2024B 100m constrained
e1afe83f-5333-5198-9263-552446bb2624,2023-11-05 08:13:00+00:00,21.800745,72.71843,250.0,0.0,0,WorldPop R2024B 100m constrained
edba3ba3-322a-56e0-baab-5a4ba2c3c586,2023-11-05 20:42:00+00:00,21.36349,72.93633,250.0,0.0,0,WorldPop R2024B 100m constrained
960d3301-2dc1-5d33-b372-cd09e599367c,2023-11-06 07:54:00+00:00,21.50803,72.74985,250.0,0.0,0,WorldPop R2024B 100m constrained
c6b2a332-959d-55da-a61a-dd2c5375dc75,2023-11-06 07:54:00+00:00,21.79513,72.6481433333333,250.0,435.2503967285156,22,WorldPop R2024B 100m constrained
d8be7dde-683a-5067-b912-c12e490c83cf,2023-11-06 07:54:00+00:00,21.90755,72.68137,250.0,68.27720642089844,11,WorldPop R2024B 100m constrained
abf80903-352c-5601-8d72-50f112e9daec,2023-11-07 08:25:00+00:00,21.4305,72.69072,250.0,0.0,0,WorldPop R2024B 100m constrained
0c37d3c2-84fd-5a2f-9f6d-96fe3d4fff4d,2023-11-08 08:06:00+00:00,21.92431,72.693835,250.0,1.42740797996521,2,WorldPop R2024B 100m constrained
2195ca9c-e288-50f9-9683-3f37a94b7500,2023-11-08 08:06:00+00:00,21.47939,72.71546,250.0,15.795795440673828,10,WorldPop R2024B 100m constrained
65889108-7d5d-561a-bfd5-3712653fde8b,2023-11-08 08:06:00+00:00,21.49744,72.88253,250.0,10.539823532104492,5,WorldPop R2024B 100m constrained
f9254a41-d2c4-5500-855c-65d499450b11,2023-11-08 08:06:00+00:00,21.4604,72.66705,250.0,0.0,0,WorldPop R2024B 100m constrained
9570019a-9dc8-5aa5-972b-120c8987457c,2023-11-08 20:35:00+00:00,21.366148,72.94361,250.0,159.6625518798828,13,WorldPop R2024B 100m constrained
0504b9f2-4c47-5283-ad67-2c1ebbf3aaad,2023-11-09 07:47:00+00:00,21.753365,72.621025,250.0,0.0,0,WorldPop R2024B 100m constrained
14926f15-3f10-5af0-9692-da5dca76f078,2023-11-09 07:47:00+00:00,21.78972,72.62725,250.0,0.0,0,WorldPop R2024B 100m constrained
c0cc919e-a9ec-544e-b482-320fb803da06,2023-11-09 07:47:00+00:00,21.6129566666667,72.90814,250.0,289.9772644042969,17,WorldPop R2024B 100m constrained
70e1588f-42a5-5c37-9061-b11f56332165,2023-11-09 08:38:00+00:00,21.71193,72.7119,250.0,0.0,0,WorldPop R2024B 100m constrained
b95aff44-5ced-559e-b6cb-387760f85ea5,2023-11-09 20:16:00+00:00,21.5308766666667,72.9302266666667,250.0,63.40293884277344,12,WorldPop R2024B 100m constrained
16362113-f6a7-5c5c-bfab-a9d5f9b36725,2023-11-10 07:28:00+00:00,21.76146,72.68057,250.0,0.0,0,WorldPop R2024B 100m constrained
fb9b2cc1-e0c8-5373-b366-92e5548402c7,2023-11-10 08:19:00+00:00,22.03632,72.80013,250.0,0.0,0,WorldPop R2024B 100m constrained
05773bda-d36b-5c80-80cc-056df53b6772,2023-11-10 20:48:00+00:00,21.99391,72.57745,250.0,369.9252014160156,22,WorldPop R2024B 100m constrained
cc8106f5-9c98-5d99-98b8-99b9b26182ea,2023-11-11 08:00:00+00:00,21.4453,72.98159,250.0,56.8580322265625,12,WorldPop R2024B 100m constrained
8f75380a-ad69-52e7-a8be-96f7a6300778,2023-11-11 20:29:00+00:00,21.59241,72.83565,250.0,33.383304595947266,7,WorldPop R2024B 100m constrained
0550ac3e-4ebc-572b-9f10-1febf186231c,2023-11-12 07:41:00+00:00,21.78454,72.64645,250.0,12.409659385681152,2,WorldPop R2024B 100m constrained
9c810a79-bed2-59e6-a801-d1653de3327c,2023-11-12 07:41:00+00:00,21.52749,72.94539,250.0,44.67374801635742,12,WorldPop R2024B 100m constrained
f7ca2700-8fc0-5d3b-803c-b7b878eec4b5,2023-11-12 07:41:00+00:00,21.748715,72.636735,250.0,0.0,0,WorldPop R2024B 100m constrained
ec1309f5-4efb-55e2-8587-715196b92646,2023-11-12 08:31:00+00:00,21.71417,72.72836,250.0,100.015380859375,10,WorldPop R2024B 100m constrained
d44015b9-92c3-5692-9223-76fe5728117b,2023-11-12 21:00:00+00:00,21.60358,72.88231,250.0,0.0,0,WorldPop R2024B 100m constrained
76fa3f15-ab65-5033-a99e-623a2fc2b596,2023-11-13 08:12:00+00:00,21.47206,72.909885,250.0,22.80705451965332,3,WorldPop R2024B 100m constrained
c56e8674-4c42-5f37-945b-ac5db88b26e5,2023-11-13 08:12:00+00:00,21.85881,72.6683633333333,250.0,13.019805908203125,5,WorldPop R2024B 100m constrained
ddd9004c-da5c-5df1-877e-98a7047672fb,2023-11-14 07:53:00+00:00,21.5242,72.70887,250.0,60.706687927246094,15,WorldPop R2024B 100m constrained
d6d11d8e-5b95-59b0-aa94-9f17b734959c,2023-11-14 21:13:00+00:00,21.58401,72.83407,250.0,0.0,0,WorldPop R2024B 100m constrained
19040e5e-7df3-54ef-94bf-bc49c98154a9,2023-11-15 08:25:00+00:00,22.04596,72.53945,250.0,0.0,0,WorldPop R2024B 100m constrained
87fd09c9-8b93-582c-8d42-6205d1eff226,2023-11-15 08:25:00+00:00,22.01334,72.79169,250.0,6.849123001098633,2,WorldPop R2024B 100m constrained
cdb21611-9cf0-511f-b470-502694590076,2023-11-15 20:03:00+00:00,21.36437,72.87782,250.0,0.0,0,WorldPop R2024B 100m constrained
16cc9320-f575-5bc3-802b-6c81b58bcbc5,2023-11-15 20:54:00+00:00,21.56461,72.81662,250.0,5.657127380371094,2,WorldPop R2024B 100m constrained
259524c5-5d3c-5424-b6b7-5e79f29bb99a,2023-11-16 08:06:00+00:00,21.46685,72.87181,250.0,0.0,0,WorldPop R2024B 100m constrained
94eafa68-94ac-59b7-be9d-45e07b7eb71a,2023-11-16 08:06:00+00:00,21.51605,72.81144,250.0,9.308795928955078,4,WorldPop R2024B 100m constrained
a2de88c6-fff2-52a5-bf3a-2fb424446eae,2023-11-16 08:07:00+00:00,21.792555,72.61009,250.0,0.0,0,WorldPop R2024B 100m constrained
71dd2d4b-497b-5a22-bbe0-430d59ccaab9,2023-11-16 20:35:00+00:00,21.35669,72.96644,250.0,112.68273162841797,10,WorldPop R2024B 100m constrained
9c85e162-bea9-50d0-8332-7c176a9e5c58,2023-11-16 21:25:00+00:00,21.43504,72.97655,250.0,49.05840301513672,6,WorldPop R2024B 100m constrained
da5013fb-9902-54c4-9a0e-db1641615d37,2023-11-16 21:25:00+00:00,21.4882,72.95768,250.0,38.88890838623047,6,WorldPop R2024B 100m constrained
3639c431-39fa-5fbe-b996-0fbb7eba17b6,2023-11-17 07:48:00+00:00,21.52831,72.88867,250.0,0.0,0,WorldPop R2024B 100m constrained
0c72f70c-b36e-5fe8-9ab6-c4336fc56ded,2023-11-17 08:37:00+00:00,21.80113,72.72437,250.0,0.0,0,WorldPop R2024B 100m constrained
42485666-ff23-54cd-96a1-75dda7b337ca,2023-11-17 08:37:00+00:00,21.39505,72.850945,250.0,165.40127563476562,22,WorldPop R2024B 100m constrained
713af156-1d45-58f3-be74-ecc48e747f56,2023-11-17 08:37:00+00:00,21.47709,72.96547,250.0,4.743271827697754,1,WorldPop R2024B 100m constrained
34896a85-edfc-59e7-adab-bd9063623a05,2023-11-17 08:38:00+00:00,22.03865,72.78618,250.0,0.0,0,WorldPop R2024B 100m constrained
4f72aea8-82f6-5954-a4f6-32a31adc5e6c,2023-11-18 08:19:00+00:00,21.45885,72.82996,250.0,0.0,0,WorldPop R2024B 100m constrained
cc8d3d9e-451e-5ae9-bda0-e6593198530e,2023-11-19 08:00:00+00:00,21.7337025,72.60262,250.0,38.797340393066406,4,WorldPop R2024B 100m constrained
e33cde1a-90a3-5eb0-82b7-570cc0ce8ea4,2023-11-19 08:00:00+00:00,21.53805,72.95845,250.0,0.0,0,WorldPop R2024B 100m constrained
c1237e39-7e17-5586-bbac-8e13d17ead63,2023-11-19 20:29:00+00:00,21.56961,72.81568,250.0,46.46224594116211,8,WorldPop R2024B 100m constrained
74d27da5-8555-56db-b91c-517da8f8899a,2023-11-20 20:10:00+00:00,21.41512,72.87901,250.0,174.0297088623047,19,WorldPop R2024B 100m constrained
592c7bfe-6ea0-539b-8a18-dca849edc346,2023-11-21 07:22:00+00:00,21.74402875,72.60897375,250.0,0.0,0,WorldPop R2024B 100m constrained
255ef4fc-af37-5154-9b7e-91e7d12c9edc,2023-11-21 08:13:00+00:00,21.750475,72.683785,250.0,74.4617919921875,8,WorldPop R2024B 100m constrained
2eee3bd0-48db-5f25-b182-25e782563864,2023-11-21 08:13:00+00:00,21.49315,72.94021,250.0,0.0,0,WorldPop R2024B 100m constrained
89c2659f-5a95-5c0e-be02-2b4e6fedef84,2023-11-21 08:13:00+00:00,21.47559,72.93946,250.0,40.24736785888672,6,WorldPop R2024B 100m constrained
947b047f-7a38-56d9-9db9-52f4482003a9,2023-11-21 08:13:00+00:00,21.85184,72.69313,250.0,0.0,0,WorldPop R2024B 100m constrained
ac6237f6-76e0-5fa0-8ca6-4d63d8b97315,2023-11-21 08:13:00+00:00,21.89258,72.89886,250.0,326.2488708496094,20,WorldPop R2024B 100m constrained
86f1139b-3d29-5e2b-a079-7c7075e5975b,2023-11-21 09:03:00+00:00,21.73859,72.6056933333333,250.0,3.8520450592041016,2,WorldPop R2024B 100m constrained
8c837f30-6bb0-5578-b7f7-c50b8f99f4da,2023-11-21 20:42:00+00:00,21.3823,72.94751,250.0,513.2196044921875,21,WorldPop R2024B 100m constrained
79264dde-4881-51d8-9ab5-df802ddee9ba,2023-11-22 07:54:00+00:00,21.39514,72.71758,250.0,0.0,0,WorldPop R2024B 100m constrained
e15e3d4b-96fe-5e13-8edd-2dfcac755679,2023-11-22 07:54:00+00:00,21.87194,72.66053,250.0,0.0,0,WorldPop R2024B 100m constrained
0f50e53c-7dad-5d27-8b3f-3ebd5410b207,2023-11-22 08:44:00+00:00,21.54453,72.944665,250.0,48.664066314697266,7,WorldPop R2024B 100m constrained
22fbc4f9-c8a5-53b9-9701-665ed0e96eb6,2023-11-22 20:23:00+00:00,21.36226,72.83851,250.0,28.7525577545166,6,WorldPop R2024B 100m constrained
f858ea70-f008-559c-8493-275da9a26949,2023-11-22 20:23:00+00:00,21.36442,72.92938,250.0,6.601941108703613,2,WorldPop R2024B 100m constrained
b371e5b2-1937-5bcb-b394-bc90e5b779f6,2023-11-23 21:44:00+00:00,21.38989,72.95364,250.0,809.3245849609375,22,WorldPop R2024B 100m constrained
1955a2dc-f5e0-5b04-8a20-b66ad117219d,2023-11-24 08:06:00+00:00,21.88011,72.67506,250.0,86.3341064453125,16,WorldPop R2024B 100m constrained
b4327d3d-3ce3-5d06-a53d-ce1b18236093,2023-11-25 07:47:00+00:00,21.7941,72.67249,250.0,0.0,0,WorldPop R2024B 100m constrained
8bd6de48-bd62-56d6-a88d-ddaa2c145c4e,2023-11-25 08:38:00+00:00,21.78321,72.6436,250.0,33.705989837646484,4,WorldPop R2024B 100m constrained
3974b17b-cd74-56f4-9075-7c51600471d3,2023-11-29 08:12:00+00:00,21.891325,72.90062,250.0,290.5818176269531,18,WorldPop R2024B 100m constrained
937210e2-7b70-53a1-b588-675f650f3e1a,2023-11-29 08:12:00+00:00,21.99753,72.52303,250.0,0.0,0,WorldPop R2024B 100m constrained
ce0f8d36-723f-5d13-a6f8-51e5ce2b83a5,2023-12-02 08:06:00+00:00,21.88176,72.67366,250.0,65.48982238769531,17,WorldPop R2024B 100m constrained
e2b207be-bc55-5bd0-b754-b26ac24c1b19,2023-12-03 21:06:00+00:00,21.43574,72.97466,250.0,38.70872497558594,6,WorldPop R2024B 100m constrained
0b66c03a-f7a9-53c5-8197-9c81fe827dd1,2023-12-04 08:19:00+00:00,21.51501,72.73097,250.0,0.0,0,WorldPop R2024B 100m constrained
2be49c8f-b60b-52fb-b4a3-6649e4cc155b,2023-12-04 08:19:00+00:00,21.44699,72.88271,250.0,3.453495979309082,1,WorldPop R2024B 100m constrained
05154a81-8d37-5030-8bb3-b9f9c0e9d0ad,2023-12-05 08:50:00+00:00,22.08978,72.98779,250.0,14.189435005187988,5,WorldPop R2024B 100m constrained
009e9c48-b4d3-5a50-8ca9-29351104c1cc,2023-12-06 08:31:00+00:00,21.48719,72.89663,250.0,0.0,0,WorldPop R2024B 100m constrained
8c23bd3a-6a26-51ed-b4e0-2e4a1268b822,2023-12-06 08:31:00+00:00,21.55163,72.98026,250.0,30.872203826904297,4,WorldPop R2024B 100m constrained
b814334c-485c-59cd-bcbb-b9fd7a0aeb24,2023-12-06 08:31:00+00:00,21.36836,72.70615,250.0,0.0,0,WorldPop R2024B 100m constrained
c0805d28-b855-5102-b0e6-b1a501aa6352,2023-12-06 08:31:00+00:00,21.40242,72.69234,250.0,0.0,0,WorldPop R2024B 100m constrained
0a0a3e33-df7d-5923-8a81-626f97170c99,2023-12-06 21:00:00+00:00,21.3637,72.82977,250.0,0.0,0,WorldPop R2024B 100m constrained
a18c31a8-2d07-5a7a-b876-588bfe07ff54,2023-12-07 08:13:00+00:00,21.8928616666667,72.89425,250.0,365.06597900390625,21,WorldPop R2024B 100m constrained
1370a345-bf89-5f4f-874f-f992884d1bbf,2023-12-07 08:13:00+00:00,21.89243,72.9023433333333,250.0,413.3608093261719,23,WorldPop R2024B 100m constrained
11238732-ae42-5aa3-9865-8a351e195ec6,2023-12-08 07:54:00+00:00,21.706155,72.69421,250.0,0.0,0,WorldPop R2024B 100m constrained
1e15470d-7332-571b-8f31-4746597235a7,2023-12-08 21:13:00+00:00,21.36749,72.93269,250.0,0.0,0,WorldPop R2024B 100m constrained
5afa2b4f-5a53-517d-a419-28c99e31efb9,2023-12-09 08:25:00+00:00,22.09041,72.65356,250.0,0.0,0,WorldPop R2024B 100m constrained
b4cf5083-1870-5f3c-81b1-1be8705c2922,2023-12-09 20:54:00+00:00,21.35167,72.86524,250.0,80.4881820678711,15,WorldPop R2024B 100m constrained
a233cb1f-aca4-5428-9e76-0c7df47c0235,2023-12-10 08:06:00+00:00,21.7218933333333,72.71807,250.0,52.570682525634766,6,WorldPop R2024B 100m constrained
cb5bd77f-8273-518a-9e8f-f62544d94dd5,2023-12-10 08:06:00+00:00,21.38328,72.65257,250.0,164.71070861816406,15,WorldPop R2024B 100m constrained
0a9d56d6-0e0b-5017-9416-f8d4a006038a,2023-12-10 08:56:00+00:00,21.55362,72.89169,250.0,0.0,0,WorldPop R2024B 100m constrained
6a2bcc01-296e-5fc6-a7fd-edcdc636ff7d,2023-12-10 08:56:00+00:00,21.42612,72.8851,250.0,44.04472351074219,11,WorldPop R2024B 100m constrained
2c9fc825-9530-5bb4-81d2-05c642981da9,2023-12-10 08:57:00+00:00,21.73169,72.71365,250.0,61.7012939453125,11,WorldPop R2024B 100m constrained
b21b686a-6234-57cb-9d09-83e6b28a41f4,2023-12-10 20:35:00+00:00,21.4333166666667,72.97667,250.0,40.6121711730957,5,WorldPop R2024B 100m constrained
39900c80-f773-517c-b0d9-03e8a91b5447,2023-12-11 20:16:00+00:00,21.3886133333333,72.9351133333333,250.0,56.83936309814453,7,WorldPop R2024B 100m constrained
390fb1f3-7a15-57e8-86c7-87b7d8ac5401,2023-12-12 08:19:00+00:00,21.86899,72.6451,250.0,0.0,0,WorldPop R2024B 100m constrained
48cd534f-b185-5f55-a02a-55dd842c99d4,2023-12-12 08:19:00+00:00,21.35986,72.87995,250.0,5.098906993865967,1,WorldPop R2024B 100m constrained
855b37cb-2f3c-50e5-881c-66b4a0d6e350,2023-12-12 08:19:00+00:00,21.61128,72.90743,250.0,72.4493637084961,9,WorldPop R2024B 100m constrained
e5262583-4524-521f-a18c-84d160031d57,2023-12-13 08:00:00+00:00,21.757496,72.61529,250.0,0.0,0,WorldPop R2024B 100m constrained
68162708-4f51-51a8-bf9a-399135c572de,2023-12-13 20:29:00+00:00,21.7125,72.70448,250.0,11.833236694335938,3,WorldPop R2024B 100m constrained
36cae12d-dade-5379-87d6-e77dc8c91156,2023-12-14 21:00:00+00:00,21.35719,72.83413,250.0,7.774209976196289,2,WorldPop R2024B 100m constrained
f23f29bf-502e-53c2-beba-c0bd402e4b6a,2023-12-14 21:00:00+00:00,21.36762,72.94125,250.0,4.217845916748047,1,WorldPop R2024B 100m constrained
461d9881-f64b-537e-b26a-ddfb614364da,2023-12-15 08:12:00+00:00,21.87185,72.68271,250.0,310.6309509277344,20,WorldPop R2024B 100m constrained
8b024db4-a0cf-5beb-a607-03b13cb1ca11,2023-12-15 08:12:00+00:00,21.53274,72.84584,250.0,76.79271697998047,11,WorldPop R2024B 100m constrained
c55f1a7a-8ece-5ac7-a05f-0a3f4554ebb8,2023-12-15 08:12:00+00:00,21.77059,72.64526,250.0,18.30702781677246,2,WorldPop R2024B 100m constrained
ef4c8192-9cd7-5b06-b7ce-496fde4e6e53,2023-12-15 08:12:00+00:00,21.89209,72.897859,250.0,269.54345703125,16,WorldPop R2024B 100m constrained
0ad5838c-1a0f-57d2-b9f3-99e0f6db478f,2023-12-15 08:13:00+00:00,21.99556,72.75209,250.0,0.0,0,WorldPop R2024B 100m constrained
ccf52e8d-2b71-5e29-a3e6-4480e070d201,2023-12-15 21:31:00+00:00,21.79261,72.64694,250.0,147.1387939453125,16,WorldPop R2024B 100m constrained
33441c0e-0120-5202-bd01-526e2be3bd6b,2023-12-16 08:44:00+00:00,21.47671,72.81185,250.0,0.0,0,WorldPop R2024B 100m constrained
b3d636e0-580e-5d2f-b536-ce82625c47c8,2023-12-16 08:44:00+00:00,21.56486,72.94124,250.0,0.0,0,WorldPop R2024B 100m constrained
dbccc60f-8f02-5986-a516-1407c86eb504,2023-12-17 07:35:00+00:00,21.85825,72.66146,250.0,0.0,0,WorldPop R2024B 100m constrained
114a67ff-087e-59ca-bcd0-bec48c72ad53,2023-12-17 08:25:00+00:00,21.537935,72.982185,250.0,259.716796875,18,WorldPop R2024B 100m constrained
2b7c001f-5c23-51d7-b90e-8d6e751c612b,2023-12-17 08:25:00+00:00,21.66971,72.97662,250.0,97.16978454589844,12,WorldPop R2024B 100m constrained
c7f8b4c6-b6b7-5ed1-a94e-6cd2a75c105f,2023-12-17 08:25:00+00:00,21.60885,72.96706,250.0,55.800537109375,9,WorldPop R2024B 100m constrained
21c462cd-5f88-5507-b17b-bc9985408067,2023-12-17 20:04:00+00:00,21.434035,72.97537,250.0,9.155710220336914,2,WorldPop R2024B 100m constrained
4d76ace2-0b2b-5b83-bd2c-1150f565c34f,2023-12-17 20:04:00+00:00,21.366105,72.84364,250.0,149.0015869140625,22,WorldPop R2024B 100m constrained
6b579cc1-6fa5-53be-bc4e-4f0a72888ca9,2023-12-17 20:04:00+00:00,21.38403,72.8428,250.0,4.950658798217773,1,WorldPop R2024B 100m constrained
8e8e3a16-f287-5422-80b6-a73041c91c9f,2023-12-17 20:54:00+00:00,21.4271,72.9633,250.0,41.283409118652344,6,WorldPop R2024B 100m constrained
3ddbd0c1-50d9-5c9b-8a87-29e4f837d68b,2023-12-18 08:06:00+00:00,21.38736,72.79182,250.0,126.20024871826172,12,WorldPop R2024B 100m constrained
c6d47f9f-cdc0-5f18-92ac-ae9544b84ba7,2023-12-18 08:06:00+00:00,21.47741,72.85884,250.0,0.0,0,WorldPop R2024B 100m constrained
4de582c3-587b-5070-abcc-35ed5a436556,2023-12-20 07:28:00+00:00,21.4882433333333,72.9735033333333,250.0,27.899259567260742,5,WorldPop R2024B 100m constrained
38a58cba-9247-53db-91c2-b28024cdf476,2023-12-20 08:19:00+00:00,21.48308,72.87474,250.0,0.0,0,WorldPop R2024B 100m constrained
f452567d-5f94-5105-bde1-fee96caaf251,2023-12-22 20:10:00+00:00,21.446715,72.948505,250.0,20.488977432250977,3,WorldPop R2024B 100m constrained
a47eb448-9050-51e5-9cc4-f8dd5226d8ec,2023-12-23 07:22:00+00:00,21.7024725,72.6817575,250.0,0.0,0,WorldPop R2024B 100m constrained
05c917a1-c0be-5e4b-9c93-a8fd8e3eeca3,2023-12-23 08:12:00+00:00,21.98642,72.766955,250.0,93.88632202148438,18,WorldPop R2024B 100m constrained
111ebd82-a992-54a7-a190-2b609ace235f,2023-12-23 08:12:00+00:00,21.7154,72.70399,250.0,34.37372970581055,7,WorldPop R2024B 100m constrained
54eb6997-137b-547a-8741-a4704a45679c,2023-12-23 08:12:00+00:00,21.89775,72.92036,250.0,75.68428802490234,13,WorldPop R2024B 100m constrained
797f38f8-0069-59f7-af97-99d402de6fb2,2023-12-23 08:12:00+00:00,21.8915166666667,72.8961266666667,250.0,339.7371826171875,20,WorldPop R2024B 100m constrained
a1924d1c-87f9-5075-82fe-7c9df5a45416,2023-12-23 08:12:00+00:00,21.8961566666667,72.90328,250.0,215.3248748779297,21,WorldPop R2024B 100m constrained
ac676bc6-bf43-50c0-a559-4b62803c4070,2023-12-23 08:12:00+00:00,21.83676,72.8454,250.0,160.72366333007812,14,WorldPop R2024B 100m constrained
b237982a-1c5b-5925-8cc7-c69c6d3ed3fe,2023-12-23 08:12:00+00:00,21.37224,72.85218,250.0,67.41126251220703,17,WorldPop R2024B 100m constrained
df85beeb-b1d2-5b3e-a118-57090a2a2af8,2023-12-23 08:12:00+00:00,21.87274,72.6808475,250.0,289.39227294921875,17,WorldPop R2024B 100m constrained
f3a299cd-9485-598f-8af8-8f05cf35cca4,2023-12-23 08:12:00+00:00,21.56074,72.95802,250.0,0.0,0,WorldPop R2024B 100m constrained
10bbb2d7-c76e-52a8-812b-efeebc03f596,2023-12-23 08:13:00+00:00,22.07577,72.63683,250.0,23.54850959777832,7,WorldPop R2024B 100m constrained
3a2ae7c3-45b5-5457-b41e-3268f798c842,2023-12-23 08:13:00+00:00,22.03681,72.74158,250.0,0.0,0,WorldPop R2024B 100m constrained
b98cb89e-a047-5edc-9250-a2120ac72234,2023-12-23 09:03:00+00:00,21.59019,72.98739,250.0,9.100811958312988,2,WorldPop R2024B 100m constrained
c29f790b-99ae-5698-a499-d03fb5810d95,2023-12-23 20:41:00+00:00,21.43154,72.9773433333333,250.0,64.0326919555664,7,WorldPop R2024B 100m constrained
f5cb92d5-0149-526d-8542-d111894e033b,2023-12-23 20:41:00+00:00,21.37879,72.95303,250.0,561.6405639648438,19,WorldPop R2024B 100m constrained
1c2cc1ce-cd28-5202-8b76-171a068ada1b,2023-12-24 07:54:00+00:00,21.47626,72.85709,250.0,0.0,0,WorldPop R2024B 100m constrained
3a92b520-8db6-5b85-8348-fe22f143180b,2023-12-24 07:54:00+00:00,21.82944,72.70858,250.0,0.0,0,WorldPop R2024B 100m constrained
9eefc67f-a19c-5790-84a0-a5259bee8485,2023-12-24 07:54:00+00:00,21.73235,72.72424,250.0,53.85108947753906,9,WorldPop R2024B 100m constrained
bc627789-f042-5410-bd26-ed5047563cfc,2023-12-24 07:54:00+00:00,22.0541133333333,72.5433433333333,250.0,0.0,0,WorldPop R2024B 100m constrained
a12c8735-c112-5490-8b43-ce19f0eb003f,2023-12-24 08:44:00+00:00,21.7933533333333,72.6481866666667,250.0,179.93035888671875,16,WorldPop R2024B 100m constrained
09376c6f-52f0-50aa-ab73-cc85bb7a5b04,2023-12-25 08:25:00+00:00,21.76846,72.64278,250.0,176.39576721191406,17,WorldPop R2024B 100m constrained
a0c43c9c-dde5-5495-9df3-5b5c6f02be28,2023-12-25 08:25:00+00:00,21.46298,72.99684,250.0,204.81585693359375,15,WorldPop R2024B 100m constrained
93c80d5a-4bee-5826-a381-ac2b33bad8ce,2023-12-25 20:04:00+00:00,21.35914,72.99945,250.0,5.638779640197754,2,WorldPop R2024B 100m constrained
3f87b430-deee-55f3-97d3-4aae5f84e832,2023-12-25 20:54:00+00:00,21.4328933333333,72.97595,250.0,17.981321334838867,2,WorldPop R2024B 100m constrained
68629766-7b27-5321-9131-06a03b8aad51,2023-12-25 20:54:00+00:00,21.36133,72.9627,250.0,715.8775024414062,20,WorldPop R2024B 100m constrained
f199ed5d-cfe8-55c8-9dd5-183192e56412,2023-12-25 20:54:00+00:00,21.40882,72.8877,250.0,13.017742156982422,4,WorldPop R2024B 100m constrained
586fa61d-a5fe-52b0-9be6-f43e026ff771,2023-12-28 09:09:00+00:00,22.051175,72.686065,250.0,10.073013305664062,3,WorldPop R2024B 100m constrained
1a3c9d6b-c8ca-5ffd-b0f8-93f3f3ea59b4,2023-12-29 08:00:00+00:00,21.84022,72.68195,250.0,9.14907455444336,2,WorldPop R2024B 100m constrained
413ca726-d1b9-5684-a195-e11712daad48,2023-12-29 08:00:00+00:00,22.01894,72.7757,250.0,0.0,0,WorldPop R2024B 100m constrained
659cd077-1387-5faa-9d61-ae9fd2df95ac,2023-12-29 08:00:00+00:00,21.68766,72.56006,250.0,674.57568359375,24,WorldPop R2024B 100m constrained
304eb247-8144-52a5-939a-698729278171,2023-12-29 08:50:00+00:00,21.71026,72.70885,250.0,66.86750030517578,11,WorldPop R2024B 100m constrained
23339187-3392-52db-a60d-643fea153141,2023-12-30 08:31:00+00:00,21.36085,72.86605,250.0,49.016456604003906,12,WorldPop R2024B 100m constrained
1594cf6a-f0c5-5418-a997-db0eb08dc65a,2023-12-31 08:12:00+00:00,21.8957266666667,72.9069166666667,250.0,72.98310089111328,8,WorldPop R2024B 100m constrained
389186f7-d90f-59c3-941e-c823cad64c50,2023-12-31 08:12:00+00:00,22.01495,72.79195,250.0,13.005509376525879,5,WorldPop R2024B 100m constrained
5c800e92-58ac-5500-8814-b94b575a360c,2023-12-31 08:12:00+00:00,22.007655,72.938865,250.0,144.7781982421875,14,WorldPop R2024B 100m constrained
661dd842-bae3-518d-afc4-0259666e5df3,2023-12-31 08:12:00+00:00,22.00464,72.87778,250.0,91.97077941894531,13,WorldPop R2024B 100m constrained
84a00562-7bfc-5f3b-998c-cb5f6c9a46ce,2023-12-31 08:12:00+00:00,21.872205,72.681495,250.0,166.88790893554688,12,WorldPop R2024B 100m constrained
a8036198-2f33-54f8-b338-d046d86f4773,2023-12-31 08:12:00+00:00,21.8361766666667,72.84742,250.0,215.08824157714844,13,WorldPop R2024B 100m constrained
cec497a5-382d-53f7-8a97-5310fd455b64,2023-12-31 08:12:00+00:00,21.98573,72.88927,250.0,33.31621551513672,6,WorldPop R2024B 100m constrained
cecfa998-5ceb-5059-9c1e-e7b3f826d560,2023-12-31 08:12:00+00:00,21.897155,72.91925,250.0,58.61559295654297,9,WorldPop R2024B 100m constrained
d7756880-883a-5b0c-813c-6f857b34cea2,2023-12-31 08:12:00+00:00,21.54878,72.94618,250.0,42.540626525878906,4,WorldPop R2024B 100m constrained
51983785-847d-5f5c-bd89-a015978198e9,2023-12-31 20:41:00+00:00,21.3563933333333,72.9139066666667,250.0,32.613525390625,6,WorldPop R2024B 100m constrained
5730b02a-e760-549e-a38c-46deecebd8fb,2023-12-31 20:41:00+00:00,21.68826,72.53333,250.0,413.08135986328125,22,WorldPop R2024B 100m constrained
c69e6ff6-bad7-5102-965f-08c3dde6857b,2023-12-31 20:41:00+00:00,21.43318,72.97791,250.0,75.00413513183594,10,WorldPop R2024B 100m constrained
5a5c40e6-58f2-531c-91ae-17642a387313,2024-01-01 07:54:00+00:00,22.02022,72.750865,250.0,234.04837036132812,26,WorldPop R2024B 100m constrained
e7bc0c5c-9773-59aa-894d-8be895320a08,2024-01-02 20:54:00+00:00,21.6868633333333,72.5325,250.0,401.0658264160156,23,WorldPop R2024B 100m constrained
c67d7235-f2bc-5420-96c7-e8a5d55332a3,2024-01-03 20:35:00+00:00,21.632455,72.89806,250.0,0.0,0,WorldPop R2024B 100m constrained
53c95970-14f2-50e1-b94c-2df5e3e2b862,2024-01-04 21:06:00+00:00,21.6865985714286,72.5327685714286,250.0,406.74029541015625,22,WorldPop R2024B 100m constrained
7af375d9-f0c1-54cf-93df-a4f60909e12c,2024-01-05 08:19:00+00:00,21.72001,72.69433,250.0,37.17707824707031,5,WorldPop R2024B 100m constrained
4ceeef57-2af5-5f81-a777-41ab1d242e96,2024-01-05 19:57:00+00:00,21.38598,72.91104,250.0,3.1535000801086426,1,WorldPop R2024B 100m constrained
c80ce34d-7b33-5c18-89de-7a99a9164460,2024-01-05 20:47:00+00:00,21.434485,72.9758975,250.0,23.727128982543945,4,WorldPop R2024B 100m constrained
237e67d8-03f1-5b32-997f-04ea60ed56d4,2024-01-06 21:19:00+00:00,21.685692,72.532968,250.0,455.1717529296875,21,WorldPop R2024B 100m constrained
7bca7e02-8b01-54a7-929c-9c775652dc5e,2024-01-07 08:31:00+00:00,21.4019,72.84402,250.0,3.4473819732666016,1,WorldPop R2024B 100m constrained
112bb058-9963-54a1-9877-562731cdbb7a,2024-01-08 08:13:00+00:00,22.008065,72.94005,250.0,125.66059112548828,11,WorldPop R2024B 100m constrained
6bace585-28ae-56a8-a594-c0c8b8029b49,2024-01-08 08:13:00+00:00,21.98945,72.88964,250.0,85.16749572753906,13,WorldPop R2024B 100m constrained
707c6ff1-0566-5005-b942-4346c07dfced,2024-01-08 08:13:00+00:00,21.837,72.84718,250.0,271.9986572265625,15,WorldPop R2024B 100m constrained
764da6e2-fcea-598e-9b03-0cb8892611b2,2024-01-08 08:13:00+00:00,21.8736866666667,72.6825066666667,250.0,435.3455810546875,20,WorldPop R2024B 100m constrained
8bab127d-0826-5d2b-94a6-e92b580ac606,2024-01-08 08:13:00+00:00,22.00358,72.89101,250.0,165.1378936767578,15,WorldPop R2024B 100m constrained
8e688188-3c3d-5cb3-bbba-8ba2f95b30f6,2024-01-08 08:13:00+00:00,21.89456,72.9105,250.0,53.121498107910156,12,WorldPop R2024B 100m constrained
cef5bb8b-e17b-5f2e-a9a2-c03878b300aa,2024-01-08 08:13:00+00:00,22.00507,72.87874,250.0,139.30787658691406,17,WorldPop R2024B 100m constrained
de7c2b48-cd9f-5178-8b16-a3772eb6c7ad,2024-01-08 08:13:00+00:00,21.89682,72.9190625,250.0,37.88031768798828,7,WorldPop R2024B 100m constrained
f52ee659-e9eb-570d-b389-011bf3c11373,2024-01-08 08:13:00+00:00,21.85847,72.88124,250.0,11.905373573303223,5,WorldPop R2024B 100m constrained
cf58f527-95df-5cdb-9ef0-4b93ffeca02a,2024-01-08 21:31:00+00:00,21.91061,72.68195,250.0,48.382041931152344,10,WorldPop R2024B 100m constrained
8f62dd7c-8605-54a6-abe8-bdd2bad2251d,2024-01-10 08:25:00+00:00,21.49892,72.79711,250.0,2.4157779216766357,1,WorldPop R2024B 100m constrained
c7e08184-29a9-5594-bfbe-8bca827d09f8,2024-01-10 20:54:00+00:00,21.6874,72.53088,250.0,155.38333129882812,14,WorldPop R2024B 100m constrained
ffd9024c-d876-5f51-8272-06dcceb0a9a6,2024-01-10 20:54:00+00:00,21.68573,72.56181,250.0,874.87060546875,23,WorldPop R2024B 100m constrained
acd7bba5-e67b-5954-9384-82b7e1115697,2024-01-11 08:06:00+00:00,21.49984,72.8543,250.0,0.0,0,WorldPop R2024B 100m constrained
63aa0174-2711-5ddb-9347-971dfb229eec,2024-01-11 20:35:00+00:00,21.36807,72.940295,250.0,4.217845916748047,1,WorldPop R2024B 100m constrained
0ef9384c-ad26-5b33-aac2-7e3c82dd326f,2024-01-12 07:47:00+00:00,21.74248,72.65926,250.0,175.0622100830078,21,WorldPop R2024B 100m constrained
5bc38f35-810b-579b-8d92-cba0c8124209,2024-01-12 07:47:00+00:00,21.75445,72.64465,250.0,298.3349609375,22,WorldPop R2024B 100m constrained
b17dea81-6bd2-5673-9ecc-479193f9ef71,2024-01-12 08:38:00+00:00,21.56099,72.97301,250.0,7.98420524597168,2,WorldPop R2024B 100m constrained
c1f99ba4-246b-5bde-8e9a-aca0e9b6f08b,2024-01-12 08:38:00+00:00,21.54349,72.94377,250.0,24.812122344970703,3,WorldPop R2024B 100m constrained
f0643f01-5264-569b-bdc3-1bfae557adf7,2024-01-12 21:07:00+00:00,21.79589,72.64821,250.0,529.0050659179688,24,WorldPop R2024B 100m constrained
78b467e4-f249-5ab5-92a1-8db9c99294f5,2024-01-13 08:19:00+00:00,21.99854,72.64729,250.0,0.0,0,WorldPop R2024B 100m constrained
95654a65-7a89-5c39-b632-4890a157fcc0,2024-01-13 08:19:00+00:00,21.788435,72.612595,250.0,0.0,0,WorldPop R2024B 100m constrained
ac43c5db-0983-55d4-b15e-a9ed15fad92a,2024-01-13 08:19:00+00:00,21.51923,72.89941,250.0,0.0,0,WorldPop R2024B 100m constrained
05084c05-758a-51b1-a3ea-588cccda3245,2024-01-13 20:48:00+00:00,21.36705,72.93705,250.0,0.0,0,WorldPop R2024B 100m constrained
e48627d9-d0a9-54cc-a97d-695941380ea7,2024-01-13 20:48:00+00:00,21.35284,72.91928,250.0,0.0,0,WorldPop R2024B 100m constrained
5293eb7b-632b-5234-8fb1-411e70f5e7eb,2024-01-14 08:00:00+00:00,21.53139,72.73091,250.0,0.0,0,WorldPop R2024B 100m constrained
07493a9a-e543-52bc-8d64-782474223203,2024-01-14 08:50:00+00:00,21.40294,72.70293,250.0,0.0,0,WorldPop R2024B 100m constrained
6da0532a-c927-53e8-86bc-8ac51de03557,2024-01-14 08:50:00+00:00,22.04532,72.75793,250.0,0.0,0,WorldPop R2024B 100m constrained
12d6693b-eb9d-5dd5-a102-8c60dc89e058,2024-01-14 20:29:00+00:00,21.4335466666667,72.9769066666667,250.0,58.01673126220703,7,WorldPop R2024B 100m constrained
67c2c470-db9c-5288-9cc2-616d7fb66786,2024-01-15 07:41:00+00:00,21.74318,72.79099,250.0,0.0,0,WorldPop R2024B 100m constrained
8b925b62-1274-5312-aeaa-562915ab71cd,2024-01-15 07:41:00+00:00,21.38252,72.965255,250.0,788.672607421875,24,WorldPop R2024B 100m constrained
969f3166-e75a-5292-b388-eca217d26597,2024-01-15 07:41:00+00:00,21.9692075,72.5536375,250.0,4.47882080078125,2,WorldPop R2024B 100m constrained
a483de03-bfd9-5b85-b879-ff4cbcbbb5e0,2024-01-15 07:41:00+00:00,21.58012,72.96675,250.0,7.560260772705078,2,WorldPop R2024B 100m constrained
06fae226-6e95-5148-b8cb-190844064a3d,2024-01-15 08:31:00+00:00,21.5122,72.8382,250.0,2.47182297706604,1,WorldPop R2024B 100m constrained
14bfedd1-cbc4-5d56-b96f-90eb3264c91f,2024-01-15 08:31:00+00:00,21.52491,72.71989,250.0,4.41115665435791,2,WorldPop R2024B 100m constrained
33593c08-d836-558d-a495-85ab9a658505,2024-01-15 08:31:00+00:00,21.40199,72.66515,250.0,15.507586479187012,7,WorldPop R2024B 100m constrained
89ac1557-8332-54f5-95b4-dfbe500ff613,2024-01-15 08:31:00+00:00,21.99011,72.74656,250.0,53.84867477416992,11,WorldPop R2024B 100m constrained
a65d3020-12ae-568b-924c-35890f0a6194,2024-01-15 08:31:00+00:00,21.51873,72.96794,250.0,18.318315505981445,5,WorldPop R2024B 100m constrained
1a7dfe1f-27fb-5f50-87bd-423fa71a7a23,2024-01-15 20:10:00+00:00,21.3590366666667,72.87024,250.0,32.48025131225586,4,WorldPop R2024B 100m constrained
5cb1e43b-e6eb-5e17-8368-ac9738110e0a,2024-01-15 20:10:00+00:00,21.41206,72.78614,250.0,0.0,0,WorldPop R2024B 100m constrained
153f00c8-5ef1-5506-b9a4-8632dd7e0896,2024-01-16 08:12:00+00:00,21.77013,72.84145,250.0,0.0,0,WorldPop R2024B 100m constrained
0ac6f414-3010-5bb3-ac07-5dcdfd837996,2024-01-16 08:12:00+00:00,21.58211,72.89661,250.0,8.450460433959961,3,WorldPop R2024B 100m constrained
25c41efc-053f-5d65-bd99-92b220559e05,2024-01-16 08:12:00+00:00,21.858275,72.88107,250.0,11.905373573303223,5,WorldPop R2024B 100m constrained
30efe7fe-c0e8-54c4-a4f1-c05c4ee26c20,2024-01-16 08:12:00+00:00,22.0031,72.89065,250.0,134.38616943359375,11,WorldPop R2024B 100m constrained
3196d0ff-49ce-5731-8756-cc33bad73765,2024-01-16 08:12:00+00:00,22.007204,72.936942,250.0,137.9490203857422,13,WorldPop R2024B 100m constrained
31db126d-8049-5d37-84b5-ff45cbf632f0,2024-01-16 08:12:00+00:00,21.90393,72.9087,250.0,1.585010051727295,1,WorldPop R2024B 100m constrained
47e33927-de67-562c-a233-59d935035cd5,2024-01-16 08:12:00+00:00,21.89866,72.8977,250.0,94.67772674560547,17,WorldPop R2024B 100m constrained
6133594c-1d47-5cfd-9100-b5d49ac86b24,2024-01-16 08:12:00+00:00,22.00288,72.87871,250.0,64.58345031738281,7,WorldPop R2024B 100m constrained
6b5ad009-7eb1-5173-afb4-075a7b603b62,2024-01-16 08:12:00+00:00,21.8967485714286,72.9163071428571,250.0,96.27765655517578,10,WorldPop R2024B 100m constrained
7df1e07f-2ab8-5d00-b6a9-72e1c61e69d7,2024-01-16 08:12:00+00:00,21.87353,72.68113,250.0,379.3070373535156,19,WorldPop R2024B 100m constrained
9e9a3f52-5578-538c-97e1-d5f297065853,2024-01-16 08:12:00+00:00,21.72039,72.74612,250.0,3.6060431003570557,1,WorldPop R2024B 100m constrained
c32c4e23-de72-5d3e-acf1-1b9651bbca34,2024-01-16 08:12:00+00:00,21.48123,72.73351,250.0,0.0,0,WorldPop R2024B 100m constrained
cce9be1d-1791-567b-8c9d-5fe7768ad1c9,2024-01-16 08:12:00+00:00,21.37555,72.934155,250.0,0.0,0,WorldPop R2024B 100m constrained
dbfbabda-742d-5446-a866-7c2f4ba16e89,2024-01-16 08:12:00+00:00,21.8360966666667,72.8478366666667,250.0,210.3961181640625,13,WorldPop R2024B 100m constrained
e7c31c3e-950b-5fa6-8361-c6ef3dc26088,2024-01-16 08:12:00+00:00,21.9882733333333,72.88792,250.0,55.41703796386719,14,WorldPop R2024B 100m constrained
2285c424-c433-5a60-8039-2806aa1ed121,2024-01-16 09:03:00+00:00,21.99109,72.52489,250.0,0.0,0,WorldPop R2024B 100m constrained
6d31234a-2cb8-570d-a79e-1bf42da284cf,2024-01-16 09:03:00+00:00,21.55683,72.97909,250.0,14.479236602783203,3,WorldPop R2024B 100m constrained
8cc42c58-800b-52d1-a63e-4b6575f0b6f0,2024-01-16 09:03:00+00:00,21.39331,72.84312,250.0,8.184345245361328,3,WorldPop R2024B 100m constrained
2b11839c-2e0a-5a1c-960b-2112f95b4ba9,2024-01-17 07:53:00+00:00,22.0792083333333,72.56371,250.0,0.0,0,WorldPop R2024B 100m constrained
4ecb7975-06ae-5006-98d6-5c3e9972130c,2024-01-17 07:53:00+00:00,22.0807775,72.5570475,250.0,0.0,0,WorldPop R2024B 100m constrained
a370c6a5-954e-5f28-97e3-34fece95d6f6,2024-01-17 08:44:00+00:00,21.957355,72.78007,250.0,0.0,0,WorldPop R2024B 100m constrained
326e37c2-6160-5112-a92d-5798920e640b,2024-01-17 20:22:00+00:00,21.36456,72.88257,250.0,0.0,0,WorldPop R2024B 100m constrained
1b9e4a51-0eea-54ad-9426-b1ff9f9a2e7e,2024-01-18 07:35:00+00:00,21.83424,72.6610966666667,250.0,0.0,0,WorldPop R2024B 100m constrained
90674ca5-5552-5cb1-a32b-0a1b31a02d0b,2024-01-18 08:25:00+00:00,21.586,72.8497,250.0,2.074634075164795,1,WorldPop R2024B 100m constrained
9ed563ff-5137-5df7-b71b-ba171050ccb2,2024-01-18 08:25:00+00:00,21.52796,72.92593,250.0,17.421865463256836,4,WorldPop R2024B 100m constrained
feba4939-a8c3-5edb-8a5d-996f79542830,2024-01-18 08:25:00+00:00,21.76845,72.83147,250.0,34.759098052978516,7,WorldPop R2024B 100m constrained
a470f54c-c0e5-5c63-a277-c313437ac44e,2024-01-18 09:15:00+00:00,21.499905,72.862285,250.0,2.584444046020508,1,WorldPop R2024B 100m constrained
69d8ba50-9727-53ea-9588-a51640940c46,2024-01-18 20:03:00+00:00,21.57059,72.8031,250.0,0.0,0,WorldPop R2024B 100m constrained
44b2d618-5eac-5939-893e-cc9dfbda9693,2024-01-18 20:54:00+00:00,21.36007,72.97678,250.0,209.41737365722656,21,WorldPop R2024B 100m constrained
41f78eec-4ec7-5fb8-afd4-e121e5c9e3c0,2024-01-19 08:06:00+00:00,21.613845,72.858365,250.0,0.0,0,WorldPop R2024B 100m constrained
a7f69458-52ef-54e1-b322-7a390c53fac7,2024-01-20 07:48:00+00:00,21.56121,72.88452,250.0,3.182624101638794,1,WorldPop R2024B 100m constrained
c3c467f4-9e64-591e-94e8-e469f3f2082f,2024-01-20 07:48:00+00:00,21.5418,72.88467,250.0,0.0,0,WorldPop R2024B 100m constrained
e7e0ea2b-2036-5eb9-8bd2-d9107e3e8ebe,2024-01-20 07:48:00+00:00,21.75376,72.66688,250.0,120.0568618774414,20,WorldPop R2024B 100m constrained
c9d3736b-d0ae-5aeb-aa5b-3a75b8a39e6a,2024-01-20 20:16:00+00:00,21.62428,72.974655,250.0,257.2567443847656,21,WorldPop R2024B 100m constrained
0ab0373d-eb11-50ee-ac25-f6cd54e935c5,2024-01-21 08:18:00+00:00,21.54749,72.97079,250.0,0.0,0,WorldPop R2024B 100m constrained
4c275ce5-bbd0-56bd-bcdc-c7948e742965,2024-01-21 08:18:00+00:00,21.40588,72.9542,250.0,71.45697784423828,13,WorldPop R2024B 100m constrained
5bc3a6cf-2967-5ef1-8d2c-1b90c8167d93,2024-01-21 08:18:00+00:00,21.510805,72.937555,250.0,0.0,0,WorldPop R2024B 100m constrained
edaeac9a-f09d-582e-a5cc-9b393351d5a2,2024-01-21 08:18:00+00:00,21.38654,72.91978,250.0,10.974474906921387,3,WorldPop R2024B 100m constrained
0b61a912-008c-5b36-bf66-a15cea9f73cd,2024-01-21 08:19:00+00:00,21.72563,72.69254,250.0,0.0,0,WorldPop R2024B 100m constrained
3f27abc0-c97f-5565-a81b-a6aa70ec9020,2024-01-21 08:19:00+00:00,21.91937,72.69223,250.0,0.0,0,WorldPop R2024B 100m constrained
5480d6ce-9872-5dd3-b3c6-0621bffb3d83,2024-01-21 08:19:00+00:00,21.73132,72.7294666666667,250.0,7.936316967010498,1,WorldPop R2024B 100m constrained
900c1ce6-8f7f-5b4d-be00-7f12736f19c4,2024-01-21 08:19:00+00:00,21.91404,72.72354,250.0,0.0,0,WorldPop R2024B 100m constrained
132e2d91-b9d2-576e-9bac-34b3132d29be,2024-01-21 09:09:00+00:00,22.0749,72.84606,250.0,458.1667785644531,23,WorldPop R2024B 100m constrained
e104a6bd-9153-5b76-87d3-ee0fa427ff5b,2024-01-21 09:09:00+00:00,21.40254,72.84692,250.0,27.44157600402832,6,WorldPop R2024B 100m constrained
7f5fc781-613b-5797-89fc-00a6f92cb5d4,2024-01-21 19:58:00+00:00,21.4333216666667,72.9761983333333,250.0,23.34984588623047,3,WorldPop R2024B 100m constrained
fcb50881-e430-51b3-af97-76dfcbe75262,2024-01-21 21:38:00+00:00,21.38317,72.96261,250.0,860.03564453125,21,WorldPop R2024B 100m constrained
411e4c47-bfce-57c6-963b-6549eec1d07b,2024-01-22 08:00:00+00:00,22.01656,72.72473,250.0,0.0,0,WorldPop R2024B 100m constrained
bdca5aee-9f78-5d65-a1d6-d05b1ee95125,2024-01-22 08:00:00+00:00,21.50405,72.951795,250.0,4.937385082244873,2,WorldPop R2024B 100m constrained
c88ca87a-b1f0-5177-a7ff-a823ec7bbc03,2024-01-22 08:00:00+00:00,21.55794,72.82626,250.0,0.0,0,WorldPop R2024B 100m constrained
c6b5d5d9-2243-55c5-a8d6-5f5bec8518e1,2024-01-22 20:28:00+00:00,21.6258,72.97581,250.0,422.17510986328125,21,WorldPop R2024B 100m constrained
1413abfa-96a0-52ef-856f-c98b2b408e90,2024-01-22 20:29:00+00:00,21.37349,72.94034,250.0,9.311229705810547,3,WorldPop R2024B 100m constrained
a5f95628-a66a-5017-883a-99d068097328,2024-01-23 07:41:00+00:00,21.84772,72.61186,250.0,0.0,0,WorldPop R2024B 100m constrained
578782af-61f1-5ab5-a359-c93970f49df8,2024-01-23 08:31:00+00:00,21.46144,72.78026,250.0,13.541793823242188,4,WorldPop R2024B 100m constrained
f62a4fc9-0e68-50ca-94c7-4e5408df12ca,2024-01-23 08:31:00+00:00,21.52611,72.96368,250.0,8.892692565917969,2,WorldPop R2024B 100m constrained
fe174f17-d863-59a3-b9e4-458d97921f28,2024-01-23 08:31:00+00:00,21.5186,72.85456,250.0,0.0,0,WorldPop R2024B 100m constrained
39cc8859-2b1e-52d3-8440-f529ab565ce5,2024-01-23 08:32:00+00:00,21.5916,72.78716,250.0,0.0,0,WorldPop R2024B 100m constrained
ce31cf8e-9bee-5dde-9ea6-1d9051b4e73f,2024-01-23 08:32:00+00:00,21.7361133333333,72.6445033333333,250.0,212.02987670898438,17,WorldPop R2024B 100m constrained
ee91eeb5-7dbc-5286-a58c-4f49b8e2923d,2024-01-23 21:00:00+00:00,21.62501,72.97326,250.0,196.27951049804688,16,WorldPop R2024B 100m constrained
5de43afc-e44a-523f-8c52-164df3243b5b,2024-01-24 07:22:00+00:00,21.3901116666667,72.9146566666667,250.0,0.0,0,WorldPop R2024B 100m constrained
1ed253c2-f1e5-52af-9849-49d2bac1e6cc,2024-01-24 08:13:00+00:00,21.51085,72.89134,250.0,0.0,0,WorldPop R2024B 100m constrained
2570e54d-7593-50fc-990f-fd15c08a3d2d,2024-01-24 08:13:00+00:00,21.7722133333333,72.8408433333333,250.0,0.0,0,WorldPop R2024B 100m constrained
2df43400-fb17-5e88-bf24-31abec928fe5,2024-01-24 08:13:00+00:00,21.52388,72.92893,250.0,0.0,0,WorldPop R2024B 100m constrained
473636db-99ae-560b-8cab-70e8171cae0d,2024-01-24 08:13:00+00:00,21.50904,72.81541,250.0,0.0,0,WorldPop R2024B 100m constrained
5e612c8c-37ab-59d9-9ae6-d8aa26987490,2024-01-24 08:13:00+00:00,21.59061,72.84444,250.0,0.0,0,WorldPop R2024B 100m constrained
67b68069-8621-5e56-90e6-47918bf27485,2024-01-24 08:13:00+00:00,21.89603,72.9191766666667,250.0,56.569671630859375,10,WorldPop R2024B 100m constrained
78ada79f-90c9-54da-a6ab-469f0cd2dc82,2024-01-24 08:13:00+00:00,21.72208,72.74766,250.0,113.44770812988281,7,WorldPop R2024B 100m constrained
924da89a-1213-591b-a3fb-9b72053f7513,2024-01-24 08:13:00+00:00,22.00536,72.93995,250.0,82.44377899169922,13,WorldPop R2024B 100m constrained
a05b9ec3-f2f7-55ff-9f25-807560e70f38,2024-01-24 08:13:00+00:00,21.401115,72.733705,250.0,2.4885849952697754,1,WorldPop R2024B 100m constrained
af37b52d-1af8-50fb-b6f5-69b9a8c95103,2024-01-24 08:13:00+00:00,21.989495,72.88513,250.0,117.54104614257812,15,WorldPop R2024B 100m constrained
bed31c1b-fe69-5794-a7a0-ad0bf113a47d,2024-01-24 08:13:00+00:00,21.54681,72.96055,250.0,0.0,0,WorldPop R2024B 100m constrained
cd08df84-956f-57bf-b9f1-c0e0fb4a22ff,2024-01-24 08:13:00+00:00,21.48444,72.83607,250.0,54.008243560791016,9,WorldPop R2024B 100m constrained
dfb25b8c-b1a0-5ff9-b708-e193c17e24a3,2024-01-24 08:13:00+00:00,21.837405,72.845385,250.0,244.4394989013672,16,WorldPop R2024B 100m constrained
f8f35f31-d818-53a0-bb89-69bbd6a498fe,2024-01-24 08:13:00+00:00,22.00456,72.8923,250.0,120.85490417480469,11,WorldPop R2024B 100m constrained
fc8c42c0-842e-5c3d-8592-869f2f4c25b4,2024-01-24 08:13:00+00:00,21.59583,72.91954,250.0,0.0,0,WorldPop R2024B 100m constrained
fdf0ac56-68db-515f-b7a1-53c11ed79674,2024-01-24 08:13:00+00:00,21.7448,72.63083,250.0,24.07076644897461,3,WorldPop R2024B 100m constrained
0a23dc0a-dfd1-56b5-8694-37f9443a41d1,2024-01-24 09:03:00+00:00,21.72863,72.64423,250.0,70.11701202392578,11,WorldPop R2024B 100m constrained
46d9b026-fc67-5ee6-9df7-b902f1bef051,2024-01-24 09:03:00+00:00,21.88794,72.78264,250.0,143.7770233154297,16,WorldPop R2024B 100m constrained
f9c42c5a-8339-56e5-a85f-23f493e4cae2,2024-01-24 09:03:00+00:00,21.98535,72.76126,250.0,4.021306037902832,2,WorldPop R2024B 100m constrained
c62a0eb4-93c3-5aec-88e5-1303bf441c46,2024-01-24 19:51:00+00:00,21.71421,72.6819266666667,250.0,242.1343536376953,20,WorldPop R2024B 100m constrained
e66f7f75-58d5-5f12-8291-d5196aaabbf7,2024-01-24 20:42:00+00:00,21.43618,72.96307,250.0,0.0,0,WorldPop R2024B 100m constrained
42a84aa3-5b0e-5d1b-b118-af0168517753,2024-01-25 07:54:00+00:00,21.62587,72.81588,250.0,0.0,0,WorldPop R2024B 100m constrained
697520f5-b194-51d2-bb7f-23cfca205315,2024-01-25 07:54:00+00:00,21.801365,72.692495,250.0,0.0,0,WorldPop R2024B 100m constrained
7e89ee61-a275-55e9-9136-0eb3aa0640ee,2024-01-25 07:54:00+00:00,21.48772,72.8577666666667,250.0,21.9005069732666,9,WorldPop R2024B 100m constrained
39ad8a65-30a6-5afe-8a88-0eb451b6ee44,2024-01-25 08:44:00+00:00,21.51581,72.85929,250.0,0.0,0,WorldPop R2024B 100m constrained
85ac644d-03be-5bfa-9acd-a97da9c0e10f,2024-01-25 08:44:00+00:00,21.5059,72.84784,250.0,0.0,0,WorldPop R2024B 100m constrained
bd54ed62-3e5a-56ad-8031-f275b84fe44c,2024-01-25 08:44:00+00:00,22.02715,72.75275,250.0,16.040143966674805,3,WorldPop R2024B 100m constrained
e81823b3-e950-59a7-aeb3-752d947c400e,2024-01-25 08:44:00+00:00,21.47573,72.77173,250.0,0.0,0,WorldPop R2024B 100m constrained
f0c5d22b-722c-5e1c-87c6-66066434e239,2024-01-25 08:44:00+00:00,21.40014,72.78902,250.0,0.0,0,WorldPop R2024B 100m constrained
fdcc5942-896a-52b2-bace-cfa5e448ce76,2024-01-25 08:44:00+00:00,21.69671,72.75257,250.0,0.4030109941959381,1,WorldPop R2024B 100m constrained
c3769061-cdf0-5e5c-844d-a5aef215ecf9,2024-01-25 20:23:00+00:00,21.37907,72.80692,250.0,7.236517906188965,2,WorldPop R2024B 100m constrained
ff77b5a8-576b-5dd4-923f-285ed2b792c9,2024-01-25 20:23:00+00:00,21.73191,72.692315,250.0,281.4783020019531,15,WorldPop R2024B 100m constrained
9e47bdba-3929-5841-afe6-62dec7416e7a,2024-01-25 21:12:00+00:00,21.796425,72.621235,250.0,0.0,0,WorldPop R2024B 100m constrained
cc9cde4b-b7d6-5a7a-bdfc-f5e4cdb02d5a,2024-01-25 21:13:00+00:00,21.36184,72.80671,250.0,14.540618896484375,4,WorldPop R2024B 100m constrained
0b3763b5-848a-5dcb-8635-c414e44886e3,2024-01-26 07:35:00+00:00,21.8088166666667,72.7067666666667,250.0,0.0,0,WorldPop R2024B 100m constrained
9bac0fa6-ca54-517a-8390-3727f9150227,2024-01-26 07:35:00+00:00,21.78463,72.73172,250.0,12.198966979980469,1,WorldPop R2024B 100m constrained
39a590e8-483d-5ead-9fd2-c2d313d39e69,2024-01-26 08:25:00+00:00,21.71281,72.6722075,250.0,57.80516052246094,6,WorldPop R2024B 100m constrained
76657d91-edf5-5ef8-b1ce-f76c29a0866d,2024-01-26 08:25:00+00:00,21.99374,72.53866,250.0,19.362173080444336,10,WorldPop R2024B 100m constrained
3bca04ed-3e80-551a-956f-39738abe494a,2024-01-26 09:16:00+00:00,21.47571,72.77327,250.0,8.27479362487793,4,WorldPop R2024B 100m constrained
cb84595f-3701-54bd-a3c3-8b89919a047b,2024-01-26 09:16:00+00:00,21.5015633333333,72.84454,250.0,0.0,0,WorldPop R2024B 100m constrained
0159e625-6c7c-5fcb-a534-4c395ac3c05b,2024-01-26 20:54:00+00:00,21.68529,72.62308,250.0,48.1353759765625,8,WorldPop R2024B 100m constrained
cd69eadd-e8f7-5ce7-b2a7-ae575c57be64,2024-01-26 20:54:00+00:00,21.43237,72.97579,250.0,17.981321334838867,2,WorldPop R2024B 100m constrained
2544937f-58fa-5062-92cf-ff3265c548ee,2024-01-27 08:06:00+00:00,21.7401133333333,72.67387,250.0,297.4853210449219,23,WorldPop R2024B 100m constrained
2dbad4cc-e57d-5bec-858e-391877e4bc51,2024-01-27 08:06:00+00:00,21.56932,72.89265,250.0,34.787960052490234,10,WorldPop R2024B 100m constrained
0c25d74c-4ef1-5be6-832d-4909a831b7a2,2024-01-27 08:57:00+00:00,21.59068,72.88918,250.0,0.0,0,WorldPop R2024B 100m constrained
345ac54e-b329-55ab-853d-27af290c8775,2024-01-27 08:57:00+00:00,22.03814,72.59626,250.0,0.0,0,WorldPop R2024B 100m constrained
3a845285-4643-5d15-8bed-8ce91f3a76ad,2024-01-27 08:57:00+00:00,21.46382,72.88907,250.0,0.0,0,WorldPop R2024B 100m constrained
6544c6a3-38f0-5caf-93e8-7c68b1655086,2024-01-27 08:57:00+00:00,21.35619,72.65852,250.0,24.594619750976562,9,WorldPop R2024B 100m constrained
ba442468-cf50-5a2a-8323-d8ca03b2fa07,2024-01-27 08:57:00+00:00,21.46967,72.78584,250.0,24.63632583618164,9,WorldPop R2024B 100m constrained
f1ca944a-8317-55ab-b69e-a1bee2f707fd,2024-01-27 20:35:00+00:00,21.37613,72.76101,250.0,0.0,0,WorldPop R2024B 100m constrained
1bc40b53-adcd-5534-a259-7c171e291a97,2024-01-27 21:25:00+00:00,21.53713,72.765245,250.0,0.0,0,WorldPop R2024B 100m constrained
380b0aef-cd70-5130-bb57-a968a15e6454,2024-01-28 07:47:00+00:00,21.968865,72.814085,250.0,0.0,0,WorldPop R2024B 100m constrained
88b98157-d10f-587d-8a3f-76c70f026c44,2024-01-28 07:47:00+00:00,21.5701,72.94836,250.0,12.679271697998047,5,WorldPop R2024B 100m constrained
9f25eb37-cfa0-59cf-962e-f54f7d7b60da,2024-01-28 08:38:00+00:00,21.75922,72.73632,250.0,5.761568069458008,2,WorldPop R2024B 100m constrained
b06051f5-7b29-57a2-a85f-1eed2d83df1e,2024-01-28 08:38:00+00:00,21.70826,72.57908,250.0,155.72836303710938,12,WorldPop R2024B 100m constrained
d74185ed-3767-59f7-bf72-6af1c11713f1,2024-01-28 08:38:00+00:00,22.04921,72.85817,250.0,0.0,0,WorldPop R2024B 100m constrained
f9d3f293-473c-53cf-a90f-556cb63c46fa,2024-01-28 08:38:00+00:00,21.8377,72.644925,250.0,0.0,0,WorldPop R2024B 100m constrained
32e021dd-4d23-5f50-b82b-eb286330e778,2024-01-28 20:16:00+00:00,21.394595,72.756185,250.0,0.0,0,WorldPop R2024B 100m constrained
4fbdffc5-ee3a-593b-a7e7-f7fbabd4fac4,2024-01-28 20:16:00+00:00,21.36052,72.84373,250.0,33.22709274291992,6,WorldPop R2024B 100m constrained
ce91f0ed-1cf7-5219-a784-24b8aa23ff3d,2024-01-29 07:29:00+00:00,21.93445,72.72021,250.0,0.0,0,WorldPop R2024B 100m constrained
0ba7f9cb-34ca-557f-a9c0-7199bcf10024,2024-01-29 08:19:00+00:00,21.64881,72.93393,250.0,3.9848461151123047,1,WorldPop R2024B 100m constrained
6e285895-4879-528a-b0ec-0f5e24783adb,2024-01-29 08:19:00+00:00,21.90974,72.536845,250.0,0.0,0,WorldPop R2024B 100m constrained
902df5ed-61a1-54ef-a262-f60e96548d91,2024-01-29 08:19:00+00:00,21.95946,72.51163,250.0,0.0,0,WorldPop R2024B 100m constrained
131171a8-1f09-5c8b-85a3-7f8be6593757,2024-01-29 09:09:00+00:00,21.56267,72.88549,250.0,7.0924811363220215,2,WorldPop R2024B 100m constrained
1373db8c-a55c-5cc8-9ce3-185d791dedca,2024-01-30 08:00:00+00:00,22.05763,72.54304,250.0,0.0,0,WorldPop R2024B 100m constrained
6bc4edc3-21cb-54a8-ae1d-9c740e1e2588,2024-01-30 08:00:00+00:00,21.545245,72.95786,250.0,0.0,0,WorldPop R2024B 100m constrained
0db879cf-538c-5c3f-b686-90e0216b4443,2024-01-30 08:50:00+00:00,21.68241,72.64807,250.0,0.0,0,WorldPop R2024B 100m constrained
78f3baf8-11b9-584b-9067-6794060cbb78,2024-01-30 08:50:00+00:00,21.76193,72.60621,250.0,29.83545684814453,11,WorldPop R2024B 100m constrained
ba92ab16-2a98-5d5b-98ec-fd6420b47336,2024-01-30 08:50:00+00:00,21.68637,72.66326,250.0,249.39002990722656,19,WorldPop R2024B 100m constrained
ae5f3d1c-3c56-54fb-85f2-15ca970fe102,2024-01-31 08:31:00+00:00,21.54614,72.94127,250.0,0.0,0,WorldPop R2024B 100m constrained
c6e09854-b337-586d-aca8-de89a95bbeef,2024-01-31 08:31:00+00:00,21.37311,72.887,250.0,130.1833038330078,19,WorldPop R2024B 100m constrained
31110339-d143-5917-ac09-b378690ddac8,2024-02-01 08:12:00+00:00,21.72589,72.99039,250.0,748.55859375,23,WorldPop R2024B 100m constrained
6dd0dc2b-7c38-5178-a2fa-6541d82ee7e5,2024-02-01 08:12:00+00:00,21.89939,72.89781,250.0,95.20372772216797,20,WorldPop R2024B 100m constrained
7bfda2cc-81ff-5d50-834f-7f3b9bea5432,2024-02-01 08:12:00+00:00,21.772835,72.841935,250.0,0.0,0,WorldPop R2024B 100m constrained
cf6136b4-7a76-58e0-80f1-27a3cc8c89bb,2024-02-01 08:12:00+00:00,21.64374,72.98531,250.0,370.2430114746094,20,WorldPop R2024B 100m constrained
db2a831a-e27f-5fc7-8b03-e1a9b1c72728,2024-02-01 08:12:00+00:00,21.51508,72.73641,250.0,0.0,0,WorldPop R2024B 100m constrained
a42ef150-fd1f-5d7f-a601-7db8d97d2bce,2024-02-01 09:03:00+00:00,21.352425,72.832025,250.0,0.0,0,WorldPop R2024B 100m constrained
626a1476-345a-58d2-a11b-c7cebc655281,2024-02-01 20:41:00+00:00,21.433,72.97549,250.0,4.608419895172119,1,WorldPop R2024B 100m constrained
46937836-6c8a-56ed-ab99-eb0d61f00fd3,2024-02-02 07:53:00+00:00,21.48457,72.85773,250.0,0.0,0,WorldPop R2024B 100m constrained
85062f9f-4e9e-5fec-b133-58d0fa1fe50f,2024-02-02 08:44:00+00:00,21.5002,72.78603,250.0,29.15731430053711,8,WorldPop R2024B 100m constrained
be11a4db-266f-56ca-bf1e-f29c85c53d70,2024-02-02 20:22:00+00:00,21.59227,72.9999,250.0,403.5364990234375,11,WorldPop R2024B 100m constrained
4b7721eb-f55c-58e9-b105-fc5ce6f8da88,2024-02-03 08:25:00+00:00,21.46954,72.87617,250.0,0.0,0,WorldPop R2024B 100m constrained
8a45aee4-c49c-57db-8395-29da7f022b97,2024-02-03 08:25:00+00:00,21.40934,72.85075,250.0,0.0,0,WorldPop R2024B 100m constrained
96444646-1005-58ba-838e-f5b5f4909b6b,2024-02-03 08:25:00+00:00,21.51058,72.84987,250.0,0.0,0,WorldPop R2024B 100m constrained
c2816581-46c7-5d82-9dc9-66c8a6cb66f2,2024-02-03 08:25:00+00:00,21.43184,72.8158,250.0,1.9232569932937622,1,WorldPop R2024B 100m constrained
e24d13d2-6f8e-5380-8c68-64bbc9b773c8,2024-02-03 08:25:00+00:00,21.72479,72.88544,250.0,0.0,0,WorldPop R2024B 100m constrained
39e35cb4-fc1f-5074-851d-7ede19e5acd2,2024-02-03 20:54:00+00:00,21.38257,72.7417,250.0,109.26496887207031,10,WorldPop R2024B 100m constrained
4538675c-8548-5c18-814a-ae9ecd5668ec,2024-02-03 20:54:00+00:00,21.37736,72.96018,250.0,691.5093383789062,21,WorldPop R2024B 100m constrained
d8039784-7689-5375-9c94-0bd253406649,2024-02-03 20:54:00+00:00,21.37773,72.81268,250.0,4.145907878875732,1,WorldPop R2024B 100m constrained
1d79a570-0b6a-5094-9e5b-7da70e16dfc7,2024-02-04 08:06:00+00:00,21.711675,72.669775,250.0,35.25364685058594,2,WorldPop R2024B 100m constrained
7b97781a-3c7b-59dd-b939-842315207f6c,2024-02-04 08:06:00+00:00,21.46874,72.80275,250.0,0.0,0,WorldPop R2024B 100m constrained
7c91567e-bad9-5a6d-8154-cb322a341e12,2024-02-04 08:06:00+00:00,21.71774,72.68309,250.0,137.9940185546875,14,WorldPop R2024B 100m constrained
a2e9bca8-9c96-5618-a392-58ce939f6d37,2024-02-04 20:35:00+00:00,21.43395,72.97461,250.0,20.179279327392578,3,WorldPop R2024B 100m constrained
78e2151d-9097-56e8-9a3f-58598ed383d2,2024-02-05 07:48:00+00:00,21.54479,72.849,250.0,0.0,0,WorldPop R2024B 100m constrained
e81b2947-b30a-5537-8eb6-08217ae3afbb,2024-02-05 07:48:00+00:00,21.92979,72.5556033333333,250.0,0.0,0,WorldPop R2024B 100m constrained
f9ef8b5e-a49e-5dec-a185-d05b83e84a01,2024-02-05 20:16:00+00:00,21.35991,72.76382,250.0,9.872078895568848,4,WorldPop R2024B 100m constrained
7e0b66d9-b2ad-5d0b-bc41-4db4a5f17445,2024-02-05 21:06:00+00:00,21.40487,72.73686,250.0,0.0,0,WorldPop R2024B 100m constrained
00e9ab57-de64-53fe-93bc-9c38420cd2d5,2024-02-06 08:19:00+00:00,21.574665,72.827045,250.0,208.38902282714844,12,WorldPop R2024B 100m constrained
63b384b5-96ad-59a1-9390-6b81a02bf821,2024-02-06 08:19:00+00:00,21.62228,72.81289,250.0,3.584177017211914,1,WorldPop R2024B 100m constrained
84f8b6aa-fd35-5cbd-a012-8009d74188c8,2024-02-06 20:48:00+00:00,21.47861,72.80557,250.0,3.705425977706909,2,WorldPop R2024B 100m constrained
a5435afd-e37c-57b1-8466-0c9da147c30b,2024-02-06 20:48:00+00:00,21.36549,72.7891,250.0,12.019376754760742,3,WorldPop R2024B 100m constrained
8e7b820f-7549-51f1-bbef-0dfbd6f380d8,2024-02-07 08:00:00+00:00,21.42903,72.8133066666667,250.0,10.047085762023926,5,WorldPop R2024B 100m constrained
1220e7fa-004c-52bd-baac-480ece727d53,2024-02-07 08:50:00+00:00,21.513265,72.80861,250.0,8.974813461303711,4,WorldPop R2024B 100m constrained
228d281e-4cc1-5726-a573-1945f58e0f37,2024-02-07 20:29:00+00:00,21.57821,72.86234,250.0,0.0,0,WorldPop R2024B 100m constrained
2494bfd2-9cb2-5f87-b809-4bc0e05141fa,2024-02-07 20:29:00+00:00,21.69572,72.60204,250.0,415.8760070800781,21,WorldPop R2024B 100m constrained
12316bf4-9db9-5ce6-b8cd-432ed8a140a7,2024-02-08 07:41:00+00:00,21.56773,72.87884,250.0,69.39637756347656,17,WorldPop R2024B 100m constrained
150b1ee9-a20f-52ec-a3ac-f319f268bb1b,2024-02-08 07:41:00+00:00,21.71926,72.6985033333333,250.0,273.4726867675781,22,WorldPop R2024B 100m constrained
7a93826a-470d-5d57-876a-7884e0ef0303,2024-02-08 07:41:00+00:00,21.49277,72.80923,250.0,0.0,0,WorldPop R2024B 100m constrained
51436093-9110-5173-aacf-72c438246720,2024-02-08 20:10:00+00:00,21.783555,72.608675,250.0,0.0,0,WorldPop R2024B 100m constrained
846c1bfc-f76d-512e-bbce-fa024b2fac42,2024-02-08 20:10:00+00:00,21.40745,72.97169,250.0,200.85877990722656,21,WorldPop R2024B 100m constrained
f54fd463-efda-513a-b95b-690b921376a3,2024-02-09 07:22:00+00:00,21.7662266666667,72.61327,250.0,2.408292055130005,1,WorldPop R2024B 100m constrained
5a8f4c22-44ec-5b19-aa9c-57a32c3fec23,2024-02-09 08:13:00+00:00,21.751245,72.62111,250.0,0.0,0,WorldPop R2024B 100m constrained
b5355d98-086c-51e7-b54d-557711c05c24,2024-02-09 09:03:00+00:00,21.7912,72.6611,250.0,8.15670394897461,1,WorldPop R2024B 100m constrained
0c6a1e43-7417-5ee8-8aa8-e18cd557ae03,2024-02-09 20:42:00+00:00,21.43354,72.976045,250.0,23.34984588623047,3,WorldPop R2024B 100m constrained
3208236d-281f-5a6e-934b-a4ffcd586184,2024-02-09 20:42:00+00:00,21.6815533333333,72.5340033333333,250.0,616.007568359375,23,WorldPop R2024B 100m constrained
a26435c1-f4c6-53f9-9536-14aedac3a03f,2024-02-09 20:42:00+00:00,21.74649,72.65653,250.0,316.9307861328125,20,WorldPop R2024B 100m constrained
a60a77eb-d64a-5ad5-8b4e-8f978f3629c4,2024-02-10 07:54:00+00:00,21.68569,72.56393,250.0,827.6156005859375,21,WorldPop R2024B 100m constrained
310cac38-bd7b-5dd4-bfef-771dff722787,2024-02-10 08:44:00+00:00,21.54473,72.92194,250.0,0.0,0,WorldPop R2024B 100m constrained
58a47f5b-729e-51dc-9695-2269488d3a5e,2024-02-10 08:44:00+00:00,21.71659,72.63038,250.0,805.8184204101562,21,WorldPop R2024B 100m constrained
5b827614-fa5a-5ae3-bbb6-0fd950c70a2a,2024-02-10 08:44:00+00:00,21.44115,72.8277,250.0,32.53581237792969,5,WorldPop R2024B 100m constrained
d89d930c-9b29-5fc9-b8bc-7ef1b0e831c3,2024-02-10 08:44:00+00:00,21.62637,72.81351,250.0,0.0,0,WorldPop R2024B 100m constrained
8315c9fe-09c7-5e35-80bd-7b82dcc1857d,2024-02-10 20:23:00+00:00,21.35819,72.90959,250.0,0.0,0,WorldPop R2024B 100m constrained
4e4d08af-f29f-5112-8603-9c3eaa2c9a33,2024-02-11 07:35:00+00:00,21.9563475,72.81447,250.0,3.8388559818267822,1,WorldPop R2024B 100m constrained
06e6561a-669f-57a8-875c-1f753fc28ef1,2024-02-11 08:25:00+00:00,22.014045,72.742385,250.0,78.20600891113281,10,WorldPop R2024B 100m constrained
0b039440-58bb-5c5c-9829-80a4d40bf8a3,2024-02-11 08:25:00+00:00,21.77556,72.9817,250.0,2.749547004699707,1,WorldPop R2024B 100m constrained
5881a5a2-bb0f-5013-9130-db6ff24f852b,2024-02-11 08:25:00+00:00,21.89881,72.66434,250.0,25.266794204711914,6,WorldPop R2024B 100m constrained
6a06c945-ce45-5570-bd8b-56f98547af66,2024-02-11 08:25:00+00:00,21.509,72.73294,250.0,2.4537999629974365,1,WorldPop R2024B 100m constrained
9979f281-8ba2-5af9-b2ed-72a3f6a3e84c,2024-02-11 08:25:00+00:00,21.46448,72.89964,250.0,0.0,0,WorldPop R2024B 100m constrained
86d3a541-5ce4-5fe0-a56b-395dcc8c63bb,2024-02-11 20:04:00+00:00,21.43161,72.975155,250.0,4.608419895172119,1,WorldPop R2024B 100m constrained
4e1b9977-774a-517b-bfee-54089601c810,2024-02-11 20:54:00+00:00,21.68197,72.53529,250.0,724.5385131835938,23,WorldPop R2024B 100m constrained
010562ed-a780-5967-95c2-e73a0300095c,2024-02-12 08:06:00+00:00,21.92457,72.72224,250.0,48.31352615356445,10,WorldPop R2024B 100m constrained
09d774e0-9443-5c01-a4ff-0f5f591d6cc0,2024-02-12 08:06:00+00:00,21.56525,72.85818,250.0,10.084701538085938,2,WorldPop R2024B 100m constrained
ccb7ddd1-f02a-520b-bcbc-db9a9ee0166e,2024-02-12 08:57:00+00:00,21.91574,72.85986,250.0,2.5115580558776855,1,WorldPop R2024B 100m constrained
3597927d-6cce-54af-81d9-fa3804dcd5e1,2024-02-14 07:29:00+00:00,21.887275,72.677225,250.0,4.963397026062012,2,WorldPop R2024B 100m constrained
0b0ac52c-a6ec-57e4-b2ec-38f6daacd8db,2024-02-14 08:19:00+00:00,21.51975,72.93362,250.0,4.170600891113281,1,WorldPop R2024B 100m constrained
c5b0af9f-4ab8-54bd-b629-d2378cd6d0a5,2024-02-14 08:19:00+00:00,22.03645,72.64053,250.0,0.0,0,WorldPop R2024B 100m constrained
840c951c-8041-5318-a5fe-eba2bb664ff3,2024-02-14 09:09:00+00:00,22.01711,72.57224,250.0,0.0,0,WorldPop R2024B 100m constrained
29f3c0b9-8f21-54fb-b3a6-a6bd22b7c540,2024-02-14 20:48:00+00:00,21.83904,72.98441,250.0,0.0,0,WorldPop R2024B 100m constrained
6802d359-b440-5320-aaca-58b4693d99a3,2024-02-15 08:00:00+00:00,21.685575,72.613145,250.0,33.16862487792969,7,WorldPop R2024B 100m constrained
6f83cf0d-ceee-5cdf-9736-8ea8a6b4085a,2024-02-15 08:00:00+00:00,21.95225,72.59214,250.0,156.1458282470703,15,WorldPop R2024B 100m constrained
68622d75-1495-5722-bef0-e78814898593,2024-02-15 08:50:00+00:00,21.38851,72.84616,250.0,10.954504013061523,3,WorldPop R2024B 100m constrained
2e894061-126a-5573-ba7e-06ef6c68ca0d,2024-02-16 08:31:00+00:00,21.37047,72.79956,250.0,0.0,0,WorldPop R2024B 100m constrained
085d7ce0-da1e-54fe-844c-89a10cd37c95,2024-02-16 20:10:00+00:00,21.36516,72.95885,250.0,1035.4744873046875,23,WorldPop R2024B 100m constrained
b70bf4c6-7096-56b4-a978-b3ef4896da39,2024-02-16 20:10:00+00:00,21.92562,72.70531,250.0,6.001708984375,3,WorldPop R2024B 100m constrained
a939a475-703e-5a35-b3c0-ef170f883983,2024-02-17 08:12:00+00:00,21.77926,72.64123,250.0,170.87591552734375,21,WorldPop R2024B 100m constrained
dbbd8bde-66b6-583a-9c70-a950e5879e27,2024-02-17 08:12:00+00:00,21.87903,72.71205,250.0,7.527865886688232,1,WorldPop R2024B 100m constrained
7b73dfb3-d5d4-5a1a-b6a0-638b669aa806,2024-02-17 08:13:00+00:00,21.95013,72.58888,250.0,60.49835968017578,10,WorldPop R2024B 100m constrained
81d5a958-684d-5a7e-9ede-fa0febc7a039,2024-02-17 08:13:00+00:00,22.03695,72.64951,250.0,0.0,0,WorldPop R2024B 100m constrained
a079a981-982c-516b-bc3d-4054d2861b0c,2024-02-17 09:03:00+00:00,21.75282,72.66512,250.0,120.810546875,18,WorldPop R2024B 100m constrained
6a587fa1-c596-5359-9dd8-1664255e465e,2024-02-17 20:41:00+00:00,21.39536,72.7651,250.0,2.3267500400543213,1,WorldPop R2024B 100m constrained
7df09845-7004-5b8e-8bd5-cf9d1694a2e5,2024-02-17 20:41:00+00:00,21.36257,72.78749,250.0,85.18321990966797,18,WorldPop R2024B 100m constrained
b92de742-f734-58d2-a40d-944f0207a472,2024-02-17 20:41:00+00:00,21.79256,72.87643,250.0,43.784912109375,7,WorldPop R2024B 100m constrained
28f4bf74-0e25-5eab-ba5b-a7888f6832c9,2024-02-18 07:54:00+00:00,21.71692,72.73503,250.0,0.0,0,WorldPop R2024B 100m constrained
a5460da6-6ee2-5fa1-a50b-e75fccf149d8,2024-02-18 07:54:00+00:00,21.79803,72.9105,250.0,5.084551811218262,1,WorldPop R2024B 100m constrained
076de633-0bd0-5d00-98a0-72b1598f163a,2024-02-18 08:44:00+00:00,21.50207,72.73138,250.0,0.0,0,WorldPop R2024B 100m constrained
3703762e-f2fe-5207-b326-08196107f417,2024-02-18 08:44:00+00:00,21.61916,72.83596,250.0,0.0,0,WorldPop R2024B 100m constrained
82df161b-d9b7-50d9-92e4-568402d132d8,2024-02-18 08:44:00+00:00,21.55673,72.90369,250.0,0.0,0,WorldPop R2024B 100m constrained
6f394ab9-bf82-5fa7-a935-519bfa053a55,2024-02-18 20:22:00+00:00,21.4329433333333,72.97649,250.0,23.34984588623047,3,WorldPop R2024B 100m constrained
9c9cf899-0e8a-5da7-a958-c9596cdfb151,2024-02-18 21:13:00+00:00,22.04237,72.63874,250.0,0.0,0,WorldPop R2024B 100m constrained
5db64c7d-32d3-541c-91cf-e52aecce141e,2024-02-19 08:25:00+00:00,21.39654,72.90486,250.0,7.954383850097656,2,WorldPop R2024B 100m constrained
9cecb86d-b7b0-5e59-851a-13eb4760b97b,2024-02-19 08:25:00+00:00,21.70948,72.68141,250.0,0.0,0,WorldPop R2024B 100m constrained
61120351-df50-59bc-b429-196c5aea7a72,2024-02-19 20:54:00+00:00,21.36558,72.79089,250.0,78.9039306640625,10,WorldPop R2024B 100m constrained
04550948-b9ba-5c0a-9fa4-e00c5d808fb2,2024-02-20 08:06:00+00:00,21.70029,72.58306,250.0,391.3553771972656,19,WorldPop R2024B 100m constrained
0a728c37-0d59-5bbc-8e2a-68ba477c93e9,2024-02-20 08:06:00+00:00,22.04708,72.68158,250.0,0.0,0,WorldPop R2024B 100m constrained
8e554065-534e-5ed9-8b37-16665f376900,2024-02-20 08:06:00+00:00,21.923225,72.713705,250.0,0.0,0,WorldPop R2024B 100m constrained
3a11e74e-35ae-586e-8a39-5dab2cd90cfe,2024-02-20 08:56:00+00:00,21.39652,72.67747,250.0,8.730184555053711,2,WorldPop R2024B 100m constrained
7087ebd6-ffd0-57e3-b1c6-465591547b80,2024-02-20 08:56:00+00:00,21.70529,72.67817,250.0,0.0,0,WorldPop R2024B 100m constrained
bab06023-c39e-524a-b2fc-60c13b5d7829,2024-02-20 08:56:00+00:00,21.70317,72.76207,250.0,4.631838798522949,1,WorldPop R2024B 100m constrained
5ff1db02-93ef-5d02-a127-688c49ecd399,2024-02-21 07:47:00+00:00,21.35639,72.93307,250.0,0.0,0,WorldPop R2024B 100m constrained
2d256b81-3593-54ae-b2c2-9dd9e95c7887,2024-02-21 07:48:00+00:00,21.75064,72.61137,250.0,0.0,0,WorldPop R2024B 100m constrained
46b84408-1c49-5777-92ec-34d3540beb89,2024-02-22 08:19:00+00:00,21.94677,72.5919,250.0,8.836760520935059,6,WorldPop R2024B 100m constrained
9d298f94-0d3f-5c05-a078-cac3960b3e75,2024-02-22 08:19:00+00:00,21.83872,72.6408033333333,250.0,0.0,0,WorldPop R2024B 100m constrained
9e87d3bf-24da-5a45-be66-53c2c26d1c0e,2024-02-23 08:00:00+00:00,21.698235,72.64175,250.0,1.4402300119400024,1,WorldPop R2024B 100m constrained
b32973f4-38f8-5f76-a984-db07822f639c,2024-02-23 08:00:00+00:00,21.69424,72.77679,250.0,0.0,0,WorldPop R2024B 100m constrained
6e863f95-176c-58b0-8254-f0e8fc371759,2024-02-23 08:50:00+00:00,21.50816,72.90036,250.0,0.0,0,WorldPop R2024B 100m constrained
2e6db1cc-c72f-5278-ab29-18f3bf5a91f5,2024-02-23 20:29:00+00:00,21.3777,72.95985,250.0,853.1917724609375,24,WorldPop R2024B 100m constrained
608fae66-0ce5-50c7-b054-72893c2541b4,2024-02-23 21:19:00+00:00,21.92471,72.756185,250.0,3.061583995819092,1,WorldPop R2024B 100m constrained
185f5b0a-5128-57f6-abce-33edb175e31f,2024-02-24 07:41:00+00:00,21.75386,72.78494,250.0,0.0,0,WorldPop R2024B 100m constrained
265ae49f-abf1-5b15-9642-862d33964660,2024-02-24 08:31:00+00:00,21.5072,72.76842,250.0,0.0,0,WorldPop R2024B 100m constrained
83e3d236-ff1c-5aaa-a91f-e2af9d746ce6,2024-02-24 08:31:00+00:00,21.99865,72.58072,250.0,170.6309356689453,18,WorldPop R2024B 100m constrained
97e5add6-e110-5f72-bc4b-65972fbb6d0e,2024-02-24 08:31:00+00:00,21.704,72.95592,250.0,565.8303833007812,21,WorldPop R2024B 100m constrained
ba464192-bb2b-5082-88a8-712033adb58c,2024-02-24 08:31:00+00:00,21.47311,72.99178,250.0,476.0487976074219,21,WorldPop R2024B 100m constrained
42987fc3-c6df-5e15-a509-c40b4d83451f,2024-02-24 20:10:00+00:00,21.35278,72.958435,250.0,1427.3980712890625,25,WorldPop R2024B 100m constrained
c851157a-1808-5926-b4b5-a14f850ace69,2024-02-24 21:00:00+00:00,21.47343,72.79807,250.0,0.0,0,WorldPop R2024B 100m constrained
112c3a9c-7b0a-5bea-9eb7-d54e47990970,2024-02-25 07:22:00+00:00,21.8069866666667,72.91127,250.0,0.0,0,WorldPop R2024B 100m constrained
697c7887-6c8e-50a4-a1c3-8d62e476d24d,2024-02-25 07:22:00+00:00,21.978795,72.551915,250.0,0.0,0,WorldPop R2024B 100m constrained
93a1bc11-32c1-5aaa-a799-90ad720fa274,2024-02-25 08:12:00+00:00,21.40373,72.6681566666667,250.0,10.771759033203125,3,WorldPop R2024B 100m constrained
ea654edc-ab26-5e93-9b5e-f18cd355368b,2024-02-25 08:12:00+00:00,21.37537,72.69857,250.0,0.0,0,WorldPop R2024B 100m constrained
53b9c45f-dcfd-5732-af66-6250c50c3c04,2024-02-25 08:13:00+00:00,22.02463,72.85733,250.0,45.700042724609375,8,WorldPop R2024B 100m constrained
f4cdc97a-b9a6-5a53-9e22-16998c79ba0e,2024-02-25 08:13:00+00:00,21.87828,72.71131,250.0,7.527865886688232,1,WorldPop R2024B 100m constrained
0c23c980-3336-5468-ad37-389112658e48,2024-02-25 09:03:00+00:00,22.03232,72.771,250.0,0.0,0,WorldPop R2024B 100m constrained
1d111f0b-6f5b-569f-8f58-d2c539081e59,2024-02-25 20:41:00+00:00,21.35956,72.76073,250.0,20.63681411743164,9,WorldPop R2024B 100m constrained
41d7ae1d-8c3c-5f27-9103-a35b9e22741c,2024-02-25 20:41:00+00:00,21.39273,72.79396,250.0,7.099930763244629,2,WorldPop R2024B 100m constrained
5dd76310-7982-53e0-a080-db371d276816,2024-02-25 20:41:00+00:00,21.4327,72.97657,250.0,34.2446174621582,4,WorldPop R2024B 100m constrained
cf0b3d94-cd67-5975-a58a-358c964c8ba1,2024-02-25 20:41:00+00:00,21.62796,72.92253,250.0,3.941438913345337,1,WorldPop R2024B 100m constrained
c581a229-35f0-5e61-8511-a10d5dc9e43b,2024-02-26 07:54:00+00:00,21.621985,72.947525,250.0,104.07861328125,14,WorldPop R2024B 100m constrained
95a12fd6-ea2d-55ab-9c96-b31e2a4c2fb6,2024-02-26 08:44:00+00:00,21.8165,72.91705,250.0,32.89754867553711,9,WorldPop R2024B 100m constrained
350d6c84-2124-50e5-ba63-9a44a2044e0e,2024-02-26 21:13:00+00:00,21.90824,72.68187,250.0,116.72787475585938,16,WorldPop R2024B 100m constrained
5760bf8c-e569-59a5-9fd2-e86fb81986af,2024-02-27 08:25:00+00:00,21.84698,72.65816,250.0,0.0,0,WorldPop R2024B 100m constrained
5f5f6569-3aad-5b2e-8cac-dc970f4a6383,2024-02-27 08:25:00+00:00,21.56931,72.89478,250.0,59.20827102661133,16,WorldPop R2024B 100m constrained
655a7955-9e50-5b5a-bf14-141f6ed4e85e,2024-02-27 08:25:00+00:00,21.46633,72.86111,250.0,0.0,0,WorldPop R2024B 100m constrained
737d7658-d475-5ba7-8e0b-54f917343291,2024-02-27 08:25:00+00:00,21.82623,72.72767,250.0,0.0,0,WorldPop R2024B 100m constrained
c4da635c-2a17-53b1-91f9-ed6ef0cbc4e0,2024-02-27 08:25:00+00:00,21.783515,72.6726,250.0,9.036323547363281,2,WorldPop R2024B 100m constrained
99a622a7-2fe0-5cce-8f26-27bad7f93e4c,2024-02-28 08:06:00+00:00,21.95608,72.82252,250.0,128.20001220703125,10,WorldPop R2024B 100m constrained
b36b8e23-eef8-5f87-95d8-a0d8415c75b6,2024-02-28 08:06:00+00:00,21.35075,72.82864,250.0,0.0,0,WorldPop R2024B 100m constrained
bc31552e-10c0-572e-b1ec-011b7e606d12,2024-02-28 08:06:00+00:00,21.82305,72.6634,250.0,158.0102996826172,17,WorldPop R2024B 100m constrained
0a62b88c-756e-5418-898c-617b19cda9b5,2024-02-28 08:56:00+00:00,21.47166,72.80087,250.0,0.0,0,WorldPop R2024B 100m constrained
3544ef6b-e2d3-584c-9d84-8fde7dc72615,2024-02-28 08:56:00+00:00,21.49247,72.74479,250.0,4.109870910644531,1,WorldPop R2024B 100m constrained
c358b0c2-8d66-50a4-ba37-daad557ad292,2024-02-28 08:56:00+00:00,21.4364033333333,72.7123933333333,250.0,0.0,0,WorldPop R2024B 100m constrained
addd1ee8-06d3-51e0-a26b-798e329a5b84,2024-02-28 08:57:00+00:00,21.75652,72.89878,250.0,0.0,0,WorldPop R2024B 100m constrained
14f5d9cd-e117-5916-a696-909b34790fe9,2024-02-28 21:25:00+00:00,21.86911,72.9407,250.0,0.0,0,WorldPop R2024B 100m constrained
18e4fcbc-20ac-5090-937c-878a7799c3f5,2024-02-28 21:25:00+00:00,21.5857,72.86499,250.0,0.0,0,WorldPop R2024B 100m constrained
cd17df3c-c7fd-5d32-970f-661683818d2f,2024-02-28 21:25:00+00:00,21.47191,72.81187,250.0,0.0,0,WorldPop R2024B 100m constrained
0f4ebbbb-3e3f-5d76-8e88-f66d1c518c3b,2024-02-29 07:47:00+00:00,21.55911,72.8075,250.0,0.0,0,WorldPop R2024B 100m constrained
14daf55e-2bb0-5f59-86fe-dd3e3117877b,2024-02-29 07:47:00+00:00,21.757808,72.628582,250.0,0.0,0,WorldPop R2024B 100m constrained
159b5eb0-e698-5803-be6f-7b2063a2fd52,2024-02-29 07:47:00+00:00,21.75183,72.6313933333333,250.0,0.0,0,WorldPop R2024B 100m constrained
8ac9f119-1a9a-5089-95cd-75bf08e15851,2024-02-29 07:47:00+00:00,21.95991,72.593555,250.0,0.0,0,WorldPop R2024B 100m constrained
0e037d48-3e8f-55bc-b9df-6d77300c898d,2024-02-29 08:38:00+00:00,22.051435,72.74014,250.0,0.0,0,WorldPop R2024B 100m constrained
1ecb8369-47bf-5702-bcd7-bc87a3cc3ced,2024-02-29 08:38:00+00:00,21.42413,72.81168,250.0,18.626956939697266,6,WorldPop R2024B 100m constrained
96b8773c-2e89-5b69-b473-3a2b5f9be059,2024-02-29 08:38:00+00:00,21.75776,72.6346466666667,250.0,71.15487670898438,14,WorldPop R2024B 100m constrained
2237c7da-f960-58a2-9093-f8f3274ce151,2024-03-01 07:29:00+00:00,21.93561,72.5769733333333,250.0,0.0,0,WorldPop R2024B 100m constrained
126ae2a1-2a5b-572f-bf6f-a04534cdbb99,2024-03-01 08:19:00+00:00,21.52003,72.71799,250.0,168.24197387695312,18,WorldPop R2024B 100m constrained
6589a27b-1b62-57a0-b12c-d7eaacff3e25,2024-03-01 08:19:00+00:00,21.79164,72.76828,250.0,0.0,0,WorldPop R2024B 100m constrained
8ef47132-3fe7-552c-9ae3-d3b3b9402cb6,2024-03-01 08:19:00+00:00,21.93591,72.56366,250.0,0.0,0,WorldPop R2024B 100m constrained
c05af5f0-4c12-5c92-951d-255a6377d5b5,2024-03-01 08:19:00+00:00,21.59309,72.97466,250.0,42.2784423828125,9,WorldPop R2024B 100m constrained
3cdc7749-33a0-5c68-9c25-a15fd0a044c2,2024-03-01 20:48:00+00:00,21.43365,72.97523,250.0,9.155710220336914,2,WorldPop R2024B 100m constrained
226b519e-431b-566a-88ed-aeafc641b47c,2024-03-01 21:38:00+00:00,21.40724,72.9665,250.0,290.5717468261719,21,WorldPop R2024B 100m constrained
82dc2241-02f0-56e5-a8b7-723f93f70812,2024-03-02 08:00:00+00:00,21.37056,72.91841,250.0,0.0,0,WorldPop R2024B 100m constrained
ef43a1ed-10ad-5527-9e2b-56ae066cdaf8,2024-03-02 08:50:00+00:00,21.941925,72.77894,250.0,21.719017028808594,5,WorldPop R2024B 100m constrained
f98e71ff-fa3f-5852-8261-cf8fcb9ae836,2024-03-03 07:41:00+00:00,21.93136,72.85798,250.0,6.3261799812316895,2,WorldPop R2024B 100m constrained
3c6d208a-5cb6-57d1-91df-5e0d78c63915,2024-03-03 08:31:00+00:00,21.96075,72.78546,250.0,0.0,0,WorldPop R2024B 100m constrained
ccb23c2d-51b4-5594-a6d3-cd24636c99fb,2024-03-03 08:31:00+00:00,21.96538,72.81977,250.0,0.0,0,WorldPop R2024B 100m constrained
fba9d6a4-bb24-5e69-a2be-cdbbe8fc9587,2024-03-03 08:31:00+00:00,21.7347,72.92819,250.0,0.0,0,WorldPop R2024B 100m constrained
9de11025-b648-523c-ad1b-fb43385e9d4d,2024-03-03 20:10:00+00:00,21.433614,72.974984,250.0,21.557035446166992,3,WorldPop R2024B 100m constrained
a129fee2-33a7-5873-8554-d7a8bf6a809e,2024-03-03 21:00:00+00:00,21.379,72.93449,250.0,0.0,0,WorldPop R2024B 100m constrained
6991af0d-02c2-5825-850c-894750cb7259,2024-03-04 08:12:00+00:00,21.66361,72.98992,250.0,55.547454833984375,14,WorldPop R2024B 100m constrained
49db150a-a904-5901-adad-05a8a2afea0e,2024-03-04 09:03:00+00:00,21.43876,72.83307,250.0,17.89926528930664,3,WorldPop R2024B 100m constrained
edcfa49c-2890-5dff-a125-fdb79dc5b8b6,2024-03-04 09:03:00+00:00,21.62325,72.99809,250.0,1046.433349609375,21,WorldPop R2024B 100m constrained
b843c6f5-f36e-5beb-b4ef-8e8319ff7280,2024-03-04 20:41:00+00:00,21.41787,72.90087,250.0,0.0,0,WorldPop R2024B 100m constrained
6ae0b90b-5f06-575c-9cd8-2ab0454b3477,2024-03-05 07:54:00+00:00,21.6941985714286,72.6053814285714,250.0,462.6977844238281,23,WorldPop R2024B 100m constrained
82d30430-c7fb-5ece-b423-e27eca51ed34,2024-03-05 07:54:00+00:00,21.422255,72.880165,250.0,46.54297637939453,7,WorldPop R2024B 100m constrained
a4846d4b-5354-5d38-863b-a1be379d9609,2024-03-05 07:54:00+00:00,21.54128,72.81031,250.0,0.0,0,WorldPop R2024B 100m constrained
b27a6007-af81-5e0f-9646-bde2e40c80e6,2024-03-05 07:54:00+00:00,21.60032,72.95261,250.0,0.0,0,WorldPop R2024B 100m constrained
c2783323-d61e-557b-b453-09934a292623,2024-03-05 07:54:00+00:00,21.69666,72.58144,250.0,148.1525115966797,15,WorldPop R2024B 100m constrained
c2b34e6f-fd09-5405-be6f-7b1159cd101f,2024-03-05 07:54:00+00:00,21.4368233333333,72.7031266666667,250.0,5.820774078369141,4,WorldPop R2024B 100m constrained
50c88e90-5a81-56b1-972c-81ebe74aafd4,2024-03-05 08:44:00+00:00,21.40905,72.66541,250.0,4.8857221603393555,2,WorldPop R2024B 100m constrained
82c92f8c-c354-55ef-8b60-54ac11fe695b,2024-03-05 08:44:00+00:00,22.04091,72.65266,250.0,0.0,0,WorldPop R2024B 100m constrained
90ea3f0c-dc58-5bd6-9d81-cc8889146c7d,2024-03-05 08:44:00+00:00,21.97974,72.89511,250.0,0.0,0,WorldPop R2024B 100m constrained
cb3d9fd9-6b4a-5dd1-8d74-55e014b32114,2024-03-05 08:44:00+00:00,21.42832,72.97549,250.0,4.351541996002197,1,WorldPop R2024B 100m constrained
a78a1918-3b1d-581a-aca1-c65522976567,2024-03-05 21:13:00+00:00,21.96962,72.57018,250.0,0.0,0,WorldPop R2024B 100m constrained
3dbe22e1-ccdd-5247-8e6d-04bff84b816d,2024-03-06 07:35:00+00:00,21.51915,72.83075,250.0,17.924699783325195,6,WorldPop R2024B 100m constrained
927a1b31-3bb5-56a4-a69d-f647f70234ac,2024-03-06 07:35:00+00:00,22.07933,72.57243,250.0,0.0,0,WorldPop R2024B 100m constrained
f5c29737-f229-5041-a122-71c5b4c3401b,2024-03-06 07:35:00+00:00,21.36932,72.6533366666667,250.0,102.40579986572266,15,WorldPop R2024B 100m constrained
0204b089-90e8-504b-adc4-3d326ab70241,2024-03-06 08:25:00+00:00,22.00809,72.77333,250.0,0.0,0,WorldPop R2024B 100m constrained
54b12b2e-e7e7-5a49-8323-da293ae3b95a,2024-03-06 08:25:00+00:00,21.96868,72.83485,250.0,0.0,0,WorldPop R2024B 100m constrained
69cda61a-6dad-570c-9782-627a3d5c37b1,2024-03-06 08:25:00+00:00,21.71994,72.99732,250.0,1290.0640869140625,22,WorldPop R2024B 100m constrained
792a47a9-b352-50b2-ae8c-45ad88fedd1b,2024-03-06 08:25:00+00:00,21.38572,72.77431,250.0,19.566699981689453,4,WorldPop R2024B 100m constrained
b4795c8e-a3ee-54c0-b320-29a252433482,2024-03-06 08:25:00+00:00,21.745945,72.633245,250.0,0.0,0,WorldPop R2024B 100m constrained
ccea6ed6-4783-5c74-83cd-e39b8d2be373,2024-03-06 08:25:00+00:00,21.5425,72.816715,250.0,52.303733825683594,8,WorldPop R2024B 100m constrained
ccf9b2c5-370a-5a2e-af2b-0f2f1a6c565d,2024-03-06 08:25:00+00:00,21.679135,72.59178,250.0,107.74695587158203,8,WorldPop R2024B 100m constrained
de49967e-ba06-5863-916f-66358b683555,2024-03-06 08:25:00+00:00,21.51264,72.81158,250.0,5.830920219421387,1,WorldPop R2024B 100m constrained
05eb58a4-b146-581f-b197-ea3b266ff94e,2024-03-07 08:06:00+00:00,21.6202,72.855535,250.0,0.0,0,WorldPop R2024B 100m constrained
58667175-d4f0-5f7b-8e34-64c0f06bf3d9,2024-03-07 08:06:00+00:00,22.01861,72.87619,250.0,0.0,0,WorldPop R2024B 100m constrained
aa652176-c8dc-5ef2-a8c1-a38756f034ee,2024-03-07 08:06:00+00:00,21.97978,72.741475,250.0,0.0,0,WorldPop R2024B 100m constrained
d851ceab-0d86-5a00-adcb-b3d93fe68159,2024-03-07 08:06:00+00:00,21.74075,72.6792,250.0,305.5143737792969,23,WorldPop R2024B 100m constrained
81987937-10c8-536e-9bb8-7f8bdba60207,2024-03-07 08:56:00+00:00,21.39029,72.79735,250.0,7.949456214904785,2,WorldPop R2024B 100m constrained
86bda1a8-d677-54ea-90c5-b9338d8993c8,2024-03-07 08:56:00+00:00,21.71651,72.81899,250.0,0.0,0,WorldPop R2024B 100m constrained
ed41bc5f-1676-595d-a26e-40cdc3f312fc,2024-03-07 08:56:00+00:00,21.36066,72.78288,250.0,55.57951354980469,17,WorldPop R2024B 100m constrained
571ae331-90c5-50d6-bcae-bd2bfb3c9c3c,2024-03-07 21:25:00+00:00,21.75475,72.79152,250.0,0.0,0,WorldPop R2024B 100m constrained
e7f37f7d-8bf4-50c9-861b-9ecb0dec0cad,2024-03-08 07:47:00+00:00,21.76025,72.80382,250.0,0.0,0,WorldPop R2024B 100m constrained
6aa1270a-a1ad-5bda-b5e8-8590e39298c5,2024-03-08 08:37:00+00:00,21.61392,72.83491,250.0,0.0,0,WorldPop R2024B 100m constrained
bad03a34-811f-5869-8549-92988468e727,2024-03-08 08:37:00+00:00,21.72267,72.71915,250.0,102.68417358398438,10,WorldPop R2024B 100m constrained
f529fd2b-09d4-501e-89e6-cebdc39697d8,2024-03-08 08:37:00+00:00,21.69875,72.776315,250.0,10.632320404052734,4,WorldPop R2024B 100m constrained
4be2f8f1-592a-5ff5-a864-adeb0b607c9b,2024-03-08 08:38:00+00:00,21.89329,72.78415,250.0,0.0,0,WorldPop R2024B 100m constrained
e939e31b-5207-52cb-a948-91a02473f8be,2024-03-08 08:38:00+00:00,22.03352,72.80595,250.0,21.05389976501465,2,WorldPop R2024B 100m constrained
994268c2-1262-5f5c-a102-c6dbcb6b5bed,2024-03-09 08:19:00+00:00,21.72553,72.568805,250.0,4.748669147491455,1,WorldPop R2024B 100m constrained
c2673f64-31bd-59b4-8d88-4754012d2660,2024-03-09 08:19:00+00:00,21.5462,72.9378,250.0,0.0,0,WorldPop R2024B 100m constrained
d8be1f43-6a2e-58eb-b60a-83df5c975533,2024-03-09 09:09:00+00:00,21.97983,72.67271,250.0,2.8095130920410156,1,WorldPop R2024B 100m constrained
5a70aa62-692f-52c4-9fec-2466150dd592,2024-03-09 20:48:00+00:00,21.681,72.54791,250.0,754.9216918945312,23,WorldPop R2024B 100m constrained
87468de7-db66-5b05-9883-be145b711615,2024-03-10 08:00:00+00:00,21.75992,72.79928,250.0,0.0,0,WorldPop R2024B 100m constrained
c4196a44-3111-5b39-bb18-09d94021ea94,2024-03-10 08:00:00+00:00,21.37428,72.74657,250.0,188.683349609375,13,WorldPop R2024B 100m constrained
824dd168-2811-56a5-acc3-0d4c8c132d68,2024-03-10 20:29:00+00:00,21.7399266666667,72.6098466666667,250.0,8.991886138916016,2,WorldPop R2024B 100m constrained
1d84c005-4943-5723-a98e-fb54f835e214,2024-03-11 07:41:00+00:00,22.00545,72.61021,250.0,0.0,0,WorldPop R2024B 100m constrained
75df7029-9f07-5b76-9fe6-6879600def70,2024-03-11 07:41:00+00:00,21.79137,72.8580733333333,250.0,19.262004852294922,5,WorldPop R2024B 100m constrained
c0775b3c-0efe-5b4c-800c-1d24aeb67824,2024-03-11 07:41:00+00:00,21.9797,72.6945,250.0,0.0,0,WorldPop R2024B 100m constrained
1833df53-cefc-58af-8243-70c3be077bd8,2024-03-11 08:31:00+00:00,21.68682,72.78205,250.0,117.6770248413086,11,WorldPop R2024B 100m constrained
392eecfd-59f4-52ba-9dd6-543a6788cf0b,2024-03-11 08:31:00+00:00,21.97901,72.81432,250.0,0.0,0,WorldPop R2024B 100m constrained
89dea9f6-34aa-5c5e-8e05-eef9e65fdce4,2024-03-11 08:31:00+00:00,21.704535,72.952575,250.0,270.91412353515625,20,WorldPop R2024B 100m constrained
d8a16c95-bf2f-5714-b662-0fc8cd168475,2024-03-11 08:31:00+00:00,22.09689,72.81026,250.0,125.52020263671875,12,WorldPop R2024B 100m constrained
8f706f8a-7458-5fbe-9389-d350a3c0a8be,2024-03-11 20:10:00+00:00,21.38759,72.84103,250.0,24.217893600463867,6,WorldPop R2024B 100m constrained
cdb47e7b-1080-51bd-a133-3e9b6cddcb87,2024-03-11 20:10:00+00:00,21.69364,72.60201,250.0,370.50750732421875,23,WorldPop R2024B 100m constrained
bed8328e-9afb-5fe9-b8d5-b9ce53d3b322,2024-03-11 21:00:00+00:00,21.79227,72.64935,250.0,54.98592758178711,7,WorldPop R2024B 100m constrained
0e8c16f7-c8d8-596f-b3cb-f41d7b0b17b5,2024-03-12 07:22:00+00:00,21.439455,72.710375,250.0,1.627951979637146,1,WorldPop R2024B 100m constrained
d8eae84a-bd60-5209-b81d-4eb8f67472df,2024-03-12 08:12:00+00:00,21.519975,72.933155,250.0,12.774104118347168,2,WorldPop R2024B 100m constrained
34c09c04-a683-56bb-91ed-63afa6d33b1b,2024-03-12 08:13:00+00:00,21.76217,72.88435,250.0,99.60547637939453,11,WorldPop R2024B 100m constrained
607f4e01-1ca2-520d-b99a-800ad76241f8,2024-03-12 08:13:00+00:00,22.0069525,72.6411775,250.0,0.0,0,WorldPop R2024B 100m constrained
97386a16-f742-5bd5-b472-743984f5e606,2024-03-12 08:13:00+00:00,21.7590866666667,72.8263066666667,250.0,0.0,0,WorldPop R2024B 100m constrained
4ac0528c-62b7-512d-ad61-303341ce9d11,2024-03-12 09:03:00+00:00,21.99885,72.64875,250.0,0.0,0,WorldPop R2024B 100m constrained
48954de5-b39f-59de-b66d-f8dba4563859,2024-03-12 20:41:00+00:00,21.98077,72.58234,250.0,0.0,0,WorldPop R2024B 100m constrained
8970dc92-8812-5e20-9623-c8b5e6b9a99b,2024-03-13 07:54:00+00:00,21.73886,72.73959,250.0,5.559391975402832,2,WorldPop R2024B 100m constrained
b07caa4b-3a64-5bd7-b9bc-80635610b10e,2024-03-13 07:54:00+00:00,21.7317033333333,72.7974733333333,250.0,10.434873580932617,4,WorldPop R2024B 100m constrained
23c22349-2ed8-5864-8515-b6944f9e9932,2024-03-13 08:44:00+00:00,21.46695,72.80219,250.0,0.0,0,WorldPop R2024B 100m constrained
c794dc53-4e5d-5877-9a02-4f18b7e0f6b3,2024-03-13 08:44:00+00:00,21.67535,72.581375,250.0,219.5813751220703,11,WorldPop R2024B 100m constrained
d193f19c-34fc-52fb-b2f6-17fb526f6b69,2024-03-13 08:44:00+00:00,21.4482,72.78792,250.0,0.0,0,WorldPop R2024B 100m constrained
1c3dd30d-41f0-5ae2-b4b6-3808f4c75f80,2024-03-14 07:35:00+00:00,21.97449,72.86507,250.0,0.0,0,WorldPop R2024B 100m constrained
6f96bf39-f3b9-5384-88ad-2de4bfc36c4e,2024-03-14 07:35:00+00:00,21.72919,72.63509,250.0,631.44970703125,24,WorldPop R2024B 100m constrained
777bb633-e015-50d1-8a4c-c77347e1ccc6,2024-03-14 07:35:00+00:00,22.03963,72.741215,250.0,0.0,0,WorldPop R2024B 100m constrained
d1ea411d-d9ab-528f-a30b-a1e6802734a5,2024-03-14 07:35:00+00:00,22.09586,72.57647,250.0,0.0,0,WorldPop R2024B 100m constrained
18aaf7d9-6ec7-5c1e-9e2e-f57fae36456d,2024-03-14 08:25:00+00:00,21.40629,72.66354,250.0,2.9070370197296143,2,WorldPop R2024B 100m constrained
2a626a9e-9109-578b-9004-a2a7f132f3bf,2024-03-15 08:06:00+00:00,21.64087,72.84978,250.0,2.1715869903564453,1,WorldPop R2024B 100m constrained
668d5312-de51-5abb-8da3-bba159e9c938,2024-03-15 08:06:00+00:00,21.72691,72.6927266666667,250.0,0.0,0,WorldPop R2024B 100m constrained
9a17d77d-07d7-5488-8d8f-bd041be6f67b,2024-03-15 08:06:00+00:00,21.85143,72.8056,250.0,0.0,0,WorldPop R2024B 100m constrained
a1a80a7d-e2e0-5863-acc7-c361ad269fc5,2024-03-15 08:06:00+00:00,22.021,72.720625,250.0,0.0,0,WorldPop R2024B 100m constrained
9972b08b-d7e9-51eb-b2de-638ee646cedc,2024-03-15 08:56:00+00:00,21.35377,72.88426,250.0,8.87712287902832,1,WorldPop R2024B 100m constrained
03babf46-de35-525b-a6d8-0cf95a9a0a6d,2024-03-15 20:35:00+00:00,22.08881,72.89872,250.0,0.0,0,WorldPop R2024B 100m constrained
a904336a-5e5f-54bd-b20e-9e4e81bc1412,2024-03-16 07:47:00+00:00,21.734565,72.78151,250.0,0.0,0,WorldPop R2024B 100m constrained
b2c2b145-4093-5781-abf2-a67fff7a5d91,2024-03-16 07:47:00+00:00,21.77334,72.77716,250.0,0.0,0,WorldPop R2024B 100m constrained
1c9c4f12-7fe2-54d8-bc9f-eba2e3974385,2024-03-16 08:38:00+00:00,21.75552,72.62208,250.0,4.2742180824279785,2,WorldPop R2024B 100m constrained
24636ed5-a06c-5745-b609-6b9a29260cd6,2024-03-16 08:38:00+00:00,22.03369,72.75358,250.0,0.0,0,WorldPop R2024B 100m constrained
27f19d32-ccf1-5a3d-b668-7b9264f864e0,2024-03-16 08:38:00+00:00,21.74878,72.857555,250.0,7.081335067749023,3,WorldPop R2024B 100m constrained
30fc00d2-cb4a-5e2f-8518-c281c7818fed,2024-03-16 08:38:00+00:00,21.53111,72.73147,250.0,0.0,0,WorldPop R2024B 100m constrained
8447d43c-d718-5b3d-88c1-4026a5d0be5b,2024-03-16 08:38:00+00:00,22.08973,72.65925,250.0,0.0,0,WorldPop R2024B 100m constrained
4116ecdd-bffa-585b-ab06-a622ca00d97b,2024-03-17 08:19:00+00:00,21.97715,72.78393,250.0,0.0,0,WorldPop R2024B 100m constrained
4fbdc757-1066-5042-8144-574b608df6ae,2024-03-17 08:19:00+00:00,21.831025,72.87795,250.0,43.55704116821289,11,WorldPop R2024B 100m constrained
25dd5610-9eee-5c42-8666-2594b6a6ef94,2024-03-17 09:09:00+00:00,21.856345,72.662645,250.0,3.4247560501098633,1,WorldPop R2024B 100m constrained
79f596a6-673c-5fac-97e3-cac409284be4,2024-03-17 20:48:00+00:00,21.43336,72.97727,250.0,62.24921417236328,8,WorldPop R2024B 100m constrained
cdceff57-c12b-5059-9a99-b8a4e1d6430e,2024-03-18 08:00:00+00:00,21.75985,72.61406,250.0,0.0,0,WorldPop R2024B 100m constrained
6b9653dc-5a94-5540-8ac6-5baa3a83deca,2024-03-18 08:50:00+00:00,21.8653,72.76358,250.0,0.0,0,WorldPop R2024B 100m constrained
2e81b46b-eea0-5234-8454-77256b2fe2d8,2024-03-19 07:41:00+00:00,21.697616,72.634268,250.0,371.823486328125,23,WorldPop R2024B 100m constrained
4be82149-179b-52e1-80e8-51114e831739,2024-03-19 07:41:00+00:00,21.96572,72.815975,250.0,0.0,0,WorldPop R2024B 100m constrained
a45a8503-8b0c-58da-9b4b-06eb1515818e,2024-03-19 07:41:00+00:00,21.92462,72.98795,250.0,25.872642517089844,4,WorldPop R2024B 100m constrained
bc778909-6851-5c69-87ab-2b081b36d9df,2024-03-19 07:41:00+00:00,21.95357,72.79102,250.0,0.0,0,WorldPop R2024B 100m constrained
69745dd1-851c-5cc6-88f5-e160a2e6e17b,2024-03-19 20:10:00+00:00,21.76249,72.75015,250.0,0.0,0,WorldPop R2024B 100m constrained
07d9224b-99ab-525e-bef4-10d3629355fd,2024-03-20 07:23:00+00:00,21.96016,72.58041,250.0,0.0,0,WorldPop R2024B 100m constrained
24f023eb-5661-550e-b9bb-68db8fb08800,2024-03-20 07:23:00+00:00,22.06902375,72.67035,250.0,0.0,0,WorldPop R2024B 100m constrained
2c151c12-cc3a-5ce3-84d4-5305cdf6dda1,2024-03-20 07:23:00+00:00,21.95068,72.5847,250.0,3.2837390899658203,1,WorldPop R2024B 100m constrained
4fac5400-a504-5b8d-93f7-7d58db3e972b,2024-03-20 08:12:00+00:00,21.81528,72.66055,250.0,45.5330924987793,9,WorldPop R2024B 100m constrained
6ebb9b83-67d0-5094-bc08-6653b35e7116,2024-03-20 08:12:00+00:00,21.68141,72.63574,250.0,0.0,0,WorldPop R2024B 100m constrained
d100ceef-d8f1-590b-ab02-a052627d5aa7,2024-03-20 08:12:00+00:00,21.45425,72.96929,250.0,4.296186923980713,1,WorldPop R2024B 100m constrained
51260a34-efad-5fb7-a74f-f9dac316dcaf,2024-03-20 09:03:00+00:00,21.52334,72.74148,250.0,0.0,0,WorldPop R2024B 100m constrained
84ac89ac-cdf1-56fa-a43e-a8408b46a5fe,2024-03-20 09:03:00+00:00,22.061015,72.6702,250.0,0.0,0,WorldPop R2024B 100m constrained
98ebd7d2-1b33-50e5-9ded-2522f4e59b21,2024-03-20 09:03:00+00:00,21.8276,72.87157,250.0,3.7283549308776855,1,WorldPop R2024B 100m constrained
c4785d6d-ce14-52b8-9312-274e7cbc38d2,2024-03-20 09:03:00+00:00,22.08057,72.66906,250.0,0.0,0,WorldPop R2024B 100m constrained
c5c31285-50c6-59f4-b160-d631f34fe144,2024-03-20 09:03:00+00:00,22.00701,72.55339,250.0,0.0,0,WorldPop R2024B 100m constrained
829d6ad1-bb5a-5762-8322-27e2b08872c6,2024-03-20 19:51:00+00:00,22.054475,72.69873,250.0,0.0,0,WorldPop R2024B 100m constrained
3573043d-e28e-5684-8aff-007d3a8fa0cf,2024-03-20 20:41:00+00:00,21.74971,72.66191,250.0,198.68714904785156,19,WorldPop R2024B 100m constrained
875e2aca-40a5-5d7b-a736-4af80d9622c8,2024-03-20 20:41:00+00:00,21.4348,72.97602,250.0,19.118709564208984,3,WorldPop R2024B 100m constrained
d0d2c6fa-f4d4-5b08-a78b-a3565839cb7f,2024-03-20 21:32:00+00:00,21.69331,72.6070566666667,250.0,446.92010498046875,22,WorldPop R2024B 100m constrained
77ec61f2-334c-5efa-9dbb-37cf79416fad,2024-03-21 20:20:00+00:00,21.350215,72.95718,250.0,709.1670532226562,13,WorldPop R2024B 100m constrained
b3b681a9-4ec9-5da6-9fa0-c0b650b3ff26,2024-03-21 21:13:00+00:00,21.41253,72.79044,250.0,3.3342089653015137,1,WorldPop R2024B 100m constrained
34278315-2856-5010-b9fa-f48f0b09ecf4,2024-03-22 07:32:00+00:00,21.922,72.56239,250.0,0.0,0,WorldPop R2024B 100m constrained
6ee36714-0c16-5166-8b4e-139c11a19adc,2024-03-22 07:32:00+00:00,21.7224466666667,72.67303,250.0,214.1844482421875,19,WorldPop R2024B 100m constrained
4d1c0652-ed8c-559f-b002-e006768d1929,2024-03-22 08:25:00+00:00,21.68863,72.84536,250.0,132.50100708007812,16,WorldPop R2024B 100m constrained
0ac70768-b59c-5692-8e73-1caedeb257ba,2024-03-22 09:12:00+00:00,21.84721,72.73569,250.0,0.0,0,WorldPop R2024B 100m constrained
13bf1d5a-0a7e-5031-80ba-d0a9f17d8fdd,2024-03-22 09:12:00+00:00,21.82678,72.63967,250.0,0.0,0,WorldPop R2024B 100m constrained
ec2c650b-5802-5e70-b064-34ebc5365db3,2024-03-22 09:12:00+00:00,22.01082,72.7238,250.0,15.28964614868164,3,WorldPop R2024B 100m constrained
4d0ac786-85f0-5eed-9d8c-3807c8eda49e,2024-03-22 20:54:00+00:00,21.37956,72.77724,250.0,45.42380142211914,8,WorldPop R2024B 100m constrained
56b2ec35-6895-5b84-b2ef-56a00b349ddd,2024-03-23 08:06:00+00:00,21.39411,72.88593,250.0,7.374149799346924,2,WorldPop R2024B 100m constrained
daff6359-6ae0-5cc8-8453-78e186ddd241,2024-03-23 08:06:00+00:00,21.67286,72.80779,250.0,0.0,0,WorldPop R2024B 100m constrained
e5d18d38-c7c4-5339-bc98-0e8fa90d6d35,2024-03-23 08:06:00+00:00,21.92375,72.70081,250.0,23.541667938232422,10,WorldPop R2024B 100m constrained
d360417a-d2ee-50c7-bb97-df6cfe88adc2,2024-03-23 08:07:00+00:00,21.96904,72.55879,250.0,0.0,0,WorldPop R2024B 100m constrained
f77cd7d1-6832-5194-b45b-79e3bc71f7b2,2024-03-23 20:35:00+00:00,21.74558,72.6647466666667,250.0,237.3378143310547,19,WorldPop R2024B 100m constrained
2ec572a1-0a99-579b-b3bc-4db5391edb09,2024-03-24 07:48:00+00:00,21.98798,72.88097,250.0,69.94412231445312,9,WorldPop R2024B 100m constrained
39ee1e64-73d6-5774-86fe-fd3d0a84616e,2024-03-24 08:31:00+00:00,21.85323,72.64621,250.0,0.0,0,WorldPop R2024B 100m constrained
c5878368-ef68-56ce-8be9-8f9d6f30d85b,2024-03-24 20:16:00+00:00,21.431965,72.977045,250.0,45.39274597167969,5,WorldPop R2024B 100m constrained
1307d098-5d66-54cb-a733-490e756c91a9,2024-03-24 20:59:00+00:00,21.39535,72.95287,250.0,104.50597381591797,9,WorldPop R2024B 100m constrained
52097cca-c103-54de-9712-26f78fc75dff,2024-03-25 07:29:00+00:00,22.03123,72.80224,250.0,0.0,0,WorldPop R2024B 100m constrained
1d06e475-d1be-5ecf-9792-4814c116ff8e,2024-03-25 08:11:00+00:00,21.81485,72.71288,250.0,36.1494140625,12,WorldPop R2024B 100m constrained
f5155808-7c34-595f-9511-ab534888e28c,2024-03-25 08:11:00+00:00,21.805515,72.98508,250.0,118.8323745727539,15,WorldPop R2024B 100m constrained
069515cf-16ac-5414-a365-c277649a6cef,2024-03-26 07:50:00+00:00,21.791655,72.9035,250.0,63.573333740234375,6,WorldPop R2024B 100m constrained
a66940bb-24d7-5a73-a8c2-afa078e6f155,2024-03-26 07:50:00+00:00,21.7347933333333,72.6796033333333,250.0,114.11734008789062,13,WorldPop R2024B 100m constrained
a7fb6a96-55cb-5474-946b-d94f17f51821,2024-03-26 07:50:00+00:00,21.952025,72.7486925,250.0,0.0,0,WorldPop R2024B 100m constrained
f3836ae5-8069-5273-af9b-0dfcc4fe9750,2024-03-26 07:50:00+00:00,21.77391,72.78639,250.0,8.681342124938965,3,WorldPop R2024B 100m constrained
eacb2e7f-f8e2-5b17-8e7c-a93047ab8396,2024-03-26 08:50:00+00:00,21.69255,72.60863,250.0,542.144775390625,24,WorldPop R2024B 100m constrained
f3f4370f-9409-5d1f-a33e-4ea1b4b724c8,2024-03-26 08:51:00+00:00,22.06935,72.70633,250.0,0.0,0,WorldPop R2024B 100m constrained
0642800d-b257-5029-9ba8-25eda8556db6,2024-03-26 20:18:00+00:00,21.67318,72.54091,250.0,575.1578369140625,21,WorldPop R2024B 100m constrained
22f4ac22-de06-5812-8831-412b7842647e,2024-03-27 07:30:00+00:00,21.90947,72.68316,250.0,152.5991973876953,18,WorldPop R2024B 100m constrained
6e33a22c-78d1-5e9f-86f9-eebf1cbad707,2024-03-27 07:30:00+00:00,21.731395,72.83759,250.0,0.0,0,WorldPop R2024B 100m constrained
58f8cc51-a98b-5bef-a2ac-dbb58a24665b,2024-03-27 09:10:00+00:00,21.78633,72.76598,250.0,0.0,0,WorldPop R2024B 100m constrained
7bb08cf3-6427-5630-9767-ab24bc603fed,2024-03-27 21:00:00+00:00,21.72572,72.72125,250.0,177.9386444091797,15,WorldPop R2024B 100m constrained
285d0837-e7bb-5568-8633-ffe9db612b16,2024-03-28 08:13:00+00:00,21.83484,72.99869,250.0,0.0,0,WorldPop R2024B 100m constrained
323ea813-781a-5216-ad53-df756a25cd21,2024-03-28 08:13:00+00:00,21.76312,72.72845,250.0,0.0,0,WorldPop R2024B 100m constrained
4acbf69d-b06d-507c-84c6-29ca3d7e72d1,2024-03-28 08:13:00+00:00,21.83889,72.70335,250.0,0.0,0,WorldPop R2024B 100m constrained
68ae59f0-42f6-5fe7-b717-7c2db6d792e5,2024-03-28 08:13:00+00:00,21.89211,72.66267,250.0,13.388543128967285,4,WorldPop R2024B 100m constrained
9e0cd657-d3e4-5fe7-a13e-220423fc042c,2024-03-28 08:13:00+00:00,21.73084,72.7905,250.0,1.1333450078964233,1,WorldPop R2024B 100m constrained
a2b87f34-5a38-5830-a20c-f8a97a56c473,2024-03-28 08:49:00+00:00,21.80697,72.98269,250.0,42.25563430786133,8,WorldPop R2024B 100m constrained
e6cefbb6-4cba-50c0-b163-ea153a702dc6,2024-03-28 08:50:00+00:00,22.07132,72.664015,250.0,0.0,0,WorldPop R2024B 100m constrained
4bf04843-3230-57cc-a1eb-56485644965e,2024-03-29 07:54:00+00:00,22.08644,72.59419,250.0,0.0,0,WorldPop R2024B 100m constrained
545c8df5-ff86-578a-8357-4b0565b35100,2024-03-29 08:29:00+00:00,21.777215,72.81147,250.0,31.16176986694336,6,WorldPop R2024B 100m constrained
613cb35e-3ba2-55eb-89a9-015f62d64452,2024-03-29 08:29:00+00:00,21.70562,72.74886,250.0,41.054805755615234,10,WorldPop R2024B 100m constrained
b0882855-00e0-552e-8ddc-fb3ce74999cf,2024-03-29 08:29:00+00:00,21.7710233333333,72.78597,250.0,0.0,0,WorldPop R2024B 100m constrained
cc50f28f-3452-50af-8a10-5e42c0ca5b31,2024-03-29 08:29:00+00:00,22.05081,72.91811,250.0,1.9829920530319214,1,WorldPop R2024B 100m constrained
3d806329-8a8c-532e-985e-81e7e4642df5,2024-03-29 20:57:00+00:00,21.90869,72.68215,250.0,99.00010681152344,12,WorldPop R2024B 100m constrained
a1798d19-1654-5756-b319-a25206af3434,2024-03-29 20:57:00+00:00,21.72856,72.89434,250.0,0.0,0,WorldPop R2024B 100m constrained
4b560ffd-9a7e-5b45-990e-0b8da52707e5,2024-03-30 07:35:00+00:00,21.81168,72.86018,250.0,3.917020082473755,1,WorldPop R2024B 100m constrained
8478cf6e-d16f-5001-a8e5-94a96e3c7e91,2024-03-30 07:35:00+00:00,22.078115,72.6085825,250.0,0.0,0,WorldPop R2024B 100m constrained
acf3e10a-5aa4-5672-b05a-f07c3ba26aad,2024-03-30 07:35:00+00:00,21.477815,72.853125,250.0,2.01820707321167,1,WorldPop R2024B 100m constrained
e7577d85-9b2d-576e-ad07-3bd964dcc6c7,2024-03-30 07:35:00+00:00,21.88954,72.77536,250.0,15.895634651184082,5,WorldPop R2024B 100m constrained
8d9d0d38-b3db-5ae0-97b9-e84763e602b5,2024-03-30 08:08:00+00:00,22.00028,72.86363,250.0,19.17899513244629,5,WorldPop R2024B 100m constrained
8d9ed564-0361-5aaf-8a64-8321f6c04725,2024-03-30 08:08:00+00:00,21.74706,72.80769,250.0,0.0,0,WorldPop R2024B 100m constrained
9232b784-d083-5d17-8195-c05bede3e479,2024-03-30 08:08:00+00:00,21.87275,72.81895,250.0,0.0,0,WorldPop R2024B 100m constrained
c35212a0-f70e-5351-b9e9-d57fdc191abd,2024-03-30 08:08:00+00:00,21.69251,72.77055,250.0,0.4579220116138458,1,WorldPop R2024B 100m constrained
de7dc0f0-b992-59de-8544-bd99a8ce95ea,2024-03-30 08:08:00+00:00,21.42204,72.8037,250.0,0.0,0,WorldPop R2024B 100m constrained
18d5b730-5d9b-5d27-87ab-7004dbb55f67,2024-03-31 07:48:00+00:00,21.66812,72.7725,250.0,0.0,0,WorldPop R2024B 100m constrained
6f999347-9d77-50ad-9c53-0cf2d9175a43,2024-03-31 07:48:00+00:00,21.37777,72.98251,250.0,82.4860610961914,15,WorldPop R2024B 100m constrained
4d6c5918-f4f4-5fa4-8214-085947728500,2024-03-31 08:57:00+00:00,21.90828,72.6854,250.0,225.7669677734375,21,WorldPop R2024B 100m constrained
a988ee15-76d2-5b28-9cf7-0e1bad368b1e,2024-04-01 07:27:00+00:00,21.6317,72.95353,250.0,0.0,0,WorldPop R2024B 100m constrained
e9ebfbad-6326-56f9-b5ab-c489f419709f,2024-04-01 08:38:00+00:00,22.04348,72.9379,250.0,165.676025390625,20,WorldPop R2024B 100m constrained
fb8e1657-2bf8-5633-bdfc-65590f7dd0ad,2024-04-01 08:38:00+00:00,21.63542,72.91347,250.0,0.0,0,WorldPop R2024B 100m constrained
a025fcde-d5bc-57fd-89fe-df68294f1961,2024-04-01 21:07:00+00:00,21.38025,72.93272,250.0,0.0,0,WorldPop R2024B 100m constrained
721499e9-cdd9-5f4c-a597-7c65f7ffe804,2024-04-01 21:35:00+00:00,21.89359,72.97128,250.0,0.0,0,WorldPop R2024B 100m constrained
84547eb5-f352-5265-bd6f-efd526c3912a,2024-04-02 08:19:00+00:00,21.400685,72.675475,250.0,3.394515037536621,1,WorldPop R2024B 100m constrained
769bcfde-a607-52aa-bf08-a58dde3b13a1,2024-04-02 08:47:00+00:00,21.39302,72.82767,250.0,21.00906753540039,6,WorldPop R2024B 100m constrained
810a6b47-d4b0-58a4-9798-1a2143635143,2024-04-03 08:27:00+00:00,21.98507,72.76935,250.0,205.0366668701172,19,WorldPop R2024B 100m constrained
b3749307-f653-50e6-a133-6975b323abe3,2024-04-03 08:27:00+00:00,22.00036,72.70769,250.0,39.578189849853516,9,WorldPop R2024B 100m constrained
dd606d7b-8f14-5d08-96ac-056a3c23cec5,2024-04-03 08:27:00+00:00,21.35059,72.76913,250.0,0.0,0,WorldPop R2024B 100m constrained
e81697f9-6a94-56c2-8208-143e8a78c588,2024-04-03 08:27:00+00:00,21.72293,72.80715,250.0,0.0,0,WorldPop R2024B 100m constrained
aad558b6-cace-531d-8ee0-5b99c8a2fc14,2024-04-04 07:42:00+00:00,21.69843,72.95565,250.0,436.31298828125,20,WorldPop R2024B 100m constrained
3b7822c1-84e9-537c-8b17-80cfb23f7ce1,2024-04-04 08:06:00+00:00,21.70069,72.71161,250.0,0.0,0,WorldPop R2024B 100m constrained
a37b66f0-8d54-5cd8-9515-498218ab4de0,2024-04-04 08:06:00+00:00,21.80749,72.76099,250.0,19.670848846435547,2,WorldPop R2024B 100m constrained
15feabc2-bd44-52b9-b1c6-669e92d74fe0,2024-04-04 20:10:00+00:00,21.6944,72.6028533333333,250.0,344.9981384277344,23,WorldPop R2024B 100m constrained
cc0f242f-e6e0-53fc-af39-88bc6d7ba608,2024-04-04 20:35:00+00:00,21.37058,72.76186,250.0,5.116168022155762,2,WorldPop R2024B 100m constrained
3f9d2676-5df7-5aec-a148-567cf553c5d8,2024-04-05 07:23:00+00:00,21.71885125,72.6763575,250.0,234.822509765625,15,WorldPop R2024B 100m constrained
799876f2-e30e-52c1-8502-91ef41dca1ee,2024-04-05 07:23:00+00:00,21.712436,72.764408,250.0,0.0,0,WorldPop R2024B 100m constrained
8075014b-ce11-5ef1-8c64-7cd54bd46518,2024-04-05 07:23:00+00:00,21.9581,72.552405,250.0,0.0,0,WorldPop R2024B 100m constrained
ba9abf7a-e97a-558d-92bb-f58e2d3ca6bf,2024-04-05 07:23:00+00:00,21.765645,72.614265,250.0,19.582271575927734,4,WorldPop R2024B 100m constrained
0f2a0c1f-67a2-5f02-8092-75121ef2074d,2024-04-05 07:47:00+00:00,21.59012,72.96378,250.0,7.9072265625,3,WorldPop R2024B 100m constrained
870636a2-a5f8-54c2-86e4-1713bf81fcf6,2024-04-05 07:47:00+00:00,21.69592,72.97133,250.0,1306.6004638671875,23,WorldPop R2024B 100m constrained
daf22857-d124-5418-9667-a586cc6c4e01,2024-04-05 07:47:00+00:00,21.72343,72.6953,250.0,5.240868091583252,1,WorldPop R2024B 100m constrained
1c8142e7-171d-5137-bc72-d9699cc5c600,2024-04-05 09:03:00+00:00,21.43923,72.87021,250.0,9.740199089050293,1,WorldPop R2024B 100m constrained
254e898f-32e1-5e7a-abc8-94325ec9fca1,2024-04-05 09:03:00+00:00,21.82007,72.877145,250.0,144.64242553710938,15,WorldPop R2024B 100m constrained
294a10b8-2e93-530e-8d94-8b01df8c47d8,2024-04-05 09:03:00+00:00,22.04469,72.77752,250.0,50.33300018310547,11,WorldPop R2024B 100m constrained
542b9465-646a-5e6e-aceb-f3f7eda26c4f,2024-04-05 09:03:00+00:00,22.0379933333333,72.7203166666667,250.0,11.691083908081055,2,WorldPop R2024B 100m constrained
60808a3b-0c2d-5f07-bf48-22f504b50bf6,2024-04-05 09:03:00+00:00,21.8072,72.66375,250.0,53.36943817138672,11,WorldPop R2024B 100m constrained
6c7f33f5-c38f-5348-9a71-a966f80e3901,2024-04-05 09:03:00+00:00,21.852375,72.813455,250.0,0.0,0,WorldPop R2024B 100m constrained
04fd3b43-bf53-5564-9c1a-37ee6202c24b,2024-04-06 08:44:00+00:00,21.75416,72.60593,250.0,0.0,0,WorldPop R2024B 100m constrained
158af449-5f72-5cc9-b802-6d974c33c112,2024-04-06 08:44:00+00:00,21.71873,72.98862,250.0,1229.3228759765625,20,WorldPop R2024B 100m constrained
1e726952-8dcd-5960-9345-a2f4f64ebe98,2024-04-06 08:44:00+00:00,21.51606,72.76736,250.0,0.0,0,WorldPop R2024B 100m constrained
bbc24d92-bce1-59e2-9eab-94ae980a1496,2024-04-06 08:44:00+00:00,21.78101,72.98565,250.0,185.3734893798828,22,WorldPop R2024B 100m constrained
dfd3072c-cd59-5fa0-ae74-39ee66499fb5,2024-04-06 08:44:00+00:00,21.73359,72.91607,250.0,0.0,0,WorldPop R2024B 100m constrained
6d4bab5e-0154-5b73-8cec-4d35c020fd86,2024-04-06 09:09:00+00:00,21.97103,72.81919,250.0,0.0,0,WorldPop R2024B 100m constrained
f94b16c7-72b7-5d51-b734-7871410a5a89,2024-04-06 21:13:00+00:00,22.076365,72.650655,250.0,0.0,0,WorldPop R2024B 100m constrained
2376063f-44ce-597b-8554-61b5474cc0b6,2024-04-07 08:25:00+00:00,21.76534,72.63587,250.0,50.088863372802734,11,WorldPop R2024B 100m constrained
2edd99a6-613b-5c86-8881-8bf75731ff9c,2024-04-07 08:25:00+00:00,21.69336,72.91147,250.0,59.80111312866211,17,WorldPop R2024B 100m constrained
3ac45295-0f2c-532e-ab49-01415d0e61d8,2024-04-07 08:50:00+00:00,21.68246,72.64622,250.0,0.0,0,WorldPop R2024B 100m constrained
650b8e1c-6042-5550-8261-3ff36fa0c6a9,2024-04-07 08:50:00+00:00,21.79339,72.90576,250.0,164.67312622070312,19,WorldPop R2024B 100m constrained
591398e1-76f5-5b6c-b98e-085aa0cfa957,2024-04-07 20:54:00+00:00,21.72081,72.81459,250.0,0.0,0,WorldPop R2024B 100m constrained
f871ced5-cad6-5c39-aa97-3a33cd25ce18,2024-04-07 20:54:00+00:00,21.43117,72.97493,250.0,0.0,0,WorldPop R2024B 100m constrained
3398bff0-184b-54cb-9646-bcf9de88790c,2024-04-08 08:07:00+00:00,21.40978,72.98898,250.0,51.3931770324707,14,WorldPop R2024B 100m constrained
df514667-75c6-5ed0-a30a-b90ec63507b3,2024-04-08 08:07:00+00:00,21.8033166666667,72.9198266666667,250.0,32.90089797973633,8,WorldPop R2024B 100m constrained
28199962-193a-5ab4-a5d6-126d89e198e0,2024-04-08 08:31:00+00:00,21.97085,72.88276,250.0,8.061643600463867,3,WorldPop R2024B 100m constrained
3dc332f3-c89a-5f5e-9e29-4c87ce12a473,2024-04-08 08:31:00+00:00,22.00758,72.85957,250.0,16.905424118041992,5,WorldPop R2024B 100m constrained
894b85b0-4338-515f-9cb2-01ec9775423e,2024-04-08 08:31:00+00:00,21.62492,72.85741,250.0,0.0,0,WorldPop R2024B 100m constrained
3644b50e-e25c-53d7-b02d-4ca0be835b96,2024-04-08 20:35:00+00:00,21.71289,72.92534,250.0,0.0,0,WorldPop R2024B 100m constrained
0f263620-f332-5b3f-a4f6-a6e2a4b4f12a,2024-04-09 07:48:00+00:00,21.73911,72.76262,250.0,0.0,0,WorldPop R2024B 100m constrained
6faab44d-58a6-5c70-a178-8ead35344600,2024-04-09 07:48:00+00:00,21.84371,72.69154,250.0,3.394524097442627,1,WorldPop R2024B 100m constrained
f85842a8-e2fa-57de-a236-d9c1a17e9c96,2024-04-09 08:13:00+00:00,21.73467,72.60246,250.0,17.025571823120117,2,WorldPop R2024B 100m constrained
92f841e3-ff0a-56e9-a97b-3d919fa98207,2024-04-10 07:54:00+00:00,21.36616,72.85519,250.0,8.1533203125,3,WorldPop R2024B 100m constrained
9cadba65-7195-5099-999b-9134d7f0cffb,2024-04-10 07:54:00+00:00,21.72373,72.81321,250.0,63.01908874511719,12,WorldPop R2024B 100m constrained
ede20c23-b05e-54eb-9d6a-c0570ee0339b,2024-04-10 07:54:00+00:00,21.42502,72.8151566666667,250.0,13.795827865600586,4,WorldPop R2024B 100m constrained
a5d5e68c-5047-5db9-a03d-b7028eddabcf,2024-04-10 09:09:00+00:00,21.7955166666667,72.71956,250.0,0.0,0,WorldPop R2024B 100m constrained
1d938cb5-67c8-5578-b3c4-579b4feaeed7,2024-04-12 08:32:00+00:00,21.71009,72.79652,250.0,0.0,0,WorldPop R2024B 100m constrained
f8283e4d-bb67-56c8-a6a5-1e04b766195f,2024-04-12 08:32:00+00:00,21.73245,72.98988,250.0,117.10275268554688,13,WorldPop R2024B 100m constrained
ea988002-2f20-591e-937e-29ed7a320889,2024-04-12 08:57:00+00:00,21.781,72.96207,250.0,6.466446876525879,2,WorldPop R2024B 100m constrained
675ef0de-cb48-5f5f-a846-641d95e2f549,2024-04-13 08:13:00+00:00,21.37081,72.81477,250.0,2.6083788871765137,1,WorldPop R2024B 100m constrained
e979e4ae-3435-59ca-9a85-969625e44e59,2024-04-13 08:13:00+00:00,21.75096,72.74128,250.0,29.330158233642578,10,WorldPop R2024B 100m constrained
478c5b0a-16b7-5912-9fc6-44e99f8c0c6c,2024-04-13 08:38:00+00:00,22.04078,72.86413,250.0,0.0,0,WorldPop R2024B 100m constrained
4bf62cb3-b8e5-5c9c-a1cc-f41acf666ec2,2024-04-13 08:38:00+00:00,21.90693,72.87573,250.0,0.0,0,WorldPop R2024B 100m constrained
7b71b1fb-80a2-5e01-9537-a7c54a3094fc,2024-04-13 08:38:00+00:00,21.96963,72.80863,250.0,1.9247889518737793,1,WorldPop R2024B 100m constrained
b1ae0ea0-1db9-53af-acc1-a40bfce02306,2024-04-13 08:38:00+00:00,21.45378,72.89859,250.0,66.34795379638672,17,WorldPop R2024B 100m constrained
bf47725c-134f-5738-94d3-a73c08c022eb,2024-04-13 20:42:00+00:00,21.43271,72.9754266666667,250.0,4.608419895172119,1,WorldPop R2024B 100m constrained
81577a6a-b46a-51f4-8cbd-2c19cb7f4f12,2024-04-14 07:54:00+00:00,22.07144,72.66408,250.0,0.0,0,WorldPop R2024B 100m constrained
85860615-210a-5af0-a7a9-5e2ab20b7832,2024-04-14 07:54:00+00:00,21.8242433333333,72.9523133333333,250.0,15.312959671020508,5,WorldPop R2024B 100m constrained
b27c2723-181f-545a-9498-8493b8fb8306,2024-04-14 08:19:00+00:00,21.68274,72.78156,250.0,173.65122985839844,20,WorldPop R2024B 100m constrained
b328e846-8236-50ef-badf-9bea73909247,2024-04-14 08:19:00+00:00,21.47418,72.79536,250.0,0.0,0,WorldPop R2024B 100m constrained
e8417578-ef42-54c6-bd87-c0f4647974ce,2024-04-14 08:19:00+00:00,21.72959,72.84526,250.0,0.0,0,WorldPop R2024B 100m constrained
40cf52fb-aacf-5733-bdd2-e62a9d050594,2024-04-15 07:35:00+00:00,21.74574,72.93531,250.0,151.29379272460938,13,WorldPop R2024B 100m constrained
c957a713-366c-5f62-9c3c-0b99d360a2cc,2024-04-15 07:35:00+00:00,21.81301,72.88719,250.0,0.0,0,WorldPop R2024B 100m constrained
3de8fa99-315f-5fbc-a155-83c18719e6fd,2024-04-15 08:01:00+00:00,21.73826,72.76322,250.0,0.0,0,WorldPop R2024B 100m constrained
9c3bc8d6-d213-51d6-bd66-b4881a4df9b0,2024-04-15 08:01:00+00:00,21.95903,72.81985,250.0,9.466400146484375,1,WorldPop R2024B 100m constrained
af6465b0-8774-5195-b3c0-c01ca199ef35,2024-04-15 08:01:00+00:00,22.04015,72.66533,250.0,0.0,0,WorldPop R2024B 100m constrained
37f2b42e-e467-5fc2-852a-75fd47be234a,2024-04-16 07:42:00+00:00,21.37656,72.91328,250.0,95.8151626586914,23,WorldPop R2024B 100m constrained
93f052cb-7c17-5256-8242-52b6030e52a0,2024-04-16 07:42:00+00:00,21.45277,72.98701,250.0,73.8907699584961,12,WorldPop R2024B 100m constrained
ea350128-468f-5f65-969a-7fd26c1a33f0,2024-04-16 07:42:00+00:00,21.971615,72.949215,250.0,6.699380874633789,3,WorldPop R2024B 100m constrained
2c76aa68-65ef-5711-bcc3-9e8ed66afb2f,2024-04-16 08:57:00+00:00,22.08242,72.90423,250.0,2.97930908203125,1,WorldPop R2024B 100m constrained
9389b0c6-4d65-57a7-8bd6-d6f852f0ad57,2024-04-16 08:57:00+00:00,21.81564,72.77625,250.0,0.0,0,WorldPop R2024B 100m constrained
a5ca672b-09b5-55e0-bf0a-d4b3f3fa5af9,2024-04-16 08:57:00+00:00,21.74269,72.62246,250.0,170.33251953125,14,WorldPop R2024B 100m constrained
4dc8a934-df84-548e-b676-b111b454c2e2,2024-04-17 08:38:00+00:00,22.062675,72.712635,250.0,0.0,0,WorldPop R2024B 100m constrained
bc87e630-c1f9-53ef-9986-e60ec74cd8b9,2024-04-17 08:38:00+00:00,21.71413,72.92997,250.0,109.9539566040039,14,WorldPop R2024B 100m constrained
e848422a-b314-52fd-8b44-2a210b8735d6,2024-04-17 08:38:00+00:00,21.53345,72.81923,250.0,0.0,0,WorldPop R2024B 100m constrained
90786300-a9c1-58ef-8dd8-2ecf918f1bd8,2024-04-17 09:04:00+00:00,21.7380825,72.683685,250.0,153.1853790283203,15,WorldPop R2024B 100m constrained
f14f4ebf-562c-5b3c-99f8-c065c4b78858,2024-04-17 09:04:00+00:00,21.75521,72.93773,250.0,48.891441345214844,10,WorldPop R2024B 100m constrained
9e8fa956-985b-535f-b569-a0e37f228d23,2024-04-17 21:07:00+00:00,21.39538,72.95287,250.0,104.50597381591797,9,WorldPop R2024B 100m constrained
2c6378ad-2ba0-5f37-9094-65177eb4bf72,2024-04-18 08:19:00+00:00,22.05124,72.85346,250.0,0.0,0,WorldPop R2024B 100m constrained
2d7411b4-587d-5d4f-aa71-8a3374651d9a,2024-04-18 08:19:00+00:00,21.73555,72.88972,250.0,0.0,0,WorldPop R2024B 100m constrained
433b6c56-61d5-55f6-b270-e5aac878a787,2024-04-18 08:19:00+00:00,21.75299,72.67361,250.0,0.0,0,WorldPop R2024B 100m constrained
8c3d255b-7577-5bb0-bc9e-d15e2a0dfc16,2024-04-18 08:19:00+00:00,21.828445,72.984035,250.0,37.463294982910156,8,WorldPop R2024B 100m constrained
9c5a13ea-5412-55a7-8ad8-f4c1f9c6a242,2024-04-18 08:19:00+00:00,21.75416,72.84884,250.0,10.347804069519043,4,WorldPop R2024B 100m constrained
a4e1cbd4-a534-5242-a4a7-e96b8f3d850e,2024-04-18 08:19:00+00:00,22.0129866666667,72.78489,250.0,0.0,0,WorldPop R2024B 100m constrained
7b76289c-a8bd-5d97-8ce1-fd9db7698c0b,2024-04-18 08:45:00+00:00,21.96045,72.87334,250.0,427.1403503417969,22,WorldPop R2024B 100m constrained
9900a049-3338-5687-b43e-e6de879ab836,2024-04-18 08:45:00+00:00,21.98594,72.94219,250.0,17.87189483642578,5,WorldPop R2024B 100m constrained
c3cfff72-9927-5645-8317-dfa0918d7668,2024-04-18 08:45:00+00:00,21.98835,72.63312,250.0,20.18856430053711,3,WorldPop R2024B 100m constrained
0c666252-587c-5b04-be9e-eaa2c2becb62,2024-04-19 08:00:00+00:00,21.80907,72.94659,250.0,38.44533920288086,12,WorldPop R2024B 100m constrained
45d98f2f-d521-52cb-8852-b3591f2f8b87,2024-04-19 08:00:00+00:00,21.48033,72.73232,250.0,0.0,0,WorldPop R2024B 100m constrained
4aa26a14-4fc0-5a13-b2d8-cffcc507faf7,2024-04-19 08:00:00+00:00,21.98939,72.6988833333333,250.0,0.0,0,WorldPop R2024B 100m constrained
6c25e5b6-084d-5837-a209-e03cfec1000e,2024-04-19 08:00:00+00:00,22.0031933333333,72.7663566666667,250.0,0.0,0,WorldPop R2024B 100m constrained
9def333e-c775-5aab-9e52-bbce29d80c49,2024-04-19 08:00:00+00:00,21.73907,72.9344,250.0,9.499309539794922,1,WorldPop R2024B 100m constrained
fe2c291b-00a5-56ff-b772-f3fb06dcf13d,2024-04-19 08:00:00+00:00,21.73042,72.6848,250.0,154.28175354003906,18,WorldPop R2024B 100m constrained
9ade71d2-b246-589c-8c3f-3a70e68ee64e,2024-04-19 08:26:00+00:00,21.74069,72.87509,250.0,16.966957092285156,6,WorldPop R2024B 100m constrained
109ca16e-b009-5203-9e1c-5adff04d24dc,2024-04-20 07:42:00+00:00,22.04328,72.83372,250.0,40.91946792602539,7,WorldPop R2024B 100m constrained
25a0f074-5798-508c-b123-2e85a412c16d,2024-04-20 07:42:00+00:00,21.74805,72.57716,250.0,0.0,0,WorldPop R2024B 100m constrained
37102c40-bd9a-521a-98a6-906e7cc19dbc,2024-04-20 07:42:00+00:00,21.72462,72.66827,250.0,246.1146240234375,15,WorldPop R2024B 100m constrained
6a443563-c4f4-5dbf-ba98-9e5689952bae,2024-04-20 07:42:00+00:00,22.08993,72.82251,250.0,25.36058807373047,4,WorldPop R2024B 100m constrained
b9680070-53bf-5126-bb7e-706ef2c5bd2b,2024-04-20 08:07:00+00:00,21.43384,72.88444,250.0,0.0,0,WorldPop R2024B 100m constrained
c861e780-7e26-5647-9963-35d53a67f175,2024-04-21 07:49:00+00:00,22.03569,72.78905,250.0,0.0,0,WorldPop R2024B 100m constrained
82d9a493-0a6e-5d1a-b907-452c1009ef06,2024-04-21 09:03:00+00:00,21.4141,72.67201,250.0,10.117676734924316,5,WorldPop R2024B 100m constrained
3716600f-6ee3-50ae-b83f-dc0e01679c75,2024-04-21 19:51:00+00:00,21.4313433333333,72.9752233333333,250.0,0.0,0,WorldPop R2024B 100m constrained
68f5e1ac-23f6-593e-90fc-611b16b26445,2024-04-22 07:30:00+00:00,21.95026,72.8278,250.0,68.07576751708984,9,WorldPop R2024B 100m constrained
1433dfed-6eee-5555-8751-5661224ef35f,2024-04-22 08:44:00+00:00,21.54031,72.77588,250.0,13.061534881591797,5,WorldPop R2024B 100m constrained
5b33ba32-12e2-5ab7-8181-e6259332a99e,2024-04-22 08:44:00+00:00,21.76332,72.89301,250.0,40.79276657104492,6,WorldPop R2024B 100m constrained
98127d0b-9a36-5bc3-b275-0e623169a85b,2024-04-22 09:10:00+00:00,21.86629,72.71865,250.0,0.0,0,WorldPop R2024B 100m constrained
8b813dcc-f2c8-52ae-83e4-d71f8ddd23aa,2024-04-22 19:59:00+00:00,21.39512,72.95367,250.0,158.7179718017578,13,WorldPop R2024B 100m constrained
5d3f412f-550e-5428-a759-051faedce2e7,2024-04-23 08:25:00+00:00,21.73996,72.84158,250.0,9.635102272033691,3,WorldPop R2024B 100m constrained
a94b71fd-b4a7-5127-be90-cd66fdc4875a,2024-04-23 08:25:00+00:00,21.46565,72.9486,250.0,733.2762451171875,21,WorldPop R2024B 100m constrained
f6722275-fa9a-5e1d-b8c5-3c823eb6d74f,2024-04-23 08:25:00+00:00,21.75962,72.85817,250.0,0.0,0,WorldPop R2024B 100m constrained
ae4ae622-a30b-5b80-82a8-e9fccf411b9e,2024-04-23 08:26:00+00:00,22.0773925,72.5744475,250.0,3.740784168243408,2,WorldPop R2024B 100m constrained
6b84f151-901b-5537-a54e-fa4c4fed09b7,2024-04-23 20:54:00+00:00,21.7937633333333,72.64901,250.0,183.99337768554688,16,WorldPop R2024B 100m constrained
dd214d7e-57fb-5d51-8082-8fbe6dc179f9,2024-04-23 20:54:00+00:00,21.92192,72.94463,250.0,0.0,0,WorldPop R2024B 100m constrained
185df0ce-e6b1-5ad2-8afc-cbdc983d463e,2024-04-24 08:07:00+00:00,21.99498,72.80753,250.0,0.0,0,WorldPop R2024B 100m constrained
8ce3b5db-1505-588f-b901-6fcbb9c7ce8f,2024-04-24 08:07:00+00:00,21.7742,72.90168,250.0,243.4931640625,19,WorldPop R2024B 100m constrained
e3ab4e7b-0e31-583e-9c4c-5a1f400f1969,2024-04-24 08:07:00+00:00,21.70829,72.92768,250.0,0.0,0,WorldPop R2024B 100m constrained
4c4d1b89-991e-5ca5-9702-0fbffca0a504,2024-04-24 08:33:00+00:00,21.71148,72.83895,250.0,168.6142120361328,19,WorldPop R2024B 100m constrained
405a5fd1-a6b5-5f0e-9754-904aacbc7c9f,2024-04-24 21:01:00+00:00,21.682405,72.630165,250.0,0.0,0,WorldPop R2024B 100m constrained
34489ae8-560f-59b4-b971-afbb9c7cfdf9,2024-04-25 07:48:00+00:00,21.7951216666667,72.6481666666667,250.0,435.2503967285156,22,WorldPop R2024B 100m constrained
34f6b392-da04-5ed0-808a-2ba56d6d7233,2024-04-25 07:48:00+00:00,21.76764,72.77289,250.0,0.0,0,WorldPop R2024B 100m constrained
4bf42580-ce41-5afb-859a-1b7f3028a584,2024-04-25 07:48:00+00:00,21.977585,72.85312,250.0,0.0,0,WorldPop R2024B 100m constrained
d106f774-0a43-5418-bb13-9bc40ad72471,2024-04-25 07:48:00+00:00,22.04309,72.6719,250.0,0.0,0,WorldPop R2024B 100m constrained
2a93830a-385f-59a7-830b-dbb05dae7227,2024-04-25 08:14:00+00:00,21.81635,72.65046,250.0,0.0,0,WorldPop R2024B 100m constrained
5ba8e2d5-a3cc-534d-97e9-88659ac29e03,2024-04-25 08:14:00+00:00,21.86806,72.73585,250.0,0.0,0,WorldPop R2024B 100m constrained
6ab3ea26-d2ce-5bdd-bf83-25db8761b2af,2024-04-26 07:29:00+00:00,21.76041,72.86761,250.0,0.0,0,WorldPop R2024B 100m constrained
9c750d7e-4ea3-59c6-936f-5950ee428020,2024-04-26 07:55:00+00:00,21.70205,72.77557,250.0,0.0,0,WorldPop R2024B 100m constrained
e7d47e49-d4ff-503f-81d7-5b5d022357be,2024-04-26 07:55:00+00:00,21.43374,72.7879,250.0,7.503892421722412,4,WorldPop R2024B 100m constrained
a7999066-2af6-59d3-bb08-e8d966070667,2024-04-26 20:24:00+00:00,21.39657,72.95514,250.0,110.17938232421875,13,WorldPop R2024B 100m constrained
4e4eb803-e8f0-5f8c-b36b-c9676aa0db62,2024-04-27 07:36:00+00:00,21.6346,72.9603,250.0,193.927978515625,18,WorldPop R2024B 100m constrained
cb9eddcb-f316-590a-ba7b-594e7faa27f1,2024-04-27 07:36:00+00:00,21.4893,72.68753,250.0,0.0,0,WorldPop R2024B 100m constrained
1492a317-fbc1-5403-807a-28eb17fe866b,2024-04-28 08:32:00+00:00,21.96849,72.97609,250.0,358.8818359375,25,WorldPop R2024B 100m constrained
5df4e1be-d195-5917-9656-70fe28807c8e,2024-04-28 08:32:00+00:00,21.65642,72.83587,250.0,83.06956481933594,10,WorldPop R2024B 100m constrained
79a404ea-b88a-5bb5-b7ca-6dcaae145768,2024-04-28 08:32:00+00:00,21.75647,72.83492,250.0,0.0,0,WorldPop R2024B 100m constrained
91a62669-9a8d-59d9-b941-574cc8c06376,2024-04-28 08:32:00+00:00,21.780435,72.8596,250.0,25.941509246826172,8,WorldPop R2024B 100m constrained
b248331b-303c-5a50-b076-a90d3537deba,2024-04-28 08:32:00+00:00,21.37275,72.67879,250.0,280.8620910644531,23,WorldPop R2024B 100m constrained
c985f4e0-87fa-5b89-b65d-b2c9fdfb6381,2024-04-28 08:32:00+00:00,22.07224,72.69725,250.0,0.0,0,WorldPop R2024B 100m constrained
36742f95-e9c6-5274-9860-1fd24541119e,2024-04-28 08:58:00+00:00,21.40418,72.6659,250.0,0.0,0,WorldPop R2024B 100m constrained
80f62a68-a6f0-50d7-a89c-7eea685e29d7,2024-04-28 08:58:00+00:00,21.9903,72.78996,250.0,0.0,0,WorldPop R2024B 100m constrained
bc614155-42d3-54c2-a1f9-6f28b6c1980f,2024-04-28 08:58:00+00:00,21.70725,72.556,250.0,103.81446838378906,16,WorldPop R2024B 100m constrained
40e67e01-db8f-57a5-8fd4-17319da1d7a8,2024-04-28 21:26:00+00:00,21.43503,72.97677,250.0,54.2899169921875,7,WorldPop R2024B 100m constrained
8e0426db-7a4f-598e-ab71-c405656956e2,2024-04-29 08:13:00+00:00,21.4321666666667,72.7094266666667,250.0,7.867765426635742,5,WorldPop R2024B 100m constrained
c4f4cfaa-9f51-553b-bfed-0b70cbcac002,2024-04-29 08:13:00+00:00,21.82632,72.95855,250.0,0.0,0,WorldPop R2024B 100m constrained
084ad21a-9a8b-55eb-a572-1b63b4020944,2024-04-29 08:39:00+00:00,21.41449,72.67204,250.0,11.888337135314941,6,WorldPop R2024B 100m constrained
d887af22-1606-5523-a7d7-681c41c0042d,2024-04-29 08:39:00+00:00,22.02159,72.83485,250.0,0.0,0,WorldPop R2024B 100m constrained
fb76dc84-fc7b-5559-bade-837f72668e2e,2024-04-29 08:39:00+00:00,21.7019,72.96193,250.0,1184.9500732421875,23,WorldPop R2024B 100m constrained
9f1ec156-c592-551d-950e-3e55ec3e95e3,2024-04-30 07:54:00+00:00,21.81825,72.8544,250.0,64.42739868164062,6,WorldPop R2024B 100m constrained
cdc245de-b155-515c-80b9-c2cbb8e3b003,2024-04-30 07:54:00+00:00,21.44489,72.91148,250.0,29.399635314941406,5,WorldPop R2024B 100m constrained
d60cdc56-35a8-576d-8ebb-3e887d89ecd7,2024-04-30 07:54:00+00:00,21.79788,72.71583,250.0,0.0,0,WorldPop R2024B 100m constrained
b1e80105-666a-5cd6-8df0-aa9f4d48e2ee,2024-04-30 08:20:00+00:00,22.03589,72.96087,250.0,89.8371810913086,21,WorldPop R2024B 100m constrained
2e35df4b-43aa-5985-9db2-bfc1035c91af,2024-04-30 20:23:00+00:00,21.3959933333333,72.9551633333333,250.0,118.78759765625,13,WorldPop R2024B 100m constrained
86172154-ee0f-5aeb-ab5e-d2abfd09ec4c,2024-04-30 20:23:00+00:00,21.431645,72.97746,250.0,64.0326919555664,7,WorldPop R2024B 100m constrained
3acd8afe-5505-5ff2-9220-5ba53372c687,2024-05-01 07:35:00+00:00,21.928916,72.672576,250.0,0.0,0,WorldPop R2024B 100m constrained
7ad6cbb7-494f-5ff1-91e1-b800abdaff75,2024-05-01 07:35:00+00:00,21.41,72.66293,250.0,10.686917304992676,7,WorldPop R2024B 100m constrained
ca4dfd27-9226-5afe-aa51-19d0368d0c2b,2024-05-01 08:01:00+00:00,21.41568,72.67503,250.0,85.8460922241211,13,WorldPop R2024B 100m constrained
a9f2fe8a-012b-57f8-b3c4-469b560ba80e,2024-05-01 09:16:00+00:00,21.69849,72.75983,250.0,17.453842163085938,8,WorldPop R2024B 100m constrained
c645e423-f166-5f7b-8b0e-101e82e1026e,2024-05-01 09:16:00+00:00,21.42476,72.69205,250.0,23.88982391357422,8,WorldPop R2024B 100m constrained
4e866118-2677-5f0b-9bbc-21273a6d1b37,2024-05-02 07:42:00+00:00,21.7554,72.61282,250.0,75.42816925048828,12,WorldPop R2024B 100m constrained
40c43e50-3bc7-50f5-a3b1-fa87af05c737,2024-05-04 08:19:00+00:00,21.71027,72.92388,250.0,0.0,0,WorldPop R2024B 100m constrained
82d0d47b-8b1b-567d-9bf9-8dadf60eb49c,2024-05-04 08:19:00+00:00,21.36114,72.65199,250.0,95.8250503540039,18,WorldPop R2024B 100m constrained
ab35df8b-056c-5d25-9723-b2031ceba593,2024-05-04 08:19:00+00:00,21.81193,72.81172,250.0,11.624382972717285,1,WorldPop R2024B 100m constrained
3ddb629a-b25e-5f3b-ae43-9653aaf607aa,2024-05-04 08:45:00+00:00,21.88532,72.85534,250.0,0.0,0,WorldPop R2024B 100m constrained
62b2e678-26f9-510c-90ff-47741f9763de,2024-05-04 08:45:00+00:00,21.72651,72.66368,250.0,362.61895751953125,21,WorldPop R2024B 100m constrained
7e9e8853-f125-5241-904c-b279decb501a,2024-05-04 08:45:00+00:00,21.65792,72.9236,250.0,0.0,0,WorldPop R2024B 100m constrained
c1aff7cd-3672-5b51-994f-a35ba3739871,2024-05-04 08:45:00+00:00,21.92752,72.9301,250.0,48.868900299072266,11,WorldPop R2024B 100m constrained
4f140685-7e87-5b96-8f73-abe4a38ae9a5,2024-05-05 08:00:00+00:00,22.02507,72.92297,250.0,0.0,0,WorldPop R2024B 100m constrained
b77fab6f-be6a-54b5-90ff-bea76869b6f1,2024-05-05 08:00:00+00:00,21.69227,72.77812,250.0,0.0,0,WorldPop R2024B 100m constrained
c550aa70-e74a-5540-893e-fdb35ae8cefb,2024-05-05 08:00:00+00:00,21.42139,72.88311,250.0,207.03192138671875,19,WorldPop R2024B 100m constrained
cf0c5d26-40a1-5414-9c3c-a8d935e71495,2024-05-05 08:00:00+00:00,21.71896,72.88123,250.0,0.0,0,WorldPop R2024B 100m constrained
10589a18-0234-53f0-89ef-aaa7e3a6d7e7,2024-05-05 08:26:00+00:00,21.5002,72.97189,250.0,357.5931396484375,21,WorldPop R2024B 100m constrained
3bb753ee-3d8d-5e78-bbbd-e94d506697dd,2024-05-05 20:29:00+00:00,21.4323333333333,72.9752333333333,250.0,4.608419895172119,1,WorldPop R2024B 100m constrained
002e4ee7-6e18-5d4a-8dec-1fcd6c76bf31,2024-05-06 07:41:00+00:00,21.78105,72.96453,250.0,0.0,0,WorldPop R2024B 100m constrained
70088930-b7ec-520a-91c4-91ff53c07d26,2024-05-06 07:41:00+00:00,21.69285,72.85548,250.0,0.0,0,WorldPop R2024B 100m constrained
89c08fc9-7074-5daa-b5fc-62c60b4c0430,2024-05-06 07:41:00+00:00,21.41584,72.7773,250.0,10.056405067443848,5,WorldPop R2024B 100m constrained
e849ea35-66ab-553a-9d31-8c0d3fd30d3d,2024-05-06 07:42:00+00:00,22.019175,72.82444,250.0,0.0,0,WorldPop R2024B 100m constrained
e9336f6f-39ff-582a-9313-47130800bcce,2024-05-06 07:42:00+00:00,22.08387,72.97855,250.0,56.768096923828125,12,WorldPop R2024B 100m constrained
2e982751-556e-54e5-8d76-3124462c3af3,2024-05-07 07:48:00+00:00,22.05311,72.62691,250.0,0.0,0,WorldPop R2024B 100m constrained
7fc4ebed-fcea-52c8-ad24-a2be719cbe59,2024-05-07 07:48:00+00:00,21.7249066666667,72.9481733333333,250.0,29.630233764648438,6,WorldPop R2024B 100m constrained
0d7c1190-3ca0-5a22-afdb-1510e0c2cf8e,2024-05-07 09:03:00+00:00,21.80191,72.77593,250.0,0.0,0,WorldPop R2024B 100m constrained
3ede2559-8c76-5950-be75-40253b552324,2024-05-08 07:30:00+00:00,21.6201,72.811892,250.0,8.718109130859375,4,WorldPop R2024B 100m constrained
6bfbb3d3-585e-5d45-bc0f-3583825c7405,2024-05-08 08:44:00+00:00,22.0233675,72.76924,250.0,0.0,0,WorldPop R2024B 100m constrained
8ca37cb8-c9ac-53a7-be93-773ab97ca1c3,2024-05-08 08:44:00+00:00,21.75571,72.85537,250.0,0.0,0,WorldPop R2024B 100m constrained
a24b2a49-7a48-5007-9c23-0487f74c4081,2024-05-08 08:44:00+00:00,21.79361,72.76727,250.0,6.083456039428711,2,WorldPop R2024B 100m constrained
b87b60e8-238e-5138-92fc-f1c33ddd7db9,2024-05-08 08:44:00+00:00,22.06706,72.94279,250.0,0.0,0,WorldPop R2024B 100m constrained
42835098-015c-50a5-9ff6-7513057d8a99,2024-05-08 19:58:00+00:00,21.43452,72.97614,250.0,19.118709564208984,3,WorldPop R2024B 100m constrained
b70cb5fa-8fb5-53d2-ab51-a97fc3ed3ce8,2024-05-08 21:13:00+00:00,21.39396,72.94514,250.0,1088.856689453125,21,WorldPop R2024B 100m constrained
13cdd72d-7677-518a-bdea-f0e3e819c7b2,2024-05-09 08:25:00+00:00,21.73835,72.95618,250.0,118.70111846923828,12,WorldPop R2024B 100m constrained
20f699a9-4c59-5667-9592-61126d74a3bb,2024-05-09 08:25:00+00:00,22.01887,72.84395,250.0,0.0,0,WorldPop R2024B 100m constrained
27522b9e-e8f3-5690-b972-418424049403,2024-05-09 08:25:00+00:00,21.42861,72.78919,250.0,9.766340255737305,3,WorldPop R2024B 100m constrained
3981662c-0c74-55f0-944c-1df7486283e7,2024-05-09 08:25:00+00:00,22.08654,72.8026333333333,250.0,0.0,0,WorldPop R2024B 100m constrained
56aaab49-d650-541e-9c72-a8bdbbf21cd0,2024-05-09 08:25:00+00:00,21.82452,72.7052,250.0,3.0523500442504883,1,WorldPop R2024B 100m constrained
6c39fab8-935d-5ef7-b5ae-1ae6c4bb2b17,2024-05-09 08:25:00+00:00,21.92104,72.6714414285714,250.0,6.366494178771973,2,WorldPop R2024B 100m constrained
f95e545c-2009-568d-bb45-5f978c44b4ae,2024-05-09 08:25:00+00:00,21.36074,72.79635,250.0,88.72808837890625,16,WorldPop R2024B 100m constrained
837a032b-6c65-565a-be4c-da9f5d15a3f7,2024-05-09 08:51:00+00:00,21.77692,72.83947,250.0,2.12819504737854,1,WorldPop R2024B 100m constrained
0dfd7ac5-4a84-5cfc-a4ad-8f2d7e23460f,2024-05-09 20:54:00+00:00,21.79451,72.64647,250.0,254.00970458984375,16,WorldPop R2024B 100m constrained
acd46634-dbce-558e-b603-8bf7ebd01a90,2024-05-09 20:54:00+00:00,22.09846,72.96712,250.0,0.0,0,WorldPop R2024B 100m constrained
1573cc22-2d42-5906-9279-6512d5552f15,2024-05-10 08:06:00+00:00,21.53374,72.89838,250.0,44.206398010253906,12,WorldPop R2024B 100m constrained
ec12138a-3df8-5482-8db9-ee69bcc25ccf,2024-05-10 08:06:00+00:00,21.502825,72.716935,250.0,0.0,0,WorldPop R2024B 100m constrained
17230a6b-0e82-539b-a0a7-977925c0a32e,2024-05-10 08:07:00+00:00,21.7965,72.85075,250.0,3.7825119495391846,1,WorldPop R2024B 100m constrained
c08deb21-ee65-561b-bf55-121d8955e142,2024-05-10 08:32:00+00:00,21.61865,72.88228,250.0,404.92950439453125,23,WorldPop R2024B 100m constrained
af305005-b9be-5769-b1c3-9d7393ec0606,2024-05-11 08:13:00+00:00,21.66394,72.25564,250.0,56.637447357177734,17,WorldPop R2024B 100m constrained
f94180da-3a8f-5dca-8be5-31f098adb5aa,2024-05-11 08:13:00+00:00,21.8984,72.89215,250.0,0.0,0,WorldPop R2024B 100m constrained
0d3a5658-eca8-5ae6-8be8-762976e54165,2024-05-12 07:54:00+00:00,21.48589,72.71475,250.0,0.0,0,WorldPop R2024B 100m constrained
78269d95-b1a2-552d-856d-b7dad15f1101,2024-05-12 07:54:00+00:00,21.40015,72.67478,250.0,6.967430114746094,2,WorldPop R2024B 100m constrained
6ebcc84f-001f-5d1a-958e-fa01ce160081,2024-05-12 07:55:00+00:00,21.90335,72.68076,250.0,3.4678900241851807,1,WorldPop R2024B 100m constrained
8ac57d83-5572-5b52-aff4-b1b346072606,2024-05-12 07:55:00+00:00,22.01238,72.76871,250.0,0.0,0,WorldPop R2024B 100m constrained
d6bc1f38-1d25-55ab-a7d9-6532af1cc127,2024-05-12 07:55:00+00:00,22.00216,72.80593,250.0,0.0,0,WorldPop R2024B 100m constrained
2500c538-8171-5b4d-8353-75a66f3025ba,2024-05-12 09:09:00+00:00,21.92977,72.54848,250.0,9.336971282958984,5,WorldPop R2024B 100m constrained
aefabb1c-2570-5486-8348-6c94eec87710,2024-05-12 20:23:00+00:00,21.43467,72.97652,250.0,27.406513214111328,4,WorldPop R2024B 100m constrained
023ce0f0-2ac0-5f9f-b4a6-5d29baf4abb3,2024-05-13 07:36:00+00:00,22.09455,72.768,250.0,0.0,0,WorldPop R2024B 100m constrained
1462070b-8502-5812-a860-201ba6725622,2024-05-13 07:36:00+00:00,22.08145,72.76257,250.0,0.0,0,WorldPop R2024B 100m constrained
29e432da-8944-5fbf-8b64-6fb5d8106115,2024-05-14 08:32:00+00:00,21.76696,72.84403,250.0,0.0,0,WorldPop R2024B 100m constrained
2c3debaf-27ab-501f-b02c-d06e9411c4b5,2024-05-14 08:32:00+00:00,21.68575,72.537205,250.0,613.5567626953125,21,WorldPop R2024B 100m constrained
c6a06f06-e5f4-592a-be13-c481db58db2e,2024-05-14 08:57:00+00:00,21.59611,72.82152,250.0,42.8399658203125,13,WorldPop R2024B 100m constrained
08600f19-8733-5dcf-9709-999437ccba94,2024-05-15 08:13:00+00:00,21.53445,72.981415,250.0,227.80648803710938,19,WorldPop R2024B 100m constrained
d79ef041-9e92-5cc3-84c3-368e560f2d03,2024-05-15 08:13:00+00:00,21.77872,72.86938,250.0,9.454739570617676,3,WorldPop R2024B 100m constrained
24bde6e5-a58d-5967-a488-19eea08397b9,2024-05-15 08:38:00+00:00,21.7563,72.93477,250.0,47.11170196533203,7,WorldPop R2024B 100m constrained
e0f71d79-33dd-5137-b998-32150e9d3ad7,2024-05-15 08:38:00+00:00,21.72742,72.655795,250.0,322.08343505859375,23,WorldPop R2024B 100m constrained
5ccf80d2-3e58-5fbb-9466-5d7755bb9b11,2024-05-15 20:42:00+00:00,21.4219766666667,72.9684666666667,250.0,409.04254150390625,25,WorldPop R2024B 100m constrained
12a4721e-a437-5b2e-a3de-4dd981668bdd,2024-05-15 21:07:00+00:00,21.43368,72.97644,250.0,32.552738189697266,4,WorldPop R2024B 100m constrained
6fcab237-3164-5160-a5e1-e4abeeea5d1d,2024-05-16 08:19:00+00:00,21.61349,72.92499,250.0,201.46987915039062,24,WorldPop R2024B 100m constrained
f519fd4c-8fbb-51eb-9b00-29e31d7cf92d,2024-05-16 08:20:00+00:00,21.97929,72.80397,250.0,0.0,0,WorldPop R2024B 100m constrained
8f8d2fd2-d1a9-5038-a294-5a1c64f2dfc4,2024-05-16 20:23:00+00:00,21.9059516666667,72.75564,250.0,137.19418334960938,19,WorldPop R2024B 100m constrained
46569d82-1767-5228-ba73-43ee89e8b830,2024-05-17 08:01:00+00:00,21.95966,72.81435,250.0,0.0,0,WorldPop R2024B 100m constrained
7c0d0562-b7f1-5fd6-b4e4-179ebee8a8c7,2024-05-18 07:42:00+00:00,21.79133,72.64895,250.0,17.166818618774414,3,WorldPop R2024B 100m constrained
9ae6d32c-356d-5a90-b8e7-3e968268f51d,2024-05-18 07:42:00+00:00,22.09727,72.57129,250.0,0.0,0,WorldPop R2024B 100m constrained
ce0e4272-2d16-5415-9f1a-3a97b16b387d,2024-05-18 07:42:00+00:00,21.6702,72.54145,250.0,222.32606506347656,20,WorldPop R2024B 100m constrained
ffe17736-f8f7-5444-a94e-75d950423f29,2024-05-18 08:57:00+00:00,22.05759,72.61259,250.0,0.0,0,WorldPop R2024B 100m constrained
2aa98554-9484-5252-8215-a43dd5a1dca6,2024-05-19 07:23:00+00:00,22.01433,72.81683,250.0,0.0,0,WorldPop R2024B 100m constrained
5f847e15-07e2-5e7b-b0ca-b296c90e88ca,2024-05-19 08:38:00+00:00,21.82854,72.64919,250.0,115.03079223632812,10,WorldPop R2024B 100m constrained
7f8e7933-e92b-5bfa-af46-fbed73e3a2ee,2024-05-19 08:38:00+00:00,22.0054,72.76306,250.0,0.0,0,WorldPop R2024B 100m constrained
62ca362f-f0c7-5f11-9b68-ed0dcb765d45,2024-05-19 09:03:00+00:00,21.59461,72.80241,250.0,0.0,0,WorldPop R2024B 100m constrained
9fde6d13-d906-53db-b80f-961cd4fb5e28,2024-05-19 09:03:00+00:00,21.95259,72.80502,250.0,86.97213745117188,20,WorldPop R2024B 100m constrained
2f53b7cb-8a7d-5628-ba16-46bdc5a6b228,2024-05-19 21:07:00+00:00,21.4323925,72.975315,250.0,4.608419895172119,1,WorldPop R2024B 100m constrained
0d6a7d34-3a6d-576f-9d0a-984bd704e6de,2024-05-20 08:19:00+00:00,21.53195,72.74666,250.0,13.462188720703125,5,WorldPop R2024B 100m constrained
3b03ba80-eba2-5db2-bb7d-9de810f0be65,2024-05-20 08:19:00+00:00,21.45556,72.79836,250.0,8.1318941116333,2,WorldPop R2024B 100m constrained
8cc8c416-98f8-5e3d-be83-94863a21c731,2024-05-20 08:19:00+00:00,21.82786,72.85396,250.0,0.0,0,WorldPop R2024B 100m constrained
98c8d2c2-f4cf-5cea-9454-cb5220ca68df,2024-05-20 08:19:00+00:00,21.55471,72.78442,250.0,0.0,0,WorldPop R2024B 100m constrained
bd0a7429-fdf9-5ff9-89bd-e7a55299d00e,2024-05-20 08:44:00+00:00,21.41571,72.86372,250.0,0.0,0,WorldPop R2024B 100m constrained
350375ba-31ea-5135-b60e-9491326b8e0b,2024-05-20 08:45:00+00:00,22.01674,72.64341,250.0,0.0,0,WorldPop R2024B 100m constrained
61d92d9d-795b-5c6c-b414-fc0691664231,2024-05-20 08:45:00+00:00,22.042,72.74956,250.0,0.0,0,WorldPop R2024B 100m constrained
4f39950c-f3a9-5247-bfe1-84d0804e77e6,2024-05-20 20:48:00+00:00,21.84136,72.980325,250.0,0.0,0,WorldPop R2024B 100m constrained
cc683784-b27f-57ae-a255-0965d53b7478,2024-05-21 08:00:00+00:00,21.77392,72.9365,250.0,19.347768783569336,5,WorldPop R2024B 100m constrained
f6ef5ac0-0db4-565c-bf92-61ba897d5f3e,2024-05-21 08:00:00+00:00,21.74804,72.68476,250.0,315.94732666015625,19,WorldPop R2024B 100m constrained
ea9bed4e-1a15-586d-9768-f912da314999,2024-05-21 08:26:00+00:00,22.00665,72.84161,250.0,0.0,0,WorldPop R2024B 100m constrained
11854dd9-85e9-5e47-a5d1-8bddc7680cea,2024-05-21 20:29:00+00:00,21.43092,72.84047,250.0,388.96881103515625,23,WorldPop R2024B 100m constrained
e770e1b0-0437-583c-8ac1-4d44322ea6fd,2024-05-21 20:54:00+00:00,21.794445,72.647395,250.0,336.73236083984375,22,WorldPop R2024B 100m constrained
0e352aea-b1ae-58cb-96b4-11b7d2ec2999,2024-05-22 07:41:00+00:00,21.75931,72.840545,250.0,25.610427856445312,7,WorldPop R2024B 100m constrained
7d4d4dd9-f409-57e1-ab12-d8f2d89fcb11,2024-05-22 07:41:00+00:00,22.05754,72.9819,250.0,41.08451843261719,16,WorldPop R2024B 100m constrained
286ed42e-965a-592a-9e36-708648089869,2024-05-22 20:35:00+00:00,21.91246,72.99844,250.0,18.03458023071289,3,WorldPop R2024B 100m constrained
1bb8c886-9be3-5929-8755-56868f9b9597,2024-05-23 07:48:00+00:00,21.62952,72.81343,250.0,0.0,0,WorldPop R2024B 100m constrained
663936ec-b504-517e-930a-a3ebdf20104d,2024-05-23 09:03:00+00:00,21.9049,72.75853,250.0,168.16714477539062,18,WorldPop R2024B 100m constrained
6798d6e3-02f6-5fa7-b609-8a96a2153eb9,2024-05-24 07:29:00+00:00,22.02249,72.81452,250.0,4.367362022399902,2,WorldPop R2024B 100m constrained
9526c468-bac4-57a3-8495-4ae15813525c,2024-05-24 07:29:00+00:00,21.99166,72.79487,250.0,0.0,0,WorldPop R2024B 100m constrained
9da2ebff-6537-5a80-9183-3e284778f8d7,2024-05-24 21:13:00+00:00,21.68746,72.534,250.0,543.9492797851562,24,WorldPop R2024B 100m constrained
f1bc40ee-5aae-554a-bfb4-d521a4f033c2,2024-05-24 21:13:00+00:00,22.04923,72.98196,250.0,33.76586151123047,17,WorldPop R2024B 100m constrained
2c0e0cc2-507b-5da5-8b5f-27a0b1a34553,2024-05-25 08:25:00+00:00,21.99642,72.85668,250.0,2.943434953689575,1,WorldPop R2024B 100m constrained
2f01d737-b873-5bea-9dc2-444784e3ce70,2024-05-25 08:25:00+00:00,21.59492,72.9255,250.0,0.0,0,WorldPop R2024B 100m constrained
63727f8e-f428-542a-ba16-d0333039c59d,2024-05-25 08:25:00+00:00,22.03973,72.86942,250.0,11.76788330078125,6,WorldPop R2024B 100m constrained
bf7a6757-d7ed-52fe-9ea1-5a36fbd496c9,2024-05-25 08:25:00+00:00,22.09822,72.61935,250.0,32.27455520629883,8,WorldPop R2024B 100m constrained
f4c8e818-a67e-58c4-a2f6-c5565e8d6e54,2024-05-25 08:25:00+00:00,21.72856,72.85636,250.0,0.0,0,WorldPop R2024B 100m constrained
5ecd6649-8870-54aa-b3b1-80218fb8cfdf,2024-05-25 20:54:00+00:00,21.79352,72.6483333333333,250.0,204.5460205078125,17,WorldPop R2024B 100m constrained
b30a4837-8098-5aff-b855-bf530c0c2b53,2024-05-26 08:06:00+00:00,21.71995,72.54953,250.0,0.0,0,WorldPop R2024B 100m constrained
060e4b5a-7d6b-570e-ac1c-74bc9da4da7c,2024-05-26 08:32:00+00:00,21.94783,72.94378,250.0,133.5626678466797,21,WorldPop R2024B 100m constrained
a29fd719-3ec8-5ace-81ee-004fbc08cbd8,2024-05-26 08:32:00+00:00,21.54573,72.8967,250.0,72.93614196777344,10,WorldPop R2024B 100m constrained
4ed259c2-71be-5f0b-aed0-fdebaec312d9,2024-05-26 20:35:00+00:00,22.010655,72.825035,250.0,1.902627944946289,1,WorldPop R2024B 100m constrained
683bfe41-ee35-5fa6-8d12-aec6e547d0a9,2024-05-27 20:42:00+00:00,21.97991,72.87861,250.0,6.156411170959473,2,WorldPop R2024B 100m constrained
9ea1ce26-a573-5382-8d4b-ddbfb861f4d3,2024-05-27 20:42:00+00:00,21.6855336363636,72.5370945454545,250.0,585.5010986328125,20,WorldPop R2024B 100m constrained
1368a7dd-65fb-5a77-982b-58f4b01c4f4d,2024-05-29 21:19:00+00:00,21.68471875,72.53944625,250.0,470.8062744140625,19,WorldPop R2024B 100m constrained
08557b1f-d12d-5ca7-8185-cbd9c9d50cc0,2024-05-31 08:38:00+00:00,21.6846485714286,72.5351271428571,250.0,648.3787841796875,22,WorldPop R2024B 100m constrained
1cf29181-0fe1-5374-8bb6-8415ba3a22b0,2024-06-01 08:19:00+00:00,21.86265,72.91483,250.0,94.90876770019531,16,WorldPop R2024B 100m constrained
296f9f98-7a5d-56d6-896e-78c9c82ea0cb,2024-06-01 08:19:00+00:00,21.57002,72.88638,250.0,7.981698989868164,3,WorldPop R2024B 100m constrained
41ef6323-ad28-5f04-be66-0b58e8a2954f,2024-06-01 08:19:00+00:00,21.98929,72.90015,250.0,15.092094421386719,3,WorldPop R2024B 100m constrained
b1c540e4-5cc7-50d7-9f7a-b832571d906d,2024-06-01 20:48:00+00:00,21.89132,72.77991,250.0,71.02458190917969,13,WorldPop R2024B 100m constrained
e6792f56-2a54-53aa-950b-be14d8bedee4,2024-06-01 20:48:00+00:00,21.79285,72.64868,250.0,101.63054656982422,11,WorldPop R2024B 100m constrained
392b6d9a-c034-527d-a2f6-66184db97d22,2024-06-02 08:00:00+00:00,22.06067,72.68112,250.0,169.0227813720703,21,WorldPop R2024B 100m constrained
edbdadf4-238b-528c-b580-7f1eeb25bc03,2024-06-02 20:29:00+00:00,21.90641,72.75737,250.0,208.20474243164062,21,WorldPop R2024B 100m constrained
b85ba6f3-6646-5007-bdd6-1f5aa4dedb2d,2024-06-05 08:18:00+00:00,21.41033,72.98946,250.0,45.67721176147461,13,WorldPop R2024B 100m constrained
52f9e601-70a6-57fd-9764-70fa5a76d4ae,2024-06-05 08:19:00+00:00,21.96698,72.89174,250.0,2.7892379760742188,1,WorldPop R2024B 100m constrained
e0d1bf2f-5400-5bb2-8b44-6020c1f067b7,2024-06-05 08:19:00+00:00,22.02192,72.82886,250.0,16.645156860351562,7,WorldPop R2024B 100m constrained
f87206cf-58b1-55ff-87a2-c9045a55ac1a,2024-06-05 08:19:00+00:00,22.00126,72.91617,250.0,0.0,0,WorldPop R2024B 100m constrained
614a4e6d-655b-5ebf-97a5-f66e5f1c2b19,2024-06-05 08:44:00+00:00,22.00384,72.77141,250.0,0.0,0,WorldPop R2024B 100m constrained
88040459-8c34-5715-87ed-6dca3242e14e,2024-06-06 08:00:00+00:00,22.0131466666667,72.86514,250.0,132.26895141601562,16,WorldPop R2024B 100m constrained
ae0092b1-31c8-5d3f-8fa4-7f79b13ec6de,2024-06-06 08:00:00+00:00,21.60492,72.798008,250.0,0.0,0,WorldPop R2024B 100m constrained
c88215e8-a008-50e0-9abc-b48bbe379f15,2024-06-06 08:00:00+00:00,21.94767,72.87528,250.0,0.0,0,WorldPop R2024B 100m constrained
2811b713-fa5a-5adc-89ae-4e8be7ecf541,2024-06-06 08:25:00+00:00,21.58307,72.89346,250.0,168.41964721679688,17,WorldPop R2024B 100m constrained
bcae8144-95ca-52d0-ab9f-3abebe03f79c,2024-06-06 08:25:00+00:00,21.36381,72.73387,250.0,2.993114948272705,1,WorldPop R2024B 100m constrained
fe8c98a6-3792-57a6-b7eb-4daea8ed1594,2024-06-06 20:54:00+00:00,21.9073,72.68462,250.0,146.05752563476562,16,WorldPop R2024B 100m constrained
f146d321-9115-5f25-8254-5b713fbd01ab,2024-06-07 08:06:00+00:00,21.36417,72.65456,250.0,80.90865325927734,11,WorldPop R2024B 100m constrained
d1ec8a9c-aec8-50c3-be67-0729cdf5563e,2024-06-08 07:47:00+00:00,21.6264,72.81318,250.0,0.0,0,WorldPop R2024B 100m constrained
1b38ab7b-f0bd-5684-8a86-6a61b9b9b06c,2024-06-09 08:43:00+00:00,21.62741,72.8141,250.0,0.0,0,WorldPop R2024B 100m constrained
061b6311-ebc5-53ea-a23a-a38ce231c182,2024-06-09 08:44:00+00:00,22.00378,72.74224,250.0,0.0,0,WorldPop R2024B 100m constrained
29014993-97d1-5e8b-99b5-87e3c51f4eaa,2024-06-09 09:09:00+00:00,21.68876,72.87614,250.0,34.98870849609375,9,WorldPop R2024B 100m constrained
c2c135ad-50df-565b-9022-fab0f61e6d56,2024-06-10 20:53:00+00:00,21.39643,72.95467,250.0,66.13849639892578,8,WorldPop R2024B 100m constrained
a67cbba6-1e0f-5d2e-a261-b156a255eb22,2024-06-11 08:31:00+00:00,21.72199,72.75117,250.0,313.5038146972656,20,WorldPop R2024B 100m constrained
bc02cdfb-09ff-5cdb-bc48-d36afc6f8016,2024-06-11 08:31:00+00:00,21.46135,72.79703,250.0,0.0,0,WorldPop R2024B 100m constrained
21ebbd38-9240-50a3-b9eb-8c60ba3c11ec,2024-06-11 20:34:00+00:00,21.7259466666667,72.7212866666667,250.0,195.5341033935547,17,WorldPop R2024B 100m constrained
b13901d8-0eca-52e2-918c-e36f591450ed,2024-06-11 21:00:00+00:00,21.6337,72.99586,250.0,1418.4793701171875,22,WorldPop R2024B 100m constrained
f3964266-9286-5628-83dc-1693b23274cd,2024-06-13 07:28:00+00:00,22.07954,72.88837,250.0,5.504253387451172,2,WorldPop R2024B 100m constrained
99c2265d-398c-5704-823c-90bc2d1b9cf1,2024-06-13 07:53:00+00:00,21.90092,72.72046,250.0,0.0,0,WorldPop R2024B 100m constrained
b18bb92c-9282-54ce-9578-f48cdae754cd,2024-06-13 07:53:00+00:00,21.71404,72.97697,250.0,489.74029541015625,20,WorldPop R2024B 100m constrained
ed04f6b6-5e95-5844-b4d3-381496140c99,2024-06-14 07:34:00+00:00,21.92213,72.69431,250.0,0.0,0,WorldPop R2024B 100m constrained
51dbd292-0143-523e-b3cb-817a866f3166,2024-06-16 08:12:00+00:00,22.03088,72.58652,250.0,0.0,0,WorldPop R2024B 100m constrained
8c63d702-4799-523e-8f6c-f3032eb01f16,2024-06-16 08:12:00+00:00,21.63013,72.81115,250.0,0.0,0,WorldPop R2024B 100m constrained
4e236cd5-ea6e-5cca-95a5-d8484ecfab3e,2024-06-17 08:18:00+00:00,21.79046,72.74963,250.0,63.27688980102539,9,WorldPop R2024B 100m constrained
fd250349-6fc5-56e1-9b44-5d20da1883b9,2024-06-17 08:18:00+00:00,22.03584,72.91119,250.0,31.336576461791992,12,WorldPop R2024B 100m constrained
d3c56f86-d43a-5d51-8f00-58dafcc3c0ba,2024-06-18 20:28:00+00:00,21.79511,72.64605,250.0,327.1438293457031,20,WorldPop R2024B 100m constrained
0f77e338-ba3a-5c88-a231-1768671baaa0,2024-08-30 20:59:00+00:00,21.79367,72.64636,250.0,181.24485778808594,17,WorldPop R2024B 100m constrained
f97d2f5d-9eeb-5464-84ad-fd2379beb8d6,2024-09-20 20:41:00+00:00,21.6713833333333,72.5380166666667,250.0,581.142578125,20,WorldPop R2024B 100m constrained
5d6a9b71-8f05-52ac-8a7f-c3fde27e5afa,2024-09-22 20:27:00+00:00,21.673115,72.53657,250.0,751.2628173828125,21,WorldPop R2024B 100m constrained
4594ded5-5fbe-5702-b661-512607cf801b,2024-10-02 08:10:00+00:00,21.69932,72.54212,250.0,543.9148559570312,23,WorldPop R2024B 100m constrained
4354a19a-4656-5c3c-91a5-d02c0ada1cd8,2024-10-08 07:34:00+00:00,21.6865085714286,72.5594957142857,250.0,729.0012817382812,21,WorldPop R2024B 100m constrained
b778ab68-9f4b-50be-9df8-69223e330f44,2024-10-15 21:12:00+00:00,21.67278,72.54088,250.0,661.841064453125,26,WorldPop R2024B 100m constrained
f18b7b13-595a-5726-ac8d-4a2cc0ca83ff,2024-10-24 07:58:00+00:00,22.07543,72.84362,250.0,554.8120727539062,20,WorldPop R2024B 100m constrained
f1a8f03f-c2f0-5ef0-a308-eccac88c5d6d,2024-10-25 20:08:00+00:00,21.6712985714286,72.54064,250.0,346.8344421386719,19,WorldPop R2024B 100m constrained
bd66ce52-4792-5ef0-9215-def2ce55e536,2024-10-28 07:59:00+00:00,22.07639,72.84393,250.0,508.2561340332031,19,WorldPop R2024B 100m constrained
3a56b122-eaaf-5d66-8a70-b8c96aeb8d5e,2024-10-28 20:28:00+00:00,21.69506,72.602875,250.0,375.0795593261719,23,WorldPop R2024B 100m constrained
f6f2f913-3ab3-5c8f-9f2d-3514cd52d2e1,2024-10-28 20:28:00+00:00,21.35496,72.96421,250.0,517.6015014648438,22,WorldPop R2024B 100m constrained
57a269f3-4005-5ba6-97fe-774766bde53a,2024-11-05 21:42:00+00:00,21.796435,72.647705,250.0,532.9818115234375,21,WorldPop R2024B 100m constrained
1da642ed-05e2-52b9-b376-1a61f26b67da,2024-11-08 08:17:00+00:00,22.07271,72.89281,250.0,0.0,0,WorldPop R2024B 100m constrained
8c3a8e70-0f6f-5b4b-89ca-90b9e406b0f3,2024-11-10 07:39:00+00:00,21.686006,72.562118,250.0,828.28515625,23,WorldPop R2024B 100m constrained
9c7c5fba-fe5d-54f6-9726-165b28241f55,2024-11-10 07:39:00+00:00,21.46034,72.92841,250.0,355.74884033203125,22,WorldPop R2024B 100m constrained
5c9ce592-e6f2-5aba-9c86-e1b1a0d31bf7,2024-11-10 08:56:00+00:00,21.759985,72.71472,250.0,0.0,0,WorldPop R2024B 100m constrained
33b656c8-c04e-5e99-8e6a-b63f9c911310,2024-11-12 20:47:00+00:00,21.39392,72.76408,250.0,0.0,0,WorldPop R2024B 100m constrained
043c1624-e849-54de-b625-1870100e9971,2024-11-17 08:24:00+00:00,21.74863,72.66759,250.0,409.2669677734375,24,WorldPop R2024B 100m constrained
0dc28d82-1603-55b3-80f4-8b44dc97bc2b,2024-11-18 08:05:00+00:00,21.40293,72.89562,250.0,124.23989868164062,16,WorldPop R2024B 100m constrained
86fc8c19-6f87-58a0-a0a5-b6a38c476f88,2024-11-18 08:29:00+00:00,21.89079,72.78008,250.0,107.61430358886719,16,WorldPop R2024B 100m constrained
adda5a74-7361-531b-9b41-5e2ad8ddb432,2024-11-19 08:10:00+00:00,21.50048,72.86992,250.0,0.0,0,WorldPop R2024B 100m constrained
cb6c5bda-2c1e-5758-a62f-8adbf9a0d5d4,2024-11-19 08:11:00+00:00,21.89021,72.896695,250.0,420.28570556640625,25,WorldPop R2024B 100m constrained
074f6664-5514-5fa9-92c9-31259bc90d87,2024-11-19 20:15:00+00:00,21.3816933333333,72.7419133333333,250.0,98.16751098632812,12,WorldPop R2024B 100m constrained
0df4f80e-fb4a-528c-ab5a-e8a0dc9328fb,2024-11-20 07:52:00+00:00,21.60547,72.97338,250.0,2.606308937072754,1,WorldPop R2024B 100m constrained
52455301-ff14-592b-ae55-40c8057f965d,2024-11-20 09:08:00+00:00,21.35168,72.81088,250.0,53.490875244140625,9,WorldPop R2024B 100m constrained
9479b0d5-a879-58fc-a764-73645b8a57ba,2024-11-20 20:21:00+00:00,21.39391,72.79935,250.0,2.467132091522217,1,WorldPop R2024B 100m constrained
2bcd8ae0-0e18-523e-8e7e-7bc6bd7e3e6c,2024-11-23 08:12:00+00:00,21.892124,72.897624,250.0,320.8431091308594,19,WorldPop R2024B 100m constrained
12b0e7e0-9378-5283-bea2-c9736bf0c6e5,2024-11-23 20:40:00+00:00,21.43285,72.97689,250.0,44.84465789794922,6,WorldPop R2024B 100m constrained
c7992dfa-03ab-5ddc-bfe7-5e5724db106e,2024-11-24 07:53:00+00:00,21.371725,72.72079,250.0,0.0,0,WorldPop R2024B 100m constrained
51e2fc7c-97a4-5a62-9164-ad0107343e6d,2024-11-24 08:17:00+00:00,21.48314,72.883455,250.0,0.0,0,WorldPop R2024B 100m constrained
60d16cac-c5b6-579d-ace1-9d4486ef7796,2024-11-24 20:46:00+00:00,21.36835,72.91829,250.0,0.0,0,WorldPop R2024B 100m constrained
f088e38c-17f5-5e82-9c02-c5005d26a436,2024-11-25 07:34:00+00:00,21.5959233333333,72.88499,250.0,0.0,0,WorldPop R2024B 100m constrained
45ebb75e-4dc5-5f2d-8c76-f3e8f813dafb,2024-11-25 09:14:00+00:00,21.402675,72.914155,250.0,882.8214721679688,26,WorldPop R2024B 100m constrained
1c2aa7ce-ee16-5642-ac1f-89d1137aeed7,2024-11-25 20:03:00+00:00,21.90666,72.75671,250.0,170.5283203125,20,WorldPop R2024B 100m constrained
9a315173-fbef-5fcd-bb15-01c02b6b1638,2024-11-26 08:56:00+00:00,21.36525,72.65932,250.0,34.13045883178711,10,WorldPop R2024B 100m constrained
d7008038-3713-5b9f-9e6e-4245f4520b37,2024-11-26 08:56:00+00:00,21.36395,72.74776,250.0,9.866673469543457,4,WorldPop R2024B 100m constrained
ac8c3f1b-5f75-5afa-9f87-da21df408a68,2024-11-26 20:08:00+00:00,21.90904,72.75438,250.0,3.012371063232422,1,WorldPop R2024B 100m constrained
dd67b612-0c77-5e99-87bb-1e3935c9bef0,2024-11-26 20:08:00+00:00,21.37876,72.84893,250.0,2.3402609825134277,1,WorldPop R2024B 100m constrained
9d182238-2437-5888-baec-03c55635c075,2024-11-26 21:24:00+00:00,21.36218,72.85896,250.0,65.08146667480469,13,WorldPop R2024B 100m constrained
5637faeb-8b6d-53c4-8be2-ba2c49a3d3a1,2024-11-27 08:37:00+00:00,21.698655,72.7065125,250.0,97.449951171875,14,WorldPop R2024B 100m constrained
9a49ab01-9326-5587-a4d7-b6cc59165fdb,2024-11-27 08:37:00+00:00,21.74735,72.68683,250.0,175.3297882080078,13,WorldPop R2024B 100m constrained
bc9be606-8dec-5130-a2c0-ebb5bd5f1311,2024-11-27 08:37:00+00:00,21.373685,72.912115,250.0,29.493343353271484,11,WorldPop R2024B 100m constrained
58144402-7187-58de-9181-7212b30b4f4f,2024-11-27 21:06:00+00:00,21.433505,72.97427,250.0,16.94861602783203,2,WorldPop R2024B 100m constrained
b6113baf-9190-5676-a5cf-36c0fa04178d,2024-11-27 21:06:00+00:00,21.40807,72.76345,250.0,0.0,0,WorldPop R2024B 100m constrained
0e9b2639-7bd0-58db-9a22-d977c43c69bf,2024-11-28 08:42:00+00:00,21.49016,72.730005,250.0,0.0,0,WorldPop R2024B 100m constrained
fe88725e-355f-5f4a-8d8d-38dce356f53e,2024-11-28 21:10:00+00:00,21.7946528571429,72.64715,250.0,300.97393798828125,17,WorldPop R2024B 100m constrained
1c690262-fad2-53f2-8cda-1eb5d1ca7374,2024-11-29 20:52:00+00:00,21.38824,72.93353,250.0,0.0,0,WorldPop R2024B 100m constrained
f473e042-e023-5b44-896d-150ba459bf01,2024-11-30 07:41:00+00:00,21.868565,72.85243,250.0,4.072343826293945,2,WorldPop R2024B 100m constrained
e70618aa-709c-55aa-8b1c-5d9b1461d7c8,2024-11-30 08:04:00+00:00,21.47428,72.84216,250.0,0.0,0,WorldPop R2024B 100m constrained
40baa3d9-3146-54d6-8b72-5562009ae42d,2024-12-02 21:12:00+00:00,21.36032,72.85447,250.0,56.16558074951172,14,WorldPop R2024B 100m constrained
1a5ec99f-b236-5172-a0ca-558316d86b7a,2024-12-04 08:06:00+00:00,21.47648,72.83632,250.0,0.0,0,WorldPop R2024B 100m constrained
e4fbc6e7-3fe1-5e43-bc5d-d687ddf67ea0,2024-12-04 08:29:00+00:00,21.48507,72.97183,250.0,0.0,0,WorldPop R2024B 100m constrained
b3826ebf-1966-56e9-86ab-cb9b05d28648,2024-12-04 20:35:00+00:00,21.41037,72.98739,250.0,54.05279541015625,14,WorldPop R2024B 100m constrained
fa815104-3cc4-50ef-9a97-c7e2f0f1feba,2024-12-06 20:20:00+00:00,21.36936,72.87646,250.0,0.0,0,WorldPop R2024B 100m constrained
651155b8-3e01-5f23-b83b-a16631a3be8a,2024-12-06 21:37:00+00:00,21.3591233333333,72.9887166666667,250.0,99.07645416259766,17,WorldPop R2024B 100m constrained
e15dd509-80dd-59e3-b412-9ac1e7eb98a0,2024-12-07 07:32:00+00:00,21.59114,72.9193,250.0,0.0,0,WorldPop R2024B 100m constrained
1ba7ce8e-de59-5236-a1fc-70f742dddd34,2024-12-07 21:42:00+00:00,21.40735,72.948715,250.0,0.0,0,WorldPop R2024B 100m constrained
18fff069-e702-55dd-96a9-453f7b9a0e99,2024-12-08 08:31:00+00:00,21.54729,72.80659,250.0,11.582807540893555,3,WorldPop R2024B 100m constrained
f4e6eee5-41a4-5077-a6e2-6c68f9d15e41,2024-12-08 08:31:00+00:00,22.07331,72.63425,250.0,5.216710090637207,2,WorldPop R2024B 100m constrained
7062001a-1a14-5125-89d0-f914965168ae,2024-12-08 08:54:00+00:00,21.44021,72.85298,250.0,0.0,0,WorldPop R2024B 100m constrained
417bc8ac-ccbd-54a8-b814-cb5d9560b42a,2024-12-08 21:00:00+00:00,21.90343,72.69116,250.0,0.0,0,WorldPop R2024B 100m constrained
73177728-96fd-56a5-9c01-722a25b958ac,2024-12-08 21:00:00+00:00,21.44845,72.88174,250.0,3.453495979309082,1,WorldPop R2024B 100m constrained
9e8e912a-f76a-5622-9cca-814812dc603f,2024-12-09 08:12:00+00:00,21.87259,72.68193,250.0,318.19403076171875,19,WorldPop R2024B 100m constrained
e9e07b4b-1b11-5fce-90ff-bd22fcb19f98,2024-12-09 08:12:00+00:00,21.8919233333333,72.8986766666667,250.0,315.28558349609375,20,WorldPop R2024B 100m constrained
c6449cdb-9f4e-589c-9fae-713e02065f29,2024-12-09 08:35:00+00:00,21.5659,72.90714,250.0,13.472195625305176,4,WorldPop R2024B 100m constrained
672f318d-90ad-5a87-a39b-254498355b0e,2024-12-09 20:41:00+00:00,21.35613,72.84727,250.0,9.358672142028809,3,WorldPop R2024B 100m constrained
0b060339-03e5-5506-9d4b-286db11ddb2d,2024-12-10 07:53:00+00:00,21.39697,72.79658,250.0,118.278076171875,17,WorldPop R2024B 100m constrained
35203e2c-0ff6-5344-a392-3fbedc52d9f9,2024-12-10 07:53:00+00:00,21.99773,72.57358,250.0,444.9109191894531,22,WorldPop R2024B 100m constrained
93081f45-9ee1-529f-9fb8-02ede0e9440b,2024-12-10 07:53:00+00:00,21.7954466666667,72.60458,250.0,0.0,0,WorldPop R2024B 100m constrained
a03affa7-0eb6-5a92-ad4f-4892de2f3eb3,2024-12-10 20:22:00+00:00,21.3897266666667,72.79043,250.0,0.0,0,WorldPop R2024B 100m constrained
14c8e4a1-10b4-570e-8682-1dad9f5e2440,2024-12-10 20:45:00+00:00,21.35056,72.858075,250.0,7.991106986999512,1,WorldPop R2024B 100m constrained
4bc731ef-1779-5f55-92a1-e3e91edfe8be,2024-12-11 07:57:00+00:00,21.73747,72.67826,250.0,333.6611633300781,22,WorldPop R2024B 100m constrained
d161fede-825c-5e68-ba0f-0fcfb29c8c70,2024-12-11 20:03:00+00:00,21.37629,72.75315,250.0,0.0,0,WorldPop R2024B 100m constrained
f50fafe8-ca28-5dda-8c5c-12294c2b5fdf,2024-12-11 20:03:00+00:00,21.43217,72.97524,250.0,4.608419895172119,1,WorldPop R2024B 100m constrained
0a6c14ed-ed6d-5afe-90b7-02e89e1695b3,2024-12-12 08:56:00+00:00,21.72748,72.72079,250.0,255.90025329589844,20,WorldPop R2024B 100m constrained
c4c7fe07-d91f-5708-8fb6-d7a1ee761a96,2024-12-12 20:07:00+00:00,21.35795,72.80608,250.0,63.00564193725586,13,WorldPop R2024B 100m constrained
7c92f85e-a753-5929-9f47-b66d4e6b7c7b,2024-12-12 21:25:00+00:00,21.59429,72.87242,250.0,0.0,0,WorldPop R2024B 100m constrained
e7c2013d-8186-5727-99f4-b9b095c9fa7d,2024-12-13 09:00:00+00:00,21.81284,72.64903,250.0,0.0,0,WorldPop R2024B 100m constrained
45431c0f-a396-543e-86af-b42a8be36fde,2024-12-13 21:06:00+00:00,21.356315,72.894455,250.0,72.72090911865234,16,WorldPop R2024B 100m constrained
37f96b64-0ba2-5bb5-8e40-53e0987976a5,2024-12-14 08:41:00+00:00,21.72853,72.6954,250.0,0.0,0,WorldPop R2024B 100m constrained
b8dc6444-3e62-51e9-96da-7b3de274f675,2024-12-14 20:47:00+00:00,21.57395,72.79233,250.0,2.437872886657715,1,WorldPop R2024B 100m constrained
f683bba1-19ad-5841-a4e8-02db9ba8cb4b,2024-12-14 20:47:00+00:00,21.43288,72.97546,250.0,4.608419895172119,1,WorldPop R2024B 100m constrained
44ed100c-2b88-5205-9c17-e386f4ca7389,2024-12-14 21:10:00+00:00,21.56999,72.80566,250.0,0.0,0,WorldPop R2024B 100m constrained
a0a601fa-7c83-5ead-a83a-f65e62fe701d,2024-12-15 08:00:00+00:00,22.01357,72.93677,250.0,30.65235137939453,9,WorldPop R2024B 100m constrained
d67cc139-30cc-5416-aa93-ed73c72f0216,2024-12-15 08:22:00+00:00,21.51958,72.9447,250.0,0.0,0,WorldPop R2024B 100m constrained
a176aff1-3e25-5d9f-8603-821d92f795d6,2024-12-15 20:51:00+00:00,21.35597,72.89401,250.0,55.266239166259766,14,WorldPop R2024B 100m constrained
0107aa92-8c63-588d-b5bb-60ff368ca27f,2024-12-16 07:41:00+00:00,21.7204966666667,72.7121833333333,250.0,24.362560272216797,3,WorldPop R2024B 100m constrained
c5850d91-1795-5e5c-9033-5c159ad644c5,2024-12-16 08:04:00+00:00,22.033295,72.78882,250.0,0.0,0,WorldPop R2024B 100m constrained
7d85820f-2529-5348-8c1a-d4507bb4ef66,2024-12-16 20:33:00+00:00,21.4352,72.97563,250.0,16.03326988220215,2,WorldPop R2024B 100m constrained
8cf909d6-056d-5a4f-afa4-c96a2d1fdc10,2024-12-16 20:33:00+00:00,21.36355,72.91569,250.0,3.5303409099578857,1,WorldPop R2024B 100m constrained
3caa1674-27dd-5a8b-be70-1ebed541d05b,2024-12-17 07:22:00+00:00,21.6244942857143,72.8090542857143,250.0,0.0,0,WorldPop R2024B 100m constrained
6ade273b-87ee-5e58-aa22-abbd0dd3176c,2024-12-17 09:03:00+00:00,21.73275,72.71735,250.0,136.02330017089844,16,WorldPop R2024B 100m constrained
8538c7c7-23d7-56fd-b3cb-a675d366965e,2024-12-18 08:44:00+00:00,21.38963,72.96394,250.0,225.44549560546875,18,WorldPop R2024B 100m constrained
cad39656-f3cf-558a-9ef8-9ce7459e76cf,2024-12-19 08:25:00+00:00,21.62354,72.80956,250.0,0.0,0,WorldPop R2024B 100m constrained
86e38b5d-2428-5140-ae5e-cf62d7f84729,2024-12-19 20:54:00+00:00,21.39358,72.86733,250.0,151.32220458984375,18,WorldPop R2024B 100m constrained
e08d032d-5039-55f9-b71b-1aee3a938b46,2024-12-21 07:47:00+00:00,21.47699,72.87287,250.0,0.0,0,WorldPop R2024B 100m constrained
031f8232-8664-57eb-92ba-393d09aa73f9,2024-12-21 08:10:00+00:00,22.00541,72.93919,250.0,104.18499755859375,13,WorldPop R2024B 100m constrained
0d149ae2-d2a5-58ee-922b-39c41a5b99df,2024-12-21 08:10:00+00:00,22.00261,72.87974,250.0,59.980072021484375,6,WorldPop R2024B 100m constrained
40fa7d87-4c30-5c0f-b03b-3c44b09cf089,2024-12-21 08:10:00+00:00,21.856605,72.88432,250.0,30.846450805664062,10,WorldPop R2024B 100m constrained
45f3ad77-93fd-5df1-af1c-b8c744b5e8c5,2024-12-21 08:10:00+00:00,21.8714,72.68197,250.0,206.98011779785156,15,WorldPop R2024B 100m constrained
5244d9c3-b9b9-51b6-8d5c-5d56c266a350,2024-12-21 08:10:00+00:00,21.89649,72.9190566666667,250.0,33.929412841796875,6,WorldPop R2024B 100m constrained
9fde68b5-e2a8-5b18-a8bc-d946e9510e97,2024-12-21 08:10:00+00:00,21.89731,72.9029,250.0,187.04257202148438,19,WorldPop R2024B 100m constrained
ac38e904-df42-5772-8c27-881255ed8552,2024-12-22 07:51:00+00:00,22.0293,72.81306,250.0,0.0,0,WorldPop R2024B 100m constrained
36e9e38f-8d0a-53f3-bbf9-b2ab0f596d3d,2024-12-23 07:33:00+00:00,21.6230366666667,72.8078033333333,250.0,0.0,0,WorldPop R2024B 100m constrained
c5ec4b17-c683-5d85-98a2-e4e36b055584,2024-12-23 20:01:00+00:00,21.39072,72.93442,250.0,261.9980163574219,15,WorldPop R2024B 100m constrained
72d1e187-a1fe-5042-b1fa-eba2af330efc,2024-12-24 08:32:00+00:00,21.98683,72.97004,250.0,3.552488088607788,1,WorldPop R2024B 100m constrained
530d1b31-d00e-57f5-8541-92529bc29622,2024-12-24 08:54:00+00:00,21.76109,72.55851,250.0,0.0,0,WorldPop R2024B 100m constrained
1827551a-4cb6-555b-9030-e2e750395900,2024-12-25 08:13:00+00:00,21.87148,72.681285,250.0,145.75303649902344,12,WorldPop R2024B 100m constrained
1f403572-e0e8-528b-aec7-7a148b509806,2024-12-25 08:13:00+00:00,22.01364,72.76097,250.0,0.0,0,WorldPop R2024B 100m constrained
526a96bd-fbf9-5117-adaa-c817bb265b38,2024-12-25 08:13:00+00:00,21.6219133333333,72.8028833333333,250.0,0.0,0,WorldPop R2024B 100m constrained
701510c8-3f27-5270-9c63-45786e893062,2024-12-25 08:13:00+00:00,21.8903833333333,72.8968933333333,250.0,320.1323547363281,19,WorldPop R2024B 100m constrained
a092c656-d20c-54fc-96d3-d2061faf514e,2024-12-25 08:13:00+00:00,21.89397,72.900464,250.0,268.0901794433594,19,WorldPop R2024B 100m constrained
1a96d9d1-f27c-5102-b14d-53efcf90c1bb,2024-12-25 20:41:00+00:00,21.63626,72.94894,250.0,0.0,0,WorldPop R2024B 100m constrained
38e9e55c-e181-5375-9330-a5da62b5ee29,2024-12-26 20:23:00+00:00,21.410865,72.98737,250.0,56.312442779541016,14,WorldPop R2024B 100m constrained
a691bf67-4533-5622-a4ec-9fdff36d404b,2024-12-28 21:25:00+00:00,21.4313,72.97644,250.0,17.981321334838867,2,WorldPop R2024B 100m constrained
c1a6356e-cc93-5ac6-85b9-8a0b8bb8b986,2024-12-29 08:38:00+00:00,21.727795,72.664475,250.0,346.63702392578125,23,WorldPop R2024B 100m constrained
c8840b97-620f-54df-aec2-69aac45c5758,2024-12-29 19:49:00+00:00,21.908152,72.750932,250.0,0.0,0,WorldPop R2024B 100m constrained
56e178d1-923a-5bd6-8221-c744e09a7706,2024-12-29 21:29:00+00:00,21.90894,72.75842,250.0,192.0380096435547,15,WorldPop R2024B 100m constrained
7c484d95-f192-512c-aaaf-ccd4f02e95d2,2024-12-30 08:19:00+00:00,21.59419,72.99146,250.0,127.23106384277344,11,WorldPop R2024B 100m constrained
6c5a2be9-5688-5b1e-89e9-c3773c3c86ec,2024-12-30 08:42:00+00:00,21.68444,72.61589,250.0,0.0,0,WorldPop R2024B 100m constrained
40b49bef-f211-514f-9afa-beb1f2b927d2,2024-12-30 20:48:00+00:00,21.433765,72.97518,250.0,9.155710220336914,2,WorldPop R2024B 100m constrained
190e9484-4726-5d5b-bd6f-b8011e541cc8,2024-12-31 08:00:00+00:00,21.84801,72.70044,250.0,0.0,0,WorldPop R2024B 100m constrained
92b47172-d799-502a-8152-ff4bc7211b86,2024-12-31 08:00:00+00:00,21.38282,72.82056,250.0,88.50167083740234,11,WorldPop R2024B 100m constrained
9c49b2fa-e25b-5d66-955b-e10a10934839,2024-12-31 08:23:00+00:00,21.743845,72.652175,250.0,68.53868103027344,8,WorldPop R2024B 100m constrained
e414086c-8648-52f0-99f1-24f262b975b1,2024-12-31 08:23:00+00:00,21.49159,72.74805,250.0,2.6520769596099854,1,WorldPop R2024B 100m constrained
bbfbf83d-d9bc-595a-8191-53cfc85ba8a2,2024-12-31 20:52:00+00:00,21.35245,72.87503,250.0,0.0,0,WorldPop R2024B 100m constrained
76300036-1cbe-5e22-b266-86164f19c8fc,2025-01-01 07:41:00+00:00,21.61993375,72.8017875,250.0,0.0,0,WorldPop R2024B 100m constrained
4b23f69c-c0ef-5c64-8d4c-77b8a0e68e78,2025-01-01 08:04:00+00:00,22.08581,72.56097,250.0,0.0,0,WorldPop R2024B 100m constrained
348faa8f-2b28-55fb-bfcd-9019aa8bcd3d,2025-01-01 20:10:00+00:00,21.38683,72.966865,250.0,381.2432556152344,24,WorldPop R2024B 100m constrained
180cf506-8a56-53e7-ab23-1a21def606f6,2025-01-03 08:44:00+00:00,21.62058,72.80255,250.0,0.0,0,WorldPop R2024B 100m constrained
41a0ed15-55af-5a90-9231-d8c9e5793f74,2025-01-03 21:13:00+00:00,21.36782,72.88428,250.0,37.093101501464844,6,WorldPop R2024B 100m constrained
8d25eade-2e7e-5b17-8df4-d4d1122816d9,2025-01-03 21:13:00+00:00,21.3563933333333,72.9396566666667,250.0,0.0,0,WorldPop R2024B 100m constrained
ce2257b2-a8a0-5900-b7f9-aed9f36b4487,2025-01-03 21:36:00+00:00,21.35732,72.87566,250.0,3.9343929290771484,1,WorldPop R2024B 100m constrained
10c1d615-95eb-5295-84e0-99e22fc7a51a,2025-01-04 08:25:00+00:00,21.44492,72.71553,250.0,0.0,0,WorldPop R2024B 100m constrained
20cdc51e-85ea-5fcf-9e35-d5b6b4279b14,2025-01-04 08:25:00+00:00,21.54717,72.87548,250.0,150.69851684570312,17,WorldPop R2024B 100m constrained
79a28a87-8e99-5a24-a70b-30b40b327b26,2025-01-04 08:25:00+00:00,21.54812,72.9544,250.0,19.365238189697266,6,WorldPop R2024B 100m constrained
85de714e-9187-5dba-974c-7595f6d47869,2025-01-04 08:25:00+00:00,21.684876,72.612518,250.0,33.318443298339844,6,WorldPop R2024B 100m constrained
9e9d0851-6662-5faa-bc56-fdb729e99a3e,2025-01-04 08:25:00+00:00,21.7916433333333,72.6123533333333,250.0,0.0,0,WorldPop R2024B 100m constrained
b29d19c5-5641-5a82-95cf-117c811d2d46,2025-01-04 08:25:00+00:00,21.70695,72.72399,250.0,0.0,0,WorldPop R2024B 100m constrained
a914804a-01ff-5982-be87-de9b888aef7a,2025-01-04 08:48:00+00:00,21.75093,72.66813,250.0,124.97264099121094,14,WorldPop R2024B 100m constrained
2ae03bb5-9fd1-5fd3-8f87-9e5bc955bf93,2025-01-05 08:07:00+00:00,21.62169,72.80227,250.0,0.0,0,WorldPop R2024B 100m constrained
a4c236bb-d994-52f9-8d40-a612bed432c6,2025-01-05 08:29:00+00:00,21.75907,72.68432,250.0,0.0,0,WorldPop R2024B 100m constrained
59889989-bf51-5522-9b8b-fe5a4d3c284f,2025-01-05 20:58:00+00:00,21.36039,72.82989,250.0,0.0,0,WorldPop R2024B 100m constrained
51420a5e-a0d7-541a-abf4-b6ba5d4427f5,2025-01-06 08:10:00+00:00,21.6207,72.79877,250.0,0.0,0,WorldPop R2024B 100m constrained
0f90fa29-f3f2-562d-bf47-ac4e525c3b34,2025-01-06 08:11:00+00:00,22.00433,72.89163,250.0,172.29515075683594,17,WorldPop R2024B 100m constrained
30dd9680-4f0b-5e2b-9fae-2454eeee4426,2025-01-06 08:11:00+00:00,21.83574,72.84482,250.0,90.71568298339844,11,WorldPop R2024B 100m constrained
33cb24d6-2d69-5d09-afc7-dcbdd26b95fd,2025-01-06 08:11:00+00:00,21.8917,72.91217,250.0,68.56393432617188,12,WorldPop R2024B 100m constrained
34313996-2089-540b-a0b5-86b2ca46ae22,2025-01-06 08:11:00+00:00,21.71974,72.74799,250.0,52.49474334716797,6,WorldPop R2024B 100m constrained
5b64be47-7ca4-51dc-92a9-11319bbf2952,2025-01-06 08:11:00+00:00,21.8561325,72.88494,250.0,26.113401412963867,10,WorldPop R2024B 100m constrained
6285cb42-eca0-5e9f-b5fd-a7ac1ddabc92,2025-01-06 08:11:00+00:00,22.007212,72.939606,250.0,120.911376953125,11,WorldPop R2024B 100m constrained
8826c20a-4015-5401-a66e-b9c70f96fe47,2025-01-06 08:11:00+00:00,21.89718,72.90318,250.0,204.04544067382812,20,WorldPop R2024B 100m constrained
91bcfe4a-3ed5-5ec1-aeeb-970e77480a17,2025-01-06 08:11:00+00:00,21.8959566666667,72.9206633333333,250.0,81.82594299316406,14,WorldPop R2024B 100m constrained
9ee58c94-77cd-5119-a0ce-0dbb1cc3d4e6,2025-01-06 08:11:00+00:00,21.98691,72.8909,250.0,88.80546569824219,11,WorldPop R2024B 100m constrained
f14ac133-829b-591a-a496-ce9ce263f049,2025-01-06 08:11:00+00:00,22.0033733333333,72.87853,250.0,73.97327423095703,9,WorldPop R2024B 100m constrained
f4af287b-19da-5a50-8870-c4dd4d30b364,2025-01-06 08:11:00+00:00,21.8723075,72.6815425,250.0,195.90318298339844,14,WorldPop R2024B 100m constrained
e276dadd-6a01-5d99-8483-4a64a5a439f9,2025-01-07 07:29:00+00:00,21.90429,72.7564,250.0,109.99661254882812,13,WorldPop R2024B 100m constrained
050c0f76-7e28-51f7-a20c-62537dd51694,2025-01-07 07:52:00+00:00,21.773855,72.6547,250.0,0.0,0,WorldPop R2024B 100m constrained
8dd8a3d6-fb31-571d-94a9-9452b37027e0,2025-01-07 07:52:00+00:00,21.7593,72.68938,250.0,0.0,0,WorldPop R2024B 100m constrained
11efec48-0b78-5bf9-b2ed-36a30bef2e09,2025-01-07 20:21:00+00:00,21.38838,72.99989,250.0,0.0,0,WorldPop R2024B 100m constrained
431f3f62-9f3a-594f-a924-2ce903550ea0,2025-01-07 20:21:00+00:00,21.43457,72.974415,250.0,23.719196319580078,4,WorldPop R2024B 100m constrained
4697a51c-7f41-5918-b15d-75a1fb03b735,2025-01-08 07:33:00+00:00,21.88824,72.7842,250.0,240.44451904296875,22,WorldPop R2024B 100m constrained
d41cb5eb-a30c-55ed-b0d9-b7b696785e0f,2025-01-08 09:13:00+00:00,21.79915,72.695475,250.0,0.0,0,WorldPop R2024B 100m constrained
b4d6298f-a38e-5e56-8af9-7785c36ab921,2025-01-09 08:32:00+00:00,21.44609,72.77393,250.0,16.604671478271484,6,WorldPop R2024B 100m constrained
c6551534-7805-5900-9648-449a1cbfdab0,2025-01-09 08:32:00+00:00,21.99667,72.75295,250.0,0.0,0,WorldPop R2024B 100m constrained
0d809792-34a7-54a0-8a42-01934b600f88,2025-01-09 08:55:00+00:00,22.00103,72.77538,250.0,0.0,0,WorldPop R2024B 100m constrained
1a5e790d-bf24-52d8-85d7-6859afb45351,2025-01-09 08:55:00+00:00,21.78414,72.62545,250.0,0.0,0,WorldPop R2024B 100m constrained
55c04334-06e4-5c74-81da-116585176bf5,2025-01-09 08:55:00+00:00,21.7936814285714,72.6479785714286,250.0,191.3912811279297,16,WorldPop R2024B 100m constrained
7dd1a679-b016-5174-95b8-8994b3f3dfb1,2025-01-09 08:55:00+00:00,21.37163,72.65321,250.0,200.95977783203125,17,WorldPop R2024B 100m constrained
cc876686-c4c8-54d0-9411-7afc9c5ac11d,2025-01-09 08:55:00+00:00,21.75133,72.6091,250.0,0.0,0,WorldPop R2024B 100m constrained
081fa66f-ebae-5a69-a2b4-7da64cc48232,2025-01-10 08:13:00+00:00,22.0041,72.87746,250.0,102.62306213378906,13,WorldPop R2024B 100m constrained
122ed8a2-3642-5fb8-882d-1fcfe7b0409f,2025-01-10 08:13:00+00:00,21.87351,72.682645,250.0,412.7639465332031,21,WorldPop R2024B 100m constrained
2e90ad8d-f24c-573f-93e1-40ddc641410f,2025-01-10 08:13:00+00:00,21.83664,72.84633,250.0,171.45462036132812,12,WorldPop R2024B 100m constrained
4ea0793d-e7f9-5b25-9c76-43168ebb554c,2025-01-10 08:13:00+00:00,21.75484,72.679825,250.0,0.0,0,WorldPop R2024B 100m constrained
4ff5c946-9329-51a8-b2e3-8e84ff8f0843,2025-01-10 08:13:00+00:00,21.39493,72.87443,250.0,25.39594841003418,5,WorldPop R2024B 100m constrained
6996b75a-505e-5b09-98a2-7ad7b3437555,2025-01-10 08:13:00+00:00,21.51655,72.86792,250.0,21.04775619506836,4,WorldPop R2024B 100m constrained
75307968-947a-5b2e-bfd8-f7cd94432497,2025-01-10 08:13:00+00:00,22.00723,72.94018,250.0,100.79777526855469,10,WorldPop R2024B 100m constrained
948ec1fa-0769-50c5-ae5e-0d2ee947e6a4,2025-01-10 08:13:00+00:00,21.98884,72.8902,250.0,83.46485900878906,11,WorldPop R2024B 100m constrained
a6513406-a35a-55df-bbb4-617a223cbe9b,2025-01-10 08:13:00+00:00,21.89965,72.90403,250.0,112.68695831298828,10,WorldPop R2024B 100m constrained
d6e1f3e1-6342-5223-9fbb-a0640c36b5ac,2025-01-10 08:13:00+00:00,21.896248,72.91733,250.0,81.23639678955078,7,WorldPop R2024B 100m constrained
df5e59ab-1a4c-5008-b411-58788563017c,2025-01-10 08:13:00+00:00,21.85559,72.88844,250.0,1.5626310110092163,1,WorldPop R2024B 100m constrained
1e4c627c-71e5-510a-bbd9-12e884f834d1,2025-01-10 20:42:00+00:00,21.35789,72.8079,250.0,43.46067810058594,13,WorldPop R2024B 100m constrained
114919ac-9399-515d-b889-209c3010664b,2025-01-10 21:05:00+00:00,21.52774,72.86777,250.0,74.8796615600586,11,WorldPop R2024B 100m constrained
9db8202a-f56d-5516-8019-942750a020ea,2025-01-11 08:17:00+00:00,21.65486,72.94855,250.0,8.62035083770752,1,WorldPop R2024B 100m constrained
a5d1dbfb-6b77-504e-b27b-423b7fd5f803,2025-01-12 07:58:00+00:00,21.81188,72.89719,250.0,19.90877342224121,3,WorldPop R2024B 100m constrained
58d24769-d1f1-58fc-8235-a3c5ebff575f,2025-01-12 09:16:00+00:00,21.91833,72.771695,250.0,7.251110076904297,2,WorldPop R2024B 100m constrained
49961e18-bf59-5aff-9796-eb041eb0cf14,2025-01-13 07:39:00+00:00,21.957705,72.61729,250.0,14.48483657836914,7,WorldPop R2024B 100m constrained
1655c04e-fbd7-5e00-8893-2d355b6d68ac,2025-01-13 08:57:00+00:00,21.8765,72.65875,250.0,0.0,0,WorldPop R2024B 100m constrained
5e66a8a0-4af2-5422-b4ae-28da60452434,2025-01-13 08:57:00+00:00,21.72642,72.7469,250.0,14.124673843383789,2,WorldPop R2024B 100m constrained
c241e60e-5786-5bfc-ba06-b7939911b20c,2025-01-13 20:08:00+00:00,21.66575,72.96576,250.0,0.0,0,WorldPop R2024B 100m constrained
d706e288-61de-5801-b008-f00e463adadc,2025-01-13 20:08:00+00:00,21.40305,72.96606,250.0,286.68292236328125,20,WorldPop R2024B 100m constrained
55e9961c-68a6-59d2-81ae-47319d71dde0,2025-01-14 08:38:00+00:00,21.77057,72.57606,250.0,0.0,0,WorldPop R2024B 100m constrained
8a719c3b-1b15-5f57-84ca-a389b1a81a83,2025-01-14 08:38:00+00:00,21.523,72.95635,250.0,0.0,0,WorldPop R2024B 100m constrained
9d89098e-bd73-5755-8bae-34772b7cef18,2025-01-14 08:38:00+00:00,22.02048,72.560365,250.0,0.0,0,WorldPop R2024B 100m constrained
f4d2812e-e353-590b-9bb2-f6ee6287342f,2025-01-14 08:38:00+00:00,21.75401,72.6399,250.0,20.212350845336914,4,WorldPop R2024B 100m constrained
4cbc550c-ca20-5ac8-9901-0427b27ce7e7,2025-01-15 08:19:00+00:00,21.77333,72.72272,250.0,0.0,0,WorldPop R2024B 100m constrained
5a197bf6-5da8-5d33-aded-f0c25d93994d,2025-01-15 08:19:00+00:00,21.73641,72.7254,250.0,0.0,0,WorldPop R2024B 100m constrained
5ac20c84-b231-5068-864a-a3020aaa6cc0,2025-01-16 08:00:00+00:00,21.7891933333333,72.62437,250.0,0.0,0,WorldPop R2024B 100m constrained
0b5695ea-a0c0-57fa-9862-e0b3a384a406,2025-01-16 08:23:00+00:00,21.68423,72.63786,250.0,24.802642822265625,3,WorldPop R2024B 100m constrained
99476b45-ebd6-5361-bfde-22166043205d,2025-01-16 08:23:00+00:00,21.624785,72.883115,250.0,0.0,0,WorldPop R2024B 100m constrained
b11b6879-8999-577c-8746-bbe98a19ec7d,2025-01-16 08:23:00+00:00,21.44768,72.7154,250.0,0.0,0,WorldPop R2024B 100m constrained
e5279a29-2e98-584b-a0a7-f94bca1e2b9a,2025-01-16 20:29:00+00:00,21.90763,72.755985,250.0,104.51378631591797,14,WorldPop R2024B 100m constrained
ddfc1757-8751-51b8-8b33-04ff3aea95b1,2025-01-17 08:04:00+00:00,21.43505,72.92848,250.0,7.334848403930664,2,WorldPop R2024B 100m constrained
4eb265fe-3e4e-5efb-bc16-afe08d482048,2025-01-18 07:46:00+00:00,21.77304,72.61099,250.0,0.0,0,WorldPop R2024B 100m constrained
0ea35ede-605b-58d0-b178-e6c96cba75de,2025-01-18 20:14:00+00:00,21.46678,72.79533,250.0,0.0,0,WorldPop R2024B 100m constrained
c730209f-26a8-5d8c-bc23-d375d6595bd3,2025-01-19 08:44:00+00:00,21.57525,72.84688,250.0,8.295745849609375,3,WorldPop R2024B 100m constrained
f2d2a412-233e-5ae7-b703-a62cc79cfcdc,2025-01-19 08:44:00+00:00,21.81196,72.64793,250.0,0.0,0,WorldPop R2024B 100m constrained
6f2842c7-5209-5a79-9a30-69e12ded5e5e,2025-01-19 21:13:00+00:00,21.35922,72.85214,250.0,74.55950927734375,16,WorldPop R2024B 100m constrained
4c9f8d70-4b54-554b-8147-db47eeb83b83,2025-01-20 08:26:00+00:00,21.75742,72.5549,250.0,7.06996488571167,2,WorldPop R2024B 100m constrained
be953d3d-9c04-55e4-bab9-befccdf8c249,2025-01-20 08:48:00+00:00,21.4785833333333,72.8567266666667,250.0,0.0,0,WorldPop R2024B 100m constrained
c3beb143-de58-5d4c-bae5-29df6d72151e,2025-01-20 20:54:00+00:00,21.35071,72.99766,250.0,3.1015450954437256,1,WorldPop R2024B 100m constrained
584b4c1e-9cda-585d-91fb-655b179b709a,2025-01-21 08:07:00+00:00,21.48265,72.87717,250.0,0.0,0,WorldPop R2024B 100m constrained
97bd7017-0334-5289-9c6f-77797653da95,2025-01-21 08:29:00+00:00,21.50865,72.73964,250.0,0.0,0,WorldPop R2024B 100m constrained
f5537d83-4492-5fd9-9541-3f1ac0d37caa,2025-01-21 08:29:00+00:00,21.452335,72.99024,250.0,17.214996337890625,3,WorldPop R2024B 100m constrained
c14f2a8e-7ac8-5f84-b807-f6dc2bd2ed83,2025-01-21 08:30:00+00:00,21.77916,72.63136,250.0,0.0,0,WorldPop R2024B 100m constrained
de2068ff-241b-57f5-b9d2-f35445f09aec,2025-01-21 08:30:00+00:00,21.72614,72.69455,250.0,0.0,0,WorldPop R2024B 100m constrained
9ba55e0c-473d-5758-93e6-c6c99d4f3f05,2025-01-21 20:58:00+00:00,21.57365,72.80323,250.0,3.6415839195251465,1,WorldPop R2024B 100m constrained
2c9bf6b8-dd79-5d91-8b74-2d7eebae4f05,2025-01-22 07:48:00+00:00,21.52005,72.9528333333333,250.0,0.0,0,WorldPop R2024B 100m constrained
1267232a-b6f1-5252-994d-2e650d71d3da,2025-01-22 08:11:00+00:00,21.51483,72.85371,250.0,4.614087104797363,2,WorldPop R2024B 100m constrained
2341dc33-1859-5c20-8de2-22a18578963d,2025-01-22 08:11:00+00:00,22.00424,72.93871,250.0,47.220420837402344,9,WorldPop R2024B 100m constrained
28036dcd-863b-51ad-be92-2312403a2700,2025-01-22 08:11:00+00:00,21.77013,72.8398966666667,250.0,0.0,0,WorldPop R2024B 100m constrained
3ad2b7ad-e9c0-5f1d-a942-69ed429fb00e,2025-01-22 08:11:00+00:00,21.72064,72.7472,250.0,33.02287292480469,2,WorldPop R2024B 100m constrained
3ef300db-aa3e-599d-93ae-28984cd0e3fc,2025-01-22 08:11:00+00:00,21.7538,72.87703,250.0,0.0,0,WorldPop R2024B 100m constrained
4ac312a8-3b42-5b41-9bae-fd2707459983,2025-01-22 08:11:00+00:00,21.8560166666667,72.885,250.0,26.113401412963867,10,WorldPop R2024B 100m constrained
698f6751-7451-51c1-b9cb-5efe7474e432,2025-01-22 08:11:00+00:00,21.988135,72.8879,250.0,52.63479995727539,13,WorldPop R2024B 100m constrained
891fa94a-861f-5fab-9428-a65f43756c1c,2025-01-22 08:11:00+00:00,21.86176,72.881275,250.0,0.0,0,WorldPop R2024B 100m constrained
917ba636-ab24-5276-a84e-a6ee306fd0cf,2025-01-22 08:11:00+00:00,21.89693,72.9212,250.0,91.01110076904297,16,WorldPop R2024B 100m constrained
aa57e4b5-41d7-528c-af53-09b326e7952f,2025-01-22 08:11:00+00:00,21.83565,72.8483,250.0,146.86300659179688,10,WorldPop R2024B 100m constrained
e1526709-99c9-5e42-be99-211f84fe3cf5,2025-01-22 08:11:00+00:00,22.00342,72.89124,250.0,165.1378936767578,15,WorldPop R2024B 100m constrained
e2a68a20-44e3-558f-a74a-5909453f7ba7,2025-01-22 08:11:00+00:00,21.89729,72.89863,250.0,95.89418029785156,14,WorldPop R2024B 100m constrained
e4ceeb60-fa13-58b4-8ff6-ca8357c05847,2025-01-22 08:11:00+00:00,21.36402,72.66022,250.0,34.39482498168945,13,WorldPop R2024B 100m constrained
fbec89f4-57fa-5294-8fd3-254d5aca6b0f,2025-01-22 08:11:00+00:00,21.7666766666667,72.8747833333333,250.0,0.0,0,WorldPop R2024B 100m constrained
5002712d-b1f6-5950-b142-5344beb7507c,2025-01-23 09:10:00+00:00,21.72565,72.70382,250.0,115.45991516113281,15,WorldPop R2024B 100m constrained
fa0d836d-9caf-5b14-82c8-6129dc61c03f,2025-01-23 09:10:00+00:00,21.436525,72.70343,250.0,7.282681941986084,5,WorldPop R2024B 100m constrained
a87f5912-1fcd-5b8e-95b3-0933c4e1df68,2025-01-23 19:58:00+00:00,21.410435,72.986505,250.0,44.1664924621582,11,WorldPop R2024B 100m constrained
72d5282f-8783-5706-8308-1c6755956847,2025-01-23 20:21:00+00:00,21.36752,72.83152,250.0,33.56275177001953,9,WorldPop R2024B 100m constrained
d1556702-778a-53d3-8468-638ee7d9d1cd,2025-01-24 08:51:00+00:00,21.54111,72.82402,250.0,99.09419250488281,13,WorldPop R2024B 100m constrained
16f0c24a-009a-5493-a6eb-8d45ceb4c8a3,2025-01-25 08:32:00+00:00,21.80142,72.7022,250.0,6.5478739738464355,3,WorldPop R2024B 100m constrained
a987bba1-b2f3-5390-9986-96fcc8d1043a,2025-01-25 08:32:00+00:00,21.788335,72.6155625,250.0,0.0,0,WorldPop R2024B 100m constrained
cd73c9ca-8df5-57ee-a9c8-141dc987ed57,2025-01-25 08:55:00+00:00,21.88215,72.66376,250.0,7.801548004150391,2,WorldPop R2024B 100m constrained
278afc6f-0fae-5827-842f-7e50429166ca,2025-01-25 21:01:00+00:00,21.53919,72.96369,250.0,50.28606414794922,14,WorldPop R2024B 100m constrained
73b7b6df-e35a-59b8-8ec0-a2e79ec0cb9f,2025-01-25 21:01:00+00:00,22.0894,72.6541,250.0,0.0,0,WorldPop R2024B 100m constrained
01975e5f-f336-5799-a35d-ce934327c6b8,2025-01-26 08:13:00+00:00,21.85578,72.883625,250.0,18.099411010742188,8,WorldPop R2024B 100m constrained
01d684c6-1a3a-5a7c-a6ce-809576969cd0,2025-01-26 08:13:00+00:00,21.76643,72.85654,250.0,0.0,0,WorldPop R2024B 100m constrained
13d5adb0-461d-5d33-9e06-5457bbd5ecb0,2025-01-26 08:13:00+00:00,21.768975,72.840175,250.0,0.0,0,WorldPop R2024B 100m constrained
17d95c7d-b158-5dcd-a5a2-0a78a85253a2,2025-01-26 08:13:00+00:00,21.7554,72.87854,250.0,0.0,0,WorldPop R2024B 100m constrained
2decc108-bc6e-5248-b3fa-01222de6c341,2025-01-26 08:13:00+00:00,21.89779,72.89968,250.0,116.81100463867188,19,WorldPop R2024B 100m constrained
31ca4be0-7880-5c8f-b92c-3a8696d12be6,2025-01-26 08:13:00+00:00,22.0032,72.89254,250.0,105.00511169433594,9,WorldPop R2024B 100m constrained
320102d7-5a26-5b92-8a1d-4ed750d53014,2025-01-26 08:13:00+00:00,21.83443,72.8479,250.0,45.56989669799805,5,WorldPop R2024B 100m constrained
39e3f615-edde-577c-a046-bb6381ddb775,2025-01-26 08:13:00+00:00,21.7671233333333,72.87494,250.0,3.549921989440918,1,WorldPop R2024B 100m constrained
5e32e989-f48a-5aaf-9348-498348d617a0,2025-01-26 08:13:00+00:00,21.44022,72.80894,250.0,70.30662536621094,10,WorldPop R2024B 100m constrained
7267d121-43a7-50f6-b087-9dcf439ae2d9,2025-01-26 08:13:00+00:00,21.9892166666667,72.88457,250.0,125.45930480957031,14,WorldPop R2024B 100m constrained
84c07cb6-ef35-5abd-ba40-23069d6488b0,2025-01-26 08:13:00+00:00,21.62047,72.93118,250.0,0.0,0,WorldPop R2024B 100m constrained
885a37d1-9be9-5fa9-8d67-ff85f6dc51e7,2025-01-26 08:13:00+00:00,21.89586,72.91982,250.0,51.8090705871582,10,WorldPop R2024B 100m constrained
ecaa4195-8d18-5db3-8438-94486155de47,2025-01-26 08:13:00+00:00,21.46853,72.81168,250.0,3.8229429721832275,1,WorldPop R2024B 100m constrained
f407e3b7-c7f3-517d-8aae-d391907c49b6,2025-01-26 08:13:00+00:00,21.52074,72.7463,250.0,0.0,0,WorldPop R2024B 100m constrained
ffd52990-0cec-5c2e-9ad9-5f17ff4710c2,2025-01-26 08:13:00+00:00,21.86251,72.88238,250.0,3.433424949645996,1,WorldPop R2024B 100m constrained
693fd0e5-b7be-50f6-8af5-a96e13f5c711,2025-01-26 20:42:00+00:00,21.35935,72.80128,250.0,42.58414840698242,11,WorldPop R2024B 100m constrained
1d684803-4724-5a5b-a5f8-7cb84cb9b54e,2025-01-27 08:17:00+00:00,21.77696,72.67902,250.0,11.135229110717773,1,WorldPop R2024B 100m constrained
1e5a6003-51f1-5ad0-8f8c-f282902205e8,2025-01-27 08:17:00+00:00,21.53483,72.95993,250.0,53.34197998046875,8,WorldPop R2024B 100m constrained
24080a92-2322-5aa3-b030-0850e81f626b,2025-01-27 20:23:00+00:00,21.4057,72.94509,250.0,116.10905456542969,16,WorldPop R2024B 100m constrained
e062d8e2-facd-5143-9a8c-cbeda371c387,2025-01-27 20:23:00+00:00,21.4022866666667,72.7706233333333,250.0,0.0,0,WorldPop R2024B 100m constrained
95ca82b7-44e5-5e3c-af46-fe5d701e04f2,2025-01-29 07:39:00+00:00,21.79189,72.64864,250.0,58.586448669433594,8,WorldPop R2024B 100m constrained
c785337d-9720-54ac-9cb0-c75cdf05905e,2025-01-29 07:39:00+00:00,21.79237,72.60715,250.0,0.0,0,WorldPop R2024B 100m constrained
cfdd303e-9abf-5374-8ccf-adc464e0b7a5,2025-01-29 07:39:00+00:00,21.54356,72.89223,250.0,0.0,0,WorldPop R2024B 100m constrained
c0425690-8749-5aab-93c3-17304c621c58,2025-01-29 08:57:00+00:00,21.47201,72.86185,250.0,0.0,0,WorldPop R2024B 100m constrained
01a21fa7-b062-5ef5-97bc-147902b62a2c,2025-01-29 20:08:00+00:00,21.43645,72.97771,250.0,35.488216400146484,4,WorldPop R2024B 100m constrained
413058a0-6a35-5810-b9d4-816b8fba6830,2025-01-29 20:08:00+00:00,21.60322,72.9560425,250.0,133.33407592773438,16,WorldPop R2024B 100m constrained
af47864e-6202-556e-b529-b5a75606e4f6,2025-01-29 20:08:00+00:00,21.38607,72.94221,250.0,553.3446044921875,23,WorldPop R2024B 100m constrained
4ec65114-3e1e-5f7e-957f-6ff11d564df7,2025-01-30 21:07:00+00:00,21.680865,72.550085,250.0,992.2504272460938,23,WorldPop R2024B 100m constrained
c0956e88-7a45-5dd9-b48a-e4898e54e83b,2025-01-30 21:07:00+00:00,21.37696,72.96178,250.0,356.5046691894531,20,WorldPop R2024B 100m constrained
454caab4-6412-51b2-8f80-0062dddea237,2025-01-31 08:19:00+00:00,21.8115733333333,72.63805,250.0,0.0,0,WorldPop R2024B 100m constrained
85f6bf33-14b3-5eec-b55b-36d27cda52ae,2025-01-31 08:19:00+00:00,21.36884,72.79892,250.0,2.9364840984344482,1,WorldPop R2024B 100m constrained
baf223dd-9fc2-5e89-b848-21aa1104d273,2025-01-31 20:48:00+00:00,21.409745,72.989115,250.0,51.3931770324707,14,WorldPop R2024B 100m constrained
b79134a4-785c-579c-a375-e7e72c265cd4,2025-02-01 08:00:00+00:00,21.50462,72.8646,250.0,0.0,0,WorldPop R2024B 100m constrained
0ee710a6-c13d-5f1e-970d-fa9a86b9c1f2,2025-02-01 08:01:00+00:00,21.72709,72.75858,250.0,153.1704559326172,13,WorldPop R2024B 100m constrained
622fc066-287b-5881-b97e-67879720711f,2025-02-01 08:23:00+00:00,21.40214,72.76292,250.0,0.0,0,WorldPop R2024B 100m constrained
eca881ed-be11-5649-9ab2-39f5a856a8b5,2025-02-01 08:23:00+00:00,21.41916,72.83401,250.0,0.0,0,WorldPop R2024B 100m constrained
f7c8d9f8-b8b4-597a-b1ac-a9999638c15b,2025-02-01 08:23:00+00:00,21.58297,72.90852,250.0,0.0,0,WorldPop R2024B 100m constrained
9f0be6a5-2018-5a88-886a-b8334034b9b2,2025-02-01 20:29:00+00:00,21.4340666666667,72.9754766666667,250.0,9.155710220336914,2,WorldPop R2024B 100m constrained
2ca22e25-27d7-5f4c-abae-9aec6f268e1c,2025-02-02 07:42:00+00:00,21.781805,72.61941,250.0,2.5668890476226807,1,WorldPop R2024B 100m constrained
4203608f-df15-50a7-a7e1-6d9423f75ce4,2025-02-02 08:04:00+00:00,21.57021,72.80862,250.0,0.0,0,WorldPop R2024B 100m constrained
11619e36-8a62-56a2-8a83-157a0350138c,2025-02-02 20:33:00+00:00,21.4628,72.78699,250.0,0.0,0,WorldPop R2024B 100m constrained
1f0543fa-0dc8-5572-8c6b-f0c7a60a602b,2025-02-03 07:46:00+00:00,21.48141,72.87378,250.0,0.0,0,WorldPop R2024B 100m constrained
c2c5d30f-fc20-578e-bc21-d5d425dcc526,2025-02-03 07:46:00+00:00,22.039125,72.74382,250.0,0.0,0,WorldPop R2024B 100m constrained
b67be9d0-4dc1-5b04-b68f-05b20f6c7fc7,2025-02-03 20:14:00+00:00,21.50785,72.78239,250.0,0.0,0,WorldPop R2024B 100m constrained
e57122e1-9a4b-56e4-b1b9-bbb66c881ed8,2025-02-04 08:44:00+00:00,21.54484,72.94153,250.0,0.0,0,WorldPop R2024B 100m constrained
6db47ba0-aa34-5eee-bb57-0790015042eb,2025-02-05 08:26:00+00:00,21.47815,72.8413,250.0,0.0,0,WorldPop R2024B 100m constrained
7e00ce96-a1f7-5baa-ad7b-61405a20ede8,2025-02-05 08:26:00+00:00,21.84051,72.69198,250.0,0.0,0,WorldPop R2024B 100m constrained
934242af-8d0f-5799-aaa4-86a26bfcc38e,2025-02-05 08:26:00+00:00,21.992575,72.714025,250.0,0.0,0,WorldPop R2024B 100m constrained
a9f8e427-b07b-5846-a949-6ac3c76d3cca,2025-02-05 08:26:00+00:00,21.7350066666667,72.59295,250.0,0.0,0,WorldPop R2024B 100m constrained
0382c176-06d4-55b7-8df0-a27c5d5cfdda,2025-02-05 08:48:00+00:00,21.71168,72.77658,250.0,27.20077133178711,5,WorldPop R2024B 100m constrained
2b7df902-bf8b-55fa-b1af-1d6cc7a2795e,2025-02-05 20:54:00+00:00,21.68455,72.53483,250.0,565.63134765625,19,WorldPop R2024B 100m constrained
21b90928-096a-5209-a520-64a510227b69,2025-02-05 20:55:00+00:00,21.3567,72.82087,250.0,0.0,0,WorldPop R2024B 100m constrained
1759ab93-de7d-5f48-a4ed-85c7550a1d80,2025-02-06 08:07:00+00:00,21.52128,72.8625,250.0,62.79404830932617,13,WorldPop R2024B 100m constrained
9096eddc-8204-50fc-9860-976d0a2b6272,2025-02-06 08:07:00+00:00,21.35233,72.92892,250.0,3.4258790016174316,1,WorldPop R2024B 100m constrained
9bd81094-7f88-5bfb-8d95-241881722c0f,2025-02-06 08:07:00+00:00,22.081985,72.64361,250.0,0.0,0,WorldPop R2024B 100m constrained
5ed862c6-ab8b-5a13-a2a5-6ad63c5b2c80,2025-02-06 08:30:00+00:00,21.51891,72.96432,250.0,24.307292938232422,8,WorldPop R2024B 100m constrained
36bfe81b-6f71-5869-b588-13576681a200,2025-02-07 07:48:00+00:00,21.38127,72.86866,250.0,81.22555541992188,14,WorldPop R2024B 100m constrained
d5a5d204-bf6b-5199-9d0d-f95f682ecae8,2025-02-07 07:48:00+00:00,21.720135,72.70985,250.0,8.211623191833496,2,WorldPop R2024B 100m constrained
9f852199-db4c-52b6-8ffb-80a6563225af,2025-02-07 08:11:00+00:00,21.48999,72.70912,250.0,0.0,0,WorldPop R2024B 100m constrained
29b51118-657c-5f36-871c-ef9120c7a89b,2025-02-07 20:17:00+00:00,21.70299,72.68258,250.0,0.0,0,WorldPop R2024B 100m constrained
8778f916-4d32-5df2-b87e-5d0b43b88010,2025-02-07 20:17:00+00:00,21.53018,72.899925,250.0,37.626930236816406,12,WorldPop R2024B 100m constrained
f6c5b250-f824-5b5f-a5dd-cf45c3ec5371,2025-02-08 07:52:00+00:00,21.47788,72.85708,250.0,0.0,0,WorldPop R2024B 100m constrained
ff52ddf7-01fe-5b8b-a624-7613d1a359c6,2025-02-08 07:52:00+00:00,22.01893,72.63395,250.0,0.0,0,WorldPop R2024B 100m constrained
35a10ffc-bd47-50b4-9d1f-4000ebda91e4,2025-02-09 08:51:00+00:00,21.4963,72.816565,250.0,0.0,0,WorldPop R2024B 100m constrained
6f661293-4c0c-5f41-9587-417c809f9822,2025-02-09 08:51:00+00:00,21.76214,72.62766,250.0,45.665287017822266,7,WorldPop R2024B 100m constrained
f4f9868a-7696-52e2-9049-774d99d44899,2025-02-09 20:02:00+00:00,21.53267,72.870755,250.0,0.0,0,WorldPop R2024B 100m constrained
d298c3c0-9055-58aa-a24c-26c29c62a6b1,2025-02-10 08:55:00+00:00,22.03084,72.737415,250.0,2.668368101119995,1,WorldPop R2024B 100m constrained
ec2a652d-8993-5a2a-b8aa-9bb9d1e9fbe2,2025-02-10 08:55:00+00:00,22.05118,72.72477,250.0,0.0,0,WorldPop R2024B 100m constrained
12e59f3e-ede3-552d-82c4-3021eda02a6b,2025-02-11 08:13:00+00:00,21.55099,72.8474,250.0,0.0,0,WorldPop R2024B 100m constrained
2ff0112e-7b1b-5800-a3a5-d6047c05f1cd,2025-02-11 08:13:00+00:00,21.72934,72.776515,250.0,0.0,0,WorldPop R2024B 100m constrained
3a77bfd3-bea6-5546-ab07-e9e0cd33c802,2025-02-11 08:13:00+00:00,21.43827,72.71526,250.0,8.229349136352539,4,WorldPop R2024B 100m constrained
8243fccf-ec3a-5e0d-ac26-b7fb80df0c15,2025-02-11 08:13:00+00:00,21.8785,72.71113,250.0,7.527865886688232,1,WorldPop R2024B 100m constrained
f0dcbd13-a803-51a7-a3a8-61850400c85a,2025-02-11 08:36:00+00:00,21.41764,72.83064,250.0,0.0,0,WorldPop R2024B 100m constrained
14d1b8f0-3f36-51ac-84f6-31ad09d7313f,2025-02-11 20:42:00+00:00,21.38671,72.9413733333333,250.0,560.2630615234375,23,WorldPop R2024B 100m constrained
766d9e9b-b81b-5bad-bc35-92175ac120af,2025-02-12 07:54:00+00:00,21.513835,72.95814,250.0,5.856375694274902,2,WorldPop R2024B 100m constrained
8c831d64-6230-5153-9a23-b61de4ec3574,2025-02-12 08:17:00+00:00,21.62002,72.84695,250.0,19.82074737548828,9,WorldPop R2024B 100m constrained
5db2f4e6-2969-5cf7-95ba-9cdac80fc566,2025-02-12 20:23:00+00:00,21.35152,72.94015,250.0,0.0,0,WorldPop R2024B 100m constrained
ac1a63fe-3f43-5986-b266-242094fddba0,2025-02-12 20:23:00+00:00,21.4336075,72.97647,250.0,23.34984588623047,3,WorldPop R2024B 100m constrained
9face34d-b7a4-5394-89f0-5ef29941876d,2025-02-12 20:46:00+00:00,21.56326,72.82014,250.0,2.3223419189453125,1,WorldPop R2024B 100m constrained
65a0286a-d53e-5b7a-85b3-ba28c5fae7a9,2025-02-13 07:58:00+00:00,21.43976,72.99516,250.0,52.584190368652344,7,WorldPop R2024B 100m constrained
e17d1bea-9c32-5f59-800b-4dfb8eb1d2cf,2025-02-14 08:57:00+00:00,21.4212,72.74961,250.0,0.0,0,WorldPop R2024B 100m constrained
a4427b89-138f-5b14-bbe2-8af7326c83d6,2025-02-14 21:26:00+00:00,21.4333409090909,72.9764718181818,250.0,23.34984588623047,3,WorldPop R2024B 100m constrained
36ede8c8-2700-5c6b-883b-c3cd582e04e9,2025-02-15 08:38:00+00:00,21.543194,72.881498,250.0,0.0,0,WorldPop R2024B 100m constrained
903bddb2-8a50-53cc-95e5-1350b29ddaa8,2025-02-15 08:38:00+00:00,21.56911,72.90226,250.0,243.54483032226562,22,WorldPop R2024B 100m constrained
f7de06f6-87c0-5448-8885-341e4ab325c7,2025-02-15 08:38:00+00:00,22.09928,72.284945,250.0,0.0,0,WorldPop R2024B 100m constrained
0f8f1800-fe89-53d3-86af-4742aeceda6b,2025-02-15 09:01:00+00:00,21.74386,72.96896,250.0,4.0140461921691895,1,WorldPop R2024B 100m constrained
ce40ca2f-a521-566f-b032-a2821be57a19,2025-02-15 09:01:00+00:00,21.54506,72.84955,250.0,0.0,0,WorldPop R2024B 100m constrained
e2bf734a-2f37-5b7d-bfd3-3ecb7de18c47,2025-02-15 09:01:00+00:00,21.55503,72.9579,250.0,245.46499633789062,22,WorldPop R2024B 100m constrained
3eedfba3-637f-5ec5-814f-2cdb27c8f5c1,2025-02-15 21:07:00+00:00,21.52748,72.83665,250.0,0.0,0,WorldPop R2024B 100m constrained
1fcf9f65-c8cf-5855-920b-36267cb8e3bd,2025-02-16 08:19:00+00:00,21.52189,72.89629,250.0,10.558674812316895,4,WorldPop R2024B 100m constrained
25bf9b31-873e-533a-adc9-41f2fab70d7e,2025-02-16 08:19:00+00:00,21.8203,72.85838,250.0,8.24617862701416,1,WorldPop R2024B 100m constrained
37c3fa0c-87bd-52aa-b24a-54ff1d41f46b,2025-02-16 08:19:00+00:00,21.36266,72.74227,250.0,31.685287475585938,11,WorldPop R2024B 100m constrained
49566d61-bb16-5e31-8fdc-88ad05bf9d64,2025-02-16 08:19:00+00:00,21.52196,72.91904,250.0,0.0,0,WorldPop R2024B 100m constrained
c5857741-7d54-5048-9589-dd881c237a4a,2025-02-16 08:19:00+00:00,21.4545,72.8777,250.0,4.0699028968811035,1,WorldPop R2024B 100m constrained
d5277da7-3bd2-52fa-805f-50812c176a8a,2025-02-16 08:19:00+00:00,21.51387,72.84113,250.0,0.0,0,WorldPop R2024B 100m constrained
a117b125-f2d3-5d3a-833b-9dc3436980e8,2025-02-16 20:48:00+00:00,21.40939,72.987075,250.0,51.35675048828125,14,WorldPop R2024B 100m constrained
fb75fd6d-7ccc-5389-ba33-b68417d48c42,2025-02-16 20:48:00+00:00,21.59293,72.99933,250.0,429.708251953125,12,WorldPop R2024B 100m constrained
0dd716f7-b6ba-530e-b7ad-d756a0684ab5,2025-02-17 20:29:00+00:00,21.43319,72.9761333333333,250.0,23.34984588623047,3,WorldPop R2024B 100m constrained
8906f996-8077-5ab8-9ea3-d8ba3566d4ff,2025-02-18 07:42:00+00:00,21.56137,72.80109,250.0,0.0,0,WorldPop R2024B 100m constrained
edb40381-3b7f-557b-9e10-e76d6756d6b0,2025-02-18 08:04:00+00:00,21.40251,72.79063,250.0,0.0,0,WorldPop R2024B 100m constrained
4e50c7fa-3311-554a-843d-2020b6e66c24,2025-02-18 20:10:00+00:00,21.436535,72.86329,250.0,0.0,0,WorldPop R2024B 100m constrained
6baf3732-0968-531c-af0c-a7910ebbc883,2025-02-18 20:33:00+00:00,21.91691,72.5537,250.0,0.0,0,WorldPop R2024B 100m constrained
82d4db02-b5c1-57f6-a9bb-f5a90454dbe2,2025-02-18 20:33:00+00:00,21.38082,72.82656,250.0,0.0,0,WorldPop R2024B 100m constrained
5b9d00aa-d065-5b3a-b345-354e0c9e3bd5,2025-02-19 09:03:00+00:00,21.99574,72.74728,250.0,0.0,0,WorldPop R2024B 100m constrained
5f09785c-05da-572d-b33b-3e9d1dcd0793,2025-02-19 21:32:00+00:00,21.9084,72.68623,250.0,250.1655731201172,23,WorldPop R2024B 100m constrained
c9680ea4-53dc-5790-b794-d968c347ac3a,2025-02-19 21:32:00+00:00,21.43563,72.97951,250.0,27.406513214111328,4,WorldPop R2024B 100m constrained
26647dd1-8c54-5bb0-a09e-8acd6b896fbe,2025-02-20 07:27:00+00:00,21.73091,72.7247666666667,250.0,61.986045837402344,12,WorldPop R2024B 100m constrained
2b6e2552-3e42-5ebb-92e4-8db672ee348f,2025-02-20 08:44:00+00:00,21.72271,72.70695,250.0,210.4674835205078,19,WorldPop R2024B 100m constrained
3425dad6-3d83-5a1c-b26c-f17d8564e4da,2025-02-20 08:44:00+00:00,21.74697,72.65676,250.0,344.81329345703125,23,WorldPop R2024B 100m constrained
cb15d8c5-e1e3-5b71-98fd-3e6f7b9c4533,2025-02-20 08:44:00+00:00,21.681625,72.631355,250.0,0.0,0,WorldPop R2024B 100m constrained
d8620d2a-9813-55d0-ac79-e71e6cbc11ed,2025-02-20 08:44:00+00:00,21.55302,72.78824,250.0,0.0,0,WorldPop R2024B 100m constrained
31806c0d-8f6d-5122-bafc-d05905d19131,2025-02-20 19:55:00+00:00,21.77671,72.89182,250.0,435.2160339355469,24,WorldPop R2024B 100m constrained
6a2f8fe5-2ff1-59b3-98eb-ea4b84e8ae29,2025-02-21 08:25:00+00:00,21.69446,72.95544,250.0,619.9130249023438,23,WorldPop R2024B 100m constrained
d5dbe5c7-3c87-523c-842d-f558a1347562,2025-02-21 08:25:00+00:00,21.54813,72.931,250.0,0.0,0,WorldPop R2024B 100m constrained
1e0831f3-c9b9-5047-afc4-280bf48cb4c7,2025-02-21 08:26:00+00:00,21.77763,72.60719,250.0,0.0,0,WorldPop R2024B 100m constrained
b9c1e254-3212-5c99-a3f3-86798b17ddc5,2025-02-21 08:26:00+00:00,21.75139,72.62701,250.0,0.0,0,WorldPop R2024B 100m constrained
88e4b1d9-3095-5d24-9fe7-e3ed31a619a5,2025-02-21 08:48:00+00:00,21.59156,72.97081,250.0,23.71137046813965,7,WorldPop R2024B 100m constrained
d35ec373-9b1e-5e76-acc7-74a6736fa0c5,2025-02-21 08:48:00+00:00,21.47081,72.84131,250.0,2.882685899734497,1,WorldPop R2024B 100m constrained
90f0e69a-0888-5c80-9d66-55dfb906fc4b,2025-02-21 20:54:00+00:00,21.79533,72.64754,250.0,474.2626953125,24,WorldPop R2024B 100m constrained
0ce8e3c1-ca46-5116-92cb-8cc0788649e5,2025-02-22 08:07:00+00:00,21.73808,72.78471,250.0,0.0,0,WorldPop R2024B 100m constrained
e47d2c30-448a-587e-abec-32ea5225724e,2025-02-22 08:30:00+00:00,21.68128,72.63702,250.0,0.0,0,WorldPop R2024B 100m constrained
818cf114-48e1-5567-873b-c2318749626d,2025-02-23 07:48:00+00:00,21.433855,72.852015,250.0,8.685333251953125,2,WorldPop R2024B 100m constrained
a5524064-19c6-5af5-ba81-c0f72c5fd09c,2025-02-23 07:48:00+00:00,21.73416,72.6035733333333,250.0,69.53428649902344,8,WorldPop R2024B 100m constrained
0f649edb-fc8d-5b77-8bcf-d5fad6a468d6,2025-02-23 08:11:00+00:00,21.87812,72.70982,250.0,7.527865886688232,1,WorldPop R2024B 100m constrained
c3c3eef4-c13b-5f71-80d8-0b4e2fa60a48,2025-02-23 08:11:00+00:00,21.81889,72.65168,250.0,57.051979064941406,10,WorldPop R2024B 100m constrained
d34ed4bf-2aaa-56ae-8e8c-0072d236beeb,2025-02-23 08:11:00+00:00,21.59709,72.84139,250.0,28.074647903442383,5,WorldPop R2024B 100m constrained
faae2291-902b-5252-b585-9a2f8d3081f5,2025-02-23 08:11:00+00:00,21.56695,72.89101,250.0,0.0,0,WorldPop R2024B 100m constrained
35c3c153-d77f-5c29-a9df-b64c79243eb0,2025-02-23 20:17:00+00:00,21.37974,72.96925,250.0,468.8079833984375,22,WorldPop R2024B 100m constrained
e87af850-2249-5b24-bb9d-7707d2e97f04,2025-02-23 20:17:00+00:00,21.434015,72.9758425,250.0,27.897132873535156,4,WorldPop R2024B 100m constrained
40504d49-243f-5904-ad09-6d9dd99dff97,2025-02-24 07:29:00+00:00,21.436295,72.704155,250.0,8.786879539489746,6,WorldPop R2024B 100m constrained
5318045b-768e-5e4d-aa4e-b25afa872a5c,2025-02-24 07:29:00+00:00,21.6908775,72.6606975,250.0,43.100013732910156,5,WorldPop R2024B 100m constrained
898b650a-ccaa-5c75-b034-543a2418df21,2025-02-24 07:29:00+00:00,21.7061033333333,72.6812733333333,250.0,0.0,0,WorldPop R2024B 100m constrained
a84be2e1-f389-583a-87fe-3ddf3ba8d219,2025-02-24 07:52:00+00:00,21.3861,72.79689,250.0,112.39155578613281,12,WorldPop R2024B 100m constrained
b2a08a64-2f3f-5ef2-8549-835391dd5a36,2025-02-24 07:52:00+00:00,21.765732,72.630788,250.0,29.283416748046875,5,WorldPop R2024B 100m constrained
f56bbc34-ec66-5bca-986b-b670ee26d90b,2025-02-24 07:52:00+00:00,21.79327,72.6203,250.0,0.0,0,WorldPop R2024B 100m constrained
a2edb031-790a-5109-acb1-e9753efebaf8,2025-02-24 09:10:00+00:00,22.01689,72.74436,250.0,94.80833435058594,16,WorldPop R2024B 100m constrained
2a344c09-f62f-508d-a4fc-a0dcfb3374ff,2025-02-25 08:51:00+00:00,21.95779,72.8098,250.0,0.0,0,WorldPop R2024B 100m constrained
31bf5232-84a8-59a1-b01f-194fca776fdb,2025-02-25 08:51:00+00:00,21.709394,72.546696,250.0,79.49259185791016,14,WorldPop R2024B 100m constrained
f151ea3d-c352-566b-b70a-d8c7b113bd62,2025-02-25 08:51:00+00:00,21.81603,72.659905,250.0,33.42585754394531,7,WorldPop R2024B 100m constrained
fc514d22-6ad8-5442-b148-436b46cb83d8,2025-02-25 08:51:00+00:00,21.86,72.6614,250.0,0.0,0,WorldPop R2024B 100m constrained
ea2400a1-0883-55a1-bec6-e6ea1e104ae0,2025-02-25 21:19:00+00:00,21.68079,72.535345,250.0,770.443359375,22,WorldPop R2024B 100m constrained
8403dc98-cb20-5ad3-9f47-e853b9039bf8,2025-02-26 08:55:00+00:00,21.52648,72.81112,250.0,0.0,0,WorldPop R2024B 100m constrained
bffea3d4-ac89-5578-b873-289bc59cd095,2025-02-26 08:55:00+00:00,21.78102,72.69087,250.0,0.0,0,WorldPop R2024B 100m constrained
195a20da-26a1-5ec4-8c5a-fcf596c04caa,2025-02-27 08:13:00+00:00,21.40821,72.66888,250.0,3.879326820373535,2,WorldPop R2024B 100m constrained
80a51243-2152-55cc-bbb4-9163d52440d3,2025-02-27 08:13:00+00:00,22.0963,72.63853,250.0,117.42160034179688,15,WorldPop R2024B 100m constrained
cc3d3d85-46f4-5bc4-b3d2-95f9621e0181,2025-02-27 08:13:00+00:00,21.616155,72.83098,250.0,0.0,0,WorldPop R2024B 100m constrained
0a472cff-9c60-5a62-b864-8a9dd29dd0bf,2025-02-27 20:42:00+00:00,21.434595,72.975955,250.0,19.118709564208984,3,WorldPop R2024B 100m constrained
57853340-fc52-57e9-9a36-b9c18840dbf8,2025-02-27 20:42:00+00:00,21.41202,72.98704,250.0,54.89181900024414,9,WorldPop R2024B 100m constrained
939c8c65-2d62-58e4-b606-55169a6f70a7,2025-02-27 20:42:00+00:00,21.57344,72.841395,250.0,0.0,0,WorldPop R2024B 100m constrained
1787a4a9-156e-5c41-b7a1-b627a55e4d02,2025-02-28 08:17:00+00:00,21.44275,72.98054,250.0,61.09503173828125,9,WorldPop R2024B 100m constrained
64d74422-bc65-511c-a908-c6e672ef98b9,2025-02-28 08:17:00+00:00,21.75679,72.6593,250.0,229.89108276367188,22,WorldPop R2024B 100m constrained
ce5c5464-edbb-55ff-8f9f-e140340d5bf7,2025-02-28 08:17:00+00:00,21.38112,72.82121,250.0,29.582216262817383,5,WorldPop R2024B 100m constrained
e1b51109-123c-5e44-8c68-546173c003b6,2025-02-28 08:17:00+00:00,21.76213,72.62798,250.0,18.290943145751953,4,WorldPop R2024B 100m constrained
390ff0c4-1824-52c8-874e-d7c6a4f3863a,2025-02-28 20:23:00+00:00,21.522355,72.78199,250.0,2.0860190391540527,1,WorldPop R2024B 100m constrained
65710996-1b22-5034-b91b-e64d53b802b7,2025-02-28 20:46:00+00:00,21.682335,72.53484125,250.0,621.2222900390625,21,WorldPop R2024B 100m constrained
2e681c0b-e078-5f5b-acf3-ac0bdfea72a6,2025-03-01 07:35:00+00:00,21.6939275,72.6034275,250.0,339.3651428222656,21,WorldPop R2024B 100m constrained
a1b23eb4-808b-5ed6-9ebf-dbf60eda19ff,2025-03-01 07:35:00+00:00,21.828235,72.665075,250.0,0.0,0,WorldPop R2024B 100m constrained
264bfe89-e2a4-5fd3-b444-abdd398b73eb,2025-03-01 09:16:00+00:00,21.68402,72.63163,250.0,0.0,0,WorldPop R2024B 100m constrained
252001c4-152a-575b-b981-be05a5886ae4,2025-03-02 07:39:00+00:00,21.35644,72.80146,250.0,35.56169128417969,8,WorldPop R2024B 100m constrained
71fba740-583c-56b8-a7df-4e897cdfb6be,2025-03-02 21:26:00+00:00,21.6815257142857,72.5358257142857,250.0,748.7142944335938,22,WorldPop R2024B 100m constrained
2390eabe-54f6-57b2-9ea1-6175ccf28d67,2025-03-03 08:38:00+00:00,21.5125125,72.8095125,250.0,6.5236921310424805,3,WorldPop R2024B 100m constrained
ea8f1688-9386-586b-a8b9-ee0bb5de54f9,2025-03-03 08:38:00+00:00,21.52435,72.81099,250.0,0.0,0,WorldPop R2024B 100m constrained
feb73eac-1065-5190-9953-e1f0384e08a0,2025-03-03 08:38:00+00:00,21.401515,72.81708,250.0,49.0875129699707,9,WorldPop R2024B 100m constrained
4e092b89-cf46-5b8e-aa05-e8fc56bb2108,2025-03-03 09:01:00+00:00,21.75843,72.65248,250.0,20.626352310180664,2,WorldPop R2024B 100m constrained
01eb77df-a646-535e-ab08-d4de71e9d264,2025-03-04 08:19:00+00:00,21.5136,72.82778,250.0,0.0,0,WorldPop R2024B 100m constrained
c7f93fd8-9f8c-5283-b836-74f239888fb3,2025-03-04 08:42:00+00:00,21.53797,72.76711,250.0,4.445838928222656,3,WorldPop R2024B 100m constrained
2fb5a55f-f5ee-5430-86c8-0af0886954e1,2025-03-04 20:48:00+00:00,21.68236,72.544805,250.0,656.960693359375,20,WorldPop R2024B 100m constrained
5dfb1e48-dcf1-5ff5-88d7-80b035093ed7,2025-03-05 08:00:00+00:00,21.429655,72.702465,250.0,0.0,0,WorldPop R2024B 100m constrained
b1baa614-f9fd-5d4d-96cf-e515a8fb8094,2025-03-05 08:00:00+00:00,21.4683,72.9781,250.0,0.0,0,WorldPop R2024B 100m constrained
188b39ab-22b1-5b64-b643-fdd22754b870,2025-03-05 20:52:00+00:00,21.68187,72.53584,250.0,840.6719970703125,26,WorldPop R2024B 100m constrained
b5a873fb-bd54-5751-84c6-0ecab030fcd1,2025-03-06 07:41:00+00:00,21.38376,72.680675,250.0,71.02764129638672,13,WorldPop R2024B 100m constrained
ef2dbb62-59d7-5d62-916b-02a8b5698152,2025-03-07 07:45:00+00:00,21.36708,72.83295,250.0,9.581242561340332,3,WorldPop R2024B 100m constrained
10764cf7-9c69-59fe-b816-0f0cf251c916,2025-03-08 07:27:00+00:00,21.90618,72.757415,250.0,218.86651611328125,22,WorldPop R2024B 100m constrained
d552d9ee-848b-5c51-9566-26121ca7f4dc,2025-03-08 08:44:00+00:00,21.73503,72.6821533333333,250.0,185.14552307128906,17,WorldPop R2024B 100m constrained
da367d40-99f5-5a23-ad98-f4d94144b460,2025-03-08 08:44:00+00:00,21.78314,72.87735,250.0,56.078426361083984,12,WorldPop R2024B 100m constrained
1c0393b6-64c4-5872-9585-1fcfc649b128,2025-03-08 19:55:00+00:00,21.39948,72.94817,250.0,501.9967956542969,24,WorldPop R2024B 100m constrained
8ab755d1-72c2-5e92-9041-3778ef211a26,2025-03-09 08:25:00+00:00,21.4212966666667,72.9041166666667,250.0,0.0,0,WorldPop R2024B 100m constrained
b5233971-2c5e-55b0-91f0-8b4fe4671504,2025-03-09 08:25:00+00:00,21.6284825,72.80832,250.0,0.0,0,WorldPop R2024B 100m constrained
f3093fd1-483b-5b78-87c1-780711f3f9c0,2025-03-10 08:06:00+00:00,21.632755,72.8503,250.0,0.0,0,WorldPop R2024B 100m constrained
f402d5c2-6e54-5d64-8318-f0ea77397531,2025-03-10 08:29:00+00:00,21.46264,72.80642,250.0,0.0,0,WorldPop R2024B 100m constrained
a42b3a75-c636-5569-b222-732150148722,2025-03-10 20:35:00+00:00,21.90732,72.75537,250.0,75.15325927734375,11,WorldPop R2024B 100m constrained
ae5340e7-5511-5c0f-98bd-5ef5a26b1ba5,2025-03-10 20:58:00+00:00,21.79357,72.648295,250.0,204.5460205078125,17,WorldPop R2024B 100m constrained
882dd2c7-333b-5656-8e3f-bfbd0f3d1827,2025-03-11 07:48:00+00:00,21.71733,72.54439,250.0,0.0,0,WorldPop R2024B 100m constrained
b8e37358-065a-5c4c-ab4b-cec3c1f61bf0,2025-03-11 07:48:00+00:00,22.0823866666667,72.56621,250.0,0.0,0,WorldPop R2024B 100m constrained
892b6858-e52f-580c-92e1-540cfc26f5f8,2025-03-11 08:10:00+00:00,21.75826,72.61852,250.0,0.0,0,WorldPop R2024B 100m constrained
f09ef32b-693f-58f3-b280-60cad5db15e2,2025-03-11 08:10:00+00:00,22.0404,72.70824,250.0,0.0,0,WorldPop R2024B 100m constrained
834b6795-4ef6-5552-9bf5-e2eba1cc1bb9,2025-03-12 07:29:00+00:00,21.90692,72.75586,250.0,144.2545166015625,18,WorldPop R2024B 100m constrained
d6790000-a716-529a-93b4-178a28f87794,2025-03-12 20:20:00+00:00,21.39714,72.94673,250.0,601.4676513671875,22,WorldPop R2024B 100m constrained
679f385a-6969-54ce-a87a-75430cecc349,2025-03-13 07:33:00+00:00,21.40549,72.82018,250.0,0.0,0,WorldPop R2024B 100m constrained
963a5d5c-026f-528e-b175-a9ffecdadf11,2025-03-13 08:50:00+00:00,21.35128,72.94411,250.0,14.76884937286377,5,WorldPop R2024B 100m constrained
c1d52a8a-d7c5-59bc-b2b8-69a9f6934203,2025-03-13 08:50:00+00:00,21.5163,72.81141,250.0,9.308795928955078,4,WorldPop R2024B 100m constrained
f8e14d13-7e45-51a2-9d1a-5b451d95fbcc,2025-03-13 08:50:00+00:00,21.7947183333333,72.6472166666667,250.0,300.97393798828125,17,WorldPop R2024B 100m constrained
3ec67e5b-1cb7-582f-bc26-3a7763eee2b4,2025-03-13 20:01:00+00:00,21.64003,72.871735,250.0,34.072509765625,14,WorldPop R2024B 100m constrained
acccb17c-2a48-5792-96c7-2e3f27e2c4d5,2025-03-13 20:02:00+00:00,21.43679,72.97474,250.0,64.14250946044922,8,WorldPop R2024B 100m constrained
af392c90-fbc4-5683-b364-5fe10490e4d3,2025-03-13 21:19:00+00:00,21.9931133333333,72.6920066666667,250.0,0.0,0,WorldPop R2024B 100m constrained
8d11960d-e593-5c62-906e-6c4e60a14c9f,2025-03-14 08:31:00+00:00,21.7392366666667,72.6011716666667,250.0,0.0,0,WorldPop R2024B 100m constrained
b17654f0-9c6e-597b-9ea4-fa760998ddd5,2025-03-14 08:31:00+00:00,21.923365,72.56079,250.0,0.0,0,WorldPop R2024B 100m constrained
17bf6a16-235b-5b25-9abe-8c5e032b48b8,2025-03-15 08:12:00+00:00,21.37684,72.67046,250.0,0.0,0,WorldPop R2024B 100m constrained
acf6ef91-3345-5af0-83b7-99f2254cf3da,2025-03-15 08:13:00+00:00,21.73968,72.69394,250.0,15.64614486694336,3,WorldPop R2024B 100m constrained
fb19eb3d-b51a-56f3-b30f-bcdf8668c16e,2025-03-15 08:13:00+00:00,21.82371,72.70623,250.0,3.0523500442504883,1,WorldPop R2024B 100m constrained
9d7b7344-7c77-5c2c-ba59-4463a516808a,2025-03-15 20:41:00+00:00,21.79349,72.64739,250.0,202.29159545898438,19,WorldPop R2024B 100m constrained
f385a0f3-e850-5467-bc43-7da99b9d23ba,2025-03-15 21:04:00+00:00,21.55208,72.83335,250.0,0.0,0,WorldPop R2024B 100m constrained
6784826d-22f4-534c-b0c5-7991d8952be3,2025-03-16 07:54:00+00:00,21.84879,72.66135,250.0,163.07415771484375,16,WorldPop R2024B 100m constrained
f71c2e3e-f4d0-52e3-90e4-ae13ede5fdd8,2025-03-16 07:54:00+00:00,21.35468,72.91778,250.0,3.5941569805145264,1,WorldPop R2024B 100m constrained
2632fbb5-1222-591f-9a19-4167ada8f47d,2025-03-16 20:23:00+00:00,21.374755,72.93844,250.0,0.0,0,WorldPop R2024B 100m constrained
69b2ac8f-edb6-55ef-a715-9dcb250e3298,2025-03-16 20:45:00+00:00,21.43384,72.97626,250.0,32.552738189697266,4,WorldPop R2024B 100m constrained
cade6ebd-f0ba-5804-8f94-6615be01b50e,2025-03-16 20:45:00+00:00,21.35699,72.90247,250.0,0.0,0,WorldPop R2024B 100m constrained
cdb2ca37-2b40-5425-acbc-0ab72b8866e5,2025-03-16 20:45:00+00:00,21.410155,72.987085,250.0,54.54755401611328,15,WorldPop R2024B 100m constrained
1b101772-9d52-5301-a07f-c10f2600702f,2025-03-18 07:39:00+00:00,21.866385,72.68162,250.0,16.576614379882812,2,WorldPop R2024B 100m constrained
e7dfd564-1aa9-5e1a-b858-4807e10df2d3,2025-03-18 08:56:00+00:00,21.427675,72.97675,250.0,41.98472213745117,6,WorldPop R2024B 100m constrained
cceca48d-d0bb-54fc-b459-65bafc425c9f,2025-03-18 08:57:00+00:00,21.74733,72.78162,250.0,0.0,0,WorldPop R2024B 100m constrained
d587d0f6-cabe-5606-b611-155905d5352c,2025-03-19 07:20:00+00:00,21.78018,72.97084,250.0,21.483186721801758,7,WorldPop R2024B 100m constrained
2aaba67b-59bf-5798-889e-a15525de86dc,2025-03-19 08:38:00+00:00,21.7079375,72.68225,250.0,0.0,0,WorldPop R2024B 100m constrained
8742071e-07b4-5cd4-a160-35fed8be665a,2025-03-19 09:00:00+00:00,21.52056,72.818615,250.0,242.33163452148438,18,WorldPop R2024B 100m constrained
45a71da8-2fd4-504b-a406-fcfc0f508341,2025-03-19 21:06:00+00:00,21.79411,72.65013,250.0,148.01654052734375,13,WorldPop R2024B 100m constrained
37079564-be51-5b2d-8ad3-7a4f8a782c87,2025-03-19 21:29:00+00:00,21.39776,72.9527,250.0,132.55677795410156,13,WorldPop R2024B 100m constrained
3a8840fe-a7b1-592c-adee-13916e0d8e21,2025-03-20 08:19:00+00:00,22.0725,72.5669383333333,250.0,0.0,0,WorldPop R2024B 100m constrained
14852869-676f-539c-a216-bcb2373d26ef,2025-03-20 08:42:00+00:00,21.73243,72.74256,250.0,0.0,0,WorldPop R2024B 100m constrained
fc8bc8cc-1f11-5cf2-bd25-05a0e743a331,2025-03-20 08:42:00+00:00,21.56327,72.8052,250.0,0.0,0,WorldPop R2024B 100m constrained
be2213d9-7c8a-524d-bde1-0703c702169c,2025-03-20 20:48:00+00:00,21.40964,72.98861,250.0,58.62598419189453,16,WorldPop R2024B 100m constrained
d4e9d1ba-d51a-5846-ad0e-d2d5035dca95,2025-03-20 20:48:00+00:00,21.4335233333333,72.9763666666667,250.0,23.34984588623047,3,WorldPop R2024B 100m constrained
4bfe6b0a-2c02-5f20-9a4d-01538ebc5fe6,2025-03-21 08:00:00+00:00,21.50061,72.73338,250.0,0.0,0,WorldPop R2024B 100m constrained
5f99c4ed-8530-5a28-9609-0611858563b1,2025-03-21 08:00:00+00:00,21.4373,72.70993,250.0,1.627951979637146,1,WorldPop R2024B 100m constrained
07257975-7c26-514d-9c0a-811e044bb12d,2025-03-21 20:29:00+00:00,21.7943157142857,72.6473742857143,250.0,303.73291015625,21,WorldPop R2024B 100m constrained
d33b403b-c937-5b94-ad8c-b986661a4fdf,2025-03-22 08:04:00+00:00,21.47086,72.81644,250.0,0.0,0,WorldPop R2024B 100m constrained
289cb9b0-52d7-5925-b02b-c9e49468d900,2025-03-22 20:33:00+00:00,21.40973,72.98811,250.0,63.61679458618164,18,WorldPop R2024B 100m constrained
7576afc0-048b-5af3-947b-a4487b2414d0,2025-03-22 20:33:00+00:00,21.4068333333333,72.9709366666667,250.0,196.89828491210938,23,WorldPop R2024B 100m constrained
02b8e950-9d0a-57b2-960e-429c10476f39,2025-03-23 09:03:00+00:00,21.51637,72.70262,250.0,0.0,0,WorldPop R2024B 100m constrained
1f200628-038d-5899-86a8-a9468ed2bd4e,2025-03-23 09:03:00+00:00,22.04693,72.68076,250.0,4.029655933380127,3,WorldPop R2024B 100m constrained
230654d7-2103-5cbd-b46a-ed568d095482,2025-03-23 21:31:00+00:00,22.04473,72.748942,250.0,0.0,0,WorldPop R2024B 100m constrained
3cec2ffd-26ea-5c84-8791-9b43865d7e52,2025-03-24 08:44:00+00:00,21.43422,72.70355,250.0,28.14569664001465,14,WorldPop R2024B 100m constrained
cccf7dcb-8578-508a-ad2e-9efd2e72d5bd,2025-03-24 08:44:00+00:00,21.42455,72.98972,250.0,95.81988525390625,13,WorldPop R2024B 100m constrained
e95f247d-4c1e-52e1-be44-8d6d3c7827bb,2025-03-24 08:44:00+00:00,21.50178,72.73581,250.0,0.0,0,WorldPop R2024B 100m constrained
4b8b262d-8601-56ad-b7bb-33d19dcb9093,2025-03-24 09:07:00+00:00,21.54768,72.81869,250.0,205.56178283691406,23,WorldPop R2024B 100m constrained
ad190d42-caa3-5988-9879-5987b73d64c3,2025-03-24 19:55:00+00:00,21.4352,72.97295,250.0,77.76236724853516,11,WorldPop R2024B 100m constrained
d54c8743-aa7a-5383-abda-f6731a49f0b3,2025-03-25 08:25:00+00:00,22.01269,72.72238,250.0,0.0,0,WorldPop R2024B 100m constrained
e6659285-2749-5403-a592-245f503d4340,2025-03-25 08:25:00+00:00,22.03427,72.80092,250.0,0.0,0,WorldPop R2024B 100m constrained
5deb1c69-0f1e-5e1a-ae8c-ce66e27a6578,2025-03-25 20:54:00+00:00,21.794266,72.64885,250.0,290.6602478027344,20,WorldPop R2024B 100m constrained
d476b6bc-7a23-563b-8576-311d76887a54,2025-03-25 20:54:00+00:00,21.41111,72.98866,250.0,46.85276794433594,12,WorldPop R2024B 100m constrained
f56e5663-9474-5d0c-a3d2-67e3fb0168fc,2025-03-25 20:54:00+00:00,21.74397,72.94653,250.0,38.82265853881836,9,WorldPop R2024B 100m constrained
8e14d430-21c7-5ab5-80a1-14b1b526099b,2025-03-25 21:17:00+00:00,21.39534,72.78698,250.0,0.0,0,WorldPop R2024B 100m constrained
06bb3ae7-00f0-5f11-8fb7-a45bda266ba8,2025-03-26 08:06:00+00:00,21.85849,72.66456,250.0,0.0,0,WorldPop R2024B 100m constrained
2bfdeb38-25bc-5780-a5f9-f907c494e988,2025-03-26 08:29:00+00:00,21.40186,72.94166,250.0,460.5505676269531,25,WorldPop R2024B 100m constrained
4dd6fb21-538b-5e83-8544-1915c56523d0,2025-03-26 08:29:00+00:00,21.95601,72.61205,250.0,0.0,0,WorldPop R2024B 100m constrained
b382d625-feed-5c7e-bced-e34da24c7860,2025-03-26 08:29:00+00:00,21.59539,72.82694,250.0,0.0,0,WorldPop R2024B 100m constrained
b12215bc-3ea6-5a83-9fa7-5bf5e9da9242,2025-03-27 07:47:00+00:00,21.43205,72.89535,250.0,115.92487335205078,17,WorldPop R2024B 100m constrained
3752a242-fe86-5ab4-8421-496ad48c9053,2025-03-27 08:10:00+00:00,22.048095,72.672565,250.0,0.0,0,WorldPop R2024B 100m constrained
c4c39d36-7927-588b-9c2a-a46e0c536543,2025-03-27 08:10:00+00:00,21.71181,72.93681,250.0,18.340478897094727,4,WorldPop R2024B 100m constrained
d16f7a90-2ac7-51b0-9a8d-8de82ab8e5ec,2025-03-27 08:10:00+00:00,21.59661,72.87789,250.0,0.0,0,WorldPop R2024B 100m constrained
188c738f-3185-5b82-9c31-a4867fdc34b8,2025-03-28 07:51:00+00:00,21.75349,72.614635,250.0,3.268721103668213,1,WorldPop R2024B 100m constrained
f399cc2d-21f9-5968-9c35-2a46efbf183d,2025-03-28 07:51:00+00:00,21.4537,72.85766,250.0,3.0905721187591553,1,WorldPop R2024B 100m constrained
34e2268f-2d27-5816-a8f7-d0c51e6c03ec,2025-03-28 09:09:00+00:00,21.83523,72.67057,250.0,16.566795349121094,5,WorldPop R2024B 100m constrained
cb80e4d9-213e-58d7-bda9-6614b4a580fd,2025-03-28 09:09:00+00:00,21.7467566666667,72.60223,250.0,0.0,0,WorldPop R2024B 100m constrained
5372a25c-0490-5180-aa62-4c4295f07b12,2025-03-28 20:20:00+00:00,21.3982,72.89376,250.0,46.18354415893555,7,WorldPop R2024B 100m constrained
56b1eae7-11fd-553e-8f86-16fc8fb59f26,2025-03-29 07:32:00+00:00,21.42081,72.70478,250.0,0.0,0,WorldPop R2024B 100m constrained
c2afaa63-a311-5f57-a54c-c964c063ff60,2025-03-29 07:32:00+00:00,21.97996,72.5507025,250.0,0.0,0,WorldPop R2024B 100m constrained
20c77d77-6c23-53e2-9697-b9a8d72fc54a,2025-03-29 08:50:00+00:00,21.5121,72.80905,250.0,2.480480909347534,1,WorldPop R2024B 100m constrained
b6311a57-bd0b-5f72-8a00-eca8a5f03bdd,2025-03-29 08:50:00+00:00,21.43138,72.91645,250.0,46.25764083862305,12,WorldPop R2024B 100m constrained
c425074b-f5bb-56f9-9970-a66a2b6ff438,2025-03-29 08:50:00+00:00,21.64025,72.92324,250.0,0.0,0,WorldPop R2024B 100m constrained
b5a93577-9853-557a-b618-ebaa5f04b790,2025-03-29 20:01:00+00:00,21.9711325,72.5706325,250.0,0.0,0,WorldPop R2024B 100m constrained
1196afb5-e6ab-5573-a4f5-43d76c992e61,2025-03-30 08:31:00+00:00,21.49249,72.734265,250.0,0.0,0,WorldPop R2024B 100m constrained
53b89284-c12b-5cc7-931a-c9600d0ea361,2025-03-30 08:31:00+00:00,21.63516,72.85954,250.0,0.0,0,WorldPop R2024B 100m constrained
6861c987-461c-5d7a-bbc1-a406f33f6d49,2025-03-30 08:31:00+00:00,21.38595,72.79726,250.0,97.81983947753906,12,WorldPop R2024B 100m constrained
8d2e3deb-a6be-56cc-a57c-35cbf485ff6a,2025-03-30 08:31:00+00:00,21.91578,72.54782,250.0,92.63558959960938,16,WorldPop R2024B 100m constrained
bacc9230-e5b0-514e-8511-dd25f06a2f2d,2025-03-30 08:31:00+00:00,21.4287733333333,72.70545,250.0,0.0,0,WorldPop R2024B 100m constrained
c1062790-6277-59ad-861d-3e4dc545abf7,2025-03-30 08:31:00+00:00,21.68946,72.89129,250.0,2.672437906265259,1,WorldPop R2024B 100m constrained
cf0f99ac-e32c-5b00-9781-832a8ca1b4d9,2025-03-30 08:31:00+00:00,21.41606,72.67373,250.0,34.38200759887695,10,WorldPop R2024B 100m constrained
40d112bc-c994-5b70-8099-00aadec8f743,2025-03-30 08:54:00+00:00,22.02079,72.71599,250.0,3.400010108947754,1,WorldPop R2024B 100m constrained
9ffecb8c-835e-57ec-904e-f84b67a0d2ae,2025-03-30 08:54:00+00:00,21.71288,72.67183,250.0,80.90850067138672,7,WorldPop R2024B 100m constrained
feaf98e8-fa5b-5965-b57f-f76382607d63,2025-03-30 21:00:00+00:00,21.82458,72.9826,250.0,46.34809875488281,7,WorldPop R2024B 100m constrained
546512c0-b7d3-52d9-b9fe-38cf2a612ca6,2025-03-30 21:23:00+00:00,21.45933,72.941,250.0,575.27392578125,24,WorldPop R2024B 100m constrained
ef08275e-0ef2-5fa8-8782-6e9184b360f2,2025-03-31 08:12:00+00:00,21.75452,72.61244,250.0,82.90800476074219,12,WorldPop R2024B 100m constrained
5113f9e1-7a9b-5c14-af40-9ac11af93f07,2025-04-01 08:16:00+00:00,21.80087,72.81139,250.0,27.389989852905273,4,WorldPop R2024B 100m constrained
d02db2b5-afb0-54fb-8110-1e35898e2af9,2025-04-01 08:16:00+00:00,21.727,72.75287,250.0,553.5120239257812,21,WorldPop R2024B 100m constrained
8bd9658a-c516-5eb5-9d90-c193cae6327e,2025-04-01 20:22:00+00:00,21.41228,72.79766,250.0,36.034114837646484,6,WorldPop R2024B 100m constrained
d8f97748-8152-563e-a5e8-26c8f197880d,2025-04-01 20:22:00+00:00,22.01951,72.7504966666667,250.0,167.470458984375,18,WorldPop R2024B 100m constrained
dec8323b-1778-5e64-888f-247217f81f4e,2025-04-01 20:22:00+00:00,21.794,72.64841,250.0,204.5460205078125,17,WorldPop R2024B 100m constrained
5b9fd800-ed43-55ed-9cc9-1b103c6ac6e9,2025-04-02 07:35:00+00:00,22.0925,72.71157,250.0,0.0,0,WorldPop R2024B 100m constrained
7211709a-ce37-5229-bfc5-6fadd4e5b8ad,2025-04-02 07:57:00+00:00,22.00326,72.553952,250.0,0.0,0,WorldPop R2024B 100m constrained
7c267d70-a3bc-5f36-bb68-3e48ee28604a,2025-04-02 07:57:00+00:00,21.43139,72.71915,250.0,0.0,0,WorldPop R2024B 100m constrained
031cbe57-1e3e-53c5-ab9c-ad358f940385,2025-04-02 09:15:00+00:00,21.95593,72.58136,250.0,0.0,0,WorldPop R2024B 100m constrained
4a452d39-ec9a-5a30-a60d-aa559f4e9b67,2025-04-02 21:44:00+00:00,21.4152,72.95425,250.0,0.0,0,WorldPop R2024B 100m constrained
29526859-27a4-5d04-98ec-7cdfc0c3da69,2025-04-03 07:39:00+00:00,21.80528,72.7089,250.0,0.0,0,WorldPop R2024B 100m constrained
38327fbc-48c5-5b2c-8768-ca10ac869dbe,2025-04-03 07:39:00+00:00,22.01186,72.63591,250.0,0.5905900001525879,1,WorldPop R2024B 100m constrained
f0686ef4-338e-5339-b467-08f1a9d95ae7,2025-04-03 07:39:00+00:00,21.78947,72.61864,250.0,6.988162040710449,2,WorldPop R2024B 100m constrained
15dc61fd-c3dc-53e2-b6c7-f606327006be,2025-04-03 08:57:00+00:00,21.90675,72.75769,250.0,253.11485290527344,25,WorldPop R2024B 100m constrained
d03f875a-886b-5f0c-bb27-7a3d6166be8b,2025-04-03 08:57:00+00:00,21.67093,72.88826,250.0,0.0,0,WorldPop R2024B 100m constrained
b68652e7-b50e-5519-a810-883d9ac6a7ce,2025-04-03 20:07:00+00:00,21.4415,72.98978,250.0,4.185122013092041,1,WorldPop R2024B 100m constrained
4db74c10-b188-5e27-82fb-b2658414dae4,2025-04-04 07:20:00+00:00,21.529025,72.80384,250.0,0.0,0,WorldPop R2024B 100m constrained
17ea4f98-c5bf-5adf-a00e-51f9e70baa8e,2025-04-04 08:38:00+00:00,21.92399,72.74643,250.0,6.582441329956055,2,WorldPop R2024B 100m constrained
748c5f48-1caa-5beb-aac5-e95b9ccdb2f8,2025-04-04 08:38:00+00:00,21.55469,72.91288,250.0,11.800777435302734,3,WorldPop R2024B 100m constrained
ac0943f9-cb12-5609-a7c5-eae83782bbbe,2025-04-04 08:38:00+00:00,21.81278,72.71407,250.0,18.67304039001465,7,WorldPop R2024B 100m constrained
e21f7a57-4859-5188-b8f4-718bb7ea09b6,2025-04-04 09:00:00+00:00,22.0759675,72.7102175,250.0,0.0,0,WorldPop R2024B 100m constrained
e3aa7757-643e-57a6-876f-33d2647f42e1,2025-04-04 09:00:00+00:00,21.5083,72.92968,250.0,0.0,0,WorldPop R2024B 100m constrained
b2a425c3-83d1-53f8-a39f-d0b2cea9c664,2025-04-04 19:48:00+00:00,21.59305,72.9992,250.0,474.639404296875,13,WorldPop R2024B 100m constrained
f0d2fbdc-3220-5b7d-b6fb-9b3040ff1430,2025-04-04 21:07:00+00:00,21.433085,72.97785,250.0,65.80123138427734,9,WorldPop R2024B 100m constrained
b54e9987-5239-55f9-a653-6881531e7738,2025-04-05 08:19:00+00:00,21.628075,72.809195,250.0,0.0,0,WorldPop R2024B 100m constrained
29b5c35c-7b31-5586-879d-84e98ce55f5d,2025-04-05 08:41:00+00:00,22.074885,72.642675,250.0,0.0,0,WorldPop R2024B 100m constrained
6b75a2b5-f3f1-51ce-bb10-1444c24eb490,2025-04-05 20:48:00+00:00,21.40435,72.96975,250.0,236.55661010742188,23,WorldPop R2024B 100m constrained
774aa9a9-e9fe-535c-a4a0-7ae78967661c,2025-04-06 20:29:00+00:00,21.79615,72.64663,250.0,492.1260986328125,22,WorldPop R2024B 100m constrained
a0401e00-0a42-558c-ad81-7111627f7b95,2025-04-06 20:51:00+00:00,21.4337,72.97716,250.0,58.01673126220703,7,WorldPop R2024B 100m constrained
77dd5ec1-12da-504c-9f74-26f5d17c9828,2025-04-07 07:41:00+00:00,21.40936,72.83744,250.0,0.0,0,WorldPop R2024B 100m constrained
cd912818-7fb1-542c-93e3-e0d710042726,2025-04-07 07:41:00+00:00,22.005095,72.95393,250.0,40.80430603027344,12,WorldPop R2024B 100m constrained
d5731360-a27f-57d3-a251-1dc5e711cdc5,2025-04-07 07:41:00+00:00,21.6286575,72.80666375,250.0,0.0,0,WorldPop R2024B 100m constrained
df814c32-9a3f-5a07-941e-b81602f64146,2025-04-07 07:41:00+00:00,22.060514,72.669866,250.0,0.0,0,WorldPop R2024B 100m constrained
e04787f4-6950-5dfa-9762-b04705861ed2,2025-04-07 07:41:00+00:00,21.35402,72.78733,250.0,38.54490280151367,8,WorldPop R2024B 100m constrained
eb14e016-b8f2-5377-8f0e-54805c6dc8a9,2025-04-07 07:41:00+00:00,21.43174,72.99384,250.0,29.387290954589844,7,WorldPop R2024B 100m constrained
5fb0ccac-19ff-5dcc-ae32-c5543794ef16,2025-04-08 07:23:00+00:00,21.810365,72.78434,250.0,100.94332122802734,14,WorldPop R2024B 100m constrained
12c29d37-e63b-53ed-b8b3-92401888a7a1,2025-04-08 07:45:00+00:00,21.78247,72.6442733333333,250.0,30.027942657470703,3,WorldPop R2024B 100m constrained
b455a496-b69e-5f88-8e8c-c7d8e0d0d57c,2025-04-08 20:14:00+00:00,21.396105,72.952405,250.0,133.1228790283203,11,WorldPop R2024B 100m constrained
01332fb2-9a6e-569f-a3f2-b4d79b3ec291,2025-04-09 07:26:00+00:00,21.520535,72.83869,250.0,0.0,0,WorldPop R2024B 100m constrained
152631ff-f8ee-5c5c-9093-53d4980fda33,2025-04-09 08:44:00+00:00,21.42753,72.78655,250.0,26.832134246826172,9,WorldPop R2024B 100m constrained
572c8f98-2c00-5ba4-b032-22cd77488089,2025-04-09 08:44:00+00:00,21.71683,72.66642,250.0,414.7488708496094,23,WorldPop R2024B 100m constrained
993bd4e2-a08b-522b-9cb4-a1fc6b041a27,2025-04-09 08:44:00+00:00,21.44864,72.962,250.0,0.0,0,WorldPop R2024B 100m constrained
d33ee032-d4c2-599e-b3e1-bcb38e49c899,2025-04-09 08:44:00+00:00,21.60879,72.83623,250.0,0.0,0,WorldPop R2024B 100m constrained
e5461349-33d5-54d0-877d-2d3815a6dae1,2025-04-09 08:44:00+00:00,21.99673,72.60609,250.0,0.0,0,WorldPop R2024B 100m constrained
19133556-dc5c-5e6c-af12-77b1279506bc,2025-04-09 09:07:00+00:00,21.77006,72.64773,250.0,0.0,0,WorldPop R2024B 100m constrained
d470f1c5-d576-59b9-a184-5bc4c7c928ec,2025-04-09 09:07:00+00:00,21.55201,72.78464,250.0,0.0,0,WorldPop R2024B 100m constrained
14c00951-5dc0-56f3-b48e-a45563d8ef00,2025-04-09 19:55:00+00:00,21.98263,72.69292,250.0,0.0,0,WorldPop R2024B 100m constrained
48c22d0c-373a-5ebd-bb27-7cb83277b497,2025-04-10 08:25:00+00:00,22.0790666666667,72.54572,250.0,0.0,0,WorldPop R2024B 100m constrained
9feb2d0b-4176-5077-84fa-335fab623e1e,2025-04-10 08:25:00+00:00,21.52108,72.7075,250.0,0.0,0,WorldPop R2024B 100m constrained
b5ca23cf-b410-51f9-aee7-7cd8198bf85c,2025-04-10 08:25:00+00:00,21.42967,72.99187,250.0,44.40986251831055,7,WorldPop R2024B 100m constrained
8d289f10-3d0d-5bf1-9d5c-76da79d7badb,2025-04-10 20:54:00+00:00,22.079555,72.5616225,250.0,0.0,0,WorldPop R2024B 100m constrained
c45655b5-a89c-50c5-8bae-8a0c9e7c84f3,2025-04-10 20:54:00+00:00,22.0769333333333,72.5542633333333,250.0,0.0,0,WorldPop R2024B 100m constrained
2bbe8dd6-4e1b-500b-a3f2-8a5cfebeef19,2025-04-11 08:29:00+00:00,21.76444,72.842545,250.0,0.0,0,WorldPop R2024B 100m constrained
56171720-59e1-50c9-92ed-d8dfe9abe48f,2025-04-11 08:29:00+00:00,21.62886,72.80687,250.0,0.0,0,WorldPop R2024B 100m constrained
6e3ee6ef-b9e4-5d90-8707-a094da193d47,2025-04-11 08:29:00+00:00,21.79221,72.64809,250.0,72.47567749023438,10,WorldPop R2024B 100m constrained
2be69995-ebf1-5884-9bfd-cb2794f54f1e,2025-04-12 08:10:00+00:00,22.02493,72.54798,250.0,0.0,0,WorldPop R2024B 100m constrained
3c3e2e6c-670c-5391-a196-111be1cb602d,2025-04-12 08:10:00+00:00,21.92568,72.93181,250.0,9.388714790344238,3,WorldPop R2024B 100m constrained
ac745ece-c5b2-518d-b3c9-0d59bbf0408b,2025-04-12 08:10:00+00:00,21.70387,72.58351,250.0,575.9414672851562,21,WorldPop R2024B 100m constrained
97d62893-a929-5f84-ad6b-2fec66e4b3c8,2025-04-12 20:17:00+00:00,21.39527625,72.9535525,250.0,164.07766723632812,13,WorldPop R2024B 100m constrained
ec06e9c3-58ba-5152-9abd-8d5e697987ae,2025-04-13 07:51:00+00:00,21.95552,72.5938066666667,250.0,0.0,0,WorldPop R2024B 100m constrained
6fe9dc68-c69d-5077-9c6f-3a6435a34d27,2025-04-13 09:09:00+00:00,21.68538,72.91689,250.0,4.280685901641846,1,WorldPop R2024B 100m constrained
b804500b-2372-57b7-9509-9a30d650008d,2025-04-13 09:09:00+00:00,21.719335,72.728565,250.0,60.32421112060547,7,WorldPop R2024B 100m constrained
35033cb3-04ce-5efb-b7e0-23367ad446b9,2025-04-13 19:58:00+00:00,21.432675,72.97518,250.0,4.608419895172119,1,WorldPop R2024B 100m constrained
c17ebb48-40f1-5ef6-b8ab-d2065af8a19a,2025-04-14 07:32:00+00:00,21.38888,72.67017,250.0,41.01000213623047,12,WorldPop R2024B 100m constrained
ca17cfd4-148f-590d-b8b2-32d74760a661,2025-04-14 07:33:00+00:00,21.95984,72.86039,250.0,0.0,0,WorldPop R2024B 100m constrained
db75e77c-114b-57ef-88d6-396f0badc69a,2025-04-14 08:51:00+00:00,21.74686,72.57544,250.0,0.0,0,WorldPop R2024B 100m constrained
12b177ab-55f0-517a-b19a-3aec343eb53c,2025-04-14 09:13:00+00:00,21.84934,72.68255,250.0,4.549105644226074,2,WorldPop R2024B 100m constrained
5dff518e-0328-5491-a38d-ea73d54e73f8,2025-04-15 08:32:00+00:00,22.018075,72.739615,250.0,0.0,0,WorldPop R2024B 100m constrained
2f3711dc-8362-5bc0-872f-f19471d2c2c8,2025-04-15 08:54:00+00:00,21.96091,72.91409,250.0,0.0,0,WorldPop R2024B 100m constrained
f5949387-0b7d-5bd7-9998-03f354666fbd,2025-04-15 08:54:00+00:00,22.08846,72.79504,250.0,144.341064453125,19,WorldPop R2024B 100m constrained
ee71a0e6-3544-59dc-8dd7-5c55baea7302,2025-04-16 08:13:00+00:00,22.01472,72.64346,250.0,0.0,0,WorldPop R2024B 100m constrained
2d80b4be-78c8-5202-a32c-8df83263f587,2025-04-16 08:35:00+00:00,21.77409,72.75176,250.0,0.0,0,WorldPop R2024B 100m constrained
69551e1f-3264-5b59-ad61-5fadff81d5c6,2025-04-16 08:35:00+00:00,21.82535,72.66859,250.0,0.0,0,WorldPop R2024B 100m constrained
e95bf374-a6d9-542a-b1a5-380a956f62e6,2025-04-16 08:35:00+00:00,21.43358,72.88799,250.0,0.0,0,WorldPop R2024B 100m constrained
1e0a08c1-1957-5cb1-bc60-86faf17d7156,2025-04-16 20:42:00+00:00,21.41117,72.98849,250.0,55.49610900878906,14,WorldPop R2024B 100m constrained
df66eb86-a4c0-5b2f-8327-f32da314dd22,2025-04-16 20:42:00+00:00,21.395358,72.953946,250.0,78.16020202636719,8,WorldPop R2024B 100m constrained
20e5809d-1c7a-547f-b324-83808be547df,2025-04-17 07:54:00+00:00,21.6180733333333,72.8329666666667,250.0,0.0,0,WorldPop R2024B 100m constrained
31073fa9-8ba7-5f3e-85b9-224f69757136,2025-04-17 07:54:00+00:00,21.82731,72.6526125,250.0,64.46592712402344,6,WorldPop R2024B 100m constrained
48816931-41f6-5769-bdc2-297a97d43b89,2025-04-17 07:54:00+00:00,21.8299225,72.64091,250.0,0.0,0,WorldPop R2024B 100m constrained
a3dcbcd4-f710-58fa-ab41-4738fb8e2348,2025-04-17 07:54:00+00:00,22.03827,72.85023,250.0,3.0869579315185547,1,WorldPop R2024B 100m constrained
88b73801-df30-5497-80a3-f979cc7626c7,2025-04-17 08:16:00+00:00,21.4154,72.67229,250.0,22.276905059814453,8,WorldPop R2024B 100m constrained
6360f776-447e-5500-84b3-24ddd9e84f29,2025-04-18 07:35:00+00:00,21.74248,72.84526,250.0,0.0,0,WorldPop R2024B 100m constrained
ec7c6ff5-f626-5f2c-a30c-65f04a5c9438,2025-04-18 07:36:00+00:00,21.86114,72.81048,250.0,15.256620407104492,3,WorldPop R2024B 100m constrained
44b37d46-c8bf-51d1-8e2c-a0dc4df98b19,2025-04-18 07:58:00+00:00,21.42276,72.7905933333333,250.0,20.027027130126953,6,WorldPop R2024B 100m constrained
46dbf138-f892-59c5-bc5f-c9e2f5d4f0e9,2025-04-18 20:27:00+00:00,21.43411,72.97685,250.0,58.01673126220703,7,WorldPop R2024B 100m constrained
4f7757d7-3321-5b64-b33e-a7471eaa44e7,2025-04-18 21:44:00+00:00,21.90532,72.75814,250.0,182.28831481933594,19,WorldPop R2024B 100m constrained
50788ead-d4bc-5d5e-ad55-f1cdfc987920,2025-04-19 07:39:00+00:00,21.8209366666667,72.63071,250.0,0.0,0,WorldPop R2024B 100m constrained
56a9a97e-5ed2-5d63-a9eb-9113da8dbeb1,2025-04-20 08:38:00+00:00,21.924835,72.543105,250.0,0.0,0,WorldPop R2024B 100m constrained
468eae4b-6493-5dc0-aa27-b203db7242fd,2025-04-21 08:19:00+00:00,22.03603,72.592815,250.0,0.0,0,WorldPop R2024B 100m constrained
7c4daf72-c319-5ecd-81dd-9bd55ce2eaca,2025-04-21 08:19:00+00:00,22.064385,72.60827,250.0,0.0,0,WorldPop R2024B 100m constrained
3bf79ce0-9861-565a-9ccc-67b6cbf7005f,2025-04-21 20:48:00+00:00,21.7033785714286,72.5335078571429,250.0,243.92605590820312,15,WorldPop R2024B 100m constrained
93944394-3da9-5c86-b626-2148ef92441d,2025-04-21 20:48:00+00:00,21.8365266666667,72.7000266666667,250.0,2.337502956390381,1,WorldPop R2024B 100m constrained
a2d8695b-2c90-56a4-aa32-2e8849377367,2025-04-21 20:48:00+00:00,21.90689,72.75566,250.0,109.82815551757812,14,WorldPop R2024B 100m constrained
e8533d11-aba5-5102-8036-afbe496ce3fd,2025-04-21 20:48:00+00:00,21.79498,72.64668,250.0,330.2674255371094,19,WorldPop R2024B 100m constrained
ed6e8385-245c-5a3d-aaa1-2e9c7cd43533,2025-04-22 08:01:00+00:00,22.03233125,72.58402875,250.0,0.0,0,WorldPop R2024B 100m constrained
2a67c2e8-e819-5fba-b75f-ba0734e20694,2025-04-22 20:29:00+00:00,21.396205,72.95505,250.0,97.57565307617188,11,WorldPop R2024B 100m constrained
a0529389-1678-5a18-acf5-8d0ce8784bd9,2025-04-22 20:52:00+00:00,21.41125,72.98888,250.0,29.965221405029297,8,WorldPop R2024B 100m constrained
18cd95e5-54bc-596f-9205-011936e3151d,2025-04-23 07:42:00+00:00,21.71129,72.76124,250.0,0.0,0,WorldPop R2024B 100m constrained
36ae7323-5af4-5f58-b765-bc53d7e5d34f,2025-04-23 07:42:00+00:00,21.751335,72.892935,250.0,5.905028343200684,2,WorldPop R2024B 100m constrained
5be1df6b-12f2-56be-91c0-e5d6e741e398,2025-04-23 07:42:00+00:00,21.81268,72.62785,250.0,0.0,0,WorldPop R2024B 100m constrained
832829d9-b32f-5119-90b9-79576b58f73c,2025-04-23 07:42:00+00:00,21.42526,72.824725,250.0,71.86750793457031,9,WorldPop R2024B 100m constrained
87cc5cc5-ac9f-536c-ab7f-40dec5437c72,2025-04-23 07:42:00+00:00,22.038362,72.738938,250.0,0.0,0,WorldPop R2024B 100m constrained
8f78261b-3f18-548c-b535-614d23f3aeb0,2025-04-23 07:42:00+00:00,21.70543,72.67664,250.0,9.178780555725098,1,WorldPop R2024B 100m constrained
c42bd24e-0bc0-5da8-957b-5fc89091afb0,2025-04-23 07:42:00+00:00,21.7968166666667,72.6469766666667,250.0,526.3768310546875,22,WorldPop R2024B 100m constrained
c4e36024-9ea4-5dbd-a1e0-69083652ac1f,2025-04-23 07:42:00+00:00,21.9862,72.56547,250.0,0.0,0,WorldPop R2024B 100m constrained
ddc9a0e1-8488-5cb2-b0e0-c27f529a4969,2025-04-23 07:42:00+00:00,21.97411,72.56096,250.0,0.0,0,WorldPop R2024B 100m constrained
e2a6b152-fe27-5874-8c0a-e2e5e08c99b2,2025-04-23 07:42:00+00:00,21.96491,72.95047,250.0,17.63453483581543,6,WorldPop R2024B 100m constrained
b2ebc6a4-4e20-55e2-a051-0a0639f09141,2025-04-23 08:04:00+00:00,21.43231,72.78129,250.0,0.0,0,WorldPop R2024B 100m constrained
4ae15fbd-6102-575f-8404-9d7be971416f,2025-04-23 20:10:00+00:00,22.03938,72.68395,250.0,0.0,0,WorldPop R2024B 100m constrained
54e8a534-d9f7-5bb6-9217-00e50f4ad719,2025-04-23 20:10:00+00:00,22.0505728571429,72.7315828571429,250.0,0.0,0,WorldPop R2024B 100m constrained
60a0d53d-669a-50f5-8467-8e50f997cb02,2025-04-23 20:10:00+00:00,22.052345,72.71801,250.0,0.0,0,WorldPop R2024B 100m constrained
86b68fc0-345a-511a-af5e-f29d2c62d6e4,2025-04-23 20:33:00+00:00,21.905485,72.75566,250.0,134.18182373046875,18,WorldPop R2024B 100m constrained
3b031cb6-6227-597d-bf05-7fc27ed3a034,2025-04-24 07:23:00+00:00,21.79435,72.59711,250.0,23.62981605529785,10,WorldPop R2024B 100m constrained
ff9305ea-095d-5364-b323-f8459225ab4a,2025-04-24 07:23:00+00:00,21.650455,72.83182,250.0,5.839565277099609,2,WorldPop R2024B 100m constrained
a912bdc6-b28e-507c-b3ed-2d17978675a3,2025-04-24 09:03:00+00:00,21.78377,72.703435,250.0,10.780576705932617,2,WorldPop R2024B 100m constrained
c43f708b-9783-5ceb-84e2-68cc2b923926,2025-04-24 09:03:00+00:00,21.6291,72.80629,250.0,0.0,0,WorldPop R2024B 100m constrained
fbc106f8-db9f-5c96-bd2c-85ab0e3a671a,2025-04-24 09:03:00+00:00,21.66922,72.27242,250.0,6.171802997589111,2,WorldPop R2024B 100m constrained
d2be96b6-9997-5b36-8d2e-d64f6dd54339,2025-04-24 09:04:00+00:00,21.985055,72.796515,250.0,0.0,0,WorldPop R2024B 100m constrained
e857119e-2cc8-5668-ac13-80bd51f2bde5,2025-04-24 09:04:00+00:00,21.99628,72.791055,250.0,0.0,0,WorldPop R2024B 100m constrained
4f367d0d-9041-53ba-865f-a04e8e8d9589,2025-04-25 07:27:00+00:00,22.08062,72.61089,250.0,0.0,0,WorldPop R2024B 100m constrained
4fe85ccb-5493-588a-9442-86a514dd4ec5,2025-04-25 07:27:00+00:00,21.96372,72.797075,250.0,0.0,0,WorldPop R2024B 100m constrained
7fa4ab2f-7a29-533c-847f-a0a47c333fbd,2025-04-25 08:45:00+00:00,21.73323,72.71809,250.0,86.25079345703125,11,WorldPop R2024B 100m constrained
b2a87460-17cc-557b-976a-47cc683e5894,2025-04-25 08:45:00+00:00,21.42991,72.82914,250.0,257.03521728515625,22,WorldPop R2024B 100m constrained
ba5cdd03-bbca-5ea1-8002-f4316bcc031c,2025-04-25 08:45:00+00:00,22.02471,72.68637,250.0,0.0,0,WorldPop R2024B 100m constrained
30bdc165-b08e-59b8-9ceb-6b12a3db7156,2025-04-25 19:55:00+00:00,21.397755,72.953025,250.0,118.04376983642578,11,WorldPop R2024B 100m constrained
fb916f33-1ac2-56c5-9b29-d5b9888e4054,2025-04-25 19:55:00+00:00,22.05493,72.69163,250.0,19.59336280822754,4,WorldPop R2024B 100m constrained
3f5dc92c-6eb2-5e04-8ca2-705e0e0eb7cc,2025-04-25 21:13:00+00:00,21.794525,72.649255,250.0,274.15118408203125,17,WorldPop R2024B 100m constrained
21b4565f-652a-5395-ad81-49496cfb9c84,2025-04-26 08:26:00+00:00,21.41586,72.97776,250.0,170.54714965820312,20,WorldPop R2024B 100m constrained
8200c900-ca20-522b-b1e9-52cd2ec1f411,2025-04-26 08:26:00+00:00,22.07159,72.62298,250.0,43.1341438293457,5,WorldPop R2024B 100m constrained
bcb79781-6e92-5257-905b-76340a9f9d5d,2025-04-26 08:48:00+00:00,21.40375,72.66509,250.0,0.0,0,WorldPop R2024B 100m constrained
b0c68092-0147-5e28-a6b6-934dfba0e7e8,2025-04-26 20:55:00+00:00,21.68632,72.5619,250.0,707.7073974609375,20,WorldPop R2024B 100m constrained
0a09c81d-ef39-51ae-a0b9-70cfbb97f70b,2025-04-27 08:07:00+00:00,22.05801,72.61694,250.0,51.94648742675781,6,WorldPop R2024B 100m constrained
b46e44f6-4f1f-5877-a968-7f37297c9f6f,2025-04-27 08:07:00+00:00,21.916925,72.76298,250.0,58.32744216918945,7,WorldPop R2024B 100m constrained
c632469a-c943-52ef-85a2-3cf534c52ac7,2025-04-27 08:29:00+00:00,21.54337,72.94441,250.0,31.931564331054688,5,WorldPop R2024B 100m constrained
de69a437-3478-53fd-9b89-3042b23c8035,2025-04-27 08:29:00+00:00,21.9993,72.79566,250.0,0.0,0,WorldPop R2024B 100m constrained
cbd8b60b-0970-5aec-8bb1-24a2156ae58d,2025-04-27 20:58:00+00:00,21.41013,72.98872,250.0,54.68756866455078,15,WorldPop R2024B 100m constrained
4ce30bdd-a18d-58fb-a3b6-ebf9ed581053,2025-04-28 07:48:00+00:00,21.76246,72.76046,250.0,0.0,0,WorldPop R2024B 100m constrained
43e01a03-7da8-5a67-9a76-27361fb6243a,2025-04-28 08:10:00+00:00,21.4485,72.88776,250.0,0.0,0,WorldPop R2024B 100m constrained
e0f35e71-8104-5019-b7ad-4e48c0b56cbc,2025-04-28 08:10:00+00:00,21.460775,72.662805,250.0,0.0,0,WorldPop R2024B 100m constrained
c4fb9336-870a-558c-8d1b-5ca51dd57202,2025-04-28 20:17:00+00:00,21.7951,72.64728,250.0,402.7288513183594,21,WorldPop R2024B 100m constrained
787edee5-1fcc-5bf4-b302-4728bc989562,2025-04-29 07:30:00+00:00,22.09675,72.69459,250.0,1.900730013847351,1,WorldPop R2024B 100m constrained
a2ed530c-6cb3-5e87-96f8-58ccff15f93d,2025-04-29 07:30:00+00:00,21.82837,72.83555,250.0,0.0,0,WorldPop R2024B 100m constrained
b1274ff9-13cf-5744-8b64-4844347f3ba6,2025-04-29 07:30:00+00:00,21.8991866666667,72.6637833333333,250.0,15.65483570098877,6,WorldPop R2024B 100m constrained
d0a03665-5e79-5e50-9138-4b32d3af90c4,2025-04-29 09:10:00+00:00,22.087905,72.643665,250.0,0.0,0,WorldPop R2024B 100m constrained
436e1ddd-788b-53cb-8591-7c13ec8516ac,2025-04-29 19:58:00+00:00,21.75804,72.71617,250.0,0.0,0,WorldPop R2024B 100m constrained
a049a731-aa73-5dc8-b045-126f8ed64813,2025-04-29 19:58:00+00:00,21.3955133333333,72.9526666666667,250.0,136.9790802001953,11,WorldPop R2024B 100m constrained
59b83d8b-fd30-5920-a4af-81a2aa208da9,2025-04-30 07:33:00+00:00,22.04087,72.56033,250.0,123.8187026977539,14,WorldPop R2024B 100m constrained
7b3740a7-5f90-5ef9-ade5-80d00e2cb14c,2025-04-30 07:33:00+00:00,21.91645,72.89589,250.0,101.64651489257812,10,WorldPop R2024B 100m constrained
a67f9963-495e-5f90-951b-bce7509c704d,2025-04-30 07:33:00+00:00,21.93738,72.56364,250.0,2.980963945388794,1,WorldPop R2024B 100m constrained
48fb3849-b55e-58ed-b277-7144e357b05a,2025-04-30 08:51:00+00:00,21.78224,72.95911,250.0,17.965560913085938,5,WorldPop R2024B 100m constrained
6cbc4525-7324-5f28-a86d-8422de15e678,2025-04-30 08:51:00+00:00,22.0587,72.68967,250.0,0.0,0,WorldPop R2024B 100m constrained
594355e1-96ca-503e-9493-d31e6a8858fc,2025-04-30 20:02:00+00:00,21.69372,72.60179,250.0,418.549072265625,22,WorldPop R2024B 100m constrained
1e48ca21-08a7-5a38-a575-180cc6831e4b,2025-05-01 08:32:00+00:00,22.00867,72.74583,250.0,0.0,0,WorldPop R2024B 100m constrained
1f8aa9a9-80ea-58af-8568-5da455e983bc,2025-05-01 08:32:00+00:00,22.07555,72.57368,250.0,0.0,0,WorldPop R2024B 100m constrained
8620368f-8879-5868-9699-f1dc95d7fe76,2025-05-01 08:54:00+00:00,21.42738,72.79109,250.0,6.130365371704102,3,WorldPop R2024B 100m constrained
98e22870-2dbb-53d6-998f-1a2e3dd6a725,2025-05-01 08:54:00+00:00,21.63973,72.827095,250.0,0.0,0,WorldPop R2024B 100m constrained
1653b421-ec74-570c-b32b-d1d6a6b89fe8,2025-05-01 08:55:00+00:00,21.81788,72.67302,250.0,0.0,0,WorldPop R2024B 100m constrained
1f978976-b656-5b30-8cb5-323d083999af,2025-05-02 08:13:00+00:00,22.0633433333333,72.6513266666667,250.0,0.0,0,WorldPop R2024B 100m constrained
26559304-31c0-5b32-9181-a0e350b5ce65,2025-05-02 08:13:00+00:00,22.0733016666667,72.6481016666667,250.0,0.0,0,WorldPop R2024B 100m constrained
3b717651-8172-5fa3-a430-5bc34051160b,2025-05-02 08:13:00+00:00,22.012355,72.827825,250.0,1.902627944946289,1,WorldPop R2024B 100m constrained
66a1400f-7f4d-5018-b2ae-aa2194c62538,2025-05-02 08:13:00+00:00,22.01671,72.61964,250.0,0.0,0,WorldPop R2024B 100m constrained
7300f2bc-3cba-5187-ae95-f3c910f6cd80,2025-05-02 08:13:00+00:00,21.6762166666667,72.8849566666667,250.0,13.70475959777832,7,WorldPop R2024B 100m constrained
c7248e71-2c7b-55e4-a7a0-1925c2d80af1,2025-05-02 08:36:00+00:00,21.45903,72.65686,250.0,0.0,0,WorldPop R2024B 100m constrained
0e0ce6a1-6801-5dce-815b-72af96daf1fd,2025-05-02 20:42:00+00:00,21.39629,72.95565,250.0,86.76651000976562,10,WorldPop R2024B 100m constrained
3f339566-25ee-5241-8d05-a639daac2f3f,2025-05-04 07:36:00+00:00,22.06131,72.624675,250.0,102.42366027832031,13,WorldPop R2024B 100m constrained
305d5386-91c3-5e12-a278-e678a419a8f7,2025-05-04 07:58:00+00:00,21.43898,72.70757,250.0,1.627951979637146,1,WorldPop R2024B 100m constrained
6f611fc8-b05d-52bf-95d9-b7f52cba9791,2025-05-04 07:58:00+00:00,22.07613,72.56257,250.0,0.0,0,WorldPop R2024B 100m constrained
f59a6ec6-65ef-534a-87dc-ad695fe63b9b,2025-05-04 07:58:00+00:00,22.01516,72.55791,250.0,0.0,0,WorldPop R2024B 100m constrained
ed959c07-c61a-5fe8-a4ec-58d4a5038a65,2025-05-04 09:16:00+00:00,22.07805,72.63354,250.0,33.32844161987305,10,WorldPop R2024B 100m constrained
9b1109eb-453b-52a1-b5b1-ad5889a3fff8,2025-05-04 20:27:00+00:00,21.3964,72.95531,250.0,101.40089416503906,11,WorldPop R2024B 100m constrained
51104088-ad25-5956-9dd0-63ac9bd405a0,2025-05-05 07:39:00+00:00,22.08909,72.56459,250.0,0.0,0,WorldPop R2024B 100m constrained
91cd452f-aee1-564b-9227-9387bed16ade,2025-05-05 07:39:00+00:00,22.08851,72.71957,250.0,0.0,0,WorldPop R2024B 100m constrained
ac504f66-42d1-59cc-b071-c18c15c18eff,2025-05-05 07:39:00+00:00,21.95219,72.9493,250.0,45.26161575317383,15,WorldPop R2024B 100m constrained
5ba31e9e-b101-5eac-8be6-1f8ea1bf9a8f,2025-05-07 20:49:00+00:00,21.79485,72.6466433333333,250.0,303.1385498046875,19,WorldPop R2024B 100m constrained
b1cdb4d0-bcce-5cc4-9797-dcf2f66e6112,2025-05-09 07:42:00+00:00,21.715525,72.70019,250.0,0.0,0,WorldPop R2024B 100m constrained
f6094fcd-596c-577b-befa-f6abecdf460c,2025-05-09 08:04:00+00:00,21.76938,72.81872,250.0,108.3358154296875,14,WorldPop R2024B 100m constrained
8208fbad-625c-5e9d-b335-0e55f3b3f8f8,2025-05-10 07:46:00+00:00,21.79182,72.64786,250.0,68.31059265136719,9,WorldPop R2024B 100m constrained
a3d85e18-6406-5b23-a4ac-3a1f7f6443a4,2025-05-11 09:07:00+00:00,21.993295,72.742155,250.0,49.06483459472656,12,WorldPop R2024B 100m constrained
c6256f86-3248-5427-a855-5f80afa91aff,2025-05-11 09:07:00+00:00,22.08541,72.659115,250.0,0.0,0,WorldPop R2024B 100m constrained
b54bf84f-3649-5b85-b199-5cd282730895,2025-05-12 08:26:00+00:00,21.41686,72.67426,250.0,17.66349983215332,7,WorldPop R2024B 100m constrained
c29ffe5e-87a8-5c2c-8a19-7947090838a3,2025-05-12 08:26:00+00:00,21.7920233333333,72.8891966666667,250.0,260.1772766113281,22,WorldPop R2024B 100m constrained
e1f0a72a-c189-5bb1-95f1-6d19dafc16ad,2025-05-12 08:26:00+00:00,21.755225,72.868565,250.0,0.0,0,WorldPop R2024B 100m constrained
ef1c70bc-4671-5681-b818-24c0f13d4bab,2025-05-12 08:26:00+00:00,22.00892,72.7601,250.0,0.0,0,WorldPop R2024B 100m constrained
dc36b905-b301-5c33-9857-92ea86eb6b74,2025-05-12 08:48:00+00:00,21.92573,72.96313,250.0,2.7525970935821533,1,WorldPop R2024B 100m constrained
8e783800-fe30-5274-bb2e-f6a8ab92af1c,2025-05-13 08:07:00+00:00,21.96971,72.55078,250.0,0.0,0,WorldPop R2024B 100m constrained
b428ec8e-7f80-5afb-9c13-127c0347afda,2025-05-13 08:07:00+00:00,21.68539,72.66327,250.0,253.23910522460938,19,WorldPop R2024B 100m constrained
cdec26e9-71e9-5908-9e66-c652e4875e1f,2025-05-13 08:07:00+00:00,22.02331,72.77092,250.0,0.0,0,WorldPop R2024B 100m constrained
81d43214-a34e-54f9-9430-b091c4903055,2025-05-13 08:30:00+00:00,22.05608,72.69943,250.0,0.0,0,WorldPop R2024B 100m constrained
e34b2040-dd42-59a6-b43e-df86f45636dd,2025-05-13 08:30:00+00:00,21.72906,72.715445,250.0,216.56976318359375,21,WorldPop R2024B 100m constrained
3980c870-9350-5fc3-8454-f05f3c4fdaf0,2025-05-14 08:11:00+00:00,21.5192,72.85142,250.0,0.0,0,WorldPop R2024B 100m constrained
dc87628f-c416-5905-9417-5f55b0a1988b,2025-05-15 07:30:00+00:00,21.79544,72.64725,250.0,393.8667907714844,18,WorldPop R2024B 100m constrained
18401013-704d-5392-8ace-5014c3c836ff,2025-05-15 07:52:00+00:00,21.79175,72.88705,250.0,344.05499267578125,23,WorldPop R2024B 100m constrained
80caca04-b121-504c-b1e8-4158faa5c30e,2025-05-15 07:52:00+00:00,21.41722,72.67427,250.0,12.014131546020508,4,WorldPop R2024B 100m constrained
18ed1296-0eb5-53e2-9e22-758971a34b0d,2025-05-15 09:10:00+00:00,21.69395,72.88058,250.0,0.0,0,WorldPop R2024B 100m constrained
e1f7d17c-d62a-5938-a013-27a3d7f4f8b3,2025-05-15 19:58:00+00:00,21.3958266666667,72.95483,250.0,120.02806091308594,13,WorldPop R2024B 100m constrained
71370b4f-632d-5252-a2fc-ae81d2da4126,2025-05-16 07:33:00+00:00,21.75484,72.87253,250.0,0.0,0,WorldPop R2024B 100m constrained
0d0ca083-89aa-5318-95f5-4699375327a8,2025-05-17 08:32:00+00:00,21.76821,72.76189,250.0,0.0,0,WorldPop R2024B 100m constrained
7d0e7b85-fe61-54dd-b95d-6d87ddbb4b36,2025-05-17 08:32:00+00:00,21.77562,72.97786,250.0,20.091203689575195,4,WorldPop R2024B 100m constrained
96dfaa78-9f5e-55c9-823a-fd56be4df102,2025-05-17 08:32:00+00:00,21.89963,72.90724,250.0,23.116443634033203,3,WorldPop R2024B 100m constrained
d373ed25-c76f-5aa0-b403-722ea426eee7,2025-05-17 08:32:00+00:00,21.35502,72.789435,250.0,30.948522567749023,8,WorldPop R2024B 100m constrained
6559dde5-f3d5-50c2-a4ca-0b2b1bbbcd3e,2025-05-18 08:14:00+00:00,21.98426,72.954,250.0,26.27014923095703,8,WorldPop R2024B 100m constrained
8d3bf1ec-9c33-544c-a09d-54f78b522af6,2025-05-18 08:14:00+00:00,21.97087,72.853315,250.0,0.0,0,WorldPop R2024B 100m constrained
337a6037-6182-59bc-a8a6-c9bdc5a6c539,2025-05-18 08:36:00+00:00,21.80047,72.90436,250.0,86.7567367553711,12,WorldPop R2024B 100m constrained
bac902b7-67a7-525a-b263-dc17a5898f29,2025-05-19 07:55:00+00:00,22.02116,72.56328,250.0,0.0,0,WorldPop R2024B 100m constrained
f6841634-e9de-5a55-b71f-1651ad65376f,2025-05-19 07:55:00+00:00,21.79025,72.88966,250.0,366.99151611328125,23,WorldPop R2024B 100m constrained
03b3f5f8-3bbf-5ce6-8a88-7c9293257c4a,2025-05-19 08:17:00+00:00,22.02389,72.79639,250.0,0.0,0,WorldPop R2024B 100m constrained
a407e247-fc8c-5765-b341-9dfa61bd801a,2025-05-19 08:17:00+00:00,21.99708,72.95263,250.0,84.7743911743164,13,WorldPop R2024B 100m constrained
82b9a530-a6f6-5b82-8379-e425684a4396,2025-05-19 20:46:00+00:00,21.39755,72.95561,250.0,125.9636459350586,13,WorldPop R2024B 100m constrained
7b9805d8-b543-5c40-a074-a45a7cc318c4,2025-05-21 07:39:00+00:00,21.905935,72.758505,250.0,264.515869140625,25,WorldPop R2024B 100m constrained
8b58563e-bb85-5e10-bedf-93a2ddfb870a,2025-05-21 08:58:00+00:00,22.02592,72.56091,250.0,0.0,0,WorldPop R2024B 100m constrained
b42e2530-05ee-5d86-a9d6-a37352cf4c97,2025-05-22 08:39:00+00:00,22.06379,72.75942,250.0,0.0,0,WorldPop R2024B 100m constrained
05418786-7f4d-5745-ba91-d0cc648b890b,2025-05-23 08:42:00+00:00,22.05255,72.57935,250.0,0.0,0,WorldPop R2024B 100m constrained
15ab4daf-6b91-53cc-94fb-d7efeb5c7bcc,2025-05-28 08:26:00+00:00,21.71241,72.86777,250.0,0.0,0,WorldPop R2024B 100m constrained
782961c9-4738-5282-951c-64fb50a09ea7,2025-05-29 20:36:00+00:00,21.90837,72.68365,250.0,197.12393188476562,22,WorldPop R2024B 100m constrained
1377b3b3-cad2-5c0f-9177-8b775c1187bb,2025-05-30 20:18:00+00:00,21.69752,72.53887,250.0,302.3122253417969,23,WorldPop R2024B 100m constrained
aa7de1ae-25fc-55d0-8d70-a180a416ce76,2025-06-02 08:33:00+00:00,22.07732,72.76402,250.0,0.0,0,WorldPop R2024B 100m constrained
8d6718db-3677-50e0-aac7-34cd4f01b190,2025-06-02 08:55:00+00:00,22.013,72.75738,250.0,0.0,0,WorldPop R2024B 100m constrained
c2f2115a-5d83-5ef1-b016-371d3bc6ad19,2025-06-02 08:55:00+00:00,21.36518,72.8714,250.0,0.0,0,WorldPop R2024B 100m constrained
f77e172e-9450-5ae1-9bc8-c17bf8b0c77a,2025-06-03 08:14:00+00:00,21.46971,72.99219,250.0,334.1526184082031,19,WorldPop R2024B 100m constrained
90da5906-5ada-5360-83c8-323a4437e4fb,2025-06-03 20:43:00+00:00,21.6860066666667,72.561415,250.0,844.4597778320312,23,WorldPop R2024B 100m constrained
3589b6e7-729e-576e-accc-95e5de837998,2025-06-06 08:58:00+00:00,21.99439,72.65997,250.0,0.0,0,WorldPop R2024B 100m constrained
cd0636be-cd6f-5350-b55b-ecdc4092399f,2025-06-06 08:58:00+00:00,21.74426,72.80846,250.0,0.0,0,WorldPop R2024B 100m constrained
16b1f9b3-db1b-5cf7-8e93-5cfe5b0ffc95,2025-06-09 08:23:00+00:00,21.52921,72.9492,250.0,0.0,0,WorldPop R2024B 100m constrained
816d7c69-86d1-54e4-ad07-b2ae7ca5c23f,2025-06-09 08:23:00+00:00,21.4768,72.91872,250.0,6.497467994689941,2,WorldPop R2024B 100m constrained
c19a7820-b853-5b02-9178-581a2aa68e26,2025-06-10 08:05:00+00:00,22.02258,72.57255,250.0,0.0,0,WorldPop R2024B 100m constrained
17e23642-bd03-55a0-b97f-27dc5638e5ed,2025-06-12 08:45:00+00:00,22.00577,72.74271,250.0,0.0,0,WorldPop R2024B 100m constrained
1b6e2298-667b-5731-bcb1-be2da92ae0e2,2025-06-13 08:26:00+00:00,21.5983,72.93472,250.0,0.0,0,WorldPop R2024B 100m constrained
ad2b54d7-2c90-5cf6-95d9-2019fa1b938e,2025-06-13 08:27:00+00:00,21.88822,72.888,250.0,55.58692932128906,19,WorldPop R2024B 100m constrained
6c761274-ddc0-5b64-ad61-c300622471ba,2025-06-14 08:08:00+00:00,21.83343,72.65469,250.0,38.98188781738281,7,WorldPop R2024B 100m constrained
3bdd80fc-eb04-547c-8f8f-2030c9a2ea9e,2025-06-14 08:30:00+00:00,22.00017,72.794,250.0,0.0,0,WorldPop R2024B 100m constrained
43809a6c-7686-5933-baff-dda1de11775f,2025-08-05 21:02:00+00:00,21.694045,72.6053275,250.0,420.9855651855469,21,WorldPop R2024B 100m constrained
3e5315b2-012f-5601-8140-62c1f11d6859,2025-08-07 20:47:00+00:00,21.79355,72.64822,250.0,191.3912811279297,16,WorldPop R2024B 100m constrained
156176e7-7a4c-5866-80cb-8450457a7252,2025-08-12 08:24:00+00:00,21.7911,72.88676,250.0,425.640869140625,25,WorldPop R2024B 100m constrained
08bc64ef-671f-5753-92e5-51e16f8bbff8,2025-08-12 08:24:00+00:00,21.74487,72.68262,250.0,622.144775390625,22,WorldPop R2024B 100m constrained
2e5d69c6-f37b-5cc6-a58a-8d7824a95de2,2025-08-25 20:09:00+00:00,21.79553,72.64597,250.0,273.009765625,15,WorldPop R2024B 100m constrained
7c2d7f33-5edc-5da5-86f4-895d09d6cd0e,2025-09-09 21:46:00+00:00,21.72998,72.94559,250.0,110.64997100830078,13,WorldPop R2024B 100m constrained
04d9d9cd-cc37-5168-9cc7-3372dc095152,2025-09-12 21:12:00+00:00,21.433015,72.975795,250.0,17.981321334838867,2,WorldPop R2024B 100m constrained
59f76b62-be57-5b99-8260-ea5cba460528,2025-09-17 20:56:00+00:00,21.7137,72.79055,250.0,152.2672882080078,13,WorldPop R2024B 100m constrained
e81e8d20-ee85-5b21-881d-2b01ac8b039f,2025-09-25 20:06:00+00:00,21.5637,72.91288,250.0,4.655099868774414,1,WorldPop R2024B 100m constrained
b75efeae-b9de-58be-9985-95785b513e9a,2025-09-25 20:28:00+00:00,21.79499,72.64614,250.0,287.88958740234375,18,WorldPop R2024B 100m constrained
a41a792a-ea4b-5aa8-bca7-b93dc79f947d,2025-10-03 20:57:00+00:00,21.56442,72.91662,250.0,107.40061950683594,11,WorldPop R2024B 100m constrained
67ac9dbd-6bfc-5d19-a9df-5bbc37dba95b,2025-10-05 20:19:00+00:00,21.69456,72.6028025,250.0,329.250244140625,20,WorldPop R2024B 100m constrained
860dfb2f-ab6e-54a2-826c-fdbc5b3bbbbe,2025-10-05 20:19:00+00:00,21.433194,72.97722,250.0,53.04631805419922,7,WorldPop R2024B 100m constrained
19ca853f-f3c9-511f-be94-6e9507df473b,2025-10-06 07:52:00+00:00,21.97678,72.65321,250.0,0.0,0,WorldPop R2024B 100m constrained
5a6069d2-f5d6-50be-a494-0ffe5c3a9725,2025-10-06 07:52:00+00:00,22.01507,72.73377,250.0,217.88645935058594,19,WorldPop R2024B 100m constrained
e5c70ef4-b80c-50bb-ac3f-af2915ed067b,2025-10-08 21:03:00+00:00,21.43345,72.9773066666667,250.0,62.24921417236328,8,WorldPop R2024B 100m constrained
68213fe2-26ab-54ca-b52c-9f243af87110,2025-10-10 20:26:00+00:00,21.4315833333333,72.97846,250.0,77.50275421142578,10,WorldPop R2024B 100m constrained
96e8160b-66a3-57ab-90ee-58670b41c971,2025-10-12 09:00:00+00:00,21.71901,72.69569,250.0,104.27741241455078,13,WorldPop R2024B 100m constrained
0c19a229-4041-5cd4-82a2-9e875a8840dd,2025-10-12 21:27:00+00:00,21.43224,72.97562,250.0,4.608419895172119,1,WorldPop R2024B 100m constrained
9f00339d-4573-5921-b763-5f550fd68d3f,2025-10-13 08:41:00+00:00,21.58924,72.8125,250.0,68.09391784667969,8,WorldPop R2024B 100m constrained
1e0575d7-1706-5efb-a0e5-f113bef6196c,2025-10-15 08:24:00+00:00,21.4029,72.72575,250.0,6.2459564208984375,2,WorldPop R2024B 100m constrained
3e114398-3639-5cf2-a841-940e118eb86f,2025-10-15 08:24:00+00:00,21.77684,72.65976,250.0,31.10171890258789,8,WorldPop R2024B 100m constrained
a2d76013-547b-5ee7-8599-1c1a3a8b61c5,2025-10-16 20:34:00+00:00,21.43429,72.97646,250.0,32.552738189697266,4,WorldPop R2024B 100m constrained
e3d84105-71d4-5583-b3e7-3b9d372668e6,2025-10-18 08:47:00+00:00,21.66796,72.25294,250.0,56.0338249206543,15,WorldPop R2024B 100m constrained
c78ffd41-3f5a-56a8-8109-8db222052522,2025-10-18 09:08:00+00:00,21.61351,72.9311,250.0,3.482546091079712,1,WorldPop R2024B 100m constrained
6be91fb7-b6e8-567f-9e9c-d01860ae51cc,2025-10-19 08:49:00+00:00,21.76691,72.69879,250.0,0.0,0,WorldPop R2024B 100m constrained
562a2f5a-8274-58d7-a53e-928504203519,2025-10-19 21:18:00+00:00,21.43187,72.97599,250.0,17.981321334838867,2,WorldPop R2024B 100m constrained
84608f86-faca-59c0-8261-ba9189192d54,2025-10-22 20:21:00+00:00,21.43266,72.97463,250.0,4.547289848327637,1,WorldPop R2024B 100m constrained
8576919d-6799-55c6-9acc-f84b6112259a,2025-11-01 20:34:00+00:00,21.79568,72.64586,250.0,281.75347900390625,16,WorldPop R2024B 100m constrained
60383275-b125-51c4-a117-98f8bb6b098f,2025-11-02 19:55:00+00:00,21.5641222222222,72.9133022222222,250.0,9.1221923828125,2,WorldPop R2024B 100m constrained
af54bb7b-cb00-595b-bb22-a881b4a6966d,2025-11-04 08:29:00+00:00,21.79352,72.64709,250.0,204.13912963867188,18,WorldPop R2024B 100m constrained
c1059d9b-688e-5867-85d3-8c69b3f656c7,2025-11-04 20:57:00+00:00,21.563636,72.915795,250.0,150.52835083007812,13,WorldPop R2024B 100m constrained
c7848fc8-2553-559a-ba5d-f2852c0f2216,2025-11-07 07:32:00+00:00,21.5642916666667,72.913945,250.0,18.551414489746094,3,WorldPop R2024B 100m constrained
ea9d0b90-e122-5544-92c0-aa5f84b597c1,2025-11-08 08:54:00+00:00,21.88976,72.783605,250.0,162.40826416015625,21,WorldPop R2024B 100m constrained
8d69dcec-6ed6-50e0-b15d-77cdd2ec09b3,2025-11-09 08:56:00+00:00,21.56179,72.9164357142857,250.0,276.5973205566406,23,WorldPop R2024B 100m constrained
bd40cae3-4dd0-58c8-9360-197708860ac0,2025-11-09 21:04:00+00:00,21.433676,72.975552,250.0,9.155710220336914,2,WorldPop R2024B 100m constrained
3adc67d6-120a-55de-8811-505a9cb08068,2025-11-11 07:57:00+00:00,21.35713,72.85526,250.0,10.265783309936523,3,WorldPop R2024B 100m constrained
6dd55e6b-a9e4-536a-add6-83a18d6016c1,2025-11-11 20:47:00+00:00,21.43279,72.9773733333333,250.0,76.9493637084961,10,WorldPop R2024B 100m constrained
d6f0405b-ff03-58c9-b80b-52f1e44c83b5,2025-11-11 20:47:00+00:00,21.5633833333333,72.9141333333333,250.0,53.12120819091797,7,WorldPop R2024B 100m constrained
65f3ba5e-6092-5896-9202-8ccd92b849f4,2025-11-13 07:41:00+00:00,21.795075,72.61219,250.0,0.0,0,WorldPop R2024B 100m constrained
c042489f-1a12-5dba-94dc-ae2dac812251,2025-11-13 07:41:00+00:00,21.7948425,72.6029925,250.0,0.0,0,WorldPop R2024B 100m constrained
ab2dcde0-3d03-5142-8555-fee34b5c2dea,2025-11-13 21:29:00+00:00,21.6934866666667,72.60702,250.0,470.7525939941406,23,WorldPop R2024B 100m constrained
d968ba7e-f737-5937-99a2-181205b723f1,2025-11-13 21:29:00+00:00,21.562825,72.91816,250.0,366.39215087890625,21,WorldPop R2024B 100m constrained
3f820a1b-bc23-5671-8c7f-56d47d766621,2025-11-15 08:22:00+00:00,21.77571,72.61378,250.0,0.0,0,WorldPop R2024B 100m constrained
799775b3-8805-568d-a17b-a25a55e1d9fe,2025-11-15 20:51:00+00:00,21.79331,72.64599,250.0,199.53517150878906,19,WorldPop R2024B 100m constrained
d5d3fe3d-16d0-5346-b86c-3e25b671ed7e,2025-11-18 20:16:00+00:00,21.43522,72.9748,250.0,23.719196319580078,4,WorldPop R2024B 100m constrained
f5297b8a-a0e8-56d5-8bcc-ecdb7d616f86,2025-11-19 08:47:00+00:00,21.38409,72.79758,250.0,151.90208435058594,19,WorldPop R2024B 100m constrained
651f99a2-8f53-50bd-a5bc-9ce07b7cf5e8,2025-11-19 21:16:00+00:00,21.5638333333333,72.91541,250.0,64.16162109375,7,WorldPop R2024B 100m constrained
9f8ebc81-e984-5f56-881b-d133c9162118,2025-11-20 08:29:00+00:00,21.41315,72.73436,250.0,0.0,0,WorldPop R2024B 100m constrained
00723de4-7b08-5c38-b1b5-efb0ed243561,2025-11-20 20:58:00+00:00,21.466488,72.991882,250.0,278.0814514160156,19,WorldPop R2024B 100m constrained
921c04ed-f7bc-5ae7-a06b-5bce8eb002ce,2025-11-20 20:58:00+00:00,21.38388,72.77325,250.0,61.27376937866211,10,WorldPop R2024B 100m constrained
eafcce3a-20e2-53a8-8aff-be2833af8ed1,2025-11-20 20:58:00+00:00,21.43379,72.97762,250.0,62.13497543334961,8,WorldPop R2024B 100m constrained
5e64806b-a8c7-5a53-a515-0283e3ae73ff,2025-11-21 08:10:00+00:00,21.48085,72.707835,250.0,1.647407054901123,1,WorldPop R2024B 100m constrained
fcacb8dd-227f-5938-bd27-0506bf04c1c6,2025-11-21 08:10:00+00:00,21.8291766666667,72.6446566666667,250.0,0.0,0,WorldPop R2024B 100m constrained
1f258ab9-ad47-57ce-b81c-6eb989b52d31,2025-11-21 20:39:00+00:00,21.593455,72.998835,250.0,556.716552734375,16,WorldPop R2024B 100m constrained
56abd8ef-00e5-5517-a13f-310fcb3cccf6,2025-11-22 08:12:00+00:00,21.74251,72.70627,250.0,0.0,0,WorldPop R2024B 100m constrained
d766230e-1fae-5f0f-bd3b-0ff47c9d4c29,2025-11-22 08:12:00+00:00,21.74706,72.64895,250.0,0.0,0,WorldPop R2024B 100m constrained
d91918f2-0456-5a33-aab8-d50aed0594f5,2025-11-22 08:13:00+00:00,21.891192,72.898094,250.0,273.4449768066406,17,WorldPop R2024B 100m constrained
a6c8e808-2926-5e0c-ad78-4f7d5d316349,2025-11-23 20:01:00+00:00,21.43295,72.976045,250.0,17.981321334838867,2,WorldPop R2024B 100m constrained
17333a76-402d-565d-b750-5356f9f08245,2025-11-25 08:35:00+00:00,21.79525,72.648,250.0,435.2503967285156,22,WorldPop R2024B 100m constrained
522ca21e-138d-5f4b-8157-2015838afd54,2025-11-25 21:04:00+00:00,21.4333,72.9764325,250.0,23.34984588623047,3,WorldPop R2024B 100m constrained
49cf0e73-2401-5ee5-a0b3-9310f2570f82,2025-11-26 08:16:00+00:00,21.8918125,72.8978875,250.0,319.4136657714844,20,WorldPop R2024B 100m constrained
73750dd4-746f-5abb-9437-8b69c10c5ff4,2025-11-26 08:16:00+00:00,21.91371,72.96266,250.0,0.0,0,WorldPop R2024B 100m constrained
ae0a997e-20ff-5af1-a8cf-fae7b6273fec,2025-11-26 08:16:00+00:00,21.56343,72.91608,250.0,177.383056640625,14,WorldPop R2024B 100m constrained
f1d16b07-1e0f-5e27-885e-8eec514c56bf,2025-11-26 08:16:00+00:00,21.74224,72.7056,250.0,0.0,0,WorldPop R2024B 100m constrained
80d78a03-dae8-5a6c-84ce-91b59791de67,2025-11-27 08:19:00+00:00,21.82455,72.63489,250.0,3.8134820461273193,1,WorldPop R2024B 100m constrained
9f383beb-766d-52d4-890a-0c71e945e94f,2025-11-27 08:19:00+00:00,21.7833,72.63081,250.0,17.02606201171875,5,WorldPop R2024B 100m constrained
de8e118a-ab62-5ffb-948e-0090fcd67373,2025-11-28 07:39:00+00:00,22.06633,72.71074,250.0,0.0,0,WorldPop R2024B 100m constrained
95a5671c-c060-527c-9695-1c9529bba055,2025-11-29 09:01:00+00:00,21.77922,72.73751,250.0,26.061473846435547,4,WorldPop R2024B 100m constrained
3e6fc165-9962-5209-a741-4aad64aa7415,2025-11-30 19:51:00+00:00,21.432648,72.975492,250.0,4.608419895172119,1,WorldPop R2024B 100m constrained
4202afeb-0785-575f-8f4a-58b4b151a2e6,2025-12-01 08:23:00+00:00,21.81214,72.88255,250.0,0.0,0,WorldPop R2024B 100m constrained
741de597-6e40-5056-95db-0fd1552c098e,2025-12-01 08:23:00+00:00,21.36753,72.7636,250.0,0.0,0,WorldPop R2024B 100m constrained
ce923b65-dd50-58b1-867e-59b5be4bcdac,2025-12-01 08:44:00+00:00,21.84293,72.71106,250.0,0.0,0,WorldPop R2024B 100m constrained
3379037a-6f19-5a0e-b796-02fbf61a8e64,2025-12-02 08:25:00+00:00,21.41571,72.71127,250.0,0.0,0,WorldPop R2024B 100m constrained
1e79e9f0-a18a-5df9-a79c-f914e6956243,2025-12-02 20:54:00+00:00,21.59179,72.99893,250.0,672.882568359375,19,WorldPop R2024B 100m constrained
7120ff4d-b48b-5c2e-8b64-310725be2d5d,2025-12-03 08:06:00+00:00,21.47733,72.81703,250.0,3.106727123260498,2,WorldPop R2024B 100m constrained
85615c75-9c81-564f-9cd9-94f83af24c84,2025-12-03 08:07:00+00:00,21.77152,72.90227,250.0,11.510756492614746,2,WorldPop R2024B 100m constrained
c34712b7-68f9-5cf0-ad25-2d3e961bfc68,2025-12-03 08:07:00+00:00,21.85544,72.859455,250.0,13.852423667907715,2,WorldPop R2024B 100m constrained
ff3a872a-8802-5b0b-99bf-e2440450d20a,2025-12-04 09:07:00+00:00,21.73174,72.694215,250.0,75.2379150390625,6,WorldPop R2024B 100m constrained
1eb4cd79-5f4c-589f-8732-5c3cfa3f6aee,2025-12-04 19:55:00+00:00,21.6949,72.59979,250.0,631.5682373046875,21,WorldPop R2024B 100m constrained
90605b12-95e6-5a84-b2bc-6519d83792ea,2025-12-06 08:30:00+00:00,22.05501,72.71769,250.0,0.0,0,WorldPop R2024B 100m constrained
5009a990-a4e1-5a7a-8e7f-5a518c3bd20f,2025-12-07 08:11:00+00:00,21.88029,72.67492,250.0,94.93456268310547,18,WorldPop R2024B 100m constrained
4c34e90f-58dc-566e-91fd-457f85daa071,2025-12-07 08:32:00+00:00,21.8344,72.68279,250.0,209.47950744628906,20,WorldPop R2024B 100m constrained
650b94bb-de54-5c8a-9935-c942603ce6aa,2025-12-07 20:39:00+00:00,21.4314433333333,72.9760466666667,250.0,4.608419895172119,1,WorldPop R2024B 100m constrained
6d98713e-c081-5f52-8f1a-7205be077352,2025-12-08 08:13:00+00:00,21.89314,72.894744,250.0,352.30731201171875,20,WorldPop R2024B 100m constrained
82cb269e-7b6a-54c0-ab9c-75968251fa43,2025-12-08 08:13:00+00:00,21.91192,72.96083,250.0,7.458844184875488,2,WorldPop R2024B 100m constrained
bdc01131-645b-50f3-b2f1-38fc706c6561,2025-12-08 08:13:00+00:00,21.8916383333333,72.904,250.0,322.8578796386719,20,WorldPop R2024B 100m constrained
73da39f4-e4d6-504a-bf54-5f5e874162f2,2025-12-09 20:02:00+00:00,21.434354,72.97553,250.0,9.155710220336914,2,WorldPop R2024B 100m constrained
fd943c9b-fabb-57b2-81c7-1f69cdd37094,2025-12-09 20:02:00+00:00,21.56461,72.91317,250.0,0.0,0,WorldPop R2024B 100m constrained
85ec2714-a97e-5f41-bccd-177a2e1c0659,2025-12-09 20:23:00+00:00,21.3917,72.91022,250.0,3.514965057373047,1,WorldPop R2024B 100m constrained
6a828d41-5b0b-5c74-96c4-e0076cf17040,2025-12-10 08:55:00+00:00,21.75466,72.65544,250.0,90.77401733398438,10,WorldPop R2024B 100m constrained
7d0aa416-4da0-53fd-b012-3be377f6362b,2025-12-10 09:16:00+00:00,21.78884,72.63013,250.0,0.0,0,WorldPop R2024B 100m constrained
1e492f1b-0db4-5cc2-a145-515940aa5d6c,2025-12-11 08:36:00+00:00,22.071575,72.53826,250.0,15.80797290802002,7,WorldPop R2024B 100m constrained
30adf3c1-c780-5ddd-831d-a489c4506542,2025-12-12 08:17:00+00:00,21.91243,72.96389,250.0,12.68957805633545,3,WorldPop R2024B 100m constrained
78e4196f-4260-5704-b285-6e172e090a6a,2025-12-12 08:17:00+00:00,21.8913257142857,72.8951428571429,250.0,341.9490051269531,20,WorldPop R2024B 100m constrained
95652e47-a889-59dc-bab7-f8ec6f555a58,2025-12-12 08:17:00+00:00,21.70988,72.70905,250.0,53.31709671020508,9,WorldPop R2024B 100m constrained
cf1db4af-c3d6-5bd1-b2ed-fb95e0c8ac21,2025-12-12 08:17:00+00:00,21.76421,72.62291,250.0,8.287734031677246,2,WorldPop R2024B 100m constrained
e928dfd5-529c-578d-a3e0-bb356cc1e32e,2025-12-12 08:17:00+00:00,21.44266,72.86348,250.0,0.0,0,WorldPop R2024B 100m constrained
fbe57297-97c9-507d-af4e-d01a95f05119,2025-12-12 08:17:00+00:00,21.89228,72.90407,250.0,328.7154846191406,20,WorldPop R2024B 100m constrained
22396cb9-2d7d-5c89-becd-19f2f7749fd7,2025-12-12 20:46:00+00:00,21.432415,72.975955,250.0,17.981321334838867,2,WorldPop R2024B 100m constrained
847b9665-d25c-5445-ae31-d0bcf15a032e,2025-12-13 07:58:00+00:00,21.7501766666667,72.7077766666667,250.0,79.60134887695312,10,WorldPop R2024B 100m constrained
cc21009f-f9b7-5b5a-aa05-46c444a934e8,2025-12-13 08:19:00+00:00,21.74901,72.65996,250.0,206.73121643066406,16,WorldPop R2024B 100m constrained
c7f3b71f-1e41-5cf3-a30b-658f7071ed0f,2025-12-13 20:48:00+00:00,21.36382,72.87415,250.0,0.0,0,WorldPop R2024B 100m constrained
cbbabbc4-acba-546d-aa2b-a2147e45eb7f,2025-12-13 20:48:00+00:00,21.38171,72.95305,250.0,924.3248291015625,23,WorldPop R2024B 100m constrained
09fe0213-8edb-56ac-a00a-b87beef471f2,2025-12-14 08:01:00+00:00,21.61912,72.837865,250.0,0.0,0,WorldPop R2024B 100m constrained
d2c32436-59e2-5db2-86b1-04f96ceeb53a,2025-12-14 08:01:00+00:00,21.7407,72.77652,250.0,0.0,0,WorldPop R2024B 100m constrained
fc6a1eca-0b08-5326-ab28-ac2d17445427,2025-12-14 20:08:00+00:00,21.43331,72.97613,250.0,23.34984588623047,3,WorldPop R2024B 100m constrained
06edc7bc-4c57-5705-b445-a182ad3fa5c5,2025-12-15 07:42:00+00:00,21.75803,72.65257,250.0,20.626352310180664,2,WorldPop R2024B 100m constrained
af24fc53-3575-57f2-b996-378dfa285a68,2025-12-15 07:42:00+00:00,21.71387,72.70145,250.0,0.0,0,WorldPop R2024B 100m constrained
a197048a-210b-5c5f-a62f-7f85c2183594,2025-12-15 09:01:00+00:00,21.7858,72.64655,250.0,12.409659385681152,2,WorldPop R2024B 100m constrained
1611d2ba-a491-51a7-bc0b-6d326ee28dec,2025-12-15 20:11:00+00:00,21.39731,72.94495,250.0,668.7178955078125,21,WorldPop R2024B 100m constrained
9f1d063b-e10a-5d84-82d2-f50e01145285,2025-12-16 07:23:00+00:00,21.833775,72.656535,250.0,4.536413192749023,1,WorldPop R2024B 100m constrained
47e29bc5-8436-58f6-a428-30b4aec065e0,2025-12-16 08:42:00+00:00,21.78869,72.6150716666667,250.0,0.0,0,WorldPop R2024B 100m constrained
7b24c7ff-a7df-55ff-9af5-207ee4507304,2025-12-16 08:42:00+00:00,21.73464,72.64606,250.0,75.04411315917969,11,WorldPop R2024B 100m constrained
b6c7ba6c-64db-5505-898c-8ef49f774318,2025-12-16 08:42:00+00:00,21.71359,72.72712,250.0,8.341022491455078,2,WorldPop R2024B 100m constrained
3c5a1642-39d3-5bde-a246-b0c3910cd5bc,2025-12-17 08:23:00+00:00,21.467325,72.842985,250.0,0.0,0,WorldPop R2024B 100m constrained
bd853013-ae01-5208-b746-a92df4d8a148,2025-12-17 08:23:00+00:00,21.56102,72.78685,250.0,22.009090423583984,10,WorldPop R2024B 100m constrained
f6465655-4c59-5768-ac8b-1f21aeef330f,2025-12-17 08:23:00+00:00,21.55279,72.79969,250.0,0.0,0,WorldPop R2024B 100m constrained
8bc94bd4-58f9-550e-b405-f9bede34d93e,2025-12-17 08:24:00+00:00,22.03528,72.8129,250.0,3.6368680000305176,1,WorldPop R2024B 100m constrained
a12f6b35-f2d7-571f-9ba4-a116d95aede5,2025-12-17 08:45:00+00:00,21.72116,72.71093,250.0,65.91722106933594,8,WorldPop R2024B 100m constrained
9b692445-f5a5-57a9-889e-1aa0c4d63ce6,2025-12-17 20:52:00+00:00,21.43371,72.97761,250.0,62.13497543334961,8,WorldPop R2024B 100m constrained
079152cf-77e5-5c85-8988-8f502aae0295,2025-12-18 08:26:00+00:00,21.71884,72.74805,250.0,34.37411880493164,6,WorldPop R2024B 100m constrained
b4c59ab1-fea0-5ae4-8443-8f81c712dd18,2025-12-18 08:26:00+00:00,21.74978,72.65309,250.0,0.0,0,WorldPop R2024B 100m constrained
9b5574b3-66b7-5656-8477-83a4424603a3,2025-12-18 20:55:00+00:00,21.62801,72.81138,250.0,0.0,0,WorldPop R2024B 100m constrained
4944a34b-ff2e-5d94-8d8f-dfe23d02b6ef,2025-12-19 20:15:00+00:00,21.41121,72.98852,250.0,35.34695053100586,9,WorldPop R2024B 100m constrained
41639186-7de4-5152-b79a-267fe75bc1d4,2025-12-20 07:48:00+00:00,21.73048,72.72106,250.0,194.42056274414062,19,WorldPop R2024B 100m constrained
33677cce-cf65-5718-a307-5e6eea0a5b8c,2025-12-20 20:17:00+00:00,21.62804,72.805025,250.0,0.0,0,WorldPop R2024B 100m constrained
e4c64d00-d8f8-5c13-b593-173d7fa5759f,2025-12-21 08:49:00+00:00,21.82086,72.63824,250.0,0.0,0,WorldPop R2024B 100m constrained
d471673c-e571-5c88-8c26-d5453a4049e8,2025-12-22 08:30:00+00:00,21.6171,72.83884,250.0,0.0,0,WorldPop R2024B 100m constrained
d88ba88c-53a4-5e01-927c-7965b55c12e3,2025-12-22 20:59:00+00:00,21.6243633333333,72.80275,250.0,0.0,0,WorldPop R2024B 100m constrained
3fcf3d85-6649-58ab-8868-8e8ff3f4b110,2025-12-23 08:11:00+00:00,21.821075,72.64863,250.0,70.8133316040039,16,WorldPop R2024B 100m constrained
c13036b0-5f34-562e-8b5c-9fb3129fe493,2025-12-23 08:11:00+00:00,21.5485,72.94279,250.0,0.0,0,WorldPop R2024B 100m constrained
47315f7e-653e-5654-a2ee-45eeb46c8365,2025-12-24 08:13:00+00:00,21.42066,72.96556,250.0,439.5628356933594,20,WorldPop R2024B 100m constrained
5210c291-58e3-5b6a-82ff-9ecd8e53ee8a,2025-12-24 08:13:00+00:00,21.91315,72.96162,250.0,0.0,0,WorldPop R2024B 100m constrained
9eae08b8-8a8b-53c3-a56b-117c806387c7,2025-12-24 08:13:00+00:00,21.872285,72.679785,250.0,85.87975311279297,6,WorldPop R2024B 100m constrained
9f92de68-efb7-5b92-9c6c-f1f4db68452c,2025-12-24 08:13:00+00:00,21.8888575,72.8950725,250.0,357.1086120605469,21,WorldPop R2024B 100m constrained
a3f2db9b-b08f-5109-8ac3-66a0bedfa182,2025-12-24 08:13:00+00:00,21.74549,72.73878,250.0,0.0,0,WorldPop R2024B 100m constrained
e7404a64-6819-5d03-8f35-9f18f407be13,2025-12-24 08:13:00+00:00,21.893629,72.901006,250.0,363.72637939453125,24,WorldPop R2024B 100m constrained
f34e0dc4-338a-593e-bc30-0043520270c3,2025-12-24 08:13:00+00:00,21.61785,72.83775,250.0,0.0,0,WorldPop R2024B 100m constrained
fb193bb8-d282-56f6-bffc-2f89813d220a,2025-12-24 08:13:00+00:00,21.526575,72.74312,250.0,0.0,0,WorldPop R2024B 100m constrained
8223077d-6fa0-57a0-9cb1-9e9db5e7e161,2025-12-24 20:21:00+00:00,21.437385,72.94059,250.0,29.419170379638672,8,WorldPop R2024B 100m constrained
8dedc13d-7e94-50f5-85eb-3f7c0a195214,2025-12-24 20:42:00+00:00,21.41148,72.9865,250.0,45.03680419921875,9,WorldPop R2024B 100m constrained
7b28eba1-0c70-5950-9b0e-4ed5e24a50c6,2025-12-25 07:54:00+00:00,21.42421,72.88781,250.0,184.01812744140625,19,WorldPop R2024B 100m constrained
e6882e61-6e8e-52e3-bbdf-f0f34f1f32da,2025-12-25 07:55:00+00:00,21.93638,72.54932,250.0,2.875746965408325,1,WorldPop R2024B 100m constrained
bd7ee361-a7de-5a33-8578-d416a74d1c06,2025-12-25 20:23:00+00:00,21.37871,72.9502,250.0,227.6897430419922,18,WorldPop R2024B 100m constrained
dd97f173-dc35-5237-a91e-67a155cf73a9,2025-12-26 21:24:00+00:00,21.40938,72.98627,250.0,47.23831558227539,13,WorldPop R2024B 100m constrained
83da4855-1192-54a3-99f2-7733aaac9e4f,2025-12-27 08:36:00+00:00,21.56729,72.91829,250.0,0.0,0,WorldPop R2024B 100m constrained
923c4937-e5d9-581f-93c2-e6da3481ca90,2025-12-27 08:36:00+00:00,21.72947,72.71658,250.0,298.4708557128906,26,WorldPop R2024B 100m constrained
52c1f739-b4f3-5882-a0e6-a084f234129d,2025-12-27 08:57:00+00:00,21.72086,72.74662,250.0,15.865219116210938,1,WorldPop R2024B 100m constrained
06dcc89c-b90d-5ace-a9e8-6953e866d7c5,2025-12-27 21:05:00+00:00,21.43653,72.94154,250.0,15.713708877563477,5,WorldPop R2024B 100m constrained
11aa4722-4ae9-59d0-b0d0-55552b7587c1,2025-12-28 08:18:00+00:00,21.47457,72.92401,250.0,27.83481788635254,4,WorldPop R2024B 100m constrained
962e5064-1f32-52db-881b-f18a96148753,2025-12-28 08:18:00+00:00,21.87346,72.68245,250.0,393.8341369628906,20,WorldPop R2024B 100m constrained
d6dc83ba-f895-5818-b529-08160177c4a6,2025-12-28 08:18:00+00:00,21.8919433333333,72.8990344444444,250.0,353.04071044921875,22,WorldPop R2024B 100m constrained
86ad40d7-8723-5ce3-a0f5-fe845635014a,2025-12-28 20:46:00+00:00,21.6232766666667,72.7977933333333,250.0,0.0,0,WorldPop R2024B 100m constrained
b7b63a13-1935-532e-8e77-61bedcd7582f,2025-12-28 20:46:00+00:00,21.434495,72.97578,250.0,23.727128982543945,4,WorldPop R2024B 100m constrained
4cf8ddcd-168d-5f7e-8c61-b8e8c7c4df33,2025-12-29 07:59:00+00:00,21.72384,72.75066,250.0,356.01019287109375,19,WorldPop R2024B 100m constrained
c2f50062-201c-5ec5-b7fa-5065a9cbd591,2025-12-29 07:59:00+00:00,21.766255,72.68214,250.0,0.0,0,WorldPop R2024B 100m constrained
ca4ea282-60f3-5d91-bf21-f021a1f5e62c,2025-12-29 07:59:00+00:00,21.7200633333333,72.71824,250.0,0.0,0,WorldPop R2024B 100m constrained
637f7699-9b5d-50ab-9e5e-11229e623dc5,2025-12-29 08:20:00+00:00,22.07055,72.65159,250.0,0.0,0,WorldPop R2024B 100m constrained
c03b73ec-0517-5366-a4c4-4fe6224af862,2025-12-29 08:20:00+00:00,21.58951,72.86217,250.0,78.49143981933594,10,WorldPop R2024B 100m constrained
a09148ee-5a6b-5112-8ed6-62c10216a1c4,2025-12-29 20:49:00+00:00,21.69422,72.60464,250.0,413.89849853515625,23,WorldPop R2024B 100m constrained
75374422-196d-5ae1-b593-41ae42a92917,2025-12-30 07:40:00+00:00,21.52825,72.81176,250.0,0.0,0,WorldPop R2024B 100m constrained
cdd46c50-b090-5d78-84c2-a248f9102380,2025-12-30 07:40:00+00:00,21.56381,72.91579,250.0,90.71162414550781,9,WorldPop R2024B 100m constrained
67450f1f-d420-5fda-bc6d-e0b203bd1c74,2025-12-30 20:30:00+00:00,21.43448,72.97588,250.0,23.727128982543945,4,WorldPop R2024B 100m constrained
eea97a9a-5e26-5dd5-937e-a7871b988348,2025-12-30 21:49:00+00:00,21.47876,72.79839,250.0,0.0,0,WorldPop R2024B 100m constrained
