emission_id,event_id,classification,landcover_class,emission_factor_class,observation_count,fre_mj,dry_matter_burned_kg,co2_kg,ch4_kg,n2o_kg,frp_to_dm_factor_kg_per_mj,fre_method,emission_method
55364f9b-9f52-5c6a-b84b-64ed699d2644,0b5fe1e4-0514-521e-9113-6f84ed1f0d0c,agricultural_burn,cropland,agricultural_residue,2,22644.0,8332.992,12624.482880000001,22.499078400000002,0.5833094400000001,0.368,fallback_frp_1h_assumption,FRP_to_FRE_to_dry_matter_then_IPCC_2019_factors
a6c3f3d9-29aa-5605-b454-7ea9d55001a3,1fe8d8b5-d741-5606-9ea9-6f266b84172d,agricultural_burn,cropland,agricultural_residue,3,11597.4,4267.843199999999,6465.782447999999,11.523176639999999,0.298749024,0.368,trapezoidal_observation_integration,FRP_to_FRE_to_dry_matter_then_IPCC_2019_factors
8d2bd098-301b-5cc9-a436-df3d084a3ce2,bd27debe-fe1a-5e59-bd47-2511aa9f5b25,agricultural_burn,cropland,agricultural_residue,2,17460.0,6425.28,9734.2992,17.348256000000003,0.44976960000000005,0.368,fallback_frp_1h_assumption,FRP_to_FRE_to_dry_matter_then_IPCC_2019_factors
c3c8f2ea-d8b7-5826-a060-1ab77b7ede10,007c3c45-0405-5028-b41d-7875a1b16b40,agricultural_burn,cropland,agricultural_residue,2,11952.0,4398.336,6663.47904,11.875507200000001,0.30788352,0.368,fallback_frp_1h_assumption,FRP_to_FRE_to_dry_matter_then_IPCC_2019_factors
c17a07b4-5d26-5e52-a189-e0b5525c1c97,5e18a55b-d905-5d05-a545-4aec609a2754,agricultural_burn,cropland,agricultural_residue,2,7235.999999999999,2662.8479999999995,4034.2147199999995,7.189689599999999,0.18639936,0.368,fallback_frp_1h_assumption,FRP_to_FRE_to_dry_matter_then_IPCC_2019_factors
2a43f054-6789-599b-9df7-6d9318cd9dd3,66fb25be-04bd-5a3c-86ac-d3ad4d4ab332,agricultural_burn,cropland,agricultural_residue,2,18972.0,6981.696,10577.26944,18.8505792,0.48871872,0.368,fallback_frp_1h_assumption,FRP_to_FRE_to_dry_matter_then_IPCC_2019_factors
af682c09-2a4b-57cb-9061-99137bf7259c,8d4cc4f6-dfe0-5ccd-81a5-40232eeac415,agricultural_burn,cropland,agricultural_residue,2,7560.0,2782.08,4214.8512,7.511616,0.19474560000000002,0.368,fallback_frp_1h_assumption,FRP_to_FRE_to_dry_matter_then_IPCC_2019_factors
1bf210a5-2bc5-5eed-8a83-5f8209b4aa70,cecf28ec-1481-54df-81b8-bd1c3aa7a119,agricultural_burn,cropland,agricultural_residue,2,28080.0,10333.44,15655.161600000001,27.900288000000003,0.7233408,0.368,fallback_frp_1h_assumption,FRP_to_FRE_to_dry_matter_then_IPCC_2019_factors
895e7b99-b5d9-5f58-bf65-384a933044e3,853d85d9-403f-5170-9d51-cb874a9ce3eb,agricultural_burn,cropland,agricultural_residue,2,2381.4,876.3552,1327.678128,2.36615904,0.061344864,0.368,trapezoidal_observation_integration,FRP_to_FRE_to_dry_matter_then_IPCC_2019_factors
157fa9b2-987b-5243-8b60-86ede4d7d69f,c3cd95a3-dd7b-5ec4-8b70-14c25ffb08e3,agricultural_burn,cropland,agricultural_residue,5,41202.9,15162.6672,22971.440808,40.939201440000005,1.061386704,0.368,trapezoidal_observation_integration,FRP_to_FRE_to_dry_matter_then_IPCC_2019_factors
2e688695-5cfc-55ec-b4bd-3532bf7ae71f,20ab73f4-dd47-57bb-917b-3f6a946aa3d6,agricultural_burn,cropland,agricultural_residue,2,5688.0,2093.1839999999997,3171.1737599999997,5.651596799999999,0.14652288,0.368,fallback_frp_1h_assumption,FRP_to_FRE_to_dry_matter_then_IPCC_2019_factors
8594e1b1-2aff-5f21-bd67-7de18647d4ad,39ce90dc-2902-5a3f-a234-ff38cff8323d,wildfire,shrubland,savanna_grassland,1,21060.0,7750.08,12500.87904,17.825183999999997,1.6275168,0.368,singleton_frp_1h_assumption,FRP_to_FRE_to_dry_matter_then_IPCC_2019_factors
ac1e8b58-9e0e-584f-bc81-a3ff4aadc9c9,b576db13-417d-5da3-b2f5-c0339478253e,agricultural_burn,cropland,agricultural_residue,2,11568.9,4257.3552,6449.893128,11.494859040000001,0.29801486400000005,0.368,trapezoidal_observation_integration,FRP_to_FRE_to_dry_matter_then_IPCC_2019_factors
94106e48-6646-5766-9f93-f576aa12d2a6,14bbef53-1355-5d67-9f19-a9fef77cae4a,agricultural_burn,cropland,agricultural_residue,4,12420.0,4570.5599999999995,6924.398399999999,12.340511999999999,0.3199392,0.368,fallback_frp_1h_assumption,FRP_to_FRE_to_dry_matter_then_IPCC_2019_factors
c7527d10-c1f3-5658-afd9-3d7a252910a6,2b945ff6-c239-5a40-b638-cdbbe0958457,agricultural_burn,cropland,agricultural_residue,3,19656.0,7233.407999999999,10958.61312,19.5302016,0.50633856,0.368,fallback_frp_1h_assumption,FRP_to_FRE_to_dry_matter_then_IPCC_2019_factors
42a68022-cfa2-5f2e-bf3c-0f47376283de,2ceafa72-e5ca-54f4-a466-440ca6378ff2,agricultural_burn,cropland,agricultural_residue,4,10171.199999999999,3743.0015999999996,5670.647424,10.10610432,0.262010112,0.368,trapezoidal_observation_integration,FRP_to_FRE_to_dry_matter_then_IPCC_2019_factors
f36b1196-3afa-574e-93a7-0ef577806aac,bb060f7f-e436-5612-900e-f608585f1be6,agricultural_burn,cropland,agricultural_residue,3,7056.0,2596.608,3933.86112,7.010841600000001,0.18176256000000005,0.368,fallback_frp_1h_assumption,FRP_to_FRE_to_dry_matter_then_IPCC_2019_factors
30d5f59a-c0c9-530c-a2d6-1a22bc5e3219,e6798210-e741-570c-9241-193ad4fa15a3,agricultural_burn,cropland,agricultural_residue,3,69408.0,25542.144,38696.34816,68.9637888,1.7879500800000003,0.368,fallback_frp_1h_assumption,FRP_to_FRE_to_dry_matter_then_IPCC_2019_factors
6921084d-6579-54aa-b378-50de38f3695d,aa8e867c-1744-54c2-89bf-40f5e96db70a,agricultural_burn,cropland,agricultural_residue,2,19008.0,6994.9439999999995,10597.34016,18.8863488,0.48964608,0.368,fallback_frp_1h_assumption,FRP_to_FRE_to_dry_matter_then_IPCC_2019_factors
f51fded4-6f25-54c5-821f-e21c288e7f1f,fdb54ef8-e397-5a90-95e8-0c8fe9c3e7b1,agricultural_burn,cropland,agricultural_residue,2,13140.0,4835.5199999999995,7325.812799999999,13.055904,0.3384864,0.368,fallback_frp_1h_assumption,FRP_to_FRE_to_dry_matter_then_IPCC_2019_factors
665903cf-079e-57a8-bf38-43d1fa853230,5458a16f-829e-5547-a8ae-fe7d281ad689,agricultural_burn,cropland,agricultural_residue,2,1620.0,596.16,903.1823999999999,1.609632,0.0417312,0.368,fallback_frp_1h_assumption,FRP_to_FRE_to_dry_matter_then_IPCC_2019_factors
6bf1e7b6-daf5-5e4c-b8d8-614772c2bcdb,7beb203f-b637-5911-8b72-f352036ed81c,wildfire,grassland,savanna_grassland,2,7004.400000000001,2577.6192,4157.6997696,5.92852416,0.541300032,0.368,trapezoidal_observation_integration,FRP_to_FRE_to_dry_matter_then_IPCC_2019_factors
4a33147a-18d6-5c0b-9779-c79ac20af2f1,e5a8c1f2-b0ce-52c8-9fc6-a3eee40cc4f1,agricultural_burn,cropland,agricultural_residue,5,45072.0,16586.496,25128.541439999997,44.7835392,1.16105472,0.368,fallback_frp_1h_assumption,FRP_to_FRE_to_dry_matter_then_IPCC_2019_factors
3dd86e9a-b097-52a5-808b-b68f9e9a87c5,0703af0b-675c-50e4-8c65-53ba8328e8ac,agricultural_burn,cropland,agricultural_residue,2,3924.9,1444.3632,2188.2102480000003,3.8997806400000004,0.10110542400000001,0.368,trapezoidal_observation_integration,FRP_to_FRE_to_dry_matter_then_IPCC_2019_factors
f936d532-15f4-5c9d-bafb-15fb75b6854a,d3969127-8698-559a-955d-0cf4b5b5e5ec,agricultural_burn,cropland,agricultural_residue,2,60253.2,22173.1776,33592.364063999994,59.86757952,1.5521224320000002,0.368,trapezoidal_observation_integration,FRP_to_FRE_to_dry_matter_then_IPCC_2019_factors
d338458a-5a47-5887-9f2f-1e70b5d889dd,409c2a1e-2f02-5efe-bec5-8cd53755c80b,agricultural_burn,cropland,agricultural_residue,2,251.10000000000002,92.40480000000001,139.99327200000002,0.24949296000000004,0.006468336000000002,0.368,trapezoidal_observation_integration,FRP_to_FRE_to_dry_matter_then_IPCC_2019_factors
c5a4100f-e8f2-53a7-a6f5-314396fb5f20,2db2eb89-fea8-5961-876d-e6e9691fb35e,agricultural_burn,cropland,agricultural_residue,6,9180.0,3378.24,5118.0336,9.121248,0.2364768,0.368,fallback_frp_1h_assumption,FRP_to_FRE_to_dry_matter_then_IPCC_2019_factors
aefd2250-6e17-5197-8ef7-fa811748be5a,7082be1a-6a4c-5545-bd73-82c8d75174fb,agricultural_burn,cropland,agricultural_residue,1,36036.0,13261.248,20090.790719999997,35.8053696,0.92828736,0.368,singleton_frp_1h_assumption,FRP_to_FRE_to_dry_matter_then_IPCC_2019_factors
48f8cd47-7882-568e-80b0-de91e74968dd,8ac04fa0-5c08-5c0d-aa19-2fe0cafc8440,agricultural_burn,cropland,agricultural_residue,3,6588.0,2424.384,3672.94176,6.5458368,0.16970688,0.368,fallback_frp_1h_assumption,FRP_to_FRE_to_dry_matter_then_IPCC_2019_factors
808354cd-c14a-5140-a414-6fd527817421,a5e850be-fe9e-507a-8726-cb9680e8124b,agricultural_burn,cropland,agricultural_residue,4,11131.2,4096.2816,6205.866624000001,11.059960320000002,0.28673971200000004,0.368,trapezoidal_observation_integration,FRP_to_FRE_to_dry_matter_then_IPCC_2019_factors
879f2a53-2d6c-5157-9a6c-525171a43359,e6ac596b-4473-5265-a7f7-661e59287f8d,agricultural_burn,cropland,agricultural_residue,2,12744.0,4689.792,7105.034880000001,12.662438400000003,0.32828544000000004,0.368,fallback_frp_1h_assumption,FRP_to_FRE_to_dry_matter_then_IPCC_2019_factors
bc44806d-c1f7-5d12-8e79-7600c5da0f3c,b78d717e-85be-5852-8fe9-555933cd6569,agricultural_burn,cropland,agricultural_residue,4,8425.199999999999,3100.4735999999994,4697.217503999998,8.371278719999998,0.21703315199999998,0.368,trapezoidal_observation_integration,FRP_to_FRE_to_dry_matter_then_IPCC_2019_factors
064554ff-78d8-5e4f-94e2-6f2de8cffd5c,8427da77-cf50-5f9b-a739-ec5aa764e88f,agricultural_burn,cropland,agricultural_residue,2,73109.40000000001,26904.259200000004,40759.952688000005,72.64149984000002,1.8832981440000005,0.368,trapezoidal_observation_integration,FRP_to_FRE_to_dry_matter_then_IPCC_2019_factors
00d523fb-5dd5-5edb-9c60-d8e46d119feb,5802dec6-2bef-5b2e-a3d0-b03dd2238c93,agricultural_burn,cropland,agricultural_residue,3,5832.0,2146.176,3251.45664,5.7946752,0.15023232,0.368,fallback_frp_1h_assumption,FRP_to_FRE_to_dry_matter_then_IPCC_2019_factors
5e71e57d-cac3-5231-a962-412f2108ae52,d1dc3835-51fb-5522-af62-0ef0f770e36a,agricultural_burn,cropland,agricultural_residue,2,41256.0,15182.208,23001.045120000002,40.9919616,1.0627545600000001,0.368,fallback_frp_1h_assumption,FRP_to_FRE_to_dry_matter_then_IPCC_2019_factors
58abb859-888c-5764-8efb-a0d1b275f42b,9405264f-353f-5ad7-a6b1-e1d39b3af239,agricultural_burn,cropland,agricultural_residue,4,25880.4,9523.9872,14428.840607999999,25.71476544,0.6666791040000001,0.368,trapezoidal_observation_integration,FRP_to_FRE_to_dry_matter_then_IPCC_2019_factors
daca8063-4175-5603-ac7b-b24e59385dc8,ffef2904-8db4-5c9a-9fdf-16b830855fb9,wildfire,grassland,savanna_grassland,3,68218.79999999999,25104.518399999994,40493.588179199985,57.74039231999998,5.271948863999998,0.368,trapezoidal_observation_integration,FRP_to_FRE_to_dry_matter_then_IPCC_2019_factors
5164e85d-b627-5846-b865-52453854468e,09ba9899-38e9-5806-bb63-36b3b3c06a04,agricultural_burn,cropland,agricultural_residue,2,15264.0,5617.152,8509.985279999999,15.1663104,0.39320064000000005,0.368,fallback_frp_1h_assumption,FRP_to_FRE_to_dry_matter_then_IPCC_2019_factors
cf2dd907-5118-54ce-85a9-3cd44f3ccff2,6474146a-0534-540d-8d7d-350e39735de6,agricultural_burn,cropland,agricultural_residue,2,2592.0,953.856,1445.09184,2.5754112,0.06676992,0.368,fallback_frp_1h_assumption,FRP_to_FRE_to_dry_matter_then_IPCC_2019_factors
90484cce-6cf8-5882-bbf7-1629950592a1,b94e0bff-fe67-58ad-9501-b8075ef5f8e1,agricultural_burn,cropland,agricultural_residue,1,44712.0,16454.016,24927.83424,44.4258432,1.15178112,0.368,singleton_frp_1h_assumption,FRP_to_FRE_to_dry_matter_then_IPCC_2019_factors
02a138f0-d4ea-5f28-a051-90f5ba25e076,e53af563-b0c7-5a25-bff6-c265db0241c2,agricultural_burn,cropland,agricultural_residue,2,13896.0,5113.728,7747.29792,13.807065600000001,0.35796096000000005,0.368,fallback_frp_1h_assumption,FRP_to_FRE_to_dry_matter_then_IPCC_2019_factors
909c251f-f036-5d25-9ea1-a1f2617673aa,04aa6567-5e2c-50b0-8cc8-941395cfdae5,agricultural_burn,cropland,agricultural_residue,2,78159.90000000001,28762.843200000003,43575.70744800001,77.65967664000001,2.0133990240000004,0.368,trapezoidal_observation_integration,FRP_to_FRE_to_dry_matter_then_IPCC_2019_factors
be751f78-5bcb-5e25-8526-b0a03807f54c,0c26f4b8-aff1-59d7-a983-0b46cf3a8ff1,wildfire,grassland,savanna_grassland,1,26856.0,9883.008,15941.291904,22.7309184,2.07543168,0.368,singleton_frp_1h_assumption,FRP_to_FRE_to_dry_matter_then_IPCC_2019_factors
d2181be4-acf0-55e8-a2c9-f2b73194f15a,471c3aea-6e4b-5391-b56b-5f8330eff5c9,wildfire,grassland,savanna_grassland,4,20851.2,7673.2416,12376.9387008,17.648455679999998,1.611380736,0.368,trapezoidal_observation_integration,FRP_to_FRE_to_dry_matter_then_IPCC_2019_factors
46eb4bae-cd6d-51d2-b701-d35c8c625134,a1e6cb85-8a10-572b-a736-0270d5b51ddd,agricultural_burn,cropland,agricultural_residue,2,8481.6,3121.2288,4728.661632,8.42731776,0.218486016,0.368,trapezoidal_observation_integration,FRP_to_FRE_to_dry_matter_then_IPCC_2019_factors
5bdd2f7a-a1bd-5982-8ebf-e9d905af8128,79b82310-524e-5d2d-b184-c364fd9e10ae,wildfire,tree_cover,tropical_forest,2,16992.0,6253.056,9879.828479999998,42.52078079999999,1.2506112,0.368,fallback_frp_1h_assumption,FRP_to_FRE_to_dry_matter_then_IPCC_2019_factors
242d1d04-940a-5e3f-849e-63c91f73e344,89fff054-8988-5ba0-a0a7-5781627907a5,agricultural_burn,cropland,agricultural_residue,4,9850.5,3624.984,5491.850759999999,9.7874568,0.25374888,0.368,trapezoidal_observation_integration,FRP_to_FRE_to_dry_matter_then_IPCC_2019_factors
07450ba9-e4dd-5e4c-8536-b0d851e14887,206a7d56-71d3-568b-b227-4d1a7ec20327,agricultural_burn,cropland,agricultural_residue,2,16596.0,6107.3279999999995,9252.60192,16.489785599999998,0.42751296,0.368,fallback_frp_1h_assumption,FRP_to_FRE_to_dry_matter_then_IPCC_2019_factors
15bbde1b-11ed-5b1e-95d3-99a8d6cbf864,50146fff-fca8-5dc4-9282-cf0304bc0586,agricultural_burn,cropland,agricultural_residue,3,23743.199999999997,8737.497599999999,13237.308863999999,23.59124352,0.611624832,0.368,trapezoidal_observation_integration,FRP_to_FRE_to_dry_matter_then_IPCC_2019_factors
c326f934-7d35-5043-b04f-c5e2825c5526,75d64e75-c25f-505a-b6f0-2c7440f9d033,agricultural_burn,cropland,agricultural_residue,2,9864.0,3629.9519999999998,5499.37728,9.800870399999999,0.25409664,0.368,fallback_frp_1h_assumption,FRP_to_FRE_to_dry_matter_then_IPCC_2019_factors
c6a8a6ea-cd5f-53a9-ac59-eb0e3206cd26,2237e463-f8b8-56e8-a258-966a5f82009f,agricultural_burn,cropland,agricultural_residue,4,27643.199999999997,10172.6976,15411.636864,27.46628352,0.7120888320000001,0.368,trapezoidal_observation_integration,FRP_to_FRE_to_dry_matter_then_IPCC_2019_factors
cfbdfe80-908a-5282-ad2a-9d92110718fe,ff8146f7-2a94-572a-80d3-94787490b6d7,agricultural_burn,cropland,agricultural_residue,3,12589.2,4632.8256,7018.730784,12.508629120000002,0.32429779200000003,0.368,trapezoidal_observation_integration,FRP_to_FRE_to_dry_matter_then_IPCC_2019_factors
febde8ac-6dfd-563f-a895-fd3f18ddde7d,87131702-8e5b-54e3-bf68-cbeabc4f3e6c,agricultural_burn,cropland,agricultural_residue,2,864.0,317.952,481.69728,0.8584704000000001,0.02225664,0.368,fallback_frp_1h_assumption,FRP_to_FRE_to_dry_matter_then_IPCC_2019_factors
4499145c-d31f-5028-b4fe-ecf50a45b3df,670e8394-4d2b-5e78-9975-627d374450e1,wildfire,tree_cover,tropical_forest,2,13356.0,4915.008,7765.71264,33.4220544,0.9830016,0.368,fallback_frp_1h_assumption,FRP_to_FRE_to_dry_matter_then_IPCC_2019_factors
86bde435-bd8b-540c-9a65-9f76c4a4922a,61773197-a3a1-5556-b5ab-feb20b6c570c,agricultural_burn,cropland,agricultural_residue,2,15876.0,5842.3679999999995,8851.18752,15.7743936,0.40896576,0.368,fallback_frp_1h_assumption,FRP_to_FRE_to_dry_matter_then_IPCC_2019_factors
40320bb7-8f3a-5d8c-a119-67154d6a4237,6489f464-8386-5376-b1bb-5f5ad415ad37,agricultural_burn,cropland,agricultural_residue,2,7920.000000000001,2914.5600000000004,4415.558400000001,7.869312000000002,0.20401920000000004,0.368,fallback_frp_1h_assumption,FRP_to_FRE_to_dry_matter_then_IPCC_2019_factors
8bbbd067-ff0a-50c7-856d-70527de102bd,404203e3-07a1-5875-862b-97c8eab29171,agricultural_burn,cropland,agricultural_residue,3,6120.0,2252.16,3412.0224,6.080832,0.15765120000000002,0.368,fallback_frp_1h_assumption,FRP_to_FRE_to_dry_matter_then_IPCC_2019_factors
03b00b71-7af8-5932-9810-b6ef10682f7c,70c26393-3715-5903-97ac-40aa2f19a480,agricultural_burn,cropland,agricultural_residue,2,15696.000000000002,5776.128000000001,8750.833920000001,15.595545600000003,0.4043289600000001,0.368,fallback_frp_1h_assumption,FRP_to_FRE_to_dry_matter_then_IPCC_2019_factors
f10509cc-46ae-531d-b073-74e056a6e40c,147c670d-3342-5205-93ed-8947bbee21e0,wildfire,tree_cover,tropical_forest,2,9720.0,3576.96,5651.5968,24.323328,0.715392,0.368,fallback_frp_1h_assumption,FRP_to_FRE_to_dry_matter_then_IPCC_2019_factors
932a750e-5db7-5368-8343-3405d3187daa,2c7288f7-bd67-51b3-871b-eb0044861a8e,wildfire,grassland,savanna_grassland,2,13550.4,4986.5472,8043.3006336,11.469058559999999,1.047174912,0.368,trapezoidal_observation_integration,FRP_to_FRE_to_dry_matter_then_IPCC_2019_factors
d5d9fe09-8cd5-5b40-910c-bb22ba93620f,b9944ca4-6abb-5f9d-9f2b-96bb544498e4,agricultural_burn,cropland,agricultural_residue,2,35757.00000000001,13158.576000000003,19935.242640000004,35.52815520000001,0.9211003200000002,0.368,trapezoidal_observation_integration,FRP_to_FRE_to_dry_matter_then_IPCC_2019_factors
5b097dd7-4f5c-58e3-9a23-521aa85c68eb,56ecd667-6052-5be7-b9b6-774b93e49805,agricultural_burn,cropland,agricultural_residue,8,27378.0,10075.104,15263.782559999998,27.2027808,0.70525728,0.368,trapezoidal_observation_integration,FRP_to_FRE_to_dry_matter_then_IPCC_2019_factors
ff98ce56-d706-5edc-a443-dd17a17711f1,e5feda21-dee6-5818-824c-db6a2fab07ff,wildfire,grassland,savanna_grassland,1,56448.0,20772.864,33506.629632000004,47.7775872,4.36230144,0.368,singleton_frp_1h_assumption,FRP_to_FRE_to_dry_matter_then_IPCC_2019_factors
16e2f94e-4c1a-5804-b5d4-ac9908999c14,78cfce10-4404-531e-a6e8-5445306a24bd,agricultural_burn,cropland,agricultural_residue,2,7235.999999999999,2662.8479999999995,4034.2147199999995,7.189689599999999,0.18639936,0.368,fallback_frp_1h_assumption,FRP_to_FRE_to_dry_matter_then_IPCC_2019_factors
87f30ecf-83c9-55f8-b241-3ed807845b38,3c10bb52-bed7-5545-a00c-d485efeff140,agricultural_burn,cropland,agricultural_residue,2,26100.0,9604.8,14551.271999999999,25.932959999999998,0.672336,0.368,fallback_frp_1h_assumption,FRP_to_FRE_to_dry_matter_then_IPCC_2019_factors
c50117d5-bc97-5286-ad35-017f49b158db,9311d4c4-e4c3-57d4-903f-2f227f60a3e2,wildfire,grassland,savanna_grassland,4,27885.899999999998,10262.011199999999,16552.624065599997,23.602625759999995,2.1550223519999996,0.368,trapezoidal_observation_integration,FRP_to_FRE_to_dry_matter_then_IPCC_2019_factors
b20c0099-9426-5ed1-8cdb-6ba818b56617,e344bc29-e2e4-5e93-876f-2a9a6f5e9093,agricultural_burn,cropland,agricultural_residue,2,20160.0,7418.88,11239.6032,20.030976000000003,0.5193216,0.368,fallback_frp_1h_assumption,FRP_to_FRE_to_dry_matter_then_IPCC_2019_factors
97eabc6a-6e78-5704-aaba-059cdd88a70e,84002dc0-406f-55d3-86ef-64f34ddd243b,agricultural_burn,cropland,agricultural_residue,2,13320.0,4901.76,7426.1664,13.234752000000002,0.3431232000000001,0.368,fallback_frp_1h_assumption,FRP_to_FRE_to_dry_matter_then_IPCC_2019_factors
ca861336-b7e9-54a4-8237-2f20b298cc81,bce6e85f-798c-5197-99d2-40988ea06258,agricultural_burn,cropland,agricultural_residue,2,31119.899999999998,11452.123199999998,17349.966647999998,30.920732639999997,0.8016486239999999,0.368,trapezoidal_observation_integration,FRP_to_FRE_to_dry_matter_then_IPCC_2019_factors
2f8ed6f4-8b4e-5335-9898-2cde9acf5920,2e224c5f-2384-5b22-bd00-82d0a079a591,agricultural_burn,cropland,agricultural_residue,3,31140.0,11459.52,17361.1728,30.940704,0.8021664000000001,0.368,fallback_frp_1h_assumption,FRP_to_FRE_to_dry_matter_then_IPCC_2019_factors
735578c5-def9-5862-90e7-38473c59b2eb,d105faa5-e9b6-5c33-9194-758713adcd30,agricultural_burn,cropland,agricultural_residue,2,17066.399999999998,6280.435199999999,9514.859327999999,16.95717504,0.43963046399999994,0.368,trapezoidal_observation_integration,FRP_to_FRE_to_dry_matter_then_IPCC_2019_factors
994e9766-fa36-5e32-a124-241da75df8c3,4e8377d8-5a92-5c82-ba66-94ea1079c47f,wildfire,grassland,savanna_grassland,3,33300.0,12254.4,19766.3472,28.185119999999994,2.573424,0.368,fallback_frp_1h_assumption,FRP_to_FRE_to_dry_matter_then_IPCC_2019_factors
903892db-3fe6-5fbe-93a5-f155fa9e3fa7,cbfa8256-f69e-5042-ac81-7c2a98cf5d66,agricultural_burn,cropland,agricultural_residue,2,1440.0,529.92,802.8287999999999,1.4307839999999998,0.0370944,0.368,fallback_frp_1h_assumption,FRP_to_FRE_to_dry_matter_then_IPCC_2019_factors
20e5836b-75d0-5125-b08f-a54fc859d94c,103da57b-e3d7-59a9-9e45-94b193661859,agricultural_burn,cropland,agricultural_residue,2,29628.0,10903.104,16518.202559999998,29.438380799999997,0.7632172800000001,0.368,fallback_frp_1h_assumption,FRP_to_FRE_to_dry_matter_then_IPCC_2019_factors
b47c121c-b762-58a2-bb20-7edf2414fb2a,10a60c07-f975-5858-a4ff-9f2498414ebf,agricultural_burn,cropland,agricultural_residue,4,4998.0,1839.264,2786.48496,4.966012800000001,0.12874848,0.368,trapezoidal_observation_integration,FRP_to_FRE_to_dry_matter_then_IPCC_2019_factors
14e5a327-b119-53f4-b6ce-1e1a4bc1c52d,7117529f-2943-5c5c-ac2c-c175b4e24801,agricultural_burn,cropland,agricultural_residue,5,19374.600000000002,7129.852800000001,10801.726992,19.250602560000004,0.4990896960000001,0.368,trapezoidal_observation_integration,FRP_to_FRE_to_dry_matter_then_IPCC_2019_factors
0c0992f5-0667-544c-8f8f-0db0c8877309,95e99ff2-889e-5af8-9731-a5bf1dad3c69,agricultural_burn,cropland,agricultural_residue,2,1058.3999999999999,389.49119999999994,590.079168,1.0516262399999998,0.027264384,0.368,trapezoidal_observation_integration,FRP_to_FRE_to_dry_matter_then_IPCC_2019_factors
d1110f08-a587-59e3-b146-d2588d261330,3fa72574-1b06-5029-b1d2-14c60ad694c7,agricultural_burn,cropland,agricultural_residue,2,630.0,231.84,351.2376,0.6259680000000001,0.0162288,0.368,trapezoidal_observation_integration,FRP_to_FRE_to_dry_matter_then_IPCC_2019_factors
e71de625-f864-538f-ac4c-6cd708abf941,46cb21ee-7387-5f8d-9283-dabfa40e9fc6,agricultural_burn,cropland,agricultural_residue,1,73548.0,27065.664,41004.48096,73.07729280000001,1.8945964800000001,0.368,singleton_frp_1h_assumption,FRP_to_FRE_to_dry_matter_then_IPCC_2019_factors
303a9ace-d35f-5590-8516-e4e21e779f81,30875261-7070-5428-80fe-0986bf5d83c7,agricultural_burn,cropland,agricultural_residue,3,13219.2,4864.6656,7369.968384000001,13.134597120000002,0.3405265920000001,0.368,trapezoidal_observation_integration,FRP_to_FRE_to_dry_matter_then_IPCC_2019_factors
79cd55c0-5265-5180-8eda-5b8fa7549cb3,d28e51d3-2c6f-51fa-8017-2c8d3bd763a0,agricultural_burn,cropland,agricultural_residue,2,21456.0,7895.808,11962.14912,21.3186816,0.5527065600000001,0.368,fallback_frp_1h_assumption,FRP_to_FRE_to_dry_matter_then_IPCC_2019_factors
117548a4-3da3-5ade-876c-32d57ac3fb8b,753e9eb4-a646-5855-b233-7d4cacc772a4,agricultural_burn,cropland,agricultural_residue,2,49024.49999999999,18041.015999999996,27332.139239999993,48.71074319999999,1.2628711199999998,0.368,trapezoidal_observation_integration,FRP_to_FRE_to_dry_matter_then_IPCC_2019_factors
a8fef67a-53cf-5af6-b04f-6776e5973ce2,5be0b826-16d7-51bf-bd07-e869b9d87f21,agricultural_burn,cropland,agricultural_residue,4,10483.199999999999,3857.8175999999994,5844.593663999999,10.416107519999999,0.270047232,0.368,trapezoidal_observation_integration,FRP_to_FRE_to_dry_matter_then_IPCC_2019_factors
042cc5f8-53a0-5371-abae-94e45d79571c,1a1c6f40-6042-51d7-8f98-20fed7535b1d,agricultural_burn,cropland,agricultural_residue,2,18684.0,6875.7119999999995,10416.70368,18.564422399999998,0.48129984000000003,0.368,fallback_frp_1h_assumption,FRP_to_FRE_to_dry_matter_then_IPCC_2019_factors
955119e0-c451-5bbb-b7d6-bf972369b08e,340a4094-ce0d-570b-b907-0e792a3c85ef,agricultural_burn,cropland,agricultural_residue,3,347995.2,128062.2336,194014.283904,345.76803072,8.964356352000001,0.368,trapezoidal_observation_integration,FRP_to_FRE_to_dry_matter_then_IPCC_2019_factors
d3fe8240-1545-5b15-a920-4d62576a4936,d31c8111-0682-56dc-93eb-463c31ea3d27,agricultural_burn,cropland,agricultural_residue,2,39456.0,14519.807999999999,21997.50912,39.203481599999996,1.01638656,0.368,fallback_frp_1h_assumption,FRP_to_FRE_to_dry_matter_then_IPCC_2019_factors
a84f512d-3cdf-553b-8498-6aa79c7f6216,45830cc4-f1c0-5ab3-877c-d94cee84a4d2,agricultural_burn,cropland,agricultural_residue,2,8496.0,3126.528,4736.68992,8.4416256,0.21885696000000002,0.368,fallback_frp_1h_assumption,FRP_to_FRE_to_dry_matter_then_IPCC_2019_factors
712af20a-d04d-5273-a346-27ed91bf24c2,8cf45a59-d661-5dc2-9733-c4ea38ee81c1,agricultural_burn,cropland,agricultural_residue,2,11160.0,4106.88,6221.9232,11.088576000000002,0.2874816,0.368,fallback_frp_1h_assumption,FRP_to_FRE_to_dry_matter_then_IPCC_2019_factors
bd927675-22aa-550e-9f41-3bff27ff6123,51fbe2c2-e739-58a9-ac90-5ae8dba4f1ff,agricultural_burn,cropland,agricultural_residue,2,23832.0,8770.176,13286.81664,23.679475200000002,0.6139123200000001,0.368,fallback_frp_1h_assumption,FRP_to_FRE_to_dry_matter_then_IPCC_2019_factors
5fda97c7-12c9-552b-bd5a-958268ee5c1c,2106d6c2-de22-58e7-a8cc-b67cae383e90,wildfire,tree_cover,tropical_forest,1,23364.0,8597.952,13584.764159999999,58.466073599999994,1.7195904,0.368,singleton_frp_1h_assumption,FRP_to_FRE_to_dry_matter_then_IPCC_2019_factors
b2176b72-27db-5a18-87ab-51a5e83dcfe9,07128cb3-e3a6-57c7-8da6-72c8bf68c843,agricultural_burn,cropland,agricultural_residue,2,15840.000000000002,5829.120000000001,8831.116800000002,15.738624000000003,0.4080384000000001,0.368,fallback_frp_1h_assumption,FRP_to_FRE_to_dry_matter_then_IPCC_2019_factors
c49b2dab-8d15-5df8-9b19-ecc0cb424361,15769232-da93-5a75-b757-6a0994b7df4e,agricultural_burn,cropland,agricultural_residue,2,5645.7,2077.6176,3147.590664,5.609567520000001,0.145433232,0.368,trapezoidal_observation_integration,FRP_to_FRE_to_dry_matter_then_IPCC_2019_factors
1d484cc8-d11b-5f72-a788-8f49ae6c44cc,7c251ab8-9a90-5db1-9e4f-17278f519386,agricultural_burn,cropland,agricultural_residue,2,26928.0,9909.503999999999,15012.898559999998,26.755660799999998,0.69366528,0.368,fallback_frp_1h_assumption,FRP_to_FRE_to_dry_matter_then_IPCC_2019_factors
a56fecba-5f58-5b59-a210-bc3fb042d306,d6fda513-f0ba-534b-b49c-1eb6ab2d589b,agricultural_burn,cropland,agricultural_residue,7,87459.90000000001,32185.243200000004,48760.64344800001,86.90015664000002,2.2529670240000006,0.368,trapezoidal_observation_integration,FRP_to_FRE_to_dry_matter_then_IPCC_2019_factors
1babe8c4-9d89-578d-b090-e13e7f8b0070,8ec6bc99-1229-5085-ae97-07b72f7f1eaa,agricultural_burn,cropland,agricultural_residue,4,2396.1,881.7647999999999,1335.8736719999997,2.38076496,0.061723536,0.368,trapezoidal_observation_integration,FRP_to_FRE_to_dry_matter_then_IPCC_2019_factors
4ed22960-160d-5f4f-b639-b14e02e843d1,816c5912-4580-5179-810d-4f9b15b417ad,agricultural_burn,cropland,agricultural_residue,2,10908.0,4014.144,6081.4281599999995,10.8381888,0.28099008000000003,0.368,fallback_frp_1h_assumption,FRP_to_FRE_to_dry_matter_then_IPCC_2019_factors
2e1c4ce9-fa0c-5715-9654-3dcb301cee5b,fb414384-0bc3-5aa9-b7fb-49a80ab2c562,wildfire,grassland,savanna_grassland,1,35388.0,13022.784,21005.750592,29.952403199999996,2.73478464,0.368,singleton_frp_1h_assumption,FRP_to_FRE_to_dry_matter_then_IPCC_2019_factors
cf2ef06a-03a2-5a21-855f-2a13648e3ad4,65749899-a02a-52ee-9737-a2c8f7dd52cf,agricultural_burn,cropland,agricultural_residue,3,2337.3,860.1264000000001,1303.091496,2.3223412800000007,0.06020884800000001,0.368,trapezoidal_observation_integration,FRP_to_FRE_to_dry_matter_then_IPCC_2019_factors
8ca4b9db-5663-5b8f-9a56-97ec638f39a8,0902b22a-b65a-54a1-846f-ec02463903e8,agricultural_burn,cropland,agricultural_residue,1,53820.0,19805.76,30005.7264,53.47555199999999,1.3864032,0.368,singleton_frp_1h_assumption,FRP_to_FRE_to_dry_matter_then_IPCC_2019_factors
e5ba4c11-cff8-540d-a982-2d66c2687c14,72807c92-5c84-5e03-97a3-f4cc65123ff4,agricultural_burn,cropland,agricultural_residue,4,29433.6,10831.5648,16409.820672,29.24522496,0.7582095360000001,0.368,trapezoidal_observation_integration,FRP_to_FRE_to_dry_matter_then_IPCC_2019_factors
1fce3493-7a77-5e72-8220-419582628aa5,d9a5c5d9-1cb9-50ac-8715-6e07fd32bf9e,agricultural_burn,cropland,agricultural_residue,3,13334.4,4907.0592,7434.194688,13.24905984,0.343494144,0.368,trapezoidal_observation_integration,FRP_to_FRE_to_dry_matter_then_IPCC_2019_factors
0a3a4648-ec36-5fcd-81a7-7b8173aabe55,f97fb53a-2716-55d4-a788-ae50ca1a06ff,agricultural_burn,cropland,agricultural_residue,2,3204.0,1179.072,1786.29408,3.1834944,0.08253503999999999,0.368,fallback_frp_1h_assumption,FRP_to_FRE_to_dry_matter_then_IPCC_2019_factors
371ee366-5066-525c-bcfd-a7fa8ddac801,022c50ee-c5c0-58af-a732-bc1dbad857d7,agricultural_burn,cropland,agricultural_residue,2,15264.0,5617.152,8509.985279999999,15.1663104,0.39320064000000005,0.368,fallback_frp_1h_assumption,FRP_to_FRE_to_dry_matter_then_IPCC_2019_factors
1cac7671-48e1-5336-b231-83fffff02be7,3692315d-c761-559c-9494-b5cb29c4d529,agricultural_burn,cropland,agricultural_residue,6,8215.199999999999,3023.1935999999996,4580.138303999999,8.16262272,0.211623552,0.368,trapezoidal_observation_integration,FRP_to_FRE_to_dry_matter_then_IPCC_2019_factors
364ec21b-ac23-5e74-8c0a-bc8fcbd263b5,3fdbffc7-3784-5674-8e11-9574016a4651,agricultural_burn,cropland,agricultural_residue,2,7056.0,2596.608,3933.86112,7.010841600000001,0.18176256000000005,0.368,fallback_frp_1h_assumption,FRP_to_FRE_to_dry_matter_then_IPCC_2019_factors
ee880b59-62a0-585f-9ed2-8fd5e75672f4,537e5e1e-cc4a-5446-a0f5-881aac002f2e,agricultural_burn,cropland,agricultural_residue,2,23472.0,8637.696,13086.10944,23.3217792,0.6046387200000001,0.368,fallback_frp_1h_assumption,FRP_to_FRE_to_dry_matter_then_IPCC_2019_factors
696aeb68-ab69-5b70-bbd4-4b887e9ef85f,fdcb74e6-4bf0-50e9-9f28-894c5126492b,agricultural_burn,cropland,agricultural_residue,2,3868.8,1423.7184,2156.933376,3.8440396800000003,0.09966028800000001,0.368,trapezoidal_observation_integration,FRP_to_FRE_to_dry_matter_then_IPCC_2019_factors
ee8f91bf-33bd-54bb-a013-4c5b7e966376,ac648d61-2857-56a4-be5a-deeb80ba75c4,wildfire,grassland,savanna_grassland,3,43180.8,15890.5344,25631.431987199998,36.548229119999995,3.337012224,0.368,trapezoidal_observation_integration,FRP_to_FRE_to_dry_matter_then_IPCC_2019_factors
9b3aecf7-fe8f-514e-85f5-cb3626bf293b,21fbdc9a-4968-5aa0-8af7-dc0f0bc0fc6c,wildfire,grassland,savanna_grassland,1,25416.0,9353.088,15086.530944,21.512102399999996,1.9641484799999998,0.368,singleton_frp_1h_assumption,FRP_to_FRE_to_dry_matter_then_IPCC_2019_factors
d11d282e-c991-5f37-b404-79dfc3e5a713,89002c32-b12e-53a1-ad47-63c4128bffe7,agricultural_burn,cropland,agricultural_residue,2,11721.6,4313.5488000000005,6535.026432000001,11.646581760000002,0.30194841600000005,0.368,trapezoidal_observation_integration,FRP_to_FRE_to_dry_matter_then_IPCC_2019_factors
1b50657c-8d81-5927-870c-24dde5192715,79cf1466-6771-59ca-b05c-8db1fabaae41,agricultural_burn,cropland,agricultural_residue,2,10548.0,3881.6639999999998,5880.72096,10.4804928,0.27171648,0.368,fallback_frp_1h_assumption,FRP_to_FRE_to_dry_matter_then_IPCC_2019_factors
dab4e8cb-1bd1-5688-991b-e097cddb4841,8c04cd24-77f5-5cc6-84a1-38321e9a64a3,wildfire,tree_cover,tropical_forest,2,3168.0,1165.824,1842.0019200000002,7.9276032,0.2331648,0.368,fallback_frp_1h_assumption,FRP_to_FRE_to_dry_matter_then_IPCC_2019_factors
ca590e2d-4ffb-5412-b5ae-30f984e6021d,328bbdfd-24cf-5973-a811-fef0cc433270,agricultural_burn,cropland,agricultural_residue,2,2844.0,1046.5919999999999,1585.5868799999998,2.8257983999999996,0.07326144,0.368,fallback_frp_1h_assumption,FRP_to_FRE_to_dry_matter_then_IPCC_2019_factors
a7934498-1cb1-5855-abf1-d6c92140c8eb,a24abf0f-93fe-5119-9779-42ceb010edae,agricultural_burn,cropland,agricultural_residue,5,34412.7,12663.873599999999,19185.768503999996,34.192458720000005,0.8864711519999999,0.368,trapezoidal_observation_integration,FRP_to_FRE_to_dry_matter_then_IPCC_2019_factors
cf65457c-6151-57ca-a7dd-6a660ab35ce2,d3a87ad2-8a0f-5d53-b731-fc52509f6bac,agricultural_burn,cropland,agricultural_residue,3,29592.000000000004,10889.856000000002,16498.131840000002,29.402611200000006,0.7622899200000002,0.368,fallback_frp_1h_assumption,FRP_to_FRE_to_dry_matter_then_IPCC_2019_factors
0052c7dc-2f48-5133-bda8-dbe8af787ac4,ed5f49ac-d819-55bf-8530-c5d4c67c9018,agricultural_burn,cropland,agricultural_residue,8,250215.0,92079.12,139499.8668,248.61362400000002,6.4455384,0.368,trapezoidal_observation_integration,FRP_to_FRE_to_dry_matter_then_IPCC_2019_factors
c966379e-e486-5b6d-843b-0db64034c77d,a2b38d71-e781-5913-9fd6-2b846346f397,agricultural_burn,cropland,agricultural_residue,1,58356.0,21475.007999999998,32534.637119999996,57.9825216,1.50325056,0.368,singleton_frp_1h_assumption,FRP_to_FRE_to_dry_matter_then_IPCC_2019_factors
ad8d7b65-64bb-5c83-8968-0e5922dcc773,529f3014-b71c-5205-986d-1f809595cab7,wildfire,tree_cover,tropical_forest,3,97920.0,36034.56,56934.604799999994,245.03500799999998,7.206912,0.368,fallback_frp_1h_assumption,FRP_to_FRE_to_dry_matter_then_IPCC_2019_factors
92fe9ad1-c398-5199-9d8c-c0256f002f03,c2993716-e74f-5633-821f-fdf7481d2d26,agricultural_burn,cropland,agricultural_residue,2,33984.0,12506.112,18946.75968,33.7665024,0.8754278400000001,0.368,fallback_frp_1h_assumption,FRP_to_FRE_to_dry_matter_then_IPCC_2019_factors
5ae5c15e-74c1-59b1-8c19-6d3cdebca168,2e5b0d95-a994-55c8-b469-5cfc778ab862,agricultural_burn,cropland,agricultural_residue,2,9396.0,3457.728,5238.45792,9.335865600000002,0.24204096000000003,0.368,fallback_frp_1h_assumption,FRP_to_FRE_to_dry_matter_then_IPCC_2019_factors
d4907c26-9712-5338-8483-6f65383635fc,3feff3ab-1c4f-5743-a981-16b8cc78476f,agricultural_burn,cropland,agricultural_residue,2,2232.0,821.376,1244.38464,2.2177152,0.057496320000000004,0.368,fallback_frp_1h_assumption,FRP_to_FRE_to_dry_matter_then_IPCC_2019_factors
b8604b6f-441c-5465-a1e9-b9ea33a3dd3c,4d8811a9-60d6-5a9e-b607-22b65529b936,agricultural_burn,cropland,agricultural_residue,2,10728.0,3947.904,5981.07456,10.6593408,0.27635328000000003,0.368,fallback_frp_1h_assumption,FRP_to_FRE_to_dry_matter_then_IPCC_2019_factors
a47b320f-2df7-5579-8e1c-c3a306121a4e,d426dec9-0035-594b-8bae-3d792bb0bb5b,agricultural_burn,cropland,agricultural_residue,3,12564.0,4623.552,7004.681279999999,12.483590399999999,0.32364864,0.368,fallback_frp_1h_assumption,FRP_to_FRE_to_dry_matter_then_IPCC_2019_factors
45eaa385-94b8-519a-9da8-b82b8c0dd828,83f1e6dc-6c5a-5172-85f1-4e1ac8730463,agricultural_burn,cropland,agricultural_residue,2,28748.999999999996,10579.631999999998,16028.142479999997,28.565006399999994,0.7405742399999999,0.368,trapezoidal_observation_integration,FRP_to_FRE_to_dry_matter_then_IPCC_2019_factors
55b852ff-bb24-5b27-a7bd-a72fdca24c52,bc5c5d4f-679d-5f45-866e-497f79ad4d44,agricultural_burn,cropland,agricultural_residue,2,17460.0,6425.28,9734.2992,17.348256000000003,0.44976960000000005,0.368,fallback_frp_1h_assumption,FRP_to_FRE_to_dry_matter_then_IPCC_2019_factors
284b53da-4acf-559e-a914-c10750dc8d6d,09dd8d9b-858a-53d7-879d-c19d06422ab0,agricultural_burn,cropland,agricultural_residue,3,17316.0,6372.288,9654.016319999999,17.2051776,0.44606016,0.368,fallback_frp_1h_assumption,FRP_to_FRE_to_dry_matter_then_IPCC_2019_factors
a90c0b9a-dc44-58a3-bdc6-5d4dfeb1fb53,394ce939-6631-5761-aedc-b42d3217ba52,agricultural_burn,cropland,agricultural_residue,2,22104.0,8134.272,12323.42208,21.9625344,0.56939904,0.368,fallback_frp_1h_assumption,FRP_to_FRE_to_dry_matter_then_IPCC_2019_factors
a99d1929-0205-5756-b0bc-cf155c32a66b,45b60d43-f02f-5cd8-822f-1fdb28a792e9,agricultural_burn,cropland,agricultural_residue,2,21672.0,7975.296,12082.573440000002,21.533299200000002,0.5582707200000001,0.368,fallback_frp_1h_assumption,FRP_to_FRE_to_dry_matter_then_IPCC_2019_factors
4922aa97-6764-546e-aa8e-59c5a6bdc84b,af155cb5-88aa-5072-8c9b-9caec58ab146,agricultural_burn,cropland,agricultural_residue,2,15214.5,5598.936,8482.38804,15.1171272,0.39192552,0.368,trapezoidal_observation_integration,FRP_to_FRE_to_dry_matter_then_IPCC_2019_factors
dc222e6c-858c-573c-b509-01c3ef6d8bcf,e0275c91-bba2-52e6-bf91-a8bfabcca23b,wildfire,cropland,extra_tropical_forest,1,68292.0,25131.456,39431.25446399999,118.11784320000001,6.534178559999999,0.368,singleton_frp_1h_assumption,FRP_to_FRE_to_dry_matter_then_IPCC_2019_factors
bbe30d84-2aa2-562f-bfbf-4cb822a6d4a3,3fc8a2bd-fae9-5071-ab84-824cb5d3a853,agricultural_burn,cropland,agricultural_residue,2,10728.0,3947.904,5981.07456,10.6593408,0.27635328000000003,0.368,fallback_frp_1h_assumption,FRP_to_FRE_to_dry_matter_then_IPCC_2019_factors
2af3c851-6552-5c40-9fb4-aca62fb9b47a,58981c21-4c5a-5504-ae1e-be2b705f690d,wildfire,cropland,extra_tropical_forest,2,16114.8,5930.2464,9304.556601600001,27.872158080000002,1.541864064,0.368,trapezoidal_observation_integration,FRP_to_FRE_to_dry_matter_then_IPCC_2019_factors
ad7b4538-c8da-5e31-a69d-f2eec0c8d6dc,c1a4d4c7-2e28-5a52-b507-046512a849fe,agricultural_burn,cropland,agricultural_residue,3,26566.800000000003,9776.582400000001,14811.522336000002,26.396772480000003,0.6843607680000001,0.368,trapezoidal_observation_integration,FRP_to_FRE_to_dry_matter_then_IPCC_2019_factors
703dca69-f254-5bb7-b047-838c2e947968,a59482f3-5a88-5f65-a470-3424c6414eba,wildfire,tree_cover,tropical_forest,1,26856.0,9883.008,15615.15264,67.2044544,1.9766016,0.368,singleton_frp_1h_assumption,FRP_to_FRE_to_dry_matter_then_IPCC_2019_factors
d39c711d-e3d6-5679-a9ae-4058f56b46ed,fe3817d2-00aa-5677-bdcf-070881dc4e09,agricultural_burn,cropland,agricultural_residue,6,156213.6,57486.6048,87092.206272,155.21383296,4.024062336,0.368,trapezoidal_observation_integration,FRP_to_FRE_to_dry_matter_then_IPCC_2019_factors
96af145f-1d5e-570b-9b63-35fde16b7303,184b9768-5f62-535f-93b1-b22cb704ddd0,agricultural_burn,cropland,agricultural_residue,2,34488.0,12691.583999999999,19227.74976,34.2672768,0.88841088,0.368,fallback_frp_1h_assumption,FRP_to_FRE_to_dry_matter_then_IPCC_2019_factors
858cad59-549d-55b1-8308-9a5526bfe3d8,d373b03e-25a1-5f3a-b67c-a2c40a4f7bc0,agricultural_burn,cropland,agricultural_residue,2,100152.0,36855.936,55836.74304,99.51102720000002,2.5799155200000006,0.368,fallback_frp_1h_assumption,FRP_to_FRE_to_dry_matter_then_IPCC_2019_factors
5e001b6f-6078-52c8-8a63-e8e57f9da3a8,fb7bbc24-97ba-5174-829c-a8ed7a6a081c,agricultural_burn,cropland,agricultural_residue,4,32207.7,11852.4336,17956.436904,32.001570720000004,0.829670352,0.368,trapezoidal_observation_integration,FRP_to_FRE_to_dry_matter_then_IPCC_2019_factors
4ed44538-ece0-502c-beb6-ba7b21a8553b,25ff3cec-1050-5b6a-a8e2-0357f234884e,agricultural_burn,cropland,agricultural_residue,2,22176.0,8160.768,12363.56352,22.0340736,0.57125376,0.368,fallback_frp_1h_assumption,FRP_to_FRE_to_dry_matter_then_IPCC_2019_factors
ee848294-f162-53f5-9603-15ad8d6e8095,e052391e-cc17-5517-a189-4c62fe436082,agricultural_burn,cropland,agricultural_residue,4,30076.2,11068.0416,16768.083024,29.88371232,0.7747629120000001,0.368,trapezoidal_observation_integration,FRP_to_FRE_to_dry_matter_then_IPCC_2019_factors
419ed5ec-00d9-5a6c-a419-18887743f105,50a3c0e3-eed4-590e-a5fb-fd713c983d92,agricultural_burn,cropland,agricultural_residue,3,13536.0,4981.248,7546.59072,13.4493696,0.34868736,0.368,trapezoidal_observation_integration,FRP_to_FRE_to_dry_matter_then_IPCC_2019_factors
39161e4a-00ae-570e-a385-9e7f62e8bc0a,2c4d543c-734b-5ad5-a6fb-ecdbd69593b7,agricultural_burn,cropland,agricultural_residue,3,472766.7,173978.1456,263576.890584,469.74099312,12.178470192,0.368,trapezoidal_observation_integration,FRP_to_FRE_to_dry_matter_then_IPCC_2019_factors
42a01e53-d293-5983-81d8-f783b4f38486,3e437e8b-83d8-5f1e-8260-e51596c0fe18,agricultural_burn,cropland,agricultural_residue,2,20772.0,7644.096,11580.80544,20.6390592,0.53508672,0.368,fallback_frp_1h_assumption,FRP_to_FRE_to_dry_matter_then_IPCC_2019_factors
7e34cf49-496e-5aea-93dd-90d1ebe8b57a,d4b68956-6bb6-5f65-8d44-b06e807c5a4a,wildfire,tree_cover,tropical_forest,1,81288.0,29913.984,47264.09472,203.4150912,5.9827968,0.368,singleton_frp_1h_assumption,FRP_to_FRE_to_dry_matter_then_IPCC_2019_factors
2e994f92-1494-554e-b6de-ad1ab5c1f13e,c00a3a20-8b7d-5387-86e8-5f51f4a22fad,agricultural_burn,cropland,agricultural_residue,5,21643.2,7964.6976,12066.516864,21.504683520000004,0.557528832,0.368,trapezoidal_observation_integration,FRP_to_FRE_to_dry_matter_then_IPCC_2019_factors
2848119e-ee61-50c1-b944-76e32e3fd268,a174917d-2a6e-521c-b636-d19832234043,agricultural_burn,cropland,agricultural_residue,1,45612.0,16785.216,25429.602240000004,45.3200832,1.17496512,0.368,singleton_frp_1h_assumption,FRP_to_FRE_to_dry_matter_then_IPCC_2019_factors
a4b2efcd-00d6-5da1-9697-dd24e9552cd7,267c6f7c-fd4a-52ae-9e5f-7bb234a60b9c,wildfire,grassland,savanna_grassland,1,41508.0,15274.944,24638.484672,35.132371199999994,3.20773824,0.368,singleton_frp_1h_assumption,FRP_to_FRE_to_dry_matter_then_IPCC_2019_factors
3312a934-9059-546e-a115-ba4f94f1b114,aa299737-d82d-5c3b-9ed8-27bf41adf11c,agricultural_burn,cropland,agricultural_residue,2,23040.0,8478.72,12845.260799999998,22.892543999999997,0.5935104,0.368,fallback_frp_1h_assumption,FRP_to_FRE_to_dry_matter_then_IPCC_2019_factors
d2010576-0f84-5b08-af16-67944874dd7a,be56eb51-0769-54c4-9ccb-be861295682d,agricultural_burn,cropland,agricultural_residue,2,16596.0,6107.3279999999995,9252.60192,16.489785599999998,0.42751296,0.368,fallback_frp_1h_assumption,FRP_to_FRE_to_dry_matter_then_IPCC_2019_factors
7629130f-3c22-5461-b71c-ab152c76171c,1c732c62-fc33-5556-8fbd-a1943d544da6,agricultural_burn,cropland,agricultural_residue,2,50607.6,18623.5968,28214.749152,50.28371136,1.3036517760000002,0.368,trapezoidal_observation_integration,FRP_to_FRE_to_dry_matter_then_IPCC_2019_factors
a54a728b-4981-5f0d-be00-7de04a26b65a,a4b7fd81-9897-55eb-8641-eb8f2a9dd23d,agricultural_burn,cropland,agricultural_residue,3,7056.0,2596.608,3933.86112,7.010841600000001,0.18176256000000005,0.368,fallback_frp_1h_assumption,FRP_to_FRE_to_dry_matter_then_IPCC_2019_factors
ec427ab6-47ae-5ecd-9ee3-c310dbdc89b5,ecea53bf-7153-5d3a-898b-cbd750b63e7a,agricultural_burn,cropland,agricultural_residue,2,7488.0,2755.584,4174.70976,7.4400768,0.19289088000000001,0.368,fallback_frp_1h_assumption,FRP_to_FRE_to_dry_matter_then_IPCC_2019_factors
b751c5e9-8536-5121-af27-cfa0bcd7fc90,5abc282b-a282-5af7-a94e-da57a11948b8,agricultural_burn,cropland,agricultural_residue,7,41439.600000000006,15249.772800000002,23103.405792,41.17438656000001,1.0674840960000003,0.368,trapezoidal_observation_integration,FRP_to_FRE_to_dry_matter_then_IPCC_2019_factors
5ae2e1fc-35a0-5d2f-8dd6-7c9a4522594b,b4e8c09c-7ec9-5d7a-b3ea-ea1335e5cb6a,agricultural_burn,cropland,agricultural_residue,1,41040.0,15102.72,22880.6208,40.777344,1.0571903999999999,0.368,singleton_frp_1h_assumption,FRP_to_FRE_to_dry_matter_then_IPCC_2019_factors
1cefdd64-ab51-57cb-a186-41056b5163da,4ab25775-1ff0-5e71-9101-3b1bb646efdd,agricultural_burn,cropland,agricultural_residue,2,13572.0,4994.496,7566.661440000001,13.4851392,0.34961472000000005,0.368,fallback_frp_1h_assumption,FRP_to_FRE_to_dry_matter_then_IPCC_2019_factors
b4ce9c69-891f-515b-8d6a-be13ee0258e4,75afc857-274e-5d09-af91-6bd4add49ce9,agricultural_burn,cropland,agricultural_residue,3,20419.2,7514.2656,11384.112384,20.28851712,0.525998592,0.368,trapezoidal_observation_integration,FRP_to_FRE_to_dry_matter_then_IPCC_2019_factors
dd2fc5ca-0efe-5a2d-994a-b14608485f0b,777ab845-e016-544b-af12-1a822a10268c,agricultural_burn,cropland,agricultural_residue,2,32436.0,11936.448,18083.718719999997,32.228409600000006,0.8355513600000001,0.368,fallback_frp_1h_assumption,FRP_to_FRE_to_dry_matter_then_IPCC_2019_factors
866be313-be2d-52b7-9555-1e6614acb1cd,97a21761-b33a-5448-b0ce-8cd3515f1922,wildfire,grassland,savanna_grassland,1,18000.0,6624.0,10684.512,15.235199999999999,1.39104,0.368,singleton_frp_1h_assumption,FRP_to_FRE_to_dry_matter_then_IPCC_2019_factors
d2a4bbb7-d77d-5045-a6f2-2bd804e3b82e,d7c0c6ce-c269-5fad-9f65-bde186618ba6,agricultural_burn,cropland,agricultural_residue,3,19836.0,7299.648,11058.96672,19.709049600000004,0.5109753600000001,0.368,fallback_frp_1h_assumption,FRP_to_FRE_to_dry_matter_then_IPCC_2019_factors
312adf03-fe29-5129-b172-2e3385666a3a,a3c3015d-bdd3-5918-9599-d7315e061b27,agricultural_burn,cropland,agricultural_residue,2,4284.0,1576.512,2388.4156799999996,4.2565824,0.11035584,0.368,fallback_frp_1h_assumption,FRP_to_FRE_to_dry_matter_then_IPCC_2019_factors
aafbfa30-f364-5f6e-90c0-f03997f3ad06,8f9e5648-a758-52da-b111-f8141795e5e4,agricultural_burn,cropland,agricultural_residue,3,13435.800000000001,4944.374400000001,7490.727216000001,13.349810880000003,0.3461062080000001,0.368,trapezoidal_observation_integration,FRP_to_FRE_to_dry_matter_then_IPCC_2019_factors
5ff7f5ad-691d-5bdc-b3d6-f2d6e270ef82,ac1c817b-c143-50cc-b1e9-2d9a1f60a9dc,agricultural_burn,cropland,agricultural_residue,1,50724.0,18666.432,28279.64448,50.399366400000005,1.3066502400000002,0.368,singleton_frp_1h_assumption,FRP_to_FRE_to_dry_matter_then_IPCC_2019_factors
d746b382-5631-5f49-8877-44fe69c6f338,e999a60d-0e45-5c49-a48d-4cc43ec56e39,agricultural_burn,cropland,agricultural_residue,1,77328.0,28456.703999999998,43111.906559999996,76.8331008,1.99196928,0.368,singleton_frp_1h_assumption,FRP_to_FRE_to_dry_matter_then_IPCC_2019_factors
eb0a9bee-0ff7-5e9c-ae7d-4e4be706dbf5,4b2655ed-6c34-5e1d-9b82-1dd553cfc3ee,agricultural_burn,cropland,agricultural_residue,2,14796.000000000002,5444.928000000001,8249.065920000001,14.701305600000003,0.3811449600000001,0.368,fallback_frp_1h_assumption,FRP_to_FRE_to_dry_matter_then_IPCC_2019_factors
3db0910d-b3c2-5a8d-9e65-cb978b64592c,a7eda47f-f130-57b9-9283-b8bbf1883d8a,agricultural_burn,cropland,agricultural_residue,3,12960.0,4769.28,7225.459199999999,12.877056,0.3338496,0.368,fallback_frp_1h_assumption,FRP_to_FRE_to_dry_matter_then_IPCC_2019_factors
57f62172-a2cd-5dc4-95f1-96850a53f0d4,4edd14ad-d2d6-5827-b21f-770f11836eec,agricultural_burn,cropland,agricultural_residue,2,21024.0,7736.831999999999,11721.300479999998,20.8894464,0.5415782400000001,0.368,fallback_frp_1h_assumption,FRP_to_FRE_to_dry_matter_then_IPCC_2019_factors
385d7080-7e1c-5ce7-bdd5-14ecf33b41bc,b2ca8fbe-063b-5c1b-9ebb-dd7882425159,agricultural_burn,cropland,agricultural_residue,3,15336.0,5643.648,8550.12672,15.2378496,0.3950553600000001,0.368,fallback_frp_1h_assumption,FRP_to_FRE_to_dry_matter_then_IPCC_2019_factors
d705f557-896f-5f3c-bbd7-e35651ae2234,9cc76b60-764e-5ce4-81a0-c61d466d8178,agricultural_burn,cropland,agricultural_residue,1,45900.0,16891.2,25590.168,45.60624000000001,1.1823840000000003,0.368,singleton_frp_1h_assumption,FRP_to_FRE_to_dry_matter_then_IPCC_2019_factors
f45831db-5a88-5bfb-8e0d-742b849caa07,e63fbbe0-92c1-54fa-976b-10392fd8d54b,agricultural_burn,cropland,agricultural_residue,14,316297.5,116397.48,176342.18219999998,314.273196,8.1478236,0.368,trapezoidal_observation_integration,FRP_to_FRE_to_dry_matter_then_IPCC_2019_factors
f8127798-48b7-5248-9baf-443cdaa02e02,35c70f38-86cc-5f70-9a5c-f4ae2e747020,agricultural_burn,cropland,agricultural_residue,4,19139.399999999998,7043.2991999999995,10670.598288,19.01690784,0.493030944,0.368,trapezoidal_observation_integration,FRP_to_FRE_to_dry_matter_then_IPCC_2019_factors
ccde6be0-b824-5912-8ef0-283b11a91e4a,4bd96503-b56a-504b-bfaf-67105aec80d4,agricultural_burn,cropland,agricultural_residue,2,21528.0,7922.304,12002.290560000001,21.3902208,0.55456128,0.368,fallback_frp_1h_assumption,FRP_to_FRE_to_dry_matter_then_IPCC_2019_factors
4f0762a0-6408-599a-8a7d-f9c179b0b357,655ee6aa-7e82-5965-9434-04225d6db743,agricultural_burn,cropland,agricultural_residue,2,104760.0,38551.68,58405.7952,104.08953600000001,2.6986176000000004,0.368,fallback_frp_1h_assumption,FRP_to_FRE_to_dry_matter_then_IPCC_2019_factors
021fb49c-9c85-51f5-8876-3346024e072e,e90e31d9-cddd-5b7b-ba34-28539471ef36,agricultural_burn,cropland,agricultural_residue,1,44604.0,16414.272,24867.62208,44.318534400000004,1.14899904,0.368,singleton_frp_1h_assumption,FRP_to_FRE_to_dry_matter_then_IPCC_2019_factors
eac8b901-0362-539a-9e5c-8452e1fe8dc3,07925d82-af4e-591d-a863-0fa25bebe130,agricultural_burn,cropland,agricultural_residue,2,39240.0,14440.32,21877.0848,38.988864,1.0108224000000001,0.368,fallback_frp_1h_assumption,FRP_to_FRE_to_dry_matter_then_IPCC_2019_factors
d3a59977-1ca8-50bc-8973-c79b0e6c8a7c,331cb54d-7330-5b36-9336-16d595f5a510,agricultural_burn,cropland,agricultural_residue,2,5832.0,2146.176,3251.45664,5.7946752,0.15023232,0.368,fallback_frp_1h_assumption,FRP_to_FRE_to_dry_matter_then_IPCC_2019_factors
f488fee1-bee6-53f1-ad32-51582853ce9a,5a70f7bc-d46e-5c2e-a1a4-62f267940b8b,wildfire,grassland,savanna_grassland,1,33084.0,12174.912,19638.133056000002,28.0022976,2.55673152,0.368,singleton_frp_1h_assumption,FRP_to_FRE_to_dry_matter_then_IPCC_2019_factors
0ff12055-1520-5578-ac6c-78123d151a9f,e84493ab-112d-5483-b60f-21075fd90f48,agricultural_burn,cropland,agricultural_residue,2,4644.0,1708.992,2589.12288,4.6142784,0.11962944,0.368,fallback_frp_1h_assumption,FRP_to_FRE_to_dry_matter_then_IPCC_2019_factors
b6782d8f-378d-5597-91ec-4419a532aa07,b18069a6-8fed-51b1-951a-43161880691f,agricultural_burn,cropland,agricultural_residue,3,24078.6,8860.924799999999,13424.301071999998,23.924496959999995,0.620264736,0.368,trapezoidal_observation_integration,FRP_to_FRE_to_dry_matter_then_IPCC_2019_factors
4ff7c8cc-d9fc-500d-80ed-463d562747cf,79eba867-7af8-55a8-b910-355867c27a18,agricultural_burn,cropland,agricultural_residue,2,54828.0,20176.703999999998,30567.70656,54.4771008,1.4123692799999998,0.368,fallback_frp_1h_assumption,FRP_to_FRE_to_dry_matter_then_IPCC_2019_factors
2fd96f9f-f520-5625-8066-0b25d0e1870f,09c7f70f-a81f-5c63-860c-fcf0f285aed8,wildfire,grassland,savanna_grassland,4,31560.0,11614.08,18733.511039999998,26.712383999999997,2.4389568,0.368,trapezoidal_observation_integration,FRP_to_FRE_to_dry_matter_then_IPCC_2019_factors
cccb2bd6-c7c2-50ba-bb06-4f04c32ffbe9,5213d808-c28e-57e1-b24c-f91b3f08ef5a,wildfire,grassland,savanna_grassland,2,29145.600000000002,10725.5808,17300.3618304,24.668835839999996,2.252371968,0.368,trapezoidal_observation_integration,FRP_to_FRE_to_dry_matter_then_IPCC_2019_factors
06caef4b-97b6-5ef8-b4a7-2c7434a85d40,7a5c86f4-cd09-5265-a012-b458e2c05868,wildfire,grassland,savanna_grassland,2,21585.6,7943.500799999999,12812.866790399998,18.270051839999997,1.6681351679999998,0.368,trapezoidal_observation_integration,FRP_to_FRE_to_dry_matter_then_IPCC_2019_factors
2bd78d43-2b99-5c03-847d-3b6f2fde7fec,c74b276c-765e-598d-b0f4-e47d4957669d,agricultural_burn,cropland,agricultural_residue,2,56217.6,20688.0768,31342.436351999997,55.857807359999995,1.4481653760000002,0.368,trapezoidal_observation_integration,FRP_to_FRE_to_dry_matter_then_IPCC_2019_factors
1c8bcc12-c433-5b43-a09a-d88b88387214,1ff1fe17-d354-5dfc-8981-ecd9850bdda6,agricultural_burn,cropland,agricultural_residue,1,45468.0,16732.224,25349.319359999994,45.17700479999999,1.17125568,0.368,singleton_frp_1h_assumption,FRP_to_FRE_to_dry_matter_then_IPCC_2019_factors
cf73853b-a16b-55c0-9c09-6ac271c082c3,5dde1cbf-4457-5b14-8e57-64b678ff897b,agricultural_burn,cropland,agricultural_residue,2,12636.0,4650.048,7044.82272,12.5551296,0.32550336,0.368,fallback_frp_1h_assumption,FRP_to_FRE_to_dry_matter_then_IPCC_2019_factors
89edd465-e2c9-5cf2-9de0-9c50b58c3249,86547e30-6fd1-59b7-b810-7cd5a8251879,agricultural_burn,cropland,agricultural_residue,2,8533.2,3140.2176000000004,4757.429664000001,8.478587520000001,0.21981523200000003,0.368,trapezoidal_observation_integration,FRP_to_FRE_to_dry_matter_then_IPCC_2019_factors
049c9c5e-a27c-5f40-a90d-00934f945712,8a12d479-31c2-5dfa-a530-fffeeafb8e17,agricultural_burn,cropland,agricultural_residue,2,360.0,132.48,200.70719999999997,0.35769599999999996,0.0092736,0.368,fallback_frp_1h_assumption,FRP_to_FRE_to_dry_matter_then_IPCC_2019_factors
df030232-0cee-5c00-b8f3-4b8744ab4111,ade24947-c8f2-56b0-ae33-ee8f4faae0ee,agricultural_burn,cropland,agricultural_residue,3,2714.4,998.8992000000001,1513.332288,2.69702784,0.06992294400000001,0.368,trapezoidal_observation_integration,FRP_to_FRE_to_dry_matter_then_IPCC_2019_factors
edf8d303-9abf-5ec8-b489-110ce3d15e75,2f29f733-0feb-5fd4-848e-04561d3be1d6,agricultural_burn,cropland,agricultural_residue,1,39744.0,14625.792,22158.07488,39.489638400000004,1.02380544,0.368,singleton_frp_1h_assumption,FRP_to_FRE_to_dry_matter_then_IPCC_2019_factors
ec2890c8-1434-5bf1-813d-2cc2fb0ba63a,9b9d5c2b-5f89-5a93-ac9d-079c465505f6,agricultural_burn,cropland,agricultural_residue,3,11124.0,4093.632,6201.8524800000005,11.052806400000001,0.28655424000000007,0.368,fallback_frp_1h_assumption,FRP_to_FRE_to_dry_matter_then_IPCC_2019_factors
986e918f-2d6b-5880-b288-8c045bf7be9b,94d3525f-112f-5f61-b945-0f3e04e3f206,agricultural_burn,cropland,agricultural_residue,1,40860.0,15036.48,22780.2672,40.598496,1.0525536,0.368,singleton_frp_1h_assumption,FRP_to_FRE_to_dry_matter_then_IPCC_2019_factors
e84dbce8-d0cb-5e6c-bbeb-d95b95b1af31,a22babc1-7feb-5271-92a1-f1915ccfc813,agricultural_burn,cropland,agricultural_residue,2,15408.0,5670.144,8590.26816,15.309388800000002,0.39691008000000005,0.368,fallback_frp_1h_assumption,FRP_to_FRE_to_dry_matter_then_IPCC_2019_factors
695b0644-b352-536b-a415-57ee5b2e216b,2e357d9e-afc3-5e78-a4b7-e14df33f77dc,agricultural_burn,cropland,agricultural_residue,2,4446.0,1636.128,2478.73392,4.4175456,0.11452896000000001,0.368,trapezoidal_observation_integration,FRP_to_FRE_to_dry_matter_then_IPCC_2019_factors
0ffa639d-5535-5e8d-ab1c-828246ee3e36,422a2327-d22c-590d-98b7-b405cffdaeb2,agricultural_burn,cropland,agricultural_residue,2,18504.0,6809.472,10316.35008,18.385574400000003,0.47666304000000004,0.368,fallback_frp_1h_assumption,FRP_to_FRE_to_dry_matter_then_IPCC_2019_factors
211af839-ea3a-552d-927e-d198fc7b667c,9b9c6384-a030-58c4-8269-3a67eda6ed6f,agricultural_burn,cropland,agricultural_residue,3,36811.8,13546.742400000001,20523.314736,36.57620448000001,0.9482719680000001,0.368,trapezoidal_observation_integration,FRP_to_FRE_to_dry_matter_then_IPCC_2019_factors
8e2b8191-ae6e-52ea-b29d-c9f028f323c1,11fc0369-b06b-5a0e-bafe-c349c060ce73,agricultural_burn,cropland,agricultural_residue,2,14406.000000000002,5301.408,8031.63312,14.313801600000003,0.3710985600000001,0.368,trapezoidal_observation_integration,FRP_to_FRE_to_dry_matter_then_IPCC_2019_factors
5ef5bebd-7383-59cb-afbd-1a954905d86b,e416986f-aa0a-5821-aba7-34de962eb0e9,wildfire,grassland,savanna_grassland,1,51480.0,18944.64,30557.70432,43.572672,3.9783744,0.368,singleton_frp_1h_assumption,FRP_to_FRE_to_dry_matter_then_IPCC_2019_factors
eb6d2ab2-0ed2-5ad0-8aa7-638dd0c55b2b,7286f2a7-fbed-56ee-bf8e-9814cf41c8b4,wildfire,grassland,savanna_grassland,1,33408.0,12294.144,19830.454272,28.276531199999997,2.58177024,0.368,singleton_frp_1h_assumption,FRP_to_FRE_to_dry_matter_then_IPCC_2019_factors
c380ee86-a35f-5d46-af09-570cfbd85bff,00b69d0b-7d50-50b9-9cdb-f05ec6c23c6e,agricultural_burn,cropland,agricultural_residue,1,96948.0,35676.864,54050.44896,96.32753280000001,2.4973804800000003,0.368,singleton_frp_1h_assumption,FRP_to_FRE_to_dry_matter_then_IPCC_2019_factors
0b3b4601-5d0f-5c82-870d-cc8ef72e5ae2,4f238ea8-c270-5bd4-a73a-7e32e58c79c9,agricultural_burn,cropland,agricultural_residue,4,38160.0,14042.88,21274.9632,37.915776,0.9830016,0.368,trapezoidal_observation_integration,FRP_to_FRE_to_dry_matter_then_IPCC_2019_factors
5fcd0a57-f546-5c48-b89f-c80bdb7aaad8,db0a63ec-3d68-573d-a0f9-53c6084ee10d,agricultural_burn,cropland,agricultural_residue,1,53604.0,19726.272,29885.30208,53.260934400000004,1.3808390400000004,0.368,singleton_frp_1h_assumption,FRP_to_FRE_to_dry_matter_then_IPCC_2019_factors
a87f9d6f-8183-5a51-8419-47ad0a472c4f,8af82d54-3e86-57ac-ab79-ad8d7db07396,agricultural_burn,cropland,agricultural_residue,1,45612.0,16785.216,25429.602240000004,45.3200832,1.17496512,0.368,singleton_frp_1h_assumption,FRP_to_FRE_to_dry_matter_then_IPCC_2019_factors
f46c11a2-ba2e-545c-9dfb-6a20b4658ac4,6cc88655-9719-5a95-a15e-aa1c8be248a2,agricultural_burn,cropland,agricultural_residue,2,6372.0,2344.896,3552.5174400000005,6.331219200000001,0.16414272000000002,0.368,fallback_frp_1h_assumption,FRP_to_FRE_to_dry_matter_then_IPCC_2019_factors
0292d4bf-7aec-5d17-bc0a-4a7dc3a454be,deb53a9e-eaab-510b-850d-200190824151,wildfire,grassland,savanna_grassland,1,22860.0,8412.48,13569.33024,19.348703999999998,1.7666207999999999,0.368,singleton_frp_1h_assumption,FRP_to_FRE_to_dry_matter_then_IPCC_2019_factors
10713420-5ee9-5def-8747-2a8e2c03f349,19eca15e-bbe0-5e84-8d90-f0e7a939ee8d,agricultural_burn,cropland,agricultural_residue,1,43704.0,16083.072,24365.85408,43.42429440000001,1.1258150400000002,0.368,singleton_frp_1h_assumption,FRP_to_FRE_to_dry_matter_then_IPCC_2019_factors
469565b7-37d8-5bba-a052-e0da917381c8,25a7c84d-f22f-51a6-ae80-caa8eea63b71,agricultural_burn,cropland,agricultural_residue,1,50220.0,18480.96,27998.6544,49.898592,1.2936672,0.368,singleton_frp_1h_assumption,FRP_to_FRE_to_dry_matter_then_IPCC_2019_factors
5e4e6183-7e54-500c-9f8c-bc96956bf891,587676b4-a76b-5ef5-9f87-c31af76db07a,agricultural_burn,cropland,agricultural_residue,1,43920.0,16162.56,24486.2784,43.638912000000005,1.1313792,0.368,singleton_frp_1h_assumption,FRP_to_FRE_to_dry_matter_then_IPCC_2019_factors
48f74c30-c568-5ec9-97d8-4b3b5f566b4c,8b297f99-553e-5ef1-811c-3d697c9649cf,wildfire,cropland,extra_tropical_forest,1,113076.0,41611.968,65289.177792,195.5762496,10.81911168,0.368,singleton_frp_1h_assumption,FRP_to_FRE_to_dry_matter_then_IPCC_2019_factors
489b7829-2dde-5d20-aa8e-feba047ce197,4dfd50d6-fc48-5fb9-b4e3-a7b7bd78045b,agricultural_burn,cropland,agricultural_residue,1,224712.0,82694.016,125281.43424,223.27384320000004,5.788581120000001,0.368,singleton_frp_1h_assumption,FRP_to_FRE_to_dry_matter_then_IPCC_2019_factors
f8323678-9557-562a-b502-5a857ed0d245,2a3a88ea-7b8a-5598-bc24-6e5875bcde31,wildfire,tree_cover,tropical_forest,4,27331.2,10057.8816,15891.452928,68.39359488000001,2.01157632,0.368,trapezoidal_observation_integration,FRP_to_FRE_to_dry_matter_then_IPCC_2019_factors
a6387c10-27a2-5503-a214-e54ba6cd8898,3d2a42f6-9df6-503c-a0a2-0af9ccf056f0,wildfire,tree_cover,tropical_forest,2,60480.0,22256.64,35165.4912,151.345152,4.451328,0.368,fallback_frp_1h_assumption,FRP_to_FRE_to_dry_matter_then_IPCC_2019_factors
03e58ef1-dcdb-545e-b24e-cdf6b799a9ea,7340774a-4aa1-5b8d-99c5-1f49e2ff08c5,agricultural_burn,cropland,agricultural_residue,3,50772.899999999994,18684.4272,28306.907207999997,50.44795344,1.3079099040000002,0.368,trapezoidal_observation_integration,FRP_to_FRE_to_dry_matter_then_IPCC_2019_factors
20004027-3bb8-546c-88e8-2e83ec3fb30f,fb267196-e2f4-5937-ae24-6773b7acc5ce,wildfire,grassland,savanna_grassland,1,38196.0,14056.128,22672.534464,32.329094399999995,2.9517868800000002,0.368,singleton_frp_1h_assumption,FRP_to_FRE_to_dry_matter_then_IPCC_2019_factors
aa04ce67-0647-59ac-a99e-b4fd4d45fd47,2b4c2f05-c99c-5fc8-b76f-ba6803c08873,agricultural_burn,cropland,agricultural_residue,2,39276.0,14453.568,21897.15552,39.0246336,1.01174976,0.368,fallback_frp_1h_assumption,FRP_to_FRE_to_dry_matter_then_IPCC_2019_factors
c290b48f-417b-5fea-9384-eaf97094c626,fb4c18d2-c8ad-5abb-ab9a-957da55cf2ed,agricultural_burn,cropland,agricultural_residue,2,535.2,196.95360000000002,298.384704,0.5317747200000001,0.013786752000000003,0.368,trapezoidal_observation_integration,FRP_to_FRE_to_dry_matter_then_IPCC_2019_factors
aaa390dd-632d-569d-9a27-9c51a91c6a94,5733f1d5-a076-5a28-b5c5-e7cbf70c25ef,wildfire,grassland,savanna_grassland,1,34020.0,12519.36,20193.72768,28.794528,2.6290656,0.368,singleton_frp_1h_assumption,FRP_to_FRE_to_dry_matter_then_IPCC_2019_factors
86391fb2-b6cb-539b-9460-dd2b27327d75,ded0f1a2-3940-5517-ad9b-2e23e03409aa,agricultural_burn,cropland,agricultural_residue,1,38124.0,14029.632,21254.892480000002,37.8800064,0.98207424,0.368,singleton_frp_1h_assumption,FRP_to_FRE_to_dry_matter_then_IPCC_2019_factors
8f418704-8b18-5abd-a31b-8c0a4c414331,829a1b99-6dd0-545b-a4eb-67aabbf3a720,agricultural_burn,cropland,agricultural_residue,1,41328.0,15208.704,23041.18656,41.0635008,1.0646092800000002,0.368,singleton_frp_1h_assumption,FRP_to_FRE_to_dry_matter_then_IPCC_2019_factors
cfc1b566-3a55-5400-af5b-55f9cb52af37,8be8d2de-923c-5b2d-a963-0e85947fb32f,agricultural_burn,cropland,agricultural_residue,2,40968.0,15076.224,22840.47936,40.7058048,1.0553356800000002,0.368,fallback_frp_1h_assumption,FRP_to_FRE_to_dry_matter_then_IPCC_2019_factors
07e4f0ef-f289-5241-bbba-46d65036c305,29da312b-9c95-5ad5-9919-f2ec39d39b04,wildfire,grassland,savanna_grassland,1,40500.0,14904.0,24040.152,34.279199999999996,3.1298399999999997,0.368,singleton_frp_1h_assumption,FRP_to_FRE_to_dry_matter_then_IPCC_2019_factors
4750a142-8748-5956-8cf9-eede0d843375,b9a43e97-fde4-5d19-9a2f-67c4fa83b1b0,agricultural_burn,cropland,agricultural_residue,1,43200.0,15897.6,24084.864,42.92352,1.112832,0.368,singleton_frp_1h_assumption,FRP_to_FRE_to_dry_matter_then_IPCC_2019_factors
11ad9953-4338-5f47-a508-8c369d6c813f,0c4f2eee-7e27-577b-92b2-014902cb104b,agricultural_burn,cropland,agricultural_residue,5,13447.800000000001,4948.790400000001,7497.417456000001,13.361734080000003,0.3464153280000001,0.368,trapezoidal_observation_integration,FRP_to_FRE_to_dry_matter_then_IPCC_2019_factors
2625aa69-79bd-5e5a-8366-c5e70807f186,3ae24b15-77a6-5da6-a700-f4e281acbc2e,agricultural_burn,cropland,agricultural_residue,1,61668.0,22693.824,34381.14336,61.273324800000005,1.5885676800000001,0.368,singleton_frp_1h_assumption,FRP_to_FRE_to_dry_matter_then_IPCC_2019_factors
b06fda92-037c-57a7-addc-103e77f65417,e2709452-0256-588b-8ca2-a135c93549bd,agricultural_burn,cropland,agricultural_residue,1,38700.0,14241.6,21576.024,38.45232000000001,0.9969120000000001,0.368,singleton_frp_1h_assumption,FRP_to_FRE_to_dry_matter_then_IPCC_2019_factors
358eeb09-7035-5339-aee8-f30ff9c81048,805df984-4ccc-52f4-b05a-eac8b8a837ca,agricultural_burn,cropland,agricultural_residue,1,44172.0,16255.296,24626.77344,43.8892992,1.1378707200000002,0.368,singleton_frp_1h_assumption,FRP_to_FRE_to_dry_matter_then_IPCC_2019_factors
09ec59f6-5583-5817-9aa3-64ed402994f7,ef52f2c5-9ff2-50b7-92b6-837187493f90,agricultural_burn,cropland,agricultural_residue,1,41436.0,15248.448,23101.398719999997,41.1708096,1.06739136,0.368,singleton_frp_1h_assumption,FRP_to_FRE_to_dry_matter_then_IPCC_2019_factors
969942d7-2f98-5a0d-b7f7-cac984b845a0,4cf309df-3a02-5932-9da9-9ad35ab82bda,wildfire,cropland,extra_tropical_forest,2,20988.0,7723.584,12118.303296,36.3008448,2.00813184,0.368,fallback_frp_1h_assumption,FRP_to_FRE_to_dry_matter_then_IPCC_2019_factors
6f5f5f21-4d87-57b5-96ed-5aa126685b39,6876b3d0-555d-522d-8969-da124286e2ee,wildfire,grassland,savanna_grassland,2,13644.0,5020.992,8098.860096,11.548281600000001,1.05440832,0.368,fallback_frp_1h_assumption,FRP_to_FRE_to_dry_matter_then_IPCC_2019_factors
e79f91b5-9046-577d-8245-0fd281cf657c,353189af-88b1-55fc-88a9-3e5af49a3429,agricultural_burn,cropland,agricultural_residue,1,40068.0,14745.024,22338.71136,39.8115648,1.0321516800000001,0.368,singleton_frp_1h_assumption,FRP_to_FRE_to_dry_matter_then_IPCC_2019_factors
b5d1cc37-0bec-5ddf-a851-e67f3b8b66d4,38a92f92-3234-5940-8ecc-207fed909b29,agricultural_burn,cropland,agricultural_residue,1,47160.0,17354.88,26292.643200000002,46.85817600000001,1.2148416000000002,0.368,singleton_frp_1h_assumption,FRP_to_FRE_to_dry_matter_then_IPCC_2019_factors
53bcefa2-a9de-5150-bc42-fab4cb074b29,f1a227ba-349e-5aff-93d9-6b83470a040a,agricultural_burn,cropland,agricultural_residue,1,54972.0,20229.696,30647.98944,54.6201792,1.4160787200000002,0.368,singleton_frp_1h_assumption,FRP_to_FRE_to_dry_matter_then_IPCC_2019_factors
5051297a-9cd9-57f9-885b-9abdb5d1915d,a1e823c1-17bc-5f99-8ede-d71f40cc1776,wildfire,grassland,savanna_grassland,4,19944.0,7339.392,11838.439296,16.8806016,1.5412723199999998,0.368,fallback_frp_1h_assumption,FRP_to_FRE_to_dry_matter_then_IPCC_2019_factors
1c5d8fd7-12a0-5213-97a7-e23bd9648179,24e073ba-987d-59b7-8340-b02f0e026e5a,wildfire,grassland,savanna_grassland,1,68904.0,25356.672,40900.311936,58.320345599999996,5.32490112,0.368,singleton_frp_1h_assumption,FRP_to_FRE_to_dry_matter_then_IPCC_2019_factors
06f3c7fe-4153-510b-9f2d-ee6f12e85e82,92d95dd5-663d-5ab5-8c1d-f5d9866a81f0,wildfire,tree_cover,tropical_forest,3,16956.0,6239.808,9858.89664,42.4306944,1.2479616,0.368,fallback_frp_1h_assumption,FRP_to_FRE_to_dry_matter_then_IPCC_2019_factors
1406bd00-37ce-5397-a55c-0c158deab479,943d4a22-9ffc-5e8f-89b7-ccd87434780a,agricultural_burn,cropland,agricultural_residue,1,52452.0,19302.336,29243.03904,52.1163072,1.35116352,0.368,singleton_frp_1h_assumption,FRP_to_FRE_to_dry_matter_then_IPCC_2019_factors
8d20304f-5d8e-5c23-8e57-611c391f1110,cf2cb5c0-74af-512a-a997-f700718dbb48,wildfire,grassland,savanna_grassland,1,45072.0,16586.496,26754.018048,38.1489408,3.48316416,0.368,singleton_frp_1h_assumption,FRP_to_FRE_to_dry_matter_then_IPCC_2019_factors
37d74f40-17f3-557d-b4a1-63eacfc6c512,fd9e1dcd-e254-527c-b321-767dfe1b6fdf,wildfire,tree_cover,tropical_forest,8,1315225.2,484002.8736,764724.540288,3291.21954048,96.80057472,0.368,trapezoidal_observation_integration,FRP_to_FRE_to_dry_matter_then_IPCC_2019_factors
98066deb-1e92-525d-9d4b-b1dabc6c0ff7,25acca44-ffe9-5946-8971-8a0cf7cfffa1,wildfire,tree_cover,tropical_forest,2,10654.8,3920.9664,6195.126912,26.662571519999997,0.78419328,0.368,trapezoidal_observation_integration,FRP_to_FRE_to_dry_matter_then_IPCC_2019_factors
71da5e32-999e-5aa6-9680-ee09b5512382,6550e8c4-0e07-5bfe-ad91-54c06776faf1,wildfire,grassland,savanna_grassland,1,89280.0,32855.04,52995.179520000005,75.56659199999999,6.8995584,0.368,singleton_frp_1h_assumption,FRP_to_FRE_to_dry_matter_then_IPCC_2019_factors
dd1db695-54e9-5d13-b850-99879b9af2d8,b1bb0fb3-0a5d-5c71-a297-4fea3ee34583,wildfire,tree_cover,tropical_forest,1,43128.0,15871.104,25076.34432,107.92350719999999,3.1742208,0.368,singleton_frp_1h_assumption,FRP_to_FRE_to_dry_matter_then_IPCC_2019_factors
3632e953-bcda-599d-8cf4-f386a9b7f4de,f5d81efb-f955-5551-9f3b-cfa1a171555e,agricultural_burn,cropland,agricultural_residue,1,57528.0,21170.304,32073.01056,57.1598208,1.4819212800000003,0.368,singleton_frp_1h_assumption,FRP_to_FRE_to_dry_matter_then_IPCC_2019_factors
f5469223-2f95-52d6-ac5f-acf1f1ed77d7,4278426b-df65-5574-80cc-e42d62189c85,agricultural_burn,cropland,agricultural_residue,2,26928.0,9909.503999999999,15012.898559999998,26.755660799999998,0.69366528,0.368,fallback_frp_1h_assumption,FRP_to_FRE_to_dry_matter_then_IPCC_2019_factors
17f121b8-abf8-58c9-a325-fe71c1acba27,0f1668a7-61ca-5f2f-82fe-89cb97ea26b9,wildfire,tree_cover,tropical_forest,2,20592.0,7577.856,11973.012480000001,51.5294208,1.5155712000000001,0.368,fallback_frp_1h_assumption,FRP_to_FRE_to_dry_matter_then_IPCC_2019_factors
1c2ea5aa-9c4e-5356-9a5f-38feaa5458cf,7efc1a82-2fd1-549d-ad25-8c0af3f10e64,wildfire,grassland,savanna_grassland,1,41328.0,15208.704,24531.639552,34.980019199999994,3.19382784,0.368,singleton_frp_1h_assumption,FRP_to_FRE_to_dry_matter_then_IPCC_2019_factors
4554dcd2-9754-53b3-9565-6a9d3a38fbc5,28bee387-79f1-5005-a7c5-e9cb18952354,agricultural_burn,cropland,agricultural_residue,2,12384.0,4557.312,6904.327679999999,12.3047424,0.31901184,0.368,fallback_frp_1h_assumption,FRP_to_FRE_to_dry_matter_then_IPCC_2019_factors
4c054cc6-82d5-50f7-b008-2c240df2d037,1e872c4c-0bba-5f88-b2fb-4c1c8030ccd9,agricultural_burn,cropland,agricultural_residue,3,7070.700000000001,2602.0176,3942.056664,7.025447520000001,0.18214123200000004,0.368,trapezoidal_observation_integration,FRP_to_FRE_to_dry_matter_then_IPCC_2019_factors
fda3b7f9-ef25-51b1-a152-44bb3d21cee1,d78ee780-1714-5760-8bfa-fdf0712cbff4,wildfire,cropland,extra_tropical_forest,1,36288.0,13353.984,20952.400896000003,62.763724800000006,3.47203584,0.368,singleton_frp_1h_assumption,FRP_to_FRE_to_dry_matter_then_IPCC_2019_factors
56414931-3d56-54d2-bb8b-c179fde8b007,84abcec1-175a-5beb-80f9-16d5a3115fd1,agricultural_burn,cropland,agricultural_residue,4,33045.6,12160.780799999999,18423.582911999998,32.83410816,0.8512546559999999,0.368,trapezoidal_observation_integration,FRP_to_FRE_to_dry_matter_then_IPCC_2019_factors
82bcdd03-742c-51e7-b9b3-e0c1c4c4cd43,b8dcd429-abe5-567c-8c10-9a8e828b6dcf,agricultural_burn,cropland,agricultural_residue,2,24156.0,8889.408,13467.453119999998,24.0014016,0.62225856,0.368,fallback_frp_1h_assumption,FRP_to_FRE_to_dry_matter_then_IPCC_2019_factors
bff156fd-7006-5a23-b81b-6e20b6bc9400,c53182a9-37c2-59e9-bacf-edefcd0a9244,agricultural_burn,cropland,agricultural_residue,1,60336.00000000001,22203.648,33638.52672,59.94984960000001,1.5542553600000002,0.368,singleton_frp_1h_assumption,FRP_to_FRE_to_dry_matter_then_IPCC_2019_factors
a84ae959-cf61-5397-87d4-4d65edd805d6,6f9daafa-71b9-55f7-aa6c-95874264e3d9,agricultural_burn,cropland,agricultural_residue,1,57060.0,20998.079999999998,31812.091199999995,56.694815999999996,1.4698656,0.368,singleton_frp_1h_assumption,FRP_to_FRE_to_dry_matter_then_IPCC_2019_factors
1295052b-1ecd-5f69-894f-80ea9e1c476c,6e2d8807-fa49-5f1f-b6ef-a7eff7b5781e,agricultural_burn,cropland,agricultural_residue,2,19836.0,7299.648,11058.96672,19.709049600000004,0.5109753600000001,0.368,fallback_frp_1h_assumption,FRP_to_FRE_to_dry_matter_then_IPCC_2019_factors
1c2320e2-3034-542e-8b0e-3344a8dbc694,4215755b-a9d3-5c94-a6e0-de0753edd573,wildfire,tree_cover,tropical_forest,1,24948.0,9180.864,14505.76512,62.4298752,1.8361728000000002,0.368,singleton_frp_1h_assumption,FRP_to_FRE_to_dry_matter_then_IPCC_2019_factors
1739bf29-528e-5a48-82cc-b394154d82cb,f64f10bc-3d57-5a0f-82e5-dae2e918624b,agricultural_burn,cropland,agricultural_residue,2,14148.0,5206.464,7887.79296,14.0574528,0.36445248,0.368,fallback_frp_1h_assumption,FRP_to_FRE_to_dry_matter_then_IPCC_2019_factors
95568a5a-a06f-5fde-86f5-8d9a067f16d7,d9477d57-a923-5859-a919-f5489eae43c2,agricultural_burn,cropland,agricultural_residue,1,43632.0,16056.576,24325.712639999998,43.3527552,1.1239603200000001,0.368,singleton_frp_1h_assumption,FRP_to_FRE_to_dry_matter_then_IPCC_2019_factors
0ada7b93-867a-569f-a9f4-810729b71242,fb7b11e2-969e-54fd-94d0-e2e6516cb0f8,agricultural_burn,cropland,agricultural_residue,2,8532.0,3139.776,4756.7606399999995,8.4773952,0.21978432,0.368,fallback_frp_1h_assumption,FRP_to_FRE_to_dry_matter_then_IPCC_2019_factors
8d754ff1-f0c9-52fb-9e71-38ef94a86fd6,39ace98f-0654-5da0-b86a-88a35002a13f,agricultural_burn,cropland,agricultural_residue,2,22104.0,8134.272,12323.42208,21.9625344,0.56939904,0.368,fallback_frp_1h_assumption,FRP_to_FRE_to_dry_matter_then_IPCC_2019_factors
2d3f7e05-224e-5224-aa51-df84fb6c600c,50060246-5f26-5a33-b885-7e76a1164df8,agricultural_burn,cropland,agricultural_residue,2,21456.0,7895.808,11962.14912,21.3186816,0.5527065600000001,0.368,fallback_frp_1h_assumption,FRP_to_FRE_to_dry_matter_then_IPCC_2019_factors
a111d12f-5e8e-52f2-9189-dca0c06f7bf3,977fadc4-ba3e-51bb-a9c1-5aa7bb59b1e1,agricultural_burn,cropland,agricultural_residue,1,55332.0,20362.176,30848.696640000002,54.9778752,1.4253523200000002,0.368,singleton_frp_1h_assumption,FRP_to_FRE_to_dry_matter_then_IPCC_2019_factors
05232802-6790-5a4b-8764-b51829560f79,e2f7a0cc-1960-5145-8e1e-b0e5f1144f57,agricultural_burn,cropland,agricultural_residue,4,55419.00000000001,20394.192000000003,30897.200880000004,55.06431840000001,1.4275934400000003,0.368,trapezoidal_observation_integration,FRP_to_FRE_to_dry_matter_then_IPCC_2019_factors
bb5995a9-1517-5943-aa0f-b5d8e6f72015,543d5614-0c67-5d95-b4fd-5a2367486166,agricultural_burn,cropland,agricultural_residue,1,61596.0,22667.328,34341.00192,61.20178560000001,1.5867129600000003,0.368,singleton_frp_1h_assumption,FRP_to_FRE_to_dry_matter_then_IPCC_2019_factors
3fde367a-2bc0-55ef-a727-6302a101e4fa,5c9c25a6-4398-5705-ac55-f7eb4ca881d8,agricultural_burn,cropland,agricultural_residue,1,57708.00000000001,21236.544,32173.364160000005,57.33866880000001,1.4865580800000002,0.368,singleton_frp_1h_assumption,FRP_to_FRE_to_dry_matter_then_IPCC_2019_factors
251c0546-6d11-5924-baf9-58ebd246ff06,1fbb367e-0bc4-53e2-8f72-8ed3287ece7f,agricultural_burn,cropland,agricultural_residue,1,77328.0,28456.703999999998,43111.906559999996,76.8331008,1.99196928,0.368,singleton_frp_1h_assumption,FRP_to_FRE_to_dry_matter_then_IPCC_2019_factors
316e0656-34db-594c-a4a4-c8aa6c18d5e4,5a9a23a7-7a22-5076-a4bc-79cda4e55d8f,agricultural_burn,cropland,agricultural_residue,2,26208.0,9644.544,14611.48416,26.040268800000003,0.6751180800000001,0.368,fallback_frp_1h_assumption,FRP_to_FRE_to_dry_matter_then_IPCC_2019_factors
9b3c10b2-1cb8-5486-90df-856c9502da46,7353cba9-41a4-5573-9c51-b2c0bff92fd0,wildfire,tree_cover,tropical_forest,2,19548.0,7193.664,11365.989119999998,48.9169152,1.4387328,0.368,fallback_frp_1h_assumption,FRP_to_FRE_to_dry_matter_then_IPCC_2019_factors
4a0b142a-9ac8-5ba6-8080-9538b72d7d25,a3bc03a1-384a-5deb-b568-88cca980d551,agricultural_burn,cropland,agricultural_residue,1,42624.0,15685.632,23763.73248,42.3512064,1.09799424,0.368,singleton_frp_1h_assumption,FRP_to_FRE_to_dry_matter_then_IPCC_2019_factors
1c879666-7c2a-5ac2-aba5-bef19a452b55,a80d02f7-5544-5bbe-86b7-c41b5949a1a2,agricultural_burn,cropland,agricultural_residue,1,73872.0,27184.896,41185.117439999995,73.3992192,1.9029427200000002,0.368,singleton_frp_1h_assumption,FRP_to_FRE_to_dry_matter_then_IPCC_2019_factors
76e51c14-5025-50c8-8f63-f7d0da26761f,4426b4de-be8b-5c39-a24e-cca62f3c8e47,agricultural_burn,cropland,agricultural_residue,2,11952.0,4398.336,6663.47904,11.875507200000001,0.30788352,0.368,fallback_frp_1h_assumption,FRP_to_FRE_to_dry_matter_then_IPCC_2019_factors
2f7e4c54-aa54-568c-93f2-871e93e27127,e3f92059-fc13-5ea3-97fc-7b119356df81,agricultural_burn,cropland,agricultural_residue,1,53892.0,19832.256,30045.867840000003,53.54709120000001,1.3882579200000003,0.368,singleton_frp_1h_assumption,FRP_to_FRE_to_dry_matter_then_IPCC_2019_factors
45c9b67e-7e18-5889-82c3-150402280e0d,3fbc13a5-bf1c-5b18-ae14-b956f56445bd,wildfire,grassland,savanna_grassland,1,57744.0,21249.792,34275.914496,48.8745216,4.46245632,0.368,singleton_frp_1h_assumption,FRP_to_FRE_to_dry_matter_then_IPCC_2019_factors
d772a7c9-32ef-5c39-b7f9-2cc9e8d51d8d,c0a7b76d-2dc8-5242-8c96-bf454eb9982d,wildfire,tree_cover,tropical_forest,1,59400.0,21859.2,34537.536,148.64256,4.37184,0.368,singleton_frp_1h_assumption,FRP_to_FRE_to_dry_matter_then_IPCC_2019_factors
576b46d6-6fdb-5405-8d6a-71e1f94dd4dd,c1fc6a14-939c-55e4-8583-872a50489971,agricultural_burn,cropland,agricultural_residue,2,44172.0,16255.296,24626.77344,43.8892992,1.1378707200000002,0.368,fallback_frp_1h_assumption,FRP_to_FRE_to_dry_matter_then_IPCC_2019_factors
7d56945c-a399-5847-b1b2-1b770d5a4971,f3df1999-3289-5a29-96de-3e74eb70b355,agricultural_burn,cropland,agricultural_residue,2,6271.199999999999,2307.8016,3496.319424,6.23106432,0.161546112,0.368,trapezoidal_observation_integration,FRP_to_FRE_to_dry_matter_then_IPCC_2019_factors
9ad79205-adfb-5d12-baf9-82129e0d2d96,26c9e172-c370-5609-8b39-667fb2c98ccb,agricultural_burn,cropland,agricultural_residue,1,36144.0,13300.992,20151.00288,35.912678400000004,0.9310694400000001,0.368,singleton_frp_1h_assumption,FRP_to_FRE_to_dry_matter_then_IPCC_2019_factors
fe4eea5d-e60d-53e1-aaef-a64b2666e412,3d76d4af-889d-56cd-ad71-d246b716b836,agricultural_burn,cropland,agricultural_residue,1,36000.0,13248.0,20070.72,35.769600000000004,0.9273600000000001,0.368,singleton_frp_1h_assumption,FRP_to_FRE_to_dry_matter_then_IPCC_2019_factors
d06e9218-4eee-589f-aa97-54e0a924448b,56752b4e-4cdf-5ba4-afdb-23e44bced652,wildfire,grassland,savanna_grassland,2,82404.0,30324.672,48913.695936,69.7467456,6.368181119999999,0.368,fallback_frp_1h_assumption,FRP_to_FRE_to_dry_matter_then_IPCC_2019_factors
21d4491a-640d-5062-a1ab-db6b29cb4c38,7a7b1c9e-bce1-59c3-9e6a-e279f16d54ab,wildfire,grassland,savanna_grassland,2,55476.0,20415.167999999998,32929.665984,46.954886399999985,4.28718528,0.368,fallback_frp_1h_assumption,FRP_to_FRE_to_dry_matter_then_IPCC_2019_factors
aaa37fe3-c0f2-5323-927c-c8f2d6537c76,349258c1-2a2a-5cc1-9b93-7a6babb80137,agricultural_burn,cropland,agricultural_residue,2,8526.0,3137.5679999999998,4753.41552,8.471433600000001,0.21962976,0.368,trapezoidal_observation_integration,FRP_to_FRE_to_dry_matter_then_IPCC_2019_factors
1f8a1016-a1dd-5596-bd34-451372046994,737e820c-bf31-58b9-aa15-6fb89a701594,agricultural_burn,cropland,agricultural_residue,1,36288.0,13353.984,20231.285760000002,36.055756800000005,0.9347788800000001,0.368,singleton_frp_1h_assumption,FRP_to_FRE_to_dry_matter_then_IPCC_2019_factors
c5d0d7b5-76b5-5072-ba64-6a5f68391dd0,6864e029-b04a-59cf-aaaf-cb2ab051fba8,agricultural_burn,cropland,agricultural_residue,1,36504.0,13433.472,20351.710079999997,36.2703744,0.9403430400000001,0.368,singleton_frp_1h_assumption,FRP_to_FRE_to_dry_matter_then_IPCC_2019_factors
aa1ded74-103d-590c-82be-038ca8f2cb8b,f8d47bb7-532f-52b8-8f48-2c88b8983bc3,wildfire,tree_cover,tropical_forest,2,65196.0,23992.128,37907.56224,163.1464704,4.798425600000001,0.368,fallback_frp_1h_assumption,FRP_to_FRE_to_dry_matter_then_IPCC_2019_factors
b754d240-122b-5fd3-8843-2c7ab3602f2f,7a477a9d-71b6-503f-a1ca-0f46628024f4,agricultural_burn,cropland,agricultural_residue,7,7365.0,2710.32,4106.134800000001,7.317864,0.1897224,0.368,trapezoidal_observation_integration,FRP_to_FRE_to_dry_matter_then_IPCC_2019_factors
9c3e6d74-2e4d-55c0-85e3-07f73f4b6320,881cd39f-da83-5528-a329-b75f015bb529,agricultural_burn,cropland,agricultural_residue,2,22284.0,8200.512,12423.775680000002,22.1413824,0.5740358400000001,0.368,fallback_frp_1h_assumption,FRP_to_FRE_to_dry_matter_then_IPCC_2019_factors
28bb47f5-3173-5036-a585-7408fb51d6d5,3cffbc59-2673-58fe-a530-03b26cda28d7,agricultural_burn,cropland,agricultural_residue,3,12316.500000000002,4532.472000000001,6866.695080000001,12.237674400000001,0.3172730400000001,0.368,trapezoidal_observation_integration,FRP_to_FRE_to_dry_matter_then_IPCC_2019_factors
48e685b2-992f-54c9-8091-d843ebdae715,daf2f2ba-e781-5acb-9d07-9d1e119741cc,wildfire,tree_cover,tropical_forest,2,109456.19999999998,40279.88159999999,63642.212927999986,273.90319487999994,8.05597632,0.368,trapezoidal_observation_integration,FRP_to_FRE_to_dry_matter_then_IPCC_2019_factors
a1438506-bf67-5635-816a-bd445ee0323a,f72dd1be-5b65-5796-9d1c-cf0e9bea7971,agricultural_burn,cropland,agricultural_residue,2,13068.0,4809.024,7285.67136,12.984364800000002,0.3366316800000001,0.368,fallback_frp_1h_assumption,FRP_to_FRE_to_dry_matter_then_IPCC_2019_factors
e5eaad07-1545-52b0-a292-05f4f5400e83,748a6b3e-20a7-55f5-bde1-249c346e10b6,wildfire,grassland,savanna_grassland,1,18828.0,6928.704,11175.999552,15.936019199999999,1.45502784,0.368,singleton_frp_1h_assumption,FRP_to_FRE_to_dry_matter_then_IPCC_2019_factors
c59de5cf-87ec-5292-8566-a59027e32509,5185bfb7-318c-5c03-bd76-85a8124a0b2f,agricultural_burn,cropland,agricultural_residue,2,22860.0,8412.48,12744.9072,22.713696,0.5888736,0.368,fallback_frp_1h_assumption,FRP_to_FRE_to_dry_matter_then_IPCC_2019_factors
ffa4e18c-4ad1-5996-8739-597f98c76bd9,7e9f3c98-110a-59fc-93d9-b773cc2c3f61,agricultural_burn,cropland,agricultural_residue,2,8280.0,3047.04,4616.2656,8.227008,0.21329280000000003,0.368,fallback_frp_1h_assumption,FRP_to_FRE_to_dry_matter_then_IPCC_2019_factors
50c815bb-cb91-5da8-a824-8ead17ed31da,90a3b6cb-d4b6-5e34-8069-57987399c113,agricultural_burn,cropland,agricultural_residue,3,400295.7,147308.8176,223172.858664,397.73380752,10.311617232000001,0.368,trapezoidal_observation_integration,FRP_to_FRE_to_dry_matter_then_IPCC_2019_factors
a6d6be66-5f76-5b4c-8ea5-d9154674fa51,977f4003-27c8-5a4a-9d05-7a5496ba3fd3,wildfire,cropland,extra_tropical_forest,1,25848.0,9512.064,14924.428416,44.70670080000001,2.4731366400000003,0.368,singleton_frp_1h_assumption,FRP_to_FRE_to_dry_matter_then_IPCC_2019_factors
450d8a23-7d92-51b6-b418-17f3a58e528d,bb7c7191-390e-59b3-b5bd-5069174714c9,agricultural_burn,cropland,agricultural_residue,1,52884.0,19461.311999999998,29483.887679999996,52.545542399999995,1.3622918400000001,0.368,singleton_frp_1h_assumption,FRP_to_FRE_to_dry_matter_then_IPCC_2019_factors
d54185a4-84c2-57cc-a6bb-1ec0e4b211f9,d3ec2bfc-ab48-5787-ae4e-49dec1406809,agricultural_burn,cropland,agricultural_residue,2,56124.0,20653.632,31290.25248,55.76480640000001,1.4457542400000003,0.368,fallback_frp_1h_assumption,FRP_to_FRE_to_dry_matter_then_IPCC_2019_factors
719ff0cc-4e35-596d-8e7f-571db6f07baa,5c262d99-b9a9-570d-8f17-97c118992c51,agricultural_burn,cropland,agricultural_residue,3,21276.0,7829.568,11861.79552,21.139833600000003,0.5480697600000001,0.368,fallback_frp_1h_assumption,FRP_to_FRE_to_dry_matter_then_IPCC_2019_factors
643af4f0-f9ac-5670-ac2e-0223013889a7,4a575b04-d10e-5290-a48d-8f5e071320d0,wildfire,tree_cover,tropical_forest,1,48348.0,17792.064,28111.461119999996,120.98603519999999,3.5584128,0.368,singleton_frp_1h_assumption,FRP_to_FRE_to_dry_matter_then_IPCC_2019_factors
1ae581fc-257f-563a-9a4a-eec13beda785,64af4623-9726-53e2-bb92-3f2b28680df8,wildfire,tree_cover,tropical_forest,1,31356.000000000004,11539.008000000002,18231.632640000003,78.4652544,2.3078016000000003,0.368,singleton_frp_1h_assumption,FRP_to_FRE_to_dry_matter_then_IPCC_2019_factors
d0f219f5-b2ae-5c7d-a19b-52b961f235cf,f58888a3-e03e-5562-8308-eb54cd62515b,agricultural_burn,cropland,agricultural_residue,5,9357.9,3443.7072,5217.216408,9.29800944,0.241059504,0.368,trapezoidal_observation_integration,FRP_to_FRE_to_dry_matter_then_IPCC_2019_factors
f7f4550a-559f-5764-b6ac-db7e37ecaf43,ab5b0b3f-03dc-5974-a237-2874fbc570db,wildfire,tree_cover,tropical_forest,4,660618.0,243107.424,384109.72992,1653.1304831999998,48.621484800000005,0.368,trapezoidal_observation_integration,FRP_to_FRE_to_dry_matter_then_IPCC_2019_factors
fc63f14f-a519-529f-8dff-98c882187245,ac319672-046b-53b5-8046-775d268de17c,agricultural_burn,cropland,agricultural_residue,2,45000.0,16560.0,25088.4,44.712,1.1592,0.368,fallback_frp_1h_assumption,FRP_to_FRE_to_dry_matter_then_IPCC_2019_factors
ad289538-ab5f-5deb-929e-da05fc61737c,18352225-c717-5c10-8971-06bb87893f2f,agricultural_burn,cropland,agricultural_residue,3,3744.0,1377.792,2087.35488,3.7200384,0.09644544000000001,0.368,fallback_frp_1h_assumption,FRP_to_FRE_to_dry_matter_then_IPCC_2019_factors
26ff4c8f-98d8-5412-ba18-9d9b15db7b18,90b624c7-d91c-5545-bc39-b526bc74c642,agricultural_burn,cropland,agricultural_residue,2,7992.000000000001,2941.0560000000005,4455.699840000001,7.940851200000002,0.20587392000000004,0.368,fallback_frp_1h_assumption,FRP_to_FRE_to_dry_matter_then_IPCC_2019_factors
32d168fe-cb5b-5d19-ad30-e7bbca1e49a5,9060928d-2bfb-5c6f-aac5-efacdb7b03eb,agricultural_burn,cropland,agricultural_residue,2,27468.0,10108.224,15313.959359999999,27.292204800000004,0.70757568,0.368,fallback_frp_1h_assumption,FRP_to_FRE_to_dry_matter_then_IPCC_2019_factors
4e075791-4556-57ec-855a-575b41ff5d08,eee423df-47ec-530c-9da1-26fcff1e533c,wildfire,grassland,savanna_grassland,2,4500.0,1656.0,2671.128,3.8087999999999997,0.34776,0.368,fallback_frp_1h_assumption,FRP_to_FRE_to_dry_matter_then_IPCC_2019_factors
43fcbebf-06c9-5a30-8e5e-f0a066fe4e5f,0e87e818-6ee6-536d-acd2-e3cd64621e7b,agricultural_burn,cropland,agricultural_residue,2,6089.4,2240.8992,3394.9622879999997,6.05042784,0.156862944,0.368,trapezoidal_observation_integration,FRP_to_FRE_to_dry_matter_then_IPCC_2019_factors
685b4bc1-83b1-549f-b6cf-ba1c7428aac2,f96727d0-132c-53b9-b528-681eb8dc8f77,agricultural_burn,cropland,agricultural_residue,2,10548.0,3881.6639999999998,5880.72096,10.4804928,0.27171648,0.368,fallback_frp_1h_assumption,FRP_to_FRE_to_dry_matter_then_IPCC_2019_factors
9724c4aa-9601-53a8-8bc7-9d44b2f0b275,5be5996c-b14e-54eb-9326-e3e399e54602,agricultural_burn,cropland,agricultural_residue,3,23041.8,8479.3824,12846.264336,22.89433248,0.593556768,0.368,trapezoidal_observation_integration,FRP_to_FRE_to_dry_matter_then_IPCC_2019_factors
a4c8a692-f5e3-520e-b7e3-955d7b37b257,4ef40fda-37e5-5269-9ccc-9ef76dee8bb4,agricultural_burn,cropland,agricultural_residue,1,38196.0,14056.128,21295.03392,37.9515456,0.9839289600000002,0.368,singleton_frp_1h_assumption,FRP_to_FRE_to_dry_matter_then_IPCC_2019_factors
57405a74-fdbf-5186-8346-90adf2d94be5,0e35de31-8dc6-5c75-a702-6f6ad0a51282,agricultural_burn,cropland,agricultural_residue,2,105120.0,38684.159999999996,58606.50239999999,104.447232,2.7078912,0.368,fallback_frp_1h_assumption,FRP_to_FRE_to_dry_matter_then_IPCC_2019_factors
88184be2-5a4c-5292-9120-08e9b4033132,98cd6f44-559a-5df2-9469-25cbfbc64def,wildfire,grassland,savanna_grassland,2,8599.5,3164.616,5104.525608,7.2786168,0.66456936,0.368,trapezoidal_observation_integration,FRP_to_FRE_to_dry_matter_then_IPCC_2019_factors
c860a6dd-5124-540e-ae2e-f28ffa422b48,f8ef0674-b1e7-50b6-94d6-b4ff4692b4a5,agricultural_burn,cropland,agricultural_residue,2,13759.199999999999,5063.3856,7671.029183999999,13.67114112,0.354436992,0.368,trapezoidal_observation_integration,FRP_to_FRE_to_dry_matter_then_IPCC_2019_factors
afcdb446-3716-59bd-9be3-d3ca24d8c7e3,8cd4ee69-6ffd-5365-9fba-b18a253f1322,agricultural_burn,cropland,agricultural_residue,3,26892.0,9896.256,14992.82784,26.719891200000003,0.69273792,0.368,fallback_frp_1h_assumption,FRP_to_FRE_to_dry_matter_then_IPCC_2019_factors
bb99c08c-b044-5386-bd8e-e1ba823215e2,4824f885-e738-5b1b-a0b3-9ccaa20fe581,agricultural_burn,cropland,agricultural_residue,2,16200.0,5961.599999999999,9031.824,16.09632,0.417312,0.368,fallback_frp_1h_assumption,FRP_to_FRE_to_dry_matter_then_IPCC_2019_factors
46f50c86-c06e-5be9-a421-c4732bd73c31,9c60f7d8-d9ac-5463-afae-5b2952ec7974,agricultural_burn,cropland,agricultural_residue,2,9540.0,3510.72,5318.7408,9.478944,0.2457504,0.368,trapezoidal_observation_integration,FRP_to_FRE_to_dry_matter_then_IPCC_2019_factors
5c676189-fbfe-5a57-8542-bda58b65a456,9fd6f739-1250-533b-bc0d-43984c75935d,agricultural_burn,cropland,agricultural_residue,1,39816.0,14652.288,22198.21632,39.5611776,1.0256601600000002,0.368,singleton_frp_1h_assumption,FRP_to_FRE_to_dry_matter_then_IPCC_2019_factors
0f7c924d-6e85-53db-b4ea-7baded7170a5,c69aac68-05f3-5022-8ed9-8548781689c9,wildfire,grassland,savanna_grassland,1,37944.0,13963.392,22522.951296,32.1158016,2.93231232,0.368,singleton_frp_1h_assumption,FRP_to_FRE_to_dry_matter_then_IPCC_2019_factors
2e743f96-07f2-5e45-9acf-9dcf4c355b93,5693e232-515b-577c-bb3a-ec8681d8331a,agricultural_burn,cropland,agricultural_residue,2,2772.0,1020.096,1545.44544,2.7542592,0.07140672,0.368,fallback_frp_1h_assumption,FRP_to_FRE_to_dry_matter_then_IPCC_2019_factors
cbf66db6-6c7f-5827-9ee5-20fc4efb4a44,3da78a0c-dce0-5fc6-a712-2b65acb43309,agricultural_burn,cropland,agricultural_residue,2,10188.0,3749.1839999999997,5680.01376,10.1227968,0.26244288,0.368,fallback_frp_1h_assumption,FRP_to_FRE_to_dry_matter_then_IPCC_2019_factors
0c107942-a2a5-5f5e-a61c-454a3f07922a,bf4ecd6f-3276-5f73-8ad8-8ec17aab6e46,wildfire,grassland,savanna_grassland,1,31031.999999999996,11419.775999999998,18420.098688,26.265484799999996,2.3981529599999996,0.368,singleton_frp_1h_assumption,FRP_to_FRE_to_dry_matter_then_IPCC_2019_factors
5c921410-c766-51b4-8419-0aaf2ee86407,fbe057be-3ea2-5b8d-9393-94d6585028e1,agricultural_burn,cropland,agricultural_residue,2,32400.0,11923.199999999999,18063.648,32.19264,0.834624,0.368,fallback_frp_1h_assumption,FRP_to_FRE_to_dry_matter_then_IPCC_2019_factors
1c34c272-10f1-5a0b-9b81-81cae54d61a2,ed9605b1-98f1-5d20-a90f-9ad6e2c49916,agricultural_burn,cropland,agricultural_residue,1,37548.0,13817.664,20933.76096,37.307692800000005,0.9672364800000002,0.368,singleton_frp_1h_assumption,FRP_to_FRE_to_dry_matter_then_IPCC_2019_factors
23c991ab-1a20-522b-854d-4a67510dcfdb,c60450c6-5e2c-56c9-be3e-cf4a855cd4bd,wildfire,cropland,extra_tropical_forest,2,5508.0,2026.944,3180.2751359999997,9.5266368,0.52700544,0.368,fallback_frp_1h_assumption,FRP_to_FRE_to_dry_matter_then_IPCC_2019_factors
79aa9bbb-2c48-549f-ad76-8dbd8796e239,048f5a89-24e2-5617-8932-1d9bd2c12f5f,wildfire,grassland,savanna_grassland,3,79125.0,29118.0,46967.334,66.97139999999999,6.11478,0.368,trapezoidal_observation_integration,FRP_to_FRE_to_dry_matter_then_IPCC_2019_factors
597f4c64-5a20-53eb-89e8-65ec026cc866,855536a2-5341-58a1-8cd6-cd5cd27c503e,agricultural_burn,cropland,agricultural_residue,1,38412.0,14135.616,21415.45824,38.1661632,0.9894931200000001,0.368,singleton_frp_1h_assumption,FRP_to_FRE_to_dry_matter_then_IPCC_2019_factors
4aa6ffbc-37c9-526c-851a-9019bdfd12a7,cb08df20-85d0-5a3f-b398-29c1aba54e09,agricultural_burn,cropland,agricultural_residue,2,31788.0,11697.984,17722.445760000002,31.5845568,0.8188588800000001,0.368,fallback_frp_1h_assumption,FRP_to_FRE_to_dry_matter_then_IPCC_2019_factors
e60d2c8d-21b6-5364-b94e-abb920dca20c,c551b132-f1bd-5ead-bb81-e429e36ef0c4,agricultural_burn,cropland,agricultural_residue,1,47016.0,17301.888,26212.36032,46.7150976,1.21113216,0.368,singleton_frp_1h_assumption,FRP_to_FRE_to_dry_matter_then_IPCC_2019_factors
da9d7a49-f663-5d3a-91e5-189cd976c4a9,fdfcfa59-9fd2-5eb0-b820-f431908afb4a,wildfire,cropland,extra_tropical_forest,3,25128.0,9247.104,14508.706176,43.4613888,2.4042470399999996,0.368,fallback_frp_1h_assumption,FRP_to_FRE_to_dry_matter_then_IPCC_2019_factors
bc6a2434-04fb-54cf-a6b6-58b13fa2e284,1b0371e2-7567-5940-8b19-2745aa8ab037,wildfire,tree_cover,tropical_forest,1,19260.0,7087.68,11198.5344,48.196224,1.4175360000000001,0.368,singleton_frp_1h_assumption,FRP_to_FRE_to_dry_matter_then_IPCC_2019_factors
7515f675-36c6-55cb-885d-cd49554f74f6,ed50a32a-9434-51da-b2d4-ef80cd9ae5bd,agricultural_burn,cropland,agricultural_residue,20,1435155.6,528137.2608,800127.9501120001,1425.9706041600004,36.96960825600001,0.368,trapezoidal_observation_integration,FRP_to_FRE_to_dry_matter_then_IPCC_2019_factors
829588d6-285b-567c-8092-93342d0bf353,d08ae506-0b8a-52c5-942e-dd4331b763f1,agricultural_burn,cropland,agricultural_residue,2,38880.0,14307.84,21676.3776,38.631168,1.0015488000000001,0.368,fallback_frp_1h_assumption,FRP_to_FRE_to_dry_matter_then_IPCC_2019_factors
965bd65f-b149-5f15-acc2-4efcbbaa9bd7,1c5a1922-30fc-5d50-a2bd-2b3de2ca7ebf,agricultural_burn,cropland,agricultural_residue,2,12348.0,4544.064,6884.256960000001,12.268972800000002,0.31808448000000006,0.368,fallback_frp_1h_assumption,FRP_to_FRE_to_dry_matter_then_IPCC_2019_factors
9a36eb7a-f219-592f-9e43-096bfa7ce14f,6c77bd5a-05f6-5555-a988-32d18f0fc9fc,agricultural_burn,cropland,agricultural_residue,2,32466.600000000002,11947.7088,18100.778832000004,32.25881376,0.8363396160000001,0.368,trapezoidal_observation_integration,FRP_to_FRE_to_dry_matter_then_IPCC_2019_factors
fe275820-8202-52ee-aebc-ed00e6090f81,7fc7ce8a-c9d7-5d4d-a86e-841a6f70ee67,wildfire,bare_sparse_vegetation,extra_tropical_forest,1,24156.0,8889.408,13947.481151999998,41.78021759999999,2.31124608,0.368,singleton_frp_1h_assumption,FRP_to_FRE_to_dry_matter_then_IPCC_2019_factors
94551af1-ace7-58b3-9228-4dfda0e9830d,61faaea3-2dea-50d2-884f-841f1a021532,agricultural_burn,cropland,agricultural_residue,7,796465.8,293099.4144,444045.612816,791.3684188800001,20.516959008,0.368,trapezoidal_observation_integration,FRP_to_FRE_to_dry_matter_then_IPCC_2019_factors
6920c5eb-0219-534e-a970-10c1fac1ef64,23303d68-3e59-5b35-a36f-e64be05650d8,agricultural_burn,cropland,agricultural_residue,10,129194.1,47543.4288,72028.294632,128.36725776,3.3280400160000005,0.368,trapezoidal_observation_integration,FRP_to_FRE_to_dry_matter_then_IPCC_2019_factors
369a20b4-ca25-58fd-a43d-0e2a1e51d431,3d5c406e-e866-57b5-b7f9-5cb359a1c7df,wildfire,tree_cover,tropical_forest,9,369623.10000000003,136021.3008,214913.655264,924.94484544,27.20426016,0.368,trapezoidal_observation_integration,FRP_to_FRE_to_dry_matter_then_IPCC_2019_factors
1e0ff96c-d240-5d28-bc8d-df8c910b0a9f,421e7f5b-8dea-5dd5-96d3-d3d8a7981864,agricultural_burn,cropland,agricultural_residue,2,4008.6000000000004,1475.1648,2234.8746720000004,3.98294496,0.103261536,0.368,trapezoidal_observation_integration,FRP_to_FRE_to_dry_matter_then_IPCC_2019_factors
00e1bba8-2468-55c3-afc6-65a1e14a1903,3d488fcb-3fd0-55f8-bbf5-8b74ad605d55,agricultural_burn,cropland,agricultural_residue,1,100224.0,36882.432,55876.88448,99.5825664,2.5817702400000004,0.368,singleton_frp_1h_assumption,FRP_to_FRE_to_dry_matter_then_IPCC_2019_factors
301450e2-0be7-587e-bb76-9a4533b11469,a3cc89df-9355-5de8-b357-a15e32605f1f,agricultural_burn,cropland,agricultural_residue,2,29664.0,10916.351999999999,16538.273279999998,29.4741504,0.7641446399999999,0.368,fallback_frp_1h_assumption,FRP_to_FRE_to_dry_matter_then_IPCC_2019_factors
56d75b4e-ed04-51c3-afd4-5fbb53647d22,bc2b6a0d-6c30-5e6a-86eb-ac444228ef5d,agricultural_burn,cropland,agricultural_residue,2,4248.0,1563.264,2368.34496,4.2208128,0.10942848000000001,0.368,fallback_frp_1h_assumption,FRP_to_FRE_to_dry_matter_then_IPCC_2019_factors
2c5e5127-98b4-5f12-9572-a9e398ab4718,e1afe83f-5333-5198-9263-552446bb2624,agricultural_burn,cropland,agricultural_residue,2,18252.0,6716.736,10175.855039999999,18.1351872,0.47017152000000006,0.368,fallback_frp_1h_assumption,FRP_to_FRE_to_dry_matter_then_IPCC_2019_factors
fa2714ac-e30e-5d08-acbd-0e8c71001abf,c6b2a332-959d-55da-a61a-dd2c5375dc75,agricultural_burn,cropland,agricultural_residue,3,74936.1,27576.484800000002,41778.374472,74.45650896000001,1.9303539360000004,0.368,trapezoidal_observation_integration,FRP_to_FRE_to_dry_matter_then_IPCC_2019_factors
c85e707a-92c2-53fe-a0da-96ed9fe0ff30,9570019a-9dc8-5aa5-972b-120c8987457c,agricultural_burn,cropland,agricultural_residue,5,21389.4,7871.2992,11925.018288000001,21.252507840000003,0.5509909440000001,0.368,trapezoidal_observation_integration,FRP_to_FRE_to_dry_matter_then_IPCC_2019_factors
c71b84ef-3294-532a-96bc-1da5f4b1d4ae,0504b9f2-4c47-5283-ad67-2c1ebbf3aaad,agricultural_burn,cropland,agricultural_residue,2,43488.0,16003.583999999999,24245.42976,43.209676800000004,1.12025088,0.368,fallback_frp_1h_assumption,FRP_to_FRE_to_dry_matter_then_IPCC_2019_factors
9149dfcc-39ba-5b9d-905c-5636db0560a1,c0cc919e-a9ec-544e-b482-320fb803da06,agricultural_burn,cropland,agricultural_residue,3,14183.099999999999,5219.380799999999,7907.3619119999985,14.09232816,0.365356656,0.368,trapezoidal_observation_integration,FRP_to_FRE_to_dry_matter_then_IPCC_2019_factors
4f0bca17-ab89-5baf-a686-4c8678b78d9a,b95aff44-5ced-559e-b6cb-387760f85ea5,agricultural_burn,cropland,agricultural_residue,3,2463.3,906.4944,1373.3390160000001,2.44753488,0.06345460800000001,0.368,trapezoidal_observation_integration,FRP_to_FRE_to_dry_matter_then_IPCC_2019_factors
3f6ed496-c32e-50b5-941a-5bafbf02d807,8f75380a-ad69-52e7-a8be-96f7a6300778,agricultural_burn,cropland,agricultural_residue,2,4605.0,1694.6399999999999,2567.3795999999998,4.575528,0.1186248,0.368,trapezoidal_observation_integration,FRP_to_FRE_to_dry_matter_then_IPCC_2019_factors
01c3d6c1-f12d-58e8-94ce-c79e599538b2,f7ca2700-8fc0-5d3b-803c-b7b878eec4b5,agricultural_burn,cropland,agricultural_residue,2,6105.0,2246.64,3403.6595999999995,6.0659279999999995,0.1572648,0.368,trapezoidal_observation_integration,FRP_to_FRE_to_dry_matter_then_IPCC_2019_factors
6c5bccdb-8979-511f-8695-16800d1ac13d,76fa3f15-ab65-5033-a99e-623a2fc2b596,agricultural_burn,cropland,agricultural_residue,2,9504.0,3497.4719999999998,5298.67008,9.4431744,0.24482304,0.368,fallback_frp_1h_assumption,FRP_to_FRE_to_dry_matter_then_IPCC_2019_factors
538cb1ac-6e42-5345-9add-b3fd3a84cc17,c56e8674-4c42-5f37-945b-ac5db88b26e5,agricultural_burn,cropland,agricultural_residue,3,8292.6,3051.6768,4623.290352,8.239527360000002,0.21361737600000003,0.368,trapezoidal_observation_integration,FRP_to_FRE_to_dry_matter_then_IPCC_2019_factors
83f89f1b-41c1-5884-a9d6-04b0384b0671,592c7bfe-6ea0-539b-8a18-dca849edc346,agricultural_burn,cropland,agricultural_residue,8,101057.4,37189.123199999995,56341.521647999994,100.41063264,2.6032386240000003,0.368,trapezoidal_observation_integration,FRP_to_FRE_to_dry_matter_then_IPCC_2019_factors
b4e47224-cdcf-566e-806f-75d11eb6f6f9,255ef4fc-af37-5154-9b7e-91e7d12c9edc,agricultural_burn,cropland,agricultural_residue,2,12044.999999999998,4432.5599999999995,6715.328399999999,11.967912,0.3102792,0.368,trapezoidal_observation_integration,FRP_to_FRE_to_dry_matter_then_IPCC_2019_factors
d3a6fd9a-cb46-5f91-9276-1b95293c1bcc,e15e3d4b-96fe-5e13-8edd-2dfcac755679,agricultural_burn,cropland,agricultural_residue,2,21615.0,7954.32,12050.7948,21.476664,0.5568024,0.368,trapezoidal_observation_integration,FRP_to_FRE_to_dry_matter_then_IPCC_2019_factors
c81b364e-2919-57b6-afd8-b7aa6f7cfddb,0f50e53c-7dad-5d27-8b3f-3ebd5410b207,agricultural_burn,cropland,agricultural_residue,2,11736.0,4318.848,6543.05472,11.6608896,0.30231936000000004,0.368,fallback_frp_1h_assumption,FRP_to_FRE_to_dry_matter_then_IPCC_2019_factors
64bf8a14-e96b-5bef-8217-92c12b0d13f6,8bd6de48-bd62-56d6-a88d-ddaa2c145c4e,agricultural_burn,cropland,agricultural_residue,1,61236.00000000001,22534.848,34140.294720000005,60.844089600000004,1.5774393600000003,0.368,singleton_frp_1h_assumption,FRP_to_FRE_to_dry_matter_then_IPCC_2019_factors
5f91f2fc-8e9c-5b76-a0b6-725b78ae8a15,937210e2-7b70-53a1-b588-675f650f3e1a,wildfire,grassland,savanna_grassland,2,9000.0,3312.0,5342.256,7.6175999999999995,0.69552,0.368,fallback_frp_1h_assumption,FRP_to_FRE_to_dry_matter_then_IPCC_2019_factors
3515d794-7a35-5789-bfad-d91422f093d9,05154a81-8d37-5030-8bb3-b9f9c0e9d0ad,wildfire,tree_cover,tropical_forest,1,19548.0,7193.664,11365.989119999998,48.9169152,1.4387328,0.368,singleton_frp_1h_assumption,FRP_to_FRE_to_dry_matter_then_IPCC_2019_factors
3c00a0a2-abf4-51a7-8c37-2f3d01206d1d,a233cb1f-aca4-5428-9e76-0c7df47c0235,agricultural_burn,cropland,agricultural_residue,3,11046.6,4065.1488,6158.700432,10.975901760000001,0.28456041600000004,0.368,trapezoidal_observation_integration,FRP_to_FRE_to_dry_matter_then_IPCC_2019_factors
cd05de50-67d4-53c8-b79b-28793e8397ff,6a2bcc01-296e-5fc6-a7fd-edcdc636ff7d,agricultural_burn,cropland,agricultural_residue,2,10188.0,3749.1839999999997,5680.01376,10.1227968,0.26244288,0.368,fallback_frp_1h_assumption,FRP_to_FRE_to_dry_matter_then_IPCC_2019_factors
b206f0d7-a7be-52d2-a082-5427514eaaa9,b21b686a-6234-57cb-9d09-83e6b28a41f4,agricultural_burn,cropland,agricultural_residue,3,2790.0,1026.72,1555.4808,2.7721440000000004,0.0718704,0.368,trapezoidal_observation_integration,FRP_to_FRE_to_dry_matter_then_IPCC_2019_factors
42476356-2e57-54b5-88c1-ba7ade08942e,39900c80-f773-517c-b0d9-03e8a91b5447,agricultural_burn,cropland,agricultural_residue,3,1193.4,439.1712,665.344368,1.18576224,0.030741984000000003,0.368,trapezoidal_observation_integration,FRP_to_FRE_to_dry_matter_then_IPCC_2019_factors
c946a542-719d-566c-b8bf-1ee4699d0a4a,e5262583-4524-521f-a18c-84d160031d57,agricultural_burn,cropland,agricultural_residue,5,22500.0,8280.0,12544.2,22.356,0.5796,0.368,trapezoidal_observation_integration,FRP_to_FRE_to_dry_matter_then_IPCC_2019_factors
7ff89395-6f5a-5bbc-ba91-c25be8e6f332,8b024db4-a0cf-5beb-a607-03b13cb1ca11,agricultural_burn,cropland,agricultural_residue,2,6552.0,2411.136,3652.87104,6.510067200000001,0.16877952000000002,0.368,fallback_frp_1h_assumption,FRP_to_FRE_to_dry_matter_then_IPCC_2019_factors
7a6380e0-2fa8-5262-883f-2dc37d6a1db8,21c462cd-5f88-5507-b17b-bc9985408067,agricultural_burn,cropland,agricultural_residue,2,2475.0,910.8,1379.862,2.45916,0.06375600000000001,0.368,trapezoidal_observation_integration,FRP_to_FRE_to_dry_matter_then_IPCC_2019_factors
71aa2af9-419d-54ce-8cf6-0bc48ba94b45,4d76ace2-0b2b-5b83-bd2c-1150f565c34f,agricultural_burn,cropland,agricultural_residue,2,1275.0000000000002,469.2000000000001,710.8380000000001,1.2668400000000004,0.032844000000000005,0.368,trapezoidal_observation_integration,FRP_to_FRE_to_dry_matter_then_IPCC_2019_factors
1f7ec047-d61e-5720-a36a-45d449e8af16,4de582c3-587b-5070-abcc-35ed5a436556,agricultural_burn,cropland,agricultural_residue,3,19492.2,7173.1296,10867.291344000001,19.367449920000002,0.502119072,0.368,trapezoidal_observation_integration,FRP_to_FRE_to_dry_matter_then_IPCC_2019_factors
20abee55-b27b-5b15-b047-cb0b8e53f3e1,f452567d-5f94-5105-bde1-fee96caaf251,agricultural_burn,cropland,agricultural_residue,2,972.0000000000001,357.696,541.90944,0.9657792000000002,0.025038720000000004,0.368,fallback_frp_1h_assumption,FRP_to_FRE_to_dry_matter_then_IPCC_2019_factors
19c3f641-3fa6-53de-9b0a-9a8c7f0bc9e4,05c917a1-c0be-5e4b-9c93-a8fd8e3eeca3,wildfire,grassland,savanna_grassland,2,14940.000000000002,5497.920000000001,8868.144960000001,12.645216000000001,1.1545632000000001,0.368,fallback_frp_1h_assumption,FRP_to_FRE_to_dry_matter_then_IPCC_2019_factors
7be39136-523f-5d03-8906-a08ba4c7bac4,ac676bc6-bf43-50c0-a559-4b62803c4070,agricultural_burn,cropland,agricultural_residue,2,10332.0,3802.176,5760.29664,10.2658752,0.26615232000000005,0.368,fallback_frp_1h_assumption,FRP_to_FRE_to_dry_matter_then_IPCC_2019_factors
ccf8a1d5-1337-5cd0-a55d-736f0d4f7da8,df85beeb-b1d2-5b3e-a118-57090a2a2af8,agricultural_burn,cropland,agricultural_residue,4,11736.0,4318.848,6543.05472,11.6608896,0.30231936000000004,0.368,fallback_frp_1h_assumption,FRP_to_FRE_to_dry_matter_then_IPCC_2019_factors
43ab33e8-e4fe-516a-ab98-645d266b9a5d,f3a299cd-9485-598f-8af8-8f05cf35cca4,agricultural_burn,cropland,agricultural_residue,1,124704.0,45891.072,69524.97408,123.90589440000001,3.2123750400000004,0.368,singleton_frp_1h_assumption,FRP_to_FRE_to_dry_matter_then_IPCC_2019_factors
bcb59263-186b-5737-a652-cd2a57598af5,b98cb89e-a047-5edc-9250-a2120ac72234,agricultural_burn,cropland,agricultural_residue,2,14724.0,5418.432,8208.92448,14.629766400000001,0.37929024000000006,0.368,fallback_frp_1h_assumption,FRP_to_FRE_to_dry_matter_then_IPCC_2019_factors
6ab27b09-dfcc-54e2-8ed7-6e1cf4953e98,c29f790b-99ae-5698-a499-d03fb5810d95,agricultural_burn,cropland,agricultural_residue,3,47694.90000000001,17551.723200000004,26590.860648000005,47.389652640000016,1.2286206240000004,0.368,trapezoidal_observation_integration,FRP_to_FRE_to_dry_matter_then_IPCC_2019_factors
4cf4cf1f-4fbd-57b7-808c-b040a359bf44,1c2cc1ce-cd28-5202-8b76-171a068ada1b,agricultural_burn,cropland,agricultural_residue,2,21795.0,8020.5599999999995,12151.148399999998,21.655511999999998,0.5614392,0.368,trapezoidal_observation_integration,FRP_to_FRE_to_dry_matter_then_IPCC_2019_factors
798b8ef0-ebeb-52c5-a5aa-6c60a9d43e32,bc627789-f042-5410-bd26-ed5047563cfc,agricultural_burn,cropland,agricultural_residue,3,14280.0,5255.04,7961.3856,14.188608,0.36785280000000004,0.368,trapezoidal_observation_integration,FRP_to_FRE_to_dry_matter_then_IPCC_2019_factors
eb69cb94-bfff-5c76-b5e0-26463a0a3a6a,a12c8735-c112-5490-8b43-ce19f0eb003f,agricultural_burn,cropland,agricultural_residue,3,308971.8,113701.6224,172257.957936,306.99438048,7.959113568,0.368,trapezoidal_observation_integration,FRP_to_FRE_to_dry_matter_then_IPCC_2019_factors
de2b4fde-e02d-5124-b083-cc86d7fa0725,3f87b430-deee-55f3-97d3-4aae5f84e832,wildfire,cropland,extra_tropical_forest,3,54481.2,20049.081599999998,31457.009030399997,94.23068351999999,5.212761216,0.368,trapezoidal_observation_integration,FRP_to_FRE_to_dry_matter_then_IPCC_2019_factors
c67a04a8-e13c-5998-bd7c-9e524c0c69c4,586fa61d-a5fe-52b0-9be6-f43e026ff771,agricultural_burn,cropland,agricultural_residue,4,17028.0,6266.304,9493.450560000001,16.919020800000002,0.4386412800000001,0.368,fallback_frp_1h_assumption,FRP_to_FRE_to_dry_matter_then_IPCC_2019_factors
56c17cee-e45f-5328-8f05-e6ed93ed798a,304eb247-8144-52a5-939a-698729278171,agricultural_burn,cropland,agricultural_residue,2,16416.0,6041.088,9152.24832,16.310937600000003,0.42287616,0.368,fallback_frp_1h_assumption,FRP_to_FRE_to_dry_matter_then_IPCC_2019_factors
5b605956-89dd-550f-a522-71caca4876e9,1594cf6a-f0c5-5418-a997-db0eb08dc65a,agricultural_burn,cropland,agricultural_residue,3,12456.0,4583.808,6944.46912,12.3762816,0.32086656,0.368,fallback_frp_1h_assumption,FRP_to_FRE_to_dry_matter_then_IPCC_2019_factors
b6d46e88-ba8c-5881-ae08-67517866cd02,5c800e92-58ac-5500-8814-b94b575a360c,agricultural_burn,cropland,agricultural_residue,2,6516.0,2397.888,3632.80032,6.4742976,0.16785216,0.368,fallback_frp_1h_assumption,FRP_to_FRE_to_dry_matter_then_IPCC_2019_factors
3d25d2d0-73d2-50c2-988d-3695aef69844,84a00562-7bfc-5f3b-998c-cb5f6c9a46ce,agricultural_burn,cropland,agricultural_residue,2,17100.0,6292.8,9533.592,16.990560000000002,0.44049600000000005,0.368,fallback_frp_1h_assumption,FRP_to_FRE_to_dry_matter_then_IPCC_2019_factors
abde0964-4018-511e-8d25-070bdcdc243e,a8036198-2f33-54f8-b338-d046d86f4773,agricultural_burn,cropland,agricultural_residue,3,4932.0,1814.9759999999999,2749.68864,4.9004351999999995,0.12704832,0.368,fallback_frp_1h_assumption,FRP_to_FRE_to_dry_matter_then_IPCC_2019_factors
721924d2-001e-5dfb-bbe3-d7231eda9e43,cecfa998-5ceb-5059-9c1e-e7b3f826d560,agricultural_burn,cropland,agricultural_residue,2,20988.0,7723.584,11701.22976,20.853676800000002,0.5406508800000001,0.368,fallback_frp_1h_assumption,FRP_to_FRE_to_dry_matter_then_IPCC_2019_factors
5346bdf1-600e-575a-8780-7fc31bbb4224,51983785-847d-5f5c-bd89-a015978198e9,agricultural_burn,cropland,agricultural_residue,3,90801.9,33415.0992,50623.875287999996,90.22076784,2.3390569439999997,0.368,trapezoidal_observation_integration,FRP_to_FRE_to_dry_matter_then_IPCC_2019_factors
a7e5f95a-f84b-5761-8006-e759e9a48d32,c67d7235-f2bc-5420-96c7-e8a5d55332a3,agricultural_burn,cropland,agricultural_residue,2,1980.0000000000002,728.6400000000001,1103.8896000000002,1.9673280000000004,0.05100480000000001,0.368,fallback_frp_1h_assumption,FRP_to_FRE_to_dry_matter_then_IPCC_2019_factors
8fcae1d2-e260-51f0-9f80-705391b61be7,c80ce34d-7b33-5c18-89de-7a99a9164460,agricultural_burn,cropland,agricultural_residue,4,237525.0,87409.2,132424.938,236.00484,6.118644000000001,0.368,trapezoidal_observation_integration,FRP_to_FRE_to_dry_matter_then_IPCC_2019_factors
cd950ec9-bddc-5884-824b-c4c5023370b2,112bb058-9963-54a1-9877-562731cdbb7a,agricultural_burn,cropland,agricultural_residue,2,12204.0,4491.072,6803.97408,12.125894400000002,0.31437504,0.368,fallback_frp_1h_assumption,FRP_to_FRE_to_dry_matter_then_IPCC_2019_factors
43dc4d5b-a637-56b7-ad70-061cbd139276,707c6ff1-0566-5005-b942-4346c07dfced,agricultural_burn,cropland,agricultural_residue,2,29268.000000000004,10770.624000000002,16317.495360000003,29.080684800000007,0.7539436800000002,0.368,fallback_frp_1h_assumption,FRP_to_FRE_to_dry_matter_then_IPCC_2019_factors
08e132e1-5f63-5dd5-acda-434249f0819a,764da6e2-fcea-598e-9b03-0cb8892611b2,agricultural_burn,cropland,agricultural_residue,3,10548.0,3881.6639999999998,5880.72096,10.4804928,0.27171648,0.368,fallback_frp_1h_assumption,FRP_to_FRE_to_dry_matter_then_IPCC_2019_factors
adb78cb2-20d8-59c8-af56-3e7e5df64a34,de7c2b48-cd9f-5178-8b16-a3772eb6c7ad,agricultural_burn,cropland,agricultural_residue,4,26928.0,9909.503999999999,15012.898559999998,26.755660799999998,0.69366528,0.368,fallback_frp_1h_assumption,FRP_to_FRE_to_dry_matter_then_IPCC_2019_factors
340bd4ef-cfb5-5880-9e01-57208e613b93,acd7bba5-e67b-5954-9384-82b7e1115697,agricultural_burn,cropland,agricultural_residue,1,43020.0,15831.36,23984.510400000003,42.74467200000001,1.1081952000000002,0.368,singleton_frp_1h_assumption,FRP_to_FRE_to_dry_matter_then_IPCC_2019_factors
313b4f7a-cc6a-5a0d-8713-74a522715c8b,63aa0174-2711-5ddb-9347-971dfb229eec,wildfire,cropland,extra_tropical_forest,2,2370.0,872.16,1368.41904,4.099152,0.22676159999999998,0.368,trapezoidal_observation_integration,FRP_to_FRE_to_dry_matter_then_IPCC_2019_factors
af4b1801-cabd-5387-b04b-be8e34551932,c1f99ba4-246b-5bde-8e9a-aca0e9b6f08b,agricultural_burn,cropland,agricultural_residue,2,8208.0,3020.544,4576.12416,8.155468800000001,0.21143808,0.368,fallback_frp_1h_assumption,FRP_to_FRE_to_dry_matter_then_IPCC_2019_factors
2d4f3d79-c667-57cc-8366-7252c16984f4,78b467e4-f249-5ab5-92a1-8db9c99294f5,wildfire,grassland,savanna_grassland,1,32724.0,12042.432,19424.442816,27.6975936,2.52891072,0.368,singleton_frp_1h_assumption,FRP_to_FRE_to_dry_matter_then_IPCC_2019_factors
2a6ffedf-16cb-5303-882b-e2813da3ce1a,95654a65-7a89-5c39-b632-4890a157fcc0,agricultural_burn,cropland,agricultural_residue,2,21564.0,7935.552,12022.36128,21.4259904,0.55548864,0.368,fallback_frp_1h_assumption,FRP_to_FRE_to_dry_matter_then_IPCC_2019_factors
d1a389b9-cb74-5403-9abf-5cd4bb1890b5,12d6693b-eb9d-5dd5-a102-8c60dc89e058,agricultural_burn,cropland,agricultural_residue,3,4290.0,1578.72,2391.7608,4.262544000000001,0.11051040000000002,0.368,trapezoidal_observation_integration,FRP_to_FRE_to_dry_matter_then_IPCC_2019_factors
c2527501-1049-5757-bdeb-aafc7d6975f4,969f3166-e75a-5292-b388-eca217d26597,agricultural_burn,cropland,agricultural_residue,4,17969.999999999996,6612.959999999998,10018.634399999997,17.854991999999996,0.4629071999999999,0.368,trapezoidal_observation_integration,FRP_to_FRE_to_dry_matter_then_IPCC_2019_factors
fc157a1d-2ad5-521d-9d9f-c1260b3692a6,06fae226-6e95-5148-b8cb-190844064a3d,wildfire,cropland,extra_tropical_forest,1,157140.0,57827.52,90731.37887999999,271.78934399999997,15.035155199999998,0.368,singleton_frp_1h_assumption,FRP_to_FRE_to_dry_matter_then_IPCC_2019_factors
0bd38c4b-6c2f-51c7-8889-9ce1080fa417,1a7dfe1f-27fb-5f50-87bd-423fa71a7a23,agricultural_burn,cropland,agricultural_residue,3,6450.0,2373.6,3596.004,6.408720000000001,0.16615200000000002,0.368,trapezoidal_observation_integration,FRP_to_FRE_to_dry_matter_then_IPCC_2019_factors
8859e8d5-00ed-5f45-aa7f-5a3b27167aef,25c41efc-053f-5d65-bd99-92b220559e05,agricultural_burn,cropland,agricultural_residue,2,3600.0,1324.8,2007.072,3.57696,0.092736,0.368,fallback_frp_1h_assumption,FRP_to_FRE_to_dry_matter_then_IPCC_2019_factors
3a0edbe1-9b9a-5943-88bf-f1190e8933bc,30efe7fe-c0e8-54c4-a4f1-c05c4ee26c20,agricultural_burn,cropland,agricultural_residue,1,54468.0,20044.224,30366.999359999994,54.1194048,1.40309568,0.368,singleton_frp_1h_assumption,FRP_to_FRE_to_dry_matter_then_IPCC_2019_factors
4696afd1-2ebe-52e8-947f-6f0f167b3d79,3196d0ff-49ce-5731-8756-cc33bad73765,agricultural_burn,cropland,agricultural_residue,5,17064.0,6279.552,9513.521279999999,16.9547904,0.43956864,0.368,fallback_frp_1h_assumption,FRP_to_FRE_to_dry_matter_then_IPCC_2019_factors
53cb8246-2a13-502e-980c-dba916c76e00,6133594c-1d47-5cfd-9100-b5d49ac86b24,agricultural_burn,cropland,agricultural_residue,2,7632.0,2808.576,4254.9926399999995,7.5831552,0.19660032000000002,0.368,fallback_frp_1h_assumption,FRP_to_FRE_to_dry_matter_then_IPCC_2019_factors
447c79bd-5fe1-5d13-a7d3-4a14ccf981ff,6b5ad009-7eb1-5173-afb4-075a7b603b62,agricultural_burn,cropland,agricultural_residue,7,44964.0,16546.752,25068.32928,44.67623040000001,1.15827264,0.368,fallback_frp_1h_assumption,FRP_to_FRE_to_dry_matter_then_IPCC_2019_factors
2fb62276-2fc0-5691-aaaf-1cda301973d7,9e9a3f52-5578-538c-97e1-d5f297065853,agricultural_burn,cropland,agricultural_residue,2,11052.0,4067.136,6161.71104,10.9812672,0.28469952,0.368,fallback_frp_1h_assumption,FRP_to_FRE_to_dry_matter_then_IPCC_2019_factors
badb4df8-82c1-53fa-9e59-ce3f523d0be8,cce9be1d-1791-567b-8c9d-5fe7768ad1c9,agricultural_burn,cropland,agricultural_residue,2,165828.6,61024.9248,92452.761072,164.76729696,4.2717447360000005,0.368,trapezoidal_observation_integration,FRP_to_FRE_to_dry_matter_then_IPCC_2019_factors
5a83d6b3-9b1c-524d-861e-68ae8c11feb9,dbfbabda-742d-5446-a866-7c2f4ba16e89,agricultural_burn,cropland,agricultural_residue,3,28296.0,10412.928,15775.58592,28.1149056,0.72890496,0.368,fallback_frp_1h_assumption,FRP_to_FRE_to_dry_matter_then_IPCC_2019_factors
168c5e9f-9cc4-5c52-9df1-6a2944fd4044,e7c31c3e-950b-5fa6-8361-c6ef3dc26088,agricultural_burn,cropland,agricultural_residue,3,15084.000000000002,5550.912,8409.63168,14.987462400000002,0.38856384000000005,0.368,fallback_frp_1h_assumption,FRP_to_FRE_to_dry_matter_then_IPCC_2019_factors
e6f0da35-3b87-5b50-87b6-faf6adeac4bd,2b11839c-2e0a-5a1c-960b-2112f95b4ba9,agricultural_burn,cropland,agricultural_residue,6,12393.6,4560.8448,6909.679872,12.31428096,0.319259136,0.368,trapezoidal_observation_integration,FRP_to_FRE_to_dry_matter_then_IPCC_2019_factors
3d97d925-4a48-5227-8aa1-4033ed520593,4ecb7975-06ae-5006-98d6-5c3e9972130c,agricultural_burn,cropland,agricultural_residue,4,17335.8,6379.5743999999995,9665.055216,17.224850879999998,0.446570208,0.368,trapezoidal_observation_integration,FRP_to_FRE_to_dry_matter_then_IPCC_2019_factors
95041313-59b2-55f0-9c5c-4b82402a3cb6,a370c6a5-954e-5f28-97e3-34fece95d6f6,agricultural_burn,cropland,agricultural_residue,2,12132.0,4464.576,6763.83264,12.0543552,0.31252032,0.368,fallback_frp_1h_assumption,FRP_to_FRE_to_dry_matter_then_IPCC_2019_factors
294e1e51-5b7f-5dec-a1ec-5468598858ad,1b9e4a51-0eea-54ad-9426-b1ff9f9a2e7e,agricultural_burn,cropland,agricultural_residue,3,8445.0,3107.7599999999998,4708.256399999999,8.390951999999999,0.21754320000000002,0.368,trapezoidal_observation_integration,FRP_to_FRE_to_dry_matter_then_IPCC_2019_factors
8d46f479-d2ad-5a63-9764-c29879d1b40d,a470f54c-c0e5-5c63-a277-c313437ac44e,agricultural_burn,cropland,agricultural_residue,2,72756.0,26774.208,40562.92512,72.2903616,1.87419456,0.368,fallback_frp_1h_assumption,FRP_to_FRE_to_dry_matter_then_IPCC_2019_factors
735883bf-5dd5-5f10-b6bc-fdcab525f960,69d8ba50-9727-53ea-9588-a51640940c46,agricultural_burn,cropland,agricultural_residue,2,2412.0,887.616,1344.73824,2.3965632,0.06213312000000001,0.368,fallback_frp_1h_assumption,FRP_to_FRE_to_dry_matter_then_IPCC_2019_factors
13935cfe-9080-5247-bbdb-e31297bb7bd8,41f78eec-4ec7-5fb8-afd4-e121e5c9e3c0,agricultural_burn,cropland,agricultural_residue,2,16200.0,5961.599999999999,9031.824,16.09632,0.417312,0.368,fallback_frp_1h_assumption,FRP_to_FRE_to_dry_matter_then_IPCC_2019_factors
1d883158-499d-531f-aa9a-58f293ba822e,c9d3736b-d0ae-5aeb-aa5b-3a75b8a39e6a,agricultural_burn,cropland,agricultural_residue,4,391347.6,144015.91679999998,218184.11395199996,388.84297535999997,10.081114176,0.368,trapezoidal_observation_integration,FRP_to_FRE_to_dry_matter_then_IPCC_2019_factors
7d978e55-4e14-57e6-a537-8c4a0568edaa,5bc3a6cf-2967-5ef1-8d2c-1b90c8167d93,agricultural_burn,cropland,agricultural_residue,2,434705.39999999997,159971.58719999998,242356.95460799997,431.92328544,11.198011103999999,0.368,trapezoidal_observation_integration,FRP_to_FRE_to_dry_matter_then_IPCC_2019_factors
39f4a0e7-aa4d-5c45-b2c4-4e478788e287,5480d6ce-9872-5dd3-b3c6-0621bffb3d83,agricultural_burn,cropland,agricultural_residue,3,27720.0,10200.96,15454.454399999999,27.542592,0.7140671999999999,0.368,fallback_frp_1h_assumption,FRP_to_FRE_to_dry_matter_then_IPCC_2019_factors
0332a7dd-39ab-5222-b9b7-14e64c86e01d,7f5fc781-613b-5797-89fc-00a6f92cb5d4,agricultural_burn,cropland,agricultural_residue,6,89837.1,33060.052800000005,50085.97999200001,89.26214256000002,2.3142036960000003,0.368,trapezoidal_observation_integration,FRP_to_FRE_to_dry_matter_then_IPCC_2019_factors
628b1c3f-3a1f-54eb-9b01-0893ef6fc10d,411e4c47-bfce-57c6-963b-6549eec1d07b,agricultural_burn,cropland,agricultural_residue,2,8892.0,3272.256,4957.46784,8.8350912,0.22905792000000003,0.368,fallback_frp_1h_assumption,FRP_to_FRE_to_dry_matter_then_IPCC_2019_factors
41fbaf06-d006-5891-ac4d-919b98e4c519,bdca5aee-9f78-5d65-a1d6-d05b1ee95125,agricultural_burn,cropland,agricultural_residue,2,18396.0,6769.728,10256.13792,18.2782656,0.4738809600000001,0.368,fallback_frp_1h_assumption,FRP_to_FRE_to_dry_matter_then_IPCC_2019_factors
d8783879-867d-5e04-a8ea-596c4ec9d098,1413abfa-96a0-52ef-856f-c98b2b408e90,agricultural_burn,cropland,agricultural_residue,2,13248.0,4875.264,7386.02496,13.163212800000002,0.34126848000000004,0.368,fallback_frp_1h_assumption,FRP_to_FRE_to_dry_matter_then_IPCC_2019_factors
b22fd69e-6179-5046-9f45-ee8c866c599e,5de43afc-e44a-523f-8c52-164df3243b5b,wildfire,tree_cover,tropical_forest,6,36603.6,13470.1248,21282.797184,91.59684863999999,2.69402496,0.368,trapezoidal_observation_integration,FRP_to_FRE_to_dry_matter_then_IPCC_2019_factors
015e1518-7e0f-5496-828e-c7a179839a36,2570e54d-7593-50fc-990f-fd15c08a3d2d,agricultural_burn,cropland,agricultural_residue,3,5004.0,1841.472,2789.83008,4.9719744,0.12890304,0.368,fallback_frp_1h_assumption,FRP_to_FRE_to_dry_matter_then_IPCC_2019_factors
0e967f6a-a4d3-5804-a6e6-278326a232e1,67b68069-8621-5e56-90e6-47918bf27485,agricultural_burn,cropland,agricultural_residue,3,31140.0,11459.52,17361.1728,30.940704,0.8021664000000001,0.368,fallback_frp_1h_assumption,FRP_to_FRE_to_dry_matter_then_IPCC_2019_factors
8d7c7d9a-7b86-5673-9374-6adae2b2c68b,a05b9ec3-f2f7-55ff-9f25-807560e70f38,agricultural_burn,cropland,agricultural_residue,2,282210.6,103853.5008,157338.053712,280.40445216,7.2697450560000005,0.368,trapezoidal_observation_integration,FRP_to_FRE_to_dry_matter_then_IPCC_2019_factors
5934edce-62de-5022-9a27-15fa75f96afb,af37b52d-1af8-50fb-b6f5-69b9a8c95103,agricultural_burn,cropland,agricultural_residue,2,10944.0,4027.392,6101.49888,10.8739584,0.28191744,0.368,fallback_frp_1h_assumption,FRP_to_FRE_to_dry_matter_then_IPCC_2019_factors
ae17cacf-2d31-52ae-a066-ea7077f7b06a,dfb25b8c-b1a0-5ff9-b708-e193c17e24a3,agricultural_burn,cropland,agricultural_residue,2,7379.999999999999,2715.8399999999997,4114.4976,7.332768,0.1901088,0.368,fallback_frp_1h_assumption,FRP_to_FRE_to_dry_matter_then_IPCC_2019_factors
ba15dfa6-f640-5a48-8128-e99012329b56,46d9b026-fc67-5ee6-9df7-b902f1bef051,wildfire,tree_cover,tropical_forest,2,13320.0,4901.76,7744.7808,33.331968,0.9803520000000001,0.368,fallback_frp_1h_assumption,FRP_to_FRE_to_dry_matter_then_IPCC_2019_factors
03370f6b-40b9-5927-9860-aabb9550fabb,42a84aa3-5b0e-5d1b-b118-af0168517753,wildfire,tree_cover,tropical_forest,1,18792.0,6915.456,10926.42048,47.0251008,1.3830912,0.368,singleton_frp_1h_assumption,FRP_to_FRE_to_dry_matter_then_IPCC_2019_factors
8b40c3b9-1cfc-5e47-ac48-589a985e566c,697520f5-b194-51d2-bb7f-23cfca205315,agricultural_burn,cropland,agricultural_residue,2,14355.0,5282.64,8003.199600000001,14.263128000000002,0.3697848000000001,0.368,trapezoidal_observation_integration,FRP_to_FRE_to_dry_matter_then_IPCC_2019_factors
cf9c264b-a099-57f1-af30-18ef5c37baa5,7e89ee61-a275-55e9-9136-0eb3aa0640ee,agricultural_burn,cropland,agricultural_residue,3,9810.0,3610.08,5469.2712,9.747216,0.25270560000000003,0.368,trapezoidal_observation_integration,FRP_to_FRE_to_dry_matter_then_IPCC_2019_factors
77819d03-096f-5509-b0eb-e693770490f5,bd54ed62-3e5a-56ad-8031-f275b84fe44c,agricultural_burn,cropland,agricultural_residue,1,78228.0,28787.904,43613.67455999999,77.72734080000001,2.01515328,0.368,singleton_frp_1h_assumption,FRP_to_FRE_to_dry_matter_then_IPCC_2019_factors
ea47434c-f3b4-5c98-a52f-9fbd01b0dc36,f0c5d22b-722c-5e1c-87c6-66066434e239,agricultural_burn,cropland,agricultural_residue,1,55296.0,20348.928,30828.62592,54.942105600000005,1.42442496,0.368,singleton_frp_1h_assumption,FRP_to_FRE_to_dry_matter_then_IPCC_2019_factors
819587f0-ce2c-5553-808b-3e08f58bf8b0,fdcc5942-896a-52b2-bace-cfa5e448ce76,wildfire,tree_cover,tropical_forest,1,25524.0,9392.832,14840.674560000001,63.8712576,1.8785664000000002,0.368,singleton_frp_1h_assumption,FRP_to_FRE_to_dry_matter_then_IPCC_2019_factors
8c9b5f16-74ee-5a6f-9ea4-f31148d26672,ff77b5a8-576b-5dd4-923f-285ed2b792c9,agricultural_burn,cropland,agricultural_residue,2,2520.0,927.36,1404.9504,2.5038720000000003,0.0649152,0.368,fallback_frp_1h_assumption,FRP_to_FRE_to_dry_matter_then_IPCC_2019_factors
fb93d78a-c766-5cbe-a167-bf5f4b16817e,0b3763b5-848a-5dcb-8635-c414e44886e3,agricultural_burn,cropland,agricultural_residue,3,19214.999999999996,7071.119999999999,10712.746799999999,19.092024,0.4949784,0.368,trapezoidal_observation_integration,FRP_to_FRE_to_dry_matter_then_IPCC_2019_factors
faa85f9c-7138-5e9f-af1b-e8567d1a367f,39a590e8-483d-5ead-9fd2-c2d313d39e69,agricultural_burn,cropland,agricultural_residue,4,10266.300000000001,3777.9984000000004,5723.667576000001,10.200595680000003,0.26445988800000003,0.368,trapezoidal_observation_integration,FRP_to_FRE_to_dry_matter_then_IPCC_2019_factors
90a384e5-8c45-50f4-a05a-0148db7d3345,cb84595f-3701-54bd-a3c3-8b89919a047b,agricultural_burn,cropland,agricultural_residue,3,29412.0,10823.616,16397.77824,29.2237632,0.7576531200000001,0.368,fallback_frp_1h_assumption,FRP_to_FRE_to_dry_matter_then_IPCC_2019_factors
42326e0a-0fd0-5ef4-8dca-59e030851293,2544937f-58fa-5062-92cf-ff3265c548ee,agricultural_burn,cropland,agricultural_residue,3,9470.699999999999,3485.2175999999995,5280.104663999999,9.41008752,0.24396523199999998,0.368,trapezoidal_observation_integration,FRP_to_FRE_to_dry_matter_then_IPCC_2019_factors
339ab11a-c1c6-5d86-a1ee-8dfbb9a03b05,1bc40b53-adcd-5534-a259-7c171e291a97,agricultural_burn,cropland,agricultural_residue,2,2376.0,874.3679999999999,1324.66752,2.3607936,0.06120576,0.368,fallback_frp_1h_assumption,FRP_to_FRE_to_dry_matter_then_IPCC_2019_factors
f8c3c671-ad5c-57d6-a08b-f16ca6369e81,380b0aef-cd70-5130-bb57-a968a15e6454,agricultural_burn,cropland,agricultural_residue,2,24388.2,8974.8576,13596.909263999998,24.23211552,0.628240032,0.368,trapezoidal_observation_integration,FRP_to_FRE_to_dry_matter_then_IPCC_2019_factors
92fbdca0-d73a-57a5-b8ec-bbdb40f8beb2,d74185ed-3767-59f7-bf72-6af1c11713f1,wildfire,tree_cover,tropical_forest,2,20340.0,7485.12,11826.489599999999,50.898816,1.4970240000000001,0.368,fallback_frp_1h_assumption,FRP_to_FRE_to_dry_matter_then_IPCC_2019_factors
4f331310-2b3b-5a9d-bae4-02f6081e99ab,f9d3f293-473c-53cf-a90f-556cb63c46fa,wildfire,grassland,savanna_grassland,2,11772.0,4332.096,6987.670848,9.963820799999997,0.9097401599999998,0.368,fallback_frp_1h_assumption,FRP_to_FRE_to_dry_matter_then_IPCC_2019_factors
8ebe1fbd-52cd-50d1-b533-bb75d6f51c40,32e021dd-4d23-5f50-b82b-eb286330e778,agricultural_burn,cropland,agricultural_residue,2,3779.0999999999995,1390.7087999999999,2106.923832,3.75491376,0.097349616,0.368,trapezoidal_observation_integration,FRP_to_FRE_to_dry_matter_then_IPCC_2019_factors
ddf681f5-59ef-53a4-a96f-9e212dfb8354,0ba7f9cb-34ca-557f-a9c0-7199bcf10024,agricultural_burn,cropland,agricultural_residue,2,12276.0,4517.568,6844.11552,12.197433600000002,0.3162297600000001,0.368,fallback_frp_1h_assumption,FRP_to_FRE_to_dry_matter_then_IPCC_2019_factors
7d2375bd-b3d7-532c-b6f1-ac477627236b,1373db8c-a55c-5cc8-9ce3-185d791dedca,agricultural_burn,cropland,agricultural_residue,2,22905.0,8429.039999999999,12769.995599999998,22.758408,0.5900327999999999,0.368,trapezoidal_observation_integration,FRP_to_FRE_to_dry_matter_then_IPCC_2019_factors
6e824436-55f5-551b-9008-fce9dbb96f39,6bc4edc3-21cb-54a8-ae1d-9c740e1e2588,agricultural_burn,cropland,agricultural_residue,2,9780.0,3599.04,5452.5455999999995,9.717408,0.2519328,0.368,trapezoidal_observation_integration,FRP_to_FRE_to_dry_matter_then_IPCC_2019_factors
1a436975-018e-5d05-83c7-14e225f17556,78f3baf8-11b9-584b-9067-6794060cbb78,agricultural_burn,cropland,agricultural_residue,2,11340.0,4173.12,6322.2768,11.267424,0.2921184,0.368,fallback_frp_1h_assumption,FRP_to_FRE_to_dry_matter_then_IPCC_2019_factors
47f3df70-6d4b-5980-a03f-1b99c6ee77c6,ba92ab16-2a98-5d5b-98ec-fd6420b47336,agricultural_burn,cropland,agricultural_residue,2,20376.0,7498.3679999999995,11360.02752,20.2455936,0.52488576,0.368,fallback_frp_1h_assumption,FRP_to_FRE_to_dry_matter_then_IPCC_2019_factors
874474ca-eb42-5465-9dfd-7df51733c4ab,7bfda2cc-81ff-5d50-834f-7f3b9bea5432,agricultural_burn,cropland,agricultural_residue,2,10224.0,3762.432,5700.0844799999995,10.1585664,0.26337024000000003,0.368,fallback_frp_1h_assumption,FRP_to_FRE_to_dry_matter_then_IPCC_2019_factors
0344eb2f-cbe0-585f-bd97-535ad137b3fa,a42ef150-fd1f-5d7f-a601-7db8d97d2bce,agricultural_burn,cropland,agricultural_residue,2,13320.0,4901.76,7426.1664,13.234752000000002,0.3431232000000001,0.368,fallback_frp_1h_assumption,FRP_to_FRE_to_dry_matter_then_IPCC_2019_factors
e7eb68fc-354c-5a66-aac7-49ddc7824404,1d79a570-0b6a-5094-9e5b-7da70e16dfc7,agricultural_burn,cropland,agricultural_residue,2,9648.0,3550.464,5378.95296,9.5862528,0.24853248000000003,0.368,fallback_frp_1h_assumption,FRP_to_FRE_to_dry_matter_then_IPCC_2019_factors
3f22b580-7c81-596e-bf3c-3e4bb5f74619,a2e9bca8-9c96-5618-a392-58ce939f6d37,agricultural_burn,cropland,agricultural_residue,2,6768.0,2490.624,3773.29536,6.7246848,0.17434368,0.368,fallback_frp_1h_assumption,FRP_to_FRE_to_dry_matter_then_IPCC_2019_factors
e85ab9d5-6a8d-5ba9-b257-c56c4dc925c8,e81b2947-b30a-5537-8eb6-08217ae3afbb,agricultural_burn,cropland,agricultural_residue,3,33696.0,12400.128,18786.19392,33.4803456,0.8680089600000002,0.368,fallback_frp_1h_assumption,FRP_to_FRE_to_dry_matter_then_IPCC_2019_factors
b559af50-b3c4-5e70-a6d9-7b366d2e605d,00e9ab57-de64-53fe-93bc-9c38420cd2d5,agricultural_burn,cropland,agricultural_residue,2,22665.0,8340.72,12636.190799999998,22.519944,0.5838504,0.368,trapezoidal_observation_integration,FRP_to_FRE_to_dry_matter_then_IPCC_2019_factors
ad03fefd-a4bb-5d19-b353-2503ee1dcab2,8e7b820f-7549-51f1-bbef-0dfbd6f380d8,wildfire,tree_cover,tropical_forest,3,14471.999999999998,5325.695999999999,8414.599679999998,36.21473279999999,1.0651392,0.368,fallback_frp_1h_assumption,FRP_to_FRE_to_dry_matter_then_IPCC_2019_factors
2803e424-1020-59be-adf3-17e65cd43be5,1220e7fa-004c-52bd-baac-480ece727d53,agricultural_burn,cropland,agricultural_residue,2,12276.0,4517.568,6844.11552,12.197433600000002,0.3162297600000001,0.368,fallback_frp_1h_assumption,FRP_to_FRE_to_dry_matter_then_IPCC_2019_factors
88677120-0d74-5966-8649-d1ffe70645be,51436093-9110-5173-aacf-72c438246720,agricultural_burn,cropland,agricultural_residue,4,2265.0,833.52,1262.7828,2.250504,0.0583464,0.368,trapezoidal_observation_integration,FRP_to_FRE_to_dry_matter_then_IPCC_2019_factors
e026fbbb-64bd-5cf7-b891-6fdd61a25d6e,f54fd463-efda-513a-b95b-690b921376a3,agricultural_burn,cropland,agricultural_residue,3,27468.0,10108.224,15313.959359999999,27.292204800000004,0.70757568,0.368,fallback_frp_1h_assumption,FRP_to_FRE_to_dry_matter_then_IPCC_2019_factors
c4665cf8-c1f4-5100-b8bf-346733fd0dcf,5a8f4c22-44ec-5b19-aa9c-57a32c3fec23,agricultural_burn,cropland,agricultural_residue,2,10770.0,3963.36,6004.490400000001,10.701072000000002,0.2774352,0.368,trapezoidal_observation_integration,FRP_to_FRE_to_dry_matter_then_IPCC_2019_factors
e2ac060f-0d15-51c6-9441-9d62d139bfbb,0c6a1e43-7417-5ee8-8aa8-e18cd557ae03,agricultural_burn,cropland,agricultural_residue,2,2268.0,834.624,1264.4553600000002,2.2534848000000003,0.058423680000000006,0.368,fallback_frp_1h_assumption,FRP_to_FRE_to_dry_matter_then_IPCC_2019_factors
b6f3f6e0-7fc9-51a8-8996-59814276e5f0,a26435c1-f4c6-53f9-9536-14aedac3a03f,agricultural_burn,cropland,agricultural_residue,2,7541.099999999999,2775.1247999999996,4204.314072,7.49283696,0.194258736,0.368,trapezoidal_observation_integration,FRP_to_FRE_to_dry_matter_then_IPCC_2019_factors
a3a86729-3057-5798-886e-ff5aff821c67,5b827614-fa5a-5ae3-bbb6-0fd950c70a2a,agricultural_burn,cropland,agricultural_residue,2,15408.0,5670.144,8590.26816,15.309388800000002,0.39691008000000005,0.368,fallback_frp_1h_assumption,FRP_to_FRE_to_dry_matter_then_IPCC_2019_factors
5dcfa9cd-c4a2-59a1-9f17-50e978dd80ba,4e4d08af-f29f-5112-8603-9c3eaa2c9a33,agricultural_burn,cropland,agricultural_residue,4,23580.0,8677.44,13146.321600000001,23.429088000000004,0.6074208000000001,0.368,trapezoidal_observation_integration,FRP_to_FRE_to_dry_matter_then_IPCC_2019_factors
16f4d883-5a30-5939-a31d-45ad8ef49c4b,06e6561a-669f-57a8-875c-1f753fc28ef1,agricultural_burn,cropland,agricultural_residue,2,148302.0,54575.136,82681.33103999999,147.35286720000002,3.82025952,0.368,trapezoidal_observation_integration,FRP_to_FRE_to_dry_matter_then_IPCC_2019_factors
a1175e2c-a892-56d6-b02c-613475afbc98,86d3a541-5ce4-5fe0-a56b-395dcc8c63bb,wildfire,tree_cover,tropical_forest,2,2520.0000000000005,927.3600000000001,1465.2288000000003,6.3060480000000005,0.18547200000000003,0.368,trapezoidal_observation_integration,FRP_to_FRE_to_dry_matter_then_IPCC_2019_factors
483e9ee5-6971-5c04-800e-5a3c96ce731e,68622d75-1495-5722-bef0-e78814898593,agricultural_burn,cropland,agricultural_residue,2,29124.0,10717.632,16237.212479999998,28.9376064,0.75023424,0.368,fallback_frp_1h_assumption,FRP_to_FRE_to_dry_matter_then_IPCC_2019_factors
f3767c45-44ae-5736-8429-149a154a2d40,b70bf4c6-7096-56b4-a978-b3ef4896da39,agricultural_burn,cropland,agricultural_residue,2,2235.0,822.48,1246.0572,2.2206960000000002,0.05757360000000001,0.368,trapezoidal_observation_integration,FRP_to_FRE_to_dry_matter_then_IPCC_2019_factors
f3a1924e-366d-50e6-bb84-b9e928d05284,3703762e-f2fe-5207-b326-08196107f417,agricultural_burn,cropland,agricultural_residue,2,9036.0,3325.248,5037.75072,8.978169600000001,0.23276736000000003,0.368,fallback_frp_1h_assumption,FRP_to_FRE_to_dry_matter_then_IPCC_2019_factors
b562b90a-0ddd-5a78-996a-dfdfeadc6b1f,6f394ab9-bf82-5fa7-a935-519bfa053a55,agricultural_burn,cropland,agricultural_residue,3,122296.8,45005.2224,68182.911936,121.51410048000001,3.1503655680000002,0.368,trapezoidal_observation_integration,FRP_to_FRE_to_dry_matter_then_IPCC_2019_factors
af9060b5-4604-5a17-85de-f61a049e96b8,5db64c7d-32d3-541c-91cf-e52aecce141e,wildfire,cropland,extra_tropical_forest,1,77436.0,28496.448,44710.926912,133.93330559999998,7.40907648,0.368,singleton_frp_1h_assumption,FRP_to_FRE_to_dry_matter_then_IPCC_2019_factors
d156587d-e1f1-5897-a529-e8ded45e6284,04550948-b9ba-5c0a-9fa4-e00c5d808fb2,agricultural_burn,cropland,agricultural_residue,2,18839.999999999996,6933.119999999999,10503.6768,18.719424,0.4853184,0.368,trapezoidal_observation_integration,FRP_to_FRE_to_dry_matter_then_IPCC_2019_factors
43db8049-e4a7-5d1d-9be2-1acf54838d04,0a728c37-0d59-5bbc-8e2a-68ba477c93e9,agricultural_burn,cropland,agricultural_residue,3,14400.0,5299.2,8028.288,14.30784,0.370944,0.368,trapezoidal_observation_integration,FRP_to_FRE_to_dry_matter_then_IPCC_2019_factors
f3a57208-c789-5e8e-93df-f3e868ecb069,8e554065-534e-5ed9-8b37-16665f376900,agricultural_burn,cropland,agricultural_residue,2,14115.0,5194.32,7869.3948,14.024664000000001,0.3636024,0.368,trapezoidal_observation_integration,FRP_to_FRE_to_dry_matter_then_IPCC_2019_factors
4f0133cc-ce7d-57a9-b618-7126031da60b,5ff1db02-93ef-5d02-a127-688c49ecd399,wildfire,cropland,extra_tropical_forest,1,24624.0,9061.632,14217.700608,42.5896704,2.35602432,0.368,singleton_frp_1h_assumption,FRP_to_FRE_to_dry_matter_then_IPCC_2019_factors
7dabfe7b-71cc-5e94-bb7a-064e9da3773b,46b84408-1c49-5777-92ec-34d3540beb89,wildfire,grassland,savanna_grassland,2,9828.0,3616.7039999999997,5833.743551999999,8.3184192,0.7595078399999998,0.368,fallback_frp_1h_assumption,FRP_to_FRE_to_dry_matter_then_IPCC_2019_factors
68b65c70-476e-5d32-ac9d-8d3e2dfa45cc,9d298f94-0d3f-5c05-a078-cac3960b3e75,wildfire,cropland,extra_tropical_forest,3,11235.0,4134.48,6486.9991199999995,19.432056,1.0749648,0.368,trapezoidal_observation_integration,FRP_to_FRE_to_dry_matter_then_IPCC_2019_factors
52aa25e6-a59a-5c33-a2fc-0aed608aa7dd,b32973f4-38f8-5f76-a984-db07822f639c,wildfire,tree_cover,tropical_forest,1,45648.0,16798.464,26541.57312,114.22955520000001,3.3596928000000004,0.368,singleton_frp_1h_assumption,FRP_to_FRE_to_dry_matter_then_IPCC_2019_factors
8f654e36-7e8d-56b8-ae88-10eb884267ef,608fae66-0ce5-50c7-b054-72893c2541b4,agricultural_burn,cropland,agricultural_residue,2,5904.0,2172.672,3291.59808,5.8662144000000005,0.15208704000000003,0.368,fallback_frp_1h_assumption,FRP_to_FRE_to_dry_matter_then_IPCC_2019_factors
60765c23-7a8a-5924-ac25-497c28333676,112c3a9c-7b0a-5bea-9eb7-d54e47990970,agricultural_burn,cropland,agricultural_residue,3,18528.3,6818.4144,10329.897815999999,18.40971888,0.477289008,0.368,trapezoidal_observation_integration,FRP_to_FRE_to_dry_matter_then_IPCC_2019_factors
6d912140-f7e7-5dfc-80fd-c784e13bf582,697c7887-6c8e-50a4-a1c3-8d62e476d24d,wildfire,grassland,savanna_grassland,2,25489.8,9380.2464,15130.3374432,21.57456672,1.9698517439999998,0.368,trapezoidal_observation_integration,FRP_to_FRE_to_dry_matter_then_IPCC_2019_factors
ccbb7c51-30d2-5595-a36a-9387bac88e9f,0c23c980-3336-5468-ad37-389112658e48,agricultural_burn,cropland,agricultural_residue,1,55080.0,20269.44,30708.201599999997,54.727488,1.4188608000000003,0.368,singleton_frp_1h_assumption,FRP_to_FRE_to_dry_matter_then_IPCC_2019_factors
5d1573d7-f724-5a17-8c10-909c0df2a45a,c581a229-35f0-5e61-8511-a10d5dc9e43b,agricultural_burn,cropland,agricultural_residue,2,46980.0,17288.64,26192.289599999996,46.679328,1.2102048,0.368,fallback_frp_1h_assumption,FRP_to_FRE_to_dry_matter_then_IPCC_2019_factors
c2899d7e-d9ec-5efc-ae06-7ea12d27f4c5,95a12fd6-ea2d-55ab-9c96-b31e2a4c2fb6,agricultural_burn,cropland,agricultural_residue,1,40896.0,15049.728,22800.337919999998,40.6342656,1.0534809600000001,0.368,singleton_frp_1h_assumption,FRP_to_FRE_to_dry_matter_then_IPCC_2019_factors
2526117e-9574-5912-9d9a-3379db162dfa,c4da635c-2a17-53b1-91f9-ed6ef0cbc4e0,agricultural_burn,cropland,agricultural_residue,2,44715.3,16455.2304,24929.674056000003,44.42912208,1.1518661280000002,0.368,trapezoidal_observation_integration,FRP_to_FRE_to_dry_matter_then_IPCC_2019_factors
97631bd6-6e29-5235-8651-2a6010bf6578,99a622a7-2fe0-5cce-8f26-27bad7f93e4c,agricultural_burn,cropland,agricultural_residue,1,48456.0,17831.808,27015.189120000003,48.14588160000001,1.2482265600000002,0.368,singleton_frp_1h_assumption,FRP_to_FRE_to_dry_matter_then_IPCC_2019_factors
6d02492c-b04d-5bd1-a3d7-9196fceae6cd,c358b0c2-8d66-50a4-ba37-daad557ad292,agricultural_burn,cropland,agricultural_residue,3,15696.000000000002,5776.128000000001,8750.833920000001,15.595545600000003,0.4043289600000001,0.368,fallback_frp_1h_assumption,FRP_to_FRE_to_dry_matter_then_IPCC_2019_factors
950705ec-e82b-5feb-8f23-bf74d9085b86,18e4fcbc-20ac-5090-937c-878a7799c3f5,agricultural_burn,cropland,agricultural_residue,2,1080.0,397.44,602.1216,1.073088,0.027820800000000003,0.368,fallback_frp_1h_assumption,FRP_to_FRE_to_dry_matter_then_IPCC_2019_factors
e71fb525-5a45-513f-96df-a19ea8576069,cd17df3c-c7fd-5d32-970f-661683818d2f,agricultural_burn,cropland,agricultural_residue,2,1152.0,423.936,642.2630399999999,1.1446272000000002,0.029675520000000004,0.368,fallback_frp_1h_assumption,FRP_to_FRE_to_dry_matter_then_IPCC_2019_factors
97a67c58-f8f5-5f88-8594-4138a356dd67,14daf55e-2bb0-5f59-86fe-dd3e3117877b,wildfire,tree_cover,tropical_forest,5,92886.3,34182.1584,54007.810272,232.43867712,6.8364316800000005,0.368,trapezoidal_observation_integration,FRP_to_FRE_to_dry_matter_then_IPCC_2019_factors
93ba0cc4-fec2-51d7-8087-dddd15456e24,159b5eb0-e698-5803-be6f-7b2063a2fd52,agricultural_burn,cropland,agricultural_residue,3,39902.399999999994,14684.083199999997,22246.386047999997,39.64702464,1.027885824,0.368,trapezoidal_observation_integration,FRP_to_FRE_to_dry_matter_then_IPCC_2019_factors
4c562e85-1e7c-5b09-94ce-fbdf94a7e759,8ac9f119-1a9a-5089-95cd-75bf08e15851,agricultural_burn,cropland,agricultural_residue,2,456035.4000000001,167821.02720000004,254248.85620800007,453.11677344000015,11.747471904000003,0.368,trapezoidal_observation_integration,FRP_to_FRE_to_dry_matter_then_IPCC_2019_factors
598258fc-e323-56fe-a0de-021c8f394565,0e037d48-3e8f-55bc-b9df-6d77300c898d,agricultural_burn,cropland,agricultural_residue,2,10296.0,3788.928,5740.22592,10.2301056,0.26522496,0.368,fallback_frp_1h_assumption,FRP_to_FRE_to_dry_matter_then_IPCC_2019_factors
f74822c8-d811-5d29-a7c9-421c55c14dd4,1ecb8369-47bf-5702-bcd7-bc87a3cc3ced,wildfire,cropland,extra_tropical_forest,1,82728.0,30443.904,47766.485376,143.0863488,7.91541504,0.368,singleton_frp_1h_assumption,FRP_to_FRE_to_dry_matter_then_IPCC_2019_factors
512e5c89-0d1d-521f-952a-b42ef04537c0,96b8773c-2e89-5b69-b473-3a2b5f9be059,agricultural_burn,cropland,agricultural_residue,3,47052.0,17315.136,26232.43104,46.7508672,1.21205952,0.368,fallback_frp_1h_assumption,FRP_to_FRE_to_dry_matter_then_IPCC_2019_factors
011d8063-8b3d-52c0-ac6f-3842147cdcab,ef43a1ed-10ad-5527-9e2b-56ae066cdaf8,agricultural_burn,cropland,agricultural_residue,2,10080.0,3709.44,5619.8016,10.015488000000001,0.2596608,0.368,fallback_frp_1h_assumption,FRP_to_FRE_to_dry_matter_then_IPCC_2019_factors
cc7df433-3cf7-53c5-9f27-9e92fd86081f,9de11025-b648-523c-ad1b-fb43385e9d4d,agricultural_burn,cropland,agricultural_residue,5,2400.0,883.1999999999999,1338.048,2.38464,0.061824,0.368,trapezoidal_observation_integration,FRP_to_FRE_to_dry_matter_then_IPCC_2019_factors
0cad1f90-f5bf-5f00-84c5-8d19cbf37d5a,6ae0b90b-5f06-575c-9cd8-2ab0454b3477,agricultural_burn,cropland,agricultural_residue,7,1413680.4,520234.38719999994,788155.0966079999,1404.6328454399998,36.416407104,0.368,trapezoidal_observation_integration,FRP_to_FRE_to_dry_matter_then_IPCC_2019_factors
7a3758c1-7caf-5d72-8faa-352d5d19d27e,82d30430-c7fb-5ece-b423-e27eca51ed34,agricultural_burn,cropland,agricultural_residue,2,14724.0,5418.432,8208.92448,14.629766400000001,0.37929024000000006,0.368,fallback_frp_1h_assumption,FRP_to_FRE_to_dry_matter_then_IPCC_2019_factors
db6c07fb-3425-5a2b-953e-11790a95761c,c2b34e6f-fd09-5405-be6f-7b1159cd101f,wildfire,grassland,savanna_grassland,3,21599.999999999996,7948.799999999998,12821.414399999996,18.282239999999994,1.6692479999999996,0.368,trapezoidal_observation_integration,FRP_to_FRE_to_dry_matter_then_IPCC_2019_factors
63e8960b-6ab1-54d9-b7ff-7739db86fd08,f5c29737-f229-5041-a122-71c5b4c3401b,wildfire,tree_cover,tropical_forest,3,14055.000000000002,5172.240000000001,8172.139200000001,35.171232,1.034448,0.368,trapezoidal_observation_integration,FRP_to_FRE_to_dry_matter_then_IPCC_2019_factors
273b89a4-7e40-571c-87c5-9bd375774c2e,b4795c8e-a3ee-54c0-b320-29a252433482,agricultural_burn,cropland,agricultural_residue,2,13032.0,4795.776,7265.60064,12.9485952,0.33570432,0.368,fallback_frp_1h_assumption,FRP_to_FRE_to_dry_matter_then_IPCC_2019_factors
e1be5a96-8b98-5abc-b9c3-cc1d634305aa,ccea6ed6-4783-5c74-83cd-e39b8d2be373,agricultural_burn,cropland,agricultural_residue,2,11580.0,4261.44,6456.0815999999995,11.505887999999999,0.2983008,0.368,trapezoidal_observation_integration,FRP_to_FRE_to_dry_matter_then_IPCC_2019_factors
34abcb62-1be2-5d69-ae18-c6ef59164789,05eb58a4-b146-581f-b197-ea3b266ff94e,agricultural_burn,cropland,agricultural_residue,2,10455.000000000002,3847.4400000000005,5828.8716,10.388088000000002,0.2693208000000001,0.368,trapezoidal_observation_integration,FRP_to_FRE_to_dry_matter_then_IPCC_2019_factors
6df7201c-60db-589a-ab2a-e821568a9d66,aa652176-c8dc-5ef2-a8c1-a38756f034ee,wildfire,grassland,savanna_grassland,2,30510.0,11227.68,18110.24784,25.823663999999997,2.3578128,0.368,trapezoidal_observation_integration,FRP_to_FRE_to_dry_matter_then_IPCC_2019_factors
229f559f-cb8a-5f50-bf52-6762a3392b24,81987937-10c8-536e-9bb8-7f8bdba60207,agricultural_burn,cropland,agricultural_residue,2,11340.0,4173.12,6322.2768,11.267424,0.2921184,0.368,fallback_frp_1h_assumption,FRP_to_FRE_to_dry_matter_then_IPCC_2019_factors
43600287-a992-5578-84f4-15e72f894b5f,6aa1270a-a1ad-5bda-b5e8-8590e39298c5,wildfire,cropland,extra_tropical_forest,1,40824.0,15023.232,23571.451008,70.6091904,3.9060403200000002,0.368,singleton_frp_1h_assumption,FRP_to_FRE_to_dry_matter_then_IPCC_2019_factors
6a37d0e4-47fe-509f-98c9-c82c2b763e18,f529fd2b-09d4-501e-89e6-cebdc39697d8,agricultural_burn,cropland,agricultural_residue,2,17244.0,6345.7919999999995,9613.87488,17.1336384,0.44420544,0.368,fallback_frp_1h_assumption,FRP_to_FRE_to_dry_matter_then_IPCC_2019_factors
37bc6c35-710a-5679-bae9-3f9b48e8f4d9,4be2f8f1-592a-5ff5-a864-adeb0b607c9b,agricultural_burn,cropland,agricultural_residue,1,94212.0,34670.015999999996,52525.074239999994,93.6090432,2.42690112,0.368,singleton_frp_1h_assumption,FRP_to_FRE_to_dry_matter_then_IPCC_2019_factors
91f9671a-e9e8-541d-aacb-8c453f6cd501,994268c2-1262-5f5c-a102-c6dbcb6b5bed,agricultural_burn,cropland,agricultural_residue,2,16560.0,6094.08,9232.5312,16.454016,0.42658560000000006,0.368,fallback_frp_1h_assumption,FRP_to_FRE_to_dry_matter_then_IPCC_2019_factors
99a9740a-b1eb-5e24-abea-92e11c6873ba,d8be1f43-6a2e-58eb-b60a-83df5c975533,wildfire,grassland,savanna_grassland,1,18684.0,6875.7119999999995,11090.523455999999,15.814137599999999,1.44389952,0.368,singleton_frp_1h_assumption,FRP_to_FRE_to_dry_matter_then_IPCC_2019_factors
be7f02d6-1541-566b-b3b4-6698afee4a03,824dd168-2811-56a5-acc3-0d4c8c132d68,agricultural_burn,cropland,agricultural_residue,3,34872.0,12832.896,19441.837440000003,34.648819200000005,0.8983027200000001,0.368,trapezoidal_observation_integration,FRP_to_FRE_to_dry_matter_then_IPCC_2019_factors
d1ac4def-244a-58db-a08c-32c1ee826880,75df7029-9f07-5b76-9fe6-6879600def70,agricultural_burn,cropland,agricultural_residue,3,14760.0,5431.68,8228.9952,14.665536000000001,0.38021760000000004,0.368,trapezoidal_observation_integration,FRP_to_FRE_to_dry_matter_then_IPCC_2019_factors
6e405c72-40cd-56bb-abcf-c013ce59f2ca,89dea9f6-34aa-5c5e-8e05-eef9e65fdce4,agricultural_burn,cropland,agricultural_residue,2,15264.0,5617.152,8509.985279999999,15.1663104,0.39320064000000005,0.368,fallback_frp_1h_assumption,FRP_to_FRE_to_dry_matter_then_IPCC_2019_factors
1881f2ee-d5d9-5b7a-a8ab-2096038b2d95,0e8c16f7-c8d8-596f-b3cb-f41d7b0b17b5,wildfire,grassland,savanna_grassland,2,18540.0,6822.72,11005.04736,15.692255999999999,1.4327712,0.368,trapezoidal_observation_integration,FRP_to_FRE_to_dry_matter_then_IPCC_2019_factors
0bc28ac9-f722-517b-8b48-09babeac80a6,d8eae84a-bd60-5209-b81d-4eb8f67472df,agricultural_burn,cropland,agricultural_residue,2,10008.0,3682.944,5579.66016,9.9439488,0.25780608,0.368,fallback_frp_1h_assumption,FRP_to_FRE_to_dry_matter_then_IPCC_2019_factors
96527361-8354-552b-997e-97f3b95fd9fc,607f4e01-1ca2-520d-b99a-800ad76241f8,wildfire,grassland,savanna_grassland,4,19290.0,7098.72,11450.23536,16.327056,1.4907312,0.368,trapezoidal_observation_integration,FRP_to_FRE_to_dry_matter_then_IPCC_2019_factors
57d0d2ae-2046-5834-8e84-fd5f5521abdc,97386a16-f742-5bd5-b472-743984f5e606,agricultural_burn,cropland,agricultural_residue,3,9690.0,3565.92,5402.3688,9.627984,0.24961440000000001,0.368,trapezoidal_observation_integration,FRP_to_FRE_to_dry_matter_then_IPCC_2019_factors
48a08176-b9bc-58bc-9b3d-6f7e0579e968,b07caa4b-3a64-5bd7-b9bc-80635610b10e,agricultural_burn,cropland,agricultural_residue,3,28656.0,10545.408,15976.293119999998,28.4726016,0.73817856,0.368,fallback_frp_1h_assumption,FRP_to_FRE_to_dry_matter_then_IPCC_2019_factors
0e711c1d-839c-53ca-ab76-b6db23050ff6,777bb633-e015-50d1-8a4c-c77347e1ccc6,agricultural_burn,cropland,agricultural_residue,4,56196.0,20680.128,31330.393920000002,55.83634560000001,1.4476089600000002,0.368,fallback_frp_1h_assumption,FRP_to_FRE_to_dry_matter_then_IPCC_2019_factors
c51bdbbf-bc7f-5895-b0d6-34247da4da9f,668d5312-de51-5abb-8da3-bba159e9c938,agricultural_burn,cropland,agricultural_residue,3,6701.4,2466.1151999999997,3736.1645279999993,6.65851104,0.172628064,0.368,trapezoidal_observation_integration,FRP_to_FRE_to_dry_matter_then_IPCC_2019_factors
123fd244-e185-543e-b73f-b9fedd604dfb,a1a80a7d-e2e0-5863-acc7-c361ad269fc5,agricultural_burn,cropland,agricultural_residue,2,16952.4,6238.483200000001,9451.302048,16.843904640000005,0.43669382400000006,0.368,trapezoidal_observation_integration,FRP_to_FRE_to_dry_matter_then_IPCC_2019_factors
81cef131-8b98-5947-bf59-b2a020a4c620,a904336a-5e5f-54bd-b20e-9e4e81bc1412,agricultural_burn,cropland,agricultural_residue,2,32507.999999999996,11962.943999999998,18123.860159999997,32.299948799999996,0.8374060799999999,0.368,fallback_frp_1h_assumption,FRP_to_FRE_to_dry_matter_then_IPCC_2019_factors
b5b77ad2-8322-51e0-b3e8-fb62f473a155,b2c2b145-4093-5781-abf2-a67fff7a5d91,agricultural_burn,cropland,agricultural_residue,1,49536.0,18229.248,27617.310719999998,49.2189696,1.27604736,0.368,singleton_frp_1h_assumption,FRP_to_FRE_to_dry_matter_then_IPCC_2019_factors
a65f2aa7-37fe-5fe7-b2a9-f790c014ec9b,24636ed5-a06c-5745-b609-6b9a29260cd6,agricultural_burn,cropland,agricultural_residue,1,37800.0,13910.4,21074.256,37.558080000000004,0.973728,0.368,singleton_frp_1h_assumption,FRP_to_FRE_to_dry_matter_then_IPCC_2019_factors
2c1365a2-c2b7-5893-b8c9-1dfbeacff214,27f19d32-ccf1-5a3d-b668-7b9264f864e0,agricultural_burn,cropland,agricultural_residue,2,17388.0,6398.784,9694.15776,17.276716800000003,0.44791488,0.368,fallback_frp_1h_assumption,FRP_to_FRE_to_dry_matter_then_IPCC_2019_factors
a8ee755d-c27f-542c-a634-9f9d17fdb797,4116ecdd-bffa-585b-ab06-a622ca00d97b,agricultural_burn,cropland,agricultural_residue,1,41724.0,15354.431999999999,23261.964479999995,41.4569664,1.07481024,0.368,singleton_frp_1h_assumption,FRP_to_FRE_to_dry_matter_then_IPCC_2019_factors
b12e4940-5293-56f2-a453-febf3756f728,4fbdc757-1066-5042-8144-574b608df6ae,agricultural_burn,cropland,agricultural_residue,2,16020.0,5895.36,8931.4704,15.917472,0.4126752,0.368,fallback_frp_1h_assumption,FRP_to_FRE_to_dry_matter_then_IPCC_2019_factors
b4a88966-aa8b-532a-8abf-75bd0cc74ffd,25dd5610-9eee-5c42-8666-2594b6a6ef94,agricultural_burn,cropland,agricultural_residue,2,23364.0,8597.952,13025.89728,23.2144704,0.6018566399999999,0.368,fallback_frp_1h_assumption,FRP_to_FRE_to_dry_matter_then_IPCC_2019_factors
31e29c78-45c7-5a98-badf-9b237f76d3bc,cdceff57-c12b-5059-9a99-b8a4e1d6430e,agricultural_burn,cropland,agricultural_residue,1,37476.0,13791.168,20893.61952,37.23615360000001,0.9653817600000001,0.368,singleton_frp_1h_assumption,FRP_to_FRE_to_dry_matter_then_IPCC_2019_factors
c5d58dce-1d95-5916-ac9d-9715e280a51c,4be82149-179b-52e1-80e8-51114e831739,wildfire,grassland,savanna_grassland,2,19125.0,7038.0,11352.294,16.1874,1.47798,0.368,trapezoidal_observation_integration,FRP_to_FRE_to_dry_matter_then_IPCC_2019_factors
0c6b972a-e618-5403-9bc1-4ce8f0c88bdb,07d9224b-99ab-525e-bef4-10d3629355fd,wildfire,grassland,savanna_grassland,2,16596.0,6107.3279999999995,9851.120063999999,14.046854399999999,1.28253888,0.368,fallback_frp_1h_assumption,FRP_to_FRE_to_dry_matter_then_IPCC_2019_factors
7edbbf89-1e8d-5a9d-a8ea-f5c77add0ac3,24f023eb-5661-550e-b9bb-68db8fb08800,agricultural_burn,cropland,agricultural_residue,8,103485.6,38082.7008,57695.291712,102.82329216,2.665789056,0.368,trapezoidal_observation_integration,FRP_to_FRE_to_dry_matter_then_IPCC_2019_factors
c95d298a-1600-52ce-afc0-79e1bf68152a,4fac5400-a504-5b8d-93f7-7d58db3e972b,agricultural_burn,cropland,agricultural_residue,1,48996.0,18030.528,27316.24992,48.6824256,1.26213696,0.368,singleton_frp_1h_assumption,FRP_to_FRE_to_dry_matter_then_IPCC_2019_factors
165c42d0-a48d-5fe3-949a-2a6c5c323be7,84ac89ac-cdf1-56fa-a43e-a8408b46a5fe,agricultural_burn,cropland,agricultural_residue,2,29664.0,10916.351999999999,16538.273279999998,29.4741504,0.7641446399999999,0.368,fallback_frp_1h_assumption,FRP_to_FRE_to_dry_matter_then_IPCC_2019_factors
e0485369-f4b7-5bf8-9750-f2eaa7e8cb15,c4785d6d-ce14-52b8-9312-274e7cbc38d2,agricultural_burn,cropland,agricultural_residue,2,13752.0,5060.736,7667.01504,13.663987200000001,0.35425152000000004,0.368,fallback_frp_1h_assumption,FRP_to_FRE_to_dry_matter_then_IPCC_2019_factors
f1ddc1c2-e729-5ab8-bd3f-9f862fd3aced,c5c31285-50c6-59f4-b160-d631f34fe144,agricultural_burn,cropland,agricultural_residue,1,85860.0,31596.48,47868.6672,85.310496,2.2117536,0.368,singleton_frp_1h_assumption,FRP_to_FRE_to_dry_matter_then_IPCC_2019_factors
735ff52e-831e-5e66-ae52-b95a25115f14,829d6ad1-bb5a-5762-8322-27e2b08872c6,agricultural_burn,cropland,agricultural_residue,2,11124.0,4093.632,6201.8524800000005,11.052806400000001,0.28655424000000007,0.368,fallback_frp_1h_assumption,FRP_to_FRE_to_dry_matter_then_IPCC_2019_factors
d9cb2fc8-4127-5b81-bfd7-b541b8a736ce,6ee36714-0c16-5166-8b4e-139c11a19adc,agricultural_burn,cropland,agricultural_residue,3,40099.799999999996,14756.726399999998,22356.440495999996,39.84316127999999,1.032970848,0.368,trapezoidal_observation_integration,FRP_to_FRE_to_dry_matter_then_IPCC_2019_factors
7614d3cd-91dd-5283-a74f-e597b7e65379,d360417a-d2ee-50c7-bb97-df6cfe88adc2,wildfire,grassland,savanna_grassland,2,47803.49999999999,17591.688,28375.392744,40.460882399999996,3.6942544799999997,0.368,trapezoidal_observation_integration,FRP_to_FRE_to_dry_matter_then_IPCC_2019_factors
2350d47c-9ec9-58d2-bf13-b821b2f54ed2,c5878368-ef68-56ce-8be9-8f9d6f30d85b,agricultural_burn,cropland,agricultural_residue,2,5688.900000000001,2093.5152000000003,3171.675528,5.652491040000001,0.14654606400000003,0.368,trapezoidal_observation_integration,FRP_to_FRE_to_dry_matter_then_IPCC_2019_factors
afc20df8-fea0-54a9-9409-dab4b92c8a46,1d06e475-d1be-5ecf-9792-4814c116ff8e,agricultural_burn,cropland,agricultural_residue,1,45756.0,16838.208,25509.88512,45.4631616,1.17867456,0.368,singleton_frp_1h_assumption,FRP_to_FRE_to_dry_matter_then_IPCC_2019_factors
bfe8e363-8f2a-5d64-b7f6-fdadabadd7b2,f5155808-7c34-595f-9511-ab534888e28c,agricultural_burn,cropland,agricultural_residue,2,34488.0,12691.583999999999,19227.74976,34.2672768,0.88841088,0.368,fallback_frp_1h_assumption,FRP_to_FRE_to_dry_matter_then_IPCC_2019_factors
ea052918-f58c-5a4f-85d1-22f67561761e,069515cf-16ac-5414-a365-c277649a6cef,wildfire,tree_cover,tropical_forest,2,40464.0,14890.752,23527.38816,101.2571136,2.9781504000000005,0.368,trapezoidal_observation_integration,FRP_to_FRE_to_dry_matter_then_IPCC_2019_factors
c055ea90-63e2-59a7-af52-7834d1e6ed5f,a66940bb-24d7-5a73-a8c2-afa078e6f155,agricultural_burn,cropland,agricultural_residue,3,17406.0,6405.407999999999,9704.19312,17.294601599999996,0.44837856,0.368,trapezoidal_observation_integration,FRP_to_FRE_to_dry_matter_then_IPCC_2019_factors
7cbf6916-651c-5eb6-ac33-fff8b6139a75,a7fb6a96-55cb-5474-946b-d94f17f51821,agricultural_burn,cropland,agricultural_residue,4,1008368.3999999999,371079.57119999995,562185.5503679999,1001.9148422399999,25.975569983999996,0.368,trapezoidal_observation_integration,FRP_to_FRE_to_dry_matter_then_IPCC_2019_factors
f100a2bf-1fce-5b46-8966-a5f9ec68a372,f3f4370f-9409-5d1f-a33e-4ea1b4b724c8,agricultural_burn,cropland,agricultural_residue,1,52056.0,19156.608,29022.261120000003,51.72284160000001,1.3409625600000001,0.368,singleton_frp_1h_assumption,FRP_to_FRE_to_dry_matter_then_IPCC_2019_factors
00356203-a845-5f9e-b7f5-f55951eededc,6e33a22c-78d1-5e9f-86f9-eebf1cbad707,agricultural_burn,cropland,agricultural_residue,2,9900.0,3643.2,5519.448,9.83664,0.25502400000000003,0.368,fallback_frp_1h_assumption,FRP_to_FRE_to_dry_matter_then_IPCC_2019_factors
6581b63d-94f5-5b55-8512-b5bb60429647,7bb08cf3-6427-5630-9767-ab24bc603fed,wildfire,tree_cover,tropical_forest,2,98325.3,36183.7104,57170.262432,246.04923072000003,7.236742080000001,0.368,trapezoidal_observation_integration,FRP_to_FRE_to_dry_matter_then_IPCC_2019_factors
e7fd4b8c-5aa8-5415-8261-7d3b38c877d1,4acbf69d-b06d-507c-84c6-29ca3d7e72d1,agricultural_burn,cropland,agricultural_residue,3,11750.4,4324.147199999999,6551.083008,11.67519744,0.30269030399999997,0.368,trapezoidal_observation_integration,FRP_to_FRE_to_dry_matter_then_IPCC_2019_factors
61c319a5-c07f-5420-a9a2-ae0bbb51e413,68ae59f0-42f6-5fe7-b717-7c2db6d792e5,agricultural_burn,cropland,agricultural_residue,2,17712.0,6518.016,9874.794240000001,17.598643199999998,0.45626112,0.368,fallback_frp_1h_assumption,FRP_to_FRE_to_dry_matter_then_IPCC_2019_factors
960e510f-ae3c-56ba-9d2e-78d4dd83d2d6,e6cefbb6-4cba-50c0-b163-ea153a702dc6,agricultural_burn,cropland,agricultural_residue,2,24984.0,9194.112,13929.079679999997,24.8241024,0.64358784,0.368,fallback_frp_1h_assumption,FRP_to_FRE_to_dry_matter_then_IPCC_2019_factors
7c405600-7d01-5b3d-915b-d0988508a97e,545c8df5-ff86-578a-8357-4b0565b35100,agricultural_burn,cropland,agricultural_residue,2,15803.999999999998,5815.871999999999,8811.046079999998,15.7028544,0.40711104,0.368,fallback_frp_1h_assumption,FRP_to_FRE_to_dry_matter_then_IPCC_2019_factors
462fd299-4b8f-56a6-a5d2-eb7b5db4590a,613cb35e-3ba2-55eb-89a9-015f62d64452,agricultural_burn,cropland,agricultural_residue,1,38880.0,14307.84,21676.3776,38.631168,1.0015488000000001,0.368,singleton_frp_1h_assumption,FRP_to_FRE_to_dry_matter_then_IPCC_2019_factors
cfc0048b-8a8f-5839-a49a-e498b4e8b6c8,b0882855-00e0-552e-8ddc-fb3ce74999cf,agricultural_burn,cropland,agricultural_residue,3,145186.8,53428.742399999996,80944.54473599998,144.25760448,3.740011968,0.368,trapezoidal_observation_integration,FRP_to_FRE_to_dry_matter_then_IPCC_2019_factors
fbdfd02a-13b0-57ee-ad7c-455b6044bb8f,8478cf6e-d16f-5001-a8e5-94a96e3c7e91,agricultural_burn,cropland,agricultural_residue,4,15912.0,5855.616,8871.258240000001,15.810163200000002,0.40989312,0.368,fallback_frp_1h_assumption,FRP_to_FRE_to_dry_matter_then_IPCC_2019_factors
ac5021e8-cf2f-5ec4-b33b-6943ee8f8f43,acf3e10a-5aa4-5672-b05a-f07c3ba26aad,agricultural_burn,cropland,agricultural_residue,2,20448.0,7524.864,11400.168959999999,20.3171328,0.5267404800000001,0.368,fallback_frp_1h_assumption,FRP_to_FRE_to_dry_matter_then_IPCC_2019_factors
44a54869-204c-5564-a439-f6ec5230ead5,a988ee15-76d2-5b28-9cf7-0e1bad368b1e,agricultural_burn,cropland,agricultural_residue,2,21348.0,7856.064,11901.93696,21.2113728,0.5499244800000002,0.368,fallback_frp_1h_assumption,FRP_to_FRE_to_dry_matter_then_IPCC_2019_factors
07813833-28bc-54e7-a289-e3b25aebc263,fb8e1657-2bf8-5633-bdfc-65590f7dd0ad,agricultural_burn,cropland,agricultural_residue,1,48096.0,17699.328,26814.481920000002,47.788185600000006,1.2389529600000002,0.368,singleton_frp_1h_assumption,FRP_to_FRE_to_dry_matter_then_IPCC_2019_factors
b3a399bb-034a-5c67-a8a2-eb2e962758fe,84547eb5-f352-5265-bd6f-efd526c3912a,wildfire,cropland,extra_tropical_forest,2,13288.800000000001,4890.2784,7672.846809600001,22.984308480000003,1.2714723840000002,0.368,trapezoidal_observation_integration,FRP_to_FRE_to_dry_matter_then_IPCC_2019_factors
53f00f12-ec21-53f2-8426-c4623c8f4a67,b3749307-f653-50e6-a133-6975b323abe3,wildfire,grassland,savanna_grassland,1,22140.0,8147.5199999999995,13141.94976,18.739296,1.7109791999999997,0.368,singleton_frp_1h_assumption,FRP_to_FRE_to_dry_matter_then_IPCC_2019_factors
7c1e72ec-974c-510e-ad16-1ab4d42404cb,e81697f9-6a94-56c2-8208-143e8a78c588,agricultural_burn,cropland,agricultural_residue,1,49860.0,18348.48,27797.9472,49.540896000000004,1.2843936,0.368,singleton_frp_1h_assumption,FRP_to_FRE_to_dry_matter_then_IPCC_2019_factors
68758cec-6e01-589d-94fc-d56a413bc10a,15feabc2-bd44-52b9-b1c6-669e92d74fe0,agricultural_burn,cropland,agricultural_residue,3,1552.5000000000002,571.32,865.5498,1.5425640000000003,0.03999240000000001,0.368,trapezoidal_observation_integration,FRP_to_FRE_to_dry_matter_then_IPCC_2019_factors
2bcb725f-58bd-5ecf-9524-a3a91ea39e47,3f9d2676-5df7-5aec-a148-567cf553c5d8,wildfire,tree_cover,tropical_forest,8,24699.600000000002,9089.452800000001,14361.335424,61.80827904,1.8178905600000004,0.368,trapezoidal_observation_integration,FRP_to_FRE_to_dry_matter_then_IPCC_2019_factors
bc6a7366-0649-5b26-a008-952fc6eb25ae,799876f2-e30e-52c1-8502-91ef41dca1ee,wildfire,tree_cover,tropical_forest,5,31526.399999999998,11601.715199999999,18330.710015999997,78.89166336,2.3203430399999996,0.368,trapezoidal_observation_integration,FRP_to_FRE_to_dry_matter_then_IPCC_2019_factors
81f55269-d576-59b7-b82c-ba2b8112abca,8075014b-ce11-5ef1-8c64-7cd54bd46518,agricultural_burn,cropland,agricultural_residue,2,19396.8,7138.0224,10814.103936,19.272660480000003,0.49966156800000006,0.368,trapezoidal_observation_integration,FRP_to_FRE_to_dry_matter_then_IPCC_2019_factors
a477ca59-2a54-587e-bb40-a50a8a0dfb67,ba9abf7a-e97a-558d-92bb-f58e2d3ca6bf,agricultural_burn,cropland,agricultural_residue,2,12780.0,4703.04,7125.1056,12.698208000000001,0.3292128,0.368,trapezoidal_observation_integration,FRP_to_FRE_to_dry_matter_then_IPCC_2019_factors
ef6c0ce2-7b69-5bc8-9e06-741e9b6c08f6,254e898f-32e1-5e7a-abc8-94325ec9fca1,agricultural_burn,cropland,agricultural_residue,2,10368.0,3815.424,5780.36736,10.3016448,0.26707968,0.368,fallback_frp_1h_assumption,FRP_to_FRE_to_dry_matter_then_IPCC_2019_factors
fb3fc4db-62df-5976-a938-700ff0ae2428,6c7f33f5-c38f-5348-9a71-a966f80e3901,agricultural_burn,cropland,agricultural_residue,2,6660.0,2450.88,3713.0832,6.617376000000001,0.17156160000000004,0.368,fallback_frp_1h_assumption,FRP_to_FRE_to_dry_matter_then_IPCC_2019_factors
546e920d-8dae-57af-a369-fe5c4c641f12,04fd3b43-bf53-5564-9c1a-37ee6202c24b,wildfire,grassland,savanna_grassland,1,35460.0,13049.28,21048.48864,30.013344,2.7403488,0.368,singleton_frp_1h_assumption,FRP_to_FRE_to_dry_matter_then_IPCC_2019_factors
f14225c9-03a2-5c6f-8bb4-036f30d357aa,f94b16c7-72b7-5d51-b734-7871410a5a89,agricultural_burn,cropland,agricultural_residue,2,1108.8,408.03839999999997,618.178176,1.1017036800000002,0.028562688000000003,0.368,trapezoidal_observation_integration,FRP_to_FRE_to_dry_matter_then_IPCC_2019_factors
27fc6f51-6dc5-5e89-a92f-89a5b39b0e3b,2376063f-44ce-597b-8554-61b5474cc0b6,agricultural_burn,cropland,agricultural_residue,1,44388.0,16334.784,24747.19776,44.1039168,1.14343488,0.368,singleton_frp_1h_assumption,FRP_to_FRE_to_dry_matter_then_IPCC_2019_factors
04478d69-a3e8-55bf-ab8f-2ec8a61d9845,df514667-75c6-5ed0-a30a-b90ec63507b3,agricultural_burn,cropland,agricultural_residue,3,12707.999999999998,4676.543999999999,7084.964159999999,12.626668799999997,0.32735808,0.368,trapezoidal_observation_integration,FRP_to_FRE_to_dry_matter_then_IPCC_2019_factors
de785afc-bb5a-5c85-8084-c5d8dca54bec,28199962-193a-5ab4-a5d6-126d89e198e0,wildfire,cropland,extra_tropical_forest,1,38412.0,14135.616,22178.781504000002,66.4373952,3.67526016,0.368,singleton_frp_1h_assumption,FRP_to_FRE_to_dry_matter_then_IPCC_2019_factors
53f80fce-20af-586c-8b7c-43b4e8caaf2b,0f263620-f332-5b3f-a4f6-a6e2a4b4f12a,agricultural_burn,cropland,agricultural_residue,1,38952.0,14334.336,21716.51904,38.7027072,1.00340352,0.368,singleton_frp_1h_assumption,FRP_to_FRE_to_dry_matter_then_IPCC_2019_factors
5bf16501-a482-5a51-9cab-209c8936836d,6faab44d-58a6-5c70-a178-8ead35344600,agricultural_burn,cropland,agricultural_residue,1,54648.0,20110.464,30467.35296,54.2982528,1.4077324800000002,0.368,singleton_frp_1h_assumption,FRP_to_FRE_to_dry_matter_then_IPCC_2019_factors
9f01532b-efc0-5992-9b81-81de62bde39f,ede20c23-b05e-54eb-9d6a-c0570ee0339b,agricultural_burn,cropland,agricultural_residue,3,28867.5,10623.24,16094.2086,28.682748,0.7436268,0.368,trapezoidal_observation_integration,FRP_to_FRE_to_dry_matter_then_IPCC_2019_factors
7df11ffa-da11-51a5-937b-36449eee9f25,a5d5e68c-5047-5db9-a03d-b7028eddabcf,agricultural_burn,cropland,agricultural_residue,3,527.7,194.1936,294.203304,0.52432272,0.013593552,0.368,trapezoidal_observation_integration,FRP_to_FRE_to_dry_matter_then_IPCC_2019_factors
14b0a13c-4001-54cb-9528-b24056094236,1d938cb5-67c8-5578-b3c4-579b4feaeed7,agricultural_burn,cropland,agricultural_residue,1,38196.0,14056.128,21295.03392,37.9515456,0.9839289600000002,0.368,singleton_frp_1h_assumption,FRP_to_FRE_to_dry_matter_then_IPCC_2019_factors
c4ad9c3e-7d2b-550f-86fa-7761060de3b6,7b71b1fb-80a2-5e01-9537-a7c54a3094fc,agricultural_burn,cropland,agricultural_residue,1,47592.0,17513.856,26533.49184,47.2874112,1.22596992,0.368,singleton_frp_1h_assumption,FRP_to_FRE_to_dry_matter_then_IPCC_2019_factors
1eff5e0b-23ed-512d-b403-fdb86dd1e41a,bf47725c-134f-5738-94d3-a73c08c022eb,wildfire,tree_cover,tropical_forest,3,68292.90000000001,25131.787200000002,39708.223776,170.89615296,5.026357440000001,0.368,trapezoidal_observation_integration,FRP_to_FRE_to_dry_matter_then_IPCC_2019_factors
c119206c-14a6-5ef5-9a0f-9c73141e4f3d,81577a6a-b46a-51f4-8cbd-2c19cb7f4f12,agricultural_burn,cropland,agricultural_residue,2,22716.0,8359.488,12664.624319999999,22.570617600000002,0.58516416,0.368,fallback_frp_1h_assumption,FRP_to_FRE_to_dry_matter_then_IPCC_2019_factors
da28c5c6-24cb-5fb8-99f7-5f0fd2b450f1,85860615-210a-5af0-a7a9-5e2ab20b7832,agricultural_burn,cropland,agricultural_residue,3,5295.0,1948.56,2952.0684,5.261112,0.1363992,0.368,trapezoidal_observation_integration,FRP_to_FRE_to_dry_matter_then_IPCC_2019_factors
c2c38c5f-9433-52c4-9467-ca28a2bd67a2,c957a713-366c-5f62-9c3c-0b99d360a2cc,agricultural_burn,cropland,agricultural_residue,2,3420.0,1258.56,1906.7184,3.3981120000000002,0.08809920000000002,0.368,fallback_frp_1h_assumption,FRP_to_FRE_to_dry_matter_then_IPCC_2019_factors
5f9b9a07-f138-53c7-9aa1-fccff6a30f54,3de8fa99-315f-5fbc-a155-83c18719e6fd,agricultural_burn,cropland,agricultural_residue,1,70884.0,26085.311999999998,39519.24768,70.4303424,1.82597184,0.368,singleton_frp_1h_assumption,FRP_to_FRE_to_dry_matter_then_IPCC_2019_factors
a2b53a5d-2e0e-5ced-b8e6-b10fe9d54a27,9c3bc8d6-d213-51d6-bd66-b4881a4df9b0,wildfire,grassland,savanna_grassland,1,35388.0,13022.784,21005.750592,29.952403199999996,2.73478464,0.368,singleton_frp_1h_assumption,FRP_to_FRE_to_dry_matter_then_IPCC_2019_factors
2f806c99-a67d-5d20-85a3-ff82d0e9f0b5,af6465b0-8774-5195-b3c0-c01ca199ef35,agricultural_burn,cropland,agricultural_residue,1,44136.0,16242.047999999999,24606.702719999997,43.8535296,1.13694336,0.368,singleton_frp_1h_assumption,FRP_to_FRE_to_dry_matter_then_IPCC_2019_factors
b1548979-c321-5ae6-bd18-f26d74bf22ea,ea350128-468f-5f65-969a-7fd26c1a33f0,agricultural_burn,cropland,agricultural_residue,2,10152.0,3735.936,5659.94304,10.0870272,0.26151552000000006,0.368,fallback_frp_1h_assumption,FRP_to_FRE_to_dry_matter_then_IPCC_2019_factors
7bf34a87-1320-5e2c-8c1e-07da3fc3c0c7,4dc8a934-df84-548e-b676-b111b454c2e2,agricultural_burn,cropland,agricultural_residue,2,350210.4,128877.4272,195249.302208,347.96905344000004,9.021419904000002,0.368,trapezoidal_observation_integration,FRP_to_FRE_to_dry_matter_then_IPCC_2019_factors
b4ca1637-095d-597d-a36d-e156908961a5,bc87e630-c1f9-53ef-9986-e60ec74cd8b9,agricultural_burn,cropland,agricultural_residue,1,47808.0,17593.344,26653.91616,47.502028800000005,1.23153408,0.368,singleton_frp_1h_assumption,FRP_to_FRE_to_dry_matter_then_IPCC_2019_factors
0a6ed2ad-495c-52f1-9fc1-a62fdf7a2513,90786300-a9c1-58ef-8dd8-2ecf918f1bd8,wildfire,tree_cover,tropical_forest,4,49032.0,18043.775999999998,28509.16608,122.69767679999998,3.6087551999999996,0.368,fallback_frp_1h_assumption,FRP_to_FRE_to_dry_matter_then_IPCC_2019_factors
7a69b922-a020-56ce-87d9-74ee87e3d15f,2d7411b4-587d-5d4f-aa71-8a3374651d9a,agricultural_burn,cropland,agricultural_residue,1,38952.0,14334.336,21716.51904,38.7027072,1.00340352,0.368,singleton_frp_1h_assumption,FRP_to_FRE_to_dry_matter_then_IPCC_2019_factors
7ac4bd29-53c3-5cd8-81d3-02ed1b9c6b58,8c3d255b-7577-5bb0-bc9e-d15e2a0dfc16,agricultural_burn,cropland,agricultural_residue,2,10592.4,3898.0031999999997,5905.474847999999,10.52460864,0.27286022400000004,0.368,trapezoidal_observation_integration,FRP_to_FRE_to_dry_matter_then_IPCC_2019_factors
277a3213-c12d-52cd-9165-dcb582789bbd,9c5a13ea-5412-55a7-8ad8-f4c1f9c6a242,agricultural_burn,cropland,agricultural_residue,2,12487.8,4595.510399999999,6962.198255999999,12.407878079999998,0.321685728,0.368,trapezoidal_observation_integration,FRP_to_FRE_to_dry_matter_then_IPCC_2019_factors
2d06f8d5-49a5-5335-9c9d-29b306a46435,a4e1cbd4-a534-5242-a4a7-e96b8f3d850e,agricultural_burn,cropland,agricultural_residue,3,261392.4,96192.4032,145731.490848,259.71948864,6.733468224000001,0.368,trapezoidal_observation_integration,FRP_to_FRE_to_dry_matter_then_IPCC_2019_factors
a77ccfea-0884-5cf2-a0b2-9f5f906d6e57,9900a049-3338-5687-b43e-e6de879ab836,wildfire,tree_cover,tropical_forest,1,29304.000000000004,10783.872000000001,17038.517760000002,73.33032960000001,2.1567744,0.368,singleton_frp_1h_assumption,FRP_to_FRE_to_dry_matter_then_IPCC_2019_factors
74bf81e6-9fd1-56a3-ac66-7d4c498de93b,c3cfff72-9927-5645-8317-dfa0918d7668,wildfire,grassland,savanna_grassland,1,52884.0,19461.311999999998,31391.096255999997,44.761017599999995,4.0868755199999995,0.368,singleton_frp_1h_assumption,FRP_to_FRE_to_dry_matter_then_IPCC_2019_factors
1e310f22-894f-52d8-b589-7a0a5d7dfd66,4aa26a14-4fc0-5a13-b2d8-cffcc507faf7,agricultural_burn,cropland,agricultural_residue,3,32721.000000000004,12041.328000000001,18242.611920000003,32.511585600000004,0.8428929600000001,0.368,trapezoidal_observation_integration,FRP_to_FRE_to_dry_matter_then_IPCC_2019_factors
9920977e-50d4-55b9-a41e-84f5af74e873,6c25e5b6-084d-5837-a209-e03cfec1000e,agricultural_burn,cropland,agricultural_residue,3,21091.2,7761.5616,11758.765823999998,20.956216320000003,0.5433093120000001,0.368,trapezoidal_observation_integration,FRP_to_FRE_to_dry_matter_then_IPCC_2019_factors
f98b4830-4c00-5ee6-ab78-d43febef52a1,9ade71d2-b246-589c-8c3f-3a70e68ee64e,agricultural_burn,cropland,agricultural_residue,1,42048.0,15473.663999999999,23442.600959999996,41.7788928,1.0831564800000002,0.368,singleton_frp_1h_assumption,FRP_to_FRE_to_dry_matter_then_IPCC_2019_factors
9be34822-4ccb-5dcc-9524-d676a53bbf39,3716600f-6ee3-50ae-b83f-dc0e01679c75,wildfire,tree_cover,tropical_forest,3,6388.200000000001,2350.8576000000003,3714.3550080000005,15.98583168,0.4701715200000001,0.368,trapezoidal_observation_integration,FRP_to_FRE_to_dry_matter_then_IPCC_2019_factors
2535d3bc-5fd2-5c96-9b16-3d5cb79d7074,5d3f412f-550e-5428-a759-051faedce2e7,agricultural_burn,cropland,agricultural_residue,1,53136.0,19554.048,29624.382719999998,52.7959296,1.3687833600000001,0.368,singleton_frp_1h_assumption,FRP_to_FRE_to_dry_matter_then_IPCC_2019_factors
92b9c6b4-bef4-5a52-ab54-d33834c2e1e6,f6722275-fa9a-5e1d-b8c5-3c823eb6d74f,agricultural_burn,cropland,agricultural_residue,1,42804.0,15751.872,23864.086079999997,42.5300544,1.10263104,0.368,singleton_frp_1h_assumption,FRP_to_FRE_to_dry_matter_then_IPCC_2019_factors
022030df-8305-57ff-8f7c-e0a6266b9014,ae4ae622-a30b-5b80-82a8-e9fccf411b9e,agricultural_burn,cropland,agricultural_residue,4,47798.4,17589.8112,26648.563968,47.49249024000001,1.2312867840000001,0.368,trapezoidal_observation_integration,FRP_to_FRE_to_dry_matter_then_IPCC_2019_factors
9fdb65aa-e28d-5fb4-b08a-32f65f127a96,6b84f151-901b-5537-a54e-fa4c4fed09b7,agricultural_burn,cropland,agricultural_residue,3,3065.3999999999996,1128.0672,1709.021808,3.0457814400000003,0.078964704,0.368,trapezoidal_observation_integration,FRP_to_FRE_to_dry_matter_then_IPCC_2019_factors
da325641-57d8-5588-872f-455c4d0e287b,4c4d1b89-991e-5ca5-9702-0fbffca0a504,agricultural_burn,cropland,agricultural_residue,1,50508.0,18586.944,28159.22016,50.1847488,1.3010860800000001,0.368,singleton_frp_1h_assumption,FRP_to_FRE_to_dry_matter_then_IPCC_2019_factors
ef5fa753-fedf-553d-9046-b85510a23ca0,34489ae8-560f-59b4-b971-afbb9c7cfdf9,agricultural_burn,cropland,agricultural_residue,6,302325.3,111255.7104,168552.40125599998,300.39041808,7.787899728,0.368,trapezoidal_observation_integration,FRP_to_FRE_to_dry_matter_then_IPCC_2019_factors
660b4dd2-e215-5870-af1a-427d6d138be9,34f6b392-da04-5ed0-808a-2ba56d6d7233,agricultural_burn,cropland,agricultural_residue,2,8260.2,3039.7536,4605.226704,8.20733472,0.21278275200000002,0.368,trapezoidal_observation_integration,FRP_to_FRE_to_dry_matter_then_IPCC_2019_factors
0a4c99e6-4a72-5218-8925-a5a64b0193a5,4bf42580-ce41-5afb-859a-1b7f3028a584,agricultural_burn,cropland,agricultural_residue,2,14445.6,5315.9808,8053.7109120000005,14.353148160000002,0.37211865600000005,0.368,trapezoidal_observation_integration,FRP_to_FRE_to_dry_matter_then_IPCC_2019_factors
48b9e143-1ab5-57bf-8164-61c89039b99f,d106f774-0a43-5418-bb13-9bc40ad72471,agricultural_burn,cropland,agricultural_residue,1,43452.0,15990.336,24225.35904,43.1739072,1.1193235200000002,0.368,singleton_frp_1h_assumption,FRP_to_FRE_to_dry_matter_then_IPCC_2019_factors
8ede1666-1a9f-56a6-9c70-4801cfe159f2,2a93830a-385f-59a7-830b-dbb05dae7227,agricultural_burn,cropland,agricultural_residue,1,42732.0,15725.376,23823.94464,42.4585152,1.1007763200000003,0.368,singleton_frp_1h_assumption,FRP_to_FRE_to_dry_matter_then_IPCC_2019_factors
b7221436-cbdc-5eb3-8e53-19d58ae1f163,91a62669-9a8d-59d9-b941-574cc8c06376,agricultural_burn,cropland,agricultural_residue,2,3884.4000000000005,1429.4592000000002,2165.6306880000006,3.859539840000001,0.10006214400000003,0.368,trapezoidal_observation_integration,FRP_to_FRE_to_dry_matter_then_IPCC_2019_factors
fd078183-a8a4-51be-a820-87a5a64bd381,8e0426db-7a4f-598e-ab71-c405656956e2,agricultural_burn,cropland,agricultural_residue,3,24921.0,9170.928,13893.95592,24.7615056,0.64196496,0.368,trapezoidal_observation_integration,FRP_to_FRE_to_dry_matter_then_IPCC_2019_factors
c369b60c-118a-5f74-b59a-31c00f57473a,084ad21a-9a8b-55eb-a572-1b63b4020944,agricultural_burn,cropland,agricultural_residue,1,57708.00000000001,21236.544,32173.364160000005,57.33866880000001,1.4865580800000002,0.368,singleton_frp_1h_assumption,FRP_to_FRE_to_dry_matter_then_IPCC_2019_factors
a8b8826e-fb8b-5deb-8929-855c62063c2c,cdc245de-b155-515c-80b9-c2cbb8e3b003,wildfire,tree_cover,tropical_forest,1,37296.0,13724.928,21685.38624,93.3295104,2.7449856,0.368,singleton_frp_1h_assumption,FRP_to_FRE_to_dry_matter_then_IPCC_2019_factors
ed34a8b8-f799-541c-a74e-9e4aa14a2c97,d60cdc56-35a8-576d-8ebb-3e887d89ecd7,agricultural_burn,cropland,agricultural_residue,1,47844.0,17606.592,26673.986880000004,47.53779840000001,1.2324614400000002,0.368,singleton_frp_1h_assumption,FRP_to_FRE_to_dry_matter_then_IPCC_2019_factors
7b835f4d-1b8c-5ff2-b037-d540a5156b4f,b1e80105-666a-5cd6-8df0-aa9f4d48e2ee,wildfire,tree_cover,tropical_forest,1,20736.0,7630.848,12056.73984,51.8897664,1.5261696000000002,0.368,singleton_frp_1h_assumption,FRP_to_FRE_to_dry_matter_then_IPCC_2019_factors
8522c770-73ae-573b-8a88-861da4760778,2e35df4b-43aa-5985-9db2-bfc1035c91af,agricultural_burn,cropland,agricultural_residue,3,118171.2,43487.001599999996,65882.807424,117.41490432,3.0440901119999997,0.368,trapezoidal_observation_integration,FRP_to_FRE_to_dry_matter_then_IPCC_2019_factors
1b98e9b2-0ce3-5d18-8ba7-636549413216,86172154-ee0f-5aeb-ab5e-d2abfd09ec4c,agricultural_burn,cropland,agricultural_residue,2,2207.4,812.3232,1230.669648,2.19327264,0.056862624000000014,0.368,trapezoidal_observation_integration,FRP_to_FRE_to_dry_matter_then_IPCC_2019_factors
1a83b867-9618-5869-9fa5-fa3bb9459ead,3acd8afe-5505-5ff2-9220-5ba53372c687,agricultural_burn,cropland,agricultural_residue,5,32284.2,11880.5856,17999.087184,32.077581120000005,0.8316409920000001,0.368,trapezoidal_observation_integration,FRP_to_FRE_to_dry_matter_then_IPCC_2019_factors
2bad725a-7512-5820-af0c-7259afa99bdb,a9f2fe8a-012b-57f8-b3c4-469b560ba80e,wildfire,tree_cover,tropical_forest,1,24408.0,8982.144,14191.78752,61.0785792,1.7964288000000002,0.368,singleton_frp_1h_assumption,FRP_to_FRE_to_dry_matter_then_IPCC_2019_factors
87865e61-5a5b-5fb9-9364-8267d367b6f8,4e866118-2677-5f0b-9bbc-21273a6d1b37,agricultural_burn,cropland,agricultural_residue,1,38520.0,14175.36,21475.670400000003,38.273472,0.9922752000000001,0.368,singleton_frp_1h_assumption,FRP_to_FRE_to_dry_matter_then_IPCC_2019_factors
f079ae04-7938-5af3-888e-aa2737371073,40c43e50-3bc7-50f5-a3b1-fa87af05c737,wildfire,tree_cover,tropical_forest,1,35820.0,13181.76,20827.180800000002,89.63596799999999,2.6363520000000005,0.368,singleton_frp_1h_assumption,FRP_to_FRE_to_dry_matter_then_IPCC_2019_factors
fb8bdde3-ffde-5bea-b21d-172f047ecaf5,82d0d47b-8b1b-567d-9bf9-8dadf60eb49c,wildfire,tree_cover,tropical_forest,1,32832.0,12082.176,19089.838079999998,82.15879679999999,2.4164352,0.368,singleton_frp_1h_assumption,FRP_to_FRE_to_dry_matter_then_IPCC_2019_factors
87d03d97-dfe9-59fb-8ba1-0d2fe9e12251,3ddb629a-b25e-5f3b-ae43-9653aaf607aa,agricultural_burn,cropland,agricultural_residue,2,42696.0,15712.128,23803.87392,42.4227456,1.0998489600000003,0.368,fallback_frp_1h_assumption,FRP_to_FRE_to_dry_matter_then_IPCC_2019_factors
faf4edc7-50bb-5841-ae34-0f84ace22f27,62b2e678-26f9-510c-90ff-47741f9763de,wildfire,tree_cover,tropical_forest,1,65556.0,24124.608,38116.88064,164.04733439999998,4.824921600000001,0.368,singleton_frp_1h_assumption,FRP_to_FRE_to_dry_matter_then_IPCC_2019_factors
b81f31cc-8099-59d2-8fd5-a7c561f1d2e4,7e9e8853-f125-5241-904c-b279decb501a,agricultural_burn,cropland,agricultural_residue,1,40176.0,14784.768,22398.92352,39.918873600000005,1.0349337600000001,0.368,singleton_frp_1h_assumption,FRP_to_FRE_to_dry_matter_then_IPCC_2019_factors
93a49f7f-2cd2-55b1-a134-82692ad55517,3bb753ee-3d8d-5e78-bbbd-e94d506697dd,wildfire,tree_cover,tropical_forest,3,2893.8,1064.9184,1682.571072,7.241445120000001,0.21298368,0.368,trapezoidal_observation_integration,FRP_to_FRE_to_dry_matter_then_IPCC_2019_factors
7a00b56e-28d6-5818-a3f3-32890f5e0c04,e849ea35-66ab-553a-9d31-8c0d3fd30d3d,agricultural_burn,cropland,agricultural_residue,2,12847.5,4727.88,7162.7382,12.765276000000002,0.33095160000000007,0.368,trapezoidal_observation_integration,FRP_to_FRE_to_dry_matter_then_IPCC_2019_factors
e3ecb06d-6294-5196-9f9d-7c5d46d55489,2e982751-556e-54e5-8d76-3124462c3af3,agricultural_burn,cropland,agricultural_residue,1,60876.0,22402.368,33939.587519999994,60.4863936,1.56816576,0.368,singleton_frp_1h_assumption,FRP_to_FRE_to_dry_matter_then_IPCC_2019_factors
dbc414c2-5a15-55b3-a732-11eae0f41090,7fc4ebed-fcea-52c8-ad24-a2be719cbe59,agricultural_burn,cropland,agricultural_residue,3,32688.0,12029.184,18224.21376,32.4787968,0.84204288,0.368,fallback_frp_1h_assumption,FRP_to_FRE_to_dry_matter_then_IPCC_2019_factors
acb785f0-b14e-52a3-b1cf-a2ddf50d7d15,0d7c1190-3ca0-5a22-afdb-1510e0c2cf8e,agricultural_burn,cropland,agricultural_residue,2,6876.0,2530.368,3833.50752,6.8319936000000006,0.17712576000000002,0.368,fallback_frp_1h_assumption,FRP_to_FRE_to_dry_matter_then_IPCC_2019_factors
72cd2d76-fc49-5af9-8b80-f297be622ea3,6bfbb3d3-585e-5d45-bc0f-3583825c7405,wildfire,grassland,savanna_grassland,4,10210.2,3757.3536000000004,6060.6113568,8.64191328,0.789044256,0.368,trapezoidal_observation_integration,FRP_to_FRE_to_dry_matter_then_IPCC_2019_factors
e3e3a14e-cc4c-5ce4-baac-c503758dc59c,3981662c-0c74-55f0-944c-1df7486283e7,agricultural_burn,cropland,agricultural_residue,3,13673.400000000001,5031.8112,7623.1939680000005,13.585890240000001,0.35222678400000007,0.368,trapezoidal_observation_integration,FRP_to_FRE_to_dry_matter_then_IPCC_2019_factors
bb71af13-4f36-52ff-9964-7047d571e207,56aaab49-d650-541e-9c72-a8bdbbf21cd0,agricultural_burn,cropland,agricultural_residue,1,43380.0,15963.84,24185.2176,43.102368000000006,1.1174688000000002,0.368,singleton_frp_1h_assumption,FRP_to_FRE_to_dry_matter_then_IPCC_2019_factors
290e964b-fa0b-5b3a-8a40-dab0a39e7697,6c39fab8-935d-5ef7-b5ae-1ae6c4bb2b17,agricultural_burn,cropland,agricultural_residue,7,1189867.8,437871.3504,663375.095856,1182.2526460800002,30.650994528000002,0.368,trapezoidal_observation_integration,FRP_to_FRE_to_dry_matter_then_IPCC_2019_factors
07d9d8d4-cee3-55b2-bada-0e6a67849e53,ec12138a-3df8-5482-8db9-ee69bcc25ccf,agricultural_burn,cropland,agricultural_residue,2,8314.8,3059.8464,4635.6672960000005,8.261585280000002,0.21418924800000003,0.368,trapezoidal_observation_integration,FRP_to_FRE_to_dry_matter_then_IPCC_2019_factors
c1a5ef0c-19f9-55d0-9e4d-0405c16b42c8,af305005-b9be-5769-b1c3-9d7393ec0606,agricultural_burn,cropland,agricultural_residue,1,57960.00000000001,21329.280000000002,32313.859200000003,57.589056000000014,1.4930496000000002,0.368,singleton_frp_1h_assumption,FRP_to_FRE_to_dry_matter_then_IPCC_2019_factors
06353c9d-aa40-501a-bd46-c5a927455b79,8ac57d83-5572-5b52-aff4-b1b346072606,agricultural_burn,cropland,agricultural_residue,1,42804.0,15751.872,23864.086079999997,42.5300544,1.10263104,0.368,singleton_frp_1h_assumption,FRP_to_FRE_to_dry_matter_then_IPCC_2019_factors
9a6a43e3-4b61-5923-8e38-1271ef287564,08600f19-8733-5dcf-9709-999437ccba94,agricultural_burn,cropland,agricultural_residue,2,11400.0,4195.2,6355.728,11.32704,0.293664,0.368,trapezoidal_observation_integration,FRP_to_FRE_to_dry_matter_then_IPCC_2019_factors
5c813bf7-c54b-5f4d-b714-4418ea190a62,24bde6e5-a58d-5967-a488-19eea08397b9,agricultural_burn,cropland,agricultural_residue,1,58715.99999999999,21607.487999999998,32735.344319999997,58.340217599999995,1.51252416,0.368,singleton_frp_1h_assumption,FRP_to_FRE_to_dry_matter_then_IPCC_2019_factors
24bb6af7-7834-5dfd-9a44-448daa632da4,e0f71d79-33dd-5137-b998-32150e9d3ad7,wildfire,tree_cover,tropical_forest,2,47412.0,17447.615999999998,27567.233279999997,118.64378879999998,3.4895232,0.368,fallback_frp_1h_assumption,FRP_to_FRE_to_dry_matter_then_IPCC_2019_factors
1f1466ae-0cf6-5810-821f-47c77a3ee636,8f8d2fd2-d1a9-5038-a294-5a1c64f2dfc4,agricultural_burn,cropland,agricultural_residue,6,3528.0,1298.304,1966.93056,3.5054208000000004,0.09088128000000002,0.368,fallback_frp_1h_assumption,FRP_to_FRE_to_dry_matter_then_IPCC_2019_factors
3af302f5-e672-5f7f-b461-7e44fbabe580,46569d82-1767-5228-ba73-43ee89e8b830,agricultural_burn,cropland,agricultural_residue,1,88344.0,32510.592,49253.54688,87.7785984,2.2757414400000004,0.368,singleton_frp_1h_assumption,FRP_to_FRE_to_dry_matter_then_IPCC_2019_factors
312f8bdd-7090-5098-885e-30c8a0046e74,9ae6d32c-356d-5a90-b8e7-3e968268f51d,agricultural_burn,cropland,agricultural_residue,1,58572.0,21554.496,32655.061439999998,58.1971392,1.5088147200000002,0.368,singleton_frp_1h_assumption,FRP_to_FRE_to_dry_matter_then_IPCC_2019_factors
9fd9c722-b1fe-5566-bd58-fb85f6b1d9af,ffe17736-f8f7-5444-a94e-75d950423f29,wildfire,grassland,savanna_grassland,1,29160.0,10730.88,17308.909439999996,24.681023999999997,2.2534848,0.368,singleton_frp_1h_assumption,FRP_to_FRE_to_dry_matter_then_IPCC_2019_factors
f7f46059-5acf-59df-b3b0-dbde29abb7e9,5f847e15-07e2-5e7b-b0ca-b296c90e88ca,wildfire,grassland,savanna_grassland,1,65700.0,24177.6,38998.468799999995,55.60847999999999,5.077296,0.368,singleton_frp_1h_assumption,FRP_to_FRE_to_dry_matter_then_IPCC_2019_factors
c3654d78-7160-51be-be8c-aeea5b157cf8,7f8e7933-e92b-5bfa-af46-fbed73e3a2ee,agricultural_burn,cropland,agricultural_residue,1,59976.0,22071.167999999998,33437.81952,59.592153599999996,1.54498176,0.368,singleton_frp_1h_assumption,FRP_to_FRE_to_dry_matter_then_IPCC_2019_factors
ff851ecd-2416-576c-a24b-63c28c979f95,9fde6d13-d906-53db-b80f-961cd4fb5e28,agricultural_burn,cropland,agricultural_residue,2,27432.0,10094.976,15293.888640000001,27.256435200000002,0.7066483200000001,0.368,fallback_frp_1h_assumption,FRP_to_FRE_to_dry_matter_then_IPCC_2019_factors
67fb2b8b-49b9-505e-8cb0-89b58268eea1,2f53b7cb-8a7d-5628-ba16-46bdc5a6b228,wildfire,tree_cover,tropical_forest,4,4305.0,1584.24,2503.0992,10.772832000000001,0.316848,0.368,trapezoidal_observation_integration,FRP_to_FRE_to_dry_matter_then_IPCC_2019_factors
9d05f3fe-6d0d-537c-8778-58be2c85e595,8cc8c416-98f8-5e3d-be83-94863a21c731,agricultural_burn,cropland,agricultural_residue,2,5835.0,2147.2799999999997,3253.1292,5.797656,0.1503096,0.368,trapezoidal_observation_integration,FRP_to_FRE_to_dry_matter_then_IPCC_2019_factors
dcff4c0f-5d97-5b11-8ea1-77183e8e4828,61d92d9d-795b-5c6c-b414-fc0691664231,agricultural_burn,cropland,agricultural_residue,1,38376.0,14122.368,21395.38752,38.130393600000005,0.9885657600000001,0.368,singleton_frp_1h_assumption,FRP_to_FRE_to_dry_matter_then_IPCC_2019_factors
c1a74dda-f243-53c3-9307-7e0089a7056d,4f39950c-f3a9-5247-bfe1-84d0804e77e6,agricultural_burn,cropland,agricultural_residue,2,2017.5,742.4399999999999,1124.7966,2.004588,0.051970800000000004,0.368,trapezoidal_observation_integration,FRP_to_FRE_to_dry_matter_then_IPCC_2019_factors
20cabb2d-e5ed-51da-87ce-4448afa53a01,ea9bed4e-1a15-586d-9768-f912da314999,agricultural_burn,cropland,agricultural_residue,1,48276.0,17765.568,26914.83552,47.9670336,1.24358976,0.368,singleton_frp_1h_assumption,FRP_to_FRE_to_dry_matter_then_IPCC_2019_factors
ea3e3f58-0381-5233-923f-6b8ef7b2b5fb,e770e1b0-0437-583c-8ac1-4d44322ea6fd,agricultural_burn,cropland,agricultural_residue,2,208075.2,76571.67360000001,116006.085504,206.74351872000005,5.360017152000001,0.368,trapezoidal_observation_integration,FRP_to_FRE_to_dry_matter_then_IPCC_2019_factors
d13c8d74-3850-5f61-bb06-ac65c0739faf,0e352aea-b1ae-58cb-96b4-11b7d2ec2999,agricultural_burn,cropland,agricultural_residue,2,10935.6,4024.3008,6096.8157120000005,10.865612160000001,0.28170105600000006,0.368,trapezoidal_observation_integration,FRP_to_FRE_to_dry_matter_then_IPCC_2019_factors
6212b485-7c37-59cc-b640-1697542cd8ce,1bb8c886-9be3-5929-8755-56868f9b9597,wildfire,tree_cover,tropical_forest,2,45202.5,16634.52,26282.5416,113.11473600000001,3.3269040000000003,0.368,trapezoidal_observation_integration,FRP_to_FRE_to_dry_matter_then_IPCC_2019_factors
489c5a68-bd00-505a-a303-be8e7ff63b9d,bf7a6757-d7ed-52fe-9ea1-5a36fbd496c9,agricultural_burn,cropland,agricultural_residue,1,51732.0,19037.376,28841.62464,51.4009152,1.33261632,0.368,singleton_frp_1h_assumption,FRP_to_FRE_to_dry_matter_then_IPCC_2019_factors
f3251dfe-9f25-5ae7-97e2-23b442e72e5d,5ecd6649-8870-54aa-b3b1-80218fb8cfdf,agricultural_burn,cropland,agricultural_residue,3,2632.5,968.76,1467.6714,2.615652,0.0678132,0.368,trapezoidal_observation_integration,FRP_to_FRE_to_dry_matter_then_IPCC_2019_factors
670d8d13-4a61-5648-93e5-a1403e761e2c,4ed259c2-71be-5f0b-aed0-fdebaec312d9,agricultural_burn,cropland,agricultural_residue,2,5688.0,2093.1839999999997,3171.1737599999997,5.651596799999999,0.14652288,0.368,fallback_frp_1h_assumption,FRP_to_FRE_to_dry_matter_then_IPCC_2019_factors
d26e4123-7d94-533a-8b63-e9fac3df2b19,392b6d9a-c034-527d-a2f6-66184db97d22,agricultural_burn,cropland,agricultural_residue,1,40968.0,15076.224,22840.47936,40.7058048,1.0553356800000002,0.368,singleton_frp_1h_assumption,FRP_to_FRE_to_dry_matter_then_IPCC_2019_factors
1767f12a-dac9-5de6-a3b9-83884a190b97,614a4e6d-655b-5ebf-97a5-f66e5f1c2b19,wildfire,grassland,savanna_grassland,2,90360.0,33252.479999999996,53636.250239999994,76.48070399999999,6.983020799999999,0.368,fallback_frp_1h_assumption,FRP_to_FRE_to_dry_matter_then_IPCC_2019_factors
1c7031fd-7c99-534f-84cf-74de99d50a39,88040459-8c34-5715-87ed-6dca3242e14e,wildfire,tree_cover,tropical_forest,3,19042.5,7007.64,11072.0712,47.651951999999994,1.4015280000000003,0.368,trapezoidal_observation_integration,FRP_to_FRE_to_dry_matter_then_IPCC_2019_factors
c5bad463-2169-59e2-86df-b4e1f2208fca,ae0092b1-31c8-5d3f-8fa4-7f79b13ec6de,agricultural_burn,cropland,agricultural_residue,5,23460.0,8633.28,13079.4192,23.309856000000003,0.6043296000000001,0.368,trapezoidal_observation_integration,FRP_to_FRE_to_dry_matter_then_IPCC_2019_factors
5f7801a6-0409-52ce-8bef-0ecf017c026e,f146d321-9115-5f25-8254-5b713fbd01ab,wildfire,tree_cover,tropical_forest,1,20160.0,7418.88,11721.8304,50.448384,1.483776,0.368,singleton_frp_1h_assumption,FRP_to_FRE_to_dry_matter_then_IPCC_2019_factors
cce24a34-395f-5c41-852f-846611a50018,d1ec8a9c-aec8-50c3-be67-0729cdf5563e,wildfire,tree_cover,tropical_forest,1,21420.0,7882.5599999999995,12454.4448,53.601408,1.576512,0.368,singleton_frp_1h_assumption,FRP_to_FRE_to_dry_matter_then_IPCC_2019_factors
5515c035-e1e6-5240-b5f1-d20e05bbece5,1b38ab7b-f0bd-5684-8a86-6a61b9b9b06c,wildfire,tree_cover,tropical_forest,1,25920.0,9538.56,15070.924799999999,64.862208,1.907712,0.368,singleton_frp_1h_assumption,FRP_to_FRE_to_dry_matter_then_IPCC_2019_factors
75667a53-6761-5f10-8139-be73721c2171,061b6311-ebc5-53ea-a23a-a38ce231c182,agricultural_burn,cropland,agricultural_residue,1,48924.0,18004.032,27276.10848,48.610886400000005,1.26028224,0.368,singleton_frp_1h_assumption,FRP_to_FRE_to_dry_matter_then_IPCC_2019_factors
d95709d3-41d5-5a25-a992-b7f7351680d3,a67cbba6-1e0f-5d2e-a261-b156a255eb22,agricultural_burn,cropland,agricultural_residue,1,38916.0,14321.088,21696.44832,38.666937600000004,1.00247616,0.368,singleton_frp_1h_assumption,FRP_to_FRE_to_dry_matter_then_IPCC_2019_factors
04ade9a3-942d-5cf7-aed8-a1e53976aec8,21ebbd38-9240-50a3-b9eb-8c60ba3c11ec,wildfire,tree_cover,tropical_forest,3,120938.1,44505.2208,70318.24886400001,302.63550144000004,8.901044160000001,0.368,trapezoidal_observation_integration,FRP_to_FRE_to_dry_matter_then_IPCC_2019_factors
9126aad3-78e7-5f36-8458-3b77c3a7829c,51dbd292-0143-523e-b3cb-817a866f3166,agricultural_burn,cropland,agricultural_residue,1,40860.0,15036.48,22780.2672,40.598496,1.0525536,0.368,singleton_frp_1h_assumption,FRP_to_FRE_to_dry_matter_then_IPCC_2019_factors
71d6c1c6-5d36-54bd-b717-0b2f31af5555,3a56b122-eaaf-5d66-8a70-b8c96aeb8d5e,agricultural_burn,cropland,agricultural_residue,2,2592.0,953.856,1445.09184,2.5754112,0.06676992,0.368,fallback_frp_1h_assumption,FRP_to_FRE_to_dry_matter_then_IPCC_2019_factors
88764849-9b1a-55a0-ba05-f954adc9a4b0,57a269f3-4005-5ba6-97fe-774766bde53a,agricultural_burn,cropland,agricultural_residue,2,3024.0,1112.8319999999999,1685.9404799999998,3.0046464,0.07789824000000001,0.368,fallback_frp_1h_assumption,FRP_to_FRE_to_dry_matter_then_IPCC_2019_factors
01222c4b-8d5c-53af-b478-3d63d6b88ae6,5c9ce592-e6f2-5aba-9c86-e1b1a0d31bf7,agricultural_burn,cropland,agricultural_residue,2,9468.0,3484.224,5278.59936,9.4074048,0.24389568000000003,0.368,fallback_frp_1h_assumption,FRP_to_FRE_to_dry_matter_then_IPCC_2019_factors
e05e782b-747e-58ad-8df5-d3813fb10a5a,074f6664-5514-5fa9-92c9-31259bc90d87,agricultural_burn,cropland,agricultural_residue,3,2160.0,794.88,1204.2432,2.146176,0.055641600000000006,0.368,trapezoidal_observation_integration,FRP_to_FRE_to_dry_matter_then_IPCC_2019_factors
a4ef1356-abc1-59b6-9594-58d76b44245b,c7992dfa-03ab-5ddc-bfe7-5e5724db106e,agricultural_burn,cropland,agricultural_residue,2,7617.6,2803.2768,4246.964352,7.56884736,0.19622937600000004,0.368,trapezoidal_observation_integration,FRP_to_FRE_to_dry_matter_then_IPCC_2019_factors
cdbf639a-8d73-5b7d-9c60-90f165c1eb6d,51e2fc7c-97a4-5a62-9164-ad0107343e6d,agricultural_burn,cropland,agricultural_residue,2,345729.3,127228.38239999999,192750.999336,343.51663248,8.905986768,0.368,trapezoidal_observation_integration,FRP_to_FRE_to_dry_matter_then_IPCC_2019_factors
c88758eb-4fc9-5a17-b615-d57a52a12dd8,f088e38c-17f5-5e82-9c02-c5005d26a436,agricultural_burn,cropland,agricultural_residue,3,3744.0,1377.792,2087.35488,3.7200384,0.09644544000000001,0.368,trapezoidal_observation_integration,FRP_to_FRE_to_dry_matter_then_IPCC_2019_factors
2d9ee29c-ea37-5964-b130-042ffbc1a391,5637faeb-8b6d-53c4-8be2-ba2c49a3d3a1,agricultural_burn,cropland,agricultural_residue,4,7603.200000000001,2797.9776,4238.936064,7.554539520000001,0.19585843200000003,0.368,trapezoidal_observation_integration,FRP_to_FRE_to_dry_matter_then_IPCC_2019_factors
cc3861de-70f6-5200-aa06-5c35c4d78c0f,bc9be606-8dec-5130-a2c0-ebb5bd5f1311,agricultural_burn,cropland,agricultural_residue,2,20808.0,7657.344,11600.87616,20.674828800000004,0.5360140800000001,0.368,fallback_frp_1h_assumption,FRP_to_FRE_to_dry_matter_then_IPCC_2019_factors
37af89c5-9047-5331-a22b-bb3310166a5f,58144402-7187-58de-9181-7212b30b4f4f,agricultural_burn,cropland,agricultural_residue,2,1117.8000000000002,411.35040000000004,623.195856,1.1106460800000002,0.028794528000000007,0.368,trapezoidal_observation_integration,FRP_to_FRE_to_dry_matter_then_IPCC_2019_factors
8af1f41b-f63e-5af8-8676-4988d0bdeda8,fe88725e-355f-5f4a-8d8d-38dce356f53e,agricultural_burn,cropland,agricultural_residue,7,95198.4,35033.0112,53075.011968,94.58913024000002,2.4523107840000002,0.368,trapezoidal_observation_integration,FRP_to_FRE_to_dry_matter_then_IPCC_2019_factors
83944f82-d31f-56e4-8a84-94df8c3f9dd2,f473e042-e023-5b44-896d-150ba459bf01,agricultural_burn,cropland,agricultural_residue,2,3470.6999999999994,1277.2175999999997,1934.9846639999996,3.4484875199999996,0.08940523199999999,0.368,trapezoidal_observation_integration,FRP_to_FRE_to_dry_matter_then_IPCC_2019_factors
143266d5-2b58-543d-b2db-f216844c5bb8,b3826ebf-1966-56e9-86ab-cb9b05d28648,wildfire,tree_cover,tropical_forest,2,1807.8000000000002,665.2704000000001,1051.127232,4.5238387200000005,0.13305408000000002,0.368,trapezoidal_observation_integration,FRP_to_FRE_to_dry_matter_then_IPCC_2019_factors
c59f2b55-da75-59a5-a900-6e050d8736f3,651155b8-3e01-5f23-b83b-a16631a3be8a,agricultural_burn,cropland,agricultural_residue,3,3528.0,1298.304,1966.93056,3.5054208000000004,0.09088128000000002,0.368,fallback_frp_1h_assumption,FRP_to_FRE_to_dry_matter_then_IPCC_2019_factors
5d93d922-a9ba-5614-a59a-04efe8b3c525,1ba7ce8e-de59-5236-a1fc-70f742dddd34,wildfire,tree_cover,tropical_forest,2,3744.0,1377.792,2176.91136,9.3689856,0.2755584,0.368,fallback_frp_1h_assumption,FRP_to_FRE_to_dry_matter_then_IPCC_2019_factors
e3fcafba-716d-547e-a717-34398ee26318,417bc8ac-ccbd-54a8-b814-cb5d9560b42a,wildfire,grassland,savanna_grassland,2,2076.8999999999996,764.2991999999998,1232.8146095999996,1.7578881599999996,0.16050283199999996,0.368,trapezoidal_observation_integration,FRP_to_FRE_to_dry_matter_then_IPCC_2019_factors
97078841-60ae-5601-a9ee-d57504ed7686,0b060339-03e5-5506-9d4b-286db11ddb2d,agricultural_burn,cropland,agricultural_residue,1,50580.0,18613.44,28199.361599999997,50.256288,1.3029408,0.368,singleton_frp_1h_assumption,FRP_to_FRE_to_dry_matter_then_IPCC_2019_factors
d337e401-04a2-53d0-bb68-81c7d10d13a1,93081f45-9ee1-529f-9fb8-02ede0e9440b,agricultural_burn,cropland,agricultural_residue,3,6755.099999999999,2485.8767999999995,3766.1033519999996,6.711867359999999,0.174011376,0.368,trapezoidal_observation_integration,FRP_to_FRE_to_dry_matter_then_IPCC_2019_factors
5f6922a7-0fd0-5094-93d5-953808a35281,a03affa7-0eb6-5a92-ad4f-4892de2f3eb3,agricultural_burn,cropland,agricultural_residue,3,38366.99999999999,14119.055999999997,21390.369839999996,38.121451199999996,0.9883339199999999,0.368,trapezoidal_observation_integration,FRP_to_FRE_to_dry_matter_then_IPCC_2019_factors
3e96880f-2aa5-5a7f-97a1-38bf093011ba,14c8e4a1-10b4-570e-8682-1dad9f5e2440,wildfire,tree_cover,tropical_forest,2,3096.0,1139.328,1800.13824,7.747430399999999,0.2278656,0.368,fallback_frp_1h_assumption,FRP_to_FRE_to_dry_matter_then_IPCC_2019_factors
0223c321-c10b-5bef-898c-f24e97e999f0,d161fede-825c-5e68-ba0f-0fcfb29c8c70,agricultural_burn,cropland,agricultural_residue,2,2268.0,834.624,1264.4553600000002,2.2534848000000003,0.058423680000000006,0.368,fallback_frp_1h_assumption,FRP_to_FRE_to_dry_matter_then_IPCC_2019_factors
b18d65c2-3ba1-58d6-8cb9-b9e8e84a3d01,c4c7fe07-d91f-5708-8fb6-d7a1ee761a96,agricultural_burn,cropland,agricultural_residue,2,3312.0,1218.816,1846.50624,3.2908032000000005,0.08531712000000001,0.368,fallback_frp_1h_assumption,FRP_to_FRE_to_dry_matter_then_IPCC_2019_factors
4b68815a-43ef-59ff-a258-46a169ffe255,45431c0f-a396-543e-86af-b42a8be36fde,wildfire,cropland,extra_tropical_forest,2,848.6999999999999,312.3216,490.0325904,1.4679115200000001,0.08120361599999999,0.368,trapezoidal_observation_integration,FRP_to_FRE_to_dry_matter_then_IPCC_2019_factors
409bc05d-7215-5108-958a-90d70f02ab24,44ed100c-2b88-5205-9c17-e386f4ca7389,agricultural_burn,cropland,agricultural_residue,3,56049.9,20626.3632,31248.940248,55.691180640000006,1.443845424,0.368,trapezoidal_observation_integration,FRP_to_FRE_to_dry_matter_then_IPCC_2019_factors
ed661392-6684-5e5a-8b49-b2f3b1957ebd,a0a601fa-7c83-5ead-a83a-f65e62fe701d,agricultural_burn,cropland,agricultural_residue,2,7569.3,2785.5024,4220.036136,7.52085648,0.19498516800000001,0.368,trapezoidal_observation_integration,FRP_to_FRE_to_dry_matter_then_IPCC_2019_factors
caf4d059-1831-5ec6-87f3-e7d6a26f6f3f,0107aa92-8c63-588d-b5bb-60ff368ca27f,agricultural_burn,cropland,agricultural_residue,3,6334.2,2330.9856,3531.4431839999997,6.29366112,0.163168992,0.368,trapezoidal_observation_integration,FRP_to_FRE_to_dry_matter_then_IPCC_2019_factors
bca92d23-10a5-5124-a3c8-c20821be5b0b,c5850d91-1795-5e5c-9033-5c159ad644c5,agricultural_burn,cropland,agricultural_residue,2,14868.0,5471.424,8289.20736,14.772844800000001,0.38299968,0.368,fallback_frp_1h_assumption,FRP_to_FRE_to_dry_matter_then_IPCC_2019_factors
8cc79f42-3492-5a10-82e4-307f630c7895,3caa1674-27dd-5a8b-be70-1ebed541d05b,wildfire,tree_cover,tropical_forest,7,1764413.7000000002,649304.2416000001,1025900.7017280002,4415.26884288,129.86084832000003,0.368,trapezoidal_observation_integration,FRP_to_FRE_to_dry_matter_then_IPCC_2019_factors
c160e9c3-0aa0-57c3-bf04-79aa6debd630,cad39656-f3cf-558a-9ef8-9ce7459e76cf,wildfire,tree_cover,tropical_forest,2,47002.8,17297.0304,27329.308031999997,117.61980672,3.4594060800000004,0.368,trapezoidal_observation_integration,FRP_to_FRE_to_dry_matter_then_IPCC_2019_factors
70c4d4d4-2b27-5372-a19a-fb252efaacf8,40fa7d87-4c30-5c0f-b03b-3c44b09cf089,agricultural_burn,cropland,agricultural_residue,2,11916.0,4385.088,6643.40832,11.839737600000001,0.30695616000000003,0.368,fallback_frp_1h_assumption,FRP_to_FRE_to_dry_matter_then_IPCC_2019_factors
7691d26e-6215-501d-8bf2-c0daa11e0450,5244d9c3-b9b9-51b6-8d5c-5d56c266a350,agricultural_burn,cropland,agricultural_residue,3,16020.0,5895.36,8931.4704,15.917472,0.4126752,0.368,fallback_frp_1h_assumption,FRP_to_FRE_to_dry_matter_then_IPCC_2019_factors
165cd741-a5db-5fe4-9c7d-310aed37ba4d,36e9e38f-8d0a-53f3-bbf9-b2ab0f596d3d,wildfire,tree_cover,tropical_forest,3,78372.0,28840.896,45568.61568,196.1180928,5.7681792000000005,0.368,fallback_frp_1h_assumption,FRP_to_FRE_to_dry_matter_then_IPCC_2019_factors
d2db303a-e9d1-5a66-bb65-a6365259ca49,1827551a-4cb6-555b-9030-e2e750395900,agricultural_burn,cropland,agricultural_residue,2,7956.0,2927.808,4435.6291200000005,7.905081600000001,0.20494656,0.368,fallback_frp_1h_assumption,FRP_to_FRE_to_dry_matter_then_IPCC_2019_factors
59e0ad6f-c456-5d9c-bde0-95bc1c256bed,526a96bd-fbf9-5117-adaa-c817bb265b38,wildfire,tree_cover,tropical_forest,3,8434.800000000001,3104.0064,4904.330112000001,21.10724352,0.6208012800000001,0.368,trapezoidal_observation_integration,FRP_to_FRE_to_dry_matter_then_IPCC_2019_factors
1c5d6077-2fcb-5a70-88fa-052712b845ed,38e9e55c-e181-5375-9330-a5da62b5ee29,wildfire,tree_cover,tropical_forest,2,646.8,238.02239999999998,376.0753919999999,1.6185523199999998,0.04760448,0.368,trapezoidal_observation_integration,FRP_to_FRE_to_dry_matter_then_IPCC_2019_factors
2bd548c8-fad1-546a-b7f0-7a366fd4a161,c1a6356e-cc93-5ac6-85b9-8a0b8bb8b986,wildfire,tree_cover,tropical_forest,2,7583.0999999999985,2790.5807999999993,4409.1176639999985,18.975949439999994,0.55811616,0.368,trapezoidal_observation_integration,FRP_to_FRE_to_dry_matter_then_IPCC_2019_factors
39c6d04e-8221-5754-ab8d-033643ca0a10,c8840b97-620f-54df-aec2-69aac45c5758,agricultural_burn,cropland,agricultural_residue,5,31770.0,11691.36,17712.4104,31.566672000000004,0.8183952000000002,0.368,trapezoidal_observation_integration,FRP_to_FRE_to_dry_matter_then_IPCC_2019_factors
026a5d71-6e2f-514b-976b-a0e810800852,40b49bef-f211-514f-9afa-beb1f2b927d2,agricultural_burn,cropland,agricultural_residue,2,1725.0,634.8,961.7219999999999,1.71396,0.044436,0.368,trapezoidal_observation_integration,FRP_to_FRE_to_dry_matter_then_IPCC_2019_factors
ec52ff06-de12-5cd2-bb90-3fa25d48ccb2,9c49b2fa-e25b-5d66-955b-e10a10934839,agricultural_burn,cropland,agricultural_residue,2,9216.0,3391.488,5138.1043199999995,9.157017600000001,0.23740416000000003,0.368,fallback_frp_1h_assumption,FRP_to_FRE_to_dry_matter_then_IPCC_2019_factors
913bce10-da22-5d22-9814-6f4a22b6802e,76300036-1cbe-5e22-b266-86164f19c8fc,agricultural_burn,cropland,agricultural_residue,8,1214571.5999999999,446962.3487999999,677147.9584319999,1206.7983417599999,31.287364415999996,0.368,trapezoidal_observation_integration,FRP_to_FRE_to_dry_matter_then_IPCC_2019_factors
efe873e9-5ce9-5114-baa2-9954465f564b,180cf506-8a56-53e7-ab23-1a21def606f6,wildfire,tree_cover,tropical_forest,1,18324.0,6743.232,10654.30656,45.8539776,1.3486464,0.368,singleton_frp_1h_assumption,FRP_to_FRE_to_dry_matter_then_IPCC_2019_factors
a9396148-7cac-5186-9bc0-a8e508367238,8d25eade-2e7e-5b17-8df4-d4d1122816d9,agricultural_burn,cropland,agricultural_residue,3,4974.9,1830.7631999999999,2773.6062479999996,4.94306064,0.128153424,0.368,trapezoidal_observation_integration,FRP_to_FRE_to_dry_matter_then_IPCC_2019_factors
930da731-5446-57d0-bb8a-2305a2c22202,9e9d0851-6662-5faa-bc56-fdb729e99a3e,agricultural_burn,cropland,agricultural_residue,3,2580.6,949.6608,1438.736112,2.56408416,0.06647625600000001,0.368,trapezoidal_observation_integration,FRP_to_FRE_to_dry_matter_then_IPCC_2019_factors
dda65448-b4ee-5aa6-9d63-71f287df7bce,2ae03bb5-9fd1-5fd3-8f87-9e5bc955bf93,wildfire,tree_cover,tropical_forest,1,22212.0,8174.016,12914.94528,55.5833088,1.6348032000000001,0.368,singleton_frp_1h_assumption,FRP_to_FRE_to_dry_matter_then_IPCC_2019_factors
6a5919ee-fef9-576a-9644-17abb9a09176,30dd9680-4f0b-5e2b-9fae-2454eeee4426,agricultural_burn,cropland,agricultural_residue,4,14436.0,5312.448,8048.358720000001,14.343609600000002,0.37187136000000004,0.368,fallback_frp_1h_assumption,FRP_to_FRE_to_dry_matter_then_IPCC_2019_factors
dd18cd2e-73aa-525b-b75f-490d47cef3af,34313996-2089-540b-a0b5-86b2ca46ae22,agricultural_burn,cropland,agricultural_residue,2,8712.0,3206.016,4857.11424,8.6562432,0.22442112000000003,0.368,fallback_frp_1h_assumption,FRP_to_FRE_to_dry_matter_then_IPCC_2019_factors
338a747d-5725-53a1-9cc0-e19981c93644,5b64be47-7ca4-51dc-92a9-11319bbf2952,agricultural_burn,cropland,agricultural_residue,4,7235.999999999999,2662.8479999999995,4034.2147199999995,7.189689599999999,0.18639936,0.368,fallback_frp_1h_assumption,FRP_to_FRE_to_dry_matter_then_IPCC_2019_factors
ca55d2ab-9033-5048-979a-27b4d0f75783,6285cb42-eca0-5e9f-b5fd-a7ac1ddabc92,agricultural_burn,cropland,agricultural_residue,5,13428.0,4941.504,7486.378559999999,13.3420608,0.34590528,0.368,fallback_frp_1h_assumption,FRP_to_FRE_to_dry_matter_then_IPCC_2019_factors
3b54cb6e-3d08-5f13-be3b-edb6351b3a87,91bcfe4a-3ed5-5ec1-aeeb-970e77480a17,agricultural_burn,cropland,agricultural_residue,6,18360.0,6756.48,10236.0672,18.242496,0.4729536,0.368,fallback_frp_1h_assumption,FRP_to_FRE_to_dry_matter_then_IPCC_2019_factors
212d05b5-bc41-5091-bf52-291bb99a55c2,f14ac133-829b-591a-a496-ce9ce263f049,agricultural_burn,cropland,agricultural_residue,3,9756.0,3590.208,5439.16512,9.6935616,0.25131456,0.368,fallback_frp_1h_assumption,FRP_to_FRE_to_dry_matter_then_IPCC_2019_factors
84149596-57ff-5ec5-80b8-31f8efe95ad5,f4af287b-19da-5a50-8870-c4dd4d30b364,agricultural_burn,cropland,agricultural_residue,4,9216.0,3391.488,5138.1043199999995,9.157017600000001,0.23740416000000003,0.368,fallback_frp_1h_assumption,FRP_to_FRE_to_dry_matter_then_IPCC_2019_factors
c121675a-1249-50d2-bbec-eca551bfd66c,050c0f76-7e28-51f7-a20c-62537dd51694,agricultural_burn,cropland,agricultural_residue,2,58812.6,21643.036799999998,32789.200752,58.436199359999996,1.5150125760000002,0.368,trapezoidal_observation_integration,FRP_to_FRE_to_dry_matter_then_IPCC_2019_factors
7eb3226a-ff2a-549d-b955-13bc8f98d77e,431f3f62-9f3a-594f-a924-2ce903550ea0,agricultural_burn,cropland,agricultural_residue,2,96770.09999999998,35611.39679999999,53951.26615199998,96.15077135999996,2.4927977759999993,0.368,trapezoidal_observation_integration,FRP_to_FRE_to_dry_matter_then_IPCC_2019_factors
601a5329-cab9-51d0-abbe-e89d844afb99,4697a51c-7f41-5918-b15d-75a1fb03b735,wildfire,tree_cover,tropical_forest,4,42632.1,15688.612799999999,24788.008224,106.68256704,3.1377225600000003,0.368,trapezoidal_observation_integration,FRP_to_FRE_to_dry_matter_then_IPCC_2019_factors
f8b2e5f8-3d7e-58cd-bbd1-06e6ae837c37,d41cb5eb-a30c-55ed-b0d9-b7b696785e0f,agricultural_burn,cropland,agricultural_residue,2,310.5,114.264,173.10996,0.30851280000000003,0.00799848,0.368,trapezoidal_observation_integration,FRP_to_FRE_to_dry_matter_then_IPCC_2019_factors
0ba97875-dc41-58e5-8c19-9d648a355512,c6551534-7805-5900-9648-449a1cbfdab0,wildfire,grassland,savanna_grassland,1,18288.0,6729.9839999999995,10855.464192,15.478963199999999,1.4132966399999998,0.368,singleton_frp_1h_assumption,FRP_to_FRE_to_dry_matter_then_IPCC_2019_factors
6d03a1ee-c207-5473-8c8e-565ab2c44c13,55c04334-06e4-5c74-81da-116585176bf5,agricultural_burn,cropland,agricultural_residue,7,135635.40000000002,49913.82720000001,75619.448208,134.76733344000002,3.493967904000001,0.368,trapezoidal_observation_integration,FRP_to_FRE_to_dry_matter_then_IPCC_2019_factors
27b04bf4-86a7-59d3-8a09-09f89cb8b551,122ed8a2-3642-5fb8-882d-1fcfe7b0409f,agricultural_burn,cropland,agricultural_residue,2,13824.0,5087.232,7707.15648,13.735526400000001,0.35610624,0.368,fallback_frp_1h_assumption,FRP_to_FRE_to_dry_matter_then_IPCC_2019_factors
f588ddae-daeb-54d8-8bed-92c9290d5211,2e90ad8d-f24c-573f-93e1-40ddc641410f,agricultural_burn,cropland,agricultural_residue,2,9432.0,3470.976,5258.52864,9.3716352,0.24296832000000004,0.368,fallback_frp_1h_assumption,FRP_to_FRE_to_dry_matter_then_IPCC_2019_factors
51e7a337-1b1c-5609-8cfd-7ef406ed55ef,4ea0793d-e7f9-5b25-9c76-43168ebb554c,agricultural_burn,cropland,agricultural_residue,2,4126.200000000001,1518.4416000000003,2300.4390240000007,4.0997923200000015,0.10629091200000003,0.368,trapezoidal_observation_integration,FRP_to_FRE_to_dry_matter_then_IPCC_2019_factors
bf38cc64-09ce-5b4f-9445-326698cd99a0,4ff5c946-9329-51a8-b2e3-8e84ff8f0843,agricultural_burn,cropland,agricultural_residue,1,67536.0,24853.248,37652.67072,67.10376959999999,1.73972736,0.368,singleton_frp_1h_assumption,FRP_to_FRE_to_dry_matter_then_IPCC_2019_factors
1b4254f9-2ceb-5fe6-b652-3b114bc3198d,948ec1fa-0769-50c5-ae5e-0d2ee947e6a4,agricultural_burn,cropland,agricultural_residue,2,7596.0,2795.328,4234.92192,7.5473856,0.19567296,0.368,fallback_frp_1h_assumption,FRP_to_FRE_to_dry_matter_then_IPCC_2019_factors
8c1ef743-4931-5fc1-9c76-55adbbd45e62,d6e1f3e1-6342-5223-9fbb-a0640c36b5ac,agricultural_burn,cropland,agricultural_residue,5,8064.000000000001,2967.552,4495.841280000001,8.012390400000001,0.20772864000000005,0.368,fallback_frp_1h_assumption,FRP_to_FRE_to_dry_matter_then_IPCC_2019_factors
2069e2a0-674c-5d5e-9903-4a790c923a72,1e4c627c-71e5-510a-bbd9-12e884f834d1,agricultural_burn,cropland,agricultural_residue,2,979.8,360.5664,546.258096,0.97352928,0.025239648000000003,0.368,trapezoidal_observation_integration,FRP_to_FRE_to_dry_matter_then_IPCC_2019_factors
e0240aa8-049e-5270-92fe-4090424637c3,58d24769-d1f1-58fc-8235-a3c5ebff575f,agricultural_burn,cropland,agricultural_residue,2,19548.0,7193.664,10898.400959999999,19.422892800000003,0.50355648,0.368,fallback_frp_1h_assumption,FRP_to_FRE_to_dry_matter_then_IPCC_2019_factors
24bba6cd-0b23-56fa-bffc-f31c0158ba16,49961e18-bf59-5aff-9796-eb041eb0cf14,wildfire,grassland,savanna_grassland,2,27963.0,10290.384,16598.389392,23.667883199999995,2.1609806399999996,0.368,trapezoidal_observation_integration,FRP_to_FRE_to_dry_matter_then_IPCC_2019_factors
3c026074-10a0-5326-b810-5d2b4e0f6867,c241e60e-5786-5bfc-ba06-b7939911b20c,wildfire,tree_cover,tropical_forest,2,2124.0,781.632,1234.9785599999998,5.315097599999999,0.1563264,0.368,fallback_frp_1h_assumption,FRP_to_FRE_to_dry_matter_then_IPCC_2019_factors
ddf6f7a1-e4b9-52e3-ab29-1cf401775404,9d89098e-bd73-5755-8bae-34772b7cef18,wildfire,grassland,savanna_grassland,2,6527.400000000001,2402.0832,3874.5602016000003,5.524791359999999,0.504437472,0.368,trapezoidal_observation_integration,FRP_to_FRE_to_dry_matter_then_IPCC_2019_factors
1c8b5a7d-88de-5c24-9136-5a70d176cc22,f4d2812e-e353-590b-9bb2-f6ee6287342f,agricultural_burn,cropland,agricultural_residue,2,4098.6,1508.2848000000001,2285.051472,4.07236896,0.10557993600000001,0.368,trapezoidal_observation_integration,FRP_to_FRE_to_dry_matter_then_IPCC_2019_factors
8005dc04-6074-5f71-81ef-1554d3ac5e4d,5ac20c84-b231-5068-864a-a3020aaa6cc0,agricultural_burn,cropland,agricultural_residue,3,5037.000000000001,1853.6160000000002,2808.2282400000004,5.004763200000001,0.12975312000000003,0.368,trapezoidal_observation_integration,FRP_to_FRE_to_dry_matter_then_IPCC_2019_factors
540f4bd5-8a07-5b64-a268-6eaae919fad9,99476b45-ebd6-5361-bfde-22166043205d,agricultural_burn,cropland,agricultural_residue,2,7920.000000000001,2914.5600000000004,4415.558400000001,7.869312000000002,0.20401920000000004,0.368,fallback_frp_1h_assumption,FRP_to_FRE_to_dry_matter_then_IPCC_2019_factors
db128410-0036-557a-bd06-8dc7273b31b9,e5279a29-2e98-584b-a0a7-f94bca1e2b9a,agricultural_burn,cropland,agricultural_residue,2,779.7,286.9296,434.69834399999996,0.77470992,0.020085072,0.368,trapezoidal_observation_integration,FRP_to_FRE_to_dry_matter_then_IPCC_2019_factors
d7a3e131-3d38-5dd1-9022-66077afdef69,be953d3d-9c04-55e4-bab9-befccdf8c249,agricultural_burn,cropland,agricultural_residue,3,1029864.9,378990.2832,574170.279048,1023.2737646400001,26.529319824,0.368,trapezoidal_observation_integration,FRP_to_FRE_to_dry_matter_then_IPCC_2019_factors
e5eeb863-b701-525f-a4c0-a569f1253801,97bd7017-0334-5289-9c6f-77797653da95,agricultural_burn,cropland,agricultural_residue,1,47160.0,17354.88,26292.643200000002,46.85817600000001,1.2148416000000002,0.368,singleton_frp_1h_assumption,FRP_to_FRE_to_dry_matter_then_IPCC_2019_factors
47b138b7-f71f-53ca-a654-a05d75f154d1,f5537d83-4492-5fd9-9541-3f1ac0d37caa,agricultural_burn,cropland,agricultural_residue,2,12780.0,4703.04,7125.1056,12.698208000000001,0.3292128,0.368,fallback_frp_1h_assumption,FRP_to_FRE_to_dry_matter_then_IPCC_2019_factors
376b0c2b-bb1b-5aa5-b2ee-d8592841aa8a,2c9bf6b8-dd79-5d91-8b74-2d7eebae4f05,agricultural_burn,cropland,agricultural_residue,3,607950.0,223725.6,338944.284,604.0591200000001,15.660792,0.368,trapezoidal_observation_integration,FRP_to_FRE_to_dry_matter_then_IPCC_2019_factors
b47cb5fe-1412-5ce1-9e28-f16e45966f29,28036dcd-863b-51ad-be92-2312403a2700,agricultural_burn,cropland,agricultural_residue,3,22284.0,8200.512,12423.775680000002,22.1413824,0.5740358400000001,0.368,fallback_frp_1h_assumption,FRP_to_FRE_to_dry_matter_then_IPCC_2019_factors
29821f91-7ba5-59d8-9792-dfe3032f59c6,3ad2b7ad-e9c0-5f1d-a942-69ed429fb00e,agricultural_burn,cropland,agricultural_residue,2,5760.0,2119.68,3211.3151999999995,5.723135999999999,0.1483776,0.368,fallback_frp_1h_assumption,FRP_to_FRE_to_dry_matter_then_IPCC_2019_factors
f6cfe8df-a664-5bff-bc14-7e8d2d5604e1,4ac312a8-3b42-5b41-9bae-fd2707459983,agricultural_burn,cropland,agricultural_residue,3,11232.0,4133.376,6262.0646400000005,11.160115200000002,0.28933632000000004,0.368,fallback_frp_1h_assumption,FRP_to_FRE_to_dry_matter_then_IPCC_2019_factors
b2be084a-9aaf-5306-b037-2ff82ba4efb6,698f6751-7451-51c1-b9cb-5efe7474e432,agricultural_burn,cropland,agricultural_residue,2,10044.0,3696.192,5599.73088,9.979718400000001,0.25873344000000004,0.368,fallback_frp_1h_assumption,FRP_to_FRE_to_dry_matter_then_IPCC_2019_factors
09afacf5-ccd1-5c44-a788-15ee6bd0702b,891fa94a-861f-5fab-9428-a65f43756c1c,agricultural_burn,cropland,agricultural_residue,2,20448.0,7524.864,11400.168959999999,20.3171328,0.5267404800000001,0.368,fallback_frp_1h_assumption,FRP_to_FRE_to_dry_matter_then_IPCC_2019_factors
6c16b8e7-e33c-5172-b82e-697382f5873e,917ba636-ab24-5276-a84e-a6ee306fd0cf,agricultural_burn,cropland,agricultural_residue,3,15659.999999999998,5762.879999999999,8730.7632,15.559775999999998,0.40340159999999997,0.368,fallback_frp_1h_assumption,FRP_to_FRE_to_dry_matter_then_IPCC_2019_factors
d7a2d528-7ff8-5744-93dd-0f5d90a04664,aa57e4b5-41d7-528c-af53-09b326e7952f,agricultural_burn,cropland,agricultural_residue,2,11304.0,4159.872,6302.20608,11.231654400000002,0.29119104000000007,0.368,fallback_frp_1h_assumption,FRP_to_FRE_to_dry_matter_then_IPCC_2019_factors
a20fa867-c01c-59c2-8a94-d3286f9469bf,e1526709-99c9-5e42-be99-211f84fe3cf5,agricultural_burn,cropland,agricultural_residue,1,46440.0,17089.92,25891.228799999997,46.142784,1.1962944,0.368,singleton_frp_1h_assumption,FRP_to_FRE_to_dry_matter_then_IPCC_2019_factors
8ab8caa7-de54-52f8-b9fa-762a1320355e,fbec89f4-57fa-5294-8fd3-254d5aca6b0f,agricultural_burn,cropland,agricultural_residue,3,11808.0,4345.344,6583.19616,11.732428800000001,0.30417408000000007,0.368,fallback_frp_1h_assumption,FRP_to_FRE_to_dry_matter_then_IPCC_2019_factors
95d5db45-48d2-58fa-b459-04b7a3728b4f,fa0d836d-9caf-5b14-82c8-6129dc61c03f,wildfire,grassland,savanna_grassland,2,9828.0,3616.7039999999997,5833.743551999999,8.3184192,0.7595078399999998,0.368,fallback_frp_1h_assumption,FRP_to_FRE_to_dry_matter_then_IPCC_2019_factors
70d3244d-bb76-5f30-a510-a3e8edd33875,a87f5912-1fcd-5b8e-95b3-0933c4e1df68,wildfire,tree_cover,tropical_forest,2,938.3999999999999,345.33119999999997,545.623296,2.3482521599999995,0.06906623999999999,0.368,trapezoidal_observation_integration,FRP_to_FRE_to_dry_matter_then_IPCC_2019_factors
72e74a68-76c3-5dd6-8f51-50ad7a13379f,a987bba1-b2f3-5390-9986-96fcc8d1043a,agricultural_burn,cropland,agricultural_residue,4,6058.2,2229.4175999999998,3377.5676639999997,6.01942752,0.15605923200000002,0.368,trapezoidal_observation_integration,FRP_to_FRE_to_dry_matter_then_IPCC_2019_factors
12bd700d-310c-5f45-a298-a2311947738e,01975e5f-f336-5799-a35d-ce934327c6b8,agricultural_burn,cropland,agricultural_residue,2,8280.0,3047.04,4616.2656,8.227008,0.21329280000000003,0.368,fallback_frp_1h_assumption,FRP_to_FRE_to_dry_matter_then_IPCC_2019_factors
d57ab1eb-ea2b-530e-9125-4915ff90da97,13d5adb0-461d-5d33-9e06-5457bbd5ecb0,agricultural_burn,cropland,agricultural_residue,2,15444.0,5683.392,8610.33888,15.3451584,0.39783744000000004,0.368,fallback_frp_1h_assumption,FRP_to_FRE_to_dry_matter_then_IPCC_2019_factors
0fa492e8-4d43-5109-84aa-40ecae7181cf,2decc108-bc6e-5248-b3fa-01222de6c341,agricultural_burn,cropland,agricultural_residue,2,17100.0,6292.8,9533.592,16.990560000000002,0.44049600000000005,0.368,fallback_frp_1h_assumption,FRP_to_FRE_to_dry_matter_then_IPCC_2019_factors
0647fd1b-c8ac-50ae-8476-acd4830c8607,39e3f615-edde-577c-a046-bb6381ddb775,agricultural_burn,cropland,agricultural_residue,3,14868.0,5471.424,8289.20736,14.772844800000001,0.38299968,0.368,fallback_frp_1h_assumption,FRP_to_FRE_to_dry_matter_then_IPCC_2019_factors
b2b964d3-726f-58db-9db9-f08c57f7b97f,7267d121-43a7-50f6-b087-9dcf439ae2d9,agricultural_burn,cropland,agricultural_residue,3,14148.0,5206.464,7887.79296,14.0574528,0.36445248,0.368,fallback_frp_1h_assumption,FRP_to_FRE_to_dry_matter_then_IPCC_2019_factors
86632d6e-e606-5b25-a85d-6b0bbe69f183,f407e3b7-c7f3-517d-8aae-d391907c49b6,agricultural_burn,cropland,agricultural_residue,2,6156.0,2265.408,3432.0931199999995,6.1166016,0.15857856,0.368,fallback_frp_1h_assumption,FRP_to_FRE_to_dry_matter_then_IPCC_2019_factors
055ad829-f08c-52dc-b7fe-60d127ffbf4b,ffd52990-0cec-5c2e-9ad9-5f17ff4710c2,agricultural_burn,cropland,agricultural_residue,2,18360.0,6756.48,10236.0672,18.242496,0.4729536,0.368,fallback_frp_1h_assumption,FRP_to_FRE_to_dry_matter_then_IPCC_2019_factors
c2c5d18e-598d-56e0-a4bd-583059d4dbb3,24080a92-2322-5aa3-b030-0850e81f626b,agricultural_burn,cropland,agricultural_residue,2,690.0,253.92,384.6888,0.6855840000000001,0.0177744,0.368,trapezoidal_observation_integration,FRP_to_FRE_to_dry_matter_then_IPCC_2019_factors
4d403d4b-9905-5e8b-bf8f-5dbe42e1c2fd,e062d8e2-facd-5143-9a8c-cbeda371c387,agricultural_burn,cropland,agricultural_residue,3,959.1000000000001,352.94880000000006,534.7174320000001,0.9529617600000002,0.02470641600000001,0.368,trapezoidal_observation_integration,FRP_to_FRE_to_dry_matter_then_IPCC_2019_factors
86fd578f-dc49-50ed-b910-1dcc1b88d699,c785337d-9720-54ac-9cb0-c75cdf05905e,agricultural_burn,cropland,agricultural_residue,2,17830.800000000003,6561.734400000001,9941.027616000003,17.716682880000004,0.45932140800000015,0.368,trapezoidal_observation_integration,FRP_to_FRE_to_dry_matter_then_IPCC_2019_factors
c77f41bc-78e9-55b7-991a-33e1efff7a81,413058a0-6a35-5810-b9d4-816b8fba6830,agricultural_burn,cropland,agricultural_residue,4,3065.4,1128.0672,1709.021808,3.0457814400000003,0.078964704,0.368,trapezoidal_observation_integration,FRP_to_FRE_to_dry_matter_then_IPCC_2019_factors
6b8cbbb1-a413-5195-bea7-c50c7f9e8bc0,454caab4-6412-51b2-8f80-0062dddea237,agricultural_burn,cropland,agricultural_residue,3,8852.7,3257.7936000000004,4935.557304000001,8.79604272,0.22804555200000004,0.368,trapezoidal_observation_integration,FRP_to_FRE_to_dry_matter_then_IPCC_2019_factors
2cf79c23-a9bd-53c5-9d5f-ea28c2953722,85f6bf33-14b3-5eec-b55b-36d27cda52ae,agricultural_burn,cropland,agricultural_residue,3,5230.2,1924.7135999999998,2915.941104,5.19672672,0.134729952,0.368,trapezoidal_observation_integration,FRP_to_FRE_to_dry_matter_then_IPCC_2019_factors
0d2be618-8b37-5716-8243-c668b94beff6,baf223dd-9fc2-5e89-b848-21aa1104d273,wildfire,tree_cover,tropical_forest,2,938.3999999999999,345.33119999999997,545.623296,2.3482521599999995,0.06906623999999999,0.368,trapezoidal_observation_integration,FRP_to_FRE_to_dry_matter_then_IPCC_2019_factors
b06f83b0-70f2-56ae-8566-23763e073058,9f0be6a5-2018-5a88-886a-b8334034b9b2,agricultural_burn,cropland,agricultural_residue,3,42467.4,15628.003200000001,23676.424848000002,42.19560864,1.0939602240000001,0.368,trapezoidal_observation_integration,FRP_to_FRE_to_dry_matter_then_IPCC_2019_factors
f24b3c5c-4e13-54e6-bbdc-bb8e01e56075,2ca22e25-27d7-5f4c-abae-9aec6f268e1c,agricultural_burn,cropland,agricultural_residue,2,4389.0,1615.152,2446.95528,4.360910400000001,0.11306064000000002,0.368,trapezoidal_observation_integration,FRP_to_FRE_to_dry_matter_then_IPCC_2019_factors
f91e5965-fbe6-52f6-be70-23a7b26d3b69,c2c5d30f-fc20-578e-bc21-d5d425dcc526,wildfire,grassland,savanna_grassland,2,11688.6,4301.4048,6938.1659424,9.89323104,0.9032950080000001,0.368,trapezoidal_observation_integration,FRP_to_FRE_to_dry_matter_then_IPCC_2019_factors
8bd52782-6514-5fc8-a961-8b1c5fcd6d3b,934242af-8d0f-5799-aaa4-86a26bfcc38e,wildfire,grassland,savanna_grassland,2,5333.700000000001,1962.8016000000002,3165.9989808000005,4.51444368,0.41218833600000004,0.368,trapezoidal_observation_integration,FRP_to_FRE_to_dry_matter_then_IPCC_2019_factors
c031a5c1-1f26-5ad0-a270-79073ace0c5e,1759ab93-de7d-5f48-a4ed-85c7550a1d80,agricultural_burn,cropland,agricultural_residue,1,38304.0,14095.872,21355.246079999997,38.0588544,0.98671104,0.368,singleton_frp_1h_assumption,FRP_to_FRE_to_dry_matter_then_IPCC_2019_factors
2bec97f9-11df-5918-bd85-ad6451bf0778,9bd81094-7f88-5bfb-8d95-241881722c0f,agricultural_burn,cropland,agricultural_residue,2,8300.7,3054.6576,4627.806264000001,8.24757552,0.21382603200000003,0.368,trapezoidal_observation_integration,FRP_to_FRE_to_dry_matter_then_IPCC_2019_factors
f51958fe-7d23-5d11-954f-e32b69665a0d,d5a5d204-bf6b-5199-9d0d-f95f682ecae8,agricultural_burn,cropland,agricultural_residue,2,34416.0,12665.088,19187.60832,34.1957376,0.88655616,0.368,fallback_frp_1h_assumption,FRP_to_FRE_to_dry_matter_then_IPCC_2019_factors
8688e117-56e9-50ed-868c-cb4dd4fc8c17,8778f916-4d32-5df2-b87e-5d0b43b88010,agricultural_burn,cropland,agricultural_residue,2,6516.0,2397.888,3632.80032,6.4742976,0.16785216,0.368,fallback_frp_1h_assumption,FRP_to_FRE_to_dry_matter_then_IPCC_2019_factors
d058c34a-70f3-5996-beeb-a1aa4786c489,f6c5b250-f824-5b5f-a5dd-cf45c3ec5371,agricultural_burn,cropland,agricultural_residue,1,50292.0,18507.456,28038.795839999995,49.9701312,1.2955219199999999,0.368,singleton_frp_1h_assumption,FRP_to_FRE_to_dry_matter_then_IPCC_2019_factors
4cd77f2e-d786-580a-9fe6-3161b178179c,35a10ffc-bd47-50b4-9d1f-4000ebda91e4,agricultural_burn,cropland,agricultural_residue,2,27288.0,10041.984,15213.60576,27.113356800000002,0.70293888,0.368,fallback_frp_1h_assumption,FRP_to_FRE_to_dry_matter_then_IPCC_2019_factors
dec7062f-8f0b-515c-b7ee-9bdf1d0ef690,f4f9868a-7696-52e2-9049-774d99d44899,agricultural_burn,cropland,agricultural_residue,2,2736.0,1006.848,1525.37472,2.7184896,0.07047936,0.368,fallback_frp_1h_assumption,FRP_to_FRE_to_dry_matter_then_IPCC_2019_factors
804d37f1-3ae3-5fc6-b143-057d522cf822,d298c3c0-9055-58aa-a24c-26c29c62a6b1,agricultural_burn,cropland,agricultural_residue,2,10080.0,3709.44,5619.8016,10.015488000000001,0.2596608,0.368,fallback_frp_1h_assumption,FRP_to_FRE_to_dry_matter_then_IPCC_2019_factors
aac8781e-7659-5eef-971e-30d3d35f6438,2ff0112e-7b1b-5800-a3a5-d6047c05f1cd,agricultural_burn,cropland,agricultural_residue,2,4505.7,1658.0975999999998,2512.0178639999995,4.47686352,0.11606683200000001,0.368,trapezoidal_observation_integration,FRP_to_FRE_to_dry_matter_then_IPCC_2019_factors
cbb8d3ea-cb88-5403-bb21-1221861915ca,3a77bfd3-bea6-5546-ab07-e9e0cd33c802,agricultural_burn,cropland,agricultural_residue,2,6168.599999999999,2270.0447999999997,3439.1178719999994,6.129120959999999,0.158903136,0.368,trapezoidal_observation_integration,FRP_to_FRE_to_dry_matter_then_IPCC_2019_factors
48394dfa-b78e-562c-b8d3-5fec21662d60,766d9e9b-b81b-5bad-bc35-92175ac120af,agricultural_burn,cropland,agricultural_residue,2,12960.0,4769.28,7225.459199999999,12.877056,0.3338496,0.368,fallback_frp_1h_assumption,FRP_to_FRE_to_dry_matter_then_IPCC_2019_factors
9162b827-4974-53b8-874a-490e920e6585,5db2f4e6-2969-5cf7-95ba-9cdac80fc566,agricultural_burn,cropland,agricultural_residue,2,1124.6999999999998,413.8895999999999,627.0427439999999,1.11750192,0.028972271999999997,0.368,trapezoidal_observation_integration,FRP_to_FRE_to_dry_matter_then_IPCC_2019_factors
ed7b6b9a-3385-50f0-ab83-dc6e51339923,ac1a63fe-3f43-5986-b266-242094fddba0,agricultural_burn,cropland,agricultural_residue,4,2601.2999999999997,957.2783999999999,1450.276776,2.58465168,0.067009488,0.368,trapezoidal_observation_integration,FRP_to_FRE_to_dry_matter_then_IPCC_2019_factors
4cf5f962-28d4-5165-8726-cfd233dcc9a4,a4427b89-138f-5b14-bbe2-8af7326c83d6,agricultural_burn,cropland,agricultural_residue,11,203737.49999999997,74975.4,113587.73099999999,202.43357999999998,5.248278,0.368,trapezoidal_observation_integration,FRP_to_FRE_to_dry_matter_then_IPCC_2019_factors
8a29426b-8167-542c-ba05-ccdc27104e52,36ede8c8-2700-5c6b-883b-c3cd582e04e9,agricultural_burn,cropland,agricultural_residue,5,10515.6,3869.7408,5862.657312,10.44830016,0.27088185600000003,0.368,trapezoidal_observation_integration,FRP_to_FRE_to_dry_matter_then_IPCC_2019_factors
53e64e4d-8891-57f1-b0cb-dd3bb83e802a,903bddb2-8a50-53cc-95e5-1350b29ddaa8,agricultural_burn,cropland,agricultural_residue,2,25488.0,9379.584,14210.069760000002,25.324876800000006,0.6565708800000001,0.368,fallback_frp_1h_assumption,FRP_to_FRE_to_dry_matter_then_IPCC_2019_factors
9a54b149-a7e7-5273-a61f-969336df577d,f7de06f6-87c0-5448-8885-341e4ab325c7,wildfire,shrubland,savanna_grassland,2,4547.099999999999,1673.3327999999997,2699.0858063999995,3.8486654399999987,0.35139988799999994,0.368,trapezoidal_observation_integration,FRP_to_FRE_to_dry_matter_then_IPCC_2019_factors
a5109742-86f4-541a-8dc4-21746ff721fc,d5277da7-3bd2-52fa-805f-50812c176a8a,wildfire,cropland,extra_tropical_forest,2,10253.400000000001,3773.2512000000006,5920.2311328000005,17.734280640000005,0.9810453120000002,0.368,trapezoidal_observation_integration,FRP_to_FRE_to_dry_matter_then_IPCC_2019_factors
f1028a32-56a3-5dfc-be75-eab3eea90d0b,a117b125-f2d3-5d3a-833b-9dc3436980e8,wildfire,tree_cover,tropical_forest,2,1152.3,424.04639999999995,669.993312,2.8835155199999996,0.08480928,0.368,trapezoidal_observation_integration,FRP_to_FRE_to_dry_matter_then_IPCC_2019_factors
e46bb347-89da-5996-ad29-787106c22043,0dd716f7-b6ba-530e-b7ad-d756a0684ab5,agricultural_burn,cropland,agricultural_residue,3,3760.5,1383.864,2096.55396,3.7364328000000007,0.09687048000000001,0.368,trapezoidal_observation_integration,FRP_to_FRE_to_dry_matter_then_IPCC_2019_factors
96ca9b76-8a16-5db2-a5c6-d5a6e3d1ace6,4e50c7fa-3311-554a-843d-2020b6e66c24,agricultural_burn,cropland,agricultural_residue,4,9036.0,3325.248,5037.75072,8.978169600000001,0.23276736000000003,0.368,fallback_frp_1h_assumption,FRP_to_FRE_to_dry_matter_then_IPCC_2019_factors
94c955b7-9bd6-5c70-85a6-15e62679a5a6,26647dd1-8c54-5bb0-a09e-8acd6b896fbe,wildfire,cropland,extra_tropical_forest,3,20466.6,7531.708799999999,11817.251107199998,35.39903136,1.958244288,0.368,trapezoidal_observation_integration,FRP_to_FRE_to_dry_matter_then_IPCC_2019_factors
5f9728eb-3116-54f7-bad3-dad0271e5b9d,0ce8e3c1-ca46-5116-92cb-8cc0788649e5,agricultural_burn,cropland,agricultural_residue,2,2808.3,1033.4544,1565.6834160000003,2.7903268800000007,0.07234180800000002,0.368,trapezoidal_observation_integration,FRP_to_FRE_to_dry_matter_then_IPCC_2019_factors
73e82050-182e-53db-9c2f-24c504b4ed75,e47d2c30-448a-587e-abec-32ea5225724e,wildfire,cropland,extra_tropical_forest,1,27720.0,10200.96,16005.306239999998,47.944511999999996,2.6522495999999998,0.368,singleton_frp_1h_assumption,FRP_to_FRE_to_dry_matter_then_IPCC_2019_factors
f31eef58-b724-5b86-ab1c-f2976608acbf,818cf114-48e1-5567-873b-c2318749626d,agricultural_burn,cropland,agricultural_residue,2,7576.200000000001,2788.0416,4223.883024000001,7.527712320000001,0.195162912,0.368,trapezoidal_observation_integration,FRP_to_FRE_to_dry_matter_then_IPCC_2019_factors
a2aa0eaa-6fc3-5f44-9d10-5491db643eb2,e87af850-2249-5b24-bb9d-7707d2e97f04,agricultural_burn,cropland,agricultural_residue,4,68554.5,25228.056,38220.50484,68.1157512,1.7659639200000001,0.368,trapezoidal_observation_integration,FRP_to_FRE_to_dry_matter_then_IPCC_2019_factors
5c118b7e-621a-5959-94b3-9c138734923a,40504d49-243f-5904-ad09-6d9dd99dff97,wildfire,grassland,savanna_grassland,2,25236.0,9286.848,14979.685823999998,21.359750399999996,1.9502380799999999,0.368,fallback_frp_1h_assumption,FRP_to_FRE_to_dry_matter_then_IPCC_2019_factors
62222b08-6f6d-5f6f-9fdb-ed7112dc4758,5318045b-768e-5e4d-aa4e-b25afa872a5c,agricultural_burn,cropland,agricultural_residue,4,244562.7,89999.0736,136348.59650400002,242.99749872000004,6.299935152000001,0.368,trapezoidal_observation_integration,FRP_to_FRE_to_dry_matter_then_IPCC_2019_factors
73a5a7c9-a9b3-586e-8b7f-0b6a8a05d7fc,b2a08a64-2f3f-5ef2-8549-835391dd5a36,agricultural_burn,cropland,agricultural_residue,5,32507.999999999996,11962.943999999998,18123.860159999997,32.299948799999996,0.8374060799999999,0.368,fallback_frp_1h_assumption,FRP_to_FRE_to_dry_matter_then_IPCC_2019_factors
2898d345-932d-5e7b-9057-231081e966e9,f151ea3d-c352-566b-b70a-d8c7b113bd62,agricultural_burn,cropland,agricultural_residue,2,9216.0,3391.488,5138.1043199999995,9.157017600000001,0.23740416000000003,0.368,fallback_frp_1h_assumption,FRP_to_FRE_to_dry_matter_then_IPCC_2019_factors
61cd8777-b124-5b88-98ba-7a1d20879cbf,fc514d22-6ad8-5442-b148-436b46cb83d8,agricultural_burn,cropland,agricultural_residue,1,37116.0,13658.688,20692.91232,36.878457600000004,0.9561081600000001,0.368,singleton_frp_1h_assumption,FRP_to_FRE_to_dry_matter_then_IPCC_2019_factors
dfc016e8-5dc9-545f-bf93-a58f41bad849,cc3d3d85-46f4-5bc4-b3d2-95f9621e0181,wildfire,grassland,savanna_grassland,2,6230.7,2292.8976,3698.4438287999997,5.27366448,0.4815084959999999,0.368,trapezoidal_observation_integration,FRP_to_FRE_to_dry_matter_then_IPCC_2019_factors
6d339f62-d564-5b66-b34a-dcfbeb2fa22b,0a472cff-9c60-5a62-b864-8a9dd29dd0bf,agricultural_burn,cropland,agricultural_residue,4,54727.20000000001,20139.609600000003,30511.508544000004,54.37694592000001,1.4097726720000003,0.368,trapezoidal_observation_integration,FRP_to_FRE_to_dry_matter_then_IPCC_2019_factors
4d997c85-04da-5a7d-8b15-1382b5634c30,57853340-fc52-57e9-9a36-b9c18840dbf8,agricultural_burn,cropland,agricultural_residue,2,420.9,154.8912,234.660168,0.41820624000000006,0.010842384,0.368,trapezoidal_observation_integration,FRP_to_FRE_to_dry_matter_then_IPCC_2019_factors
f01aadf2-39ef-509d-9dee-458f18231718,939c8c65-2d62-58e4-b606-55169a6f70a7,agricultural_burn,cropland,agricultural_residue,2,793.4999999999999,292.008,442.39212,0.7884216000000001,0.02044056,0.368,trapezoidal_observation_integration,FRP_to_FRE_to_dry_matter_then_IPCC_2019_factors
4201e92a-70ec-5970-87df-01ca134ef827,390ff0c4-1824-52c8-874e-d7c6a4f3863a,agricultural_burn,cropland,agricultural_residue,2,717.6,264.0768,400.076352,0.7130073600000001,0.018485376,0.368,trapezoidal_observation_integration,FRP_to_FRE_to_dry_matter_then_IPCC_2019_factors
095f9b56-b2ee-5b31-8686-34ef3ceedee9,2e681c0b-e078-5f5b-acf3-ac0bdfea72a6,agricultural_burn,cropland,agricultural_residue,4,10476.0,3855.168,5840.57952,10.4089536,0.26986176000000006,0.368,fallback_frp_1h_assumption,FRP_to_FRE_to_dry_matter_then_IPCC_2019_factors
3c105dce-460c-5a91-b374-8944253a342a,a1b23eb4-808b-5ed6-9ebf-dbf60eda19ff,wildfire,grassland,savanna_grassland,2,3746.7,1378.7856,2223.9811728,3.1712068799999997,0.28954497599999995,0.368,trapezoidal_observation_integration,FRP_to_FRE_to_dry_matter_then_IPCC_2019_factors
0c4fba93-91d2-50a1-97c5-ad86a3acb9a1,2390eabe-54f6-57b2-9ea1-6175ccf28d67,agricultural_burn,cropland,agricultural_residue,4,9342.599999999999,3438.0767999999994,5208.686351999999,9.28280736,0.240665376,0.368,trapezoidal_observation_integration,FRP_to_FRE_to_dry_matter_then_IPCC_2019_factors
af81e84a-cdae-587f-bc89-c63081f2a6f6,feb73eac-1065-5190-9953-e1f0384e08a0,wildfire,tree_cover,tropical_forest,2,10188.0,3749.1839999999997,5923.71072,25.494451199999997,0.7498368000000001,0.368,fallback_frp_1h_assumption,FRP_to_FRE_to_dry_matter_then_IPCC_2019_factors
1d54319e-b14e-5a7b-8a2c-e4b15caed1cd,4e092b89-cf46-5b8e-aa05-e8fc56bb2108,agricultural_burn,cropland,agricultural_residue,2,21384.0,7869.312,11922.007679999999,21.2471424,0.5508518400000001,0.368,fallback_frp_1h_assumption,FRP_to_FRE_to_dry_matter_then_IPCC_2019_factors
31dfad8c-e906-5b17-90fc-bc4518e726a7,01eb77df-a646-535e-ab08-d4de71e9d264,agricultural_burn,cropland,agricultural_residue,1,91260.0,33583.68,50879.275200000004,90.67593600000001,2.3508576000000003,0.368,singleton_frp_1h_assumption,FRP_to_FRE_to_dry_matter_then_IPCC_2019_factors
9613750c-6350-5793-aea3-c265b0ca80bb,5dfb1e48-dcf1-5ff5-88d7-80b035093ed7,agricultural_burn,cropland,agricultural_residue,2,5306.1,1952.6448,2958.256872,5.272140960000001,0.13668513600000004,0.368,trapezoidal_observation_integration,FRP_to_FRE_to_dry_matter_then_IPCC_2019_factors
84c86fdc-c694-5dcc-bc75-54d885653cac,b5a873fb-bd54-5751-84c6-0ecab030fcd1,agricultural_burn,cropland,agricultural_residue,2,10332.0,3802.176,5760.29664,10.2658752,0.26615232000000005,0.368,fallback_frp_1h_assumption,FRP_to_FRE_to_dry_matter_then_IPCC_2019_factors
429af5f3-f74a-5fb9-bf26-f7328c9ac0e8,10764cf7-9c69-59fe-b816-0f0cf251c916,agricultural_burn,cropland,agricultural_residue,2,6444.0,2371.392,3592.65888,6.4027584,0.16599744000000002,0.368,fallback_frp_1h_assumption,FRP_to_FRE_to_dry_matter_then_IPCC_2019_factors
d3cb5bbb-025e-56bb-82ba-304399485dcc,8ab755d1-72c2-5e92-9041-3778ef211a26,agricultural_burn,cropland,agricultural_residue,3,6934.500000000001,2551.896,3866.1224400000006,6.890119200000001,0.17863272000000002,0.368,trapezoidal_observation_integration,FRP_to_FRE_to_dry_matter_then_IPCC_2019_factors
f9516469-c7d3-5a08-aeeb-f8d22d724126,b5233971-2c5e-55b0-91f0-8b4fe4671504,wildfire,tree_cover,tropical_forest,4,625011.2999999999,230004.15839999996,363406.570272,1564.0282771199998,46.00083168,0.368,trapezoidal_observation_integration,FRP_to_FRE_to_dry_matter_then_IPCC_2019_factors
c8722a0e-84be-53ef-b938-a646f3c42cad,f3093fd1-483b-5b78-87c1-780711f3f9c0,agricultural_burn,cropland,agricultural_residue,2,6292.800000000001,2315.7504000000004,3508.3618560000004,6.252526080000002,0.16210252800000002,0.368,trapezoidal_observation_integration,FRP_to_FRE_to_dry_matter_then_IPCC_2019_factors
96c2ed15-518e-5fca-a228-2c305ba930c9,ae5340e7-5511-5c0f-98bd-5ef5a26b1ba5,agricultural_burn,cropland,agricultural_residue,4,187018.8,68822.9184,104266.72137599999,185.82187968000002,4.817604288,0.368,trapezoidal_observation_integration,FRP_to_FRE_to_dry_matter_then_IPCC_2019_factors
4ab6d41e-6021-5156-bb9b-0fada57ceff9,882dd2c7-333b-5656-8e3f-bfbd0f3d1827,wildfire,tree_cover,tropical_forest,1,19224.0,7074.432,11177.602560000001,48.1061376,1.4148864,0.368,singleton_frp_1h_assumption,FRP_to_FRE_to_dry_matter_then_IPCC_2019_factors
96b42cfd-97f1-59d5-b1f0-1fac92366c97,b8e37358-065a-5c4c-ab4b-cec3c1f61bf0,agricultural_burn,cropland,agricultural_residue,3,35316.6,12996.5088,19689.710831999997,35.09057376,0.909755616,0.368,trapezoidal_observation_integration,FRP_to_FRE_to_dry_matter_then_IPCC_2019_factors
cbab384a-7cb5-5cbf-bab9-e35c791cb2d9,834b6795-4ef6-5552-9bf5-e2eba1cc1bb9,agricultural_burn,cropland,agricultural_residue,2,6192.0,2278.656,3452.1638399999997,6.1523712,0.15950592,0.368,fallback_frp_1h_assumption,FRP_to_FRE_to_dry_matter_then_IPCC_2019_factors
13c59e29-0348-5eed-9b92-fb1adbe44b64,679f385a-6969-54ce-a87a-75430cecc349,agricultural_burn,cropland,agricultural_residue,2,23580.0,8677.44,13146.321600000001,23.429088000000004,0.6074208000000001,0.368,fallback_frp_1h_assumption,FRP_to_FRE_to_dry_matter_then_IPCC_2019_factors
0e574e0a-1548-5fe8-9e03-3cbc95611101,c1d52a8a-d7c5-59bc-b2b8-69a9f6934203,agricultural_burn,cropland,agricultural_residue,1,61344.0,22574.592,34200.50688,60.9513984,1.5802214400000003,0.368,singleton_frp_1h_assumption,FRP_to_FRE_to_dry_matter_then_IPCC_2019_factors
b56645c7-4018-54ba-989f-067d3c272368,f8e14d13-7e45-51a2-9d1a-5b451d95fbcc,agricultural_burn,cropland,agricultural_residue,6,290277.6,106822.15679999998,161835.567552,288.41982335999995,7.477550976,0.368,trapezoidal_observation_integration,FRP_to_FRE_to_dry_matter_then_IPCC_2019_factors
a97a8427-2945-5873-8be0-48cca884e79c,3ec67e5b-1cb7-582f-bc26-3a7763eee2b4,agricultural_burn,cropland,agricultural_residue,2,6949.799999999999,2557.5263999999997,3874.6524959999997,6.90532128,0.179026848,0.368,trapezoidal_observation_integration,FRP_to_FRE_to_dry_matter_then_IPCC_2019_factors
752a5e49-72e1-5d53-bbc7-0117ab82bf99,af392c90-fbc4-5683-b364-5fe10490e4d3,agricultural_burn,cropland,agricultural_residue,3,1586.9999999999998,584.016,884.78424,1.5768432000000001,0.04088112,0.368,trapezoidal_observation_integration,FRP_to_FRE_to_dry_matter_then_IPCC_2019_factors
363b79ff-ae6c-5ac0-a387-83c37b55d38c,b17654f0-9c6e-597b-9ea4-fa760998ddd5,agricultural_burn,cropland,agricultural_residue,2,14572.800000000001,5362.7904,8124.627456,14.47953408,0.37539532800000003,0.368,trapezoidal_observation_integration,FRP_to_FRE_to_dry_matter_then_IPCC_2019_factors
0b3b2415-5139-5ee4-b623-322ca22b4f77,acf6ef91-3345-5af0-83b7-99f2254cf3da,agricultural_burn,cropland,agricultural_residue,3,10708.8,3940.8383999999996,5970.370175999999,10.64026368,0.275858688,0.368,trapezoidal_observation_integration,FRP_to_FRE_to_dry_matter_then_IPCC_2019_factors
dd98955a-07db-524f-807b-6a8e1f553574,9d7b7344-7c77-5c2c-ba59-4463a516808a,agricultural_burn,cropland,agricultural_residue,2,4402.2,1620.0095999999999,2454.314544,4.37402592,0.113400672,0.368,trapezoidal_observation_integration,FRP_to_FRE_to_dry_matter_then_IPCC_2019_factors
8773e7c0-9503-5ae0-ac24-202e96554e1d,2632fbb5-1222-591f-9a19-4167ada8f47d,agricultural_burn,cropland,agricultural_residue,2,1537.8,565.9104,857.354256,1.52795808,0.039613728,0.368,trapezoidal_observation_integration,FRP_to_FRE_to_dry_matter_then_IPCC_2019_factors
6661c492-62c7-53d0-88b7-352131d3bd83,cdb2ca37-2b40-5425-acbc-0ab72b8866e5,wildfire,tree_cover,tropical_forest,2,2412.0,887.616,1402.43328,6.0357888,0.1775232,0.368,fallback_frp_1h_assumption,FRP_to_FRE_to_dry_matter_then_IPCC_2019_factors
cfd4ab8f-3321-5909-8ef4-73dc25ba7d5e,1b101772-9d52-5301-a07f-c10f2600702f,agricultural_burn,cropland,agricultural_residue,2,13644.0,5020.992,7606.80288,13.556678400000001,0.35146944,0.368,fallback_frp_1h_assumption,FRP_to_FRE_to_dry_matter_then_IPCC_2019_factors
e809adf8-3759-544e-9f66-5055f5af6528,e7dfd564-1aa9-5e1a-b858-4807e10df2d3,agricultural_burn,cropland,agricultural_residue,2,14796.000000000002,5444.928000000001,8249.065920000001,14.701305600000003,0.3811449600000001,0.368,fallback_frp_1h_assumption,FRP_to_FRE_to_dry_matter_then_IPCC_2019_factors
6b974bcf-c1e1-5359-910d-fc25f4baa15c,8742071e-07b4-5cd4-a160-35fed8be665a,agricultural_burn,cropland,agricultural_residue,2,288.29999999999995,106.09439999999998,160.73301599999996,0.28645487999999997,0.007426607999999999,0.368,trapezoidal_observation_integration,FRP_to_FRE_to_dry_matter_then_IPCC_2019_factors
645ec513-3b5c-53de-963a-cec903b47526,3a8840fe-a7b1-592c-adee-13916e0d8e21,agricultural_burn,cropland,agricultural_residue,6,10881.3,4004.3183999999997,6066.542375999999,10.81165968,0.28030228799999996,0.368,trapezoidal_observation_integration,FRP_to_FRE_to_dry_matter_then_IPCC_2019_factors
4b3a9a26-a462-52cd-b844-38b5bd9a8aa8,d4e9d1ba-d51a-5846-ad0e-d2d5035dca95,agricultural_burn,cropland,agricultural_residue,3,2105.4,774.7872,1173.802608,2.09192544,0.054235104000000006,0.368,trapezoidal_observation_integration,FRP_to_FRE_to_dry_matter_then_IPCC_2019_factors
a22e6b5a-35db-549c-a9c5-42c8aefd6d19,5f99c4ed-8530-5a28-9609-0611858563b1,wildfire,grassland,savanna_grassland,2,9473.7,3486.3216,5623.436740800001,8.01853968,0.7321275359999999,0.368,trapezoidal_observation_integration,FRP_to_FRE_to_dry_matter_then_IPCC_2019_factors
20cb1e1d-7486-59fb-848f-075f7c2a2378,07257975-7c26-514d-9c0a-811e044bb12d,agricultural_burn,cropland,agricultural_residue,7,314186.1,115620.48479999999,175165.03447199997,312.17530896,8.093433936,0.368,trapezoidal_observation_integration,FRP_to_FRE_to_dry_matter_then_IPCC_2019_factors
461db7a4-bc7d-54aa-b7a2-0ce1c714d668,7576afc0-048b-5af3-947b-a4487b2414d0,wildfire,tree_cover,tropical_forest,3,120642.90000000001,44396.5872,70146.607776,301.89679295999997,8.879317440000001,0.368,trapezoidal_observation_integration,FRP_to_FRE_to_dry_matter_then_IPCC_2019_factors
03f8244d-0c67-5bd9-abd2-5a43916338c2,230654d7-2103-5cbd-b46a-ed568d095482,agricultural_burn,cropland,agricultural_residue,5,160532.7,59076.0336,89500.190904,159.50529072,4.135322352,0.368,trapezoidal_observation_integration,FRP_to_FRE_to_dry_matter_then_IPCC_2019_factors
aae92333-c9cd-5147-b512-9cd6178d62fc,3cec2ffd-26ea-5c84-8791-9b43865d7e52,wildfire,grassland,savanna_grassland,1,34704.0,12771.072,20599.739136,29.3734656,2.68192512,0.368,singleton_frp_1h_assumption,FRP_to_FRE_to_dry_matter_then_IPCC_2019_factors
949a40e2-267a-5cbd-aa49-9ceac96777db,ad190d42-caa3-5988-9879-5987b73d64c3,agricultural_burn,cropland,agricultural_residue,2,7488.0,2755.584,4174.70976,7.4400768,0.19289088000000001,0.368,fallback_frp_1h_assumption,FRP_to_FRE_to_dry_matter_then_IPCC_2019_factors
fa4336e9-c441-54b6-b4c2-0be45f0ba60b,d54c8743-aa7a-5383-abda-f6731a49f0b3,agricultural_burn,cropland,agricultural_residue,1,37440.0,13777.92,20873.5488,37.20038400000001,0.9644544,0.368,singleton_frp_1h_assumption,FRP_to_FRE_to_dry_matter_then_IPCC_2019_factors
d7a32ade-2038-5950-8a80-66f7c4e6e43f,5deb1c69-0f1e-5e1a-ae8c-ce66e27a6578,agricultural_burn,cropland,agricultural_residue,5,120126.6,44206.588800000005,66972.982032,119.35778976000002,3.0944612160000005,0.368,trapezoidal_observation_integration,FRP_to_FRE_to_dry_matter_then_IPCC_2019_factors
ea7576f7-eee0-5e11-872d-d54d4b8632ca,06bb3ae7-00f0-5f11-8fb7-a45bda266ba8,agricultural_burn,cropland,agricultural_residue,2,7741.8,2848.9824,4316.208336,7.6922524800000005,0.199428768,0.368,trapezoidal_observation_integration,FRP_to_FRE_to_dry_matter_then_IPCC_2019_factors
561e5d46-9f43-5e65-8cac-8533ed62f05b,4dd6fb21-538b-5e83-8544-1915c56523d0,wildfire,grassland,savanna_grassland,1,40248.0,14811.264,23890.568831999997,34.06590719999999,3.1103654399999994,0.368,singleton_frp_1h_assumption,FRP_to_FRE_to_dry_matter_then_IPCC_2019_factors
2c56bd2c-d6f6-51c3-aa7d-8b27fc54e394,b382d625-feed-5c7e-bced-e34da24c7860,wildfire,tree_cover,tropical_forest,1,23724.0,8730.432,13794.08256,59.36693760000001,1.7460864,0.368,singleton_frp_1h_assumption,FRP_to_FRE_to_dry_matter_then_IPCC_2019_factors
3eefce56-77c5-5a06-bedd-17e67fdd2db8,3752a242-fe86-5ab4-8421-496ad48c9053,wildfire,cropland,extra_tropical_forest,2,9288.0,3417.984,5362.816895999999,16.0645248,0.88867584,0.368,fallback_frp_1h_assumption,FRP_to_FRE_to_dry_matter_then_IPCC_2019_factors
fdc5ba55-881a-5ad8-8707-ea82fd96bf8b,188c738f-3185-5b82-9c31-a4867fdc34b8,agricultural_burn,cropland,agricultural_residue,2,25646.4,9437.8752,14298.380928,25.482263040000003,0.6606512640000001,0.368,trapezoidal_observation_integration,FRP_to_FRE_to_dry_matter_then_IPCC_2019_factors
ed4ad0c7-1295-51d8-8183-dd440d09d194,cb80e4d9-213e-58d7-bda9-6614b4a580fd,agricultural_burn,cropland,agricultural_residue,3,125263.8,46097.0784,69837.07377599999,124.46211168,3.226795488,0.368,trapezoidal_observation_integration,FRP_to_FRE_to_dry_matter_then_IPCC_2019_factors
04ff03e0-9df6-5e11-9354-e9809454ed50,c2afaa63-a311-5f57-a54c-c964c063ff60,wildfire,grassland,savanna_grassland,4,53748.0,19779.264,31903.952832,45.4923072,4.153645439999999,0.368,fallback_frp_1h_assumption,FRP_to_FRE_to_dry_matter_then_IPCC_2019_factors
5db73d46-6cce-5dec-835f-91f97c68deaf,b5a93577-9853-557a-b618-ebaa5f04b790,agricultural_burn,cropland,agricultural_residue,4,5630.4,2071.9872,3139.0606080000002,5.594365440000001,0.145039104,0.368,trapezoidal_observation_integration,FRP_to_FRE_to_dry_matter_then_IPCC_2019_factors
e71847e8-1605-5119-8137-2d346f599e34,1196afb5-e6ab-5573-a4f5-43d76c992e61,wildfire,grassland,savanna_grassland,4,4395.3,1617.4704,2608.9797552,3.7201819199999995,0.33966878399999995,0.368,trapezoidal_observation_integration,FRP_to_FRE_to_dry_matter_then_IPCC_2019_factors
4c6abeca-c4d1-58eb-8989-7ec39f89650e,8d2e3deb-a6be-56cc-a57c-35cbf485ff6a,wildfire,grassland,savanna_grassland,1,40896.0,15049.728,24275.211263999998,34.614374399999996,3.1604428799999997,0.368,singleton_frp_1h_assumption,FRP_to_FRE_to_dry_matter_then_IPCC_2019_factors
eadbd0bd-6d21-506b-8963-50938d1b150b,bacc9230-e5b0-514e-8511-dd25f06a2f2d,agricultural_burn,cropland,agricultural_residue,3,8155.8,3001.3344,4547.021616,8.10360288,0.21009340800000004,0.368,trapezoidal_observation_integration,FRP_to_FRE_to_dry_matter_then_IPCC_2019_factors
b20f35eb-ae7e-5071-bfc4-51476726ecee,40d112bc-c994-5b70-8099-00aadec8f743,wildfire,grassland,savanna_grassland,1,27828.0,10240.704,16518.255552,23.553619199999996,2.1505478399999998,0.368,singleton_frp_1h_assumption,FRP_to_FRE_to_dry_matter_then_IPCC_2019_factors
fe0ced27-c342-52cb-9af5-9703b5f19d79,d8f97748-8152-563e-a5e8-26c8f197880d,agricultural_burn,cropland,agricultural_residue,3,5161.200000000001,1899.3216000000002,2877.4722240000006,5.12816832,0.13295251200000005,0.368,trapezoidal_observation_integration,FRP_to_FRE_to_dry_matter_then_IPCC_2019_factors
a191a409-4611-5f9a-bfa4-221dcb367977,dec8323b-1778-5e64-888f-247217f81f4e,agricultural_burn,cropland,agricultural_residue,2,59214.0,21790.752,33012.98928,58.8350304,1.5253526400000001,0.368,trapezoidal_observation_integration,FRP_to_FRE_to_dry_matter_then_IPCC_2019_factors
128c375f-18a1-5e63-a160-fac638e5f31f,7211709a-ce37-5229-bfc5-6fadd4e5b8ad,wildfire,cropland,extra_tropical_forest,5,43322.4,15942.6432,25014.007180800003,74.93042304000001,4.145087232,0.368,trapezoidal_observation_integration,FRP_to_FRE_to_dry_matter_then_IPCC_2019_factors
8a3de340-2874-56ee-98a4-e58a381420a1,031cbe57-1e3e-53c5-ab9c-ad358f940385,wildfire,grassland,savanna_grassland,1,20088.0,7392.384,11923.915392,17.0024832,1.5524006399999999,0.368,singleton_frp_1h_assumption,FRP_to_FRE_to_dry_matter_then_IPCC_2019_factors
87e337ed-be73-5adc-bba6-769485ef213a,29526859-27a4-5d04-98ec-7cdfc0c3da69,agricultural_burn,cropland,agricultural_residue,2,10225.800000000001,3763.0944000000004,5701.088016000001,10.160354880000003,0.26341660800000005,0.368,trapezoidal_observation_integration,FRP_to_FRE_to_dry_matter_then_IPCC_2019_factors
af35e8b7-b946-50bb-8709-81ec0c26cb83,4db74c10-b188-5e27-82fb-b2658414dae4,agricultural_burn,cropland,agricultural_residue,2,9072.0,3338.496,5057.821440000001,9.013939200000001,0.23369472000000002,0.368,fallback_frp_1h_assumption,FRP_to_FRE_to_dry_matter_then_IPCC_2019_factors
4855b6c9-76d0-5cb7-970e-137c0f8c7e7c,17ea4f98-c5bf-5adf-a00e-51f9e70baa8e,agricultural_burn,cropland,agricultural_residue,1,49500.0,18216.0,27597.24,49.18320000000001,1.27512,0.368,singleton_frp_1h_assumption,FRP_to_FRE_to_dry_matter_then_IPCC_2019_factors
f5cbdd11-8a68-5ef8-9a6d-09a3fadcd89c,ac0943f9-cb12-5609-a7c5-eae83782bbbe,agricultural_burn,cropland,agricultural_residue,1,47052.0,17315.136,26232.43104,46.7508672,1.21205952,0.368,singleton_frp_1h_assumption,FRP_to_FRE_to_dry_matter_then_IPCC_2019_factors
07ffea6b-3b5c-5877-b9f6-a979d7e34891,e21f7a57-4859-5188-b8f4-718bb7ea09b6,agricultural_burn,cropland,agricultural_residue,4,30816.0,11340.288,17180.53632,30.618777600000005,0.7938201600000001,0.368,fallback_frp_1h_assumption,FRP_to_FRE_to_dry_matter_then_IPCC_2019_factors
6449ccb9-5d66-5af3-ab04-6eed8f7e77a9,f0d2fbdc-3220-5b7d-b6fb-9b3040ff1430,agricultural_burn,cropland,agricultural_residue,2,1861.2000000000003,684.9216000000001,1037.656224,1.8492883200000005,0.04794451200000001,0.368,trapezoidal_observation_integration,FRP_to_FRE_to_dry_matter_then_IPCC_2019_factors
a731b5b1-f353-5cb7-a704-1942c442903d,b54e9987-5239-55f9-a653-6881531e7738,wildfire,tree_cover,tropical_forest,2,13457.4,4952.3232,7824.670655999999,33.67579776,0.99046464,0.368,trapezoidal_observation_integration,FRP_to_FRE_to_dry_matter_then_IPCC_2019_factors
e82097ec-9e8c-561b-9b2b-907f7714245b,29b5c35c-7b31-5586-879d-84e98ce55f5d,agricultural_burn,cropland,agricultural_residue,2,114480.0,42128.64,63824.8896,113.74732800000001,2.9490048,0.368,fallback_frp_1h_assumption,FRP_to_FRE_to_dry_matter_then_IPCC_2019_factors
e5044783-48f8-59c0-9009-bf5e7a8399e9,6b75a2b5-f3f1-51ce-bb10-1444c24eb490,wildfire,tree_cover,tropical_forest,2,1346.4,495.47520000000003,782.850816,3.36923136,0.09909504000000001,0.368,trapezoidal_observation_integration,FRP_to_FRE_to_dry_matter_then_IPCC_2019_factors
2f060040-6794-5d4f-9ff1-bf69e4a11def,cd912818-7fb1-542c-93e3-e0d710042726,agricultural_burn,cropland,agricultural_residue,2,14508.0,5338.9439999999995,8088.50016,14.415148799999999,0.37372608,0.368,fallback_frp_1h_assumption,FRP_to_FRE_to_dry_matter_then_IPCC_2019_factors
a5dd0331-6aee-5fbe-984e-5e9677c1712d,d5731360-a27f-57d3-a251-1dc5e711cdc5,wildfire,tree_cover,tropical_forest,8,1067028.3,392666.4144,620412.934752,2670.1316179200003,78.53328288,0.368,trapezoidal_observation_integration,FRP_to_FRE_to_dry_matter_then_IPCC_2019_factors
8a3bc5a0-f026-519b-a047-fa379b156ca3,df814c32-9a3f-5a07-941e-b81602f64146,agricultural_burn,cropland,agricultural_residue,5,367781.39999999997,135343.55519999997,205045.48612799996,365.42759903999996,9.474048863999998,0.368,trapezoidal_observation_integration,FRP_to_FRE_to_dry_matter_then_IPCC_2019_factors
feb4e7ad-5c8f-59d4-9161-3ca5509da1ee,5fb0ccac-19ff-5dcc-ae32-c5543794ef16,agricultural_burn,cropland,agricultural_residue,2,26964.0,9922.752,15032.969280000001,26.7914304,0.6945926400000001,0.368,fallback_frp_1h_assumption,FRP_to_FRE_to_dry_matter_then_IPCC_2019_factors
652402a9-ee1d-5f4b-b4f2-f1947320ae6e,12c29d37-e63b-53ed-b8b3-92401888a7a1,agricultural_burn,cropland,agricultural_residue,3,23587.2,8680.0896,13150.335743999998,23.43624192,0.607606272,0.368,trapezoidal_observation_integration,FRP_to_FRE_to_dry_matter_then_IPCC_2019_factors
3ca789b5-99d8-5a70-8245-1fed6a9ed317,b455a496-b69e-5f88-8e8c-c7d8e0d0d57c,agricultural_burn,cropland,agricultural_residue,2,11232.0,4133.376,6262.0646400000005,11.160115200000002,0.28933632000000004,0.368,fallback_frp_1h_assumption,FRP_to_FRE_to_dry_matter_then_IPCC_2019_factors
6464ff69-1b89-5fbd-adaa-189b511329bd,01332fb2-9a6e-569f-a3f2-b4d79b3ec291,agricultural_burn,cropland,agricultural_residue,2,14882.400000000001,5476.7232,8297.235648000002,14.787152640000002,0.3833706240000001,0.368,trapezoidal_observation_integration,FRP_to_FRE_to_dry_matter_then_IPCC_2019_factors
5c45d4d6-326c-50bf-91b4-74d831ed3bc4,572c8f98-2c00-5ba4-b032-22cd77488089,wildfire,tree_cover,tropical_forest,1,44424.0,16348.032,25829.89056,111.1666176,3.2696064000000002,0.368,singleton_frp_1h_assumption,FRP_to_FRE_to_dry_matter_then_IPCC_2019_factors
745ebf72-64e3-586d-9122-c2d36d922da6,e5461349-33d5-54d0-877d-2d3815a6dae1,wildfire,grassland,savanna_grassland,1,66564.0,24495.552,39511.325376,56.33976959999999,5.14406592,0.368,singleton_frp_1h_assumption,FRP_to_FRE_to_dry_matter_then_IPCC_2019_factors
168bbf1b-5f38-5c5b-ab74-55afb9889304,48c22d0c-373a-5ebd-bb27-7cb83277b497,wildfire,cropland,extra_tropical_forest,3,13620.600000000002,5012.380800000001,7864.4254752000015,23.558189760000005,1.3032190080000003,0.368,trapezoidal_observation_integration,FRP_to_FRE_to_dry_matter_then_IPCC_2019_factors
b7652849-9db2-5232-bf41-ac3bcb726299,8d289f10-3d0d-5bf1-9d5c-76da79d7badb,agricultural_burn,cropland,agricultural_residue,4,2065.7999999999997,760.2143999999998,1151.724816,2.0525788799999996,0.053215007999999994,0.368,trapezoidal_observation_integration,FRP_to_FRE_to_dry_matter_then_IPCC_2019_factors
9d4a2a81-afbd-572e-94a2-34e56943d90a,c45655b5-a89c-50c5-8bae-8a0c9e7c84f3,agricultural_burn,cropland,agricultural_residue,3,1920.6000000000001,706.7808,1070.772912,1.90830816,0.049474656000000006,0.368,trapezoidal_observation_integration,FRP_to_FRE_to_dry_matter_then_IPCC_2019_factors
d9a21012-7c75-5459-82e5-9cf81b695098,2bbe8dd6-4e1b-500b-a3f2-8a5cfebeef19,agricultural_burn,cropland,agricultural_residue,2,9648.0,3550.464,5378.95296,9.5862528,0.24853248000000003,0.368,fallback_frp_1h_assumption,FRP_to_FRE_to_dry_matter_then_IPCC_2019_factors
b362920e-51df-51ad-8cf5-51203a8c2ea1,56171720-59e1-50c9-92ed-d8dfe9abe48f,wildfire,tree_cover,tropical_forest,2,431841.89999999997,158917.8192,251090.154336,1080.64117056,31.783563840000003,0.368,trapezoidal_observation_integration,FRP_to_FRE_to_dry_matter_then_IPCC_2019_factors
4c0e7946-04a6-563d-ac78-f533d40d9f5f,ac745ece-c5b2-518d-b3c9-0d59bbf0408b,agricultural_burn,cropland,agricultural_residue,1,48024.0,17672.832,26774.340479999995,47.716646399999995,1.2370982400000001,0.368,singleton_frp_1h_assumption,FRP_to_FRE_to_dry_matter_then_IPCC_2019_factors
d411b092-9dff-5668-a55c-094c7e6a5cfb,97d62893-a929-5f84-ad6b-2fec66e4b3c8,agricultural_burn,cropland,agricultural_residue,8,328050.9,120722.73120000001,182894.937768,325.95137424,8.450591184,0.368,trapezoidal_observation_integration,FRP_to_FRE_to_dry_matter_then_IPCC_2019_factors
5d3e8777-d4f9-53ef-8e32-7b724a60e96e,b804500b-2372-57b7-9509-9a30d650008d,agricultural_burn,cropland,agricultural_residue,2,11988.0,4411.584,6683.54976,11.9112768,0.30881088,0.368,fallback_frp_1h_assumption,FRP_to_FRE_to_dry_matter_then_IPCC_2019_factors
2a9c2a70-1ae2-57e6-8ae6-82f29f7a05bd,35033cb3-04ce-5efb-b7e0-23367ad446b9,wildfire,tree_cover,tropical_forest,2,2343.0,862.2239999999999,1362.3139199999998,5.863123199999999,0.17244479999999998,0.368,trapezoidal_observation_integration,FRP_to_FRE_to_dry_matter_then_IPCC_2019_factors
6a7bc4b2-af35-5edc-931f-9afbb558ec32,5dff518e-0328-5491-a38d-ea73d54e73f8,agricultural_burn,cropland,agricultural_residue,2,24796.2,9125.0016,13824.377423999998,24.63750432,0.6387501120000001,0.368,trapezoidal_observation_integration,FRP_to_FRE_to_dry_matter_then_IPCC_2019_factors
4e9587f5-d5db-563e-8505-87ec82ff1193,ee71a0e6-3544-59dc-8dd7-5c55baea7302,wildfire,grassland,savanna_grassland,1,45576.0,16771.968,27053.184384,38.575526399999994,3.52211328,0.368,singleton_frp_1h_assumption,FRP_to_FRE_to_dry_matter_then_IPCC_2019_factors
17ba2e3d-112c-50c1-bb44-aa4c95da25a9,69551e1f-3264-5b59-ad61-5fadff81d5c6,agricultural_burn,cropland,agricultural_residue,1,60263.99999999999,22177.152,33598.385279999995,59.878310400000004,1.55240064,0.368,singleton_frp_1h_assumption,FRP_to_FRE_to_dry_matter_then_IPCC_2019_factors
934c0b17-be83-54d8-9094-1136f7019add,df66eb86-a4c0-5b2f-8327-f32da314dd22,agricultural_burn,cropland,agricultural_residue,5,270366.6,99494.90879999999,150734.78683199998,268.63625376,6.964643616,0.368,trapezoidal_observation_integration,FRP_to_FRE_to_dry_matter_then_IPCC_2019_factors
0bb49c1f-148c-5bcb-953d-de4d9b571f4a,20e5809d-1c7a-547f-b324-83808be547df,wildfire,grassland,savanna_grassland,3,8599.800000000001,3164.7264000000005,5104.7036832,7.2788707200000005,0.6645925440000001,0.368,trapezoidal_observation_integration,FRP_to_FRE_to_dry_matter_then_IPCC_2019_factors
12be2248-3623-5d5c-b261-bd239e84c2ac,31073fa9-8ba7-5f3e-85b9-224f69757136,wildfire,grassland,savanna_grassland,4,28096.2,10339.4016,16677.4547808,23.780623679999998,2.1712743359999997,0.368,trapezoidal_observation_integration,FRP_to_FRE_to_dry_matter_then_IPCC_2019_factors
3167033c-2cff-5cf4-8321-7fdb8ac73d92,48816931-41f6-5769-bdc2-297a97d43b89,agricultural_burn,cropland,agricultural_residue,4,21317.999999999996,7845.0239999999985,11885.211359999998,21.181564799999997,0.5491516799999999,0.368,trapezoidal_observation_integration,FRP_to_FRE_to_dry_matter_then_IPCC_2019_factors
a9b53e29-956e-564f-8f24-05481032a4c9,88b73801-df30-5497-80a3-f979cc7626c7,agricultural_burn,cropland,agricultural_residue,1,36072.0,13274.496,20110.861439999997,35.8411392,0.92921472,0.368,singleton_frp_1h_assumption,FRP_to_FRE_to_dry_matter_then_IPCC_2019_factors
be1f13ba-2e77-5e29-a767-1fc95b8277d6,44b37d46-c8bf-51d1-8e2c-a0dc4df98b19,agricultural_burn,cropland,agricultural_residue,3,363207.6,133660.3968,202495.50115199998,360.88307136,9.356227775999999,0.368,trapezoidal_observation_integration,FRP_to_FRE_to_dry_matter_then_IPCC_2019_factors
e1ac71b5-6f53-5689-b17d-ab865f10c31b,50788ead-d4bc-5d5e-ad55-f1cdfc987920,agricultural_burn,cropland,agricultural_residue,3,22089.6,8128.9728,12315.393791999999,21.94822656,0.569028096,0.368,trapezoidal_observation_integration,FRP_to_FRE_to_dry_matter_then_IPCC_2019_factors
f00d9187-e874-59c9-ac6a-04f6d72c20a6,56a9a97e-5ed2-5d63-a9eb-9113da8dbeb1,agricultural_burn,cropland,agricultural_residue,2,25502.4,9384.8832,14218.098048,25.339184640000003,0.6569418240000001,0.368,trapezoidal_observation_integration,FRP_to_FRE_to_dry_matter_then_IPCC_2019_factors
fb3fd053-e13b-5524-a74e-705eb7668eff,468eae4b-6493-5dc0-aa27-b203db7242fd,agricultural_burn,cropland,agricultural_residue,2,21038.100000000002,7742.0208,11729.161512,20.90345616,0.541941456,0.368,trapezoidal_observation_integration,FRP_to_FRE_to_dry_matter_then_IPCC_2019_factors
2b691d40-19f7-5240-bad0-b39231b7b649,7c4daf72-c319-5ecd-81dd-9bd55ce2eaca,wildfire,grassland,savanna_grassland,2,21714.3,7990.8624,12889.261051200001,18.37898352,1.6780811039999999,0.368,trapezoidal_observation_integration,FRP_to_FRE_to_dry_matter_then_IPCC_2019_factors
ed7665d2-57a8-52c4-9f16-ff3b9e662dba,93944394-3da9-5c86-b626-2148ef92441d,agricultural_burn,cropland,agricultural_residue,3,1452.0000000000002,534.3360000000001,809.5190400000001,1.4427072000000005,0.037403520000000016,0.368,trapezoidal_observation_integration,FRP_to_FRE_to_dry_matter_then_IPCC_2019_factors
9744e89a-ce2b-5fe2-872c-b9270ad50531,a2d8695b-2c90-56a4-aa32-2e8849377367,agricultural_burn,cropland,agricultural_residue,2,16704.0,6147.072,9312.81408,16.597094400000003,0.43029504,0.368,fallback_frp_1h_assumption,FRP_to_FRE_to_dry_matter_then_IPCC_2019_factors
2233e353-87db-5644-9e40-60ef45a127f8,ed6e8385-245c-5a3d-aaa1-2e9c7cd43533,wildfire,grassland,savanna_grassland,8,11906.4,4381.5552,7067.448537599999,10.077576959999998,0.9201265919999999,0.368,trapezoidal_observation_integration,FRP_to_FRE_to_dry_matter_then_IPCC_2019_factors
553b5c21-82ef-529f-b042-bcca0f204066,2a67c2e8-e819-5fba-b75f-ba0734e20694,agricultural_burn,cropland,agricultural_residue,2,2594.3999999999996,954.7391999999999,1446.429888,2.57779584,0.066831744,0.368,trapezoidal_observation_integration,FRP_to_FRE_to_dry_matter_then_IPCC_2019_factors
cf5d378c-f7ed-5f18-8fe1-b926c1431d94,18cd95e5-54bc-596f-9205-011936e3151d,wildfire,tree_cover,tropical_forest,1,26100.0,9604.8,15175.583999999999,65.31263999999999,1.92096,0.368,singleton_frp_1h_assumption,FRP_to_FRE_to_dry_matter_then_IPCC_2019_factors
429c889e-4721-57c8-8ddf-a4d3fdde5f12,36ae7323-5af4-5f58-b765-bc53d7e5d34f,agricultural_burn,cropland,agricultural_residue,2,24084.0,8862.912,13427.311679999999,23.9298624,0.62040384,0.368,fallback_frp_1h_assumption,FRP_to_FRE_to_dry_matter_then_IPCC_2019_factors
e75f0d8c-4e96-54f3-aa10-fac21d8f5720,832829d9-b32f-5119-90b9-79576b58f73c,agricultural_burn,cropland,agricultural_residue,2,6857.400000000001,2523.5232,3823.137648,6.813512640000001,0.17664662400000003,0.368,trapezoidal_observation_integration,FRP_to_FRE_to_dry_matter_then_IPCC_2019_factors
5a214e55-5774-5b80-963b-eb1c9d9ce419,87cc5cc5-ac9f-536c-ab7f-40dec5437c72,agricultural_burn,cropland,agricultural_residue,5,57060.0,20998.079999999998,31812.091199999995,56.694815999999996,1.4698656,0.368,fallback_frp_1h_assumption,FRP_to_FRE_to_dry_matter_then_IPCC_2019_factors
6f89e920-8bc8-5a2f-9ebe-fa5b8f89c515,c42bd24e-0bc0-5da8-957b-5fc89091afb0,agricultural_burn,cropland,agricultural_residue,3,293288.39999999997,107930.13119999999,163514.14876799998,291.41135424000004,7.555109184,0.368,trapezoidal_observation_integration,FRP_to_FRE_to_dry_matter_then_IPCC_2019_factors
a750f663-625d-5dbb-b167-68a41a2956fe,ddc9a0e1-8488-5cb2-b0e0-c27f529a4969,wildfire,grassland,savanna_grassland,1,46008.0,16930.944,27309.612672,38.9411712,3.55549824,0.368,singleton_frp_1h_assumption,FRP_to_FRE_to_dry_matter_then_IPCC_2019_factors
5b86a4a6-86b7-5893-b6be-ccab0543dbe5,54e8a534-d9f7-5bb6-9217-00e50f4ad719,agricultural_burn,cropland,agricultural_residue,7,841.8,309.7824,469.320336,0.8364124800000001,0.021684768,0.368,trapezoidal_observation_integration,FRP_to_FRE_to_dry_matter_then_IPCC_2019_factors
26f4b43f-fcc0-573d-aa81-4fcbcc65bbce,60a0d53d-669a-50f5-8467-8e50f997cb02,agricultural_burn,cropland,agricultural_residue,2,993.5999999999999,365.6448,553.951872,0.98724096,0.025595136,0.368,trapezoidal_observation_integration,FRP_to_FRE_to_dry_matter_then_IPCC_2019_factors
598590f0-cdf2-54e9-b0b5-c8ca8cdb1401,86b68fc0-345a-511a-af5e-f29d2c62d6e4,agricultural_burn,cropland,agricultural_residue,2,2232.0,821.376,1244.38464,2.2177152,0.057496320000000004,0.368,fallback_frp_1h_assumption,FRP_to_FRE_to_dry_matter_then_IPCC_2019_factors
1929bf1f-012d-5796-8e99-6e9c36517d9b,ff9305ea-095d-5364-b323-f8459225ab4a,agricultural_burn,cropland,agricultural_residue,2,29016.0,10677.887999999999,16177.00032,28.830297599999998,0.74745216,0.368,fallback_frp_1h_assumption,FRP_to_FRE_to_dry_matter_then_IPCC_2019_factors
38862488-60ab-5ca9-909d-5f08e754a17d,a912bdc6-b28e-507c-b3ed-2d17978675a3,agricultural_burn,cropland,agricultural_residue,2,228.9,84.2352,127.61632800000001,0.22743504000000003,0.0058964640000000006,0.368,trapezoidal_observation_integration,FRP_to_FRE_to_dry_matter_then_IPCC_2019_factors
56fb5b7f-1e2e-5dff-a73e-557bd2d2094c,c43f708b-9783-5ceb-84e2-68cc2b923926,wildfire,tree_cover,tropical_forest,1,23688.0,8717.184,13773.15072,59.27685119999999,1.7434368,0.368,singleton_frp_1h_assumption,FRP_to_FRE_to_dry_matter_then_IPCC_2019_factors
ecfc0d63-ccee-51d3-82f4-ffb8cacdeca7,d2be96b6-9997-5b36-8d2e-d64f6dd54339,agricultural_burn,cropland,agricultural_residue,2,26172.0,9631.296,14591.413440000002,26.0044992,0.67419072,0.368,fallback_frp_1h_assumption,FRP_to_FRE_to_dry_matter_then_IPCC_2019_factors
e42c516a-ba6a-5674-a8d9-27fc60a07c86,e857119e-2cc8-5668-ac13-80bd51f2bde5,agricultural_burn,cropland,agricultural_residue,2,26028.0,9578.304,14511.130560000001,25.861420800000005,0.6704812800000001,0.368,fallback_frp_1h_assumption,FRP_to_FRE_to_dry_matter_then_IPCC_2019_factors
63c297ca-a369-5313-aa98-c9c47d28cbf7,4f367d0d-9041-53ba-865f-a04e8e8d9589,agricultural_burn,cropland,agricultural_residue,2,39312.0,14466.815999999999,21917.22624,39.0604032,1.01267712,0.368,trapezoidal_observation_integration,FRP_to_FRE_to_dry_matter_then_IPCC_2019_factors
0847ba66-3f76-599e-a93d-4143f73896d2,4fe85ccb-5493-588a-9442-86a514dd4ec5,agricultural_burn,cropland,agricultural_residue,2,20428.2,7517.5776000000005,11389.130064,20.297459520000004,0.5262304320000001,0.368,trapezoidal_observation_integration,FRP_to_FRE_to_dry_matter_then_IPCC_2019_factors
67b582a0-6600-5f3e-a5ff-2ace5d0d860c,ba5cdd03-bbca-5ea1-8002-f4316bcc031c,wildfire,grassland,savanna_grassland,1,87624.0,32245.631999999998,52012.20441599999,74.16495359999999,6.77158272,0.368,singleton_frp_1h_assumption,FRP_to_FRE_to_dry_matter_then_IPCC_2019_factors
e1cf9210-167b-5391-b8c3-91cc548258e9,30bdc165-b08e-59b8-9ceb-6b12a3db7156,agricultural_burn,cropland,agricultural_residue,2,5652.0,2079.936,3151.10304,5.615827200000001,0.14559552000000003,0.368,fallback_frp_1h_assumption,FRP_to_FRE_to_dry_matter_then_IPCC_2019_factors
1aec0f25-2d39-59b6-a545-5be598211ceb,3f5dc92c-6eb2-5e04-8ca2-705e0e0eb7cc,agricultural_burn,cropland,agricultural_residue,2,271151.7,99783.8256,151172.495784,269.41632912,6.984867792,0.368,trapezoidal_observation_integration,FRP_to_FRE_to_dry_matter_then_IPCC_2019_factors
fa27ecc9-e168-528f-aa20-931456185a18,0a09c81d-ef39-51ae-a0b9-70cfbb97f70b,wildfire,grassland,savanna_grassland,1,44712.0,16454.016,26540.327808,37.8442368,3.4553433599999996,0.368,singleton_frp_1h_assumption,FRP_to_FRE_to_dry_matter_then_IPCC_2019_factors
39c71be0-70d1-5fc9-88dc-b266b77206b4,b46e44f6-4f1f-5877-a968-7f37297c9f6f,agricultural_burn,cropland,agricultural_residue,2,20222.4,7441.8432,11274.392448,20.09297664,0.5209290240000001,0.368,trapezoidal_observation_integration,FRP_to_FRE_to_dry_matter_then_IPCC_2019_factors
0a0f5f02-2bb8-56ef-92a8-760f282549bc,c632469a-c943-52ef-85a2-3cf534c52ac7,agricultural_burn,cropland,agricultural_residue,2,21168.0,7789.824,11801.583359999999,21.0325248,0.54528768,0.368,fallback_frp_1h_assumption,FRP_to_FRE_to_dry_matter_then_IPCC_2019_factors
d55a1b5c-c760-53d8-95d1-b7c015304908,de69a437-3478-53fd-9b89-3042b23c8035,agricultural_burn,cropland,agricultural_residue,1,47268.0,17394.624,26352.855359999998,46.965484800000006,1.2176236800000002,0.368,singleton_frp_1h_assumption,FRP_to_FRE_to_dry_matter_then_IPCC_2019_factors
6bfb3a82-64ba-58bb-b4c5-ead4ca5cc7d3,e0f35e71-8104-5019-b7ad-4e48c0b56cbc,agricultural_burn,cropland,agricultural_residue,2,31392.000000000004,11552.256000000001,17501.667840000002,31.191091200000006,0.8086579200000003,0.368,fallback_frp_1h_assumption,FRP_to_FRE_to_dry_matter_then_IPCC_2019_factors
8b288270-2711-5222-86f9-5b21eece0b91,c4fb9336-870a-558c-8d1b-5ca51dd57202,agricultural_burn,cropland,agricultural_residue,2,1795.1999999999998,660.6335999999999,1000.8599039999999,1.7837107199999997,0.046244352,0.368,trapezoidal_observation_integration,FRP_to_FRE_to_dry_matter_then_IPCC_2019_factors
9122325f-62c5-5d22-9e2a-a83570caf0e9,a2ed530c-6cb3-5e87-96f8-58ccff15f93d,agricultural_burn,cropland,agricultural_residue,2,16056.0,5908.608,8951.541120000002,15.953241600000002,0.41360256000000006,0.368,fallback_frp_1h_assumption,FRP_to_FRE_to_dry_matter_then_IPCC_2019_factors
b7ff8fac-d8c0-5d27-9536-18c481e9c295,b1274ff9-13cf-5744-8b64-4844347f3ba6,agricultural_burn,cropland,agricultural_residue,3,5293.2,1947.8976,2951.064864,5.259323520000001,0.136352832,0.368,trapezoidal_observation_integration,FRP_to_FRE_to_dry_matter_then_IPCC_2019_factors
7b2ebb2b-c948-5ddf-9196-57e66712a823,d0a03665-5e79-5e50-9138-4b32d3af90c4,agricultural_burn,cropland,agricultural_residue,2,16776.0,6173.568,9352.95552,16.6686336,0.43214976000000005,0.368,fallback_frp_1h_assumption,FRP_to_FRE_to_dry_matter_then_IPCC_2019_factors
aba80b7e-05e0-50b2-b973-e0ce69bfb538,a049a731-aa73-5dc8-b045-126f8ed64813,agricultural_burn,cropland,agricultural_residue,3,1577.3999999999999,580.4831999999999,879.4320479999998,1.56730464,0.040633824,0.368,trapezoidal_observation_integration,FRP_to_FRE_to_dry_matter_then_IPCC_2019_factors
74f466a3-40d3-543e-930e-ad115043f6c4,6cbc4525-7324-5f28-a86d-8422de15e678,agricultural_burn,cropland,agricultural_residue,1,37080.0,13645.44,20672.8416,36.842688,0.9551808,0.368,singleton_frp_1h_assumption,FRP_to_FRE_to_dry_matter_then_IPCC_2019_factors
ad99fcb0-7b5b-5220-adce-dbfcc594fff6,1e48ca21-08a7-5a38-a575-180cc6831e4b,agricultural_burn,cropland,agricultural_residue,1,57852.0,21289.536,32253.64704,57.48174720000001,1.4902675200000002,0.368,singleton_frp_1h_assumption,FRP_to_FRE_to_dry_matter_then_IPCC_2019_factors
34cc9154-c61f-5018-9a79-d836b5a2dbe0,1f8aa9a9-80ea-58af-8568-5da455e983bc,agricultural_burn,cropland,agricultural_residue,2,22528.5,8290.488,12560.08932,22.3843176,0.58033416,0.368,trapezoidal_observation_integration,FRP_to_FRE_to_dry_matter_then_IPCC_2019_factors
0dd9bee1-e669-5d82-ba19-ba0121598d46,8620368f-8879-5868-9699-f1dc95d7fe76,agricultural_burn,cropland,agricultural_residue,3,16128.000000000002,5935.104,8991.682560000001,16.024780800000002,0.4154572800000001,0.368,fallback_frp_1h_assumption,FRP_to_FRE_to_dry_matter_then_IPCC_2019_factors
58799d3d-6069-56a0-9be5-c39d2bbb70c3,98e22870-2dbb-53d6-998f-1a2e3dd6a725,wildfire,tree_cover,tropical_forest,2,17640.0,6491.5199999999995,10256.6016,44.14233599999999,1.2983040000000001,0.368,fallback_frp_1h_assumption,FRP_to_FRE_to_dry_matter_then_IPCC_2019_factors
3161fc54-f721-57a9-8a11-9a4751d58d1c,1f978976-b656-5b30-8cb5-323d083999af,agricultural_burn,cropland,agricultural_residue,6,6012.0,2212.416,3351.8102400000002,5.973523200000001,0.15486912000000003,0.368,fallback_frp_1h_assumption,FRP_to_FRE_to_dry_matter_then_IPCC_2019_factors
4648e9a2-8d23-5138-b804-14d1917ec54b,26559304-31c0-5b32-9181-a0e350b5ce65,agricultural_burn,cropland,agricultural_residue,6,17892.0,6584.256,9975.14784,17.7774912,0.46089792000000007,0.368,fallback_frp_1h_assumption,FRP_to_FRE_to_dry_matter_then_IPCC_2019_factors
c2d8bdb5-3a9d-5209-8c08-beec05cce330,3b717651-8172-5fa3-a430-5bc34051160b,agricultural_burn,cropland,agricultural_residue,2,39528.0,14546.304,22037.65056,39.27502080000001,1.01824128,0.368,fallback_frp_1h_assumption,FRP_to_FRE_to_dry_matter_then_IPCC_2019_factors
3c9b5df7-a2f7-5e35-9431-2bb56ba100a1,66a1400f-7f4d-5018-b2ae-aa2194c62538,wildfire,grassland,savanna_grassland,1,49932.0,18374.976,29638.836288,42.2624448,3.8587449599999997,0.368,singleton_frp_1h_assumption,FRP_to_FRE_to_dry_matter_then_IPCC_2019_factors
9fcbb7fd-4466-57aa-8745-74dc0eead652,7300f2bc-3cba-5187-ae95-f3c910f6cd80,agricultural_burn,cropland,agricultural_residue,3,54936.0,20216.448,30627.918719999998,54.58440960000001,1.41515136,0.368,fallback_frp_1h_assumption,FRP_to_FRE_to_dry_matter_then_IPCC_2019_factors
55913485-16fb-5c80-bbbd-7dbf55e7af39,c7248e71-2c7b-55e4-a7a0-1925c2d80af1,agricultural_burn,cropland,agricultural_residue,2,24768.0,9114.624,13808.655359999999,24.6094848,0.63802368,0.368,fallback_frp_1h_assumption,FRP_to_FRE_to_dry_matter_then_IPCC_2019_factors
74dda989-df05-5156-b3c6-04f7f2591896,305d5386-91c3-5e12-a278-e678a419a8f7,wildfire,grassland,savanna_grassland,1,19836.0,7299.648,11774.332224,16.7891904,1.53292608,0.368,singleton_frp_1h_assumption,FRP_to_FRE_to_dry_matter_then_IPCC_2019_factors
19614cc2-ec43-563b-965b-9b8992414743,6f611fc8-b05d-52bf-95d9-b7f52cba9791,wildfire,cropland,extra_tropical_forest,1,19764.0,7273.152,11411.575488,34.1838144,1.89101952,0.368,singleton_frp_1h_assumption,FRP_to_FRE_to_dry_matter_then_IPCC_2019_factors
e4394966-8f14-5e3a-8a74-31b8c423f8a8,f59a6ec6-65ef-534a-87dc-ad695fe63b9b,wildfire,grassland,savanna_grassland,1,20952.0,7710.336,12436.771968000001,17.7337728,1.61917056,0.368,singleton_frp_1h_assumption,FRP_to_FRE_to_dry_matter_then_IPCC_2019_factors
2c62f1b0-5ed4-5345-a62b-2fef8626da0b,51104088-ad25-5956-9dd0-63ac9bd405a0,agricultural_burn,cropland,agricultural_residue,2,8911.199999999999,3279.3215999999998,4968.172224,8.854168320000001,0.22955251200000001,0.368,trapezoidal_observation_integration,FRP_to_FRE_to_dry_matter_then_IPCC_2019_factors
7bccfb86-5118-500b-a1c3-d4ea03eb9044,5ba31e9e-b101-5eac-8be6-1f8ea1bf9a8f,agricultural_burn,cropland,agricultural_residue,3,74602.5,27453.72,41592.385800000004,74.125044,1.9217604000000004,0.368,trapezoidal_observation_integration,FRP_to_FRE_to_dry_matter_then_IPCC_2019_factors
016cee89-7450-56fa-91bd-4b3d9dea317f,a3d85e18-6406-5b23-a4ac-3a1f7f6443a4,agricultural_burn,cropland,agricultural_residue,2,20700.0,7617.599999999999,11540.664,20.567520000000002,0.5332319999999999,0.368,fallback_frp_1h_assumption,FRP_to_FRE_to_dry_matter_then_IPCC_2019_factors
6fc9472b-8d9e-506e-adb8-d73488458c1f,c6256f86-3248-5427-a855-5f80afa91aff,agricultural_burn,cropland,agricultural_residue,2,13680.0,5034.24,7626.8736,13.592448000000001,0.35239680000000007,0.368,fallback_frp_1h_assumption,FRP_to_FRE_to_dry_matter_then_IPCC_2019_factors
aa9aaa9c-1a7b-579d-a207-4b24c963ade0,c29ffe5e-87a8-5c2c-8a19-7947090838a3,wildfire,cropland,extra_tropical_forest,3,8640.0,3179.52,4988.66688,14.943744,0.8266752,0.368,fallback_frp_1h_assumption,FRP_to_FRE_to_dry_matter_then_IPCC_2019_factors
0c3d1bd0-6606-5db2-91e7-7667099a709f,e1f0a72a-c189-5bb1-95f1-6d19dafc16ad,agricultural_burn,cropland,agricultural_residue,2,2369.4,871.9392,1320.987888,2.3542358400000003,0.06103574400000001,0.368,trapezoidal_observation_integration,FRP_to_FRE_to_dry_matter_then_IPCC_2019_factors
600557ec-b99b-5a49-b06a-6f30581726bf,e34b2040-dd42-59a6-b43e-df86f45636dd,agricultural_burn,cropland,agricultural_residue,4,277421.7,102091.1856,154668.14618399998,275.64620112,7.146382992,0.368,trapezoidal_observation_integration,FRP_to_FRE_to_dry_matter_then_IPCC_2019_factors
5ae8c4d3-34f9-5504-a6f0-af38836b0a6d,e1f7d17c-d62a-5938-a013-27a3d7f4f8b3,agricultural_burn,cropland,agricultural_residue,3,3236.1000000000004,1190.8848,1804.190472,3.2153889600000003,0.08336193600000001,0.368,trapezoidal_observation_integration,FRP_to_FRE_to_dry_matter_then_IPCC_2019_factors
15222370-7034-5712-9ecf-653d5d557ac4,d373ed25-c76f-5aa0-b403-722ea426eee7,agricultural_burn,cropland,agricultural_residue,2,4212.0,1550.016,2348.27424,4.1850432,0.10850112000000002,0.368,fallback_frp_1h_assumption,FRP_to_FRE_to_dry_matter_then_IPCC_2019_factors
e5696806-684e-5887-9fa5-f81238d98bae,8d3bf1ec-9c33-544c-a09d-54f78b522af6,agricultural_burn,cropland,agricultural_residue,2,3781.8,1391.7024000000001,2108.429136,3.7575964800000006,0.09741916800000001,0.368,trapezoidal_observation_integration,FRP_to_FRE_to_dry_matter_then_IPCC_2019_factors
a80508ed-b893-5b91-9c4f-0b9345996b10,7b9805d8-b543-5c40-a074-a45a7cc318c4,agricultural_burn,cropland,agricultural_residue,2,5593.2,2058.2976,3118.320864,5.55740352,0.14408083200000002,0.368,trapezoidal_observation_integration,FRP_to_FRE_to_dry_matter_then_IPCC_2019_factors
873c17a0-c405-51a2-b503-75b6d507225d,05418786-7f4d-5745-ba91-d0cc648b890b,wildfire,grassland,savanna_grassland,1,23976.0,8823.168,14231.769983999999,20.293286399999996,1.8528652799999998,0.368,singleton_frp_1h_assumption,FRP_to_FRE_to_dry_matter_then_IPCC_2019_factors
8d0038f7-c42c-5b47-aaec-994802b209b8,c19a7820-b853-5b02-9178-581a2aa68e26,agricultural_burn,cropland,agricultural_residue,1,36684.0,13499.712,20452.06368,36.4492224,0.9449798400000001,0.368,singleton_frp_1h_assumption,FRP_to_FRE_to_dry_matter_then_IPCC_2019_factors
34ec678a-ba2f-5dd8-9ed4-2b38d76ece00,3bdd80fc-eb04-547c-8f8f-2030c9a2ea9e,agricultural_burn,cropland,agricultural_residue,1,37116.0,13658.688,20692.91232,36.878457600000004,0.9561081600000001,0.368,singleton_frp_1h_assumption,FRP_to_FRE_to_dry_matter_then_IPCC_2019_factors
d6686360-9ac8-5148-8e3f-68caf49839d9,43809a6c-7686-5933-baff-dda1de11775f,agricultural_burn,cropland,agricultural_residue,4,3577.2,1316.4096,1994.360544,3.5543059200000005,0.092148672,0.368,trapezoidal_observation_integration,FRP_to_FRE_to_dry_matter_then_IPCC_2019_factors
0351e5e1-5b0f-56ae-85e2-366918df4d5b,7c2d7f33-5edc-5da5-86f4-895d09d6cd0e,agricultural_burn,cropland,agricultural_residue,2,5292.0,1947.456,2950.3958399999997,5.2581312,0.13632192,0.368,fallback_frp_1h_assumption,FRP_to_FRE_to_dry_matter_then_IPCC_2019_factors
40233963-021f-5cee-b34a-1fd5c4814e70,04d9d9cd-cc37-5168-9cc7-3372dc095152,wildfire,cropland,extra_tropical_forest,2,7020.0,2583.36,4053.2918400000003,12.141792,0.6716736000000001,0.368,fallback_frp_1h_assumption,FRP_to_FRE_to_dry_matter_then_IPCC_2019_factors
b6d24665-e659-58f6-8b1c-e95f4f4ed78f,e81e8d20-ee85-5b21-881d-2b01ac8b039f,agricultural_burn,cropland,agricultural_residue,2,1152.0,423.936,642.2630399999999,1.1446272000000002,0.029675520000000004,0.368,fallback_frp_1h_assumption,FRP_to_FRE_to_dry_matter_then_IPCC_2019_factors
810f546c-25ca-5426-91e1-36a9a76f10d1,67ac9dbd-6bfc-5d19-a9df-5bbc37dba95b,agricultural_burn,cropland,agricultural_residue,4,6029.1,2218.7088,3361.343832,5.99051376,0.155309616,0.368,trapezoidal_observation_integration,FRP_to_FRE_to_dry_matter_then_IPCC_2019_factors
796befe9-4d03-5bc9-944d-8e4f850b399d,860dfb2f-ab6e-54a2-826c-fdbc5b3bbbbe,agricultural_burn,cropland,agricultural_residue,5,1537.2,565.6896,857.0197440000001,1.5273619200000004,0.03959827200000001,0.368,trapezoidal_observation_integration,FRP_to_FRE_to_dry_matter_then_IPCC_2019_factors
6e457906-96c1-5b0f-a998-f48aaf865fff,e5c70ef4-b80c-50bb-ac3f-af2915ed067b,agricultural_burn,cropland,agricultural_residue,3,863.1,317.62080000000003,481.19551200000006,0.8575761600000001,0.022233456000000006,0.368,trapezoidal_observation_integration,FRP_to_FRE_to_dry_matter_then_IPCC_2019_factors
086b47f0-2b7a-5c0f-8a0c-76c5f74f2340,68213fe2-26ab-54ca-b52c-9f243af87110,agricultural_burn,cropland,agricultural_residue,12,324191.7,119302.5456,180743.356584,322.11687312,8.351178192,0.368,trapezoidal_observation_integration,FRP_to_FRE_to_dry_matter_then_IPCC_2019_factors
4ea70f82-73d3-51d2-a815-be741347785a,60383275-b125-51c4-a117-98f8bb6b098f,agricultural_burn,cropland,agricultural_residue,9,187088.1,68848.4208,104305.357512,185.89073616000002,4.819389456000001,0.368,trapezoidal_observation_integration,FRP_to_FRE_to_dry_matter_then_IPCC_2019_factors
17b47d0c-10b5-50dc-82e0-e829ccd7edb7,c1059d9b-688e-5867-85d3-8c69b3f656c7,agricultural_burn,cropland,agricultural_residue,10,353565.9,130112.25120000001,197120.06056800002,351.30307824000005,9.107857584000001,0.368,trapezoidal_observation_integration,FRP_to_FRE_to_dry_matter_then_IPCC_2019_factors
eaf48f65-08a4-56ff-982e-2ae5ba4b3e7d,c7848fc8-2553-559a-ba5d-f2852c0f2216,agricultural_burn,cropland,agricultural_residue,12,229324.5,84391.416,127852.99523999999,227.8568232,5.90739912,0.368,trapezoidal_observation_integration,FRP_to_FRE_to_dry_matter_then_IPCC_2019_factors
2562e6a4-01b4-530a-aba5-0774c4cc360e,ea9d0b90-e122-5544-92c0-aa5f84b597c1,agricultural_burn,cropland,agricultural_residue,2,7194.6,2647.6128,4011.133392,7.148554560000001,0.185332896,0.368,trapezoidal_observation_integration,FRP_to_FRE_to_dry_matter_then_IPCC_2019_factors
670dde07-92ef-5e55-b83c-0d43b66f3081,bd40cae3-4dd0-58c8-9360-197708860ac0,agricultural_burn,cropland,agricultural_residue,5,2148.3,790.5744000000001,1197.720216,2.1345508800000004,0.05534020800000001,0.368,trapezoidal_observation_integration,FRP_to_FRE_to_dry_matter_then_IPCC_2019_factors
71b25548-ec3a-5c72-b4cf-08e53575088b,6dd55e6b-a9e4-536a-add6-83a18d6016c1,agricultural_burn,cropland,agricultural_residue,3,54215.7,19951.3776,30226.337064,53.868719520000006,1.396596432,0.368,trapezoidal_observation_integration,FRP_to_FRE_to_dry_matter_then_IPCC_2019_factors
e904d50d-3001-5da9-8911-eaa926f14681,d6f0405b-ff03-58c9-b80b-52f1e44c83b5,agricultural_burn,cropland,agricultural_residue,6,306053.69999999995,112627.76159999998,170631.05882399998,304.09495632,7.8839433119999995,0.368,trapezoidal_observation_integration,FRP_to_FRE_to_dry_matter_then_IPCC_2019_factors
1272c03a-61a3-55c6-8316-315cae71f909,65f3ba5e-6092-5896-9202-8ccd92b849f4,wildfire,grassland,savanna_grassland,2,15405.0,5669.04,9144.16152,13.038791999999999,1.1904983999999998,0.368,trapezoidal_observation_integration,FRP_to_FRE_to_dry_matter_then_IPCC_2019_factors
96fc9075-a293-588a-bb29-3a6473bc434f,c042489f-1a12-5dba-94dc-ae2dac812251,agricultural_burn,cropland,agricultural_residue,4,38109.600000000006,14024.332800000002,21246.864192,37.865698560000006,0.9817032960000003,0.368,trapezoidal_observation_integration,FRP_to_FRE_to_dry_matter_then_IPCC_2019_factors
2935a267-012c-5567-8ad6-508004033e1e,3f820a1b-bc23-5671-8c7f-56d47d766621,wildfire,grassland,savanna_grassland,2,5372.400000000001,1977.0432,3188.9706816000003,4.54719936,0.41517907200000004,0.368,trapezoidal_observation_integration,FRP_to_FRE_to_dry_matter_then_IPCC_2019_factors
ce0179b2-a453-5c55-8222-5fd91f5bd254,d5d3fe3d-16d0-5346-b86c-3e25b671ed7e,agricultural_burn,cropland,agricultural_residue,2,5220.0,1920.96,2910.2544,5.186592000000001,0.1344672,0.368,fallback_frp_1h_assumption,FRP_to_FRE_to_dry_matter_then_IPCC_2019_factors
843b0c81-2987-56cd-b44e-86f2152d8aa8,651f99a2-8f53-50bd-a5bc-9ce07b7cf5e8,agricultural_burn,cropland,agricultural_residue,3,46552.19999999999,17131.209599999995,25953.78254399999,46.25426591999999,1.1991846719999997,0.368,trapezoidal_observation_integration,FRP_to_FRE_to_dry_matter_then_IPCC_2019_factors
e6b01141-1da7-56a9-8a0d-e8079d57c1dd,9f8ebc81-e984-5f56-881b-d133c9162118,agricultural_burn,cropland,agricultural_residue,2,2910.6,1071.1008,1622.717712,2.89197216,0.074977056,0.368,trapezoidal_observation_integration,FRP_to_FRE_to_dry_matter_then_IPCC_2019_factors
a142723c-5877-5629-8762-41a302333c93,00723de4-7b08-5c38-b1b5-efb0ed243561,agricultural_burn,cropland,agricultural_residue,5,308372.39999999997,113481.04319999999,171923.78044799998,306.39881663999995,7.943673024,0.368,trapezoidal_observation_integration,FRP_to_FRE_to_dry_matter_then_IPCC_2019_factors
660fb32c-e544-5acf-bc43-4b20cea93d59,5e64806b-a8c7-5a53-a515-0283e3ae73ff,wildfire,grassland,savanna_grassland,2,19584.0,7206.912,11624.749056,16.5758976,1.51345152,0.368,fallback_frp_1h_assumption,FRP_to_FRE_to_dry_matter_then_IPCC_2019_factors
5f8d0b6c-2b5c-5416-b43d-6576456ff693,fcacb8dd-227f-5938-bd27-0506bf04c1c6,agricultural_burn,cropland,agricultural_residue,3,13563.900000000001,4991.515200000001,7562.145528000001,13.477091040000003,0.34940606400000007,0.368,trapezoidal_observation_integration,FRP_to_FRE_to_dry_matter_then_IPCC_2019_factors
8adfa41f-96b8-5c52-805c-28896ef4454c,a6c8e808-2926-5e0c-ad78-4f7d5d316349,agricultural_burn,cropland,agricultural_residue,2,2039.3999999999999,750.4992,1137.006288,2.02634784,0.052534944,0.368,trapezoidal_observation_integration,FRP_to_FRE_to_dry_matter_then_IPCC_2019_factors
aa459420-9ea1-5766-b2cd-af42667a5cb2,522ca21e-138d-5f4b-8157-2015838afd54,agricultural_burn,cropland,agricultural_residue,4,92343.3,33982.3344,51483.236615999995,91.75230288,2.378763408,0.368,trapezoidal_observation_integration,FRP_to_FRE_to_dry_matter_then_IPCC_2019_factors
da47ebf3-02c3-5938-a4bd-254a9671de2e,3e6fc165-9962-5209-a741-4aad64aa7415,wildfire,tree_cover,tropical_forest,5,34492.2,12693.129599999998,20055.144768,86.31328127999998,2.53862592,0.368,trapezoidal_observation_integration,FRP_to_FRE_to_dry_matter_then_IPCC_2019_factors
1631b820-4f31-5bac-8279-01088e796245,3379037a-6f19-5a0e-b796-02fbf61a8e64,agricultural_burn,cropland,agricultural_residue,2,24624.0,9061.632,13728.372479999998,24.4664064,0.63431424,0.368,fallback_frp_1h_assumption,FRP_to_FRE_to_dry_matter_then_IPCC_2019_factors
8e2d674d-2870-547d-b8ba-260916cede8c,c34712b7-68f9-5cf0-ad25-2d3e961bfc68,agricultural_burn,cropland,agricultural_residue,2,9144.0,3364.9919999999997,5097.96288,9.0854784,0.23554944,0.368,fallback_frp_1h_assumption,FRP_to_FRE_to_dry_matter_then_IPCC_2019_factors
34375781-2cb1-58a1-a080-25e917ee9ec9,ff3a872a-8802-5b0b-99bf-e2440450d20a,agricultural_burn,cropland,agricultural_residue,2,6696.0,2464.128,3733.15392,6.653145600000001,0.17248896000000002,0.368,fallback_frp_1h_assumption,FRP_to_FRE_to_dry_matter_then_IPCC_2019_factors
92545ac7-5111-51b9-bedd-2d2145eee377,650b94bb-de54-5c8a-9935-c942603ce6aa,wildfire,cropland,extra_tropical_forest,3,2012.9999999999998,740.7839999999999,1162.290096,3.4816847999999996,0.19260383999999997,0.368,trapezoidal_observation_integration,FRP_to_FRE_to_dry_matter_then_IPCC_2019_factors
3b8a82d4-8a5c-509a-91d2-b77365e0fa05,73da39f4-e4d6-504a-bf54-5f5e874162f2,agricultural_burn,cropland,agricultural_residue,5,135354.3,49810.382399999995,75462.72933599999,134.48803248,3.486726768,0.368,trapezoidal_observation_integration,FRP_to_FRE_to_dry_matter_then_IPCC_2019_factors
3d30ca49-95cd-544c-98ca-fd296de331b1,fd943c9b-fabb-57b2-81c7-1f69cdd37094,agricultural_burn,cropland,agricultural_residue,4,131497.8,48391.19039999999,73312.65345599999,130.65621407999998,3.387383328,0.368,trapezoidal_observation_integration,FRP_to_FRE_to_dry_matter_then_IPCC_2019_factors
9d3071c7-9f9e-5cab-aabb-0192fb5d6c90,1e492f1b-0db4-5cc2-a145-515940aa5d6c,wildfire,grassland,savanna_grassland,2,4567.5,1680.84,2711.19492,3.8659319999999995,0.35297639999999997,0.368,trapezoidal_observation_integration,FRP_to_FRE_to_dry_matter_then_IPCC_2019_factors
20027d5b-a9f6-5149-aa31-89d237665e72,cf1db4af-c3d6-5bd1-b2ed-fb95e0c8ac21,agricultural_burn,cropland,agricultural_residue,2,7379.999999999999,2715.8399999999997,4114.4976,7.332768,0.1901088,0.368,fallback_frp_1h_assumption,FRP_to_FRE_to_dry_matter_then_IPCC_2019_factors
4af75ca6-de46-52ed-bc8e-a8b3d2ba47df,e928dfd5-529c-578d-a3e0-bb356cc1e32e,agricultural_burn,cropland,agricultural_residue,3,4800.599999999999,1766.6207999999997,2676.4305119999995,4.76987616,0.12366345599999999,0.368,trapezoidal_observation_integration,FRP_to_FRE_to_dry_matter_then_IPCC_2019_factors
abc0efa9-1abe-5be7-91ee-7544b3e026cb,22396cb9-2d7d-5c89-becd-19f2f7749fd7,wildfire,cropland,extra_tropical_forest,2,2961.0,1089.648,1709.6577119999997,5.1213456,0.28330848,0.368,trapezoidal_observation_integration,FRP_to_FRE_to_dry_matter_then_IPCC_2019_factors
a06c63e8-d0b4-5c5a-8e30-a4c7586f07cc,847b9665-d25c-5445-ae31-d0bcf15a032e,agricultural_burn,cropland,agricultural_residue,3,7270.200000000001,2675.4336000000003,4053.2819040000004,7.223670720000001,0.18728035200000004,0.368,trapezoidal_observation_integration,FRP_to_FRE_to_dry_matter_then_IPCC_2019_factors
2271b8e5-cc56-5543-ad18-e3904d4fdefa,09fe0213-8edb-56ac-a00a-b87beef471f2,agricultural_burn,cropland,agricultural_residue,2,30738.9,11311.9152,17137.551528,30.54217104,0.791834064,0.368,trapezoidal_observation_integration,FRP_to_FRE_to_dry_matter_then_IPCC_2019_factors
5d62295c-8fd9-5f59-bb7e-e08c326e4bb6,fc6a1eca-0b08-5326-ab28-ac2d17445427,agricultural_burn,cropland,agricultural_residue,3,1562.4,574.9632,871.069248,1.55240064,0.040247424000000004,0.368,trapezoidal_observation_integration,FRP_to_FRE_to_dry_matter_then_IPCC_2019_factors
e16e166d-d2a3-5620-9e05-a34363f5bf17,a197048a-210b-5c5f-a62f-7f85c2183594,agricultural_burn,cropland,agricultural_residue,2,27324.0,10055.232,15233.67648,27.1491264,0.7038662400000001,0.368,fallback_frp_1h_assumption,FRP_to_FRE_to_dry_matter_then_IPCC_2019_factors
6ded6b0c-af27-5072-bdc9-0bc815a38895,9f1d063b-e10a-5d84-82d2-f50e01145285,agricultural_burn,cropland,agricultural_residue,2,21672.0,7975.296,12082.573440000002,21.533299200000002,0.5582707200000001,0.368,fallback_frp_1h_assumption,FRP_to_FRE_to_dry_matter_then_IPCC_2019_factors
2cad6284-b483-51c9-a35b-4865c6b51ac5,47e29bc5-8436-58f6-a428-30b4aec065e0,agricultural_burn,cropland,agricultural_residue,6,8051.4,2962.9152,4488.816528,7.99987104,0.207404064,0.368,trapezoidal_observation_integration,FRP_to_FRE_to_dry_matter_then_IPCC_2019_factors
9d6cdfe6-2d44-5d76-972e-e15e4e99031f,3c5a1642-39d3-5bde-a246-b0c3910cd5bc,agricultural_burn,cropland,agricultural_residue,2,4536.0,1669.248,2528.9107200000003,4.506969600000001,0.11684736000000001,0.368,trapezoidal_observation_integration,FRP_to_FRE_to_dry_matter_then_IPCC_2019_factors
2171ac8b-88da-5c82-933b-d6775c2a903d,4944a34b-ff2e-5d94-8d8f-dfe23d02b6ef,wildfire,tree_cover,tropical_forest,2,882.0,324.576,512.8300800000001,2.2071168,0.0649152,0.368,trapezoidal_observation_integration,FRP_to_FRE_to_dry_matter_then_IPCC_2019_factors
a448d5e9-dc4d-5d3e-8bf1-b130b507c281,41639186-7de4-5152-b79a-267fe75bc1d4,agricultural_burn,cropland,agricultural_residue,2,39744.0,14625.792,22158.07488,39.489638400000004,1.02380544,0.368,trapezoidal_observation_integration,FRP_to_FRE_to_dry_matter_then_IPCC_2019_factors
1fa641e1-96ea-5e53-b89f-93d459f553ea,33677cce-cf65-5718-a307-5e6eea0a5b8c,wildfire,tree_cover,tropical_forest,2,2376.0,874.3679999999999,1381.50144,5.945702399999999,0.17487360000000002,0.368,fallback_frp_1h_assumption,FRP_to_FRE_to_dry_matter_then_IPCC_2019_factors
b9e60af7-447d-5c5a-8b06-120802130c3f,d88ba88c-53a4-5e01-927c-7965b55c12e3,wildfire,tree_cover,tropical_forest,3,616385.7000000001,226829.93760000003,358391.30140800006,1542.4435756800003,45.36598752000001,0.368,trapezoidal_observation_integration,FRP_to_FRE_to_dry_matter_then_IPCC_2019_factors
f2facc63-ee8c-5caa-b2d2-fb6dd312ade4,3fcf3d85-6649-58ab-8868-8e8ff3f4b110,agricultural_burn,cropland,agricultural_residue,2,10836.0,3987.648,6041.286720000001,10.766649600000001,0.27913536000000005,0.368,fallback_frp_1h_assumption,FRP_to_FRE_to_dry_matter_then_IPCC_2019_factors
480dfe77-289f-5792-8aaf-fe0fd3668753,9eae08b8-8a8b-53c3-a56b-117c806387c7,agricultural_burn,cropland,agricultural_residue,2,7956.0,2927.808,4435.6291200000005,7.905081600000001,0.20494656,0.368,fallback_frp_1h_assumption,FRP_to_FRE_to_dry_matter_then_IPCC_2019_factors
fa3ce376-8813-5e7e-b3e9-c8aa762967a6,fb193bb8-d282-56f6-bffc-2f89813d220a,agricultural_burn,cropland,agricultural_residue,2,15696.000000000002,5776.128000000001,8750.833920000001,15.595545600000003,0.4043289600000001,0.368,fallback_frp_1h_assumption,FRP_to_FRE_to_dry_matter_then_IPCC_2019_factors
2693c22a-3f77-5ddb-8eea-9736b427001b,8223077d-6fa0-57a0-9cb1-9e9db5e7e161,agricultural_burn,cropland,agricultural_residue,2,793.8,292.11839999999995,442.55937599999993,0.7887196799999999,0.020448288,0.368,trapezoidal_observation_integration,FRP_to_FRE_to_dry_matter_then_IPCC_2019_factors
8af157f2-9770-5a51-9915-2541205e671e,e6882e61-6e8e-52e3-bbdf-f0f34f1f32da,wildfire,grassland,savanna_grassland,1,23328.0,8584.704,13847.127552,19.7448192,1.80278784,0.368,singleton_frp_1h_assumption,FRP_to_FRE_to_dry_matter_then_IPCC_2019_factors
7e948d1e-d2c5-5b23-9cd5-cdc02d9e0362,dd97f173-dc35-5237-a91e-67a155cf73a9,wildfire,tree_cover,tropical_forest,4,78857.1,29019.412800000002,45850.672224,197.33200704,5.803882560000001,0.368,trapezoidal_observation_integration,FRP_to_FRE_to_dry_matter_then_IPCC_2019_factors
63ffd6c4-f5b4-5116-a0d4-0bcc91100b02,923c4937-e5d9-581f-93c2-e6da3481ca90,agricultural_burn,cropland,agricultural_residue,3,4057.2,1493.0495999999998,2261.970144,4.03123392,0.104513472,0.368,trapezoidal_observation_integration,FRP_to_FRE_to_dry_matter_then_IPCC_2019_factors
19fce655-13aa-5baa-9dec-df465abe48f4,11aa4722-4ae9-59d0-b0d0-55552b7587c1,agricultural_burn,cropland,agricultural_residue,2,3954.0,1455.072,2204.4340799999995,3.9286944,0.10185504000000001,0.368,trapezoidal_observation_integration,FRP_to_FRE_to_dry_matter_then_IPCC_2019_factors
d5e97dc4-dc98-5143-87da-198d2edbb9e2,d6dc83ba-f895-5818-b529-08160177c4a6,agricultural_burn,cropland,agricultural_residue,9,59256.0,21806.208,33036.405119999996,58.876761599999995,1.5264345600000002,0.368,fallback_frp_1h_assumption,FRP_to_FRE_to_dry_matter_then_IPCC_2019_factors
9dafd685-83a2-5597-b274-6b3225c07e6f,86ad40d7-8723-5ce3-a0f5-fe845635014a,agricultural_burn,cropland,agricultural_residue,3,2450.7000000000003,901.8576,1366.3142639999999,2.4350155200000003,0.063130032,0.368,trapezoidal_observation_integration,FRP_to_FRE_to_dry_matter_then_IPCC_2019_factors
cc4bd73c-9b07-59cb-9740-03ab52c9a6b5,b7b63a13-1935-532e-8e77-61bedcd7582f,agricultural_burn,cropland,agricultural_residue,2,7396.2,2721.8016,4123.529423999999,7.34886432,0.19052611200000003,0.368,trapezoidal_observation_integration,FRP_to_FRE_to_dry_matter_then_IPCC_2019_factors
ee1f0fbb-99fe-52de-a2ee-62513e3bd4fc,c2f50062-201c-5ec5-b7fa-5065a9cbd591,agricultural_burn,cropland,agricultural_residue,2,12708.0,4676.544,7084.96416,12.626668800000001,0.32735808000000005,0.368,fallback_frp_1h_assumption,FRP_to_FRE_to_dry_matter_then_IPCC_2019_factors
051bc991-6cae-5d84-94a4-c51d13c16513,ca4ea282-60f3-5d91-bf21-f021a1f5e62c,agricultural_burn,cropland,agricultural_residue,3,3288.6000000000004,1210.2048000000002,1833.4602720000003,3.267552960000001,0.08471433600000002,0.368,trapezoidal_observation_integration,FRP_to_FRE_to_dry_matter_then_IPCC_2019_factors
fed47ed1-071f-5ff8-8c75-3144a6afe2fa,c03b73ec-0517-5366-a4c4-4fe6224af862,agricultural_burn,cropland,agricultural_residue,1,43668.0,16069.824,24345.783359999998,43.388524800000006,1.12488768,0.368,singleton_frp_1h_assumption,FRP_to_FRE_to_dry_matter_then_IPCC_2019_factors
53c516dc-5df2-5756-be43-0c096388aa57,cdd46c50-b090-5d78-84c2-a248f9102380,agricultural_burn,cropland,agricultural_residue,2,15840.000000000002,5829.120000000001,8831.116800000002,15.738624000000003,0.4080384000000001,0.368,fallback_frp_1h_assumption,FRP_to_FRE_to_dry_matter_then_IPCC_2019_factors
