event_id,event_timestamp,event_latitude,event_longitude,classification,landcover_class,cropland_fraction,forest_fraction,built_up_fraction,emission_source,emissions_eligibility,eligibility_reason
7fd5cbb1-881f-50a9-9ca0-022505581bcd,2023-01-01 07:48:00+00:00,21.72788,72.90686,mixed_or_uncertain,cropland,0.884418901660281,0.0555555555555556,0.0600255427841635,,not_eligible,No supported PHOENIX emissions classification.
1ae62e9d-b49e-5f80-9f01-27c0b24d2386,2023-01-01 20:17:00+00:00,21.6834775,72.5326466666667,industrial,bare_sparse_vegetation,0.0459770114942529,0.109833971902937,0.417624521072797,,not_eligible,No supported PHOENIX emissions classification.
33504b50-a84c-5d39-829b-0e42c9e027ee,2023-01-01 21:06:00+00:00,21.37949,72.95348,mixed_or_uncertain,cropland,0.444125159642401,0.277458492975734,0.251277139208174,,not_eligible,No supported PHOENIX emissions classification.
9b4e8952-fb54-51ba-b8c1-e067dd855560,2023-01-01 21:06:00+00:00,21.42607,72.96349,mixed_or_uncertain,cropland,0.615900383141762,0.373563218390805,0.000957854406130268,,not_eligible,No supported PHOENIX emissions classification.
9f6baf4f-8327-5052-bf24-cd8699a91baa,2023-01-02 08:18:00+00:00,21.56251,72.90401,mixed_or_uncertain,cropland,0.644316730523627,0.309386973180077,0.000319284802043423,,not_eligible,No supported PHOENIX emissions classification.
b85aafe7-3be7-5f54-a08d-15b6346410f9,2023-01-02 09:10:00+00:00,21.75424,72.67329,mixed_or_uncertain,cropland,0.809386973180077,0.127075351213282,0.0,,not_eligible,No supported PHOENIX emissions classification.
0b5fe1e4-0514-521e-9113-6f84ed1f0d0c,2023-01-03 08:51:00+00:00,21.407705,72.867675,mixed_or_uncertain,cropland,0.876756066411239,0.123243933588761,0.0,,not_eligible,No supported PHOENIX emissions classification.
59bada94-d4f3-5493-a722-1249fe089ae0,2023-01-03 20:28:00+00:00,21.35139,72.91062,mixed_or_uncertain,cropland,0.676564495530013,0.323435504469987,0.0,,not_eligible,No supported PHOENIX emissions classification.
7fc9c1e3-5a90-578c-81d9-be0c743342fc,2023-01-03 20:28:00+00:00,21.60351,72.9931,mixed_or_uncertain,cropland,0.573116219667944,0.414431673052363,0.0124521072796935,,not_eligible,No supported PHOENIX emissions classification.
827fd5cd-03dd-501c-bc78-48ba0abbb9c3,2023-01-03 20:28:00+00:00,21.90588,72.75584,mixed_or_uncertain,cropland,0.806832694763729,0.179757343550447,0.0134099616858238,,not_eligible,No supported PHOENIX emissions classification.
8d4de349-959b-5092-aa53-9181f70ea2ca,2023-01-03 20:28:00+00:00,21.6839006666667,72.5329966666666,industrial,bare_sparse_vegetation,0.0421455938697318,0.0977011494252874,0.400702426564496,,not_eligible,No supported PHOENIX emissions classification.
1fe8d8b5-d741-5606-9ea9-6f266b84172d,2023-01-04 07:41:00+00:00,21.72957,72.7381866666667,mixed_or_uncertain,cropland,0.907407407407407,0.0900383141762452,0.0,,not_eligible,No supported PHOENIX emissions classification.
bd27debe-fe1a-5e59-bd47-2511aa9f5b25,2023-01-04 08:32:00+00:00,21.754795,72.655955,mixed_or_uncertain,cropland,0.705300127713921,0.217752234993614,0.0376756066411239,,not_eligible,No supported PHOENIX emissions classification.
007c3c45-0405-5028-b41d-7875a1b16b40,2023-01-05 08:13:00+00:00,22.008315,72.941275,mixed_or_uncertain,cropland,0.931992337164751,0.068007662835249,0.0,,not_eligible,No supported PHOENIX emissions classification.
5e18a55b-d905-5d05-a545-4aec609a2754,2023-01-05 08:13:00+00:00,21.63199,72.89672,mixed_or_uncertain,cropland,0.824712643678161,0.175287356321839,0.0,,not_eligible,No supported PHOENIX emissions classification.
66fb25be-04bd-5a3c-86ac-d3ad4d4ab332,2023-01-05 08:13:00+00:00,21.837215,72.84507,mixed_or_uncertain,cropland,0.704980842911877,0.191890166028097,0.0565134099616858,,not_eligible,No supported PHOENIX emissions classification.
6c6eee2c-314d-5ed6-9cc6-291eaecd5f4d,2023-01-05 08:13:00+00:00,21.51325,72.7412,mixed_or_uncertain,cropland,0.984993614303959,0.0150063856960409,0.0,,not_eligible,No supported PHOENIX emissions classification.
752752b6-5297-59cb-9b14-639647cc28f1,2023-01-05 08:13:00+00:00,22.00529,72.87985,mixed_or_uncertain,cropland,0.676245210727969,0.289591315453384,0.0341634738186462,,not_eligible,No supported PHOENIX emissions classification.
7b28beb5-ecba-59fc-b298-9c8276b44b41,2023-01-05 08:13:00+00:00,21.89743,72.90402,mixed_or_uncertain,cropland,0.385696040868455,0.299169859514687,0.295338441890166,,not_eligible,No supported PHOENIX emissions classification.
8d4cc4f6-dfe0-5ccd-81a5-40232eeac415,2023-01-05 08:13:00+00:00,21.871485,72.681065,mixed_or_uncertain,cropland,0.706577266922095,0.265325670498084,0.0220306513409962,,not_eligible,No supported PHOENIX emissions classification.
cecf28ec-1481-54df-81b8-bd1c3aa7a119,2023-01-05 08:13:00+00:00,21.896265,72.91826,mixed_or_uncertain,cropland,0.873563218390805,0.126436781609195,0.0,,not_eligible,No supported PHOENIX emissions classification.
f404b23e-e98e-59d1-b3f2-66e3f138f20b,2023-01-05 20:42:00+00:00,21.6848014285714,72.5330714285714,industrial,bare_sparse_vegetation,0.0383141762452107,0.116858237547893,0.351213282247765,,not_eligible,No supported PHOENIX emissions classification.
2d708e47-7234-56f5-818d-0ce578d31117,2023-01-06 07:55:00+00:00,21.7678,72.62977,mixed_or_uncertain,cropland,0.765006385696041,0.132822477650064,0.0721583652618135,,not_eligible,No supported PHOENIX emissions classification.
853d85d9-403f-5170-9d51-cb874a9ce3eb,2023-01-06 20:23:00+00:00,22.098105,72.6302,mixed_or_uncertain,cropland,0.946040868454662,0.0539591315453384,0.0,,not_eligible,No supported PHOENIX emissions classification.
7fd07e98-6e29-53fd-bc2a-19077b05cafc,2023-01-07 07:36:00+00:00,21.39622,72.9093,mixed_or_uncertain,cropland,0.600893997445722,0.399106002554278,0.0,,not_eligible,No supported PHOENIX emissions classification.
045cdf5e-72ba-51ab-822d-a737f645f64f,2023-01-07 20:04:00+00:00,21.682847,72.532257,industrial,bare_sparse_vegetation,0.0501277139208174,0.13058748403576,0.400702426564496,,not_eligible,No supported PHOENIX emissions classification.
c3cd95a3-dd7b-5ec4-8b70-14c25ffb08e3,2023-01-08 08:06:00+00:00,21.751826,72.67816,industrial,cropland,0.924648786717752,0.0753512132822478,0.0,,not_eligible,No supported PHOENIX emissions classification.
cada9523-4f42-5a2a-a2f8-3828449cd039,2023-01-08 08:06:00+00:00,21.73709,72.67367,mixed_or_uncertain,cropland,0.793103448275862,0.124840357598978,0.0501277139208174,,not_eligible,No supported PHOENIX emissions classification.
09c5bf96-cf55-5589-b183-1de2c23718bb,2023-01-08 08:57:00+00:00,21.883995,72.652305,mixed_or_uncertain,bare_sparse_vegetation,0.236590038314176,0.102809706257982,0.014367816091954,,not_eligible,No supported PHOENIX emissions classification.
20ab73f4-dd47-57bb-917b-3f6a946aa3d6,2023-01-08 08:57:00+00:00,21.499135,72.98833,mixed_or_uncertain,cropland,0.954342273307791,0.0456577266922095,0.0,,not_eligible,No supported PHOENIX emissions classification.
78b9faf4-9de1-59ce-b158-5d4744c035a6,2023-01-08 08:57:00+00:00,21.77915,72.61569,mixed_or_uncertain,cropland,0.686781609195402,0.312899106002554,0.0,,not_eligible,No supported PHOENIX emissions classification.
17f6f6f5-3636-555a-9b3c-160c69a54ab0,2023-01-08 21:26:00+00:00,21.90535,72.75705,mixed_or_uncertain,cropland,0.668901660280971,0.305874840357599,0.0252234993614304,,not_eligible,No supported PHOENIX emissions classification.
39ce90dc-2902-5a3f-a234-ff38cff8323d,2023-01-09 08:39:00+00:00,22.09786,72.54313,mixed_or_uncertain,shrubland,0.000638569604086846,0.650383141762452,0.0,,not_eligible,No supported PHOENIX emissions classification.
1e11ed86-b0eb-5711-a97a-75fbe7e07e00,2023-01-09 20:16:00+00:00,21.6821514285714,72.5323471428571,industrial,built_up,0.0593869731800766,0.147190293742018,0.434865900383142,,not_eligible,No supported PHOENIX emissions classification.
d6dc529b-66ce-5a74-b944-81528c39b9b7,2023-01-09 20:16:00+00:00,21.37861,72.79967,mixed_or_uncertain,cropland,0.902618135376756,0.0973818646232439,0.0,,not_eligible,No supported PHOENIX emissions classification.
60c9f08e-02da-54e3-8a7a-2ce6b34f63ae,2023-01-10 08:20:00+00:00,21.44707,72.8073,mixed_or_uncertain,cropland,0.799808429118774,0.182630906768838,0.0175606641123883,,not_eligible,No supported PHOENIX emissions classification.
e4f4db61-bf18-5f07-8787-05e50ecb305e,2023-01-10 21:37:00+00:00,21.36484,72.84721,mixed_or_uncertain,cropland,0.7742656449553,0.224137931034483,0.00159642401021711,,not_eligible,No supported PHOENIX emissions classification.
b576db13-417d-5da3-b2f5-c0339478253e,2023-01-11 08:01:00+00:00,22.08704,72.65562,mixed_or_uncertain,cropland,0.921775223499361,0.0782247765006386,0.0,,not_eligible,No supported PHOENIX emissions classification.
3e1d5990-3f92-5315-a21c-a8fef25366f8,2023-01-11 21:18:00+00:00,21.6823822222222,72.5325277777778,industrial,built_up,0.0571519795657727,0.141123882503193,0.449233716475096,,not_eligible,No supported PHOENIX emissions classification.
eabfadfb-21da-5e71-8a4d-412bc82e91dd,2023-01-12 07:42:00+00:00,21.4122,72.83345,mixed_or_uncertain,cropland,0.895274584929757,0.104725415070243,0.0,,not_eligible,No supported PHOENIX emissions classification.
c1b9aae9-a9d3-5627-bf81-6bb5ae2b9d28,2023-01-12 08:31:00+00:00,21.57868,72.83266,mixed_or_uncertain,cropland,0.71264367816092,0.27522349936143,0.0121328224776501,,not_eligible,No supported PHOENIX emissions classification.
11a24098-b41a-5bb8-bf1b-3288518277cd,2023-01-13 08:12:00+00:00,22.00392,72.87775,mixed_or_uncertain,cropland,0.766283524904215,0.232120051085568,0.0,,not_eligible,No supported PHOENIX emissions classification.
14bbef53-1355-5d67-9f19-a9fef77cae4a,2023-01-13 08:12:00+00:00,21.836495,72.8463875,mixed_or_uncertain,cropland,0.806513409961686,0.112068965517241,0.0498084291187739,,not_eligible,No supported PHOENIX emissions classification.
2a13cb20-ec66-5627-a790-599db8367a52,2023-01-13 08:12:00+00:00,21.71867,72.74928,mixed_or_uncertain,cropland,0.725415070242657,0.229246487867178,0.0207535121328225,,not_eligible,No supported PHOENIX emissions classification.
2b945ff6-c239-5a40-b638-cdbbe0958457,2023-01-13 08:12:00+00:00,22.00779,72.93683,mixed_or_uncertain,cropland,0.906449553001277,0.0935504469987229,0.0,,not_eligible,No supported PHOENIX emissions classification.
2ceafa72-e5ca-54f4-a466-440ca6378ff2,2023-01-13 08:12:00+00:00,22.07781,72.8466175,mixed_or_uncertain,cropland,0.573116219667944,0.254469987228608,0.169220945083014,,not_eligible,No supported PHOENIX emissions classification.
8aa54cd5-da27-52e3-ab43-d981f6852039,2023-01-13 08:12:00+00:00,21.87299,72.68066,mixed_or_uncertain,cropland,0.653575989782886,0.203703703703704,0.133780332056194,,not_eligible,No supported PHOENIX emissions classification.
bb060f7f-e436-5612-900e-f608585f1be6,2023-01-13 08:12:00+00:00,22.0037866666667,72.89108,mixed_or_uncertain,cropland,0.895913154533844,0.104086845466156,0.0,,not_eligible,No supported PHOENIX emissions classification.
c7dc94b6-f257-5494-ab2b-c886065f8579,2023-01-13 08:12:00+00:00,22.00394,72.94153,mixed_or_uncertain,cropland,0.873563218390805,0.124201787994891,0.0,,not_eligible,No supported PHOENIX emissions classification.
e6798210-e741-570c-9241-193ad4fa15a3,2023-01-13 08:12:00+00:00,21.8953633333333,72.9161733333333,mixed_or_uncertain,cropland,1.0,0.0,0.0,,not_eligible,No supported PHOENIX emissions classification.
f87bb39f-b346-5a0c-a6e3-133ca90ae64d,2023-01-13 08:12:00+00:00,21.98836,72.88863,mixed_or_uncertain,cropland,0.887292464878672,0.112707535121328,0.0,,not_eligible,No supported PHOENIX emissions classification.
aa8e867c-1744-54c2-89bf-40f5e96db70a,2023-01-13 09:04:00+00:00,21.46958,72.8337,mixed_or_uncertain,cropland,0.942209450830141,0.0577905491698595,0.0,,not_eligible,No supported PHOENIX emissions classification.
fdb54ef8-e397-5a90-95e8-0c8fe9c3e7b1,2023-01-13 09:04:00+00:00,21.760445,72.620115,mixed_or_uncertain,cropland,0.903575989782886,0.0961047254150702,0.0,,not_eligible,No supported PHOENIX emissions classification.
5458a16f-829e-5547-a8ae-fe7d281ad689,2023-01-13 20:41:00+00:00,21.47508,72.97594,mixed_or_uncertain,cropland,0.780012771392082,0.219987228607918,0.0,,not_eligible,No supported PHOENIX emissions classification.
7bd0ca35-1f0c-5c21-b965-9d69470ae99e,2023-01-13 21:32:00+00:00,21.6833011111111,72.5326088888889,industrial,built_up,0.0498084291187739,0.111749680715198,0.424010217113665,,not_eligible,No supported PHOENIX emissions classification.
56817f18-7070-59b9-a284-8cda2c99cdfb,2023-01-14 07:53:00+00:00,21.72261,72.69061,mixed_or_uncertain,cropland,0.81066411238825,0.185823754789272,0.0,,not_eligible,No supported PHOENIX emissions classification.
7beb203f-b637-5911-8b72-f352036ed81c,2023-01-14 07:53:00+00:00,21.986215,72.754035,mixed_or_uncertain,grassland,0.310025542784163,0.514367816091954,0.0,,not_eligible,No supported PHOENIX emissions classification.
b10c66a3-e414-5f95-8ece-4b23175ee43b,2023-01-14 07:53:00+00:00,21.66186,72.95934,mixed_or_uncertain,tree_cover,0.351851851851852,0.648148148148148,0.0,,not_eligible,No supported PHOENIX emissions classification.
2b877a20-ab4b-52b9-ac28-39ab4df5cd47,2023-01-14 08:45:00+00:00,21.54518,72.89423,mixed_or_uncertain,cropland,0.984035759897829,0.0159642401021711,0.0,,not_eligible,No supported PHOENIX emissions classification.
8f942dd0-1425-51bf-b518-11722a791b38,2023-01-14 08:45:00+00:00,22.07113,72.67049,mixed_or_uncertain,cropland,0.966794380587484,0.033205619412516,0.0,,not_eligible,No supported PHOENIX emissions classification.
c8884f1b-45f8-5ea3-aafe-fbaba9615d0e,2023-01-14 08:45:00+00:00,21.75962,72.63911,mixed_or_uncertain,cropland,0.984355044699872,0.0156449553001277,0.0,,not_eligible,No supported PHOENIX emissions classification.
e5a8c1f2-b0ce-52c8-9fc6-a3eee40cc4f1,2023-01-15 07:34:00+00:00,21.486112,72.88431,mixed_or_uncertain,cropland,0.981800766283525,0.0181992337164751,0.0,,not_eligible,No supported PHOENIX emissions classification.
bdf54519-a7ef-59b0-9690-03d02aca5c7c,2023-01-15 08:26:00+00:00,21.70097,72.6794,mixed_or_uncertain,cropland,0.95242656449553,0.04757343550447,0.0,,not_eligible,No supported PHOENIX emissions classification.
8bdce943-3ede-508d-a053-9b029baa3b8f,2023-01-16 08:07:00+00:00,21.7949,72.65018,mixed_or_uncertain,cropland,0.641123882503193,0.292784163473819,0.0644955300127714,,not_eligible,No supported PHOENIX emissions classification.
bdf2e0d0-0d83-50f8-b7ca-24ec321b2d15,2023-01-16 08:56:00+00:00,21.57229,72.87972,mixed_or_uncertain,cropland,0.9029374201788,0.0737547892720306,0.0233077905491699,,not_eligible,No supported PHOENIX emissions classification.
0703af0b-675c-50e4-8c65-53ba8328e8ac,2023-01-16 20:36:00+00:00,21.40866,72.980385,mixed_or_uncertain,cropland,0.592911877394636,0.382822477650064,0.0,,not_eligible,No supported PHOENIX emissions classification.
765f5af0-2a37-5ede-a810-9870f78baa0f,2023-01-16 20:36:00+00:00,21.42436,72.96156,mixed_or_uncertain,cropland,0.483716475095785,0.458812260536398,0.0530012771392082,,not_eligible,No supported PHOENIX emissions classification.
ab71d14f-e8e5-5116-90fd-f51e8d09a2eb,2023-01-16 21:25:00+00:00,21.6844633333333,72.53379,industrial,bare_sparse_vegetation,0.0293742017879949,0.0740740740740741,0.34514687100894,,not_eligible,No supported PHOENIX emissions classification.
b4724a5b-ea52-5b7d-9da3-b9c5998de955,2023-01-17 07:49:00+00:00,21.76279,72.73113,mixed_or_uncertain,cropland,0.971583652618135,0.0284163473818646,0.0,,not_eligible,No supported PHOENIX emissions classification.
7aba8ee9-7b04-5385-82c9-c9cfcd180404,2023-01-17 08:37:00+00:00,21.47234,72.8358,mixed_or_uncertain,cropland,0.91507024265645,0.0849297573435504,0.0,,not_eligible,No supported PHOENIX emissions classification.
fb549b6e-5aa3-5709-8ac6-74b241b9c859,2023-01-17 08:37:00+00:00,22.08465,72.68626,mixed_or_uncertain,cropland,0.544699872286079,0.353767560664112,0.0862068965517241,,not_eligible,No supported PHOENIX emissions classification.
d3969127-8698-559a-955d-0cf4b5b5e5ec,2023-01-18 07:30:00+00:00,21.90655,72.7555,mixed_or_uncertain,cropland,0.839080459770115,0.147828863346105,0.0130906768837803,,not_eligible,No supported PHOENIX emissions classification.
3fa82252-9179-5ec8-be28-e4ee6e70d43f,2023-01-18 08:18:00+00:00,21.56538,72.93382,mixed_or_uncertain,cropland,0.993295019157088,0.00670498084291188,0.0,,not_eligible,No supported PHOENIX emissions classification.
74870e3e-d95d-5f4b-b761-838844a32d64,2023-01-18 08:18:00+00:00,21.79298,72.64732,mixed_or_uncertain,cropland,0.733716475095785,0.198595146871009,0.00255427841634738,,not_eligible,No supported PHOENIX emissions classification.
dc453d3e-d3a6-59e0-bc43-204d4b488ba7,2023-01-18 08:18:00+00:00,21.38924,72.9163,mixed_or_uncertain,tree_cover,0.425287356321839,0.574712643678161,0.0,,not_eligible,No supported PHOENIX emissions classification.
82509c0e-88c2-5507-9e02-1e426feb7469,2023-01-18 20:47:00+00:00,21.78745,72.99504,mixed_or_uncertain,cropland,0.956257982120051,0.0437420178799489,0.0,,not_eligible,No supported PHOENIX emissions classification.
f8baf306-a919-5daf-a826-9e6d9d5cf9d2,2023-01-18 20:47:00+00:00,21.6326,72.8584,mixed_or_uncertain,cropland,0.915389527458493,0.084610472541507,0.0,,not_eligible,No supported PHOENIX emissions classification.
409c2a1e-2f02-5efe-bec5-8cd53755c80b,2023-01-19 07:59:00+00:00,21.78373,72.82577,mixed_or_uncertain,cropland,0.504789272030651,0.39367816091954,0.022669220945083,,not_eligible,No supported PHOENIX emissions classification.
0d968525-d131-5518-bd33-a225c2dfdb5a,2023-01-19 08:51:00+00:00,21.51701,72.70897,mixed_or_uncertain,cropland,0.908365261813538,0.0916347381864623,0.0,,not_eligible,No supported PHOENIX emissions classification.
286a611f-6129-5e35-a362-12dc509a859f,2023-01-19 08:51:00+00:00,21.42262,72.86494,mixed_or_uncertain,cropland,0.397828863346105,0.490102171136654,0.111749680715198,,not_eligible,No supported PHOENIX emissions classification.
afc46904-182b-55aa-9f6b-1f06730b5644,2023-01-19 08:51:00+00:00,21.84232,72.67659,mixed_or_uncertain,cropland,0.492337164750958,0.293742017879949,0.0,,not_eligible,No supported PHOENIX emissions classification.
62540a22-c391-551f-810e-c40f6b9d1a31,2023-01-20 07:41:00+00:00,21.35143,72.79367,mixed_or_uncertain,cropland,0.855044699872286,0.144955300127714,0.0,,not_eligible,No supported PHOENIX emissions classification.
942e5f19-4eba-5e3c-b3a4-ba3e71769567,2023-01-20 07:41:00+00:00,21.48541,72.85628,mixed_or_uncertain,cropland,0.765006385696041,0.234993614303959,0.0,,not_eligible,No supported PHOENIX emissions classification.
fc06ee57-a0c2-5b61-909f-fdc2b2ad664a,2023-01-20 08:32:00+00:00,21.72057,72.71316,mixed_or_uncertain,cropland,0.92911877394636,0.0466155810983397,0.0242656449553001,,not_eligible,No supported PHOENIX emissions classification.
2db2eb89-fea8-5961-876d-e6e9691fb35e,2023-01-21 08:14:00+00:00,21.895615,72.9181683333333,mixed_or_uncertain,cropland,0.89463601532567,0.10536398467433,0.0,,not_eligible,No supported PHOENIX emissions classification.
31f699c3-1d67-5dce-a776-af0fe6deb70f,2023-01-21 08:14:00+00:00,22.00339,72.88015,mixed_or_uncertain,cropland,0.860791826309068,0.139208173690932,0.0,,not_eligible,No supported PHOENIX emissions classification.
6b8b49ce-2fcf-508f-8718-a3aeedf6def7,2023-01-21 08:14:00+00:00,21.87295,72.68275,mixed_or_uncertain,cropland,0.530970625798212,0.275862068965517,0.136973180076628,,not_eligible,No supported PHOENIX emissions classification.
7082be1a-6a4c-5545-bd73-82c8d75174fb,2023-01-21 08:14:00+00:00,22.00528,72.8918,mixed_or_uncertain,cropland,0.824074074074074,0.175925925925926,0.0,,not_eligible,No supported PHOENIX emissions classification.
8ac04fa0-5c08-5c0d-aa19-2fe0cafc8440,2023-01-21 08:14:00+00:00,21.9882533333333,72.8869866666667,mixed_or_uncertain,cropland,0.7742656449553,0.2257343550447,0.0,,not_eligible,No supported PHOENIX emissions classification.
a5e850be-fe9e-507a-8726-cb9680e8124b,2023-01-21 08:14:00+00:00,21.7424875,72.729915,mixed_or_uncertain,cropland,0.805236270753512,0.116538952745849,0.0,,not_eligible,No supported PHOENIX emissions classification.
bb7505dd-b701-57f8-a39b-e9e1646d0105,2023-01-21 08:14:00+00:00,21.71309,72.66817,mixed_or_uncertain,cropland,0.785121328224777,0.092911877394636,0.114623243933589,,not_eligible,No supported PHOENIX emissions classification.
e2c5049d-e648-545a-8932-4d3039fb7f51,2023-01-21 08:14:00+00:00,21.89784,72.89974,mixed_or_uncertain,cropland,0.507982120051086,0.259259259259259,0.232758620689655,,not_eligible,No supported PHOENIX emissions classification.
e6ac596b-4473-5265-a7f7-661e59287f8d,2023-01-21 08:14:00+00:00,22.007455,72.93736,mixed_or_uncertain,cropland,0.944763729246488,0.0552362707535121,0.0,,not_eligible,No supported PHOENIX emissions classification.
f628da48-93ae-5b95-9ed0-f37b3649e6ff,2023-01-21 08:14:00+00:00,21.83694,72.84698,mixed_or_uncertain,cropland,0.700830140485313,0.155172413793103,0.10536398467433,,not_eligible,No supported PHOENIX emissions classification.
b78d717e-85be-5852-8fe9-555933cd6569,2023-01-21 19:50:00+00:00,21.6952175,72.6014925,industrial,cropland,0.885376756066411,0.0628991060025543,0.0517241379310345,,not_eligible,No supported PHOENIX emissions classification.
8427da77-cf50-5f9b-a739-ec5aa764e88f,2023-01-21 20:42:00+00:00,21.906075,72.75474,mixed_or_uncertain,cropland,0.873243933588761,0.119093231162197,0.00766283524904215,,not_eligible,No supported PHOENIX emissions classification.
41d48a36-45c1-5547-b32b-9918e8f6159a,2023-01-21 20:43:00+00:00,21.3517,72.84698,mixed_or_uncertain,cropland,0.803001277139208,0.192848020434227,0.0041507024265645,,not_eligible,No supported PHOENIX emissions classification.
1b07c095-89f7-58b6-9a17-621187e26d49,2023-01-22 07:55:00+00:00,22.08518,72.68188,mixed_or_uncertain,grassland,0.371328224776501,0.589719029374202,0.0197956577266922,,not_eligible,No supported PHOENIX emissions classification.
c4b07a2b-a911-52d9-8f27-9341d29dfc84,2023-01-22 07:55:00+00:00,21.70687,72.72372,mixed_or_uncertain,cropland,0.766922094508301,0.224457215836526,0.0,,not_eligible,No supported PHOENIX emissions classification.
cceaa398-b1d7-5366-afc4-3b1f846a7199,2023-01-22 07:55:00+00:00,21.72483,72.72026,mixed_or_uncertain,cropland,0.302681992337165,0.434227330779055,0.261494252873563,,not_eligible,No supported PHOENIX emissions classification.
32c07493-f708-5024-af22-acbabf21a81f,2023-01-22 08:43:00+00:00,21.52874,72.79876,mixed_or_uncertain,cropland,0.880906768837803,0.119093231162197,0.0,,not_eligible,No supported PHOENIX emissions classification.
487f8a20-c957-5d25-9150-3a23e80bf843,2023-01-22 08:43:00+00:00,21.58982,72.88021,mixed_or_uncertain,cropland,0.897509578544061,0.102490421455939,0.0,,not_eligible,No supported PHOENIX emissions classification.
776dc3c0-6ff7-5489-8057-2c5cbdc0b2a2,2023-01-23 07:36:00+00:00,21.50873,72.87018,mixed_or_uncertain,cropland,0.783844189016603,0.216155810983397,0.0,,not_eligible,No supported PHOENIX emissions classification.
7a9b5e02-c44f-5211-9923-1ccb75e06ecf,2023-01-23 20:53:00+00:00,21.77784,72.90156,mixed_or_uncertain,built_up,0.014367816091954,0.110472541507024,0.582375478927203,,not_eligible,No supported PHOENIX emissions classification.
5802dec6-2bef-5b2e-a3d0-b03dd2238c93,2023-01-23 21:45:00+00:00,21.7930566666667,72.6495266666667,mixed_or_uncertain,cropland,0.717432950191571,0.228607918263091,0.0,,not_eligible,No supported PHOENIX emissions classification.
11f9599d-9041-5cdf-8ed8-b5ec7b9b8ded,2023-01-24 08:06:00+00:00,21.57076,72.86477,mixed_or_uncertain,cropland,0.942848020434227,0.0571519795657727,0.0,,not_eligible,No supported PHOENIX emissions classification.
1bb005bb-1ab5-535e-b9b3-b0b41e74f4dc,2023-01-24 08:06:00+00:00,21.82341,72.91341,mixed_or_uncertain,cropland,0.983077905491699,0.0169220945083014,0.0,,not_eligible,No supported PHOENIX emissions classification.
8b6853b1-a40a-503e-8943-2bfa56b579de,2023-01-24 08:58:00+00:00,21.76387,72.71995,mixed_or_uncertain,cropland,0.950191570881226,0.0421455938697318,0.0,,not_eligible,No supported PHOENIX emissions classification.
d1dc3835-51fb-5522-af62-0ef0f770e36a,2023-01-24 08:58:00+00:00,21.711855,72.78166,mixed_or_uncertain,cropland,0.758301404853129,0.0625798212005109,0.115900383141762,,not_eligible,No supported PHOENIX emissions classification.
966e69aa-d192-5272-9d69-efc001aefd5f,2023-01-24 20:35:00+00:00,21.56265,72.91698,mixed_or_uncertain,grassland,0.338122605363985,0.419220945083014,0.0826947637292465,,not_eligible,No supported PHOENIX emissions classification.
ae60a86c-344d-52cc-af89-4329d110ef98,2023-01-24 20:35:00+00:00,21.53903,72.85766,mixed_or_uncertain,cropland,0.673371647509579,0.316091954022989,0.010536398467433,,not_eligible,No supported PHOENIX emissions classification.
c898b776-1235-5599-8bb4-5358bcffbf0f,2023-01-24 20:35:00+00:00,21.37984,72.9612,mixed_or_uncertain,cropland,0.421775223499361,0.152298850574713,0.396232439335888,,not_eligible,No supported PHOENIX emissions classification.
9405264f-353f-5ad7-a6b1-e1d39b3af239,2023-01-25 07:47:00+00:00,21.75963,72.6706025,mixed_or_uncertain,cropland,0.994572158365262,0.00255427841634738,0.0028735632183908,,not_eligible,No supported PHOENIX emissions classification.
ffef2904-8db4-5c9a-9fdf-16b830855fb9,2023-01-25 07:47:00+00:00,22.0437133333333,72.5445733333333,industrial,grassland,0.371966794380587,0.627713920817369,0.0,,not_eligible,No supported PHOENIX emissions classification.
09ba9899-38e9-5806-bb63-36b3b3c06a04,2023-01-25 08:39:00+00:00,21.683215,72.95203,mixed_or_uncertain,cropland,0.780012771392082,0.186143039591315,0.0181992337164751,,not_eligible,No supported PHOENIX emissions classification.
400e59a8-7439-5222-a6f7-6e032b652b9b,2023-01-25 08:39:00+00:00,21.43301,72.86276,mixed_or_uncertain,cropland,0.743933588761175,0.256066411238825,0.0,,not_eligible,No supported PHOENIX emissions classification.
f24b158c-324d-57ef-beb6-a09a59f484f0,2023-01-25 21:07:00+00:00,22.02886,72.81147,mixed_or_uncertain,cropland,0.61941251596424,0.379310344827586,0.0,,not_eligible,No supported PHOENIX emissions classification.
7505f5f1-24b8-519c-8d8f-450780aa55d9,2023-01-26 08:20:00+00:00,21.49747,72.95181,mixed_or_uncertain,cropland,0.643997445721584,0.347381864623244,0.0,,not_eligible,No supported PHOENIX emissions classification.
e2853cc1-b283-53fb-896c-493921f6d1c0,2023-01-26 08:20:00+00:00,21.55627,72.89219,mixed_or_uncertain,cropland,0.885376756066411,0.114623243933589,0.0,,not_eligible,No supported PHOENIX emissions classification.
0bc28d85-7aec-55ad-9b85-08fc4b9de34d,2023-01-26 20:49:00+00:00,21.68693,72.53511,mixed_or_uncertain,bare_sparse_vegetation,0.0114942528735632,0.156449553001277,0.290549169859515,,not_eligible,No supported PHOENIX emissions classification.
3542465f-cff7-594b-9832-e320f0da65a0,2023-01-27 08:01:00+00:00,21.46984,72.83602,mixed_or_uncertain,cropland,0.858556832694764,0.141443167305236,0.0,,not_eligible,No supported PHOENIX emissions classification.
6474146a-0534-540d-8d7d-350e39735de6,2023-01-28 21:00:00+00:00,21.90861,72.6813,mixed_or_uncertain,cropland,0.783524904214559,0.196360153256705,0.0102171136653895,,not_eligible,No supported PHOENIX emissions classification.
54630b30-6612-5a1d-869f-fbd0712b1199,2023-01-29 08:12:00+00:00,22.00241,72.89261,mixed_or_uncertain,cropland,0.877713920817369,0.122286079182631,0.0,,not_eligible,No supported PHOENIX emissions classification.
703b7df2-145d-59fd-9ccb-4dc1ea1bfe52,2023-01-29 08:12:00+00:00,21.99041,72.88287,mixed_or_uncertain,cropland,0.628671775223499,0.369093231162197,0.0,,not_eligible,No supported PHOENIX emissions classification.
e7140fa9-9671-5031-bdfc-b666564926f0,2023-01-29 08:12:00+00:00,21.89796,72.89965,mixed_or_uncertain,cropland,0.513409961685824,0.243614303959132,0.242975734355045,,not_eligible,No supported PHOENIX emissions classification.
f74b1930-8de4-5c87-b8d8-2076d090d02a,2023-01-29 20:41:00+00:00,21.56807,72.79839,mixed_or_uncertain,cropland,0.922094508301405,0.0779054916985951,0.0,,not_eligible,No supported PHOENIX emissions classification.
b94e0bff-fe67-58ad-9501-b8075ef5f8e1,2023-01-30 07:53:00+00:00,21.3989,72.78696,mixed_or_uncertain,cropland,0.888888888888889,0.111111111111111,0.0,,not_eligible,No supported PHOENIX emissions classification.
e53af563-b0c7-5a25-bff6-c265db0241c2,2023-01-30 08:45:00+00:00,22.05387,72.74308,mixed_or_uncertain,cropland,0.818007662835249,0.181992337164751,0.0,,not_eligible,No supported PHOENIX emissions classification.
04aa6567-5e2c-50b0-8cc8-941395cfdae5,2023-01-31 08:26:00+00:00,21.854735,72.65323,mixed_or_uncertain,cropland,0.698275862068966,0.25,0.0,,not_eligible,No supported PHOENIX emissions classification.
74c5c5bd-5468-5105-b380-96a218ac9694,2023-01-31 09:15:00+00:00,21.85054,72.65774,mixed_or_uncertain,cropland,0.88250319284802,0.11749680715198,0.0,,not_eligible,No supported PHOENIX emissions classification.
4074802a-7b10-52c6-a055-11582761756e,2023-01-31 20:55:00+00:00,21.68148,72.53374,mixed_or_uncertain,built_up,0.0399106002554278,0.111749680715198,0.525542784163474,,not_eligible,No supported PHOENIX emissions classification.
0c26f4b8-aff1-59d7-a983-0b46cf3a8ff1,2023-02-01 08:07:00+00:00,21.98097,72.771,mixed_or_uncertain,grassland,0.338122605363985,0.61749680715198,0.0,,not_eligible,No supported PHOENIX emissions classification.
ec5042b4-eb65-5bb9-8227-ec58c35fafdc,2023-02-01 08:07:00+00:00,21.49918,72.95161,mixed_or_uncertain,cropland,0.527139208173691,0.377713920817369,0.0,,not_eligible,No supported PHOENIX emissions classification.
c3adb276-ebbf-5f83-b91b-30dbc87a22be,2023-02-01 08:07:00+00:00,21.49678,72.85101,mixed_or_uncertain,cropland,0.667624521072797,0.332375478927203,0.0,,not_eligible,No supported PHOENIX emissions classification.
0713716b-547b-581f-8fb5-dda218861174,2023-02-01 20:36:00+00:00,21.48194,72.96504,mixed_or_uncertain,cropland,0.714240102171137,0.269157088122605,0.016602809706258,,not_eligible,No supported PHOENIX emissions classification.
2f354b9d-ed8a-5b6e-99ff-ece1468fbdb6,2023-02-01 20:36:00+00:00,21.58304,72.98816,mixed_or_uncertain,cropland,0.624201787994891,0.331736909323116,0.0245849297573436,,not_eligible,No supported PHOENIX emissions classification.
471c3aea-6e4b-5391-b56b-5f8330eff5c9,2023-02-02 07:49:00+00:00,22.0230125,72.7703075,mixed_or_uncertain,grassland,0.211685823754789,0.788314176245211,0.0,,not_eligible,No supported PHOENIX emissions classification.
13177769-0995-55f2-a60f-260b81c94240,2023-02-02 08:37:00+00:00,21.4985,72.90031,mixed_or_uncertain,cropland,0.503512132822478,0.322477650063857,0.000957854406130268,,not_eligible,No supported PHOENIX emissions classification.
5631fee7-7031-58be-ab8e-d2fedd8e96b6,2023-02-02 08:37:00+00:00,21.48386,72.87656,mixed_or_uncertain,cropland,0.838761174968072,0.161238825031928,0.0,,not_eligible,No supported PHOENIX emissions classification.
5a5698e1-68f3-58c4-bb3b-b663a5ffeb28,2023-02-02 08:37:00+00:00,21.74918,72.68526,mixed_or_uncertain,cropland,0.470625798212005,0.345466155810983,0.149425287356322,,not_eligible,No supported PHOENIX emissions classification.
656309a5-8133-5b02-b1d2-c975aaaac121,2023-02-02 08:37:00+00:00,21.50242,72.83791,mixed_or_uncertain,cropland,0.893039591315453,0.106960408684547,0.0,,not_eligible,No supported PHOENIX emissions classification.
ee1abfb8-8858-57fc-8406-857a473c3fe3,2023-02-02 08:37:00+00:00,21.51644,72.82566,mixed_or_uncertain,cropland,0.789591315453384,0.186781609195402,0.0,,not_eligible,No supported PHOENIX emissions classification.
a1e6cb85-8a10-572b-a736-0270d5b51ddd,2023-02-03 07:30:00+00:00,21.545095,72.943495,mixed_or_uncertain,cropland,0.918263090676884,0.0817369093231162,0.0,,not_eligible,No supported PHOENIX emissions classification.
84f844ad-f8eb-5d16-9fbb-5dedcf4519c4,2023-02-03 08:18:00+00:00,21.72125,72.71183,mixed_or_uncertain,cropland,0.836206896551724,0.061941251596424,0.0696040868454662,,not_eligible,No supported PHOENIX emissions classification.
79b82310-524e-5d2d-b184-c364fd9e10ae,2023-02-03 09:10:00+00:00,21.35619,72.972795,mixed_or_uncertain,tree_cover,0.47669220945083,0.52330779054917,0.0,,not_eligible,No supported PHOENIX emissions classification.
89fff054-8988-5ba0-a0a7-5781627907a5,2023-02-03 19:58:00+00:00,21.6927975,72.6605725,mixed_or_uncertain,cropland,0.834291187739464,0.165708812260536,0.0,,not_eligible,No supported PHOENIX emissions classification.
206a7d56-71d3-568b-b227-4d1a7ec20327,2023-02-04 07:59:00+00:00,21.50888,72.889155,mixed_or_uncertain,cropland,0.735632183908046,0.264367816091954,0.0,,not_eligible,No supported PHOENIX emissions classification.
50146fff-fca8-5dc4-9282-cf0304bc0586,2023-02-04 07:59:00+00:00,21.5638,72.9408266666667,mixed_or_uncertain,cropland,0.700510855683269,0.299489144316731,0.0,,not_eligible,No supported PHOENIX emissions classification.
75d64e75-c25f-505a-b6f0-2c7440f9d033,2023-02-04 08:51:00+00:00,21.383295,72.83653,mixed_or_uncertain,cropland,0.742337164750958,0.257662835249042,0.0,,not_eligible,No supported PHOENIX emissions classification.
fbc2e49e-f9d9-55ab-ac99-7290fc59b655,2023-02-04 08:51:00+00:00,21.51433,72.87807,mixed_or_uncertain,cropland,0.901979565772669,0.0980204342273308,0.0,,not_eligible,No supported PHOENIX emissions classification.
2237e463-f8b8-56e8-a258-966a5f82009f,2023-02-05 07:41:00+00:00,21.7411225,72.6092825,industrial,cropland,0.871966794380587,0.128033205619413,0.0,,not_eligible,No supported PHOENIX emissions classification.
5c011733-421e-560e-99fa-b196b511f826,2023-02-05 07:41:00+00:00,21.73465,72.73579,mixed_or_uncertain,cropland,0.876117496807152,0.121008939974457,0.0,,not_eligible,No supported PHOENIX emissions classification.
755cb384-5218-5e51-8668-07089c5343d0,2023-02-05 07:41:00+00:00,21.98032,72.78304,mixed_or_uncertain,cropland,0.764367816091954,0.230842911877395,0.0,,not_eligible,No supported PHOENIX emissions classification.
ff8146f7-2a94-572a-80d3-94787490b6d7,2023-02-05 07:41:00+00:00,22.0332033333333,72.7529433333333,mixed_or_uncertain,cropland,0.684865900383142,0.315134099616858,0.0,,not_eligible,No supported PHOENIX emissions classification.
714bc233-858d-5ea7-8a10-789aa2eed3b4,2023-02-05 08:33:00+00:00,21.71656,72.69956,mixed_or_uncertain,cropland,0.97765006385696,0.0223499361430396,0.0,,not_eligible,No supported PHOENIX emissions classification.
87131702-8e5b-54e3-bf68-cbeabc4f3e6c,2023-02-05 21:01:00+00:00,21.74843,72.607355,mixed_or_uncertain,cropland,0.812260536398467,0.187739463601533,0.0,,not_eligible,No supported PHOENIX emissions classification.
670e8394-4d2b-5e78-9975-627d374450e1,2023-02-06 07:22:00+00:00,21.717045,72.762075,mixed_or_uncertain,tree_cover,0.327586206896552,0.524904214559387,0.146551724137931,,not_eligible,No supported PHOENIX emissions classification.
215ed899-3078-5261-90ba-a624affddc53,2023-02-06 08:14:00+00:00,21.89816,72.90077,mixed_or_uncertain,cropland,0.441890166028097,0.245849297573436,0.310983397190294,,not_eligible,No supported PHOENIX emissions classification.
61773197-a3a1-5556-b5ab-feb20b6c570c,2023-02-07 07:55:00+00:00,21.494915,72.859715,mixed_or_uncertain,cropland,0.812899106002554,0.185823754789272,0.0,,not_eligible,No supported PHOENIX emissions classification.
6489f464-8386-5376-b1bb-5f5ad415ad37,2023-02-07 07:55:00+00:00,21.83943,72.8227,mixed_or_uncertain,cropland,0.999680715197957,0.000319284802043423,0.0,,not_eligible,No supported PHOENIX emissions classification.
deba6a2f-5e1d-56de-a125-0015527dd933,2023-02-07 07:55:00+00:00,21.479,72.75379,mixed_or_uncertain,grassland,0.307151979565773,0.686781609195402,0.0,,not_eligible,No supported PHOENIX emissions classification.
404203e3-07a1-5875-862b-97c8eab29171,2023-02-07 08:43:00+00:00,21.42721,72.7096366666667,mixed_or_uncertain,cropland,0.753192848020434,0.245849297573436,0.0,,not_eligible,No supported PHOENIX emissions classification.
70c26393-3715-5903-97ac-40aa2f19a480,2023-02-07 08:43:00+00:00,21.62119,72.925025,mixed_or_uncertain,cropland,0.632183908045977,0.352490421455939,0.0153256704980843,,not_eligible,No supported PHOENIX emissions classification.
147c670d-3342-5205-93ed-8947bbee21e0,2023-02-08 07:36:00+00:00,21.72677,72.66948,mixed_or_uncertain,tree_cover,0.310983397190294,0.666347381864623,0.0111749680715198,,not_eligible,No supported PHOENIX emissions classification.
2c7288f7-bd67-51b3-871b-eb0044861a8e,2023-02-08 07:36:00+00:00,21.617725,72.828705,mixed_or_uncertain,grassland,0.255747126436782,0.744252873563218,0.0,,not_eligible,No supported PHOENIX emissions classification.
bd2407e7-4fa3-5f2e-af3f-cfe16cc4319b,2023-02-08 07:36:00+00:00,22.09622,72.57086,mixed_or_uncertain,cropland,0.832375478927203,0.167624521072797,0.0,,not_eligible,No supported PHOENIX emissions classification.
653ab11a-7c66-5cc6-857f-e474b75e23bb,2023-02-08 08:24:00+00:00,21.44031,72.72939,mixed_or_uncertain,cropland,0.28639846743295,0.365900383141762,0.0,,not_eligible,No supported PHOENIX emissions classification.
770aee7b-afac-5759-a011-c22b3d8d8268,2023-02-08 08:24:00+00:00,21.38459,72.98288,mixed_or_uncertain,cropland,0.538314176245211,0.441890166028097,0.0,,not_eligible,No supported PHOENIX emissions classification.
9b553d8c-3d60-591a-88b6-80ea187a2364,2023-02-08 08:24:00+00:00,21.49399,72.91815,mixed_or_uncertain,cropland,0.922094508301405,0.0779054916985951,0.0,,not_eligible,No supported PHOENIX emissions classification.
d1809578-a677-541d-b9a9-f2a99248e0e1,2023-02-08 20:53:00+00:00,21.59236,72.9996,mixed_or_uncertain,built_up,0.315772669220945,0.190613026819923,0.378352490421456,,not_eligible,No supported PHOENIX emissions classification.
5b5ef62c-68fb-5016-80be-c754c649764a,2023-02-09 08:58:00+00:00,21.39667,72.83685,mixed_or_uncertain,cropland,0.753512132822478,0.245849297573436,0.0,,not_eligible,No supported PHOENIX emissions classification.
9d489a12-95a3-519f-bac3-02e022f977c9,2023-02-09 08:58:00+00:00,21.72003,72.69003,mixed_or_uncertain,cropland,0.649744572158365,0.323116219667944,0.0258620689655172,,not_eligible,No supported PHOENIX emissions classification.
ea8111f2-6f3b-5098-a303-f47e1214fe2f,2023-02-09 08:58:00+00:00,21.71131,72.70767,mixed_or_uncertain,cropland,0.938697318007663,0.0609833971902937,0.0,,not_eligible,No supported PHOENIX emissions classification.
b9944ca4-6abb-5f9d-9f2b-96bb544498e4,2023-02-09 21:26:00+00:00,21.905795,72.756025,mixed_or_uncertain,cropland,0.794699872286079,0.191890166028097,0.0134099616858238,,not_eligible,No supported PHOENIX emissions classification.
56ecd667-6052-5be7-b9b6-774b93e49805,2023-02-10 07:47:00+00:00,21.79711375,72.60426125,industrial,cropland,0.928480204342273,0.0715197956577267,0.0,,not_eligible,No supported PHOENIX emissions classification.
e59f3867-ac35-5057-82a3-2ed7fb23659d,2023-02-10 07:47:00+00:00,21.3589,72.71238,mixed_or_uncertain,cropland,0.96551724137931,0.0261813537675607,0.0,,not_eligible,No supported PHOENIX emissions classification.
e5feda21-dee6-5818-824c-db6a2fab07ff,2023-02-10 07:47:00+00:00,21.8159,72.66235,mixed_or_uncertain,grassland,0.4514687100894,0.522030651340996,0.00670498084291188,,not_eligible,No supported PHOENIX emissions classification.
78cfce10-4404-531e-a6e8-5445306a24bd,2023-02-10 08:39:00+00:00,22.04022,72.74368,mixed_or_uncertain,cropland,0.555874840357599,0.444125159642401,0.0,,not_eligible,No supported PHOENIX emissions classification.
c15cff6b-7c87-5fda-953b-42892605d871,2023-02-10 08:39:00+00:00,22.05196,72.73793,mixed_or_uncertain,cropland,0.807790549169859,0.19220945083014,0.0,,not_eligible,No supported PHOENIX emissions classification.
e520b7c9-895f-520d-ab7b-602d58fe157b,2023-02-10 08:39:00+00:00,21.80255,72.60294,mixed_or_uncertain,cropland,0.890485312899106,0.092911877394636,0.0,,not_eligible,No supported PHOENIX emissions classification.
ec14b270-6ca7-5a79-bb8e-1e80487b67b8,2023-02-10 08:39:00+00:00,22.08337,72.64565,mixed_or_uncertain,cropland,0.906130268199234,0.0938697318007663,0.0,,not_eligible,No supported PHOENIX emissions classification.
3449e1c1-185d-52ba-9d51-d65025c2c97b,2023-02-11 08:20:00+00:00,21.46939,72.92574,mixed_or_uncertain,cropland,0.828863346104725,0.171136653895275,0.0,,not_eligible,No supported PHOENIX emissions classification.
3f8738c8-7ce5-5b10-8078-515e122dea66,2023-02-11 08:20:00+00:00,21.59945,72.82298,mixed_or_uncertain,cropland,0.629310344827586,0.370689655172414,0.0,,not_eligible,No supported PHOENIX emissions classification.
ad1524c7-7a41-5d20-bd55-212fd542260d,2023-02-11 08:20:00+00:00,21.43229,72.98949,mixed_or_uncertain,cropland,0.698275862068966,0.299169859514687,0.0,,not_eligible,No supported PHOENIX emissions classification.
722fa9d3-09e4-5913-b3b5-bfc2e8a54049,2023-02-11 09:08:00+00:00,21.47401,72.90405,mixed_or_uncertain,cropland,0.855683269476373,0.115900383141762,0.0,,not_eligible,No supported PHOENIX emissions classification.
12bddc12-6d54-53c4-84be-84e930d5c33f,2023-02-12 08:01:00+00:00,21.95097,72.79163,mixed_or_uncertain,grassland,0.282886334610473,0.591315453384419,0.00191570881226054,,not_eligible,No supported PHOENIX emissions classification.
73f0a2da-290a-5a48-ac8b-e468ad6a5f40,2023-02-12 08:01:00+00:00,21.51458,72.83131,mixed_or_uncertain,cropland,0.850255427841635,0.149744572158365,0.0,,not_eligible,No supported PHOENIX emissions classification.
d851c780-3510-56b6-8f02-e630da0370db,2023-02-12 08:01:00+00:00,21.52833,72.90647,mixed_or_uncertain,cropland,0.96455938697318,0.0354406130268199,0.0,,not_eligible,No supported PHOENIX emissions classification.
5ea4faa0-e659-5950-a9d3-5da952aa49a5,2023-02-12 08:50:00+00:00,21.97581,72.7523,mixed_or_uncertain,grassland,0.219667943805875,0.662835249042146,0.0,,not_eligible,No supported PHOENIX emissions classification.
70c40d79-0fda-564c-aeb7-ee2af4270e72,2023-02-12 08:50:00+00:00,22.0995,72.7768,mixed_or_uncertain,cropland,0.978927203065134,0.0210727969348659,0.0,,not_eligible,No supported PHOENIX emissions classification.
9e67eaff-6ce0-5c19-b960-eb457f048b0a,2023-02-12 20:30:00+00:00,21.40681,72.98162,mixed_or_uncertain,cropland,0.497445721583653,0.454022988505747,0.000638569604086846,,not_eligible,No supported PHOENIX emissions classification.
d0bfa7b7-fae6-5e00-8adf-ff349000ce95,2023-02-12 20:30:00+00:00,21.43132,72.97481,mixed_or_uncertain,tree_cover,0.38058748403576,0.61941251596424,0.0,,not_eligible,No supported PHOENIX emissions classification.
3c10bb52-bed7-5545-a00c-d485efeff140,2023-02-13 07:42:00+00:00,21.56652,72.875445,mixed_or_uncertain,cropland,0.948595146871009,0.0514048531289911,0.0,,not_eligible,No supported PHOENIX emissions classification.
9311d4c4-e4c3-57d4-903f-2f227f60a3e2,2023-02-13 07:42:00+00:00,21.954225,72.5866225,mixed_or_uncertain,grassland,0.437420178799489,0.538314176245211,0.0,,not_eligible,No supported PHOENIX emissions classification.
03395688-1879-5fb9-997e-2e8ac7b42e3d,2023-02-13 08:31:00+00:00,21.88873,72.78185,mixed_or_uncertain,tree_cover,0.246168582375479,0.705938697318008,0.0478927203065134,,not_eligible,No supported PHOENIX emissions classification.
517a1aa7-8cc6-5d73-8650-93bcb592986f,2023-02-13 08:31:00+00:00,21.45051,72.79438,mixed_or_uncertain,cropland,0.773946360153257,0.215836526181354,0.00223499361430396,,not_eligible,No supported PHOENIX emissions classification.
b23bb660-66eb-5e05-abf1-ec8eb84bece0,2023-02-13 08:31:00+00:00,21.40207,72.78039,mixed_or_uncertain,cropland,0.67911877394636,0.32088122605364,0.0,,not_eligible,No supported PHOENIX emissions classification.
b003f919-5c98-5c1a-8ee1-8f4e7aefa438,2023-02-14 07:24:00+00:00,21.708325,72.68205,industrial,cropland,0.942209450830141,0.0577905491698595,0.0,,not_eligible,No supported PHOENIX emissions classification.
5f533519-13a3-55b7-aad1-72746080d119,2023-02-14 08:12:00+00:00,21.49969,72.74296,mixed_or_uncertain,cropland,0.94029374201788,0.0597062579821201,0.0,,not_eligible,No supported PHOENIX emissions classification.
6c0c0238-0903-5443-9d76-ae6ca1247dac,2023-02-14 08:12:00+00:00,21.39444,72.76616,mixed_or_uncertain,cropland,0.843231162196679,0.156768837803321,0.0,,not_eligible,No supported PHOENIX emissions classification.
e344bc29-e2e4-5e93-876f-2a9a6f5e9093,2023-02-14 09:04:00+00:00,21.590155,72.92626,mixed_or_uncertain,cropland,0.941570881226054,0.0584291187739464,0.0,,not_eligible,No supported PHOENIX emissions classification.
84002dc0-406f-55d3-86ef-64f34ddd243b,2023-02-14 19:52:00+00:00,21.540205,72.81843,mixed_or_uncertain,cropland,0.565453384418902,0.317688378033206,0.0743933588761175,,not_eligible,No supported PHOENIX emissions classification.
bce6e85f-798c-5197-99d2-40988ea06258,2023-02-14 20:41:00+00:00,21.907025,72.7558,mixed_or_uncertain,cropland,0.817369093231162,0.169220945083014,0.0134099616858238,,not_eligible,No supported PHOENIX emissions classification.
2e224c5f-2384-5b22-bd00-82d0a079a591,2023-02-15 07:53:00+00:00,21.3731466666667,72.77363,mixed_or_uncertain,cropland,0.959450830140485,0.0405491698595147,0.0,,not_eligible,No supported PHOENIX emissions classification.
d105faa5-e9b6-5c33-9194-758713adcd30,2023-02-15 07:53:00+00:00,21.861335,72.64645,mixed_or_uncertain,cropland,0.791826309067688,0.167624521072797,0.0,,not_eligible,No supported PHOENIX emissions classification.
e694b590-6b5d-5a1a-8942-02edeb0f6dad,2023-02-15 07:53:00+00:00,21.77397,72.90605,mixed_or_uncertain,cropland,0.854086845466156,0.127394636015326,0.0124521072796935,,not_eligible,No supported PHOENIX emissions classification.
4e8377d8-5a92-5c82-ba66-94ea1079c47f,2023-02-15 08:45:00+00:00,21.5431366666667,72.8832,mixed_or_uncertain,grassland,0.369093231162197,0.630906768837803,0.0,,not_eligible,No supported PHOENIX emissions classification.
7586c5bf-6b60-54a2-9f88-67d47e7fcfab,2023-02-15 08:45:00+00:00,22.02325,72.55057,mixed_or_uncertain,cropland,0.757343550446999,0.101213282247765,0.0,,not_eligible,No supported PHOENIX emissions classification.
cbfa8256-f69e-5042-ac81-7c2a98cf5d66,2023-02-16 20:03:00+00:00,21.699485,72.70421,mixed_or_uncertain,cropland,0.654533844189017,0.342592592592593,0.0,,not_eligible,No supported PHOENIX emissions classification.
103da57b-e3d7-59a9-9e45-94b193661859,2023-02-17 08:07:00+00:00,21.824795,72.70733,mixed_or_uncertain,cropland,0.574393358876118,0.402618135376756,0.0,,not_eligible,No supported PHOENIX emissions classification.
726a1f2d-2602-511d-960b-824bd83f0668,2023-02-17 08:56:00+00:00,21.56124,72.8101,mixed_or_uncertain,cropland,0.936781609195402,0.0632183908045977,0.0,,not_eligible,No supported PHOENIX emissions classification.
10a60c07-f975-5858-a4ff-9f2498414ebf,2023-02-17 20:36:00+00:00,21.89061,72.78018,mixed_or_uncertain,cropland,0.514048531289911,0.457535121328225,0.0284163473818646,,not_eligible,No supported PHOENIX emissions classification.
7117529f-2943-5c5c-ac2c-c175b4e24801,2023-02-17 20:36:00+00:00,21.74615,72.780544,industrial,cropland,0.937420178799489,0.0625798212005109,0.0,,not_eligible,No supported PHOENIX emissions classification.
73095098-543e-5a42-8ebe-7d3010db5765,2023-02-17 20:36:00+00:00,21.36032,72.83225,mixed_or_uncertain,cropland,0.912835249042146,0.0871647509578544,0.0,,not_eligible,No supported PHOENIX emissions classification.
95e99ff2-889e-5af8-9731-a5bf1dad3c69,2023-02-17 20:36:00+00:00,21.698495,72.70458,mixed_or_uncertain,cropland,0.620051085568327,0.371966794380587,0.0,,not_eligible,No supported PHOENIX emissions classification.
2bf4bfdd-60e4-5e4f-a557-3fdfb3d0fd66,2023-02-17 21:25:00+00:00,21.45167,72.95957,mixed_or_uncertain,cropland,0.750319284802043,0.249680715197957,0.0,,not_eligible,No supported PHOENIX emissions classification.
49854ee7-5332-5000-95fb-900ae5f29b9e,2023-02-18 08:37:00+00:00,21.51575,72.96615,mixed_or_uncertain,cropland,0.769795657726692,0.229246487867178,0.000957854406130268,,not_eligible,No supported PHOENIX emissions classification.
4fac3c2b-1cfa-5b73-831f-d7da6d05a162,2023-02-18 08:37:00+00:00,21.76208,72.63585,mixed_or_uncertain,cropland,0.984674329501916,0.0153256704980843,0.0,,not_eligible,No supported PHOENIX emissions classification.
2803b1ce-b42e-5657-a978-c61072098ef8,2023-02-19 08:18:00+00:00,21.37794,72.87722,mixed_or_uncertain,cropland,0.820242656449553,0.130268199233716,0.0379948914431673,,not_eligible,No supported PHOENIX emissions classification.
78485c0c-8c7e-5390-b06a-c3307cc64a8b,2023-02-19 20:47:00+00:00,21.90557,72.75546,mixed_or_uncertain,cropland,0.805555555555556,0.181353767560664,0.0130906768837803,,not_eligible,No supported PHOENIX emissions classification.
98996d4a-8d07-542c-bf89-4678d7e9a162,2023-02-19 20:47:00+00:00,21.44311,72.85961,mixed_or_uncertain,cropland,0.801085568326948,0.198914431673052,0.0,,not_eligible,No supported PHOENIX emissions classification.
3fa72574-1b06-5029-b1d2-14c60ad694c7,2023-02-20 07:59:00+00:00,21.78204,72.72505,mixed_or_uncertain,cropland,0.878033205619413,0.121966794380587,0.0,,not_eligible,No supported PHOENIX emissions classification.
46cb21ee-7387-5f8d-9283-dabfa40e9fc6,2023-02-20 07:59:00+00:00,21.75608,72.66959,mixed_or_uncertain,cropland,0.899744572158365,0.0906768837803321,0.00574712643678161,,not_eligible,No supported PHOENIX emissions classification.
28d0bd15-39a4-559f-a4a7-57d77b493828,2023-02-20 08:00:00+00:00,22.09398,72.55392,mixed_or_uncertain,bare_sparse_vegetation,0.00127713920817369,0.432950191570881,0.0233077905491699,,not_eligible,No supported PHOENIX emissions classification.
99ae35f7-e5b0-5989-8a8a-521c4f9d2896,2023-02-20 08:51:00+00:00,21.49439,72.81983,mixed_or_uncertain,cropland,0.917624521072797,0.0823754789272031,0.0,,not_eligible,No supported PHOENIX emissions classification.
30875261-7070-5428-80fe-0986bf5d83c7,2023-02-21 07:41:00+00:00,21.4828166666667,72.8741333333333,mixed_or_uncertain,cropland,0.590038314176245,0.409003831417625,0.0,,not_eligible,No supported PHOENIX emissions classification.
d28e51d3-2c6f-51fa-8017-2c8d3bd763a0,2023-02-21 07:41:00+00:00,21.375225,72.681525,mixed_or_uncertain,cropland,0.932311621966794,0.0530012771392082,0.0146871008939974,,not_eligible,No supported PHOENIX emissions classification.
f5ba8e43-5708-55f0-9f4b-e8f61b4bf7b7,2023-02-22 20:43:00+00:00,21.56074,72.79625,mixed_or_uncertain,cropland,0.815134099616858,0.184865900383142,0.0,,not_eligible,No supported PHOENIX emissions classification.
753e9eb4-a646-5855-b233-7d4cacc772a4,2023-02-22 21:31:00+00:00,21.90814,72.75647,mixed_or_uncertain,cropland,0.78448275862069,0.185185185185185,0.0303320561941252,,not_eligible,No supported PHOENIX emissions classification.
5be0b826-16d7-51bf-bd07-e869b9d87f21,2023-02-23 07:55:00+00:00,21.770535,72.78091,mixed_or_uncertain,cropland,1.0,0.0,0.0,,not_eligible,No supported PHOENIX emissions classification.
850472fe-b3f7-5a86-8a82-a21d7b37a535,2023-02-23 07:55:00+00:00,21.63448,72.88708,mixed_or_uncertain,cropland,0.915389527458493,0.084610472541507,0.0,,not_eligible,No supported PHOENIX emissions classification.
3a85a381-00c0-59c6-9134-562a75ee278f,2023-02-23 08:43:00+00:00,21.72557,72.72604,mixed_or_uncertain,cropland,0.436462324393359,0.483397190293742,0.0801404853128991,,not_eligible,No supported PHOENIX emissions classification.
a201917f-f0c3-59e3-bc75-e5a569ca7082,2023-02-23 08:43:00+00:00,21.45132,72.87793,mixed_or_uncertain,cropland,0.507982120051086,0.48978288633461,0.0,,not_eligible,No supported PHOENIX emissions classification.
20aeaef7-b5ca-53c7-8002-91e854158328,2023-02-23 21:12:00+00:00,21.39717,72.94614,mixed_or_uncertain,cropland,0.626756066411239,0.14463601532567,0.197318007662835,,not_eligible,No supported PHOENIX emissions classification.
1ffaf3f5-00dc-5abf-990a-294f736e56b3,2023-02-24 08:25:00+00:00,21.42994,72.70387,mixed_or_uncertain,cropland,0.902618135376756,0.0613026819923372,0.0,,not_eligible,No supported PHOENIX emissions classification.
19c310c2-7269-55d6-9806-127b14400d0a,2023-02-25 08:58:00+00:00,21.94908,72.9414,mixed_or_uncertain,cropland,0.850893997445722,0.149106002554278,0.0,,not_eligible,No supported PHOENIX emissions classification.
1a1c6f40-6042-51d7-8f98-20fed7535b1d,2023-02-25 08:58:00+00:00,21.63624,72.94214,mixed_or_uncertain,cropland,0.816730523627075,0.0890804597701149,0.0,,not_eligible,No supported PHOENIX emissions classification.
0b175081-a96d-5b7e-87f1-c98b4f68ec6a,2023-02-25 20:35:00+00:00,21.43186,72.97554,mixed_or_uncertain,tree_cover,0.460408684546616,0.539272030651341,0.0,,not_eligible,No supported PHOENIX emissions classification.
ac1315f7-203c-5be3-a614-aa03d737fccd,2023-02-26 07:47:00+00:00,21.4714,72.74886,mixed_or_uncertain,permanent_water,0.313218390804598,0.139208173690932,0.00638569604086846,,not_eligible,No supported PHOENIX emissions classification.
cb5ac3bb-8b79-52f7-bf15-932318b57ca7,2023-02-26 07:47:00+00:00,21.55086,72.8461,mixed_or_uncertain,cropland,0.873882503192848,0.126117496807152,0.0,,not_eligible,No supported PHOENIX emissions classification.
340a4094-ce0d-570b-b907-0e792a3c85ef,2023-02-26 08:39:00+00:00,21.7504266666667,72.6195633333333,industrial,cropland,0.842911877394636,0.123243933588761,0.0296934865900383,,not_eligible,No supported PHOENIX emissions classification.
d31c8111-0682-56dc-93eb-463c31ea3d27,2023-02-26 08:39:00+00:00,21.68441,72.682435,mixed_or_uncertain,cropland,0.521072796934866,0.440932311621967,0.0,,not_eligible,No supported PHOENIX emissions classification.
da45551c-6938-53ea-a0e9-6d1b8b240b9f,2023-02-26 08:39:00+00:00,21.77131,72.71046,mixed_or_uncertain,cropland,0.788952745849298,0.130906768837803,0.0,,not_eligible,No supported PHOENIX emissions classification.
45830cc4-f1c0-5ab3-877c-d94cee84a4d2,2023-02-26 21:08:00+00:00,21.36749,72.754915,mixed_or_uncertain,cropland,0.870051085568327,0.129948914431673,0.0,,not_eligible,No supported PHOENIX emissions classification.
03945895-e913-5aad-82f8-a9b754394ea8,2023-02-27 08:20:00+00:00,21.47219,72.96145,mixed_or_uncertain,cropland,0.529374201787995,0.28544061302682,0.184865900383142,,not_eligible,No supported PHOENIX emissions classification.
3bf908a6-25a9-5ba9-a73c-94cc940d91f2,2023-02-27 08:20:00+00:00,21.79334,72.64954,mixed_or_uncertain,cropland,0.714878671775223,0.229565772669221,0.00319284802043423,,not_eligible,No supported PHOENIX emissions classification.
f62abf48-6ee9-5deb-b4f7-315e85ad3419,2023-02-27 08:20:00+00:00,21.52219,72.80067,mixed_or_uncertain,cropland,0.942848020434227,0.0571519795657727,0.0,,not_eligible,No supported PHOENIX emissions classification.
5a6af671-8fd3-5789-9732-7d830c009a8e,2023-02-27 09:09:00+00:00,21.52388,72.93277,mixed_or_uncertain,cropland,0.570242656449553,0.409003831417625,0.0,,not_eligible,No supported PHOENIX emissions classification.
7904f3e7-990a-5475-98e3-e021083d5e06,2023-02-27 09:09:00+00:00,21.74614,72.666615,mixed_or_uncertain,cropland,0.409323116219668,0.349616858237548,0.238186462324393,,not_eligible,No supported PHOENIX emissions classification.
6bfd8e84-91ba-5aa7-b308-382ec09c0e4e,2023-02-27 20:49:00+00:00,21.84007,72.88088,mixed_or_uncertain,cropland,0.995210727969349,0.00478927203065134,0.0,,not_eligible,No supported PHOENIX emissions classification.
f29d0d9a-b00e-59ec-a269-489c8a221e99,2023-02-27 20:49:00+00:00,21.496,72.85112,mixed_or_uncertain,cropland,0.693486590038314,0.306513409961686,0.0,,not_eligible,No supported PHOENIX emissions classification.
231363a9-61ba-5163-9de7-b5838a802da8,2023-02-28 08:01:00+00:00,21.48164,72.93812,mixed_or_uncertain,cropland,0.884738186462324,0.115261813537676,0.0,,not_eligible,No supported PHOENIX emissions classification.
8cf45a59-d661-5dc2-9733-c4ea38ee81c1,2023-02-28 08:01:00+00:00,21.76782,72.6278,mixed_or_uncertain,cropland,0.737547892720307,0.175287356321839,0.0689655172413793,,not_eligible,No supported PHOENIX emissions classification.
e8ef49da-acbb-5c0e-9e50-d062d1908f40,2023-02-28 08:01:00+00:00,21.73618,72.595965,industrial,cropland,0.876117496807152,0.119093231162197,0.0,,not_eligible,No supported PHOENIX emissions classification.
d4645801-d450-59fb-add9-6ee2ce3526cc,2023-02-28 20:30:00+00:00,21.36662,72.82481,mixed_or_uncertain,cropland,0.765006385696041,0.234993614303959,0.0,,not_eligible,No supported PHOENIX emissions classification.
0e118d1c-37cd-579c-add0-3a1d03127201,2023-03-01 07:42:00+00:00,21.89186,72.77994,mixed_or_uncertain,cropland,0.717113665389527,0.254469987228608,0.0284163473818646,,not_eligible,No supported PHOENIX emissions classification.
25d37c91-ff9a-513b-8e8c-42a1bf6b1201,2023-03-01 20:11:00+00:00,21.42484,72.99724,mixed_or_uncertain,cropland,0.660600255427842,0.339399744572158,0.0,,not_eligible,No supported PHOENIX emissions classification.
cd6c28fa-376b-52a5-8a44-b259c1b41ed9,2023-03-02 08:12:00+00:00,21.74455,72.66047,mixed_or_uncertain,cropland,0.40389527458493,0.389527458492976,0.0648148148148148,,not_eligible,No supported PHOENIX emissions classification.
0097af7c-8fc5-5424-97b2-ad37f9251233,2023-03-02 09:04:00+00:00,21.47981,72.70811,mixed_or_uncertain,grassland,0.242656449553001,0.621966794380587,0.0,,not_eligible,No supported PHOENIX emissions classification.
1846ccce-c736-5d52-b8eb-2d1c19f48e5f,2023-03-02 09:04:00+00:00,21.686425,72.6563,mixed_or_uncertain,cropland,0.387292464878672,0.199872286079183,0.355044699872286,,not_eligible,No supported PHOENIX emissions classification.
b8fa2510-f56d-512d-83af-c1aae2f1d2b3,2023-03-02 09:04:00+00:00,21.76324,72.72763,mixed_or_uncertain,cropland,0.83205619412516,0.138569604086845,0.0293742017879949,,not_eligible,No supported PHOENIX emissions classification.
4a057768-b091-5899-b3fb-d58a1c34ba4f,2023-03-02 20:41:00+00:00,21.82683,72.92191,mixed_or_uncertain,cropland,0.877394636015326,0.122605363984674,0.0,,not_eligible,No supported PHOENIX emissions classification.
d81189a8-68cb-5233-8451-2c2a7ecfdb36,2023-03-02 20:41:00+00:00,21.90786,72.75674,mixed_or_uncertain,cropland,0.760536398467433,0.18933588761175,0.0501277139208174,,not_eligible,No supported PHOENIX emissions classification.
42d27fa6-d6a7-54e6-85a7-879eb2cf42c3,2023-03-03 07:53:00+00:00,21.6105,72.88701,mixed_or_uncertain,cropland,0.590996168582375,0.400702426564496,0.00830140485312899,,not_eligible,No supported PHOENIX emissions classification.
e892f0e1-af93-55e2-9a08-172ff1c9e726,2023-03-03 07:53:00+00:00,21.36609,72.9836,mixed_or_uncertain,cropland,0.691890166028097,0.28544061302682,0.0169220945083014,,not_eligible,No supported PHOENIX emissions classification.
ec17f38f-bcc7-5cb4-80ba-374403d0a0b0,2023-03-03 07:53:00+00:00,21.9476,72.88827,mixed_or_uncertain,cropland,0.947956577266922,0.0520434227330779,0.0,,not_eligible,No supported PHOENIX emissions classification.
51fbe2c2-e739-58a9-ac90-5ae8dba4f1ff,2023-03-03 07:54:00+00:00,22.07509,72.25737,mixed_or_uncertain,cropland,0.568646232439336,0.170178799489144,0.00574712643678161,,not_eligible,No supported PHOENIX emissions classification.
2106d6c2-de22-58e7-a8cc-b67cae383e90,2023-03-03 08:45:00+00:00,21.36139,72.67448,mixed_or_uncertain,tree_cover,0.205619412515964,0.675287356321839,0.0779054916985951,,not_eligible,No supported PHOENIX emissions classification.
07128cb3-e3a6-57c7-8da6-72c8bf68c843,2023-03-04 07:35:00+00:00,21.72738,72.701245,mixed_or_uncertain,cropland,0.813537675606641,0.0941890166028097,0.0028735632183908,,not_eligible,No supported PHOENIX emissions classification.
15769232-da93-5a75-b757-6a0994b7df4e,2023-03-04 07:35:00+00:00,21.5613,72.9749,mixed_or_uncertain,cropland,0.793422733077905,0.206577266922095,0.0,,not_eligible,No supported PHOENIX emissions classification.
83fc767b-87ec-5f82-919e-eedf63ebc607,2023-03-04 07:35:00+00:00,21.62551,72.86694,mixed_or_uncertain,cropland,0.66602809706258,0.33397190293742,0.0,,not_eligible,No supported PHOENIX emissions classification.
c0afd5fb-10dc-5520-8924-a32b89abf089,2023-03-04 07:35:00+00:00,21.4579766666667,72.94,mixed_or_uncertain,built_up,0.158365261813538,0.460089399744572,0.297892720306513,,not_eligible,No supported PHOENIX emissions classification.
e1b66602-ad1f-56e2-91fe-cbd87e92911a,2023-03-04 07:35:00+00:00,21.682485,72.63441,mixed_or_uncertain,cropland,0.349616858237548,0.411238825031928,0.0,,not_eligible,No supported PHOENIX emissions classification.
3565b70b-9a1a-5add-9cc2-6468adbee62b,2023-03-04 08:26:00+00:00,21.42994,72.89854,mixed_or_uncertain,cropland,0.352490421455939,0.422733077905492,0.15389527458493,,not_eligible,No supported PHOENIX emissions classification.
6156e31e-4ac2-5f5b-8e7f-fbe56ee70dbc,2023-03-04 08:26:00+00:00,21.49875,72.92228,mixed_or_uncertain,cropland,0.647190293742018,0.245210727969349,0.0,,not_eligible,No supported PHOENIX emissions classification.
818a9ed7-47c4-5951-960c-f55ba82e66f5,2023-03-04 08:26:00+00:00,21.43983,72.70671,mixed_or_uncertain,cropland,0.517560664112388,0.482439335887612,0.0,,not_eligible,No supported PHOENIX emissions classification.
7c251ab8-9a90-5db1-9e4f-17278f519386,2023-03-04 09:15:00+00:00,21.920795,72.707775,mixed_or_uncertain,cropland,0.61941251596424,0.358556832694764,0.00925925925925926,,not_eligible,No supported PHOENIX emissions classification.
d6fda513-f0ba-534b-b49c-1eb6ab2d589b,2023-03-04 20:03:00+00:00,21.9249128571429,72.5552985714286,industrial,cropland,0.519157088122605,0.431034482758621,0.0,,not_eligible,No supported PHOENIX emissions classification.
42be19e7-63e0-579a-bdfe-88960155aa7e,2023-03-04 20:55:00+00:00,22.00084,72.54932,mixed_or_uncertain,cropland,0.478288633461047,0.186781609195402,0.0,,not_eligible,No supported PHOENIX emissions classification.
8ec6bc99-1229-5085-ae97-07b72f7f1eaa,2023-03-04 20:55:00+00:00,21.9591675,72.551765,mixed_or_uncertain,cropland,0.719029374201788,0.0903575989782886,0.0,,not_eligible,No supported PHOENIX emissions classification.
816c5912-4580-5179-810d-4f9b15b417ad,2023-03-05 08:07:00+00:00,21.3927,72.67105,mixed_or_uncertain,cropland,0.659642401021711,0.340357598978289,0.0,,not_eligible,No supported PHOENIX emissions classification.
b94d4a7c-cf95-5882-aa05-26bd6a8c7cec,2023-03-05 08:07:00+00:00,21.73153,72.80164,mixed_or_uncertain,cropland,0.844508301404853,0.155491698595147,0.0,,not_eligible,No supported PHOENIX emissions classification.
fb414384-0bc3-5aa9-b7fb-49a80ab2c562,2023-03-05 08:07:00+00:00,21.35009,72.7837,mixed_or_uncertain,grassland,0.360791826309068,0.639208173690932,0.0,,not_eligible,No supported PHOENIX emissions classification.
fbf8af5f-9d8d-5f67-8ba6-e365ed0f218d,2023-03-05 08:07:00+00:00,21.4276,72.69402,mixed_or_uncertain,cropland,0.718390804597701,0.266922094508301,0.0,,not_eligible,No supported PHOENIX emissions classification.
43e8583f-2b8c-5c18-a504-269788c2762c,2023-03-05 08:08:00+00:00,21.92612,72.67183,mixed_or_uncertain,cropland,0.894955300127714,0.102490421455939,0.0,,not_eligible,No supported PHOENIX emissions classification.
25544117-649c-5ff2-b1a6-d07c5a942b1a,2023-03-05 20:36:00+00:00,21.72814,72.75346,mixed_or_uncertain,cropland,0.790229885057471,0.0437420178799489,0.163473818646232,,not_eligible,No supported PHOENIX emissions classification.
53cc7759-29a4-5492-af5f-95e686e142ed,2023-03-05 20:36:00+00:00,21.57386,72.95625,mixed_or_uncertain,cropland,0.900702426564496,0.0992975734355045,0.0,,not_eligible,No supported PHOENIX emissions classification.
65749899-a02a-52ee-9737-a2c8f7dd52cf,2023-03-05 20:36:00+00:00,21.4338166666667,72.9762566666667,mixed_or_uncertain,cropland,0.511813537675607,0.456577266922094,0.0,,not_eligible,No supported PHOENIX emissions classification.
a8ea3ead-3a8f-5c1f-95ad-53ebbea2db8d,2023-03-05 20:36:00+00:00,21.48952,72.73391,mixed_or_uncertain,grassland,0.364303959131545,0.480523627075351,0.0,,not_eligible,No supported PHOENIX emissions classification.
0902b22a-b65a-54a1-846f-ec02463903e8,2023-03-06 07:49:00+00:00,22.02023,72.72057,mixed_or_uncertain,cropland,0.649106002554278,0.350893997445722,0.0,,not_eligible,No supported PHOENIX emissions classification.
72807c92-5c84-5e03-97a3-f4cc65123ff4,2023-03-06 07:49:00+00:00,21.7401925,72.61064,industrial,cropland,0.897509578544061,0.068007662835249,0.0312899106002554,,not_eligible,No supported PHOENIX emissions classification.
89ed2535-9ce8-5d02-87f4-e1301f3e286d,2023-03-06 07:49:00+00:00,21.82482,72.65887,mixed_or_uncertain,cropland,0.529054916985951,0.237547892720307,0.211047254150702,,not_eligible,No supported PHOENIX emissions classification.
d7f121aa-911b-5647-ba7e-26c80ba8e715,2023-03-06 21:06:00+00:00,21.68251,72.53406,mixed_or_uncertain,built_up,0.0268199233716475,0.0986590038314176,0.457854406130268,,not_eligible,No supported PHOENIX emissions classification.
d9a5c5d9-1cb9-50ac-8715-6e07fd32bf9e,2023-03-07 07:30:00+00:00,21.5495166666667,72.8293966666667,mixed_or_uncertain,cropland,0.697637292464879,0.302362707535121,0.0,,not_eligible,No supported PHOENIX emissions classification.
c8d3b762-4033-546a-97e0-30a2279bd58b,2023-03-07 08:18:00+00:00,21.42945,72.92632,mixed_or_uncertain,tree_cover,0.350255427841635,0.64272030651341,0.0,,not_eligible,No supported PHOENIX emissions classification.
f97fb53a-2716-55d4-a788-ae50ca1a06ff,2023-03-07 08:18:00+00:00,21.49929,72.74969,mixed_or_uncertain,cropland,0.99904214559387,0.000957854406130268,0.0,,not_eligible,No supported PHOENIX emissions classification.
022c50ee-c5c0-58af-a732-bc1dbad857d7,2023-03-07 08:19:00+00:00,22.08357,72.63945,mixed_or_uncertain,cropland,0.797892720306513,0.194444444444444,0.0,,not_eligible,No supported PHOENIX emissions classification.
9cf42ad7-7b71-503f-ba3e-8d1130e033a8,2023-03-07 08:19:00+00:00,21.81926,72.92155,mixed_or_uncertain,cropland,0.789910600255428,0.190932311621967,0.0,,not_eligible,No supported PHOENIX emissions classification.
3692315d-c761-559c-9494-b5cb29c4d529,2023-03-07 19:59:00+00:00,21.69,72.674185,mixed_or_uncertain,cropland,0.576947637292465,0.310344827586207,0.0,,not_eligible,No supported PHOENIX emissions classification.
a61517a7-188b-5e4d-bc31-57059b731987,2023-03-08 08:00:00+00:00,21.44377,72.96862,mixed_or_uncertain,cropland,0.897509578544061,0.102490421455939,0.0,,not_eligible,No supported PHOENIX emissions classification.
3030873d-cad1-5538-a863-55e8c8274a80,2023-03-08 08:51:00+00:00,21.43445,72.70493,mixed_or_uncertain,grassland,0.398786717752235,0.431673052362708,0.0,,not_eligible,No supported PHOENIX emissions classification.
3fdbffc7-3784-5674-8e11-9574016a4651,2023-03-08 08:51:00+00:00,21.568495,72.94819,mixed_or_uncertain,cropland,0.864623243933589,0.135376756066411,0.0,,not_eligible,No supported PHOENIX emissions classification.
537e5e1e-cc4a-5446-a0f5-881aac002f2e,2023-03-08 08:52:00+00:00,21.71956,72.718165,mixed_or_uncertain,cropland,0.96455938697318,0.0354406130268199,0.0,,not_eligible,No supported PHOENIX emissions classification.
fdcb74e6-4bf0-50e9-9f28-894c5126492b,2023-03-08 20:28:00+00:00,22.033955,72.806595,mixed_or_uncertain,cropland,0.888569604086845,0.110153256704981,0.0,,not_eligible,No supported PHOENIX emissions classification.
a6a1b9ef-ce10-59d6-ae27-36f1f562b7ff,2023-03-08 20:29:00+00:00,21.49809,72.8147,mixed_or_uncertain,cropland,0.805236270753512,0.194763729246488,0.0,,not_eligible,No supported PHOENIX emissions classification.
80263511-9d8a-5bb7-bb98-b8cbfcfc292b,2023-03-09 07:41:00+00:00,21.43792,72.7142,mixed_or_uncertain,cropland,0.845785440613027,0.153256704980843,0.0,,not_eligible,No supported PHOENIX emissions classification.
ac648d61-2857-56a4-be5a-deeb80ba75c4,2023-03-09 07:41:00+00:00,21.5156933333333,72.9564866666667,mixed_or_uncertain,grassland,0.412515964240102,0.578224776500639,0.0,,not_eligible,No supported PHOENIX emissions classification.
27da037e-d40b-556d-9c30-29d06f0c37fb,2023-03-09 08:33:00+00:00,21.83,72.8635,mixed_or_uncertain,cropland,0.772669220945083,0.206577266922095,0.0207535121328225,,not_eligible,No supported PHOENIX emissions classification.
21fbdc9a-4968-5aa0-8af7-dc0f0bc0fc6c,2023-03-10 08:14:00+00:00,21.82703,72.65462,mixed_or_uncertain,grassland,0.453065134099617,0.530012771392082,0.0162835249042146,,not_eligible,No supported PHOENIX emissions classification.
89002c32-b12e-53a1-ad47-63c4128bffe7,2023-03-10 08:14:00+00:00,21.43287,72.82189,mixed_or_uncertain,cropland,0.730842911877395,0.259897828863346,0.00925925925925926,,not_eligible,No supported PHOENIX emissions classification.
89c48f44-27c1-551c-9c62-d1e287bb29ec,2023-03-10 08:14:00+00:00,21.62125,72.85101,mixed_or_uncertain,cropland,0.681673052362708,0.318326947637292,0.0,,not_eligible,No supported PHOENIX emissions classification.
f218241f-76c9-5eb7-9a15-faf21cc6d3a8,2023-03-10 08:14:00+00:00,21.709645,72.68066,industrial,cropland,0.742017879948914,0.257982120051086,0.0,,not_eligible,No supported PHOENIX emissions classification.
fe99a4c6-0836-5924-9836-220db205c3c1,2023-03-10 08:14:00+00:00,21.4086,72.81348,mixed_or_uncertain,cropland,0.397509578544061,0.58205619412516,0.0204342273307791,,not_eligible,No supported PHOENIX emissions classification.
79684272-40c9-5c76-a2b4-ead6e43887a3,2023-03-10 09:03:00+00:00,21.56442,72.80587,mixed_or_uncertain,cropland,0.849297573435504,0.150702426564496,0.0,,not_eligible,No supported PHOENIX emissions classification.
79cf1466-6771-59ca-b05c-8db1fabaae41,2023-03-10 09:03:00+00:00,21.74395,72.614425,mixed_or_uncertain,cropland,0.726372924648787,0.154214559386973,0.113346104725415,,not_eligible,No supported PHOENIX emissions classification.
8c04cd24-77f5-5cc6-84a1-38321e9a64a3,2023-03-10 19:51:00+00:00,21.690185,72.64209,mixed_or_uncertain,tree_cover,0.0201149425287356,0.978288633461047,0.00159642401021711,,not_eligible,No supported PHOENIX emissions classification.
328bbdfd-24cf-5973-a811-fef0cc433270,2023-03-10 20:43:00+00:00,21.600355,72.90887,mixed_or_uncertain,cropland,0.966475095785441,0.0335249042145594,0.0,,not_eligible,No supported PHOENIX emissions classification.
869e24c8-ce1f-5199-93bf-486cf498e88e,2023-03-10 20:43:00+00:00,21.92503,72.66705,mixed_or_uncertain,cropland,0.556513409961686,0.155491698595147,0.0,,not_eligible,No supported PHOENIX emissions classification.
91ff6138-f6cd-583d-8629-7e1f90ff7c1c,2023-03-10 20:43:00+00:00,21.43338,72.97792,mixed_or_uncertain,cropland,0.570561941251596,0.42911877394636,0.0,,not_eligible,No supported PHOENIX emissions classification.
72a494e0-c697-554c-9964-add1d842df94,2023-03-11 07:55:00+00:00,21.81248,72.7634,mixed_or_uncertain,cropland,0.85823754789272,0.127075351213282,0.00478927203065134,,not_eligible,No supported PHOENIX emissions classification.
a24abf0f-93fe-5119-9779-42ceb010edae,2023-03-11 07:55:00+00:00,21.501702,72.714582,industrial,cropland,0.990740740740741,0.00925925925925926,0.0,,not_eligible,No supported PHOENIX emissions classification.
d3a87ad2-8a0f-5d53-b731-fc52509f6bac,2023-03-11 07:55:00+00:00,22.0856766666667,72.7133066666667,mixed_or_uncertain,cropland,0.851213282247765,0.148786717752235,0.0,,not_eligible,No supported PHOENIX emissions classification.
ed5f49ac-d819-55bf-8530-c5d4c67c9018,2023-03-11 07:55:00+00:00,21.8590025,72.65709,industrial,cropland,0.5242656449553,0.475095785440613,0.0,,not_eligible,No supported PHOENIX emissions classification.
a2b38d71-e781-5913-9fd6-2b846346f397,2023-03-11 08:44:00+00:00,21.7686,72.6434,mixed_or_uncertain,cropland,0.652618135376756,0.333333333333333,0.0140485312899106,,not_eligible,No supported PHOENIX emissions classification.
a3545bd2-7b2c-585b-9fae-ec041587a722,2023-03-11 08:44:00+00:00,22.07726,72.71699,mixed_or_uncertain,cropland,0.900702426564496,0.0967432950191571,0.0,,not_eligible,No supported PHOENIX emissions classification.
529f3014-b71c-5205-986d-1f809595cab7,2023-03-12 07:36:00+00:00,21.70112,72.6525733333333,industrial,tree_cover,0.180715197956577,0.772669220945083,0.0466155810983397,,not_eligible,No supported PHOENIX emissions classification.
c2993716-e74f-5633-821f-fdf7481d2d26,2023-03-12 07:36:00+00:00,21.699765,72.660105,mixed_or_uncertain,cropland,0.875798212005109,0.104725415070243,0.0194763729246488,,not_eligible,No supported PHOENIX emissions classification.
3a25ac4d-e669-512e-8657-aade79e4cda4,2023-03-12 20:54:00+00:00,21.43154,72.97487,mixed_or_uncertain,tree_cover,0.402298850574713,0.597701149425287,0.0,,not_eligible,No supported PHOENIX emissions classification.
acdc7237-4339-58bd-8d81-081f1c8ae9f7,2023-03-12 20:54:00+00:00,21.38136,72.83008,mixed_or_uncertain,cropland,0.692528735632184,0.307471264367816,0.0,,not_eligible,No supported PHOENIX emissions classification.
d627e994-b938-53d7-8db1-635bbb9a30a7,2023-03-12 20:54:00+00:00,21.74666,72.77793,mixed_or_uncertain,cropland,0.92816091954023,0.0718390804597701,0.0,,not_eligible,No supported PHOENIX emissions classification.
54f6df75-af3f-5aec-ac2b-3d8baf6a7e35,2023-03-13 08:06:00+00:00,21.42382,72.93317,mixed_or_uncertain,cropland,0.606002554278416,0.348978288633461,0.0,,not_eligible,No supported PHOENIX emissions classification.
040313a4-4d16-504a-adcf-eb124e1089bf,2023-03-13 08:58:00+00:00,21.72345,72.76429,mixed_or_uncertain,cropland,0.803001277139208,0.128991060025543,0.0667305236270753,,not_eligible,No supported PHOENIX emissions classification.
2e5b0d95-a994-55c8-b469-5cfc778ab862,2023-03-13 08:58:00+00:00,21.351835,72.86604,mixed_or_uncertain,cropland,0.617816091954023,0.380268199233716,0.00191570881226054,,not_eligible,No supported PHOENIX emissions classification.
3feff3ab-1c4f-5743-a981-16b8cc78476f,2023-03-13 21:27:00+00:00,22.07966,72.57508,mixed_or_uncertain,cropland,0.798212005108557,0.201787994891443,0.0,,not_eligible,No supported PHOENIX emissions classification.
97608b43-f61d-530e-b9b9-51987c7a192f,2023-03-14 07:47:00+00:00,21.79661,72.69318,mixed_or_uncertain,cropland,0.865900383141762,0.122924648786718,0.0,,not_eligible,No supported PHOENIX emissions classification.
a8b428e1-392a-5947-982c-765e0558acf3,2023-03-14 07:47:00+00:00,21.91764,72.72515,mixed_or_uncertain,cropland,0.888569604086845,0.102171136653895,0.0,,not_eligible,No supported PHOENIX emissions classification.
46ed8397-3cb5-542e-a007-39756bcf276e,2023-03-14 08:39:00+00:00,21.92396,72.79448,mixed_or_uncertain,cropland,0.973180076628352,0.0185185185185185,0.00830140485312899,,not_eligible,No supported PHOENIX emissions classification.
9580f9e0-941e-55d3-b0fc-8b34576075e0,2023-03-14 08:39:00+00:00,21.87171,72.67606,mixed_or_uncertain,cropland,0.474137931034483,0.424968071519796,0.0,,not_eligible,No supported PHOENIX emissions classification.
a0be0a74-f1ea-5b41-b5e3-b2390bef4c66,2023-03-15 19:57:00+00:00,21.684795,72.533745,mixed_or_uncertain,bare_sparse_vegetation,0.0274584929757344,0.0833333333333333,0.337803320561941,,not_eligible,No supported PHOENIX emissions classification.
f6b3609f-111e-5e70-86bd-50d1b568b898,2023-03-16 08:01:00+00:00,21.609,72.89135,mixed_or_uncertain,cropland,0.689016602809706,0.282247765006386,0.0268199233716475,,not_eligible,No supported PHOENIX emissions classification.
09cd4f3e-7f19-50a7-b04b-0426753e267e,2023-03-17 07:43:00+00:00,21.53984,72.93587,mixed_or_uncertain,cropland,0.92911877394636,0.0708812260536398,0.0,,not_eligible,No supported PHOENIX emissions classification.
4d8811a9-60d6-5a9e-b607-22b65529b936,2023-03-17 07:43:00+00:00,21.548435,72.911795,mixed_or_uncertain,cropland,0.649744572158365,0.350255427841635,0.0,,not_eligible,No supported PHOENIX emissions classification.
d87c8301-6941-582e-94d0-451b0506830f,2023-03-17 08:31:00+00:00,21.68262,72.65658,mixed_or_uncertain,cropland,0.509897828863346,0.392081736909323,0.000957854406130268,,not_eligible,No supported PHOENIX emissions classification.
d426dec9-0035-594b-8bae-3d792bb0bb5b,2023-03-17 20:11:00+00:00,21.90604,72.7534,mixed_or_uncertain,cropland,0.898148148148148,0.0986590038314176,0.000638569604086846,,not_eligible,No supported PHOENIX emissions classification.
27220e51-b914-531c-94af-c1822a6557c5,2023-03-18 08:12:00+00:00,21.703435,72.68108,industrial,cropland,0.91698595146871,0.0830140485312899,0.0,,not_eligible,No supported PHOENIX emissions classification.
8a1e034b-8d58-5277-b498-c0d9987cac8e,2023-03-18 20:41:00+00:00,21.68465,72.53545,mixed_or_uncertain,bare_sparse_vegetation,0.0153256704980843,0.120689655172414,0.347381864623244,,not_eligible,No supported PHOENIX emissions classification.
83f1e6dc-6c5a-5172-85f1-4e1ac8730463,2023-03-18 21:33:00+00:00,21.90619,72.757515,mixed_or_uncertain,cropland,0.735951468710089,0.193167305236271,0.0708812260536398,,not_eligible,No supported PHOENIX emissions classification.
452c2a08-2d3a-5160-8cce-96ad7dde9fbe,2023-03-19 07:54:00+00:00,21.84847,72.73933,mixed_or_uncertain,cropland,0.978927203065134,0.0111749680715198,0.0,,not_eligible,No supported PHOENIX emissions classification.
65b2c34e-529c-596a-ad73-7a11ddd8547d,2023-03-19 07:54:00+00:00,21.7051,72.87458,mixed_or_uncertain,cropland,0.884738186462324,0.113984674329502,0.000957854406130268,,not_eligible,No supported PHOENIX emissions classification.
bc5c5d4f-679d-5f45-866e-497f79ad4d44,2023-03-19 07:54:00+00:00,21.795185,72.677085,mixed_or_uncertain,cropland,0.895593869731801,0.0836526181353767,0.0,,not_eligible,No supported PHOENIX emissions classification.
c1edad13-cb1b-5b33-bee8-b15247ae27c4,2023-03-19 08:45:00+00:00,21.64503,72.94427,mixed_or_uncertain,cropland,0.60536398467433,0.39463601532567,0.0,,not_eligible,No supported PHOENIX emissions classification.
09dd8d9b-858a-53d7-879d-c19d06422ab0,2023-03-19 08:46:00+00:00,21.7482433333333,72.6952,mixed_or_uncertain,cropland,0.737228607918263,0.262771392081737,0.0,,not_eligible,No supported PHOENIX emissions classification.
5645a51e-7a44-5c02-882c-e3f1894d85f6,2023-03-19 08:46:00+00:00,21.82336,72.68047,mixed_or_uncertain,cropland,0.730523627075351,0.264367816091954,0.0,,not_eligible,No supported PHOENIX emissions classification.
f48b347a-8557-5259-bd53-941f68148577,2023-03-19 08:46:00+00:00,21.69648,72.65443,mixed_or_uncertain,tree_cover,0.247126436781609,0.752873563218391,0.0,,not_eligible,No supported PHOENIX emissions classification.
b1160fac-297c-5364-ab06-67db545d1bec,2023-03-20 07:35:00+00:00,21.8253,72.72355,mixed_or_uncertain,cropland,0.994252873563218,0.00383141762452107,0.0,,not_eligible,No supported PHOENIX emissions classification.
121321c7-82b0-5929-b37b-e21249d76070,2023-03-20 08:27:00+00:00,21.54999,72.78809,mixed_or_uncertain,cropland,0.871966794380587,0.128033205619413,0.0,,not_eligible,No supported PHOENIX emissions classification.
394ce939-6631-5761-aedc-b42d3217ba52,2023-03-21 08:56:00+00:00,22.04914,72.712135,mixed_or_uncertain,cropland,0.984355044699872,0.0156449553001277,0.0,,not_eligible,No supported PHOENIX emissions classification.
58df86e3-5266-5267-bbed-63268e559a11,2023-03-22 07:49:00+00:00,21.96826,72.66829,mixed_or_uncertain,grassland,0.212962962962963,0.73690932311622,0.0,,not_eligible,No supported PHOENIX emissions classification.
b55e0e04-0f72-5a30-9894-0b92609c1c54,2023-03-22 08:37:00+00:00,21.43104,72.90989,mixed_or_uncertain,tree_cover,0.36749680715198,0.608876117496807,0.0204342273307791,,not_eligible,No supported PHOENIX emissions classification.
07844bd6-be3f-5b04-960f-716a854ed5b4,2023-03-22 08:38:00+00:00,22.0795,72.62345,mixed_or_uncertain,grassland,0.453703703703704,0.527139208173691,0.0,,not_eligible,No supported PHOENIX emissions classification.
45b60d43-f02f-5cd8-822f-1fdb28a792e9,2023-03-22 08:38:00+00:00,21.76269,72.73425,mixed_or_uncertain,cropland,0.965197956577267,0.0348020434227331,0.0,,not_eligible,No supported PHOENIX emissions classification.
af155cb5-88aa-5072-8c9b-9caec58ab146,2023-03-23 07:30:00+00:00,21.81291,72.6389,mixed_or_uncertain,cropland,0.782567049808429,0.19220945083014,0.0,,not_eligible,No supported PHOENIX emissions classification.
80f0a5ec-f8c8-5203-8946-ac46921dbb17,2023-03-23 08:19:00+00:00,21.9194,72.67327,mixed_or_uncertain,cropland,0.574712643678161,0.418582375478927,0.0,,not_eligible,No supported PHOENIX emissions classification.
b8a8a274-2275-5b56-ae2f-38312f276b0b,2023-03-23 08:19:00+00:00,21.71325,72.72506,mixed_or_uncertain,cropland,0.953703703703704,0.0462962962962963,0.0,,not_eligible,No supported PHOENIX emissions classification.
edd26362-c273-5ebc-a939-536c21cd01fb,2023-03-24 08:00:00+00:00,21.55194,72.80028,mixed_or_uncertain,cropland,0.817688378033206,0.182311621966794,0.0,,not_eligible,No supported PHOENIX emissions classification.
8497e5ad-5ce6-5b70-9cb7-18c94b2d3a74,2023-03-24 08:00:00+00:00,21.56376,72.88622,mixed_or_uncertain,cropland,0.911238825031928,0.0887611749680715,0.0,,not_eligible,No supported PHOENIX emissions classification.
c39693d9-9871-55df-8a9d-f6201c174c5b,2023-03-24 08:52:00+00:00,21.79211,72.91916,mixed_or_uncertain,cropland,0.960089399744572,0.0399106002554278,0.0,,not_eligible,No supported PHOENIX emissions classification.
e0275c91-bba2-52e6-bf91-a8bfabcca23b,2023-03-24 08:52:00+00:00,22.05851,72.55006,mixed_or_uncertain,cropland,0.492656449553001,0.507343550446999,0.0,,not_eligible,No supported PHOENIX emissions classification.
1c8fb6cf-3339-55c0-a161-762e51528796,2023-03-25 07:41:00+00:00,21.73683,72.95742,mixed_or_uncertain,cropland,0.791507024265645,0.188378033205619,0.0,,not_eligible,No supported PHOENIX emissions classification.
3fc8a2bd-fae9-5071-ab84-824cb5d3a853,2023-03-25 07:41:00+00:00,21.590155,72.987075,mixed_or_uncertain,cropland,0.568007662835249,0.431992337164751,0.0,,not_eligible,No supported PHOENIX emissions classification.
58981c21-4c5a-5504-ae1e-be2b705f690d,2023-03-25 07:41:00+00:00,21.39887,72.67598,mixed_or_uncertain,cropland,0.451787994891443,0.548212005108557,0.0,,not_eligible,No supported PHOENIX emissions classification.
8659edb2-aeae-5b66-b03a-19e26a998dba,2023-03-25 07:41:00+00:00,21.59789,72.92072,mixed_or_uncertain,cropland,0.950191570881226,0.0498084291187739,0.0,,not_eligible,No supported PHOENIX emissions classification.
9bd90a96-da0d-5705-9ab2-8cf239612250,2023-03-25 07:41:00+00:00,21.5063,72.77534,mixed_or_uncertain,cropland,0.947318007662835,0.0526819923371648,0.0,,not_eligible,No supported PHOENIX emissions classification.
c1a4d4c7-2e28-5a52-b507-046512a849fe,2023-03-25 07:41:00+00:00,21.73419,72.7789166666667,mixed_or_uncertain,cropland,0.868135376756066,0.131864623243934,0.0,,not_eligible,No supported PHOENIX emissions classification.
c68e5799-92c7-59a3-8024-68fe26c28eb6,2023-03-25 07:41:00+00:00,21.79865,72.8129,mixed_or_uncertain,cropland,0.569604086845466,0.330140485312899,0.0,,not_eligible,No supported PHOENIX emissions classification.
5f10b182-f79b-57f7-90fc-71a843c4b86b,2023-03-25 08:33:00+00:00,21.83516,72.68015,mixed_or_uncertain,cropland,0.692528735632184,0.267241379310345,0.0146871008939974,,not_eligible,No supported PHOENIX emissions classification.
a59482f3-5a88-5f65-a470-3424c6414eba,2023-03-25 08:33:00+00:00,21.43247,72.9436,mixed_or_uncertain,tree_cover,0.438058748403576,0.545977011494253,0.0159642401021711,,not_eligible,No supported PHOENIX emissions classification.
e3278fce-6491-551d-8257-715e73f6eb68,2023-03-25 08:33:00+00:00,21.63785,72.94905,mixed_or_uncertain,cropland,0.830779054916986,0.169220945083014,0.0,,not_eligible,No supported PHOENIX emissions classification.
ebd0a3d8-00d4-5f82-bf7c-6165dd7bc6cf,2023-03-25 08:33:00+00:00,21.92686,72.85528,mixed_or_uncertain,cropland,0.893358876117497,0.104725415070243,0.00191570881226054,,not_eligible,No supported PHOENIX emissions classification.
fe3817d2-00aa-5677-bdcf-070881dc4e09,2023-03-25 20:10:00+00:00,21.9263616666667,72.7114733333333,industrial,cropland,0.978607918263091,0.0213920817369093,0.0,,not_eligible,No supported PHOENIX emissions classification.
c611b448-db05-5f1d-86eb-7cce1ae0ba6a,2023-03-25 21:02:00+00:00,21.97973,72.87044,mixed_or_uncertain,cropland,0.704661558109834,0.233716475095785,0.0561941251596424,,not_eligible,No supported PHOENIX emissions classification.
f9a31a8f-5940-567d-a68c-b8f4125a744e,2023-03-25 21:02:00+00:00,21.6087,72.97675,mixed_or_uncertain,cropland,0.701787994891443,0.27522349936143,0.0,,not_eligible,No supported PHOENIX emissions classification.
184b9768-5f62-535f-93b1-b22cb704ddd0,2023-03-26 08:14:00+00:00,22.00852,72.60308,mixed_or_uncertain,cropland,0.619093231162197,0.378991060025543,0.0,,not_eligible,No supported PHOENIX emissions classification.
2551ad1b-395a-5f3e-bd8d-679cde4cbcde,2023-03-26 08:14:00+00:00,21.73135,72.72758,mixed_or_uncertain,tree_cover,0.409642401021711,0.584610472541507,0.00574712643678161,,not_eligible,No supported PHOENIX emissions classification.
39f2bc21-de3d-5270-869c-3b7c154b69be,2023-03-26 08:14:00+00:00,21.42328,72.74844,mixed_or_uncertain,cropland,0.872605363984674,0.127394636015326,0.0,,not_eligible,No supported PHOENIX emissions classification.
6fc134e8-afb4-52e1-8d41-1633bcc61827,2023-03-26 08:14:00+00:00,21.38512,72.83659,mixed_or_uncertain,cropland,0.817369093231162,0.182630906768838,0.0,,not_eligible,No supported PHOENIX emissions classification.
a4b43863-4b8f-56b2-8de1-715635c6e6e6,2023-03-26 08:14:00+00:00,21.57276,72.87043,mixed_or_uncertain,cropland,0.981162196679438,0.0188378033205619,0.0,,not_eligible,No supported PHOENIX emissions classification.
a8096827-1185-5573-a732-f9f399c3bd75,2023-03-26 08:14:00+00:00,21.94402,72.97865,mixed_or_uncertain,cropland,0.944125159642401,0.0210727969348659,0.0,,not_eligible,No supported PHOENIX emissions classification.
d373b03e-25a1-5f3a-b67c-a2c40a4f7bc0,2023-03-26 08:14:00+00:00,21.491175,72.74798,mixed_or_uncertain,cropland,0.925287356321839,0.0747126436781609,0.0,,not_eligible,No supported PHOENIX emissions classification.
fb7bbc24-97ba-5174-829c-a8ed7a6a081c,2023-03-26 08:14:00+00:00,22.057765,72.91852,mixed_or_uncertain,cropland,0.814176245210728,0.185823754789272,0.0,,not_eligible,No supported PHOENIX emissions classification.
5944c5bd-c90e-575b-bdb3-ba97878c8364,2023-03-26 09:03:00+00:00,21.73667,72.87798,mixed_or_uncertain,cropland,0.99904214559387,0.000957854406130268,0.0,,not_eligible,No supported PHOENIX emissions classification.
70ec0a8f-3a0d-5ac4-9013-105f683136e2,2023-03-26 09:03:00+00:00,22.02997,72.74075,mixed_or_uncertain,cropland,0.708173690932312,0.276500638569604,0.0,,not_eligible,No supported PHOENIX emissions classification.
d6610758-7c31-5dde-ac83-68c4293716ee,2023-03-26 09:03:00+00:00,22.03995,72.72256,mixed_or_uncertain,cropland,0.725415070242657,0.274584929757344,0.0,,not_eligible,No supported PHOENIX emissions classification.
da530e1c-23f8-567f-975a-5576b27e26b2,2023-03-26 09:03:00+00:00,21.84095,72.86093,mixed_or_uncertain,tree_cover,0.374201787994891,0.625798212005109,0.0,,not_eligible,No supported PHOENIX emissions classification.
6dbb36db-05f4-5982-9330-4a694e9504b7,2023-03-26 20:43:00+00:00,21.43061,72.97591,mixed_or_uncertain,tree_cover,0.473499361430396,0.526181353767561,0.0,,not_eligible,No supported PHOENIX emissions classification.
25ff3cec-1050-5b6a-a8e2-0357f234884e,2023-03-27 07:55:00+00:00,21.51298,72.9327,mixed_or_uncertain,cropland,0.696679438058748,0.303320561941252,0.0,,not_eligible,No supported PHOENIX emissions classification.
5177409d-c1d0-54fb-bdbb-43ca1bc195ec,2023-03-27 07:55:00+00:00,21.76332,72.67039,mixed_or_uncertain,cropland,0.673052362707535,0.32088122605364,0.000957854406130268,,not_eligible,No supported PHOENIX emissions classification.
e052391e-cc17-5517-a189-4c62fe436082,2023-03-27 07:55:00+00:00,21.7435175,72.5995125,industrial,cropland,0.861111111111111,0.135057471264368,0.0,,not_eligible,No supported PHOENIX emissions classification.
50a3c0e3-eed4-590e-a5fb-fd713c983d92,2023-03-27 07:56:00+00:00,21.8378666666667,72.65983,mixed_or_uncertain,cropland,0.561621966794381,0.392401021711367,0.0,,not_eligible,No supported PHOENIX emissions classification.
b0eebb46-1a40-5e97-9211-bacf78848acc,2023-03-27 07:56:00+00:00,21.92708,72.78521,mixed_or_uncertain,cropland,0.97477650063857,0.0252234993614304,0.0,,not_eligible,No supported PHOENIX emissions classification.
0afabe12-1ea8-5e4d-9fae-8195be566a46,2023-03-27 08:44:00+00:00,21.41248,72.82754,mixed_or_uncertain,cropland,0.863984674329502,0.115900383141762,0.0,,not_eligible,No supported PHOENIX emissions classification.
2c4d543c-734b-5ad5-a6fb-ecdbd69593b7,2023-03-27 08:44:00+00:00,21.8065533333333,72.9154,industrial,cropland,0.9272030651341,0.0727969348659004,0.0,,not_eligible,No supported PHOENIX emissions classification.
3e437e8b-83d8-5f1e-8260-e51596c0fe18,2023-03-27 08:44:00+00:00,21.75464,72.76013,mixed_or_uncertain,cropland,0.824074074074074,0.161877394636015,0.0121328224776501,,not_eligible,No supported PHOENIX emissions classification.
8392322a-91d9-5aac-8302-25b910b4a2fc,2023-03-27 08:44:00+00:00,21.77481,72.80434,mixed_or_uncertain,cropland,0.939016602809706,0.0526819923371648,0.00830140485312899,,not_eligible,No supported PHOENIX emissions classification.
8e523f18-ef87-58d8-bd18-fe4a19fd51d1,2023-03-27 08:44:00+00:00,21.45438,72.85606,mixed_or_uncertain,cropland,0.549808429118774,0.445083014048531,0.00510855683269476,,not_eligible,No supported PHOENIX emissions classification.
9711a5d1-e52e-504b-9112-960d2b837dcb,2023-03-27 08:44:00+00:00,21.43781,72.71497,mixed_or_uncertain,cropland,0.895913154533844,0.103767560664112,0.0,,not_eligible,No supported PHOENIX emissions classification.
d4b68956-6bb6-5f65-8d44-b06e807c5a4a,2023-03-27 08:44:00+00:00,22.02503,72.77677,mixed_or_uncertain,tree_cover,0.396871008939974,0.603128991060025,0.0,,not_eligible,No supported PHOENIX emissions classification.
2e9c9546-05dd-5615-ab32-536c6d71b6de,2023-03-28 07:37:00+00:00,21.51185,72.85349,mixed_or_uncertain,cropland,0.992656449553001,0.00734355044699872,0.0,,not_eligible,No supported PHOENIX emissions classification.
b4d11614-74a5-5240-9464-bd7c0636efce,2023-03-28 07:37:00+00:00,21.99142,72.55147,mixed_or_uncertain,cropland,0.650063856960409,0.2742656449553,0.0,,not_eligible,No supported PHOENIX emissions classification.
c00a3a20-8b7d-5387-86e8-5f51f4a22fad,2023-03-28 07:37:00+00:00,22.025268,72.563502,industrial,cropland,0.930715197956577,0.0434227330779055,0.0,,not_eligible,No supported PHOENIX emissions classification.
d70dca59-a9f8-5435-af01-ca1abdc690f0,2023-03-28 07:37:00+00:00,21.77171,72.70175,mixed_or_uncertain,cropland,0.795019157088123,0.174968071519796,0.0,,not_eligible,No supported PHOENIX emissions classification.
a174917d-2a6e-521c-b636-d19832234043,2023-03-28 08:25:00+00:00,21.57334,72.86491,mixed_or_uncertain,cropland,0.983397190293742,0.016602809706258,0.0,,not_eligible,No supported PHOENIX emissions classification.
140e6acf-8fb9-51de-bf1d-d0aea6683240,2023-03-28 09:17:00+00:00,22.02096,72.57169,mixed_or_uncertain,grassland,0.440613026819923,0.491379310344828,0.0,,not_eligible,No supported PHOENIX emissions classification.
267c6f7c-fd4a-52ae-9e5f-7bb234a60b9c,2023-03-28 09:17:00+00:00,21.91607,72.55551,mixed_or_uncertain,grassland,0.37037037037037,0.52522349936143,0.0,,not_eligible,No supported PHOENIX emissions classification.
aa299737-d82d-5c3b-9ed8-27bf41adf11c,2023-03-28 09:17:00+00:00,21.747245,72.61802,mixed_or_uncertain,cropland,0.769476372924649,0.194444444444444,0.0360791826309068,,not_eligible,No supported PHOENIX emissions classification.
be56eb51-0769-54c4-9ccb-be861295682d,2023-03-28 09:17:00+00:00,21.760025,72.698235,mixed_or_uncertain,cropland,0.897509578544061,0.102490421455939,0.0,,not_eligible,No supported PHOENIX emissions classification.
cc1560d1-f1ef-5c53-a14c-d8962e28d536,2023-03-28 09:17:00+00:00,21.81288,72.76108,mixed_or_uncertain,cropland,0.813856960408684,0.17816091954023,0.00734355044699872,,not_eligible,No supported PHOENIX emissions classification.
f5ae927c-e36d-5d23-8655-081334ca724e,2023-03-28 09:17:00+00:00,21.54453,72.78927,mixed_or_uncertain,cropland,0.928799489144317,0.0712005108556833,0.0,,not_eligible,No supported PHOENIX emissions classification.
1c732c62-fc33-5556-8fbd-a1943d544da6,2023-03-28 20:54:00+00:00,22.049425,72.7328,mixed_or_uncertain,cropland,0.791187739463602,0.208812260536398,0.0,,not_eligible,No supported PHOENIX emissions classification.
d0598ad3-038d-5f60-830f-0117b1613d78,2023-03-28 20:54:00+00:00,21.8983,72.84275,mixed_or_uncertain,cropland,0.980842911877395,0.0191570881226054,0.0,,not_eligible,No supported PHOENIX emissions classification.
302a5014-d0c1-5a42-8139-7e212140cb4d,2023-03-29 08:06:00+00:00,21.81468,72.71201,mixed_or_uncertain,cropland,0.887292464878672,0.0862068965517241,0.000638569604086846,,not_eligible,No supported PHOENIX emissions classification.
83df5661-b8c1-518c-8803-b3d6354334b9,2023-03-29 08:06:00+00:00,22.07641,72.66286,mixed_or_uncertain,cropland,0.675606641123882,0.320561941251596,0.0,,not_eligible,No supported PHOENIX emissions classification.
3d116662-3ca5-522d-8abd-0dee883976f2,2023-03-29 08:58:00+00:00,22.0942,72.75779,mixed_or_uncertain,cropland,0.824712643678161,0.175287356321839,0.0,,not_eligible,No supported PHOENIX emissions classification.
503ae114-021a-5c32-8cfd-358850fd530e,2023-03-29 08:58:00+00:00,21.77783,72.61388,mixed_or_uncertain,cropland,0.52522349936143,0.465836526181354,0.0,,not_eligible,No supported PHOENIX emissions classification.
a4b7fd81-9897-55eb-8641-eb8f2a9dd23d,2023-03-29 08:58:00+00:00,21.7744533333333,72.7965333333333,mixed_or_uncertain,cropland,0.829182630906769,0.144955300127714,0.0252234993614304,,not_eligible,No supported PHOENIX emissions classification.
ecea53bf-7153-5d3a-898b-cbd750b63e7a,2023-03-29 08:58:00+00:00,22.067815,72.707025,mixed_or_uncertain,cropland,0.925287356321839,0.0747126436781609,0.0,,not_eligible,No supported PHOENIX emissions classification.
2f6c8eb8-0ae8-5f01-935a-ac2ade6b5a16,2023-03-29 20:35:00+00:00,22.01868,72.74345,mixed_or_uncertain,cropland,0.665389527458493,0.316730523627075,0.0178799489144317,,not_eligible,No supported PHOENIX emissions classification.
828ed867-6287-56e2-ae99-7a4d01f191db,2023-03-30 21:08:00+00:00,21.79368,72.64647,mixed_or_uncertain,cropland,0.705619412515964,0.178799489144317,0.0325670498084291,,not_eligible,No supported PHOENIX emissions classification.
441031b6-af5a-5b74-be0a-095be2036e68,2023-03-31 07:29:00+00:00,21.98922,72.71773,mixed_or_uncertain,permanent_water,0.283205619412516,0.0779054916985951,0.0,,not_eligible,No supported PHOENIX emissions classification.
5abc282b-a282-5af7-a94e-da57a11948b8,2023-03-31 07:29:00+00:00,22.0696614285714,72.64399,mixed_or_uncertain,cropland,0.698595146871009,0.301404853128991,0.0,,not_eligible,No supported PHOENIX emissions classification.
b4e8c09c-7ec9-5d7a-b3ea-ea1335e5cb6a,2023-03-31 07:29:00+00:00,21.53008,72.7348,mixed_or_uncertain,cropland,0.849936143039591,0.150063856960409,0.0,,not_eligible,No supported PHOENIX emissions classification.
19ee6333-79a7-5798-97cb-42c1074a30e6,2023-03-31 08:21:00+00:00,21.48843,72.71947,mixed_or_uncertain,cropland,0.974457215836526,0.0255427841634738,0.0,,not_eligible,No supported PHOENIX emissions classification.
4ab25775-1ff0-5e71-9101-3b1bb646efdd,2023-03-31 08:21:00+00:00,21.504185,72.701645,mixed_or_uncertain,cropland,0.997765006385696,0.00223499361430396,0.0,,not_eligible,No supported PHOENIX emissions classification.
5dcdbf0c-8f37-53e1-b1cb-79f5f3fa80f8,2023-03-31 08:21:00+00:00,21.47932,72.77054,mixed_or_uncertain,cropland,0.543103448275862,0.453703703703704,0.0,,not_eligible,No supported PHOENIX emissions classification.
75afc857-274e-5d09-af91-6bd4add49ce9,2023-03-31 08:21:00+00:00,21.9295466666667,72.54612,mixed_or_uncertain,cropland,0.628991060025543,0.368773946360153,0.0,,not_eligible,No supported PHOENIX emissions classification.
9581bb13-e828-5eef-8006-135756a82ca5,2023-03-31 08:21:00+00:00,21.97625,72.8996,mixed_or_uncertain,cropland,0.78639846743295,0.21360153256705,0.0,,not_eligible,No supported PHOENIX emissions classification.
c006d965-ac62-5421-82ab-ccd5eabe393f,2023-03-31 08:21:00+00:00,21.36778,72.83618,mixed_or_uncertain,cropland,0.618135376756066,0.375159642401022,0.00670498084291188,,not_eligible,No supported PHOENIX emissions classification.
9332c295-3d75-510d-998f-5889fe67918f,2023-03-31 19:57:00+00:00,21.90796,72.75497,mixed_or_uncertain,cropland,0.839080459770115,0.153256704980843,0.00766283524904215,,not_eligible,No supported PHOENIX emissions classification.
23e87aef-c7bd-5ab1-96bf-2da632a18c2c,2023-04-01 08:02:00+00:00,21.88598,72.71098,mixed_or_uncertain,cropland,0.724457215836526,0.275542784163474,0.0,,not_eligible,No supported PHOENIX emissions classification.
4236f308-e440-5a86-92f3-00cc8b1f228e,2023-04-01 08:02:00+00:00,21.73219,72.73459,mixed_or_uncertain,cropland,0.914431673052363,0.0830140485312899,0.0,,not_eligible,No supported PHOENIX emissions classification.
53fdd540-ae7c-51d6-8d24-f7d0477c0163,2023-04-01 08:02:00+00:00,21.48984,72.73386,mixed_or_uncertain,grassland,0.310983397190294,0.482758620689655,0.0,,not_eligible,No supported PHOENIX emissions classification.
59b6cd07-19ff-56eb-b02f-10ab04a27b33,2023-04-01 08:02:00+00:00,22.09499,72.70741,mixed_or_uncertain,cropland,0.819604086845466,0.180395913154534,0.0,,not_eligible,No supported PHOENIX emissions classification.
777ab845-e016-544b-af12-1a822a10268c,2023-04-01 08:02:00+00:00,21.8241,72.63068,mixed_or_uncertain,cropland,0.755427841634738,0.223818646232439,0.0,,not_eligible,No supported PHOENIX emissions classification.
97a21761-b33a-5448-b0ce-8cd3515f1922,2023-04-01 08:02:00+00:00,21.80414,72.68881,mixed_or_uncertain,grassland,0.452745849297573,0.530970625798212,0.0,,not_eligible,No supported PHOENIX emissions classification.
d7c0c6ce-c269-5fad-9f65-bde186618ba6,2023-04-01 08:50:00+00:00,21.4846166666667,72.7804166666667,mixed_or_uncertain,cropland,0.833333333333333,0.166666666666667,0.0,,not_eligible,No supported PHOENIX emissions classification.
a3c3015d-bdd3-5918-9599-d7315e061b27,2023-04-02 07:43:00+00:00,21.959605,72.97208,mixed_or_uncertain,cropland,0.98882503192848,0.0111749680715198,0.0,,not_eligible,No supported PHOENIX emissions classification.
e57292c0-9468-54b8-a89e-2adf373fdc0f,2023-04-02 08:31:00+00:00,21.51967,72.74049,mixed_or_uncertain,cropland,0.831098339719029,0.158045977011494,0.0108556832694764,,not_eligible,No supported PHOENIX emissions classification.
f529fa28-8eb0-5301-80ae-cdc622856166,2023-04-02 08:31:00+00:00,21.77149,72.89619,mixed_or_uncertain,cropland,0.685823754789272,0.268837803320562,0.0325670498084291,,not_eligible,No supported PHOENIX emissions classification.
256550c0-7fb4-5515-83c3-7951e3fb7c3b,2023-04-02 08:32:00+00:00,22.07627,72.53812,mixed_or_uncertain,grassland,0.303001277139208,0.433269476372925,0.000319284802043423,,not_eligible,No supported PHOENIX emissions classification.
1c4662b3-f9d3-5f27-9485-7ca70a55f229,2023-04-03 07:24:00+00:00,21.42299,72.79047,mixed_or_uncertain,cropland,0.540229885057471,0.30779054916986,0.0,,not_eligible,No supported PHOENIX emissions classification.
8f9e5648-a758-52da-b111-f8141795e5e4,2023-04-03 07:24:00+00:00,22.09876,72.6336866666667,mixed_or_uncertain,cropland,0.922733077905492,0.076309067688378,0.0,,not_eligible,No supported PHOENIX emissions classification.
0e3995bc-fc42-5503-8875-82ba8c6412fa,2023-04-03 08:13:00+00:00,21.83289,72.943,mixed_or_uncertain,cropland,0.749361430395913,0.191890166028097,0.0,,not_eligible,No supported PHOENIX emissions classification.
24082977-ad2f-5624-8347-cf5e79e4f5e0,2023-04-03 08:13:00+00:00,21.7492,72.7142,mixed_or_uncertain,cropland,0.709450830140485,0.268199233716475,0.0223499361430396,,not_eligible,No supported PHOENIX emissions classification.
4d45fc73-931c-5749-9179-5043a3fc9d8a,2023-04-03 08:13:00+00:00,21.57756,72.86253,mixed_or_uncertain,cropland,0.847381864623244,0.152618135376756,0.0,,not_eligible,No supported PHOENIX emissions classification.
9bb265d2-317a-54be-b96f-6676a6b7cbd8,2023-04-03 08:13:00+00:00,21.83883,72.70195,mixed_or_uncertain,cropland,0.956896551724138,0.0431034482758621,0.0,,not_eligible,No supported PHOENIX emissions classification.
ac1c817b-c143-50cc-b1e9-2d9a1f60a9dc,2023-04-03 08:13:00+00:00,21.60998,72.78434,mixed_or_uncertain,cropland,0.720945083014049,0.210089399744572,0.0,,not_eligible,No supported PHOENIX emissions classification.
e999a60d-0e45-5c49-a48d-4cc43ec56e39,2023-04-03 08:13:00+00:00,21.44017,72.95194,mixed_or_uncertain,cropland,0.950191570881226,0.0498084291187739,0.0,,not_eligible,No supported PHOENIX emissions classification.
4254c61f-10af-56a5-b4ad-2fc0f02a98db,2023-04-03 09:05:00+00:00,21.47011,72.78416,mixed_or_uncertain,cropland,0.729246487867177,0.235951468710089,0.0,,not_eligible,No supported PHOENIX emissions classification.
4b2655ed-6c34-5e1d-9b82-1dd553cfc3ee,2023-04-03 09:05:00+00:00,21.506895,72.86205,mixed_or_uncertain,cropland,0.848659003831418,0.151340996168582,0.0,,not_eligible,No supported PHOENIX emissions classification.
a7e65726-d380-5b55-8dbc-4d63d23c647a,2023-04-03 09:05:00+00:00,21.83925,72.71193,mixed_or_uncertain,cropland,0.993295019157088,0.00670498084291188,0.0,,not_eligible,No supported PHOENIX emissions classification.
bd3b0022-bd70-5210-87f9-493de75db835,2023-04-03 09:05:00+00:00,21.77159,72.74032,mixed_or_uncertain,cropland,0.762771392081737,0.106960408684547,0.0,,not_eligible,No supported PHOENIX emissions classification.
c482e9d9-dc12-5d35-8dfd-287d608060f7,2023-04-03 09:05:00+00:00,21.77198,72.68086,mixed_or_uncertain,cropland,0.904214559386973,0.0957854406130268,0.0,,not_eligible,No supported PHOENIX emissions classification.
64158f91-ccdc-520d-a1b6-428c829fa973,2023-04-03 20:41:00+00:00,21.90589,72.75793,mixed_or_uncertain,cropland,0.678799489144317,0.240421455938697,0.0807790549169859,,not_eligible,No supported PHOENIX emissions classification.
603dc80a-b95d-54da-ae46-bcdc57863b51,2023-04-04 07:54:00+00:00,21.79131,72.66628,mixed_or_uncertain,cropland,0.553959131545338,0.427522349936143,0.0,,not_eligible,No supported PHOENIX emissions classification.
62cef81d-12c8-51fc-9530-d19c44a9dd0f,2023-04-04 07:54:00+00:00,21.93571,72.9886,mixed_or_uncertain,cropland,0.993614303959132,0.00638569604086846,0.0,,not_eligible,No supported PHOENIX emissions classification.
a7eda47f-f130-57b9-9283-b8bbf1883d8a,2023-04-04 07:54:00+00:00,21.50508,72.9050033333333,mixed_or_uncertain,cropland,0.710089399744572,0.284802043422733,0.0,,not_eligible,No supported PHOENIX emissions classification.
085189ff-63c9-5423-8960-b03b9c7fe870,2023-04-04 08:46:00+00:00,21.57003,72.95612,mixed_or_uncertain,cropland,0.826628352490421,0.173371647509579,0.0,,not_eligible,No supported PHOENIX emissions classification.
4edd14ad-d2d6-5827-b21f-770f11836eec,2023-04-04 08:46:00+00:00,21.91005,72.67733,mixed_or_uncertain,cropland,0.760855683269476,0.229565772669221,0.0,,not_eligible,No supported PHOENIX emissions classification.
a7753059-42c3-5779-a1b5-bd99457c0518,2023-04-04 08:46:00+00:00,21.62688,72.85001,mixed_or_uncertain,cropland,0.532886334610473,0.462962962962963,0.0,,not_eligible,No supported PHOENIX emissions classification.
91b5deb8-6732-5442-8372-d91bf645b414,2023-04-04 20:23:00+00:00,21.96966,72.54739,mixed_or_uncertain,permanent_water,0.164750957854406,0.112388250319285,0.0,,not_eligible,No supported PHOENIX emissions classification.
4c636680-6ccf-5201-a68e-769b5f42d587,2023-04-04 21:15:00+00:00,21.79807,72.72749,mixed_or_uncertain,cropland,0.87962962962963,0.0319284802043423,0.061941251596424,,not_eligible,No supported PHOENIX emissions classification.
95cbf3a0-9386-5b1b-91c9-75e24109c039,2023-04-04 21:15:00+00:00,21.43077,72.97367,mixed_or_uncertain,tree_cover,0.356641123882503,0.643358876117497,0.0,,not_eligible,No supported PHOENIX emissions classification.
01d4930c-fa34-58f3-b809-360323d5c075,2023-04-05 08:27:00+00:00,21.44234,72.97571,mixed_or_uncertain,cropland,0.573435504469987,0.30779054916986,0.109514687100894,,not_eligible,No supported PHOENIX emissions classification.
5b9e596c-5f69-589f-9931-6be2b9a091eb,2023-04-05 08:27:00+00:00,21.39566,72.81939,mixed_or_uncertain,cropland,0.501277139208174,0.412196679438059,0.0865261813537676,,not_eligible,No supported PHOENIX emissions classification.
b2ca8fbe-063b-5c1b-9ebb-dd7882425159,2023-04-05 08:27:00+00:00,21.5663633333333,72.8861733333333,mixed_or_uncertain,cropland,0.972541507024266,0.0268199233716475,0.0,,not_eligible,No supported PHOENIX emissions classification.
c9207e91-16e7-5c4a-a5ae-8dbe12432990,2023-04-05 08:27:00+00:00,21.78439,72.93121,mixed_or_uncertain,cropland,0.733716475095785,0.209770114942529,0.0549169859514687,,not_eligible,No supported PHOENIX emissions classification.
9cc76b60-764e-5ce4-81a0-c61d466d8178,2023-04-05 09:16:00+00:00,21.92014,72.54543,mixed_or_uncertain,cropland,0.544699872286079,0.410919540229885,0.0,,not_eligible,No supported PHOENIX emissions classification.
e63fbbe0-92c1-54fa-976b-10392fd8d54b,2023-04-05 20:04:00+00:00,22.0840635714286,72.5613421428571,industrial,cropland,0.527139208173691,0.462324393358876,0.0,,not_eligible,No supported PHOENIX emissions classification.
35c70f38-86cc-5f70-9a5c-f4ae2e747020,2023-04-06 08:08:00+00:00,21.52075,72.8374275,mixed_or_uncertain,cropland,0.689016602809706,0.297254150702427,0.0,,not_eligible,No supported PHOENIX emissions classification.
4bd96503-b56a-504b-bfaf-67105aec80d4,2023-04-06 08:08:00+00:00,21.75744,72.748025,mixed_or_uncertain,cropland,0.841315453384419,0.158045977011494,0.0,,not_eligible,No supported PHOENIX emissions classification.
655ee6aa-7e82-5965-9434-04225d6db743,2023-04-06 08:08:00+00:00,21.738735,72.651165,mixed_or_uncertain,cropland,0.860791826309068,0.120051085568327,0.0,,not_eligible,No supported PHOENIX emissions classification.
d8babedc-06ad-5081-a701-b63f598ff535,2023-04-06 08:08:00+00:00,21.80491,72.61121,mixed_or_uncertain,grassland,0.319604086845466,0.335568326947637,0.0,,not_eligible,No supported PHOENIX emissions classification.
e90e31d9-cddd-5b7b-ba34-28539471ef36,2023-04-06 08:08:00+00:00,21.88966,72.75327,mixed_or_uncertain,cropland,0.848020434227331,0.151979565772669,0.0,,not_eligible,No supported PHOENIX emissions classification.
07925d82-af4e-591d-a863-0fa25bebe130,2023-04-06 08:57:00+00:00,21.515965,72.92201,mixed_or_uncertain,cropland,0.673052362707535,0.283205619412516,0.000638569604086846,,not_eligible,No supported PHOENIX emissions classification.
25412fc8-5373-59d5-a751-0064d189a0df,2023-04-06 08:57:00+00:00,21.55622,72.95222,mixed_or_uncertain,cropland,0.871647509578544,0.101213282247765,0.0268199233716475,,not_eligible,No supported PHOENIX emissions classification.
32f29b31-49eb-5095-81de-5bfd68778408,2023-04-06 08:57:00+00:00,22.0912,72.56175,mixed_or_uncertain,cropland,0.633141762452107,0.306832694763729,0.0,,not_eligible,No supported PHOENIX emissions classification.
331cb54d-7330-5b36-9336-16d595f5a510,2023-04-06 08:57:00+00:00,22.07896,72.56973,mixed_or_uncertain,cropland,0.792145593869732,0.207854406130268,0.0,,not_eligible,No supported PHOENIX emissions classification.
5a70f7bc-d46e-5c2e-a1a4-62f267940b8b,2023-04-06 08:57:00+00:00,22.05189,72.63969,mixed_or_uncertain,grassland,0.110472541507024,0.889527458492976,0.0,,not_eligible,No supported PHOENIX emissions classification.
ba482689-ed88-5856-b889-98ba822ae42a,2023-04-06 08:57:00+00:00,22.00516,72.81669,mixed_or_uncertain,cropland,0.87962962962963,0.12037037037037,0.0,,not_eligible,No supported PHOENIX emissions classification.
4e1f8c22-7c96-5d73-82a0-e5d68935b72e,2023-04-06 20:37:00+00:00,21.7676,72.75147,mixed_or_uncertain,cropland,0.822477650063857,0.177522349936143,0.0,,not_eligible,No supported PHOENIX emissions classification.
e84493ab-112d-5483-b60f-21075fd90f48,2023-04-06 21:25:00+00:00,22.06621,72.671285,mixed_or_uncertain,cropland,0.996807151979566,0.00319284802043423,0.0,,not_eligible,No supported PHOENIX emissions classification.
b18069a6-8fed-51b1-951a-43161880691f,2023-04-07 07:49:00+00:00,21.81762,72.6386733333333,mixed_or_uncertain,cropland,0.936462324393359,0.0156449553001277,0.0,,not_eligible,No supported PHOENIX emissions classification.
0b9b8870-9271-58dd-9bf7-42fbff793041,2023-04-07 08:38:00+00:00,21.45203,72.66436,mixed_or_uncertain,cropland,0.447318007662835,0.220306513409962,0.0,,not_eligible,No supported PHOENIX emissions classification.
57f819b6-a52a-5242-89b2-d42b853ee21b,2023-04-07 08:38:00+00:00,21.52252,72.97487,mixed_or_uncertain,cropland,0.862388250319285,0.111111111111111,0.024904214559387,,not_eligible,No supported PHOENIX emissions classification.
79eba867-7af8-55a8-b910-355867c27a18,2023-04-07 08:38:00+00:00,21.838185,72.6732,mixed_or_uncertain,cropland,0.735312899106003,0.257982120051086,0.0,,not_eligible,No supported PHOENIX emissions classification.
b575027f-31f6-5b61-a580-6096f91eb2b3,2023-04-07 08:38:00+00:00,21.68592,72.53458,mixed_or_uncertain,bare_sparse_vegetation,0.0,0.116538952745849,0.307471264367816,,not_eligible,No supported PHOENIX emissions classification.
c76dbb21-9998-58aa-ba40-64c681ca5be1,2023-04-07 08:38:00+00:00,21.402025,72.665125,mixed_or_uncertain,cropland,0.484035759897829,0.30970625798212,0.0,,not_eligible,No supported PHOENIX emissions classification.
d781ff90-df55-55ca-92b0-678f4785dcaa,2023-04-07 08:38:00+00:00,21.697735,72.641725,mixed_or_uncertain,cropland,0.58205619412516,0.319284802043423,0.0,,not_eligible,No supported PHOENIX emissions classification.
f88ae533-d052-52d0-8e0c-9346ecbf1fcd,2023-04-07 08:38:00+00:00,21.71493,72.88497,mixed_or_uncertain,cropland,0.818007662835249,0.181992337164751,0.0,,not_eligible,No supported PHOENIX emissions classification.
f8accb80-53f6-53ea-8147-e600b1e0ca26,2023-04-07 20:18:00+00:00,21.90402,72.75297,mixed_or_uncertain,cropland,0.841315453384419,0.145593869731801,0.0102171136653895,,not_eligible,No supported PHOENIX emissions classification.
09c7f70f-a81f-5c63-860c-fcf0f285aed8,2023-04-08 07:31:00+00:00,21.973545,72.57785,mixed_or_uncertain,grassland,0.173371647509579,0.80874840357599,0.0,,not_eligible,No supported PHOENIX emissions classification.
0bad3f31-eb58-5576-99e2-eb47a89b9f99,2023-04-08 07:31:00+00:00,22.09726,72.70829,mixed_or_uncertain,cropland,0.71264367816092,0.28735632183908,0.0,,not_eligible,No supported PHOENIX emissions classification.
5213d808-c28e-57e1-b24c-f91b3f08ef5a,2023-04-08 07:31:00+00:00,21.70397,72.743625,mixed_or_uncertain,grassland,0.468071519795658,0.523946360153257,0.0041507024265645,,not_eligible,No supported PHOENIX emissions classification.
7a5c86f4-cd09-5265-a012-b458e2c05868,2023-04-08 07:31:00+00:00,21.96841,72.56763,mixed_or_uncertain,grassland,0.288952745849298,0.649744572158365,0.0,,not_eligible,No supported PHOENIX emissions classification.
bec5020d-2842-50a9-ab40-900aaf365c23,2023-04-08 07:31:00+00:00,21.91163,72.81429,mixed_or_uncertain,cropland,0.988186462324393,0.0118135376756066,0.0,,not_eligible,No supported PHOENIX emissions classification.
c74b276c-765e-598d-b0f4-e47d4957669d,2023-04-08 07:31:00+00:00,21.75837,72.85719,mixed_or_uncertain,cropland,0.930395913154534,0.0696040868454662,0.0,,not_eligible,No supported PHOENIX emissions classification.
152d5521-99a9-50cf-a092-bb615b1a413c,2023-04-08 08:19:00+00:00,21.725595,72.67522,mixed_or_uncertain,cropland,0.351213282247765,0.388888888888889,0.0660919540229885,,not_eligible,No supported PHOENIX emissions classification.
1ff1fe17-d354-5dfc-8981-ecd9850bdda6,2023-04-08 08:19:00+00:00,21.81721,72.7074,mixed_or_uncertain,cropland,0.619093231162197,0.379310344827586,0.0,,not_eligible,No supported PHOENIX emissions classification.
5bd9a615-f186-57bd-a4aa-6862baed4652,2023-04-08 08:19:00+00:00,21.49029,72.98906,mixed_or_uncertain,cropland,0.758620689655172,0.232758620689655,0.00191570881226054,,not_eligible,No supported PHOENIX emissions classification.
5dde1cbf-4457-5b14-8e57-64b678ff897b,2023-04-08 08:19:00+00:00,21.42656,72.78673,mixed_or_uncertain,cropland,0.702745849297573,0.289591315453384,0.0,,not_eligible,No supported PHOENIX emissions classification.
62b55fc2-c5c5-542d-b9b2-f86925711865,2023-04-08 08:19:00+00:00,21.98967,72.52484,mixed_or_uncertain,bare_sparse_vegetation,0.0140485312899106,0.326309067688378,0.0,,not_eligible,No supported PHOENIX emissions classification.
86547e30-6fd1-59b7-b810-7cd5a8251879,2023-04-08 08:19:00+00:00,21.61847,72.939815,mixed_or_uncertain,cropland,0.940932311621967,0.0348020434227331,0.0,,not_eligible,No supported PHOENIX emissions classification.
8a12d479-31c2-5dfa-a530-fffeeafb8e17,2023-04-08 20:48:00+00:00,21.791365,72.626485,mixed_or_uncertain,cropland,0.743933588761175,0.166347381864623,0.0,,not_eligible,No supported PHOENIX emissions classification.
ade24947-c8f2-56b0-ae33-ee8f4faae0ee,2023-04-08 20:48:00+00:00,22.0917333333333,72.5835466666667,mixed_or_uncertain,cropland,0.842273307790549,0.157726692209451,0.0,,not_eligible,No supported PHOENIX emissions classification.
eeb39f92-3cb6-5a82-89d3-6fdd47f700e2,2023-04-08 21:40:00+00:00,21.90322,72.75627,mixed_or_uncertain,cropland,0.569604086845466,0.415389527458493,0.0150063856960409,,not_eligible,No supported PHOENIX emissions classification.
1c38becc-fc4b-5d42-98ba-842ae74bc62a,2023-04-09 08:00:00+00:00,21.42121,72.97147,mixed_or_uncertain,cropland,0.694125159642401,0.23978288633461,0.0654533844189017,,not_eligible,No supported PHOENIX emissions classification.
5d24d1e4-aee7-56d2-b7d4-6c5ffdb74bb4,2023-04-09 08:00:00+00:00,21.68069,72.6001,mixed_or_uncertain,permanent_water,0.0925925925925926,0.133141762452107,0.0,,not_eligible,No supported PHOENIX emissions classification.
2f29f733-0feb-5fd4-848e-04561d3be1d6,2023-04-09 08:52:00+00:00,22.0715,72.69784,mixed_or_uncertain,cropland,0.971583652618135,0.0284163473818646,0.0,,not_eligible,No supported PHOENIX emissions classification.
5c82ac22-3fc9-5911-8b2d-60d3cb62a584,2023-04-09 08:52:00+00:00,21.55776,72.78824,mixed_or_uncertain,cropland,0.868773946360153,0.131226053639847,0.0,,not_eligible,No supported PHOENIX emissions classification.
5f33f517-313c-55d6-a421-9a3dcb3cd97e,2023-04-09 08:52:00+00:00,22.01797,72.64073,mixed_or_uncertain,cropland,0.495210727969349,0.236590038314176,0.0,,not_eligible,No supported PHOENIX emissions classification.
a8088ec9-2bf0-543b-9e08-e1872770e484,2023-04-09 08:52:00+00:00,21.46129,72.6656,mixed_or_uncertain,cropland,0.704022988505747,0.251277139208174,0.0,,not_eligible,No supported PHOENIX emissions classification.
fffa7feb-8ea4-5f9e-b42c-70d7d15f970d,2023-04-09 20:29:00+00:00,21.43281,72.97687,mixed_or_uncertain,cropland,0.562579821200511,0.437100893997446,0.0,,not_eligible,No supported PHOENIX emissions classification.
41c9c31e-031b-5078-a729-f01104be7492,2023-04-09 21:21:00+00:00,21.69359,72.60703,mixed_or_uncertain,cropland,0.720625798212005,0.0759897828863346,0.200510855683269,,not_eligible,No supported PHOENIX emissions classification.
281c373a-1f4a-5a94-a412-6742c5660120,2023-04-10 07:41:00+00:00,21.82257,72.76273,mixed_or_uncertain,cropland,0.579821200510856,0.244891443167305,0.0855683269476373,,not_eligible,No supported PHOENIX emissions classification.
b10e6c5f-cce9-5f61-9804-fa66f804eab9,2023-04-10 07:41:00+00:00,21.51318,72.92499,mixed_or_uncertain,cropland,0.743614303959132,0.227969348659004,0.0,,not_eligible,No supported PHOENIX emissions classification.
c5949ba7-101f-55e7-93d7-17b45c043347,2023-04-10 07:41:00+00:00,21.48826,72.80786,mixed_or_uncertain,cropland,0.716475095785441,0.283524904214559,0.0,,not_eligible,No supported PHOENIX emissions classification.
9b9d5c2b-5f89-5a93-ac9d-079c465505f6,2023-04-10 07:42:00+00:00,22.0713966666667,72.6660833333333,mixed_or_uncertain,cropland,0.820242656449553,0.179757343550447,0.0,,not_eligible,No supported PHOENIX emissions classification.
e8a8a1c3-f89b-50e9-bd8d-0dcb42be4e99,2023-04-10 07:42:00+00:00,22.03538,72.786,mixed_or_uncertain,cropland,0.973818646232439,0.0261813537675607,0.0,,not_eligible,No supported PHOENIX emissions classification.
94d3525f-112f-5f61-b945-0f3e04e3f206,2023-04-10 08:33:00+00:00,21.8009,72.70502,mixed_or_uncertain,cropland,0.787675606641124,0.198914431673052,0.0,,not_eligible,No supported PHOENIX emissions classification.
a22babc1-7feb-5271-92a1-f1915ccfc813,2023-04-10 08:33:00+00:00,21.47866,72.96517,mixed_or_uncertain,cropland,0.873563218390805,0.126436781609195,0.0,,not_eligible,No supported PHOENIX emissions classification.
2e357d9e-afc3-5e78-a4b7-e14df33f77dc,2023-04-10 20:10:00+00:00,21.935005,72.762165,mixed_or_uncertain,cropland,0.992975734355045,0.0070242656449553,0.0,,not_eligible,No supported PHOENIX emissions classification.
422a2327-d22c-590d-98b7-b405cffdaeb2,2023-04-11 07:23:00+00:00,21.8619,72.88753,mixed_or_uncertain,cropland,0.901979565772669,0.0977011494252874,0.0,,not_eligible,No supported PHOENIX emissions classification.
9b9c6384-a030-58c4-8269-3a67eda6ed6f,2023-04-11 07:23:00+00:00,21.70148,72.75761,mixed_or_uncertain,cropland,0.536717752234994,0.35823754789272,0.0,,not_eligible,No supported PHOENIX emissions classification.
11fc0369-b06b-5a0e-bafe-c349c060ce73,2023-04-11 08:14:00+00:00,21.78909,72.918465,mixed_or_uncertain,cropland,0.903575989782886,0.0964240102171137,0.0,,not_eligible,No supported PHOENIX emissions classification.
2cddd1d5-52cb-5e01-9a04-b6e3c97d6d9d,2023-04-11 08:14:00+00:00,21.74873,72.87753,mixed_or_uncertain,cropland,0.980842911877395,0.0162835249042146,0.0,,not_eligible,No supported PHOENIX emissions classification.
8e02fd54-1670-5d02-85f8-056fda1fde6f,2023-04-11 08:14:00+00:00,21.68536,72.60108,mixed_or_uncertain,cropland,0.491698595146871,0.182311621966794,0.242975734355045,,not_eligible,No supported PHOENIX emissions classification.
9c5307a3-e16d-5580-b9f6-8f2be31b8e64,2023-04-11 08:14:00+00:00,21.42297,72.74723,mixed_or_uncertain,cropland,0.686462324393359,0.263729246487867,0.0,,not_eligible,No supported PHOENIX emissions classification.
22171b35-7828-5317-b404-8f0b75fa8f21,2023-04-11 08:15:00+00:00,21.86822,72.87951,mixed_or_uncertain,cropland,0.671455938697318,0.317688378033206,0.00830140485312899,,not_eligible,No supported PHOENIX emissions classification.
e416986f-aa0a-5821-aba7-34de962eb0e9,2023-04-11 08:15:00+00:00,21.93578,72.71738,mixed_or_uncertain,grassland,0.339080459770115,0.581098339719029,0.0,,not_eligible,No supported PHOENIX emissions classification.
02e9d15f-bb03-50b4-b388-aedbb4e13577,2023-04-11 09:03:00+00:00,21.76306,72.76842,mixed_or_uncertain,cropland,0.758301404853129,0.229246487867178,0.0124521072796935,,not_eligible,No supported PHOENIX emissions classification.
229e988d-4624-5392-8990-b6a5db20ef41,2023-04-11 09:03:00+00:00,22.03913,72.84036,mixed_or_uncertain,cropland,0.469348659003831,0.247126436781609,0.174329501915709,,not_eligible,No supported PHOENIX emissions classification.
7286f2a7-fbed-56ee-bf8e-9814cf41c8b4,2023-04-11 09:03:00+00:00,22.01892,72.61717,mixed_or_uncertain,grassland,0.250638569604087,0.677522349936143,0.0,,not_eligible,No supported PHOENIX emissions classification.
00b69d0b-7d50-50b9-9cdb-f05ec6c23c6e,2023-04-12 07:56:00+00:00,21.93294,72.74102,mixed_or_uncertain,cropland,0.697956577266922,0.302043422733078,0.0,,not_eligible,No supported PHOENIX emissions classification.
4f238ea8-c270-5bd4-a73a-7e32e58c79c9,2023-04-12 07:56:00+00:00,21.71825,72.71626,mixed_or_uncertain,cropland,0.956896551724138,0.0431034482758621,0.0,,not_eligible,No supported PHOENIX emissions classification.
5fe208e3-ca54-57ea-86f4-b61a935be0d2,2023-04-12 07:56:00+00:00,22.06582,72.69971,mixed_or_uncertain,cropland,0.988186462324393,0.0118135376756066,0.0,,not_eligible,No supported PHOENIX emissions classification.
db0a63ec-3d68-573d-a0f9-53c6084ee10d,2023-04-12 07:56:00+00:00,21.73689,72.71238,mixed_or_uncertain,cropland,0.878352490421456,0.121647509578544,0.0,,not_eligible,No supported PHOENIX emissions classification.
68d75d85-f0d9-5bc5-8613-9e710eebf2aa,2023-04-12 08:44:00+00:00,21.39172,72.66986,mixed_or_uncertain,cropland,0.76309067688378,0.23690932311622,0.0,,not_eligible,No supported PHOENIX emissions classification.
8af82d54-3e86-57ac-ab79-ad8d7db07396,2023-04-12 08:44:00+00:00,21.67561,72.82341,mixed_or_uncertain,cropland,0.873882503192848,0.0788633461047254,0.0386334610472542,,not_eligible,No supported PHOENIX emissions classification.
d9fc9b28-672f-5b51-82a8-731cdd2b8891,2023-04-12 08:44:00+00:00,21.82139,72.89214,mixed_or_uncertain,cropland,0.998084291187739,0.00191570881226054,0.0,,not_eligible,No supported PHOENIX emissions classification.
6cc88655-9719-5a95-a15e-aa1c8be248a2,2023-04-13 07:37:00+00:00,21.794245,72.647945,mixed_or_uncertain,cropland,0.700830140485313,0.181034482758621,0.0469348659003831,,not_eligible,No supported PHOENIX emissions classification.
ba9fe1a3-e3ea-580d-a41c-f8d7c0d74d59,2023-04-13 07:37:00+00:00,22.0259,72.6247,mixed_or_uncertain,grassland,0.445083014048531,0.553320561941252,0.0,,not_eligible,No supported PHOENIX emissions classification.
71b9ea4d-0fc1-5563-a9d3-76dae19b7800,2023-04-13 08:25:00+00:00,22.02123,72.79893,mixed_or_uncertain,cropland,0.863665389527459,0.136334610472542,0.0,,not_eligible,No supported PHOENIX emissions classification.
d50dfaf8-2af9-545a-a6ff-7f113204058d,2023-04-13 08:25:00+00:00,21.62159,72.96577,mixed_or_uncertain,cropland,0.567688378033206,0.424010217113665,0.00830140485312899,,not_eligible,No supported PHOENIX emissions classification.
deb53a9e-eaab-510b-850d-200190824151,2023-04-13 08:25:00+00:00,21.47025,72.66721,mixed_or_uncertain,grassland,0.19125159642401,0.513729246487867,0.0,,not_eligible,No supported PHOENIX emissions classification.
f758b716-2b49-5a27-a8e3-3565983a9d42,2023-04-13 08:25:00+00:00,21.5328,72.81612,mixed_or_uncertain,cropland,0.906768837803321,0.0932311621966794,0.0,,not_eligible,No supported PHOENIX emissions classification.
19eca15e-bbe0-5e84-8d90-f0e7a939ee8d,2023-04-14 08:07:00+00:00,21.91778,72.68156,mixed_or_uncertain,cropland,0.655172413793103,0.27522349936143,0.0,,not_eligible,No supported PHOENIX emissions classification.
25a7c84d-f22f-51a6-ae80-caa8eea63b71,2023-04-14 08:07:00+00:00,21.71481,72.70505,mixed_or_uncertain,cropland,0.984993614303959,0.0146871008939974,0.000319284802043423,,not_eligible,No supported PHOENIX emissions classification.
cf1f6cbb-987a-51c2-99a5-4360ce573386,2023-04-14 08:07:00+00:00,21.92831,72.97894,mixed_or_uncertain,cropland,0.985312899106003,0.0137292464878672,0.0,,not_eligible,No supported PHOENIX emissions classification.
3f8aa346-27bb-5b12-90a0-c23799398195,2023-04-14 08:58:00+00:00,21.71643,72.64986,mixed_or_uncertain,tree_cover,0.0581098339719029,0.640485312899106,0.236270753512133,,not_eligible,No supported PHOENIX emissions classification.
7e2d68e4-e435-5ffa-83c3-7f46e7644d7d,2023-04-14 08:59:00+00:00,21.91687,72.80389,mixed_or_uncertain,cropland,0.956577266922095,0.0399106002554278,0.0,,not_eligible,No supported PHOENIX emissions classification.
587676b4-a76b-5ef5-9f87-c31af76db07a,2023-04-15 07:48:00+00:00,21.87387,72.94341,mixed_or_uncertain,cropland,0.822158365261814,0.177841634738186,0.0,,not_eligible,No supported PHOENIX emissions classification.
793418f8-733b-5e6b-a705-85b476defc3a,2023-04-15 07:48:00+00:00,22.01589,72.9494,mixed_or_uncertain,tree_cover,0.456896551724138,0.543103448275862,0.0,,not_eligible,No supported PHOENIX emissions classification.
8983013e-a279-5a22-9a28-73f9e69c6b31,2023-04-15 07:48:00+00:00,22.02572,72.80717,mixed_or_uncertain,cropland,0.745849297573436,0.254150702426565,0.0,,not_eligible,No supported PHOENIX emissions classification.
8b297f99-553e-5ef1-811c-3d697c9649cf,2023-04-15 07:48:00+00:00,21.96163,72.59225,mixed_or_uncertain,cropland,0.474457215836526,0.514048531289911,0.0,,not_eligible,No supported PHOENIX emissions classification.
c350dc38-a7ca-5796-a63a-e2ebd7e226b6,2023-04-15 07:48:00+00:00,21.372635,72.666015,mixed_or_uncertain,cropland,0.450510855683269,0.34418901660281,0.0169220945083014,,not_eligible,No supported PHOENIX emissions classification.
2a62de0e-0d90-5316-97b3-3b01a9c76363,2023-04-15 08:40:00+00:00,21.94747,72.93087,mixed_or_uncertain,cropland,0.749680715197957,0.250319284802043,0.0,,not_eligible,No supported PHOENIX emissions classification.
2e5948c9-1489-54a0-a443-00a280c635a8,2023-04-15 08:40:00+00:00,22.04393,72.87346,mixed_or_uncertain,cropland,0.6772030651341,0.233716475095785,0.0,,not_eligible,No supported PHOENIX emissions classification.
4dfd50d6-fc48-5fb9-b4e3-a7b7bd78045b,2023-04-15 08:40:00+00:00,21.77559,72.65826,mixed_or_uncertain,cropland,0.879948914431673,0.120051085568327,0.0,,not_eligible,No supported PHOENIX emissions classification.
16513514-4d5f-5f38-9c73-1714d10d0732,2023-04-16 07:29:00+00:00,21.51289,72.95061,mixed_or_uncertain,cropland,0.531928480204342,0.468071519795658,0.0,,not_eligible,No supported PHOENIX emissions classification.
2a3a88ea-7b8a-5598-bc24-6e5875bcde31,2023-04-16 07:29:00+00:00,21.7151,72.54767,industrial,tree_cover,0.257024265644955,0.734674329501916,0.0,,not_eligible,No supported PHOENIX emissions classification.
3d2a42f6-9df6-503c-a0a2-0af9ccf056f0,2023-04-16 08:21:00+00:00,21.717135,72.544105,mixed_or_uncertain,tree_cover,0.0169220945083014,0.974457215836526,0.0,,not_eligible,No supported PHOENIX emissions classification.
7340774a-4aa1-5b8d-99c5-1f49e2ff08c5,2023-04-16 08:21:00+00:00,22.08448,72.6014433333333,mixed_or_uncertain,cropland,0.824393358876118,0.175606641123882,0.0,,not_eligible,No supported PHOENIX emissions classification.
9a6270a1-5bb5-5d70-a6c3-71e64f33b119,2023-04-16 08:21:00+00:00,22.09196,72.79368,mixed_or_uncertain,cropland,0.676245210727969,0.323754789272031,0.0,,not_eligible,No supported PHOENIX emissions classification.
fb267196-e2f4-5937-ae24-6773b7acc5ce,2023-04-16 08:21:00+00:00,21.6214,72.77082,mixed_or_uncertain,grassland,0.269476372924649,0.730523627075351,0.0,,not_eligible,No supported PHOENIX emissions classification.
2b4c2f05-c99c-5fc8-b76f-ba6803c08873,2023-04-16 09:09:00+00:00,22.010365,72.758965,mixed_or_uncertain,cropland,0.855683269476373,0.143039591315453,0.0,,not_eligible,No supported PHOENIX emissions classification.
599786e5-dc98-543a-afbc-f3e842930b59,2023-04-16 09:09:00+00:00,21.90494,72.99084,mixed_or_uncertain,cropland,0.977969348659004,0.0220306513409962,0.0,,not_eligible,No supported PHOENIX emissions classification.
fb4c18d2-c8ad-5abb-ab9a-957da55cf2ed,2023-04-16 09:09:00+00:00,22.08688,72.804485,mixed_or_uncertain,cropland,0.863665389527459,0.136334610472542,0.0,,not_eligible,No supported PHOENIX emissions classification.
24acb05a-961c-5314-ba04-db9f41585780,2023-04-16 20:50:00+00:00,21.78076,72.639,mixed_or_uncertain,cropland,0.61749680715198,0.206257982120051,0.157088122605364,,not_eligible,No supported PHOENIX emissions classification.
9dc6dc87-5163-51d1-843b-7b5d86f0c8bc,2023-04-17 08:02:00+00:00,21.458895,72.68431,mixed_or_uncertain,cropland,0.462005108556833,0.168582375478927,0.0,,not_eligible,No supported PHOENIX emissions classification.
1f6b49fb-6d08-5e16-b7e4-1e1a74fd620e,2023-04-17 08:51:00+00:00,21.89477,72.96538,mixed_or_uncertain,cropland,0.859195402298851,0.0967432950191571,0.0,,not_eligible,No supported PHOENIX emissions classification.
5733f1d5-a076-5a28-b5c5-e7cbf70c25ef,2023-04-18 07:43:00+00:00,22.00349,72.65143,mixed_or_uncertain,grassland,0.160919540229885,0.824712643678161,0.0,,not_eligible,No supported PHOENIX emissions classification.
b3dd3a1a-0e19-5cf0-88b5-2e6d612db440,2023-04-18 07:43:00+00:00,21.48074,72.7533,mixed_or_uncertain,grassland,0.458492975734355,0.53448275862069,0.0,,not_eligible,No supported PHOENIX emissions classification.
ded0f1a2-3940-5517-ad9b-2e23e03409aa,2023-04-18 07:43:00+00:00,21.99089,72.69555,mixed_or_uncertain,cropland,0.512771392081737,0.462324393358876,0.0,,not_eligible,No supported PHOENIX emissions classification.
71a81a2c-3c92-5e10-97b9-b0c40175d00e,2023-04-18 08:32:00+00:00,21.71288,72.5479,mixed_or_uncertain,tree_cover,0.273627075351213,0.726053639846743,0.0,,not_eligible,No supported PHOENIX emissions classification.
829a1b99-6dd0-545b-a4eb-67aabbf3a720,2023-04-18 08:32:00+00:00,22.05051,72.8591,mixed_or_uncertain,cropland,0.650383141762452,0.349616858237548,0.0,,not_eligible,No supported PHOENIX emissions classification.
8be8d2de-923c-5b2d-a963-0e85947fb32f,2023-04-18 08:32:00+00:00,21.73028,72.83949,mixed_or_uncertain,cropland,0.967432950191571,0.0172413793103448,0.0,,not_eligible,No supported PHOENIX emissions classification.
b0d4db0d-770e-502f-b866-3df9bc4bb328,2023-04-18 08:32:00+00:00,21.64799,72.89978,mixed_or_uncertain,cropland,0.859514687100894,0.140485312899106,0.0,,not_eligible,No supported PHOENIX emissions classification.
7bebfd6c-fb0b-56db-87a5-f3542fc9eb47,2023-04-18 21:00:00+00:00,21.83008,72.80399,mixed_or_uncertain,cropland,0.999680715197957,0.000319284802043423,0.0,,not_eligible,No supported PHOENIX emissions classification.
29da312b-9c95-5ad5-9919-f2ec39d39b04,2023-04-19 08:13:00+00:00,21.96143,72.61021,mixed_or_uncertain,grassland,0.102490421455939,0.883141762452107,0.00351213282247765,,not_eligible,No supported PHOENIX emissions classification.
b9a43e97-fde4-5d19-9a2f-67c4fa83b1b0,2023-04-19 08:13:00+00:00,21.70591,72.77032,mixed_or_uncertain,cropland,0.718710089399745,0.276819923371648,0.0,,not_eligible,No supported PHOENIX emissions classification.
fff0e8cd-4491-57d8-ad27-0f8e2ba2f92d,2023-04-19 08:13:00+00:00,21.8974,72.77924,mixed_or_uncertain,cropland,0.986270753512133,0.0137292464878672,0.0,,not_eligible,No supported PHOENIX emissions classification.
0c4f2eee-7e27-577b-92b2-014902cb104b,2023-04-19 19:53:00+00:00,22.036744,72.591114,mixed_or_uncertain,cropland,0.504150702426564,0.495849297573435,0.0,,not_eligible,No supported PHOENIX emissions classification.
21e55c84-5003-592f-a263-176f3ec18023,2023-04-20 07:54:00+00:00,21.51384,72.95824,mixed_or_uncertain,cropland,0.574393358876118,0.425606641123883,0.0,,not_eligible,No supported PHOENIX emissions classification.
3ae24b15-77a6-5da6-a700-f4e281acbc2e,2023-04-20 07:54:00+00:00,21.7284,72.778,mixed_or_uncertain,cropland,0.598020434227331,0.401660280970626,0.0,,not_eligible,No supported PHOENIX emissions classification.
e2709452-0256-588b-8ca2-a135c93549bd,2023-04-20 07:54:00+00:00,22.01971,72.74847,mixed_or_uncertain,cropland,0.517560664112388,0.330140485312899,0.11845466155811,,not_eligible,No supported PHOENIX emissions classification.
1d0fb520-da87-53f9-987a-4c6d62c4be7a,2023-04-20 08:46:00+00:00,21.6673,72.77052,mixed_or_uncertain,cropland,0.530332056194125,0.168582375478927,0.0,,not_eligible,No supported PHOENIX emissions classification.
805df984-4ccc-52f4-b05a-eac8b8a837ca,2023-04-20 08:46:00+00:00,22.08766,72.63766,mixed_or_uncertain,cropland,0.849616858237548,0.150383141762452,0.0,,not_eligible,No supported PHOENIX emissions classification.
ef52f2c5-9ff2-50b7-92b6-837187493f90,2023-04-20 08:46:00+00:00,21.41645,72.6741,mixed_or_uncertain,cropland,0.565772669220945,0.27522349936143,0.0124521072796935,,not_eligible,No supported PHOENIX emissions classification.
27bc4db2-9331-5e1d-b9c9-af1d30a65a8a,2023-04-21 07:35:00+00:00,22.02715,72.84879,mixed_or_uncertain,cropland,0.817049808429119,0.174329501915709,0.00862068965517241,,not_eligible,No supported PHOENIX emissions classification.
58ff3b78-466d-5415-9910-a3df9d08c97d,2023-04-21 07:35:00+00:00,22.05551,72.92178,mixed_or_uncertain,cropland,0.730842911877395,0.269157088122605,0.0,,not_eligible,No supported PHOENIX emissions classification.
6e835ad6-a3e2-5bfe-9335-50538556021c,2023-04-21 07:35:00+00:00,21.68764,72.6636,mixed_or_uncertain,cropland,0.721902937420179,0.216475095785441,0.0434227330779055,,not_eligible,No supported PHOENIX emissions classification.
796a06c4-8a8d-5777-8a50-94be97422402,2023-04-21 07:35:00+00:00,22.0062,72.59685,mixed_or_uncertain,cropland,0.742656449553001,0.255108556832695,0.0,,not_eligible,No supported PHOENIX emissions classification.
d92a94de-38bc-5f6b-9fbd-4e62a5e31819,2023-04-21 07:35:00+00:00,22.08598,72.6271,mixed_or_uncertain,cropland,0.52522349936143,0.360153256704981,0.0,,not_eligible,No supported PHOENIX emissions classification.
4cf309df-3a02-5932-9da9-9ad35ab82bda,2023-04-21 08:27:00+00:00,22.057955,72.60823,mixed_or_uncertain,cropland,0.336845466155811,0.663154533844189,0.0,,not_eligible,No supported PHOENIX emissions classification.
4ed29360-2304-59d4-aa17-6c9596a93d54,2023-04-21 08:27:00+00:00,21.71172,72.646,mixed_or_uncertain,tree_cover,0.32183908045977,0.581417624521073,0.0600255427841635,,not_eligible,No supported PHOENIX emissions classification.
6876b3d0-555d-522d-8969-da124286e2ee,2023-04-21 08:27:00+00:00,21.615725,72.87022,mixed_or_uncertain,grassland,0.388569604086845,0.611430395913155,0.0,,not_eligible,No supported PHOENIX emissions classification.
d4c13139-a145-5cd8-9648-bad75f03ad6e,2023-04-21 08:27:00+00:00,21.50707,72.81982,mixed_or_uncertain,cropland,0.711685823754789,0.288314176245211,0.0,,not_eligible,No supported PHOENIX emissions classification.
353189af-88b1-55fc-88a9-3e5af49a3429,2023-04-22 08:08:00+00:00,21.46325,72.66101,mixed_or_uncertain,cropland,0.54757343550447,0.355044699872286,0.0,,not_eligible,No supported PHOENIX emissions classification.
38a92f92-3234-5940-8ecc-207fed909b29,2023-04-22 08:08:00+00:00,21.79778,72.62263,mixed_or_uncertain,cropland,0.574074074074074,0.406130268199234,0.0,,not_eligible,No supported PHOENIX emissions classification.
8b7b2278-ec2c-545a-ac72-18df5d0a2c61,2023-04-22 08:08:00+00:00,21.733,72.606345,industrial,cropland,0.740740740740741,0.2014687100894,0.0523627075351213,,not_eligible,No supported PHOENIX emissions classification.
ac434997-fa09-56d7-8d51-fd0510c6488e,2023-04-22 08:08:00+00:00,21.47535,72.79515,mixed_or_uncertain,cropland,0.792145593869732,0.207854406130268,0.0,,not_eligible,No supported PHOENIX emissions classification.
f1a227ba-349e-5aff-93d9-6b83470a040a,2023-04-22 08:08:00+00:00,21.71379,72.72252,mixed_or_uncertain,cropland,0.983077905491699,0.0169220945083014,0.0,,not_eligible,No supported PHOENIX emissions classification.
21ee0839-50d7-57bd-9f22-134975f47847,2023-04-22 08:57:00+00:00,21.40011,72.66188,mixed_or_uncertain,cropland,0.473818646232439,0.404533844189017,0.0,,not_eligible,No supported PHOENIX emissions classification.
602f36f2-236e-560f-86df-a90aa8f9cf8c,2023-04-22 08:57:00+00:00,21.51833,72.77477,mixed_or_uncertain,cropland,0.953065134099617,0.0469348659003831,0.0,,not_eligible,No supported PHOENIX emissions classification.
7c9744a7-dffb-5bba-adcb-bc54bf8429cd,2023-04-22 08:57:00+00:00,21.93939,72.84993,mixed_or_uncertain,cropland,0.735951468710089,0.261813537675607,0.0,,not_eligible,No supported PHOENIX emissions classification.
a1e823c1-17bc-5f99-8ede-d71f40cc1776,2023-04-22 08:57:00+00:00,21.9736775,72.6256825,mixed_or_uncertain,grassland,0.204342273307791,0.795019157088123,0.0,,not_eligible,No supported PHOENIX emissions classification.
a6336edc-984a-50b2-9f50-3c98dc0a134c,2023-04-22 08:57:00+00:00,21.99375,72.80575,mixed_or_uncertain,cropland,0.911238825031928,0.0887611749680715,0.0,,not_eligible,No supported PHOENIX emissions classification.
a6f5827b-31f6-58e8-8399-fe7deec51cf2,2023-04-22 08:57:00+00:00,21.49825,72.74546,mixed_or_uncertain,cropland,0.988505747126437,0.0114942528735632,0.0,,not_eligible,No supported PHOENIX emissions classification.
ce208086-403f-56fa-8e32-358937b62a19,2023-04-22 08:57:00+00:00,22.07797,72.68743,mixed_or_uncertain,cropland,0.92911877394636,0.0708812260536398,0.0,,not_eligible,No supported PHOENIX emissions classification.
4d3096f8-af94-5049-b46c-31cc3e0c9a38,2023-04-22 20:37:00+00:00,22.03266,72.58932,mixed_or_uncertain,cropland,0.595466155810983,0.403575989782886,0.0,,not_eligible,No supported PHOENIX emissions classification.
02225aab-964b-5233-b521-ac80b06e21c0,2023-04-23 07:49:00+00:00,21.62179,72.91914,mixed_or_uncertain,cropland,0.627075351213282,0.335249042145594,0.0360791826309068,,not_eligible,No supported PHOENIX emissions classification.
24e073ba-987d-59b7-8340-b02f0e026e5a,2023-04-23 07:49:00+00:00,22.02363,72.62952,mixed_or_uncertain,grassland,0.419540229885057,0.576628352490421,0.0,,not_eligible,No supported PHOENIX emissions classification.
33703524-51d8-5dcf-89cc-2befcaa3851a,2023-04-23 07:49:00+00:00,22.01274,72.7964,mixed_or_uncertain,cropland,0.818007662835249,0.181673052362708,0.0,,not_eligible,No supported PHOENIX emissions classification.
92d95dd5-663d-5ab5-8c1d-f5d9866a81f0,2023-04-23 07:49:00+00:00,21.64255,72.82741,mixed_or_uncertain,tree_cover,0.170178799489144,0.829821200510856,0.0,,not_eligible,No supported PHOENIX emissions classification.
943d4a22-9ffc-5e8f-89b7-ccd87434780a,2023-04-23 07:49:00+00:00,21.44881,72.77422,mixed_or_uncertain,cropland,0.813856960408684,0.181034482758621,0.0,,not_eligible,No supported PHOENIX emissions classification.
b9cf1e9c-8af8-52b3-9228-f97fdcb2eaf0,2023-04-24 07:30:00+00:00,21.55392,72.80779,mixed_or_uncertain,cropland,0.5970625798212,0.402937420178799,0.0,,not_eligible,No supported PHOENIX emissions classification.
cf2cb5c0-74af-512a-a997-f700718dbb48,2023-04-24 08:19:00+00:00,22.03479,72.65434,mixed_or_uncertain,grassland,0.161558109833972,0.807790549169859,0.0,,not_eligible,No supported PHOENIX emissions classification.
fd9e1dcd-e254-527c-b321-767dfe1b6fdf,2023-04-24 08:19:00+00:00,21.64820125,72.82622625,industrial,tree_cover,0.0622605363984674,0.937739463601533,0.0,,not_eligible,No supported PHOENIX emissions classification.
25acca44-ffe9-5946-8971-8a0cf7cfffa1,2023-04-25 08:00:00+00:00,21.43002,72.927755,mixed_or_uncertain,tree_cover,0.340038314176245,0.6529374201788,0.0,,not_eligible,No supported PHOENIX emissions classification.
6550e8c4-0e07-5bfe-ad91-54c06776faf1,2023-04-25 08:00:00+00:00,22.03303,72.68338,mixed_or_uncertain,grassland,0.21360153256705,0.78639846743295,0.0,,not_eligible,No supported PHOENIX emissions classification.
b1bb0fb3-0a5d-5c71-a297-4fea3ee34583,2023-04-25 08:00:00+00:00,22.04841,72.85519,mixed_or_uncertain,tree_cover,0.457535121328225,0.542464878671775,0.0,,not_eligible,No supported PHOENIX emissions classification.
f5d81efb-f955-5551-9f3b-cfa1a171555e,2023-04-25 08:00:00+00:00,22.01339,72.59851,mixed_or_uncertain,cropland,0.530332056194125,0.368773946360153,0.0,,not_eligible,No supported PHOENIX emissions classification.
4278426b-df65-5574-80cc-e42d62189c85,2023-04-25 08:52:00+00:00,22.085265,72.81694,mixed_or_uncertain,cropland,0.530651340996169,0.465836526181354,0.0,,not_eligible,No supported PHOENIX emissions classification.
62718b61-7ec4-53c5-a2c2-e1d87ec1ba3a,2023-04-25 08:52:00+00:00,21.99397,72.54871,mixed_or_uncertain,cropland,0.445083014048531,0.143358876117497,0.0,,not_eligible,No supported PHOENIX emissions classification.
46477476-6a80-5bd1-b6d2-029083a044c3,2023-04-25 20:29:00+00:00,21.90593,72.75511,mixed_or_uncertain,cropland,0.865261813537676,0.127075351213282,0.00766283524904215,,not_eligible,No supported PHOENIX emissions classification.
0b16d5ce-1c65-5946-b50d-78b6ac3fcfbe,2023-04-26 07:42:00+00:00,21.62321,72.95025,mixed_or_uncertain,cropland,0.808109833971903,0.125159642401022,0.0,,not_eligible,No supported PHOENIX emissions classification.
0f1668a7-61ca-5f2f-82fe-89cb97ea26b9,2023-04-26 08:33:00+00:00,21.64621,72.82539,mixed_or_uncertain,tree_cover,0.123563218390805,0.876436781609195,0.0,,not_eligible,No supported PHOENIX emissions classification.
286f2c9c-703d-546d-91b2-cc5ee8effb2d,2023-04-26 08:33:00+00:00,22.09986,72.70128,mixed_or_uncertain,cropland,0.903575989782886,0.0964240102171137,0.0,,not_eligible,No supported PHOENIX emissions classification.
7efc1a82-2fd1-549d-ad25-8c0af3f10e64,2023-04-26 08:33:00+00:00,22.00804,72.58076,mixed_or_uncertain,grassland,0.152937420178799,0.815134099616858,0.0,,not_eligible,No supported PHOENIX emissions classification.
a4c8fef5-fa55-5d4f-a619-41086b5c4a65,2023-04-26 08:33:00+00:00,21.82257,72.96449,mixed_or_uncertain,cropland,0.688378033205619,0.303320561941252,0.0,,not_eligible,No supported PHOENIX emissions classification.
faeb1d1e-5664-5d00-9a4f-fae1a4ce621f,2023-04-27 08:14:00+00:00,21.77662,72.73682,mixed_or_uncertain,cropland,0.958812260536398,0.00734355044699872,0.0338441890166028,,not_eligible,No supported PHOENIX emissions classification.
28bee387-79f1-5005-a7c5-e9cb18952354,2023-04-27 09:03:00+00:00,22.007345,72.72966,mixed_or_uncertain,cropland,0.661877394636015,0.292464878671775,0.0450191570881226,,not_eligible,No supported PHOENIX emissions classification.
92e9cff0-4666-5f86-95c3-b17cd610bd63,2023-04-27 09:03:00+00:00,22.02378,72.64632,mixed_or_uncertain,grassland,0.257982120051086,0.708812260536398,0.0,,not_eligible,No supported PHOENIX emissions classification.
1e872c4c-0bba-5f88-b2fb-4c1c8030ccd9,2023-04-27 20:43:00+00:00,21.79465,72.6473733333333,mixed_or_uncertain,cropland,0.753831417624521,0.121328224776501,0.0779054916985951,,not_eligible,No supported PHOENIX emissions classification.
995ea986-c6fe-5e4a-807e-458eb5a2e74b,2023-04-27 21:32:00+00:00,21.68855,72.56158,mixed_or_uncertain,tree_cover,0.193805874840358,0.536079182630907,0.264687100893997,,not_eligible,No supported PHOENIX emissions classification.
40a44d82-1668-5ac5-afae-729989b77fd8,2023-04-29 08:26:00+00:00,22.03037,72.92081,mixed_or_uncertain,cropland,0.70338441890166,0.29661558109834,0.0,,not_eligible,No supported PHOENIX emissions classification.
172b4b24-0292-52a6-ba63-68a8eb7fff14,2023-04-30 08:07:00+00:00,21.56876,72.88932,mixed_or_uncertain,cropland,0.904214559386973,0.0925925925925926,0.00191570881226054,,not_eligible,No supported PHOENIX emissions classification.
9b89a8ab-02db-543f-9ce9-a60044f3c4ae,2023-04-30 08:07:00+00:00,21.86409,72.7062,mixed_or_uncertain,cropland,0.872924648786718,0.0906768837803321,0.0363984674329502,,not_eligible,No supported PHOENIX emissions classification.
0437786e-4d25-5188-a8ac-232d0111b226,2023-04-30 08:58:00+00:00,21.74561,72.74949,mixed_or_uncertain,cropland,0.512452107279693,0.424648786717752,0.0319284802043423,,not_eligible,No supported PHOENIX emissions classification.
8a601c35-aab0-5106-a8c3-a6730be44a48,2023-04-30 08:58:00+00:00,21.99787,72.8306,mixed_or_uncertain,cropland,0.991698595146871,0.00830140485312899,0.0,,not_eligible,No supported PHOENIX emissions classification.
d78ee780-1714-5760-8bfa-fdf0712cbff4,2023-05-02 07:29:00+00:00,22.07505,72.54464,mixed_or_uncertain,cropland,0.425925925925926,0.568965517241379,0.0,,not_eligible,No supported PHOENIX emissions classification.
37c8d9b1-7930-57a9-9d83-ee191db351c0,2023-05-02 08:20:00+00:00,21.40891,72.74643,mixed_or_uncertain,cropland,0.853767560664112,0.137931034482759,0.0,,not_eligible,No supported PHOENIX emissions classification.
e963848c-a168-5a1f-886c-4a7ade9279cb,2023-05-02 08:20:00+00:00,21.70915,72.65078,mixed_or_uncertain,cropland,0.629310344827586,0.0830140485312899,0.286717752234994,,not_eligible,No supported PHOENIX emissions classification.
3306d888-cd64-50aa-8686-3c7923510c47,2023-05-02 09:10:00+00:00,21.74619,72.83075,mixed_or_uncertain,cropland,0.950191570881226,0.0498084291187739,0.0,,not_eligible,No supported PHOENIX emissions classification.
5470c515-c9ea-52ce-8f35-799d28b57030,2023-05-03 08:51:00+00:00,21.73343,72.61076,mixed_or_uncertain,cropland,0.621647509578544,0.37037037037037,0.00798212005108557,,not_eligible,No supported PHOENIX emissions classification.
84abcec1-175a-5beb-80f9-16d5a3115fd1,2023-05-04 07:43:00+00:00,21.8336225,72.658385,mixed_or_uncertain,cropland,0.66698595146871,0.326947637292465,0.0,,not_eligible,No supported PHOENIX emissions classification.
b8dcd429-abe5-567c-8c10-9a8e828b6dcf,2023-05-04 07:43:00+00:00,21.824005,72.63667,mixed_or_uncertain,cropland,0.738186462324393,0.238186462324393,0.0,,not_eligible,No supported PHOENIX emissions classification.
c53182a9-37c2-59e9-bacf-edefcd0a9244,2023-05-04 08:32:00+00:00,22.04879,72.61623,mixed_or_uncertain,cropland,0.621647509578544,0.378352490421456,0.0,,not_eligible,No supported PHOENIX emissions classification.
6f9daafa-71b9-55f7-aa6c-95874264e3d9,2023-05-05 08:13:00+00:00,22.07142,72.60009,mixed_or_uncertain,cropland,0.619093231162197,0.373563218390805,0.0,,not_eligible,No supported PHOENIX emissions classification.
981d2a73-25c4-58ef-a490-158f10b1c7e8,2023-05-05 08:13:00+00:00,21.55753,72.91596,mixed_or_uncertain,cropland,0.810983397190294,0.129310344827586,0.0245849297573436,,not_eligible,No supported PHOENIX emissions classification.
cb9b03b5-a9a2-56cc-853a-fa2c7b70adf3,2023-05-05 08:13:00+00:00,21.45691,72.66941,mixed_or_uncertain,cropland,0.577586206896552,0.266602809706258,0.0,,not_eligible,No supported PHOENIX emissions classification.
7adb2b03-cc0e-5057-8cf9-9ee1c0e03bb4,2023-05-06 08:46:00+00:00,21.99622,72.74055,mixed_or_uncertain,cropland,0.566730523627075,0.375798212005109,0.0,,not_eligible,No supported PHOENIX emissions classification.
6e2d8807-fa49-5f1f-b6ef-a7eff7b5781e,2023-05-07 07:35:00+00:00,21.760335,72.67006,mixed_or_uncertain,cropland,0.954022988505747,0.0389527458492976,0.0070242656449553,,not_eligible,No supported PHOENIX emissions classification.
4215755b-a9d3-5c94-a6e0-de0753edd573,2023-05-07 08:27:00+00:00,21.40415,72.67686,mixed_or_uncertain,tree_cover,0.441570881226054,0.558429118773946,0.0,,not_eligible,No supported PHOENIX emissions classification.
a57dd87a-a84a-535f-944f-d43e6d6a0e66,2023-05-07 09:16:00+00:00,21.7059,72.802,mixed_or_uncertain,cropland,0.830459770114943,0.16794380587484,0.000319284802043423,,not_eligible,No supported PHOENIX emissions classification.
f64f10bc-3d57-5a0f-82e5-dae2e918624b,2023-05-07 09:16:00+00:00,21.782925,72.714975,mixed_or_uncertain,cropland,0.991698595146871,0.00830140485312899,0.0,,not_eligible,No supported PHOENIX emissions classification.
bd334619-5de9-5a62-9540-222a198944ab,2023-05-07 20:55:00+00:00,21.43342,72.97529,mixed_or_uncertain,cropland,0.532886334610473,0.450510855683269,0.0,,not_eligible,No supported PHOENIX emissions classification.
4c673093-5ab5-5b25-bde5-e070971b9dcb,2023-05-08 08:08:00+00:00,21.41771,72.88615,mixed_or_uncertain,cropland,0.58301404853129,0.185504469987229,0.215836526181354,,not_eligible,No supported PHOENIX emissions classification.
8ee251f0-1f83-53f7-a544-17f90ac38f70,2023-05-08 08:08:00+00:00,21.71879,72.69961,mixed_or_uncertain,cropland,0.76213282247765,0.139527458492976,0.0810983397190294,,not_eligible,No supported PHOENIX emissions classification.
d9477d57-a923-5859-a919-f5489eae43c2,2023-05-08 08:08:00+00:00,21.72862,72.81944,mixed_or_uncertain,cropland,0.759897828863346,0.230204342273308,0.00989782886334611,,not_eligible,No supported PHOENIX emissions classification.
fb7b11e2-969e-54fd-94d0-e2e6516cb0f8,2023-05-08 08:08:00+00:00,21.849425,72.955705,mixed_or_uncertain,cropland,0.748722860791826,0.139208173690932,0.112068965517241,,not_eligible,No supported PHOENIX emissions classification.
21e78936-1c4e-5d83-a4f5-c8b8acc11ed2,2023-05-08 08:57:00+00:00,22.07017,72.7364,mixed_or_uncertain,cropland,0.851213282247765,0.148467432950192,0.0,,not_eligible,No supported PHOENIX emissions classification.
24184a9b-eef0-5bbd-af14-550e809d05ff,2023-05-08 08:57:00+00:00,22.01007,72.83005,mixed_or_uncertain,cropland,0.913473818646232,0.0865261813537676,0.0,,not_eligible,No supported PHOENIX emissions classification.
2bf668bd-38b9-5d29-a056-65a3ea363eb8,2023-05-08 08:57:00+00:00,21.48614,72.6991,mixed_or_uncertain,cropland,0.977330779054917,0.0223499361430396,0.000319284802043423,,not_eligible,No supported PHOENIX emissions classification.
39ace98f-0654-5da0-b86a-88a35002a13f,2023-05-08 08:57:00+00:00,22.02393,72.809605,mixed_or_uncertain,cropland,0.551085568326948,0.430395913154534,0.00478927203065134,,not_eligible,No supported PHOENIX emissions classification.
39c6947f-e4db-5f9d-9e2e-75bc5131c938,2023-05-08 08:57:00+00:00,21.89717,72.65868,mixed_or_uncertain,cropland,0.733077905491699,0.177841634738186,0.000319284802043423,,not_eligible,No supported PHOENIX emissions classification.
50060246-5f26-5a33-b885-7e76a1164df8,2023-05-08 08:57:00+00:00,21.795025,72.647815,mixed_or_uncertain,cropland,0.766922094508301,0.121966794380587,0.086845466155811,,not_eligible,No supported PHOENIX emissions classification.
7b465d72-ec4a-5c42-8427-a4aae4fd1f6b,2023-05-08 08:57:00+00:00,21.42772,72.79585,mixed_or_uncertain,cropland,0.863026819923372,0.136973180076628,0.0,,not_eligible,No supported PHOENIX emissions classification.
977fadc4-ba3e-51bb-a9c1-5aa7bb59b1e1,2023-05-09 07:49:00+00:00,21.92093,72.79616,mixed_or_uncertain,cropland,0.950830140485313,0.0306513409961686,0.0185185185185185,,not_eligible,No supported PHOENIX emissions classification.
e2f7a0cc-1960-5145-8e1e-b0e5f1144f57,2023-05-09 07:49:00+00:00,21.83267,72.6346525,mixed_or_uncertain,cropland,0.710727969348659,0.103767560664112,0.0,,not_eligible,No supported PHOENIX emissions classification.
543d5614-0c67-5d95-b4fd-5a2367486166,2023-05-09 08:38:00+00:00,21.9896,72.56696,mixed_or_uncertain,cropland,0.677522349936143,0.309067688378033,0.0,,not_eligible,No supported PHOENIX emissions classification.
5c9c25a6-4398-5705-ac55-f7eb4ca881d8,2023-05-09 08:38:00+00:00,22.02079,72.77932,mixed_or_uncertain,cropland,0.591954022988506,0.408045977011494,0.0,,not_eligible,No supported PHOENIX emissions classification.
1fbb367e-0bc4-53e2-8f72-8ed3287ece7f,2023-05-10 07:30:00+00:00,22.00654,72.71893,mixed_or_uncertain,cropland,0.524904214559387,0.266283524904215,0.014367816091954,,not_eligible,No supported PHOENIX emissions classification.
5a9a23a7-7a22-5076-a4bc-79cda4e55d8f,2023-05-10 07:30:00+00:00,22.082215,72.80608,mixed_or_uncertain,cropland,0.990102171136654,0.00989782886334611,0.0,,not_eligible,No supported PHOENIX emissions classification.
e1b6c7b0-53b7-5d4c-bae9-e45bb559d19f,2023-05-10 07:30:00+00:00,22.07128,72.73704,mixed_or_uncertain,cropland,0.775542784163474,0.224457215836526,0.0,,not_eligible,No supported PHOENIX emissions classification.
3a70eb04-29a6-5907-9e85-c7cb613f25ca,2023-05-10 08:19:00+00:00,21.43598,72.91601,mixed_or_uncertain,cropland,0.628033205619413,0.371966794380587,0.0,,not_eligible,No supported PHOENIX emissions classification.
7353cba9-41a4-5573-9c51-b2c0bff92fd0,2023-05-10 08:19:00+00:00,21.6392,72.834155,mixed_or_uncertain,tree_cover,0.0459770114942529,0.954022988505747,0.0,,not_eligible,No supported PHOENIX emissions classification.
6b3a919e-90df-59c8-953b-db798ab0b37a,2023-05-10 09:11:00+00:00,21.96068,72.93351,mixed_or_uncertain,cropland,0.742975734355045,0.2257343550447,0.0,,not_eligible,No supported PHOENIX emissions classification.
a3bc03a1-384a-5deb-b568-88cca980d551,2023-05-10 09:11:00+00:00,22.03898,72.86622,mixed_or_uncertain,cropland,0.838441890166028,0.161558109833972,0.0,,not_eligible,No supported PHOENIX emissions classification.
a80d02f7-5544-5bbe-86b7-c41b5949a1a2,2023-05-10 09:11:00+00:00,22.08856,72.64546,mixed_or_uncertain,cropland,0.828544061302682,0.171455938697318,0.0,,not_eligible,No supported PHOENIX emissions classification.
bab3c1dc-047c-5e6e-84cf-b1928f450830,2023-05-10 09:11:00+00:00,21.6352,72.96819,mixed_or_uncertain,cropland,0.649744572158365,0.240740740740741,0.108556832694764,,not_eligible,No supported PHOENIX emissions classification.
20b18501-73fd-578c-95d7-ca077f49f9b6,2023-05-10 19:59:00+00:00,21.686215,72.562426,industrial,tree_cover,0.151660280970626,0.45338441890166,0.390485312899106,,not_eligible,No supported PHOENIX emissions classification.
4426b4de-be8b-5c39-a24e-cca62f3c8e47,2023-05-11 08:52:00+00:00,22.066175,72.767505,mixed_or_uncertain,cropland,0.727330779054917,0.272669220945083,0.0,,not_eligible,No supported PHOENIX emissions classification.
e3f92059-fc13-5ea3-97fc-7b119356df81,2023-05-11 08:52:00+00:00,21.97926,72.8828,mixed_or_uncertain,cropland,0.899106002554278,0.100893997445722,0.0,,not_eligible,No supported PHOENIX emissions classification.
3fbc13a5-bf1c-5b18-ae14-b956f56445bd,2023-05-12 07:42:00+00:00,22.04066,72.58649,mixed_or_uncertain,grassland,0.279693486590038,0.720306513409962,0.0,,not_eligible,No supported PHOENIX emissions classification.
c0a7b76d-2dc8-5242-8c96-bf454eb9982d,2023-05-12 07:42:00+00:00,21.6953,72.73376,mixed_or_uncertain,tree_cover,0.205300127713921,0.707215836526181,0.0,,not_eligible,No supported PHOENIX emissions classification.
c1fc6a14-939c-55e4-8583-872a50489971,2023-05-12 07:42:00+00:00,21.69492,72.78129,mixed_or_uncertain,cropland,0.757982120051086,0.242017879948914,0.0,,not_eligible,No supported PHOENIX emissions classification.
eb637d74-c11e-5428-8cfb-3862627c1db4,2023-05-12 07:42:00+00:00,21.93374,72.67268,mixed_or_uncertain,cropland,0.476053639846743,0.210408684546616,0.0,,not_eligible,No supported PHOENIX emissions classification.
f3df1999-3289-5a29-96de-3e74eb70b355,2023-05-12 20:10:00+00:00,21.920455,72.68541,mixed_or_uncertain,cropland,0.778735632183908,0.216794380587484,0.0,,not_eligible,No supported PHOENIX emissions classification.
2fa7b12f-97ca-53e9-8c34-666401df3b34,2023-05-13 09:03:00+00:00,21.46929,72.70074,mixed_or_uncertain,permanent_water,0.0274584929757344,0.371328224776501,0.0,,not_eligible,No supported PHOENIX emissions classification.
26c9e172-c370-5609-8b39-667fb2c98ccb,2023-05-13 09:03:00+00:00,22.08488,72.76431,mixed_or_uncertain,cropland,0.969348659003831,0.0306513409961686,0.0,,not_eligible,No supported PHOENIX emissions classification.
3d76d4af-889d-56cd-ad71-d246b716b836,2023-05-13 09:03:00+00:00,22.04023,72.7859,mixed_or_uncertain,cropland,0.684227330779055,0.315772669220945,0.0,,not_eligible,No supported PHOENIX emissions classification.
56752b4e-4cdf-5ba4-afdb-23e44bced652,2023-05-13 09:03:00+00:00,22.061005,72.62057,mixed_or_uncertain,grassland,0.276181353767561,0.627075351213282,0.072477650063857,,not_eligible,No supported PHOENIX emissions classification.
7a7b1c9e-bce1-59c3-9e6a-e279f16d54ab,2023-05-13 09:03:00+00:00,21.95857,72.52859,mixed_or_uncertain,grassland,0.219667943805875,0.686781609195402,0.0,,not_eligible,No supported PHOENIX emissions classification.
349258c1-2a2a-5cc1-9b93-7a6babb80137,2023-05-14 07:55:00+00:00,21.44337,72.82595,mixed_or_uncertain,cropland,0.887611749680715,0.0996168582375479,0.00351213282247765,,not_eligible,No supported PHOENIX emissions classification.
737e820c-bf31-58b9-aa15-6fb89a701594,2023-05-14 07:55:00+00:00,21.41597,72.82197,mixed_or_uncertain,cropland,0.509897828863346,0.346743295019157,0.133141762452107,,not_eligible,No supported PHOENIX emissions classification.
6864e029-b04a-59cf-aaaf-cb2ab051fba8,2023-05-14 08:44:00+00:00,21.68962,72.95101,mixed_or_uncertain,cropland,0.912196679438059,0.084610472541507,0.000638569604086846,,not_eligible,No supported PHOENIX emissions classification.
7c5d45ce-e394-5e79-a492-1855a9e72436,2023-05-14 08:44:00+00:00,21.46083,72.97863,mixed_or_uncertain,cropland,0.513729246487867,0.446040868454662,0.0108556832694764,,not_eligible,No supported PHOENIX emissions classification.
96ab309b-7698-59ff-8525-288fb1c548cd,2023-05-14 08:44:00+00:00,21.684235,72.532825,industrial,bare_sparse_vegetation,0.0408684546615581,0.10823754789272,0.371647509578544,,not_eligible,No supported PHOENIX emissions classification.
d139b89e-4395-56fd-a5e1-211904a36099,2023-05-14 08:44:00+00:00,21.48439,72.95819,mixed_or_uncertain,cropland,0.790549169859515,0.173052362707535,0.0280970625798212,,not_eligible,No supported PHOENIX emissions classification.
f8d47bb7-532f-52b8-8f48-2c88b8983bc3,2023-05-14 08:44:00+00:00,21.641375,72.83435,mixed_or_uncertain,tree_cover,0.0804597701149425,0.919540229885057,0.0,,not_eligible,No supported PHOENIX emissions classification.
7a477a9d-71b6-503f-a1ca-0f46628024f4,2023-05-15 07:36:00+00:00,21.72314,72.6311757142857,industrial,cropland,0.786079182630907,0.09514687100894,0.045338441890166,,not_eligible,No supported PHOENIX emissions classification.
881cd39f-da83-5528-a329-b75f015bb529,2023-05-15 07:36:00+00:00,21.42995,72.792135,mixed_or_uncertain,cropland,0.828863346104725,0.153256704980843,0.0,,not_eligible,No supported PHOENIX emissions classification.
3cffbc59-2673-58fe-a530-03b26cda28d7,2023-05-15 08:26:00+00:00,21.8264933333333,72.9546233333333,mixed_or_uncertain,cropland,0.811941251596424,0.0820561941251596,0.0,,not_eligible,No supported PHOENIX emissions classification.
46f520d3-cf1d-5c97-bb38-8541efd4b5b1,2023-05-15 08:26:00+00:00,21.87691,72.73299,mixed_or_uncertain,cropland,0.580140485312899,0.419540229885057,0.0,,not_eligible,No supported PHOENIX emissions classification.
28b751b5-b74d-5f9e-9629-457ea3d4e4fd,2023-05-16 08:07:00+00:00,21.94977,72.55853,mixed_or_uncertain,cropland,0.35536398467433,0.360791826309068,0.227330779054917,,not_eligible,No supported PHOENIX emissions classification.
c4efdf86-73a1-5c85-ad67-f8d065eed991,2023-05-16 08:07:00+00:00,21.5305,72.74358,mixed_or_uncertain,grassland,0.286717752234994,0.490421455938697,0.0,,not_eligible,No supported PHOENIX emissions classification.
dbd8a517-de6f-54ef-91aa-66a8d193a15f,2023-05-16 08:07:00+00:00,21.80995,72.85235,mixed_or_uncertain,cropland,0.875159642401022,0.124840357598978,0.0,,not_eligible,No supported PHOENIX emissions classification.
97626f1f-b5a4-5c45-8ffd-119086e52f41,2023-05-16 08:58:00+00:00,22.014035,72.731285,mixed_or_uncertain,cropland,0.468710089399745,0.363346104725415,0.103767560664112,,not_eligible,No supported PHOENIX emissions classification.
daf2f2ba-e781-5acb-9d07-9d1e119741cc,2023-05-17 07:48:00+00:00,21.693145,72.654805,mixed_or_uncertain,tree_cover,0.222541507024266,0.722222222222222,0.0530012771392082,,not_eligible,No supported PHOENIX emissions classification.
6c9c5085-7184-5a1a-97ea-04d6bdd12f41,2023-05-17 08:39:00+00:00,21.48607,72.7504,mixed_or_uncertain,cropland,0.988186462324393,0.0118135376756066,0.0,,not_eligible,No supported PHOENIX emissions classification.
da834a7b-75d7-517f-a53e-a2132144bad9,2023-05-17 08:39:00+00:00,22.01501,72.95403,mixed_or_uncertain,cropland,0.541507024265645,0.458492975734355,0.0,,not_eligible,No supported PHOENIX emissions classification.
67ba8adb-555d-5df4-96c1-6fdd63137805,2023-05-18 08:20:00+00:00,21.90595,72.99567,mixed_or_uncertain,cropland,0.905172413793103,0.0657726692209451,0.0,,not_eligible,No supported PHOENIX emissions classification.
6eb22206-d721-5ad6-89a4-1b5662ba4123,2023-05-18 09:10:00+00:00,22.09801,72.88967,mixed_or_uncertain,cropland,0.716794380587484,0.283205619412516,0.0,,not_eligible,No supported PHOENIX emissions classification.
8e70ea53-20d5-5f5f-af2f-40fd20513816,2023-05-18 09:10:00+00:00,21.69711,72.65343,mixed_or_uncertain,tree_cover,0.231800766283525,0.768199233716475,0.0,,not_eligible,No supported PHOENIX emissions classification.
f72dd1be-5b65-5796-9d1c-cf0e9bea7971,2023-05-18 09:10:00+00:00,22.037665,72.789945,mixed_or_uncertain,cropland,0.859514687100894,0.140485312899106,0.0,,not_eligible,No supported PHOENIX emissions classification.
748a6b3e-20a7-55f5-bde1-249c346e10b6,2023-05-20 07:43:00+00:00,21.95094,72.79194,mixed_or_uncertain,grassland,0.307471264367816,0.587164750957854,0.00191570881226054,,not_eligible,No supported PHOENIX emissions classification.
ae583ec7-5082-5489-9dfb-bd263dffb35b,2023-05-20 07:43:00+00:00,21.99234,72.85525,mixed_or_uncertain,cropland,0.807790549169859,0.183908045977011,0.00830140485312899,,not_eligible,No supported PHOENIX emissions classification.
10688b4f-3c25-5634-9402-eb4c618778eb,2023-05-20 08:32:00+00:00,21.8776,72.8252,mixed_or_uncertain,cropland,0.924010217113665,0.0759897828863346,0.0,,not_eligible,No supported PHOENIX emissions classification.
85fcbd7c-f447-5214-b33b-e6febf9eeee7,2023-05-21 08:13:00+00:00,21.84603,72.98584,mixed_or_uncertain,cropland,0.944763729246488,0.0552362707535121,0.0,,not_eligible,No supported PHOENIX emissions classification.
5185bfb7-318c-5c03-bd76-85a8124a0b2f,2023-05-21 09:04:00+00:00,22.0405,72.812595,mixed_or_uncertain,cropland,0.958492975734355,0.0408684546615581,0.000638569604086846,,not_eligible,No supported PHOENIX emissions classification.
7e9f3c98-110a-59fc-93d9-b773cc2c3f61,2023-05-21 09:04:00+00:00,21.371645,72.7191,mixed_or_uncertain,cropland,0.911877394636015,0.0881226053639847,0.0,,not_eligible,No supported PHOENIX emissions classification.
90a3b6cb-d4b6-5e34-8069-57987399c113,2023-05-21 09:04:00+00:00,22.07485,72.7547566666667,industrial,cropland,0.747765006385696,0.179757343550447,0.072477650063857,,not_eligible,No supported PHOENIX emissions classification.
977f4003-27c8-5a4a-9d05-7a5496ba3fd3,2023-05-22 07:54:00+00:00,22.08824,72.84084,mixed_or_uncertain,cropland,0.390166028097063,0.516602809706258,0.0862068965517241,,not_eligible,No supported PHOENIX emissions classification.
bb7c7191-390e-59b3-b5bd-5069174714c9,2023-05-22 07:54:00+00:00,21.71287,72.80217,mixed_or_uncertain,cropland,0.757024265644955,0.126117496807152,0.112068965517241,,not_eligible,No supported PHOENIX emissions classification.
e9aaa9db-9c9e-586d-8efe-4ac18cf1035e,2023-05-22 07:54:00+00:00,21.50719,72.95967,mixed_or_uncertain,cropland,0.781609195402299,0.215197956577267,0.0,,not_eligible,No supported PHOENIX emissions classification.
30657e89-18dc-55a0-8c3e-3a7b4c52ff59,2023-05-22 08:45:00+00:00,21.55293,72.89045,mixed_or_uncertain,cropland,0.89367816091954,0.10632183908046,0.0,,not_eligible,No supported PHOENIX emissions classification.
93ff7f4e-cee4-5c3a-bc63-d7c36db96da1,2023-05-22 08:45:00+00:00,22.01858,72.99686,mixed_or_uncertain,cropland,0.652298850574713,0.347701149425287,0.0,,not_eligible,No supported PHOENIX emissions classification.
d3ec2bfc-ab48-5787-ae4e-49dec1406809,2023-05-22 08:45:00+00:00,21.752805,72.65765,mixed_or_uncertain,cropland,0.589080459770115,0.311302681992337,0.0686462324393359,,not_eligible,No supported PHOENIX emissions classification.
9d7cccb5-7706-5f1f-909e-328c4b0b18b7,2023-05-22 21:14:00+00:00,21.90477,72.75558,mixed_or_uncertain,cropland,0.664112388250319,0.321519795657727,0.014367816091954,,not_eligible,No supported PHOENIX emissions classification.
5c262d99-b9a9-570d-8f17-97c118992c51,2023-05-23 07:35:00+00:00,21.9775566666667,72.85479,mixed_or_uncertain,cropland,0.76021711366539,0.23978288633461,0.0,,not_eligible,No supported PHOENIX emissions classification.
0e427fd9-c490-5d87-a882-ef6b95a8650b,2023-05-23 08:26:00+00:00,21.63818,72.95735,mixed_or_uncertain,cropland,0.783205619412516,0.21551724137931,0.0,,not_eligible,No supported PHOENIX emissions classification.
4a575b04-d10e-5290-a48d-8f5e071320d0,2023-05-23 08:26:00+00:00,21.64297,72.82382,mixed_or_uncertain,tree_cover,0.00510855683269476,0.994891443167305,0.0,,not_eligible,No supported PHOENIX emissions classification.
b436b18d-cfbe-5eb3-b2a9-7f976b8ff486,2023-05-23 08:26:00+00:00,21.965385,72.77442,mixed_or_uncertain,cropland,0.401021711366539,0.326309067688378,0.0,,not_eligible,No supported PHOENIX emissions classification.
64af4623-9726-53e2-bb92-3f2b28680df8,2023-05-23 08:27:00+00:00,22.03763,72.77793,mixed_or_uncertain,tree_cover,0.40581098339719,0.581417624521073,0.0127713920817369,,not_eligible,No supported PHOENIX emissions classification.
7926cf0d-3998-5f47-98b9-8655b5688c68,2023-05-23 09:16:00+00:00,21.68335,72.64546,mixed_or_uncertain,cropland,0.47669220945083,0.467113665389527,0.0,,not_eligible,No supported PHOENIX emissions classification.
f58888a3-e03e-5562-8308-eb54cd62515b,2023-05-23 20:04:00+00:00,21.794314,72.64702,mixed_or_uncertain,cropland,0.718071519795658,0.151021711366539,0.0609833971902937,,not_eligible,No supported PHOENIX emissions classification.
1a409210-362c-549a-babb-6f38dc2efe36,2023-05-24 08:08:00+00:00,21.70971,72.82821,mixed_or_uncertain,cropland,0.390804597701149,0.213282247765006,0.366538952745849,,not_eligible,No supported PHOENIX emissions classification.
27caa24c-1a02-530d-8c37-4add322dc831,2023-05-24 08:08:00+00:00,21.94059,72.6717866666667,mixed_or_uncertain,cropland,0.348020434227331,0.363346104725415,0.0,,not_eligible,No supported PHOENIX emissions classification.
c8d52ccb-2bd7-5791-b94c-9b2094d65a15,2023-05-24 08:08:00+00:00,21.62535,72.99116,mixed_or_uncertain,built_up,0.327266922094508,0.236590038314176,0.436143039591315,,not_eligible,No supported PHOENIX emissions classification.
6d04214d-5c4d-5197-b642-001368238e07,2023-05-24 08:57:00+00:00,22.00076,72.638945,mixed_or_uncertain,bare_sparse_vegetation,0.200510855683269,0.257662835249042,0.0,,not_eligible,No supported PHOENIX emissions classification.
ab5b0b3f-03dc-5974-a237-2874fbc570db,2023-05-24 08:57:00+00:00,21.4277775,72.9732575,industrial,tree_cover,0.357918263090677,0.642081736909323,0.0,,not_eligible,No supported PHOENIX emissions classification.
ac319672-046b-53b5-8046-775d268de17c,2023-05-24 08:57:00+00:00,21.89218,72.78319,mixed_or_uncertain,cropland,0.964240102171137,0.028735632183908,0.0070242656449553,,not_eligible,No supported PHOENIX emissions classification.
18352225-c717-5c10-8971-06bb87893f2f,2023-05-24 21:26:00+00:00,21.37091,72.91749,mixed_or_uncertain,cropland,0.587803320561941,0.412196679438059,0.0,,not_eligible,No supported PHOENIX emissions classification.
90b624c7-d91c-5545-bc39-b526bc74c642,2023-05-25 07:49:00+00:00,21.49919,72.838005,mixed_or_uncertain,cropland,0.943167305236271,0.0568326947637292,0.0,,not_eligible,No supported PHOENIX emissions classification.
982d9996-b076-5afb-bdf5-49dc66935386,2023-05-25 07:49:00+00:00,21.99027,72.98617,mixed_or_uncertain,cropland,0.870051085568327,0.129948914431673,0.0,,not_eligible,No supported PHOENIX emissions classification.
9060928d-2bfb-5c6f-aac5-efacdb7b03eb,2023-05-25 08:38:00+00:00,22.01887,72.8504,mixed_or_uncertain,cropland,0.695721583652618,0.193805874840358,0.0,,not_eligible,No supported PHOENIX emissions classification.
f4335949-0765-55b6-9cda-71f7e86a439f,2023-05-25 20:18:00+00:00,21.684985,72.56239,mixed_or_uncertain,built_up,0.151979565772669,0.408045977011494,0.438697318007663,,not_eligible,No supported PHOENIX emissions classification.
8559bbcd-ad7a-56be-8022-f2c504cda75c,2023-05-26 07:30:00+00:00,21.56279,72.89921,mixed_or_uncertain,cropland,0.655172413793103,0.207854406130268,0.000957854406130268,,not_eligible,No supported PHOENIX emissions classification.
9fb05d3d-27c8-52b3-9070-fec64fb9c197,2023-05-26 08:19:00+00:00,22.05643,72.88011,mixed_or_uncertain,cropland,0.662515964240102,0.337484035759898,0.0,,not_eligible,No supported PHOENIX emissions classification.
b961f2b4-d66e-560e-91a8-6572a4e6efa6,2023-05-26 08:19:00+00:00,21.68659,72.5319,mixed_or_uncertain,bare_sparse_vegetation,0.0271392081736909,0.200830140485313,0.223818646232439,,not_eligible,No supported PHOENIX emissions classification.
d08817cd-b327-59bd-8a4a-d8e7ea0840e1,2023-05-26 08:19:00+00:00,22.03211,72.98676,mixed_or_uncertain,cropland,0.740740740740741,0.259259259259259,0.0,,not_eligible,No supported PHOENIX emissions classification.
db8e3e11-ff85-5ba1-a33b-1d68da1fee9b,2023-05-26 08:19:00+00:00,21.86711,72.88705,mixed_or_uncertain,cropland,0.846424010217114,0.153575989782886,0.0,,not_eligible,No supported PHOENIX emissions classification.
93eff523-238a-58c9-b1bd-ead978e65656,2023-05-27 08:00:00+00:00,21.8325,72.65323,mixed_or_uncertain,cropland,0.727011494252874,0.229885057471264,0.014367816091954,,not_eligible,No supported PHOENIX emissions classification.
eee423df-47ec-530c-9da1-26fcff1e533c,2023-05-27 08:52:00+00:00,22.00716,72.771,mixed_or_uncertain,grassland,0.327266922094508,0.672733077905492,0.0,,not_eligible,No supported PHOENIX emissions classification.
0e87e818-6ee6-536d-acd2-e3cd64621e7b,2023-05-27 20:29:00+00:00,21.563405,72.91605,mixed_or_uncertain,cropland,0.59514687100894,0.264367816091954,0.0379948914431673,,not_eligible,No supported PHOENIX emissions classification.
3f67ca2d-b535-5098-9ad7-4fee9a814e2f,2023-05-28 07:42:00+00:00,21.939165,72.678945,mixed_or_uncertain,cropland,0.244572158365262,0.454022988505747,0.0,,not_eligible,No supported PHOENIX emissions classification.
6ea7d445-c498-57ed-98c9-944d510394b9,2023-05-28 08:33:00+00:00,21.82131,72.70504,mixed_or_uncertain,cropland,0.816411238825032,0.182950191570881,0.0,,not_eligible,No supported PHOENIX emissions classification.
df616ac3-e5d0-51ab-a37f-e8b4653ed170,2023-05-28 08:33:00+00:00,21.95093,72.78539,mixed_or_uncertain,grassland,0.205619412515964,0.415708812260536,0.0,,not_eligible,No supported PHOENIX emissions classification.
f96727d0-132c-53b9-b528-681eb8dc8f77,2023-05-28 08:33:00+00:00,21.4322,72.97332,mixed_or_uncertain,cropland,0.580459770114943,0.419540229885057,0.0,,not_eligible,No supported PHOENIX emissions classification.
5be5996c-b14e-54eb-9326-e3e399e54602,2023-05-29 07:23:00+00:00,21.72285,72.6735766666667,mixed_or_uncertain,cropland,0.613026819923372,0.343869731800766,0.0245849297573436,,not_eligible,No supported PHOENIX emissions classification.
4ef40fda-37e5-5269-9ccc-9ef76dee8bb4,2023-05-29 08:14:00+00:00,21.79406,72.64751,mixed_or_uncertain,cropland,0.719667943805875,0.16602809706258,0.0434227330779055,,not_eligible,No supported PHOENIX emissions classification.
527a9ed9-7c57-5d26-9c7f-d69fc1d2f2be,2023-05-29 09:03:00+00:00,22.02001,72.64795,mixed_or_uncertain,grassland,0.152298850574713,0.728288633461047,0.0,,not_eligible,No supported PHOENIX emissions classification.
0e35de31-8dc6-5c75-a702-6f6ad0a51282,2023-05-30 07:55:00+00:00,21.89249,72.723195,mixed_or_uncertain,cropland,0.890166028097063,0.109833971902937,0.0,,not_eligible,No supported PHOENIX emissions classification.
98cd6f44-559a-5df2-9469-25cbfbc64def,2023-05-30 07:55:00+00:00,21.4536,72.747875,mixed_or_uncertain,grassland,0.0303320561941252,0.602809706257982,0.0,,not_eligible,No supported PHOENIX emissions classification.
f8ef0674-b1e7-50b6-94d6-b4ff4692b4a5,2023-05-30 07:55:00+00:00,22.020325,72.878455,mixed_or_uncertain,cropland,0.713920817369093,0.265006385696041,0.0,,not_eligible,No supported PHOENIX emissions classification.
211d53d7-0df8-584d-8fed-2999d0bebe24,2023-05-30 08:44:00+00:00,21.70702,72.76069,mixed_or_uncertain,cropland,0.427841634738186,0.413154533844189,0.0,,not_eligible,No supported PHOENIX emissions classification.
6b33c9b9-f4f2-5308-bfb5-05f5ff28f853,2023-05-30 08:44:00+00:00,22.04033,72.82139,mixed_or_uncertain,cropland,0.829182630906769,0.168582375478927,0.0,,not_eligible,No supported PHOENIX emissions classification.
8cd4ee69-6ffd-5365-9fba-b18a253f1322,2023-05-30 08:44:00+00:00,21.44206,72.9795566666667,mixed_or_uncertain,cropland,0.897509578544061,0.0852490421455939,0.0172413793103448,,not_eligible,No supported PHOENIX emissions classification.
b911dbd0-ac5c-545d-a647-56742d64d925,2023-05-30 08:44:00+00:00,21.75031,72.72979,mixed_or_uncertain,cropland,0.718071519795658,0.279054916985951,0.0,,not_eligible,No supported PHOENIX emissions classification.
4824f885-e738-5b1b-a0b3-9ccaa20fe581,2023-05-31 07:36:00+00:00,21.966875,72.80299,mixed_or_uncertain,cropland,0.633461047254151,0.344827586206897,0.0,,not_eligible,No supported PHOENIX emissions classification.
9c60f7d8-d9ac-5463-afae-5b2952ec7974,2023-05-31 07:36:00+00:00,22.06985,72.737645,mixed_or_uncertain,cropland,0.849297573435504,0.150383141762452,0.0,,not_eligible,No supported PHOENIX emissions classification.
c70782c4-af79-59ff-8e5c-3bfdb20c15bb,2023-05-31 07:36:00+00:00,22.00874,72.89405,mixed_or_uncertain,cropland,0.830779054916986,0.169220945083014,0.0,,not_eligible,No supported PHOENIX emissions classification.
d6b76099-378c-51f5-822a-b9d0a7bc626a,2023-05-31 08:25:00+00:00,21.57214,72.95655,mixed_or_uncertain,cropland,0.900063856960409,0.0999361430395913,0.0,,not_eligible,No supported PHOENIX emissions classification.
58beb271-5aa7-56ad-a464-57d4c9792419,2023-05-31 08:26:00+00:00,22.02275,72.84363,mixed_or_uncertain,cropland,0.859833971902937,0.0961047254150702,0.0,,not_eligible,No supported PHOENIX emissions classification.
e3b9598b-5cad-5e0e-9273-4e529253ff27,2023-05-31 08:26:00+00:00,22.090085,72.5573,mixed_or_uncertain,grassland,0.22477650063857,0.41507024265645,0.00670498084291188,,not_eligible,No supported PHOENIX emissions classification.
f016df5c-972b-59f6-9ccc-f6dd8831884b,2023-05-31 20:54:00+00:00,21.68727,72.56487,industrial,built_up,0.064176245210728,0.363026819923372,0.560983397190294,,not_eligible,No supported PHOENIX emissions classification.
e1ce1971-df79-5fb2-84f8-3ca0466fd7a7,2023-06-01 08:07:00+00:00,21.7192233333333,72.68253,industrial,cropland,0.509578544061303,0.46264367816092,0.0271392081736909,,not_eligible,No supported PHOENIX emissions classification.
16442b05-e938-5237-9a28-f9197773c835,2023-06-01 08:58:00+00:00,21.83616,72.95488,mixed_or_uncertain,cropland,0.54661558109834,0.45338441890166,0.0,,not_eligible,No supported PHOENIX emissions classification.
9fd6f739-1250-533b-bc0d-43984c75935d,2023-06-01 08:58:00+00:00,21.83303,72.65606,mixed_or_uncertain,cropland,0.660280970625798,0.255108556832695,0.0,,not_eligible,No supported PHOENIX emissions classification.
c69aac68-05f3-5022-8ed9-8548781689c9,2023-06-01 08:58:00+00:00,21.69275,72.72629,mixed_or_uncertain,grassland,0.325031928480204,0.674648786717752,0.0,,not_eligible,No supported PHOENIX emissions classification.
5693e232-515b-577c-bb3a-ec8681d8331a,2023-06-01 21:26:00+00:00,21.562385,72.91533,mixed_or_uncertain,cropland,0.606641123882503,0.289272030651341,0.0418263090676884,,not_eligible,No supported PHOENIX emissions classification.
7bf09742-8989-5a0c-887d-696b8e9e46bd,2023-06-03 08:20:00+00:00,21.75165,72.84183,mixed_or_uncertain,cropland,0.96264367816092,0.0373563218390805,0.0,,not_eligible,No supported PHOENIX emissions classification.
d32dfb7b-d486-5df6-a8c3-9d434a8beb47,2023-06-03 08:20:00+00:00,21.8782,72.96017,mixed_or_uncertain,cropland,0.911238825031928,0.0887611749680715,0.0,,not_eligible,No supported PHOENIX emissions classification.
45827b10-7662-519f-a3c5-4cdf595976fe,2023-06-04 08:01:00+00:00,22.07917,72.78925,mixed_or_uncertain,cropland,0.704661558109834,0.295338441890166,0.0,,not_eligible,No supported PHOENIX emissions classification.
3da78a0c-dce0-5fc6-a712-2b65acb43309,2023-06-04 08:51:00+00:00,22.050935,72.740025,mixed_or_uncertain,cropland,0.686781609195402,0.313218390804598,0.0,,not_eligible,No supported PHOENIX emissions classification.
858427cb-3b19-5a80-b994-699115609d95,2023-06-04 08:51:00+00:00,21.50236,72.73373,mixed_or_uncertain,cropland,0.892401021711367,0.107598978288633,0.0,,not_eligible,No supported PHOENIX emissions classification.
bb2fb79a-263e-538f-a47c-4abd9b0998df,2023-06-04 08:51:00+00:00,21.73272,72.6812,mixed_or_uncertain,cropland,0.447318007662835,0.402937420178799,0.0603448275862069,,not_eligible,No supported PHOENIX emissions classification.
98d79f82-4d62-51cc-b20e-50ccc3b74a8c,2023-06-05 07:42:00+00:00,21.79548,72.64758,mixed_or_uncertain,cropland,0.761494252873563,0.0874840357598978,0.125478927203065,,not_eligible,No supported PHOENIX emissions classification.
f53e73b7-6087-5963-93b1-d96d5da70c6c,2023-06-05 08:32:00+00:00,21.77061,72.75735,mixed_or_uncertain,cropland,0.992337164750958,0.00766283524904215,0.0,,not_eligible,No supported PHOENIX emissions classification.
1437f573-210f-5a9a-9635-ec2225f078a6,2023-06-06 08:13:00+00:00,21.85821,72.88553,mixed_or_uncertain,cropland,0.900702426564496,0.098978288633461,0.0,,not_eligible,No supported PHOENIX emissions classification.
28c5979a-b51d-5b1c-9814-f6cfdcc6f3a5,2023-06-06 08:13:00+00:00,21.70821,72.67544,mixed_or_uncertain,cropland,0.816411238825032,0.183588761174968,0.0,,not_eligible,No supported PHOENIX emissions classification.
bf4ecd6f-3276-5f73-8ad8-8ec17aab6e46,2023-06-06 08:13:00+00:00,21.94743,72.78493,mixed_or_uncertain,grassland,0.432311621966794,0.533844189016603,0.0124521072796935,,not_eligible,No supported PHOENIX emissions classification.
fbe057be-3ea2-5b8d-9393-94d6585028e1,2023-06-06 08:13:00+00:00,21.840865,72.711845,mixed_or_uncertain,cropland,0.978927203065134,0.0210727969348659,0.0,,not_eligible,No supported PHOENIX emissions classification.
973eafe1-8382-5af3-b141-e58f69a404ac,2023-06-06 21:33:00+00:00,21.68692,72.56404,industrial,built_up,0.09514687100894,0.38250319284802,0.513409961685824,,not_eligible,No supported PHOENIX emissions classification.
820e901c-db4d-5eab-ab1b-08e270f46388,2023-06-07 07:54:00+00:00,21.46455,72.66966,mixed_or_uncertain,cropland,0.767879948914432,0.212962962962963,0.0,,not_eligible,No supported PHOENIX emissions classification.
49f6322c-3337-569c-874b-2cb2dcbad41f,2023-06-07 21:14:00+00:00,21.90503,72.75517,mixed_or_uncertain,cropland,0.761813537675607,0.230523627075351,0.00766283524904215,,not_eligible,No supported PHOENIX emissions classification.
5b1d54a2-d006-5a60-9b99-1e867b41bfe2,2023-06-08 08:26:00+00:00,21.66927,72.93404,mixed_or_uncertain,cropland,0.560983397190294,0.353767560664112,0.00606641123882503,,not_eligible,No supported PHOENIX emissions classification.
649c6607-4c4c-5139-aafe-a0a04cd53d95,2023-06-08 08:26:00+00:00,21.97225,72.86049,mixed_or_uncertain,cropland,0.997445721583653,0.00255427841634738,0.0,,not_eligible,No supported PHOENIX emissions classification.
c3fe11a2-0ac3-5bec-82f9-6d429a9f636f,2023-06-08 08:26:00+00:00,21.94412,72.93595,mixed_or_uncertain,cropland,0.687739463601533,0.309386973180077,0.0,,not_eligible,No supported PHOENIX emissions classification.
ed9605b1-98f1-5d20-a90f-9ad6e2c49916,2023-06-08 08:26:00+00:00,22.00279,72.76154,mixed_or_uncertain,cropland,0.638250319284802,0.361749680715198,0.0,,not_eligible,No supported PHOENIX emissions classification.
c60450c6-5e2c-56c9-be3e-cf4a855cd4bd,2023-06-08 09:16:00+00:00,22.047155,72.78057,mixed_or_uncertain,cropland,0.475095785440613,0.501596424010217,0.0,,not_eligible,No supported PHOENIX emissions classification.
b24ae399-050e-54b8-ba77-ac8179ce3bc8,2023-06-08 20:55:00+00:00,21.5477,72.99865,mixed_or_uncertain,tree_cover,0.0922733077905492,0.543103448275862,0.334291187739464,,not_eligible,No supported PHOENIX emissions classification.
048f5a89-24e2-5617-8932-1d9bd2c12f5f,2023-06-09 08:07:00+00:00,21.9561833333333,72.80306,industrial,grassland,0.308429118773946,0.516602809706258,0.0,,not_eligible,No supported PHOENIX emissions classification.
1885b5c3-a711-51c8-b764-284f4b2b7e77,2023-06-09 08:07:00+00:00,21.42405,72.98392,mixed_or_uncertain,cropland,0.432311621966794,0.507024265644955,0.00446998722860792,,not_eligible,No supported PHOENIX emissions classification.
855536a2-5341-58a1-8cd6-cd5cd27c503e,2023-06-09 08:07:00+00:00,21.94744,72.78112,mixed_or_uncertain,cropland,0.854725415070243,0.143039591315453,0.000319284802043423,,not_eligible,No supported PHOENIX emissions classification.
cb08df20-85d0-5a3f-b398-29c1aba54e09,2023-06-09 08:07:00+00:00,21.734075,72.792905,mixed_or_uncertain,cropland,0.688697318007663,0.311302681992337,0.0,,not_eligible,No supported PHOENIX emissions classification.
e9f7fa11-aba9-5ad3-aa44-b795fe47b8ef,2023-06-09 08:07:00+00:00,21.72501,72.72028,mixed_or_uncertain,built_up,0.267560664112388,0.459131545338442,0.271711366538953,,not_eligible,No supported PHOENIX emissions classification.
46d24681-1570-543e-9d1e-3b031382a601,2023-06-09 08:57:00+00:00,21.90846,72.97797,mixed_or_uncertain,cropland,0.906130268199234,0.0925925925925926,0.0,,not_eligible,No supported PHOENIX emissions classification.
7013b11d-7c7f-5b41-b929-646305677a08,2023-06-09 08:57:00+00:00,22.04455,72.84616,mixed_or_uncertain,cropland,0.941570881226054,0.0584291187739464,0.0,,not_eligible,No supported PHOENIX emissions classification.
a964971d-97b8-56d4-b7ad-fc4714b81194,2023-06-09 08:57:00+00:00,21.8298,72.93247,mixed_or_uncertain,cropland,0.787994891443167,0.212005108556833,0.0,,not_eligible,No supported PHOENIX emissions classification.
e40389b3-76d7-56e9-bc68-d9e9d07f2e9d,2023-06-09 08:57:00+00:00,21.84675,72.88956,mixed_or_uncertain,cropland,1.0,0.0,0.0,,not_eligible,No supported PHOENIX emissions classification.
e5d22603-1866-538d-ab86-2375222cdf76,2023-06-09 20:36:00+00:00,21.687345,72.53611,industrial,bare_sparse_vegetation,0.00319284802043423,0.234355044699872,0.304916985951469,,not_eligible,No supported PHOENIX emissions classification.
c551b132-f1bd-5ead-bb81-e429e36ef0c4,2023-06-10 08:38:00+00:00,21.97967,72.87139,mixed_or_uncertain,cropland,0.599616858237548,0.320561941251596,0.0772669220945083,,not_eligible,No supported PHOENIX emissions classification.
c6fb07c9-6add-5e82-8dc3-dd84d157901d,2023-06-10 08:38:00+00:00,21.7244,72.70739,mixed_or_uncertain,cropland,0.871328224776501,0.0673690932311622,0.0520434227330779,,not_eligible,No supported PHOENIX emissions classification.
8b928ee8-d4ac-5a7f-94b0-c17101e64d1a,2023-06-10 21:07:00+00:00,21.59438,72.99976,mixed_or_uncertain,cropland,0.375798212005109,0.193167305236271,0.261813537675607,,not_eligible,No supported PHOENIX emissions classification.
fdfcfa59-9fd2-5eb0-b820-f431908afb4a,2023-06-11 07:30:00+00:00,22.0048133333333,72.7736833333333,mixed_or_uncertain,cropland,0.458812260536398,0.538314176245211,0.0,,not_eligible,No supported PHOENIX emissions classification.
16f846dc-c873-5998-972e-76db7e96cc6e,2023-06-11 08:19:00+00:00,21.80366,72.91357,mixed_or_uncertain,cropland,0.868135376756066,0.131864623243934,0.0,,not_eligible,No supported PHOENIX emissions classification.
1b0371e2-7567-5940-8b19-2745aa8ab037,2023-06-11 08:19:00+00:00,21.71238,72.76284,mixed_or_uncertain,tree_cover,0.330459770114943,0.664750957854406,0.0,,not_eligible,No supported PHOENIX emissions classification.
3ecac078-2714-50e5-9d2d-a433c54cfe9d,2023-06-11 08:19:00+00:00,21.62542,72.94872,mixed_or_uncertain,cropland,0.716475095785441,0.157088122605364,0.0,,not_eligible,No supported PHOENIX emissions classification.
61136f2b-a035-591c-b124-98dfe892dd79,2023-06-11 08:19:00+00:00,21.43232,72.97507,mixed_or_uncertain,tree_cover,0.448275862068966,0.551404853128991,0.0,,not_eligible,No supported PHOENIX emissions classification.
fada0b4a-41cf-567b-a4f2-701c4da7013d,2023-06-11 09:10:00+00:00,21.45286,72.672285,mixed_or_uncertain,permanent_water,0.337164750957854,0.178799489144317,0.00127713920817369,,not_eligible,No supported PHOENIX emissions classification.
8a25c34f-efb3-5943-8c6f-19240c7ce489,2023-06-11 20:48:00+00:00,21.37884,72.67997,mixed_or_uncertain,cropland,0.793742017879949,0.201787994891443,0.00446998722860792,,not_eligible,No supported PHOENIX emissions classification.
e4fd1486-ec9d-5337-b6f4-5c00d6aee27f,2023-06-11 20:48:00+00:00,21.68728,72.534875,industrial,bare_sparse_vegetation,0.0127713920817369,0.204022988505747,0.298212005108557,,not_eligible,No supported PHOENIX emissions classification.
43f1b45d-93fb-54e4-a18e-1a4783c628db,2023-06-12 20:29:00+00:00,21.6872866666667,72.56153,industrial,tree_cover,0.192528735632184,0.522669220945083,0.279693486590038,,not_eligible,No supported PHOENIX emissions classification.
b1f682d6-c8ff-52d2-9dd1-051873df902d,2023-06-12 20:29:00+00:00,21.56329,72.91628,mixed_or_uncertain,cropland,0.542784163473819,0.292145593869732,0.0456577266922095,,not_eligible,No supported PHOENIX emissions classification.
27e30dd0-f20a-5f1c-9ea2-4f3879c851bc,2023-06-13 07:42:00+00:00,21.72384,72.56971,mixed_or_uncertain,cropland,0.482758620689655,0.303320561941252,0.0,,not_eligible,No supported PHOENIX emissions classification.
aefcbf08-45aa-5561-8b39-2990fde437e2,2023-06-13 08:32:00+00:00,21.707555,72.69119,industrial,bare_sparse_vegetation,0.33397190293742,0.25,0.0379948914431673,,not_eligible,No supported PHOENIX emissions classification.
4523769c-0bc7-5859-a63e-939dc079ce84,2023-06-13 20:10:00+00:00,21.62555,72.97437,mixed_or_uncertain,cropland,0.620689655172414,0.20242656449553,0.138569604086845,,not_eligible,No supported PHOENIX emissions classification.
156ad1ea-de4d-5b7b-8853-ea5e643a54fa,2023-06-13 21:01:00+00:00,21.68667,72.5345033333333,industrial,bare_sparse_vegetation,0.0118135376756066,0.146551724137931,0.274904214559387,,not_eligible,No supported PHOENIX emissions classification.
d5f829df-45ee-5e8b-a04e-5502df5c2d85,2023-06-14 20:42:00+00:00,21.687895,72.5619,mixed_or_uncertain,tree_cover,0.145593869731801,0.552043422733078,0.295019157088123,,not_eligible,No supported PHOENIX emissions classification.
03f5b2a2-6e21-53f1-a249-c96951983597,2023-06-16 20:05:00+00:00,21.68592,72.53281,mixed_or_uncertain,bare_sparse_vegetation,0.00925925925925926,0.135696040868455,0.298212005108557,,not_eligible,No supported PHOENIX emissions classification.
3f8e2e4d-a17a-5f59-94c0-3d5da206cc34,2023-06-16 20:05:00+00:00,21.686815,72.560995,industrial,tree_cover,0.232120051085568,0.498084291187739,0.265644955300128,,not_eligible,No supported PHOENIX emissions classification.
ed50a32a-9434-51da-b2d4-ef80cd9ae5bd,2023-06-18 07:48:00+00:00,21.693389,72.605895,industrial,cropland,0.826628352490421,0.0625798212005109,0.107918263090677,,not_eligible,No supported PHOENIX emissions classification.
5c41089a-0523-5853-a75c-ee2ed53a28ab,2023-06-18 08:39:00+00:00,21.77083,72.87846,mixed_or_uncertain,cropland,0.856960408684547,0.139208173690932,0.00383141762452107,,not_eligible,No supported PHOENIX emissions classification.
59f4fd41-7baa-5807-9712-66ed87a79618,2023-06-19 20:49:00+00:00,21.6862247619048,72.5623333333333,industrial,tree_cover,0.158365261813538,0.456896551724138,0.38058748403576,,not_eligible,No supported PHOENIX emissions classification.
e4f62366-a717-5161-8bad-64432714cae7,2023-06-20 08:01:00+00:00,21.46363,72.83401,mixed_or_uncertain,cropland,0.813537675606641,0.186462324393359,0.0,,not_eligible,No supported PHOENIX emissions classification.
cf1fcc1a-6bb1-55a6-8591-57d436e40e98,2023-06-21 07:42:00+00:00,22.0184,72.91604,mixed_or_uncertain,cropland,0.905491698595147,0.0945083014048531,0.0,,not_eligible,No supported PHOENIX emissions classification.
3773e00c-f8ae-5c3b-931f-be34b5f5a8f8,2023-06-21 08:32:00+00:00,21.99507,72.85827,mixed_or_uncertain,cropland,0.943805874840358,0.0561941251596424,0.0,,not_eligible,No supported PHOENIX emissions classification.
d08ae506-0b8a-52c5-942e-dd4331b763f1,2023-06-21 08:32:00+00:00,21.914515,72.687045,mixed_or_uncertain,cropland,0.671775223499361,0.327586206896552,0.0,,not_eligible,No supported PHOENIX emissions classification.
9a241bfb-1643-5a0b-8c7d-192e7c09a092,2023-06-21 21:01:00+00:00,21.6872316666667,72.5629,industrial,built_up,0.13058748403576,0.454661558109834,0.40581098339719,,not_eligible,No supported PHOENIX emissions classification.
e3efb776-a6e0-5089-acbd-b0c0047ff424,2023-06-22 08:13:00+00:00,22.01171,72.86555,mixed_or_uncertain,cropland,0.744891443167305,0.241379310344828,0.0137292464878672,,not_eligible,No supported PHOENIX emissions classification.
1c5a1922-30fc-5d50-a2bd-2b3de2ca7ebf,2023-06-22 09:04:00+00:00,21.9173,72.690695,mixed_or_uncertain,cropland,0.677841634738186,0.32183908045977,0.0,,not_eligible,No supported PHOENIX emissions classification.
fecee873-b360-53da-abb1-8667d424b0bd,2023-06-22 09:04:00+00:00,21.92514,72.70271,mixed_or_uncertain,permanent_water,0.205619412515964,0.416666666666667,0.0,,not_eligible,No supported PHOENIX emissions classification.
6c77bd5a-05f6-5555-a988-32d18f0fc9fc,2023-06-23 07:54:00+00:00,21.646595,72.954975,mixed_or_uncertain,cropland,0.588441890166028,0.406130268199234,0.0,,not_eligible,No supported PHOENIX emissions classification.
7fc7ce8a-c9d7-5d4d-a86e-841a6f70ee67,2023-06-23 07:54:00+00:00,21.67528,72.90427,mixed_or_uncertain,bare_sparse_vegetation,0.00638569604086846,0.566730523627075,0.0,,not_eligible,No supported PHOENIX emissions classification.
aae435a1-e6da-5ba8-ae0f-b86c1c813304,2023-06-23 07:54:00+00:00,21.6963,72.94484,mixed_or_uncertain,cropland,0.852809706257982,0.135057471264368,0.0121328224776501,,not_eligible,No supported PHOENIX emissions classification.
b721a71c-64c7-5e60-9341-dfe56d780d9e,2023-06-23 08:45:00+00:00,21.73308,72.80387,mixed_or_uncertain,cropland,0.919859514687101,0.0801404853128991,0.0,,not_eligible,No supported PHOENIX emissions classification.
ffa63f91-61dc-5314-9f12-81f7f338d2ff,2023-06-23 08:45:00+00:00,21.494,72.91843,mixed_or_uncertain,cropland,0.937739463601533,0.0622605363984674,0.0,,not_eligible,No supported PHOENIX emissions classification.
157888fe-c526-568e-85ad-1cf6e10559c3,2023-06-23 21:14:00+00:00,21.685422,72.561186,industrial,tree_cover,0.315772669220945,0.390166028097063,0.290868454661558,,not_eligible,No supported PHOENIX emissions classification.
73787a71-2df1-5b3a-b508-1ae11d1201d3,2023-06-25 08:07:00+00:00,21.69364,72.60687,mixed_or_uncertain,cropland,0.737547892720307,0.0712005108556833,0.188378033205619,,not_eligible,No supported PHOENIX emissions classification.
8217497a-79ac-531d-94c9-6ad1c61f8d33,2023-06-26 21:07:00+00:00,21.6856066666667,72.5624033333333,mixed_or_uncertain,built_up,0.139527458492976,0.421775223499361,0.435185185185185,,not_eligible,No supported PHOENIX emissions classification.
efb3f261-2223-55a9-9b2e-39ecafc79ecd,2023-07-05 09:10:00+00:00,21.6855,72.56684,industrial,built_up,0.000957854406130268,0.172094508301405,0.815772669220945,,not_eligible,No supported PHOENIX emissions classification.
61faaea3-2dea-50d2-884f-841f1a021532,2023-07-07 07:42:00+00:00,21.69435,72.6049357142857,industrial,cropland,0.881226053639847,0.030970625798212,0.0878033205619412,,not_eligible,No supported PHOENIX emissions classification.
28722014-c07d-5c5a-925d-864844ac69e2,2023-07-12 07:48:00+00:00,21.69255,72.60145,mixed_or_uncertain,cropland,0.859514687100894,0.078544061302682,0.0191570881226054,,not_eligible,No supported PHOENIX emissions classification.
a216ffa8-d7ca-57d3-9152-30472c1fb516,2023-08-28 21:26:00+00:00,21.79666,72.64833,mixed_or_uncertain,cropland,0.641443167305236,0.19029374201788,0.140804597701149,,not_eligible,No supported PHOENIX emissions classification.
6e16d410-28b9-567f-b50d-d1ac98c70d7d,2023-09-12 20:55:00+00:00,21.68618,72.53391,mixed_or_uncertain,bare_sparse_vegetation,0.0028735632183908,0.12037037037037,0.257024265644955,,not_eligible,No supported PHOENIX emissions classification.
d288f91e-8d13-5148-9635-0b50ad718b42,2023-09-13 08:07:00+00:00,21.79483,72.64626,mixed_or_uncertain,cropland,0.719667943805875,0.16794380587484,0.0734355044699872,,not_eligible,No supported PHOENIX emissions classification.
f82126b0-21a5-55ab-b7b3-4ecff45868b2,2023-09-21 20:35:00+00:00,21.686325,72.56227,industrial,tree_cover,0.168582375478927,0.460089399744572,0.366538952745849,,not_eligible,No supported PHOENIX emissions classification.
9dc5820f-ab27-51d3-a9b6-7852f5ccc501,2023-10-02 08:00:00+00:00,21.83618,72.86168,mixed_or_uncertain,cropland,0.603448275862069,0.396551724137931,0.0,,not_eligible,No supported PHOENIX emissions classification.
9ba8e527-2e1f-5a8b-bdfc-9ec44fd55fce,2023-10-04 08:13:00+00:00,21.69975,72.54162,industrial,built_up,0.0577905491698595,0.181673052362708,0.537675606641124,,not_eligible,No supported PHOENIX emissions classification.
23303d68-3e59-5b35-a36f-e64be05650d8,2023-10-04 19:51:00+00:00,21.695512,72.601848,industrial,cropland,0.898467432950192,0.0520434227330779,0.0494891443167305,,not_eligible,No supported PHOENIX emissions classification.
39538ffb-820e-5427-832f-4fd9badbedea,2023-10-04 19:51:00+00:00,21.69105,72.59258,mixed_or_uncertain,built_up,0.155491698595147,0.102171136653895,0.674968071519796,,not_eligible,No supported PHOENIX emissions classification.
b5a2a1dc-7577-5a4c-af25-0739ba80465c,2023-10-04 19:51:00+00:00,21.69865,72.58589,mixed_or_uncertain,cropland,0.369093231162197,0.353128991060026,0.227969348659004,,not_eligible,No supported PHOENIX emissions classification.
4ae95ad8-eaac-52a2-ada3-7efc7f88b9ed,2023-10-04 20:42:00+00:00,21.60384,72.99537,mixed_or_uncertain,built_up,0.35536398467433,0.246168582375479,0.398467432950192,,not_eligible,No supported PHOENIX emissions classification.
c6010d2d-92ce-5de9-979d-492ed5469557,2023-10-04 21:31:00+00:00,21.6925214285714,72.6077257142857,industrial,cropland,0.645913154533844,0.0941890166028097,0.252873563218391,,not_eligible,No supported PHOENIX emissions classification.
3d5c406e-e866-57b5-b7f9-5cb359a1c7df,2023-10-10 08:00:00+00:00,21.8331088888889,72.8611533333333,industrial,tree_cover,0.433588761174968,0.561302681992337,0.00510855683269476,,not_eligible,No supported PHOENIX emissions classification.
0bf78724-8cf2-556d-b41a-ea11623dfe80,2023-10-12 20:41:00+00:00,21.83678,72.85945,mixed_or_uncertain,tree_cover,0.283844189016603,0.715836526181354,0.000319284802043423,,not_eligible,No supported PHOENIX emissions classification.
ffa1f654-7497-5927-bc3f-2c07f19caaf0,2023-10-12 20:41:00+00:00,21.39612,72.94786,mixed_or_uncertain,cropland,0.591634738186462,0.161238825031928,0.202745849297573,,not_eligible,No supported PHOENIX emissions classification.
f448b1f5-0fa7-5c2d-adaf-de4d5eef3292,2023-10-14 20:54:00+00:00,21.39548,72.94623,mixed_or_uncertain,cropland,0.377713920817369,0.184865900383142,0.364942528735632,,not_eligible,No supported PHOENIX emissions classification.
78dff2cc-3357-5a63-8347-21d8a30ce7f7,2023-10-19 07:41:00+00:00,21.41626,72.73805,mixed_or_uncertain,cropland,0.435185185185185,0.472860791826309,0.0434227330779055,,not_eligible,No supported PHOENIX emissions classification.
b24306a6-f186-58bc-88e1-98ff8ed24b30,2023-10-19 20:09:00+00:00,21.79618,72.64431,mixed_or_uncertain,cropland,0.626117496807152,0.334610472541507,0.0181992337164751,,not_eligible,No supported PHOENIX emissions classification.
d3c743dc-005e-541b-9d01-0f1fbca1049e,2023-10-22 09:16:00+00:00,21.59822,72.97291,mixed_or_uncertain,cropland,0.700510855683269,0.285759897828863,0.0137292464878672,,not_eligible,No supported PHOENIX emissions classification.
ed39e080-a0c7-51cb-8270-979853c28eaa,2023-10-22 20:53:00+00:00,21.43448,72.9782,mixed_or_uncertain,cropland,0.545977011494253,0.453703703703704,0.0,,not_eligible,No supported PHOENIX emissions classification.
e5d42134-9ece-59f6-b42f-543293be4809,2023-10-25 08:19:00+00:00,22.04999,72.73939,mixed_or_uncertain,cropland,0.686462324393359,0.313537675606641,0.0,,not_eligible,No supported PHOENIX emissions classification.
421e7f5b-8dea-5dd5-96d3-d3d8a7981864,2023-10-25 19:57:00+00:00,21.564575,72.777345,mixed_or_uncertain,cropland,0.875159642401022,0.124840357598978,0.0,,not_eligible,No supported PHOENIX emissions classification.
2e2af249-0fb5-5d5c-b346-3e9fab90cfac,2023-10-28 08:12:00+00:00,21.709644,72.541,industrial,grassland,0.0229885057471264,0.920178799489144,0.0,,not_eligible,No supported PHOENIX emissions classification.
257f5c43-9ad5-5272-b435-f1e95a8eff90,2023-10-28 09:03:00+00:00,21.45123,72.95294,mixed_or_uncertain,cropland,0.750638569604087,0.249361430395913,0.0,,not_eligible,No supported PHOENIX emissions classification.
b5de7317-673d-5842-96e8-6635deb83ee3,2023-10-30 08:25:00+00:00,21.6819,72.62762,mixed_or_uncertain,cropland,0.488505747126437,0.297254150702427,0.0,,not_eligible,No supported PHOENIX emissions classification.
6024d46e-7317-5fcf-a7a2-e869b6ea0d99,2023-10-31 08:06:00+00:00,21.49498,72.99246,mixed_or_uncertain,cropland,0.459450830140485,0.276500638569604,0.0,,not_eligible,No supported PHOENIX emissions classification.
c39f7bc7-9e8f-52bf-bc96-8358ff36f8d5,2023-11-01 07:48:00+00:00,21.711665,72.544655,mixed_or_uncertain,tree_cover,0.0514048531289911,0.948275862068966,0.0,,not_eligible,No supported PHOENIX emissions classification.
3d488fcb-3fd0-55f8-bbf5-8b74ad605d55,2023-11-01 08:37:00+00:00,21.76729,72.61626,mixed_or_uncertain,cropland,0.775862068965517,0.196998722860792,0.0,,not_eligible,No supported PHOENIX emissions classification.
4b23355e-536c-55af-a74c-3a71f12fa839,2023-11-01 08:37:00+00:00,21.7654,72.63164,mixed_or_uncertain,cropland,0.883461047254151,0.0823754789272031,0.0,,not_eligible,No supported PHOENIX emissions classification.
ba33f141-baee-5c02-9750-a7dbb884684e,2023-11-01 08:37:00+00:00,21.41919,72.91354,mixed_or_uncertain,cropland,0.835887611749681,0.164112388250319,0.0,,not_eligible,No supported PHOENIX emissions classification.
4daf7a95-c6ea-5744-abb4-ef20c5fbcefc,2023-11-02 19:57:00+00:00,21.79252,72.64662,mixed_or_uncertain,cropland,0.732120051085568,0.189974457215837,0.0137292464878672,,not_eligible,No supported PHOENIX emissions classification.
352b4d01-3dc4-57c3-88c1-8bc817603121,2023-11-02 20:47:00+00:00,21.35588,72.93687,mixed_or_uncertain,cropland,0.5727969348659,0.4272030651341,0.0,,not_eligible,No supported PHOENIX emissions classification.
781de8a9-d8c4-5866-a521-bd38b6397630,2023-11-03 08:00:00+00:00,21.47983,72.91692,mixed_or_uncertain,cropland,0.842911877394636,0.041507024265645,0.0,,not_eligible,No supported PHOENIX emissions classification.
a3cc89df-9355-5de8-b357-a15e32605f1f,2023-11-03 08:00:00+00:00,21.87809,72.652355,mixed_or_uncertain,cropland,0.96455938697318,0.0172413793103448,0.0,,not_eligible,No supported PHOENIX emissions classification.
dee27132-346e-5e01-a36d-24ce9240510b,2023-11-03 08:00:00+00:00,22.04714,72.54739,mixed_or_uncertain,cropland,0.470945083014049,0.526500638569604,0.0,,not_eligible,No supported PHOENIX emissions classification.
bc2b6a0d-6c30-5e6a-86eb-ac444228ef5d,2023-11-03 20:28:00+00:00,21.60883,72.97523,mixed_or_uncertain,cropland,0.693486590038314,0.306513409961686,0.0,,not_eligible,No supported PHOENIX emissions classification.
725f8ddc-2743-5c79-a8da-0c85e634a138,2023-11-04 07:41:00+00:00,21.77055,72.70713,mixed_or_uncertain,cropland,0.855044699872286,0.144955300127714,0.0,,not_eligible,No supported PHOENIX emissions classification.
15b3a03d-13cc-503d-9901-7498d31864af,2023-11-04 08:32:00+00:00,21.63096,72.91225,mixed_or_uncertain,cropland,0.835887611749681,0.164112388250319,0.0,,not_eligible,No supported PHOENIX emissions classification.
4d17718c-f232-5f6d-b618-558c3c35f518,2023-11-04 08:32:00+00:00,21.56151,72.90957,mixed_or_uncertain,cropland,0.983716475095785,0.0162835249042146,0.0,,not_eligible,No supported PHOENIX emissions classification.
eb3c9c39-ed17-50f1-bf38-1c7e5136c2cd,2023-11-04 08:32:00+00:00,21.82442,72.69614,mixed_or_uncertain,cropland,0.563537675606641,0.368773946360153,0.0,,not_eligible,No supported PHOENIX emissions classification.
17114438-b647-5a27-b796-083a89bfeca2,2023-11-04 20:10:00+00:00,21.56648,72.89354,mixed_or_uncertain,cropland,0.8470625798212,0.152937420178799,0.0,,not_eligible,No supported PHOENIX emissions classification.
e1afe83f-5333-5198-9263-552446bb2624,2023-11-05 08:13:00+00:00,21.800745,72.71843,mixed_or_uncertain,cropland,0.868773946360153,0.0970625798212005,0.0,,not_eligible,No supported PHOENIX emissions classification.
edba3ba3-322a-56e0-baab-5a4ba2c3c586,2023-11-05 20:42:00+00:00,21.36349,72.93633,mixed_or_uncertain,tree_cover,0.173371647509579,0.826628352490421,0.0,,not_eligible,No supported PHOENIX emissions classification.
960d3301-2dc1-5d33-b372-cd09e599367c,2023-11-06 07:54:00+00:00,21.50803,72.74985,mixed_or_uncertain,cropland,0.799808429118774,0.200191570881226,0.0,,not_eligible,No supported PHOENIX emissions classification.
c6b2a332-959d-55da-a61a-dd2c5375dc75,2023-11-06 07:54:00+00:00,21.79513,72.6481433333333,industrial,cropland,0.741698595146871,0.135696040868455,0.0980204342273308,,not_eligible,No supported PHOENIX emissions classification.
d8be7dde-683a-5067-b912-c12e490c83cf,2023-11-06 07:54:00+00:00,21.90755,72.68137,mixed_or_uncertain,cropland,0.697318007662835,0.279693486590038,0.0121328224776501,,not_eligible,No supported PHOENIX emissions classification.
abf80903-352c-5601-8d72-50f112e9daec,2023-11-07 08:25:00+00:00,21.4305,72.69072,mixed_or_uncertain,cropland,0.4757343550447,0.426883780332056,0.0,,not_eligible,No supported PHOENIX emissions classification.
0c37d3c2-84fd-5a2f-9f6d-96fe3d4fff4d,2023-11-08 08:06:00+00:00,21.92431,72.693835,mixed_or_uncertain,permanent_water,0.407407407407407,0.146871008939974,0.0,,not_eligible,No supported PHOENIX emissions classification.
2195ca9c-e288-50f9-9683-3f37a94b7500,2023-11-08 08:06:00+00:00,21.47939,72.71546,mixed_or_uncertain,cropland,0.4514687100894,0.219667943805875,0.0,,not_eligible,No supported PHOENIX emissions classification.
65889108-7d5d-561a-bfd5-3712653fde8b,2023-11-08 08:06:00+00:00,21.49744,72.88253,mixed_or_uncertain,cropland,0.543103448275862,0.230523627075351,0.0,,not_eligible,No supported PHOENIX emissions classification.
f9254a41-d2c4-5500-855c-65d499450b11,2023-11-08 08:06:00+00:00,21.4604,72.66705,mixed_or_uncertain,cropland,0.794699872286079,0.170498084291188,0.0,,not_eligible,No supported PHOENIX emissions classification.
9570019a-9dc8-5aa5-972b-120c8987457c,2023-11-08 20:35:00+00:00,21.366148,72.94361,mixed_or_uncertain,cropland,0.521711366538953,0.398467432950192,0.0788633461047254,,not_eligible,No supported PHOENIX emissions classification.
0504b9f2-4c47-5283-ad67-2c1ebbf3aaad,2023-11-09 07:47:00+00:00,21.753365,72.621025,mixed_or_uncertain,cropland,0.86941251596424,0.0996168582375479,0.0303320561941252,,not_eligible,No supported PHOENIX emissions classification.
14926f15-3f10-5af0-9692-da5dca76f078,2023-11-09 07:47:00+00:00,21.78972,72.62725,mixed_or_uncertain,cropland,0.726372924648787,0.236270753512133,0.0,,not_eligible,No supported PHOENIX emissions classification.
c0cc919e-a9ec-544e-b482-320fb803da06,2023-11-09 07:47:00+00:00,21.6129566666667,72.90814,mixed_or_uncertain,cropland,0.520753512132823,0.364942528735632,0.114303959131545,,not_eligible,No supported PHOENIX emissions classification.
70e1588f-42a5-5c37-9061-b11f56332165,2023-11-09 08:38:00+00:00,21.71193,72.7119,mixed_or_uncertain,cropland,0.966794380587484,0.0207535121328225,0.0,,not_eligible,No supported PHOENIX emissions classification.
b95aff44-5ced-559e-b6cb-387760f85ea5,2023-11-09 20:16:00+00:00,21.5308766666667,72.9302266666667,mixed_or_uncertain,cropland,0.875478927203065,0.124521072796935,0.0,,not_eligible,No supported PHOENIX emissions classification.
16362113-f6a7-5c5c-bfab-a9d5f9b36725,2023-11-10 07:28:00+00:00,21.76146,72.68057,mixed_or_uncertain,cropland,0.880268199233716,0.0434227330779055,0.0,,not_eligible,No supported PHOENIX emissions classification.
fb9b2cc1-e0c8-5373-b366-92e5548402c7,2023-11-10 08:19:00+00:00,22.03632,72.80013,mixed_or_uncertain,cropland,0.90389527458493,0.0913154533844189,0.0,,not_eligible,No supported PHOENIX emissions classification.
05773bda-d36b-5c80-80cc-056df53b6772,2023-11-10 20:48:00+00:00,21.99391,72.57745,mixed_or_uncertain,built_up,0.255427841634738,0.397509578544061,0.289910600255428,,not_eligible,No supported PHOENIX emissions classification.
cc8106f5-9c98-5d99-98b8-99b9b26182ea,2023-11-11 08:00:00+00:00,21.4453,72.98159,mixed_or_uncertain,cropland,0.784802043422733,0.177841634738186,0.0360791826309068,,not_eligible,No supported PHOENIX emissions classification.
8f75380a-ad69-52e7-a8be-96f7a6300778,2023-11-11 20:29:00+00:00,21.59241,72.83565,mixed_or_uncertain,cropland,0.65389527458493,0.34610472541507,0.0,,not_eligible,No supported PHOENIX emissions classification.
0550ac3e-4ebc-572b-9f10-1febf186231c,2023-11-12 07:41:00+00:00,21.78454,72.64645,mixed_or_uncertain,cropland,0.84418901660281,0.145913154533844,0.0,,not_eligible,No supported PHOENIX emissions classification.
9c810a79-bed2-59e6-a801-d1653de3327c,2023-11-12 07:41:00+00:00,21.52749,72.94539,mixed_or_uncertain,cropland,0.895593869731801,0.101213282247765,0.00191570881226054,,not_eligible,No supported PHOENIX emissions classification.
f7ca2700-8fc0-5d3b-803c-b7b878eec4b5,2023-11-12 07:41:00+00:00,21.748715,72.636735,mixed_or_uncertain,cropland,0.848978288633461,0.151021711366539,0.0,,not_eligible,No supported PHOENIX emissions classification.
ec1309f5-4efb-55e2-8587-715196b92646,2023-11-12 08:31:00+00:00,21.71417,72.72836,mixed_or_uncertain,cropland,0.815453384418902,0.130268199233716,0.0539591315453384,,not_eligible,No supported PHOENIX emissions classification.
d44015b9-92c3-5692-9223-76fe5728117b,2023-11-12 21:00:00+00:00,21.60358,72.88231,mixed_or_uncertain,cropland,0.824074074074074,0.175925925925926,0.0,,not_eligible,No supported PHOENIX emissions classification.
76fa3f15-ab65-5033-a99e-623a2fc2b596,2023-11-13 08:12:00+00:00,21.47206,72.909885,mixed_or_uncertain,cropland,0.856641123882503,0.143358876117497,0.0,,not_eligible,No supported PHOENIX emissions classification.
c56e8674-4c42-5f37-945b-ac5db88b26e5,2023-11-13 08:12:00+00:00,21.85881,72.6683633333333,mixed_or_uncertain,cropland,0.816091954022989,0.171775223499361,0.0121328224776501,,not_eligible,No supported PHOENIX emissions classification.
ddd9004c-da5c-5df1-877e-98a7047672fb,2023-11-14 07:53:00+00:00,21.5242,72.70887,mixed_or_uncertain,cropland,0.3227969348659,0.46455938697318,0.00798212005108557,,not_eligible,No supported PHOENIX emissions classification.
d6d11d8e-5b95-59b0-aa94-9f17b734959c,2023-11-14 21:13:00+00:00,21.58401,72.83407,mixed_or_uncertain,cropland,0.799489144316731,0.200510855683269,0.0,,not_eligible,No supported PHOENIX emissions classification.
19040e5e-7df3-54ef-94bf-bc49c98154a9,2023-11-15 08:25:00+00:00,22.04596,72.53945,mixed_or_uncertain,permanent_water,0.208173690932312,0.0600255427841635,0.0,,not_eligible,No supported PHOENIX emissions classification.
87fd09c9-8b93-582c-8d42-6205d1eff226,2023-11-15 08:25:00+00:00,22.01334,72.79169,mixed_or_uncertain,cropland,0.646232439335888,0.335249042145594,0.0,,not_eligible,No supported PHOENIX emissions classification.
cdb21611-9cf0-511f-b470-502694590076,2023-11-15 20:03:00+00:00,21.36437,72.87782,mixed_or_uncertain,cropland,0.706257982120051,0.293742017879949,0.0,,not_eligible,No supported PHOENIX emissions classification.
16cc9320-f575-5bc3-802b-6c81b58bcbc5,2023-11-15 20:54:00+00:00,21.56461,72.81662,mixed_or_uncertain,cropland,0.920178799489144,0.0699233716475096,0.00989782886334611,,not_eligible,No supported PHOENIX emissions classification.
259524c5-5d3c-5424-b6b7-5e79f29bb99a,2023-11-16 08:06:00+00:00,21.46685,72.87181,mixed_or_uncertain,cropland,0.809386973180077,0.190613026819923,0.0,,not_eligible,No supported PHOENIX emissions classification.
94eafa68-94ac-59b7-be9d-45e07b7eb71a,2023-11-16 08:06:00+00:00,21.51605,72.81144,mixed_or_uncertain,cropland,0.629310344827586,0.363346104725415,0.0,,not_eligible,No supported PHOENIX emissions classification.
a2de88c6-fff2-52a5-bf3a-2fb424446eae,2023-11-16 08:07:00+00:00,21.792555,72.61009,mixed_or_uncertain,grassland,0.463282247765006,0.482439335887612,0.0,,not_eligible,No supported PHOENIX emissions classification.
71dd2d4b-497b-5a22-bbe0-430d59ccaab9,2023-11-16 20:35:00+00:00,21.35669,72.96644,mixed_or_uncertain,cropland,0.670178799489144,0.298212005108557,0.0169220945083014,,not_eligible,No supported PHOENIX emissions classification.
9c85e162-bea9-50d0-8332-7c176a9e5c58,2023-11-16 21:25:00+00:00,21.43504,72.97655,mixed_or_uncertain,cropland,0.542784163473819,0.42816091954023,0.0,,not_eligible,No supported PHOENIX emissions classification.
da5013fb-9902-54c4-9a0e-db1641615d37,2023-11-16 21:25:00+00:00,21.4882,72.95768,mixed_or_uncertain,cropland,0.751277139208174,0.211685823754789,0.0284163473818646,,not_eligible,No supported PHOENIX emissions classification.
3639c431-39fa-5fbe-b996-0fbb7eba17b6,2023-11-17 07:48:00+00:00,21.52831,72.88867,mixed_or_uncertain,cropland,0.598339719029374,0.401660280970626,0.0,,not_eligible,No supported PHOENIX emissions classification.
0c72f70c-b36e-5fe8-9ab6-c4336fc56ded,2023-11-17 08:37:00+00:00,21.80113,72.72437,mixed_or_uncertain,cropland,0.950510855683269,0.0201149425287356,0.0,,not_eligible,No supported PHOENIX emissions classification.
42485666-ff23-54cd-96a1-75dda7b337ca,2023-11-17 08:37:00+00:00,21.39505,72.850945,mixed_or_uncertain,cropland,0.425925925925926,0.443805874840358,0.101532567049808,,not_eligible,No supported PHOENIX emissions classification.
713af156-1d45-58f3-be74-ecc48e747f56,2023-11-17 08:37:00+00:00,21.47709,72.96547,mixed_or_uncertain,cropland,0.853128991060025,0.146871008939974,0.0,,not_eligible,No supported PHOENIX emissions classification.
34896a85-edfc-59e7-adab-bd9063623a05,2023-11-17 08:38:00+00:00,22.03865,72.78618,mixed_or_uncertain,cropland,0.823435504469987,0.176564495530013,0.0,,not_eligible,No supported PHOENIX emissions classification.
4f72aea8-82f6-5954-a4f6-32a31adc5e6c,2023-11-18 08:19:00+00:00,21.45885,72.82996,mixed_or_uncertain,cropland,0.689016602809706,0.310983397190294,0.0,,not_eligible,No supported PHOENIX emissions classification.
cc8d3d9e-451e-5ae9-bda0-e6593198530e,2023-11-19 08:00:00+00:00,21.7337025,72.60262,industrial,cropland,0.903575989782886,0.0913154533844189,0.0,,not_eligible,No supported PHOENIX emissions classification.
e33cde1a-90a3-5eb0-82b7-570cc0ce8ea4,2023-11-19 08:00:00+00:00,21.53805,72.95845,mixed_or_uncertain,cropland,0.772669220945083,0.227330779054917,0.0,,not_eligible,No supported PHOENIX emissions classification.
c1237e39-7e17-5586-bbac-8e13d17ead63,2023-11-19 20:29:00+00:00,21.56961,72.81568,mixed_or_uncertain,cropland,0.9757343550447,0.0127713920817369,0.0114942528735632,,not_eligible,No supported PHOENIX emissions classification.
74d27da5-8555-56db-b91c-517da8f8899a,2023-11-20 20:10:00+00:00,21.41512,72.87901,mixed_or_uncertain,cropland,0.61749680715198,0.288633461047254,0.0938697318007663,,not_eligible,No supported PHOENIX emissions classification.
592c7bfe-6ea0-539b-8a18-dca849edc346,2023-11-21 07:22:00+00:00,21.74402875,72.60897375,industrial,cropland,0.984355044699872,0.0156449553001277,0.0,,not_eligible,No supported PHOENIX emissions classification.
255ef4fc-af37-5154-9b7e-91e7d12c9edc,2023-11-21 08:13:00+00:00,21.750475,72.683785,mixed_or_uncertain,cropland,0.624521072796935,0.273946360153257,0.0871647509578544,,not_eligible,No supported PHOENIX emissions classification.
2eee3bd0-48db-5f25-b182-25e782563864,2023-11-21 08:13:00+00:00,21.49315,72.94021,mixed_or_uncertain,cropland,0.96551724137931,0.0344827586206897,0.0,,not_eligible,No supported PHOENIX emissions classification.
89c2659f-5a95-5c0e-be02-2b4e6fedef84,2023-11-21 08:13:00+00:00,21.47559,72.93946,mixed_or_uncertain,cropland,0.806194125159642,0.152618135376756,0.0348020434227331,,not_eligible,No supported PHOENIX emissions classification.
947b047f-7a38-56d9-9db9-52f4482003a9,2023-11-21 08:13:00+00:00,21.85184,72.69313,mixed_or_uncertain,cropland,0.834291187739464,0.165708812260536,0.0,,not_eligible,No supported PHOENIX emissions classification.
ac6237f6-76e0-5fa0-8ca6-4d63d8b97315,2023-11-21 08:13:00+00:00,21.89258,72.89886,mixed_or_uncertain,built_up,0.429757343550447,0.0660919540229885,0.503512132822478,,not_eligible,No supported PHOENIX emissions classification.
86f1139b-3d29-5e2b-a079-7c7075e5975b,2023-11-21 09:03:00+00:00,21.73859,72.6056933333333,mixed_or_uncertain,cropland,0.897190293742018,0.0743933588761175,0.0,,not_eligible,No supported PHOENIX emissions classification.
8c837f30-6bb0-5578-b7f7-c50b8f99f4da,2023-11-21 20:42:00+00:00,21.3823,72.94751,mixed_or_uncertain,cropland,0.504469987228608,0.169540229885057,0.284802043422733,,not_eligible,No supported PHOENIX emissions classification.
79264dde-4881-51d8-9ab5-df802ddee9ba,2023-11-22 07:54:00+00:00,21.39514,72.71758,mixed_or_uncertain,cropland,0.998403575989783,0.00159642401021711,0.0,,not_eligible,No supported PHOENIX emissions classification.
e15e3d4b-96fe-5e13-8edd-2dfcac755679,2023-11-22 07:54:00+00:00,21.87194,72.66053,mixed_or_uncertain,cropland,0.66507024265645,0.330459770114943,0.0,,not_eligible,No supported PHOENIX emissions classification.
0f50e53c-7dad-5d27-8b3f-3ebd5410b207,2023-11-22 08:44:00+00:00,21.54453,72.944665,mixed_or_uncertain,cropland,0.88250319284802,0.11749680715198,0.0,,not_eligible,No supported PHOENIX emissions classification.
22fbc4f9-c8a5-53b9-9701-665ed0e96eb6,2023-11-22 20:23:00+00:00,21.36226,72.83851,mixed_or_uncertain,cropland,0.776181353767561,0.215836526181354,0.00766283524904215,,not_eligible,No supported PHOENIX emissions classification.
f858ea70-f008-559c-8493-275da9a26949,2023-11-22 20:23:00+00:00,21.36442,72.92938,mixed_or_uncertain,tree_cover,0.455938697318008,0.544061302681992,0.0,,not_eligible,No supported PHOENIX emissions classification.
b371e5b2-1937-5bcb-b394-bc90e5b779f6,2023-11-23 21:44:00+00:00,21.38989,72.95364,mixed_or_uncertain,cropland,0.336526181353768,0.39176245210728,0.206257982120051,,not_eligible,No supported PHOENIX emissions classification.
1955a2dc-f5e0-5b04-8a20-b66ad117219d,2023-11-24 08:06:00+00:00,21.88011,72.67506,mixed_or_uncertain,grassland,0.365581098339719,0.606002554278416,0.0220306513409962,,not_eligible,No supported PHOENIX emissions classification.
b4327d3d-3ce3-5d06-a53d-ce1b18236093,2023-11-25 07:47:00+00:00,21.7941,72.67249,mixed_or_uncertain,cropland,0.881226053639847,0.111111111111111,0.0,,not_eligible,No supported PHOENIX emissions classification.
8bd6de48-bd62-56d6-a88d-ddaa2c145c4e,2023-11-25 08:38:00+00:00,21.78321,72.6436,mixed_or_uncertain,cropland,0.893997445721584,0.0932311621966794,0.0121328224776501,,not_eligible,No supported PHOENIX emissions classification.
3974b17b-cd74-56f4-9075-7c51600471d3,2023-11-29 08:12:00+00:00,21.891325,72.90062,mixed_or_uncertain,built_up,0.434865900383142,0.126117496807152,0.437420178799489,,not_eligible,No supported PHOENIX emissions classification.
937210e2-7b70-53a1-b588-675f650f3e1a,2023-11-29 08:12:00+00:00,21.99753,72.52303,mixed_or_uncertain,grassland,0.119731800766284,0.52330779054917,0.0,,not_eligible,No supported PHOENIX emissions classification.
ce0f8d36-723f-5d13-a6f8-51e5ce2b83a5,2023-12-02 08:06:00+00:00,21.88176,72.67366,mixed_or_uncertain,grassland,0.347062579821201,0.64463601532567,0.00319284802043423,,not_eligible,No supported PHOENIX emissions classification.
e2b207be-bc55-5bd0-b754-b26ac24c1b19,2023-12-03 21:06:00+00:00,21.43574,72.97466,mixed_or_uncertain,cropland,0.7257343550447,0.22477650063857,0.00766283524904215,,not_eligible,No supported PHOENIX emissions classification.
0b66c03a-f7a9-53c5-8197-9c81fe827dd1,2023-12-04 08:19:00+00:00,21.51501,72.73097,mixed_or_uncertain,cropland,0.853767560664112,0.145593869731801,0.000638569604086846,,not_eligible,No supported PHOENIX emissions classification.
2be49c8f-b60b-52fb-b4a3-6649e4cc155b,2023-12-04 08:19:00+00:00,21.44699,72.88271,mixed_or_uncertain,cropland,0.549169859514687,0.426245210727969,0.0,,not_eligible,No supported PHOENIX emissions classification.
05154a81-8d37-5030-8bb3-b9f9c0e9d0ad,2023-12-05 08:50:00+00:00,22.08978,72.98779,mixed_or_uncertain,tree_cover,0.35823754789272,0.579821200510856,0.0,,not_eligible,No supported PHOENIX emissions classification.
009e9c48-b4d3-5a50-8ca9-29351104c1cc,2023-12-06 08:31:00+00:00,21.48719,72.89663,mixed_or_uncertain,cropland,0.957215836526181,0.0268199233716475,0.0,,not_eligible,No supported PHOENIX emissions classification.
8c23bd3a-6a26-51ed-b4e0-2e4a1268b822,2023-12-06 08:31:00+00:00,21.55163,72.98026,mixed_or_uncertain,cropland,0.782886334610473,0.189655172413793,0.0194763729246488,,not_eligible,No supported PHOENIX emissions classification.
b814334c-485c-59cd-bcbb-b9fd7a0aeb24,2023-12-06 08:31:00+00:00,21.36836,72.70615,mixed_or_uncertain,cropland,0.99904214559387,0.000957854406130268,0.0,,not_eligible,No supported PHOENIX emissions classification.
c0805d28-b855-5102-b0e6-b1a501aa6352,2023-12-06 08:31:00+00:00,21.40242,72.69234,mixed_or_uncertain,cropland,0.998722860791826,0.00127713920817369,0.0,,not_eligible,No supported PHOENIX emissions classification.
0a0a3e33-df7d-5923-8a81-626f97170c99,2023-12-06 21:00:00+00:00,21.3637,72.82977,mixed_or_uncertain,cropland,0.795019157088123,0.204980842911877,0.0,,not_eligible,No supported PHOENIX emissions classification.
a18c31a8-2d07-5a7a-b876-588bfe07ff54,2023-12-07 08:13:00+00:00,21.8928616666667,72.89425,mixed_or_uncertain,built_up,0.0740740740740741,0.076309067688378,0.839719029374202,,not_eligible,No supported PHOENIX emissions classification.
1370a345-bf89-5f4f-874f-f992884d1bbf,2023-12-07 08:13:00+00:00,21.89243,72.9023433333333,mixed_or_uncertain,built_up,0.263729246487867,0.181353767560664,0.515964240102171,,not_eligible,No supported PHOENIX emissions classification.
11238732-ae42-5aa3-9865-8a351e195ec6,2023-12-08 07:54:00+00:00,21.706155,72.69421,industrial,cropland,0.689016602809706,0.255427841634738,0.0,,not_eligible,No supported PHOENIX emissions classification.
1e15470d-7332-571b-8f31-4746597235a7,2023-12-08 21:13:00+00:00,21.36749,72.93269,mixed_or_uncertain,cropland,0.61749680715198,0.38250319284802,0.0,,not_eligible,No supported PHOENIX emissions classification.
5afa2b4f-5a53-517d-a419-28c99e31efb9,2023-12-09 08:25:00+00:00,22.09041,72.65356,mixed_or_uncertain,cropland,0.989463601532567,0.010536398467433,0.0,,not_eligible,No supported PHOENIX emissions classification.
b4cf5083-1870-5f3c-81b1-1be8705c2922,2023-12-09 20:54:00+00:00,21.35167,72.86524,mixed_or_uncertain,cropland,0.596424010217114,0.401979565772669,0.00159642401021711,,not_eligible,No supported PHOENIX emissions classification.
a233cb1f-aca4-5428-9e76-0c7df47c0235,2023-12-10 08:06:00+00:00,21.7218933333333,72.71807,mixed_or_uncertain,cropland,0.767879948914432,0.169220945083014,0.0613026819923372,,not_eligible,No supported PHOENIX emissions classification.
cb5bd77f-8273-518a-9e8f-f62544d94dd5,2023-12-10 08:06:00+00:00,21.38328,72.65257,mixed_or_uncertain,tree_cover,0.0779054916985951,0.479885057471264,0.0379948914431673,,not_eligible,No supported PHOENIX emissions classification.
0a9d56d6-0e0b-5017-9416-f8d4a006038a,2023-12-10 08:56:00+00:00,21.55362,72.89169,mixed_or_uncertain,cropland,0.860472541507024,0.139527458492976,0.0,,not_eligible,No supported PHOENIX emissions classification.
6a2bcc01-296e-5fc6-a7fd-edcdc636ff7d,2023-12-10 08:56:00+00:00,21.42612,72.8851,mixed_or_uncertain,cropland,0.543742017879949,0.455300127713921,0.000957854406130268,,not_eligible,No supported PHOENIX emissions classification.
2c9fc825-9530-5bb4-81d2-05c642981da9,2023-12-10 08:57:00+00:00,21.73169,72.71365,mixed_or_uncertain,cropland,0.871328224776501,0.108556832694764,0.0134099616858238,,not_eligible,No supported PHOENIX emissions classification.
b21b686a-6234-57cb-9d09-83e6b28a41f4,2023-12-10 20:35:00+00:00,21.4333166666667,72.97667,mixed_or_uncertain,cropland,0.552362707535121,0.441890166028097,0.0,,not_eligible,No supported PHOENIX emissions classification.
39900c80-f773-517c-b0d9-03e8a91b5447,2023-12-11 20:16:00+00:00,21.3886133333333,72.9351133333333,mixed_or_uncertain,cropland,0.740421455938697,0.257662835249042,0.0,,not_eligible,No supported PHOENIX emissions classification.
390fb1f3-7a15-57e8-86c7-87b7d8ac5401,2023-12-12 08:19:00+00:00,21.86899,72.6451,mixed_or_uncertain,cropland,0.788952745849298,0.00798212005108557,0.0,,not_eligible,No supported PHOENIX emissions classification.
48cd534f-b185-5f55-a02a-55dd842c99d4,2023-12-12 08:19:00+00:00,21.35986,72.87995,mixed_or_uncertain,cropland,0.650702426564496,0.33492975734355,0.0,,not_eligible,No supported PHOENIX emissions classification.
855b37cb-2f3c-50e5-881c-66b4a0d6e350,2023-12-12 08:19:00+00:00,21.61128,72.90743,mixed_or_uncertain,cropland,0.811941251596424,0.180395913154534,0.00766283524904215,,not_eligible,No supported PHOENIX emissions classification.
e5262583-4524-521f-a18c-84d160031d57,2023-12-13 08:00:00+00:00,21.757496,72.61529,industrial,cropland,0.908684546615581,0.0913154533844189,0.0,,not_eligible,No supported PHOENIX emissions classification.
68162708-4f51-51a8-bf9a-399135c572de,2023-12-13 20:29:00+00:00,21.7125,72.70448,mixed_or_uncertain,cropland,0.993614303959132,0.00638569604086846,0.0,,not_eligible,No supported PHOENIX emissions classification.
36cae12d-dade-5379-87d6-e77dc8c91156,2023-12-14 21:00:00+00:00,21.35719,72.83413,mixed_or_uncertain,cropland,0.723818646232439,0.276181353767561,0.0,,not_eligible,No supported PHOENIX emissions classification.
f23f29bf-502e-53c2-beba-c0bd402e4b6a,2023-12-14 21:00:00+00:00,21.36762,72.94125,mixed_or_uncertain,cropland,0.432630906768838,0.562899106002554,0.00446998722860792,,not_eligible,No supported PHOENIX emissions classification.
461d9881-f64b-537e-b26a-ddfb614364da,2023-12-15 08:12:00+00:00,21.87185,72.68271,mixed_or_uncertain,cropland,0.59418901660281,0.295019157088123,0.0737547892720306,,not_eligible,No supported PHOENIX emissions classification.
8b024db4-a0cf-5beb-a607-03b13cb1ca11,2023-12-15 08:12:00+00:00,21.53274,72.84584,mixed_or_uncertain,cropland,0.741698595146871,0.258301404853129,0.0,,not_eligible,No supported PHOENIX emissions classification.
c55f1a7a-8ece-5ac7-a05f-0a3f4554ebb8,2023-12-15 08:12:00+00:00,21.77059,72.64526,mixed_or_uncertain,cropland,0.757024265644955,0.242975734355045,0.0,,not_eligible,No supported PHOENIX emissions classification.
ef4c8192-9cd7-5b06-b7ce-496fde4e6e53,2023-12-15 08:12:00+00:00,21.89209,72.897859,mixed_or_uncertain,built_up,0.39367816091954,0.0980204342273308,0.506704980842912,,not_eligible,No supported PHOENIX emissions classification.
0ad5838c-1a0f-57d2-b9f3-99e0f6db478f,2023-12-15 08:13:00+00:00,21.99556,72.75209,mixed_or_uncertain,grassland,0.471583652618135,0.528416347381865,0.0,,not_eligible,No supported PHOENIX emissions classification.
ccf52e8d-2b71-5e29-a3e6-4480e070d201,2023-12-15 21:31:00+00:00,21.79261,72.64694,mixed_or_uncertain,cropland,0.733397190293742,0.196360153256705,0.00830140485312899,,not_eligible,No supported PHOENIX emissions classification.
33441c0e-0120-5202-bd01-526e2be3bd6b,2023-12-16 08:44:00+00:00,21.47671,72.81185,mixed_or_uncertain,cropland,0.889208173690932,0.110791826309068,0.0,,not_eligible,No supported PHOENIX emissions classification.
b3d636e0-580e-5d2f-b536-ce82625c47c8,2023-12-16 08:44:00+00:00,21.56486,72.94124,mixed_or_uncertain,cropland,0.853128991060025,0.146871008939974,0.0,,not_eligible,No supported PHOENIX emissions classification.
dbccc60f-8f02-5986-a516-1407c86eb504,2023-12-17 07:35:00+00:00,21.85825,72.66146,mixed_or_uncertain,cropland,0.572477650063857,0.427522349936143,0.0,,not_eligible,No supported PHOENIX emissions classification.
114a67ff-087e-59ca-bcd0-bec48c72ad53,2023-12-17 08:25:00+00:00,21.537935,72.982185,mixed_or_uncertain,cropland,0.47669220945083,0.378671775223499,0.13058748403576,,not_eligible,No supported PHOENIX emissions classification.
2b7c001f-5c23-51d7-b90e-8d6e751c612b,2023-12-17 08:25:00+00:00,21.66971,72.97662,mixed_or_uncertain,cropland,0.573754789272031,0.396551724137931,0.0296934865900383,,not_eligible,No supported PHOENIX emissions classification.
c7f8b4c6-b6b7-5ed1-a94e-6cd2a75c105f,2023-12-17 08:25:00+00:00,21.60885,72.96706,mixed_or_uncertain,cropland,0.782247765006386,0.208492975734355,0.00893997445721584,,not_eligible,No supported PHOENIX emissions classification.
21c462cd-5f88-5507-b17b-bc9985408067,2023-12-17 20:04:00+00:00,21.434035,72.97537,mixed_or_uncertain,cropland,0.557471264367816,0.404214559386973,0.0,,not_eligible,No supported PHOENIX emissions classification.
4d76ace2-0b2b-5b83-bd2c-1150f565c34f,2023-12-17 20:04:00+00:00,21.366105,72.84364,mixed_or_uncertain,cropland,0.526500638569604,0.37962962962963,0.0938697318007663,,not_eligible,No supported PHOENIX emissions classification.
6b579cc1-6fa5-53be-bc4e-4f0a72888ca9,2023-12-17 20:04:00+00:00,21.38403,72.8428,mixed_or_uncertain,cropland,0.585568326947637,0.414112388250319,0.0,,not_eligible,No supported PHOENIX emissions classification.
8e8e3a16-f287-5422-80b6-a73041c91c9f,2023-12-17 20:54:00+00:00,21.4271,72.9633,mixed_or_uncertain,cropland,0.725095785440613,0.273627075351213,0.0,,not_eligible,No supported PHOENIX emissions classification.
3ddbd0c1-50d9-5c9b-8a87-29e4f837d68b,2023-12-18 08:06:00+00:00,21.38736,72.79182,mixed_or_uncertain,cropland,0.730204342273308,0.227969348659004,0.0284163473818646,,not_eligible,No supported PHOENIX emissions classification.
c6d47f9f-cdc0-5f18-92ac-ae9544b84ba7,2023-12-18 08:06:00+00:00,21.47741,72.85884,mixed_or_uncertain,cropland,0.421455938697318,0.578544061302682,0.0,,not_eligible,No supported PHOENIX emissions classification.
4de582c3-587b-5070-abcc-35ed5a436556,2023-12-20 07:28:00+00:00,21.4882433333333,72.9735033333333,mixed_or_uncertain,cropland,0.775542784163474,0.224457215836526,0.0,,not_eligible,No supported PHOENIX emissions classification.
38a58cba-9247-53db-91c2-b28024cdf476,2023-12-20 08:19:00+00:00,21.48308,72.87474,mixed_or_uncertain,cropland,0.651340996168582,0.348339719029374,0.0,,not_eligible,No supported PHOENIX emissions classification.
f452567d-5f94-5105-bde1-fee96caaf251,2023-12-22 20:10:00+00:00,21.446715,72.948505,mixed_or_uncertain,cropland,0.613346104725415,0.353448275862069,0.033205619412516,,not_eligible,No supported PHOENIX emissions classification.
a47eb448-9050-51e5-9cc4-f8dd5226d8ec,2023-12-23 07:22:00+00:00,21.7024725,72.6817575,industrial,cropland,0.924968071519796,0.0750319284802043,0.0,,not_eligible,No supported PHOENIX emissions classification.
05c917a1-c0be-5e4b-9c93-a8fd8e3eeca3,2023-12-23 08:12:00+00:00,21.98642,72.766955,mixed_or_uncertain,grassland,0.377394636015326,0.511494252873563,0.0351213282247765,,not_eligible,No supported PHOENIX emissions classification.
111ebd82-a992-54a7-a190-2b609ace235f,2023-12-23 08:12:00+00:00,21.7154,72.70399,mixed_or_uncertain,cropland,0.987228607918263,0.0124521072796935,0.000319284802043423,,not_eligible,No supported PHOENIX emissions classification.
54eb6997-137b-547a-8741-a4704a45679c,2023-12-23 08:12:00+00:00,21.89775,72.92036,mixed_or_uncertain,cropland,0.75095785440613,0.239144316730524,0.0,,not_eligible,No supported PHOENIX emissions classification.
797f38f8-0069-59f7-af97-99d402de6fb2,2023-12-23 08:12:00+00:00,21.8915166666667,72.8961266666667,mixed_or_uncertain,built_up,0.254789272030651,0.130268199233716,0.610472541507024,,not_eligible,No supported PHOENIX emissions classification.
a1924d1c-87f9-5075-82fe-7c9df5a45416,2023-12-23 08:12:00+00:00,21.8961566666667,72.90328,mixed_or_uncertain,cropland,0.316730523627075,0.285759897828863,0.300127713920817,,not_eligible,No supported PHOENIX emissions classification.
ac676bc6-bf43-50c0-a559-4b62803c4070,2023-12-23 08:12:00+00:00,21.83676,72.8454,mixed_or_uncertain,cropland,0.783205619412516,0.133461047254151,0.0434227330779055,,not_eligible,No supported PHOENIX emissions classification.
b237982a-1c5b-5925-8cc7-c69c6d3ed3fe,2023-12-23 08:12:00+00:00,21.37224,72.85218,mixed_or_uncertain,cropland,0.70242656449553,0.297254150702427,0.000319284802043423,,not_eligible,No supported PHOENIX emissions classification.
df85beeb-b1d2-5b3e-a118-57090a2a2af8,2023-12-23 08:12:00+00:00,21.87274,72.6808475,mixed_or_uncertain,cropland,0.66698595146871,0.221583652618135,0.104725415070243,,not_eligible,No supported PHOENIX emissions classification.
f3a299cd-9485-598f-8af8-8f05cf35cca4,2023-12-23 08:12:00+00:00,21.56074,72.95802,mixed_or_uncertain,cropland,0.944763729246488,0.0514048531289911,0.0,,not_eligible,No supported PHOENIX emissions classification.
10bbb2d7-c76e-52a8-812b-efeebc03f596,2023-12-23 08:13:00+00:00,22.07577,72.63683,mixed_or_uncertain,cropland,0.864942528735632,0.10536398467433,0.0296934865900383,,not_eligible,No supported PHOENIX emissions classification.
3a2ae7c3-45b5-5457-b41e-3268f798c842,2023-12-23 08:13:00+00:00,22.03681,72.74158,mixed_or_uncertain,cropland,0.752873563218391,0.247126436781609,0.0,,not_eligible,No supported PHOENIX emissions classification.
b98cb89e-a047-5edc-9250-a2120ac72234,2023-12-23 09:03:00+00:00,21.59019,72.98739,mixed_or_uncertain,cropland,0.584291187739464,0.415708812260536,0.0,,not_eligible,No supported PHOENIX emissions classification.
c29f790b-99ae-5698-a499-d03fb5810d95,2023-12-23 20:41:00+00:00,21.43154,72.9773433333333,industrial,cropland,0.61941251596424,0.380268199233716,0.0,,not_eligible,No supported PHOENIX emissions classification.
f5cb92d5-0149-526d-8542-d111894e033b,2023-12-23 20:41:00+00:00,21.37879,72.95303,mixed_or_uncertain,cropland,0.406130268199234,0.292784163473819,0.283524904214559,,not_eligible,No supported PHOENIX emissions classification.
1c2cc1ce-cd28-5202-8b76-171a068ada1b,2023-12-24 07:54:00+00:00,21.47626,72.85709,mixed_or_uncertain,cropland,0.562260536398467,0.437739463601533,0.0,,not_eligible,No supported PHOENIX emissions classification.
3a92b520-8db6-5b85-8348-fe22f143180b,2023-12-24 07:54:00+00:00,21.82944,72.70858,mixed_or_uncertain,cropland,0.80970625798212,0.189655172413793,0.0,,not_eligible,No supported PHOENIX emissions classification.
9eefc67f-a19c-5790-84a0-a5259bee8485,2023-12-24 07:54:00+00:00,21.73235,72.72424,mixed_or_uncertain,cropland,0.636653895274585,0.335568326947637,0.0277777777777778,,not_eligible,No supported PHOENIX emissions classification.
bc627789-f042-5410-bd26-ed5047563cfc,2023-12-24 07:54:00+00:00,22.0541133333333,72.5433433333333,mixed_or_uncertain,cropland,0.875159642401022,0.0348020434227331,0.0,,not_eligible,No supported PHOENIX emissions classification.
a12c8735-c112-5490-8b43-ce19f0eb003f,2023-12-24 08:44:00+00:00,21.7933533333333,72.6481866666667,industrial,cropland,0.69029374201788,0.229885057471264,0.00319284802043423,,not_eligible,No supported PHOENIX emissions classification.
09376c6f-52f0-50aa-ab73-cc85bb7a5b04,2023-12-25 08:25:00+00:00,21.76846,72.64278,mixed_or_uncertain,cropland,0.713282247765006,0.266922094508301,0.0197956577266922,,not_eligible,No supported PHOENIX emissions classification.
a0c43c9c-dde5-5495-9df3-5b5c6f02be28,2023-12-25 08:25:00+00:00,21.46298,72.99684,mixed_or_uncertain,cropland,0.737228607918263,0.179438058748404,0.0440613026819923,,not_eligible,No supported PHOENIX emissions classification.
93c80d5a-4bee-5826-a381-ac2b33bad8ce,2023-12-25 20:04:00+00:00,21.35914,72.99945,mixed_or_uncertain,cropland,0.511813537675607,0.475095785440613,0.0,,not_eligible,No supported PHOENIX emissions classification.
3f87b430-deee-55f3-97d3-4aae5f84e832,2023-12-25 20:54:00+00:00,21.4328933333333,72.97595,industrial,cropland,0.499361430395913,0.500319284802043,0.0,,not_eligible,No supported PHOENIX emissions classification.
68629766-7b27-5321-9131-06a03b8aad51,2023-12-25 20:54:00+00:00,21.36133,72.9627,mixed_or_uncertain,built_up,0.242656449553001,0.251596424010217,0.445083014048531,,not_eligible,No supported PHOENIX emissions classification.
f199ed5d-cfe8-55c8-9dd5-183192e56412,2023-12-25 20:54:00+00:00,21.40882,72.8877,mixed_or_uncertain,cropland,0.819604086845466,0.180395913154534,0.0,,not_eligible,No supported PHOENIX emissions classification.
586fa61d-a5fe-52b0-9be6-f43e026ff771,2023-12-28 09:09:00+00:00,22.051175,72.686065,mixed_or_uncertain,cropland,0.762452107279693,0.237547892720307,0.0,,not_eligible,No supported PHOENIX emissions classification.
1a3c9d6b-c8ca-5ffd-b0f8-93f3f3ea59b4,2023-12-29 08:00:00+00:00,21.84022,72.68195,mixed_or_uncertain,cropland,0.578863346104725,0.392401021711367,0.0,,not_eligible,No supported PHOENIX emissions classification.
413ca726-d1b9-5684-a195-e11712daad48,2023-12-29 08:00:00+00:00,22.01894,72.7757,mixed_or_uncertain,cropland,0.939016602809706,0.0609833971902937,0.0,,not_eligible,No supported PHOENIX emissions classification.
659cd077-1387-5faa-9d61-ae9fd2df95ac,2023-12-29 08:00:00+00:00,21.68766,72.56006,mixed_or_uncertain,tree_cover,0.181034482758621,0.612068965517241,0.204342273307791,,not_eligible,No supported PHOENIX emissions classification.
304eb247-8144-52a5-939a-698729278171,2023-12-29 08:50:00+00:00,21.71026,72.70885,mixed_or_uncertain,cropland,0.91794380587484,0.0817369093231162,0.0,,not_eligible,No supported PHOENIX emissions classification.
23339187-3392-52db-a60d-643fea153141,2023-12-30 08:31:00+00:00,21.36085,72.86605,mixed_or_uncertain,cropland,0.833333333333333,0.166666666666667,0.0,,not_eligible,No supported PHOENIX emissions classification.
1594cf6a-f0c5-5418-a997-db0eb08dc65a,2023-12-31 08:12:00+00:00,21.8957266666667,72.9069166666667,mixed_or_uncertain,cropland,0.52234993614304,0.344827586206897,0.0826947637292465,,not_eligible,No supported PHOENIX emissions classification.
389186f7-d90f-59c3-941e-c823cad64c50,2023-12-31 08:12:00+00:00,22.01495,72.79195,mixed_or_uncertain,cropland,0.665708812260536,0.325670498084291,0.0,,not_eligible,No supported PHOENIX emissions classification.
5c800e92-58ac-5500-8814-b94b575a360c,2023-12-31 08:12:00+00:00,22.007655,72.938865,mixed_or_uncertain,cropland,0.979565772669221,0.0204342273307791,0.0,,not_eligible,No supported PHOENIX emissions classification.
661dd842-bae3-518d-afc4-0259666e5df3,2023-12-31 08:12:00+00:00,22.00464,72.87778,mixed_or_uncertain,cropland,0.706896551724138,0.28448275862069,0.0070242656449553,,not_eligible,No supported PHOENIX emissions classification.
84a00562-7bfc-5f3b-998c-cb5f6c9a46ce,2023-12-31 08:12:00+00:00,21.872205,72.681495,mixed_or_uncertain,cropland,0.654533844189017,0.282567049808429,0.0373563218390805,,not_eligible,No supported PHOENIX emissions classification.
a8036198-2f33-54f8-b338-d046d86f4773,2023-12-31 08:12:00+00:00,21.8361766666667,72.84742,mixed_or_uncertain,cropland,0.782886334610473,0.125798212005109,0.0718390804597701,,not_eligible,No supported PHOENIX emissions classification.
cec497a5-382d-53f7-8a97-5310fd455b64,2023-12-31 08:12:00+00:00,21.98573,72.88927,mixed_or_uncertain,cropland,0.957535121328225,0.0424648786717752,0.0,,not_eligible,No supported PHOENIX emissions classification.
cecfa998-5ceb-5059-9c1e-e7b3f826d560,2023-12-31 08:12:00+00:00,21.897155,72.91925,mixed_or_uncertain,cropland,0.824393358876118,0.172413793103448,0.0,,not_eligible,No supported PHOENIX emissions classification.
d7756880-883a-5b0c-813c-6f857b34cea2,2023-12-31 08:12:00+00:00,21.54878,72.94618,mixed_or_uncertain,cropland,0.987228607918263,0.0127713920817369,0.0,,not_eligible,No supported PHOENIX emissions classification.
51983785-847d-5f5c-bd89-a015978198e9,2023-12-31 20:41:00+00:00,21.3563933333333,72.9139066666667,industrial,cropland,0.757982120051086,0.23690932311622,0.00510855683269476,,not_eligible,No supported PHOENIX emissions classification.
5730b02a-e760-549e-a38c-46deecebd8fb,2023-12-31 20:41:00+00:00,21.68826,72.53333,mixed_or_uncertain,bare_sparse_vegetation,0.0223499361430396,0.333333333333333,0.188058748403576,,not_eligible,No supported PHOENIX emissions classification.
c69e6ff6-bad7-5102-965f-08c3dde6857b,2023-12-31 20:41:00+00:00,21.43318,72.97791,mixed_or_uncertain,cropland,0.574393358876118,0.425287356321839,0.0,,not_eligible,No supported PHOENIX emissions classification.
5a5c40e6-58f2-531c-91ae-17642a387313,2024-01-01 07:54:00+00:00,22.02022,72.750865,mixed_or_uncertain,cropland,0.481481481481481,0.380268199233716,0.117816091954023,,not_eligible,No supported PHOENIX emissions classification.
e7bc0c5c-9773-59aa-894d-8be895320a08,2024-01-02 20:54:00+00:00,21.6868633333333,72.5325,industrial,bare_sparse_vegetation,0.0255427841634738,0.183588761174968,0.235632183908046,,not_eligible,No supported PHOENIX emissions classification.
c67d7235-f2bc-5420-96c7-e8a5d55332a3,2024-01-03 20:35:00+00:00,21.632455,72.89806,mixed_or_uncertain,cropland,0.856641123882503,0.143358876117497,0.0,,not_eligible,No supported PHOENIX emissions classification.
53c95970-14f2-50e1-b94c-2df5e3e2b862,2024-01-04 21:06:00+00:00,21.6865985714286,72.5327685714286,industrial,bare_sparse_vegetation,0.0204342273307791,0.159003831417625,0.23882503192848,,not_eligible,No supported PHOENIX emissions classification.
7af375d9-f0c1-54cf-93df-a4f60909e12c,2024-01-05 08:19:00+00:00,21.72001,72.69433,mixed_or_uncertain,cropland,0.723180076628352,0.210727969348659,0.0609833971902937,,not_eligible,No supported PHOENIX emissions classification.
4ceeef57-2af5-5f81-a777-41ab1d242e96,2024-01-05 19:57:00+00:00,21.38598,72.91104,mixed_or_uncertain,cropland,0.769157088122605,0.230842911877395,0.0,,not_eligible,No supported PHOENIX emissions classification.
c80ce34d-7b33-5c18-89de-7a99a9164460,2024-01-05 20:47:00+00:00,21.434485,72.9758975,industrial,cropland,0.513409961685824,0.446679438058748,0.0,,not_eligible,No supported PHOENIX emissions classification.
237e67d8-03f1-5b32-997f-04ea60ed56d4,2024-01-06 21:19:00+00:00,21.685692,72.532968,industrial,bare_sparse_vegetation,0.00670498084291188,0.131226053639847,0.31992337164751,,not_eligible,No supported PHOENIX emissions classification.
7bca7e02-8b01-54a7-929c-9c775652dc5e,2024-01-07 08:31:00+00:00,21.4019,72.84402,mixed_or_uncertain,cropland,0.78448275862069,0.21551724137931,0.0,,not_eligible,No supported PHOENIX emissions classification.
112bb058-9963-54a1-9877-562731cdbb7a,2024-01-08 08:13:00+00:00,22.008065,72.94005,mixed_or_uncertain,cropland,0.992975734355045,0.0070242656449553,0.0,,not_eligible,No supported PHOENIX emissions classification.
6bace585-28ae-56a8-a594-c0c8b8029b49,2024-01-08 08:13:00+00:00,21.98945,72.88964,mixed_or_uncertain,cropland,0.905172413793103,0.0893997445721584,0.0,,not_eligible,No supported PHOENIX emissions classification.
707c6ff1-0566-5005-b942-4346c07dfced,2024-01-08 08:13:00+00:00,21.837,72.84718,mixed_or_uncertain,cropland,0.683588761174968,0.159323116219668,0.122286079182631,,not_eligible,No supported PHOENIX emissions classification.
764da6e2-fcea-598e-9b03-0cb8892611b2,2024-01-08 08:13:00+00:00,21.8736866666667,72.6825066666667,mixed_or_uncertain,cropland,0.546934865900383,0.263409961685824,0.15389527458493,,not_eligible,No supported PHOENIX emissions classification.
8bab127d-0826-5d2b-94a6-e92b580ac606,2024-01-08 08:13:00+00:00,22.00358,72.89101,mixed_or_uncertain,cropland,0.877713920817369,0.122286079182631,0.0,,not_eligible,No supported PHOENIX emissions classification.
8e688188-3c3d-5cb3-bbba-8ba2f95b30f6,2024-01-08 08:13:00+00:00,21.89456,72.9105,mixed_or_uncertain,cropland,0.558109833971903,0.380268199233716,0.0606641123882503,,not_eligible,No supported PHOENIX emissions classification.
cef5bb8b-e17b-5f2e-a9a2-c03878b300aa,2024-01-08 08:13:00+00:00,22.00507,72.87874,mixed_or_uncertain,cropland,0.623563218390805,0.350574712643678,0.0258620689655172,,not_eligible,No supported PHOENIX emissions classification.
de7c2b48-cd9f-5178-8b16-a3772eb6c7ad,2024-01-08 08:13:00+00:00,21.89682,72.9190625,mixed_or_uncertain,cropland,0.82088122605364,0.176564495530013,0.0,,not_eligible,No supported PHOENIX emissions classification.
f52ee659-e9eb-570d-b389-011bf3c11373,2024-01-08 08:13:00+00:00,21.85847,72.88124,mixed_or_uncertain,cropland,0.973180076628352,0.0268199233716475,0.0,,not_eligible,No supported PHOENIX emissions classification.
cf58f527-95df-5cdb-9ef0-4b93ffeca02a,2024-01-08 21:31:00+00:00,21.91061,72.68195,mixed_or_uncertain,cropland,0.761813537675607,0.20242656449553,0.0357598978288633,,not_eligible,No supported PHOENIX emissions classification.
8f62dd7c-8605-54a6-abe8-bdd2bad2251d,2024-01-10 08:25:00+00:00,21.49892,72.79711,mixed_or_uncertain,cropland,0.815134099616858,0.184865900383142,0.0,,not_eligible,No supported PHOENIX emissions classification.
c7e08184-29a9-5594-bfbe-8bca827d09f8,2024-01-10 20:54:00+00:00,21.6874,72.53088,mixed_or_uncertain,bare_sparse_vegetation,0.0338441890166028,0.167624521072797,0.145274584929757,,not_eligible,No supported PHOENIX emissions classification.
ffd9024c-d876-5f51-8272-06dcceb0a9a6,2024-01-10 20:54:00+00:00,21.68573,72.56181,mixed_or_uncertain,tree_cover,0.207215836526181,0.421136653895275,0.36845466155811,,not_eligible,No supported PHOENIX emissions classification.
acd7bba5-e67b-5954-9384-82b7e1115697,2024-01-11 08:06:00+00:00,21.49984,72.8543,mixed_or_uncertain,cropland,0.837484035759898,0.162515964240102,0.0,,not_eligible,No supported PHOENIX emissions classification.
63aa0174-2711-5ddb-9347-971dfb229eec,2024-01-11 20:35:00+00:00,21.36807,72.940295,mixed_or_uncertain,cropland,0.413793103448276,0.577905491698595,0.00830140485312899,,not_eligible,No supported PHOENIX emissions classification.
0ef9384c-ad26-5b33-aac2-7e3c82dd326f,2024-01-12 07:47:00+00:00,21.74248,72.65926,mixed_or_uncertain,cropland,0.489144316730524,0.413793103448276,0.0507662835249042,,not_eligible,No supported PHOENIX emissions classification.
5bc38f35-810b-579b-8d92-cba0c8124209,2024-01-12 07:47:00+00:00,21.75445,72.64465,mixed_or_uncertain,cropland,0.551085568326948,0.242017879948914,0.169859514687101,,not_eligible,No supported PHOENIX emissions classification.
b17dea81-6bd2-5673-9ecc-479193f9ef71,2024-01-12 08:38:00+00:00,21.56099,72.97301,mixed_or_uncertain,cropland,0.648786717752235,0.351213282247765,0.0,,not_eligible,No supported PHOENIX emissions classification.
c1f99ba4-246b-5bde-8e9a-aca0e9b6f08b,2024-01-12 08:38:00+00:00,21.54349,72.94377,mixed_or_uncertain,cropland,0.853128991060025,0.146871008939974,0.0,,not_eligible,No supported PHOENIX emissions classification.
f0643f01-5264-569b-bdc3-1bfae557adf7,2024-01-12 21:07:00+00:00,21.79589,72.64821,mixed_or_uncertain,cropland,0.714878671775223,0.132183908045977,0.126117496807152,,not_eligible,No supported PHOENIX emissions classification.
78b467e4-f249-5ab5-92a1-8db9c99294f5,2024-01-13 08:19:00+00:00,21.99854,72.64729,mixed_or_uncertain,grassland,0.405172413793103,0.507662835249042,0.0,,not_eligible,No supported PHOENIX emissions classification.
95654a65-7a89-5c39-b632-4890a157fcc0,2024-01-13 08:19:00+00:00,21.788435,72.612595,mixed_or_uncertain,cropland,1.0,0.0,0.0,,not_eligible,No supported PHOENIX emissions classification.
ac43c5db-0983-55d4-b15e-a9ed15fad92a,2024-01-13 08:19:00+00:00,21.51923,72.89941,mixed_or_uncertain,cropland,0.910919540229885,0.0890804597701149,0.0,,not_eligible,No supported PHOENIX emissions classification.
05084c05-758a-51b1-a3ea-588cccda3245,2024-01-13 20:48:00+00:00,21.36705,72.93705,mixed_or_uncertain,tree_cover,0.413473818646232,0.585568326947637,0.000957854406130268,,not_eligible,No supported PHOENIX emissions classification.
e48627d9-d0a9-54cc-a97d-695941380ea7,2024-01-13 20:48:00+00:00,21.35284,72.91928,mixed_or_uncertain,tree_cover,0.234674329501916,0.765325670498084,0.0,,not_eligible,No supported PHOENIX emissions classification.
5293eb7b-632b-5234-8fb1-411e70f5e7eb,2024-01-14 08:00:00+00:00,21.53139,72.73091,mixed_or_uncertain,cropland,0.52234993614304,0.393358876117497,0.0,,not_eligible,No supported PHOENIX emissions classification.
07493a9a-e543-52bc-8d64-782474223203,2024-01-14 08:50:00+00:00,21.40294,72.70293,mixed_or_uncertain,cropland,0.992337164750958,0.00766283524904215,0.0,,not_eligible,No supported PHOENIX emissions classification.
6da0532a-c927-53e8-86bc-8ac51de03557,2024-01-14 08:50:00+00:00,22.04532,72.75793,mixed_or_uncertain,cropland,0.88154533844189,0.11845466155811,0.0,,not_eligible,No supported PHOENIX emissions classification.
12d6693b-eb9d-5dd5-a102-8c60dc89e058,2024-01-14 20:29:00+00:00,21.4335466666667,72.9769066666667,mixed_or_uncertain,cropland,0.562260536398467,0.433908045977011,0.0,,not_eligible,No supported PHOENIX emissions classification.
67c2c470-db9c-5288-9cc2-616d7fb66786,2024-01-15 07:41:00+00:00,21.74318,72.79099,mixed_or_uncertain,cropland,0.951149425287356,0.0488505747126437,0.0,,not_eligible,No supported PHOENIX emissions classification.
8b925b62-1274-5312-aeaa-562915ab71cd,2024-01-15 07:41:00+00:00,21.38252,72.965255,mixed_or_uncertain,cropland,0.423690932311622,0.300127713920817,0.250638569604087,,not_eligible,No supported PHOENIX emissions classification.
969f3166-e75a-5292-b388-eca217d26597,2024-01-15 07:41:00+00:00,21.9692075,72.5536375,mixed_or_uncertain,cropland,0.912196679438059,0.0852490421455939,0.0,,not_eligible,No supported PHOENIX emissions classification.
a483de03-bfd9-5b85-b879-ff4cbcbbb5e0,2024-01-15 07:41:00+00:00,21.58012,72.96675,mixed_or_uncertain,cropland,0.980204342273308,0.0197956577266922,0.0,,not_eligible,No supported PHOENIX emissions classification.
06fae226-6e95-5148-b8cb-190844064a3d,2024-01-15 08:31:00+00:00,21.5122,72.8382,mixed_or_uncertain,cropland,0.47477650063857,0.52522349936143,0.0,,not_eligible,No supported PHOENIX emissions classification.
a65d3020-12ae-568b-924c-35890f0a6194,2024-01-15 08:31:00+00:00,21.51873,72.96794,mixed_or_uncertain,cropland,0.956577266922095,0.0335249042145594,0.00191570881226054,,not_eligible,No supported PHOENIX emissions classification.
14bfedd1-cbc4-5d56-b96f-90eb3264c91f,2024-01-15 08:31:00+00:00,21.52491,72.71989,mixed_or_uncertain,cropland,0.939974457215837,0.0600255427841635,0.0,,not_eligible,No supported PHOENIX emissions classification.
33593c08-d836-558d-a495-85ab9a658505,2024-01-15 08:31:00+00:00,21.40199,72.66515,mixed_or_uncertain,cropland,0.482439335887612,0.307471264367816,0.0,,not_eligible,No supported PHOENIX emissions classification.
89ac1557-8332-54f5-95b4-dfbe500ff613,2024-01-15 08:31:00+00:00,21.99011,72.74656,mixed_or_uncertain,grassland,0.362388250319285,0.623882503192848,0.0,,not_eligible,No supported PHOENIX emissions classification.
1a7dfe1f-27fb-5f50-87bd-423fa71a7a23,2024-01-15 20:10:00+00:00,21.3590366666667,72.87024,mixed_or_uncertain,cropland,0.680395913154534,0.309067688378033,0.0,,not_eligible,No supported PHOENIX emissions classification.
5cb1e43b-e6eb-5e17-8368-ac9738110e0a,2024-01-15 20:10:00+00:00,21.41206,72.78614,mixed_or_uncertain,cropland,0.627713920817369,0.371966794380587,0.000319284802043423,,not_eligible,No supported PHOENIX emissions classification.
0ac6f414-3010-5bb3-ac07-5dcdfd837996,2024-01-16 08:12:00+00:00,21.58211,72.89661,mixed_or_uncertain,cropland,0.972860791826309,0.0271392081736909,0.0,,not_eligible,No supported PHOENIX emissions classification.
153f00c8-5ef1-5506-b9a4-8632dd7e0896,2024-01-16 08:12:00+00:00,21.77013,72.84145,mixed_or_uncertain,cropland,0.997765006385696,0.00223499361430396,0.0,,not_eligible,No supported PHOENIX emissions classification.
3196d0ff-49ce-5731-8756-cc33bad73765,2024-01-16 08:12:00+00:00,22.007204,72.936942,mixed_or_uncertain,cropland,0.921136653895275,0.0788633461047254,0.0,,not_eligible,No supported PHOENIX emissions classification.
31db126d-8049-5d37-84b5-ff45cbf632f0,2024-01-16 08:12:00+00:00,21.90393,72.9087,mixed_or_uncertain,cropland,0.998722860791826,0.0,0.00127713920817369,,not_eligible,No supported PHOENIX emissions classification.
6133594c-1d47-5cfd-9100-b5d49ac86b24,2024-01-16 08:12:00+00:00,22.00288,72.87871,mixed_or_uncertain,cropland,0.812579821200511,0.187420178799489,0.0,,not_eligible,No supported PHOENIX emissions classification.
6b5ad009-7eb1-5173-afb4-075a7b603b62,2024-01-16 08:12:00+00:00,21.8967485714286,72.9163071428571,mixed_or_uncertain,cropland,1.0,0.0,0.0,,not_eligible,No supported PHOENIX emissions classification.
7df1e07f-2ab8-5d00-b6a9-72e1c61e69d7,2024-01-16 08:12:00+00:00,21.87353,72.68113,mixed_or_uncertain,cropland,0.637292464878672,0.196360153256705,0.159003831417625,,not_eligible,No supported PHOENIX emissions classification.
9e9a3f52-5578-538c-97e1-d5f297065853,2024-01-16 08:12:00+00:00,21.72039,72.74612,mixed_or_uncertain,cropland,0.71264367816092,0.28639846743295,0.0,,not_eligible,No supported PHOENIX emissions classification.
c32c4e23-de72-5d3e-acf1-1b9651bbca34,2024-01-16 08:12:00+00:00,21.48123,72.73351,mixed_or_uncertain,grassland,0.14463601532567,0.326947637292465,0.0,,not_eligible,No supported PHOENIX emissions classification.
cce9be1d-1791-567b-8c9d-5fe7768ad1c9,2024-01-16 08:12:00+00:00,21.37555,72.934155,mixed_or_uncertain,cropland,0.507982120051086,0.492017879948914,0.0,,not_eligible,No supported PHOENIX emissions classification.
25c41efc-053f-5d65-bd99-92b220559e05,2024-01-16 08:12:00+00:00,21.858275,72.88107,mixed_or_uncertain,cropland,0.973180076628352,0.0268199233716475,0.0,,not_eligible,No supported PHOENIX emissions classification.
30efe7fe-c0e8-54c4-a4f1-c05c4ee26c20,2024-01-16 08:12:00+00:00,22.0031,72.89065,mixed_or_uncertain,cropland,0.854725415070243,0.145274584929757,0.0,,not_eligible,No supported PHOENIX emissions classification.
47e33927-de67-562c-a233-59d935035cd5,2024-01-16 08:12:00+00:00,21.89866,72.8977,mixed_or_uncertain,cropland,0.756385696040868,0.0673690932311622,0.176245210727969,,not_eligible,No supported PHOENIX emissions classification.
dbfbabda-742d-5446-a866-7c2f4ba16e89,2024-01-16 08:12:00+00:00,21.8360966666667,72.8478366666667,mixed_or_uncertain,cropland,0.768199233716475,0.143358876117497,0.076309067688378,,not_eligible,No supported PHOENIX emissions classification.
e7c31c3e-950b-5fa6-8361-c6ef3dc26088,2024-01-16 08:12:00+00:00,21.9882733333333,72.88792,mixed_or_uncertain,cropland,0.829182630906769,0.170817369093231,0.0,,not_eligible,No supported PHOENIX emissions classification.
2285c424-c433-5a60-8039-2806aa1ed121,2024-01-16 09:03:00+00:00,21.99109,72.52489,mixed_or_uncertain,bare_sparse_vegetation,0.0801404853128991,0.40581098339719,0.0,,not_eligible,No supported PHOENIX emissions classification.
6d31234a-2cb8-570d-a79e-1bf42da284cf,2024-01-16 09:03:00+00:00,21.55683,72.97909,mixed_or_uncertain,cropland,0.810983397190294,0.174968071519796,0.0,,not_eligible,No supported PHOENIX emissions classification.
8cc42c58-800b-52d1-a63e-4b6575f0b6f0,2024-01-16 09:03:00+00:00,21.39331,72.84312,mixed_or_uncertain,cropland,0.490102171136654,0.509897828863346,0.0,,not_eligible,No supported PHOENIX emissions classification.
2b11839c-2e0a-5a1c-960b-2112f95b4ba9,2024-01-17 07:53:00+00:00,22.0792083333333,72.56371,industrial,cropland,0.808429118773946,0.19029374201788,0.0,,not_eligible,No supported PHOENIX emissions classification.
4ecb7975-06ae-5006-98d6-5c3e9972130c,2024-01-17 07:53:00+00:00,22.0807775,72.5570475,mixed_or_uncertain,cropland,0.91507024265645,0.0849297573435504,0.0,,not_eligible,No supported PHOENIX emissions classification.
a370c6a5-954e-5f28-97e3-34fece95d6f6,2024-01-17 08:44:00+00:00,21.957355,72.78007,mixed_or_uncertain,cropland,0.597381864623244,0.296296296296296,0.0,,not_eligible,No supported PHOENIX emissions classification.
326e37c2-6160-5112-a92d-5798920e640b,2024-01-17 20:22:00+00:00,21.36456,72.88257,mixed_or_uncertain,cropland,0.530012771392082,0.469987228607918,0.0,,not_eligible,No supported PHOENIX emissions classification.
1b9e4a51-0eea-54ad-9426-b1ff9f9a2e7e,2024-01-18 07:35:00+00:00,21.83424,72.6610966666667,mixed_or_uncertain,cropland,0.568646232439336,0.422733077905492,0.00127713920817369,,not_eligible,No supported PHOENIX emissions classification.
9ed563ff-5137-5df7-b71b-ba171050ccb2,2024-01-18 08:25:00+00:00,21.52796,72.92593,mixed_or_uncertain,cropland,0.842592592592593,0.0756704980842912,0.0,,not_eligible,No supported PHOENIX emissions classification.
90674ca5-5552-5cb1-a32b-0a1b31a02d0b,2024-01-18 08:25:00+00:00,21.586,72.8497,mixed_or_uncertain,cropland,0.920817369093231,0.0791826309067688,0.0,,not_eligible,No supported PHOENIX emissions classification.
feba4939-a8c3-5edb-8a5d-996f79542830,2024-01-18 08:25:00+00:00,21.76845,72.83147,mixed_or_uncertain,cropland,0.84418901660281,0.0584291187739464,0.0172413793103448,,not_eligible,No supported PHOENIX emissions classification.
a470f54c-c0e5-5c63-a277-c313437ac44e,2024-01-18 09:15:00+00:00,21.499905,72.862285,mixed_or_uncertain,cropland,0.759897828863346,0.240102171136654,0.0,,not_eligible,No supported PHOENIX emissions classification.
69d8ba50-9727-53ea-9588-a51640940c46,2024-01-18 20:03:00+00:00,21.57059,72.8031,mixed_or_uncertain,cropland,0.831736909323116,0.168263090676884,0.0,,not_eligible,No supported PHOENIX emissions classification.
44b2d618-5eac-5939-893e-cc9dfbda9693,2024-01-18 20:54:00+00:00,21.36007,72.97678,mixed_or_uncertain,cropland,0.588122605363985,0.374201787994891,0.0178799489144317,,not_eligible,No supported PHOENIX emissions classification.
41f78eec-4ec7-5fb8-afd4-e121e5c9e3c0,2024-01-19 08:06:00+00:00,21.613845,72.858365,mixed_or_uncertain,cropland,0.876117496807152,0.123882503192848,0.0,,not_eligible,No supported PHOENIX emissions classification.
a7f69458-52ef-54e1-b322-7a390c53fac7,2024-01-20 07:48:00+00:00,21.56121,72.88452,mixed_or_uncertain,cropland,0.984035759897829,0.0159642401021711,0.0,,not_eligible,No supported PHOENIX emissions classification.
c3c467f4-9e64-591e-94e8-e469f3f2082f,2024-01-20 07:48:00+00:00,21.5418,72.88467,mixed_or_uncertain,cropland,0.361430395913155,0.638569604086845,0.0,,not_eligible,No supported PHOENIX emissions classification.
e7e0ea2b-2036-5eb9-8bd2-d9107e3e8ebe,2024-01-20 07:48:00+00:00,21.75376,72.66688,mixed_or_uncertain,cropland,0.760536398467433,0.178480204342273,0.0568326947637292,,not_eligible,No supported PHOENIX emissions classification.
c9d3736b-d0ae-5aeb-aa5b-3a75b8a39e6a,2024-01-20 20:16:00+00:00,21.62428,72.974655,industrial,cropland,0.567369093231162,0.28544061302682,0.0973818646232439,,not_eligible,No supported PHOENIX emissions classification.
0ab0373d-eb11-50ee-ac25-f6cd54e935c5,2024-01-21 08:18:00+00:00,21.54749,72.97079,mixed_or_uncertain,cropland,0.746168582375479,0.253831417624521,0.0,,not_eligible,No supported PHOENIX emissions classification.
4c275ce5-bbd0-56bd-bcdc-c7948e742965,2024-01-21 08:18:00+00:00,21.40588,72.9542,mixed_or_uncertain,cropland,0.539910600255428,0.450191570881226,0.0,,not_eligible,No supported PHOENIX emissions classification.
5bc3a6cf-2967-5ef1-8d2c-1b90c8167d93,2024-01-21 08:18:00+00:00,21.510805,72.937555,mixed_or_uncertain,cropland,0.805236270753512,0.194763729246488,0.0,,not_eligible,No supported PHOENIX emissions classification.
edaeac9a-f09d-582e-a5cc-9b393351d5a2,2024-01-21 08:18:00+00:00,21.38654,72.91978,mixed_or_uncertain,cropland,0.591954022988506,0.361111111111111,0.0242656449553001,,not_eligible,No supported PHOENIX emissions classification.
0b61a912-008c-5b36-bf66-a15cea9f73cd,2024-01-21 08:19:00+00:00,21.72563,72.69254,mixed_or_uncertain,cropland,0.954022988505747,0.0459770114942529,0.0,,not_eligible,No supported PHOENIX emissions classification.
3f27abc0-c97f-5565-a81b-a6aa70ec9020,2024-01-21 08:19:00+00:00,21.91937,72.69223,mixed_or_uncertain,cropland,0.758301404853129,0.230204342273308,0.0,,not_eligible,No supported PHOENIX emissions classification.
5480d6ce-9872-5dd3-b3c6-0621bffb3d83,2024-01-21 08:19:00+00:00,21.73132,72.7294666666667,mixed_or_uncertain,cropland,0.545019157088123,0.454661558109834,0.0,,not_eligible,No supported PHOENIX emissions classification.
900c1ce6-8f7f-5b4d-be00-7f12736f19c4,2024-01-21 08:19:00+00:00,21.91404,72.72354,mixed_or_uncertain,cropland,0.588122605363985,0.390804597701149,0.0,,not_eligible,No supported PHOENIX emissions classification.
132e2d91-b9d2-576e-9bac-34b3132d29be,2024-01-21 09:09:00+00:00,22.0749,72.84606,mixed_or_uncertain,cropland,0.409642401021711,0.351532567049808,0.237547892720307,,not_eligible,No supported PHOENIX emissions classification.
e104a6bd-9153-5b76-87d3-ee0fa427ff5b,2024-01-21 09:09:00+00:00,21.40254,72.84692,mixed_or_uncertain,cropland,0.716155810983397,0.283524904214559,0.0,,not_eligible,No supported PHOENIX emissions classification.
7f5fc781-613b-5797-89fc-00a6f92cb5d4,2024-01-21 19:58:00+00:00,21.4333216666667,72.9761983333333,industrial,cropland,0.512452107279693,0.47477650063857,0.0,,not_eligible,No supported PHOENIX emissions classification.
fcb50881-e430-51b3-af97-76dfcbe75262,2024-01-21 21:38:00+00:00,21.38317,72.96261,mixed_or_uncertain,built_up,0.294699872286079,0.257662835249042,0.415389527458493,,not_eligible,No supported PHOENIX emissions classification.
411e4c47-bfce-57c6-963b-6549eec1d07b,2024-01-22 08:00:00+00:00,22.01656,72.72473,mixed_or_uncertain,cropland,0.764367816091954,0.235632183908046,0.0,,not_eligible,No supported PHOENIX emissions classification.
bdca5aee-9f78-5d65-a1d6-d05b1ee95125,2024-01-22 08:00:00+00:00,21.50405,72.951795,mixed_or_uncertain,cropland,0.73978288633461,0.232758620689655,0.0,,not_eligible,No supported PHOENIX emissions classification.
c88ca87a-b1f0-5177-a7ff-a823ec7bbc03,2024-01-22 08:00:00+00:00,21.55794,72.82626,mixed_or_uncertain,cropland,0.960089399744572,0.0399106002554278,0.0,,not_eligible,No supported PHOENIX emissions classification.
c6b5d5d9-2243-55c5-a8d6-5f5bec8518e1,2024-01-22 20:28:00+00:00,21.6258,72.97581,mixed_or_uncertain,cropland,0.601532567049808,0.212324393358876,0.180395913154534,,not_eligible,No supported PHOENIX emissions classification.
1413abfa-96a0-52ef-856f-c98b2b408e90,2024-01-22 20:29:00+00:00,21.37349,72.94034,mixed_or_uncertain,cropland,0.678799489144317,0.321200510855683,0.0,,not_eligible,No supported PHOENIX emissions classification.
a5f95628-a66a-5017-883a-99d068097328,2024-01-23 07:41:00+00:00,21.84772,72.61186,mixed_or_uncertain,bare_sparse_vegetation,0.0028735632183908,0.256066411238825,0.0,,not_eligible,No supported PHOENIX emissions classification.
fe174f17-d863-59a3-b9e4-458d97921f28,2024-01-23 08:31:00+00:00,21.5186,72.85456,mixed_or_uncertain,tree_cover,0.414750957854406,0.585249042145594,0.0,,not_eligible,No supported PHOENIX emissions classification.
578782af-61f1-5ab5-a359-c93970f49df8,2024-01-23 08:31:00+00:00,21.46144,72.78026,mixed_or_uncertain,cropland,0.559386973180077,0.420178799489144,0.0,,not_eligible,No supported PHOENIX emissions classification.
f62a4fc9-0e68-50ca-94c7-4e5408df12ca,2024-01-23 08:31:00+00:00,21.52611,72.96368,mixed_or_uncertain,cropland,0.965197956577267,0.0348020434227331,0.0,,not_eligible,No supported PHOENIX emissions classification.
39cc8859-2b1e-52d3-8440-f529ab565ce5,2024-01-23 08:32:00+00:00,21.5916,72.78716,mixed_or_uncertain,cropland,0.549808429118774,0.14367816091954,0.0,,not_eligible,No supported PHOENIX emissions classification.
ce31cf8e-9bee-5dde-9ea6-1d9051b4e73f,2024-01-23 08:32:00+00:00,21.7361133333333,72.6445033333333,industrial,cropland,0.311621966794381,0.38154533844189,0.15485312899106,,not_eligible,No supported PHOENIX emissions classification.
ee91eeb5-7dbc-5286-a58c-4f49b8e2923d,2024-01-23 21:00:00+00:00,21.62501,72.97326,mixed_or_uncertain,cropland,0.516283524904215,0.318326947637292,0.0478927203065134,,not_eligible,No supported PHOENIX emissions classification.
5de43afc-e44a-523f-8c52-164df3243b5b,2024-01-24 07:22:00+00:00,21.3901116666667,72.9146566666667,industrial,tree_cover,0.283524904214559,0.716475095785441,0.0,,not_eligible,No supported PHOENIX emissions classification.
1ed253c2-f1e5-52af-9849-49d2bac1e6cc,2024-01-24 08:13:00+00:00,21.51085,72.89134,mixed_or_uncertain,cropland,0.750319284802043,0.243614303959132,0.0,,not_eligible,No supported PHOENIX emissions classification.
5e612c8c-37ab-59d9-9ae6-d8aa26987490,2024-01-24 08:13:00+00:00,21.59061,72.84444,mixed_or_uncertain,cropland,0.781609195402299,0.218390804597701,0.0,,not_eligible,No supported PHOENIX emissions classification.
67b68069-8621-5e56-90e6-47918bf27485,2024-01-24 08:13:00+00:00,21.89603,72.9191766666667,mixed_or_uncertain,cropland,0.810025542784163,0.187100893997446,0.0,,not_eligible,No supported PHOENIX emissions classification.
924da89a-1213-591b-a3fb-9b72053f7513,2024-01-24 08:13:00+00:00,22.00536,72.93995,mixed_or_uncertain,cropland,0.998403575989783,0.00159642401021711,0.0,,not_eligible,No supported PHOENIX emissions classification.
2570e54d-7593-50fc-990f-fd15c08a3d2d,2024-01-24 08:13:00+00:00,21.7722133333333,72.8408433333333,mixed_or_uncertain,cropland,0.997765006385696,0.00223499361430396,0.0,,not_eligible,No supported PHOENIX emissions classification.
2df43400-fb17-5e88-bf24-31abec928fe5,2024-01-24 08:13:00+00:00,21.52388,72.92893,mixed_or_uncertain,cropland,0.916347381864623,0.0836526181353767,0.0,,not_eligible,No supported PHOENIX emissions classification.
cd08df84-956f-57bf-b9f1-c0e0fb4a22ff,2024-01-24 08:13:00+00:00,21.48444,72.83607,mixed_or_uncertain,cropland,0.752554278416347,0.239463601532567,0.0,,not_eligible,No supported PHOENIX emissions classification.
473636db-99ae-560b-8cab-70e8171cae0d,2024-01-24 08:13:00+00:00,21.50904,72.81541,mixed_or_uncertain,cropland,0.759578544061303,0.240421455938697,0.0,,not_eligible,No supported PHOENIX emissions classification.
78ada79f-90c9-54da-a6ab-469f0cd2dc82,2024-01-24 08:13:00+00:00,21.72208,72.74766,mixed_or_uncertain,cropland,0.749680715197957,0.228607918263091,0.0210727969348659,,not_eligible,No supported PHOENIX emissions classification.
a05b9ec3-f2f7-55ff-9f25-807560e70f38,2024-01-24 08:13:00+00:00,21.401115,72.733705,mixed_or_uncertain,cropland,0.624521072796935,0.373563218390805,0.0,,not_eligible,No supported PHOENIX emissions classification.
af37b52d-1af8-50fb-b6f5-69b9a8c95103,2024-01-24 08:13:00+00:00,21.989495,72.88513,mixed_or_uncertain,cropland,0.663154533844189,0.334610472541507,0.0,,not_eligible,No supported PHOENIX emissions classification.
bed31c1b-fe69-5794-a7a0-ad0bf113a47d,2024-01-24 08:13:00+00:00,21.54681,72.96055,mixed_or_uncertain,cropland,0.864942528735632,0.135057471264368,0.0,,not_eligible,No supported PHOENIX emissions classification.
dfb25b8c-b1a0-5ff9-b708-e193c17e24a3,2024-01-24 08:13:00+00:00,21.837405,72.845385,mixed_or_uncertain,cropland,0.680715197956577,0.17911877394636,0.0996168582375479,,not_eligible,No supported PHOENIX emissions classification.
f8f35f31-d818-53a0-bb89-69bbd6a498fe,2024-01-24 08:13:00+00:00,22.00456,72.8923,mixed_or_uncertain,cropland,0.889846743295019,0.110153256704981,0.0,,not_eligible,No supported PHOENIX emissions classification.
fc8c42c0-842e-5c3d-8592-869f2f4c25b4,2024-01-24 08:13:00+00:00,21.59583,72.91954,mixed_or_uncertain,cropland,0.954022988505747,0.0459770114942529,0.0,,not_eligible,No supported PHOENIX emissions classification.
fdf0ac56-68db-515f-b7a1-53c11ed79674,2024-01-24 08:13:00+00:00,21.7448,72.63083,mixed_or_uncertain,grassland,0.351851851851852,0.605683269476373,0.0223499361430396,,not_eligible,No supported PHOENIX emissions classification.
0a23dc0a-dfd1-56b5-8694-37f9443a41d1,2024-01-24 09:03:00+00:00,21.72863,72.64423,mixed_or_uncertain,cropland,0.507343550446999,0.397190293742018,0.0108556832694764,,not_eligible,No supported PHOENIX emissions classification.
46d9b026-fc67-5ee6-9df7-b902f1bef051,2024-01-24 09:03:00+00:00,21.88794,72.78264,mixed_or_uncertain,tree_cover,0.125159642401022,0.817049808429119,0.0577905491698595,,not_eligible,No supported PHOENIX emissions classification.
f9c42c5a-8339-56e5-a85f-23f493e4cae2,2024-01-24 09:03:00+00:00,21.98535,72.76126,mixed_or_uncertain,grassland,0.251915708812261,0.714240102171137,0.0,,not_eligible,No supported PHOENIX emissions classification.
c62a0eb4-93c3-5aec-88e5-1303bf441c46,2024-01-24 19:51:00+00:00,21.71421,72.6819266666667,industrial,cropland,0.668582375478927,0.242975734355045,0.0858876117496807,,not_eligible,No supported PHOENIX emissions classification.
e66f7f75-58d5-5f12-8291-d5196aaabbf7,2024-01-24 20:42:00+00:00,21.43618,72.96307,mixed_or_uncertain,cropland,0.545338441890166,0.454661558109834,0.0,,not_eligible,No supported PHOENIX emissions classification.
697520f5-b194-51d2-bb7f-23cfca205315,2024-01-25 07:54:00+00:00,21.801365,72.692495,mixed_or_uncertain,cropland,0.686781609195402,0.303639846743295,0.0,,not_eligible,No supported PHOENIX emissions classification.
42a84aa3-5b0e-5d1b-b118-af0168517753,2024-01-25 07:54:00+00:00,21.62587,72.81588,mixed_or_uncertain,tree_cover,0.412196679438059,0.587803320561941,0.0,,not_eligible,No supported PHOENIX emissions classification.
7e89ee61-a275-55e9-9136-0eb3aa0640ee,2024-01-25 07:54:00+00:00,21.48772,72.8577666666667,mixed_or_uncertain,cropland,0.845466155810983,0.154533844189017,0.0,,not_eligible,No supported PHOENIX emissions classification.
39ad8a65-30a6-5afe-8a88-0eb451b6ee44,2024-01-25 08:44:00+00:00,21.51581,72.85929,mixed_or_uncertain,cropland,0.884099616858238,0.115900383141762,0.0,,not_eligible,No supported PHOENIX emissions classification.
85ac644d-03be-5bfa-9acd-a97da9c0e10f,2024-01-25 08:44:00+00:00,21.5059,72.84784,mixed_or_uncertain,cropland,0.799169859514687,0.200830140485313,0.0,,not_eligible,No supported PHOENIX emissions classification.
bd54ed62-3e5a-56ad-8031-f275b84fe44c,2024-01-25 08:44:00+00:00,22.02715,72.75275,mixed_or_uncertain,cropland,0.667624521072797,0.316730523627075,0.00319284802043423,,not_eligible,No supported PHOENIX emissions classification.
e81823b3-e950-59a7-aeb3-752d947c400e,2024-01-25 08:44:00+00:00,21.47573,72.77173,mixed_or_uncertain,grassland,0.202745849297573,0.754789272030651,0.0,,not_eligible,No supported PHOENIX emissions classification.
f0c5d22b-722c-5e1c-87c6-66066434e239,2024-01-25 08:44:00+00:00,21.40014,72.78902,mixed_or_uncertain,cropland,0.839399744572158,0.160600255427842,0.0,,not_eligible,No supported PHOENIX emissions classification.
fdcc5942-896a-52b2-bace-cfa5e448ce76,2024-01-25 08:44:00+00:00,21.69671,72.75257,mixed_or_uncertain,tree_cover,0.0446998722860792,0.645593869731801,0.0,,not_eligible,No supported PHOENIX emissions classification.
c3769061-cdf0-5e5c-844d-a5aef215ecf9,2024-01-25 20:23:00+00:00,21.37907,72.80692,mixed_or_uncertain,cropland,0.830140485312899,0.169859514687101,0.0,,not_eligible,No supported PHOENIX emissions classification.
ff77b5a8-576b-5dd4-923f-285ed2b792c9,2024-01-25 20:23:00+00:00,21.73191,72.692315,mixed_or_uncertain,cropland,0.574074074074074,0.119093231162197,0.119093231162197,,not_eligible,No supported PHOENIX emissions classification.
9e47bdba-3929-5841-afe6-62dec7416e7a,2024-01-25 21:12:00+00:00,21.796425,72.621235,mixed_or_uncertain,cropland,0.474137931034483,0.441890166028097,0.0,,not_eligible,No supported PHOENIX emissions classification.
cc9cde4b-b7d6-5a7a-bdfc-f5e4cdb02d5a,2024-01-25 21:13:00+00:00,21.36184,72.80671,mixed_or_uncertain,cropland,0.686462324393359,0.313537675606641,0.0,,not_eligible,No supported PHOENIX emissions classification.
0b3763b5-848a-5dcb-8635-c414e44886e3,2024-01-26 07:35:00+00:00,21.8088166666667,72.7067666666667,mixed_or_uncertain,cropland,0.613026819923372,0.386653895274585,0.0,,not_eligible,No supported PHOENIX emissions classification.
9bac0fa6-ca54-517a-8390-3727f9150227,2024-01-26 07:35:00+00:00,21.78463,72.73172,mixed_or_uncertain,cropland,0.998722860791826,0.00127713920817369,0.0,,not_eligible,No supported PHOENIX emissions classification.
39a590e8-483d-5ead-9fd2-c2d313d39e69,2024-01-26 08:25:00+00:00,21.71281,72.6722075,industrial,cropland,0.862068965517241,0.0964240102171137,0.033205619412516,,not_eligible,No supported PHOENIX emissions classification.
76657d91-edf5-5ef8-b1ce-f76c29a0866d,2024-01-26 08:25:00+00:00,21.99374,72.53866,mixed_or_uncertain,permanent_water,0.102490421455939,0.0865261813537676,0.0,,not_eligible,No supported PHOENIX emissions classification.
3bca04ed-3e80-551a-956f-39738abe494a,2024-01-26 09:16:00+00:00,21.47571,72.77327,mixed_or_uncertain,grassland,0.237228607918263,0.730523627075351,0.0,,not_eligible,No supported PHOENIX emissions classification.
cb84595f-3701-54bd-a3c3-8b89919a047b,2024-01-26 09:16:00+00:00,21.5015633333333,72.84454,mixed_or_uncertain,cropland,0.706577266922095,0.293422733077906,0.0,,not_eligible,No supported PHOENIX emissions classification.
0159e625-6c7c-5fcb-a534-4c395ac3c05b,2024-01-26 20:54:00+00:00,21.68529,72.62308,industrial,cropland,0.623882503192848,0.365581098339719,0.010536398467433,,not_eligible,No supported PHOENIX emissions classification.
cd69eadd-e8f7-5ce7-b2a7-ae575c57be64,2024-01-26 20:54:00+00:00,21.43237,72.97579,mixed_or_uncertain,cropland,0.484674329501916,0.515006385696041,0.0,,not_eligible,No supported PHOENIX emissions classification.
2544937f-58fa-5062-92cf-ff3265c548ee,2024-01-27 08:06:00+00:00,21.7401133333333,72.67387,mixed_or_uncertain,cropland,0.726053639846743,0.13250319284802,0.121647509578544,,not_eligible,No supported PHOENIX emissions classification.
2dbad4cc-e57d-5bec-858e-391877e4bc51,2024-01-27 08:06:00+00:00,21.56932,72.89265,mixed_or_uncertain,cropland,0.892401021711367,0.107598978288633,0.0,,not_eligible,No supported PHOENIX emissions classification.
0c25d74c-4ef1-5be6-832d-4909a831b7a2,2024-01-27 08:57:00+00:00,21.59068,72.88918,mixed_or_uncertain,cropland,0.995849297573436,0.0041507024265645,0.0,,not_eligible,No supported PHOENIX emissions classification.
345ac54e-b329-55ab-853d-27af290c8775,2024-01-27 08:57:00+00:00,22.03814,72.59626,mixed_or_uncertain,grassland,0.461047254150702,0.538952745849298,0.0,,not_eligible,No supported PHOENIX emissions classification.
3a845285-4643-5d15-8bed-8ce91f3a76ad,2024-01-27 08:57:00+00:00,21.46382,72.88907,mixed_or_uncertain,cropland,0.721264367816092,0.278735632183908,0.0,,not_eligible,No supported PHOENIX emissions classification.
6544c6a3-38f0-5caf-93e8-7c68b1655086,2024-01-27 08:57:00+00:00,21.35619,72.65852,mixed_or_uncertain,bare_sparse_vegetation,0.0660919540229885,0.203703703703704,0.000957854406130268,,not_eligible,No supported PHOENIX emissions classification.
ba442468-cf50-5a2a-8323-d8ca03b2fa07,2024-01-27 08:57:00+00:00,21.46967,72.78584,mixed_or_uncertain,cropland,0.585249042145594,0.385057471264368,0.0,,not_eligible,No supported PHOENIX emissions classification.
f1ca944a-8317-55ab-b69e-a1bee2f707fd,2024-01-27 20:35:00+00:00,21.37613,72.76101,mixed_or_uncertain,cropland,0.857918263090677,0.142081736909323,0.0,,not_eligible,No supported PHOENIX emissions classification.
1bc40b53-adcd-5534-a259-7c171e291a97,2024-01-27 21:25:00+00:00,21.53713,72.765245,mixed_or_uncertain,cropland,0.951149425287356,0.04757343550447,0.000319284802043423,,not_eligible,No supported PHOENIX emissions classification.
380b0aef-cd70-5130-bb57-a968a15e6454,2024-01-28 07:47:00+00:00,21.968865,72.814085,mixed_or_uncertain,cropland,0.584610472541507,0.407088122605364,0.0,,not_eligible,No supported PHOENIX emissions classification.
88b98157-d10f-587d-8a3f-76c70f026c44,2024-01-28 07:47:00+00:00,21.5701,72.94836,mixed_or_uncertain,cropland,0.862068965517241,0.137931034482759,0.0,,not_eligible,No supported PHOENIX emissions classification.
9f25eb37-cfa0-59cf-962e-f54f7d7b60da,2024-01-28 08:38:00+00:00,21.75922,72.73632,mixed_or_uncertain,cropland,0.988505747126437,0.0114942528735632,0.0,,not_eligible,No supported PHOENIX emissions classification.
b06051f5-7b29-57a2-a85f-1eed2d83df1e,2024-01-28 08:38:00+00:00,21.70826,72.57908,mixed_or_uncertain,cropland,0.75,0.0485312899106003,0.0284163473818646,,not_eligible,No supported PHOENIX emissions classification.
d74185ed-3767-59f7-bf72-6af1c11713f1,2024-01-28 08:38:00+00:00,22.04921,72.85817,mixed_or_uncertain,tree_cover,0.456896551724138,0.543103448275862,0.0,,not_eligible,No supported PHOENIX emissions classification.
f9d3f293-473c-53cf-a90f-556cb63c46fa,2024-01-28 08:38:00+00:00,21.8377,72.644925,mixed_or_uncertain,grassland,0.359833971902937,0.637931034482759,0.0,,not_eligible,No supported PHOENIX emissions classification.
32e021dd-4d23-5f50-b82b-eb286330e778,2024-01-28 20:16:00+00:00,21.394595,72.756185,mixed_or_uncertain,cropland,0.929438058748404,0.0705619412515964,0.0,,not_eligible,No supported PHOENIX emissions classification.
4fbdffc5-ee3a-593b-a7e7-f7fbabd4fac4,2024-01-28 20:16:00+00:00,21.36052,72.84373,mixed_or_uncertain,cropland,0.725095785440613,0.257024265644955,0.0178799489144317,,not_eligible,No supported PHOENIX emissions classification.
ce91f0ed-1cf7-5219-a784-24b8aa23ff3d,2024-01-29 07:29:00+00:00,21.93445,72.72021,mixed_or_uncertain,cropland,0.666347381864623,0.332375478927203,0.0,,not_eligible,No supported PHOENIX emissions classification.
0ba7f9cb-34ca-557f-a9c0-7199bcf10024,2024-01-29 08:19:00+00:00,21.64881,72.93393,mixed_or_uncertain,cropland,0.748722860791826,0.231800766283525,0.0,,not_eligible,No supported PHOENIX emissions classification.
6e285895-4879-528a-b0ec-0f5e24783adb,2024-01-29 08:19:00+00:00,21.90974,72.536845,mixed_or_uncertain,permanent_water,0.128991060025543,0.220306513409962,0.0,,not_eligible,No supported PHOENIX emissions classification.
902df5ed-61a1-54ef-a262-f60e96548d91,2024-01-29 08:19:00+00:00,21.95946,72.51163,mixed_or_uncertain,shrubland,0.0424648786717752,0.636334610472541,0.0,,not_eligible,No supported PHOENIX emissions classification.
131171a8-1f09-5c8b-85a3-7f8be6593757,2024-01-29 09:09:00+00:00,21.56267,72.88549,mixed_or_uncertain,cropland,0.927841634738186,0.0721583652618135,0.0,,not_eligible,No supported PHOENIX emissions classification.
1373db8c-a55c-5cc8-9ce3-185d791dedca,2024-01-30 08:00:00+00:00,22.05763,72.54304,mixed_or_uncertain,cropland,0.705619412515964,0.280012771392082,0.0,,not_eligible,No supported PHOENIX emissions classification.
6bc4edc3-21cb-54a8-ae1d-9c740e1e2588,2024-01-30 08:00:00+00:00,21.545245,72.95786,mixed_or_uncertain,cropland,0.936143039591316,0.0638569604086845,0.0,,not_eligible,No supported PHOENIX emissions classification.
0db879cf-538c-5c3f-b686-90e0216b4443,2024-01-30 08:50:00+00:00,21.68241,72.64807,mixed_or_uncertain,cropland,0.514367816091954,0.202745849297573,0.0,,not_eligible,No supported PHOENIX emissions classification.
78f3baf8-11b9-584b-9067-6794060cbb78,2024-01-30 08:50:00+00:00,21.76193,72.60621,mixed_or_uncertain,cropland,0.69125159642401,0.119731800766284,0.0,,not_eligible,No supported PHOENIX emissions classification.
ba92ab16-2a98-5d5b-98ec-fd6420b47336,2024-01-30 08:50:00+00:00,21.68637,72.66326,mixed_or_uncertain,cropland,0.666666666666667,0.169540229885057,0.128352490421456,,not_eligible,No supported PHOENIX emissions classification.
ae5f3d1c-3c56-54fb-85f2-15ca970fe102,2024-01-31 08:31:00+00:00,21.54614,72.94127,mixed_or_uncertain,cropland,0.926245210727969,0.0737547892720306,0.0,,not_eligible,No supported PHOENIX emissions classification.
c6e09854-b337-586d-aca8-de89a95bbeef,2024-01-31 08:31:00+00:00,21.37311,72.887,mixed_or_uncertain,cropland,0.785121328224777,0.198275862068966,0.016602809706258,,not_eligible,No supported PHOENIX emissions classification.
31110339-d143-5917-ac09-b378690ddac8,2024-02-01 08:12:00+00:00,21.72589,72.99039,mixed_or_uncertain,cropland,0.718710089399745,0.140485312899106,0.133141762452107,,not_eligible,No supported PHOENIX emissions classification.
6dd0dc2b-7c38-5178-a2fa-6541d82ee7e5,2024-02-01 08:12:00+00:00,21.89939,72.89781,mixed_or_uncertain,cropland,0.76117496807152,0.0833333333333333,0.155491698595147,,not_eligible,No supported PHOENIX emissions classification.
7bfda2cc-81ff-5d50-834f-7f3b9bea5432,2024-02-01 08:12:00+00:00,21.772835,72.841935,mixed_or_uncertain,cropland,0.996168582375479,0.00383141762452107,0.0,,not_eligible,No supported PHOENIX emissions classification.
cf6136b4-7a76-58e0-80f1-27a3cc8c89bb,2024-02-01 08:12:00+00:00,21.64374,72.98531,mixed_or_uncertain,cropland,0.564495530012771,0.149744572158365,0.276819923371648,,not_eligible,No supported PHOENIX emissions classification.
db2a831a-e27f-5fc7-8b03-e1a9b1c72728,2024-02-01 08:12:00+00:00,21.51508,72.73641,mixed_or_uncertain,cropland,0.830459770114943,0.163154533844189,0.00638569604086846,,not_eligible,No supported PHOENIX emissions classification.
a42ef150-fd1f-5d7f-a601-7db8d97d2bce,2024-02-01 09:03:00+00:00,21.352425,72.832025,mixed_or_uncertain,cropland,0.754789272030651,0.245210727969349,0.0,,not_eligible,No supported PHOENIX emissions classification.
626a1476-345a-58d2-a11b-c7cebc655281,2024-02-01 20:41:00+00:00,21.433,72.97549,mixed_or_uncertain,cropland,0.496487867177522,0.502234993614304,0.0,,not_eligible,No supported PHOENIX emissions classification.
46937836-6c8a-56ed-ab99-eb0d61f00fd3,2024-02-02 07:53:00+00:00,21.48457,72.85773,mixed_or_uncertain,cropland,0.822158365261814,0.177841634738186,0.0,,not_eligible,No supported PHOENIX emissions classification.
85062f9f-4e9e-5fec-b133-58d0fa1fe50f,2024-02-02 08:44:00+00:00,21.5002,72.78603,mixed_or_uncertain,cropland,0.811302681992337,0.177522349936143,0.0111749680715198,,not_eligible,No supported PHOENIX emissions classification.
be11a4db-266f-56ca-bf1e-f29c85c53d70,2024-02-02 20:22:00+00:00,21.59227,72.9999,mixed_or_uncertain,cropland,0.375478927203065,0.17816091954023,0.339399744572158,,not_eligible,No supported PHOENIX emissions classification.
4b7721eb-f55c-58e9-b105-fc5ce6f8da88,2024-02-03 08:25:00+00:00,21.46954,72.87617,mixed_or_uncertain,cropland,0.901340996168582,0.0986590038314176,0.0,,not_eligible,No supported PHOENIX emissions classification.
8a45aee4-c49c-57db-8395-29da7f022b97,2024-02-03 08:25:00+00:00,21.40934,72.85075,mixed_or_uncertain,cropland,0.801404853128991,0.198595146871009,0.0,,not_eligible,No supported PHOENIX emissions classification.
96444646-1005-58ba-838e-f5b5f4909b6b,2024-02-03 08:25:00+00:00,21.51058,72.84987,mixed_or_uncertain,cropland,0.937100893997446,0.0628991060025543,0.0,,not_eligible,No supported PHOENIX emissions classification.
c2816581-46c7-5d82-9dc9-66c8a6cb66f2,2024-02-03 08:25:00+00:00,21.43184,72.8158,mixed_or_uncertain,cropland,0.44125159642401,0.53639846743295,0.0,,not_eligible,No supported PHOENIX emissions classification.
e24d13d2-6f8e-5380-8c68-64bbc9b773c8,2024-02-03 08:25:00+00:00,21.72479,72.88544,mixed_or_uncertain,cropland,0.997126436781609,0.0028735632183908,0.0,,not_eligible,No supported PHOENIX emissions classification.
39e35cb4-fc1f-5074-851d-7ede19e5acd2,2024-02-03 20:54:00+00:00,21.38257,72.7417,mixed_or_uncertain,cropland,0.953065134099617,0.0431034482758621,0.00383141762452107,,not_eligible,No supported PHOENIX emissions classification.
4538675c-8548-5c18-814a-ae9ecd5668ec,2024-02-03 20:54:00+00:00,21.37736,72.96018,mixed_or_uncertain,cropland,0.462962962962963,0.157726692209451,0.33492975734355,,not_eligible,No supported PHOENIX emissions classification.
d8039784-7689-5375-9c94-0bd253406649,2024-02-03 20:54:00+00:00,21.37773,72.81268,mixed_or_uncertain,cropland,0.910600255427842,0.0893997445721584,0.0,,not_eligible,No supported PHOENIX emissions classification.
1d79a570-0b6a-5094-9e5b-7da70e16dfc7,2024-02-04 08:06:00+00:00,21.711675,72.669775,mixed_or_uncertain,cropland,0.932311621966794,0.0571519795657727,0.0102171136653895,,not_eligible,No supported PHOENIX emissions classification.
7c91567e-bad9-5a6d-8154-cb322a341e12,2024-02-04 08:06:00+00:00,21.71774,72.68309,mixed_or_uncertain,cropland,0.426883780332056,0.484035759897829,0.0884418901660281,,not_eligible,No supported PHOENIX emissions classification.
7b97781a-3c7b-59dd-b939-842315207f6c,2024-02-04 08:06:00+00:00,21.46874,72.80275,mixed_or_uncertain,cropland,0.923052362707535,0.0769476372924649,0.0,,not_eligible,No supported PHOENIX emissions classification.
a2e9bca8-9c96-5618-a392-58ce939f6d37,2024-02-04 20:35:00+00:00,21.43395,72.97461,mixed_or_uncertain,cropland,0.626436781609195,0.337803320561941,0.0,,not_eligible,No supported PHOENIX emissions classification.
78e2151d-9097-56e8-9a3f-58598ed383d2,2024-02-05 07:48:00+00:00,21.54479,72.849,mixed_or_uncertain,cropland,0.884099616858238,0.115900383141762,0.0,,not_eligible,No supported PHOENIX emissions classification.
e81b2947-b30a-5537-8eb6-08217ae3afbb,2024-02-05 07:48:00+00:00,21.92979,72.5556033333333,mixed_or_uncertain,cropland,0.731800766283525,0.22669220945083,0.0,,not_eligible,No supported PHOENIX emissions classification.
f9ef8b5e-a49e-5dec-a185-d05b83e84a01,2024-02-05 20:16:00+00:00,21.35991,72.76382,mixed_or_uncertain,cropland,0.759259259259259,0.240740740740741,0.0,,not_eligible,No supported PHOENIX emissions classification.
7e0b66d9-b2ad-5d0b-bc41-4db4a5f17445,2024-02-05 21:06:00+00:00,21.40487,72.73686,mixed_or_uncertain,cropland,0.782886334610473,0.217113665389527,0.0,,not_eligible,No supported PHOENIX emissions classification.
00e9ab57-de64-53fe-93bc-9c38420cd2d5,2024-02-06 08:19:00+00:00,21.574665,72.827045,mixed_or_uncertain,cropland,0.683588761174968,0.118135376756066,0.198275862068966,,not_eligible,No supported PHOENIX emissions classification.
63b384b5-96ad-59a1-9390-6b81a02bf821,2024-02-06 08:19:00+00:00,21.62228,72.81289,mixed_or_uncertain,cropland,0.369731800766284,0.52330779054917,0.0,,not_eligible,No supported PHOENIX emissions classification.
84f8b6aa-fd35-5cbd-a012-8009d74188c8,2024-02-06 20:48:00+00:00,21.47861,72.80557,mixed_or_uncertain,cropland,0.77330779054917,0.22669220945083,0.0,,not_eligible,No supported PHOENIX emissions classification.
a5435afd-e37c-57b1-8466-0c9da147c30b,2024-02-06 20:48:00+00:00,21.36549,72.7891,mixed_or_uncertain,cropland,0.770114942528736,0.229885057471264,0.0,,not_eligible,No supported PHOENIX emissions classification.
8e7b820f-7549-51f1-bbef-0dfbd6f380d8,2024-02-07 08:00:00+00:00,21.42903,72.8133066666667,mixed_or_uncertain,tree_cover,0.304278416347382,0.683908045977011,0.0,,not_eligible,No supported PHOENIX emissions classification.
1220e7fa-004c-52bd-baac-480ece727d53,2024-02-07 08:50:00+00:00,21.513265,72.80861,mixed_or_uncertain,cropland,0.736590038314176,0.263409961685824,0.0,,not_eligible,No supported PHOENIX emissions classification.
2494bfd2-9cb2-5f87-b809-4bc0e05141fa,2024-02-07 20:29:00+00:00,21.69572,72.60204,mixed_or_uncertain,cropland,0.910280970625798,0.0357598978288633,0.0539591315453384,,not_eligible,No supported PHOENIX emissions classification.
228d281e-4cc1-5726-a573-1945f58e0f37,2024-02-07 20:29:00+00:00,21.57821,72.86234,mixed_or_uncertain,cropland,0.813537675606641,0.186462324393359,0.0,,not_eligible,No supported PHOENIX emissions classification.
12316bf4-9db9-5ce6-b8cd-432ed8a140a7,2024-02-08 07:41:00+00:00,21.56773,72.87884,mixed_or_uncertain,cropland,0.985951468710089,0.0140485312899106,0.0,,not_eligible,No supported PHOENIX emissions classification.
150b1ee9-a20f-52ec-a3ac-f319f268bb1b,2024-02-08 07:41:00+00:00,21.71926,72.6985033333333,industrial,cropland,0.732758620689655,0.182630906768838,0.0651340996168582,,not_eligible,No supported PHOENIX emissions classification.
7a93826a-470d-5d57-876a-7884e0ef0303,2024-02-08 07:41:00+00:00,21.49277,72.80923,mixed_or_uncertain,cropland,0.689974457215837,0.310025542784163,0.0,,not_eligible,No supported PHOENIX emissions classification.
846c1bfc-f76d-512e-bbce-fa024b2fac42,2024-02-08 20:10:00+00:00,21.40745,72.97169,mixed_or_uncertain,grassland,0.165389527458493,0.698275862068966,0.0,,not_eligible,No supported PHOENIX emissions classification.
51436093-9110-5173-aacf-72c438246720,2024-02-08 20:10:00+00:00,21.783555,72.608675,mixed_or_uncertain,cropland,0.702745849297573,0.257024265644955,0.0,,not_eligible,No supported PHOENIX emissions classification.
f54fd463-efda-513a-b95b-690b921376a3,2024-02-09 07:22:00+00:00,21.7662266666667,72.61327,mixed_or_uncertain,cropland,0.853767560664112,0.146232439335888,0.0,,not_eligible,No supported PHOENIX emissions classification.
5a8f4c22-44ec-5b19-aa9c-57a32c3fec23,2024-02-09 08:13:00+00:00,21.751245,72.62111,mixed_or_uncertain,cropland,0.751596424010217,0.215197956577267,0.0322477650063857,,not_eligible,No supported PHOENIX emissions classification.
b5355d98-086c-51e7-b54d-557711c05c24,2024-02-09 09:03:00+00:00,21.7912,72.6611,mixed_or_uncertain,cropland,0.620051085568327,0.379948914431673,0.0,,not_eligible,No supported PHOENIX emissions classification.
0c6a1e43-7417-5ee8-8aa8-e18cd557ae03,2024-02-09 20:42:00+00:00,21.43354,72.976045,mixed_or_uncertain,cropland,0.50095785440613,0.478607918263091,0.0,,not_eligible,No supported PHOENIX emissions classification.
3208236d-281f-5a6e-934b-a4ffcd586184,2024-02-09 20:42:00+00:00,21.6815533333333,72.5340033333333,industrial,built_up,0.0300127713920817,0.101851851851852,0.537994891443167,,not_eligible,No supported PHOENIX emissions classification.
a26435c1-f4c6-53f9-9536-14aedac3a03f,2024-02-09 20:42:00+00:00,21.74649,72.65653,mixed_or_uncertain,cropland,0.517560664112388,0.183269476372925,0.154533844189017,,not_eligible,No supported PHOENIX emissions classification.
a60a77eb-d64a-5ad5-8b4e-8f978f3629c4,2024-02-10 07:54:00+00:00,21.68569,72.56393,industrial,built_up,0.0606641123882503,0.388250319284802,0.54757343550447,,not_eligible,No supported PHOENIX emissions classification.
310cac38-bd7b-5dd4-bfef-771dff722787,2024-02-10 08:44:00+00:00,21.54473,72.92194,mixed_or_uncertain,cropland,0.890804597701149,0.0156449553001277,0.0,,not_eligible,No supported PHOENIX emissions classification.
58a47f5b-729e-51dc-9695-2269488d3a5e,2024-02-10 08:44:00+00:00,21.71659,72.63038,mixed_or_uncertain,built_up,0.28448275862069,0.340996168582375,0.348978288633461,,not_eligible,No supported PHOENIX emissions classification.
5b827614-fa5a-5ae3-bbb6-0fd950c70a2a,2024-02-10 08:44:00+00:00,21.44115,72.8277,mixed_or_uncertain,cropland,0.688378033205619,0.284163473818646,0.0,,not_eligible,No supported PHOENIX emissions classification.
d89d930c-9b29-5fc9-b8bc-7ef1b0e831c3,2024-02-10 08:44:00+00:00,21.62637,72.81351,mixed_or_uncertain,tree_cover,0.131226053639847,0.865900383141762,0.0,,not_eligible,No supported PHOENIX emissions classification.
8315c9fe-09c7-5e35-80bd-7b82dcc1857d,2024-02-10 20:23:00+00:00,21.35819,72.90959,mixed_or_uncertain,tree_cover,0.351532567049808,0.611111111111111,0.0373563218390805,,not_eligible,No supported PHOENIX emissions classification.
4e4d08af-f29f-5112-8603-9c3eaa2c9a33,2024-02-11 07:35:00+00:00,21.9563475,72.81447,mixed_or_uncertain,cropland,0.537994891443167,0.462005108556833,0.0,,not_eligible,No supported PHOENIX emissions classification.
06e6561a-669f-57a8-875c-1f753fc28ef1,2024-02-11 08:25:00+00:00,22.014045,72.742385,mixed_or_uncertain,cropland,0.677522349936143,0.304916985951469,0.0175606641123883,,not_eligible,No supported PHOENIX emissions classification.
0b039440-58bb-5c5c-9829-80a4d40bf8a3,2024-02-11 08:25:00+00:00,21.77556,72.9817,mixed_or_uncertain,cropland,0.992337164750958,0.00766283524904215,0.0,,not_eligible,No supported PHOENIX emissions classification.
5881a5a2-bb0f-5013-9130-db6ff24f852b,2024-02-11 08:25:00+00:00,21.89881,72.66434,mixed_or_uncertain,cropland,0.7014687100894,0.285759897828863,0.0,,not_eligible,No supported PHOENIX emissions classification.
6a06c945-ce45-5570-bd8b-56f98547af66,2024-02-11 08:25:00+00:00,21.509,72.73294,mixed_or_uncertain,cropland,0.944444444444444,0.0555555555555556,0.0,,not_eligible,No supported PHOENIX emissions classification.
9979f281-8ba2-5af9-b2ed-72a3f6a3e84c,2024-02-11 08:25:00+00:00,21.46448,72.89964,mixed_or_uncertain,cropland,0.792145593869732,0.207854406130268,0.0,,not_eligible,No supported PHOENIX emissions classification.
86d3a541-5ce4-5fe0-a56b-395dcc8c63bb,2024-02-11 20:04:00+00:00,21.43161,72.975155,mixed_or_uncertain,tree_cover,0.421455938697318,0.578224776500639,0.0,,not_eligible,No supported PHOENIX emissions classification.
4e1b9977-774a-517b-bfee-54089601c810,2024-02-11 20:54:00+00:00,21.68197,72.53529,mixed_or_uncertain,built_up,0.0411877394636015,0.145274584929757,0.504469987228608,,not_eligible,No supported PHOENIX emissions classification.
010562ed-a780-5967-95c2-e73a0300095c,2024-02-12 08:06:00+00:00,21.92457,72.72224,mixed_or_uncertain,cropland,0.579501915708812,0.41507024265645,0.00542784163473819,,not_eligible,No supported PHOENIX emissions classification.
09d774e0-9443-5c01-a4ff-0f5f591d6cc0,2024-02-12 08:06:00+00:00,21.56525,72.85818,mixed_or_uncertain,cropland,0.743614303959132,0.245530012771392,0.0108556832694764,,not_eligible,No supported PHOENIX emissions classification.
ccb7ddd1-f02a-520b-bcbc-db9a9ee0166e,2024-02-12 08:57:00+00:00,21.91574,72.85986,mixed_or_uncertain,cropland,0.990102171136654,0.00989782886334611,0.0,,not_eligible,No supported PHOENIX emissions classification.
3597927d-6cce-54af-81d9-fa3804dcd5e1,2024-02-14 07:29:00+00:00,21.887275,72.677225,mixed_or_uncertain,cropland,0.454022988505747,0.435823754789272,0.0,,not_eligible,No supported PHOENIX emissions classification.
0b0ac52c-a6ec-57e4-b2ec-38f6daacd8db,2024-02-14 08:19:00+00:00,21.51975,72.93362,mixed_or_uncertain,cropland,0.920498084291188,0.0795019157088123,0.0,,not_eligible,No supported PHOENIX emissions classification.
c5b0af9f-4ab8-54bd-b629-d2378cd6d0a5,2024-02-14 08:19:00+00:00,22.03645,72.64053,mixed_or_uncertain,cropland,0.924010217113665,0.0756704980842912,0.0,,not_eligible,No supported PHOENIX emissions classification.
840c951c-8041-5318-a5fe-eba2bb664ff3,2024-02-14 09:09:00+00:00,22.01711,72.57224,mixed_or_uncertain,grassland,0.223499361430396,0.747126436781609,0.0,,not_eligible,No supported PHOENIX emissions classification.
29f3c0b9-8f21-54fb-b3a6-a6bd22b7c540,2024-02-14 20:48:00+00:00,21.83904,72.98441,mixed_or_uncertain,cropland,1.0,0.0,0.0,,not_eligible,No supported PHOENIX emissions classification.
6802d359-b440-5320-aaca-58b4693d99a3,2024-02-15 08:00:00+00:00,21.685575,72.613145,mixed_or_uncertain,cropland,0.752234993614304,0.216794380587484,0.0223499361430396,,not_eligible,No supported PHOENIX emissions classification.
6f83cf0d-ceee-5cdf-9736-8ea8a6b4085a,2024-02-15 08:00:00+00:00,21.95225,72.59214,mixed_or_uncertain,cropland,0.472860791826309,0.35823754789272,0.138569604086845,,not_eligible,No supported PHOENIX emissions classification.
68622d75-1495-5722-bef0-e78814898593,2024-02-15 08:50:00+00:00,21.38851,72.84616,mixed_or_uncertain,cropland,0.708492975734355,0.291507024265645,0.0,,not_eligible,No supported PHOENIX emissions classification.
2e894061-126a-5573-ba7e-06ef6c68ca0d,2024-02-16 08:31:00+00:00,21.37047,72.79956,mixed_or_uncertain,cropland,0.826947637292465,0.173052362707535,0.0,,not_eligible,No supported PHOENIX emissions classification.
085d7ce0-da1e-54fe-844c-89a10cd37c95,2024-02-16 20:10:00+00:00,21.36516,72.95885,mixed_or_uncertain,built_up,0.160280970625798,0.226372924648787,0.551404853128991,,not_eligible,No supported PHOENIX emissions classification.
b70bf4c6-7096-56b4-a978-b3ef4896da39,2024-02-16 20:10:00+00:00,21.92562,72.70531,mixed_or_uncertain,cropland,0.577266922094508,0.220945083014049,0.0,,not_eligible,No supported PHOENIX emissions classification.
a939a475-703e-5a35-b3c0-ef170f883983,2024-02-17 08:12:00+00:00,21.77926,72.64123,mixed_or_uncertain,cropland,0.603128991060025,0.202745849297573,0.0443805874840358,,not_eligible,No supported PHOENIX emissions classification.
dbbd8bde-66b6-583a-9c70-a950e5879e27,2024-02-17 08:12:00+00:00,21.87903,72.71205,mixed_or_uncertain,grassland,0.437739463601533,0.532247765006386,0.0300127713920817,,not_eligible,No supported PHOENIX emissions classification.
7b73dfb3-d5d4-5a1a-b6a0-638b669aa806,2024-02-17 08:13:00+00:00,21.95013,72.58888,mixed_or_uncertain,cropland,0.514048531289911,0.437739463601533,0.0239463601532567,,not_eligible,No supported PHOENIX emissions classification.
81d5a958-684d-5a7e-9ede-fa0febc7a039,2024-02-17 08:13:00+00:00,22.03695,72.64951,mixed_or_uncertain,cropland,0.640804597701149,0.35823754789272,0.0,,not_eligible,No supported PHOENIX emissions classification.
a079a981-982c-516b-bc3d-4054d2861b0c,2024-02-17 09:03:00+00:00,21.75282,72.66512,mixed_or_uncertain,cropland,0.679438058748404,0.22477650063857,0.0788633461047254,,not_eligible,No supported PHOENIX emissions classification.
6a587fa1-c596-5359-9dd8-1664255e465e,2024-02-17 20:41:00+00:00,21.39536,72.7651,mixed_or_uncertain,cropland,0.827266922094508,0.172733077905492,0.0,,not_eligible,No supported PHOENIX emissions classification.
7df09845-7004-5b8e-8bd5-cf9d1694a2e5,2024-02-17 20:41:00+00:00,21.36257,72.78749,mixed_or_uncertain,cropland,0.740740740740741,0.259259259259259,0.0,,not_eligible,No supported PHOENIX emissions classification.
b92de742-f734-58d2-a40d-944f0207a472,2024-02-17 20:41:00+00:00,21.79256,72.87643,mixed_or_uncertain,cropland,0.879310344827586,0.111111111111111,0.00351213282247765,,not_eligible,No supported PHOENIX emissions classification.
28f4bf74-0e25-5eab-ba5b-a7888f6832c9,2024-02-18 07:54:00+00:00,21.71692,72.73503,mixed_or_uncertain,cropland,0.639208173690932,0.348659003831418,0.0,,not_eligible,No supported PHOENIX emissions classification.
a5460da6-6ee2-5fa1-a50b-e75fccf149d8,2024-02-18 07:54:00+00:00,21.79803,72.9105,mixed_or_uncertain,cropland,0.827266922094508,0.172733077905492,0.0,,not_eligible,No supported PHOENIX emissions classification.
076de633-0bd0-5d00-98a0-72b1598f163a,2024-02-18 08:44:00+00:00,21.50207,72.73138,mixed_or_uncertain,cropland,0.923052362707535,0.076309067688378,0.0,,not_eligible,No supported PHOENIX emissions classification.
3703762e-f2fe-5207-b326-08196107f417,2024-02-18 08:44:00+00:00,21.61916,72.83596,mixed_or_uncertain,cropland,0.672733077905492,0.327266922094508,0.0,,not_eligible,No supported PHOENIX emissions classification.
82df161b-d9b7-50d9-92e4-568402d132d8,2024-02-18 08:44:00+00:00,21.55673,72.90369,mixed_or_uncertain,cropland,0.795338441890166,0.204661558109834,0.0,,not_eligible,No supported PHOENIX emissions classification.
6f394ab9-bf82-5fa7-a935-519bfa053a55,2024-02-18 20:22:00+00:00,21.4329433333333,72.97649,industrial,cropland,0.535121328224777,0.46455938697318,0.0,,not_eligible,No supported PHOENIX emissions classification.
9c9cf899-0e8a-5da7-a958-c9596cdfb151,2024-02-18 21:13:00+00:00,22.04237,72.63874,mixed_or_uncertain,cropland,0.674010217113665,0.325989782886335,0.0,,not_eligible,No supported PHOENIX emissions classification.
5db64c7d-32d3-541c-91cf-e52aecce141e,2024-02-19 08:25:00+00:00,21.39654,72.90486,mixed_or_uncertain,cropland,0.48978288633461,0.51021711366539,0.0,,not_eligible,No supported PHOENIX emissions classification.
9cecb86d-b7b0-5e59-851a-13eb4760b97b,2024-02-19 08:25:00+00:00,21.70948,72.68141,industrial,cropland,0.823435504469987,0.176564495530013,0.0,,not_eligible,No supported PHOENIX emissions classification.
61120351-df50-59bc-b429-196c5aea7a72,2024-02-19 20:54:00+00:00,21.36558,72.79089,mixed_or_uncertain,cropland,0.724137931034483,0.230842911877395,0.0450191570881226,,not_eligible,No supported PHOENIX emissions classification.
04550948-b9ba-5c0a-9fa4-e00c5d808fb2,2024-02-20 08:06:00+00:00,21.70029,72.58306,industrial,cropland,0.673690932311622,0.200510855683269,0.0718390804597701,,not_eligible,No supported PHOENIX emissions classification.
0a728c37-0d59-5bbc-8e2a-68ba477c93e9,2024-02-20 08:06:00+00:00,22.04708,72.68158,mixed_or_uncertain,cropland,0.703703703703704,0.296296296296296,0.0,,not_eligible,No supported PHOENIX emissions classification.
8e554065-534e-5ed9-8b37-16665f376900,2024-02-20 08:06:00+00:00,21.923225,72.713705,mixed_or_uncertain,cropland,0.90485312899106,0.09514687100894,0.0,,not_eligible,No supported PHOENIX emissions classification.
3a11e74e-35ae-586e-8a39-5dab2cd90cfe,2024-02-20 08:56:00+00:00,21.39652,72.67747,mixed_or_uncertain,cropland,0.752234993614304,0.247765006385696,0.0,,not_eligible,No supported PHOENIX emissions classification.
7087ebd6-ffd0-57e3-b1c6-465591547b80,2024-02-20 08:56:00+00:00,21.70529,72.67817,mixed_or_uncertain,cropland,0.799489144316731,0.200510855683269,0.0,,not_eligible,No supported PHOENIX emissions classification.
bab06023-c39e-524a-b2fc-60c13b5d7829,2024-02-20 08:56:00+00:00,21.70317,72.76207,mixed_or_uncertain,tree_cover,0.195721583652618,0.467752234993614,0.0,,not_eligible,No supported PHOENIX emissions classification.
5ff1db02-93ef-5d02-a127-688c49ecd399,2024-02-21 07:47:00+00:00,21.35639,72.93307,mixed_or_uncertain,cropland,0.424648786717752,0.575351213282248,0.0,,not_eligible,No supported PHOENIX emissions classification.
2d256b81-3593-54ae-b2c2-9dd9e95c7887,2024-02-21 07:48:00+00:00,21.75064,72.61137,mixed_or_uncertain,cropland,0.853448275862069,0.0948275862068965,0.0,,not_eligible,No supported PHOENIX emissions classification.
46b84408-1c49-5777-92ec-34d3540beb89,2024-02-22 08:19:00+00:00,21.94677,72.5919,mixed_or_uncertain,grassland,0.117816091954023,0.534163473818646,0.0,,not_eligible,No supported PHOENIX emissions classification.
9d298f94-0d3f-5c05-a078-cac3960b3e75,2024-02-22 08:19:00+00:00,21.83872,72.6408033333333,mixed_or_uncertain,cropland,0.422094508301405,0.541187739463602,0.0,,not_eligible,No supported PHOENIX emissions classification.
9e87d3bf-24da-5a45-be66-53c2c26d1c0e,2024-02-23 08:00:00+00:00,21.698235,72.64175,industrial,cropland,0.636653895274585,0.244252873563218,0.0,,not_eligible,No supported PHOENIX emissions classification.
b32973f4-38f8-5f76-a984-db07822f639c,2024-02-23 08:00:00+00:00,21.69424,72.77679,mixed_or_uncertain,tree_cover,0.389846743295019,0.610153256704981,0.0,,not_eligible,No supported PHOENIX emissions classification.
6e863f95-176c-58b0-8254-f0e8fc371759,2024-02-23 08:50:00+00:00,21.50816,72.90036,mixed_or_uncertain,cropland,0.818326947637292,0.181673052362708,0.0,,not_eligible,No supported PHOENIX emissions classification.
2e6db1cc-c72f-5278-ab29-18f3bf5a91f5,2024-02-23 20:29:00+00:00,21.3777,72.95985,mixed_or_uncertain,built_up,0.412835249042146,0.134418901660281,0.418901660280971,,not_eligible,No supported PHOENIX emissions classification.
608fae66-0ce5-50c7-b054-72893c2541b4,2024-02-23 21:19:00+00:00,21.92471,72.756185,mixed_or_uncertain,cropland,0.818007662835249,0.181992337164751,0.0,,not_eligible,No supported PHOENIX emissions classification.
185f5b0a-5128-57f6-abce-33edb175e31f,2024-02-24 07:41:00+00:00,21.75386,72.78494,mixed_or_uncertain,cropland,0.948595146871009,0.0402298850574713,0.0,,not_eligible,No supported PHOENIX emissions classification.
265ae49f-abf1-5b15-9642-862d33964660,2024-02-24 08:31:00+00:00,21.5072,72.76842,mixed_or_uncertain,cropland,0.906449553001277,0.0935504469987229,0.0,,not_eligible,No supported PHOENIX emissions classification.
83e3d236-ff1c-5aaa-a91f-e2af9d746ce6,2024-02-24 08:31:00+00:00,21.99865,72.58072,mixed_or_uncertain,cropland,0.413793103448276,0.42911877394636,0.0638569604086845,,not_eligible,No supported PHOENIX emissions classification.
97e5add6-e110-5f72-bc4b-65972fbb6d0e,2024-02-24 08:31:00+00:00,21.704,72.95592,mixed_or_uncertain,cropland,0.620689655172414,0.0909961685823755,0.278416347381865,,not_eligible,No supported PHOENIX emissions classification.
ba464192-bb2b-5082-88a8-712033adb58c,2024-02-24 08:31:00+00:00,21.47311,72.99178,mixed_or_uncertain,built_up,0.271392081736909,0.184865900383142,0.537994891443167,,not_eligible,No supported PHOENIX emissions classification.
42987fc3-c6df-5e15-a509-c40b4d83451f,2024-02-24 20:10:00+00:00,21.35278,72.958435,mixed_or_uncertain,built_up,0.107598978288633,0.154214559386973,0.682630906768838,,not_eligible,No supported PHOENIX emissions classification.
c851157a-1808-5926-b4b5-a14f850ace69,2024-02-24 21:00:00+00:00,21.47343,72.79807,mixed_or_uncertain,cropland,0.83492975734355,0.16507024265645,0.0,,not_eligible,No supported PHOENIX emissions classification.
112c3a9c-7b0a-5bea-9eb7-d54e47990970,2024-02-25 07:22:00+00:00,21.8069866666667,72.91127,mixed_or_uncertain,cropland,0.94029374201788,0.0597062579821201,0.0,,not_eligible,No supported PHOENIX emissions classification.
697c7887-6c8e-50a4-a1c3-8d62e476d24d,2024-02-25 07:22:00+00:00,21.978795,72.551915,mixed_or_uncertain,grassland,0.280012771392082,0.692528735632184,0.0,,not_eligible,No supported PHOENIX emissions classification.
93a1bc11-32c1-5aaa-a799-90ad720fa274,2024-02-25 08:12:00+00:00,21.40373,72.6681566666667,mixed_or_uncertain,cropland,0.497126436781609,0.389208173690932,0.0,,not_eligible,No supported PHOENIX emissions classification.
ea654edc-ab26-5e93-9b5e-f18cd355368b,2024-02-25 08:12:00+00:00,21.37537,72.69857,mixed_or_uncertain,cropland,0.648467432950192,0.247765006385696,0.00510855683269476,,not_eligible,No supported PHOENIX emissions classification.
f4cdc97a-b9a6-5a53-9e22-16998c79ba0e,2024-02-25 08:13:00+00:00,21.87828,72.71131,mixed_or_uncertain,grassland,0.402618135376756,0.563218390804598,0.0296934865900383,,not_eligible,No supported PHOENIX emissions classification.
53b9c45f-dcfd-5732-af66-6250c50c3c04,2024-02-25 08:13:00+00:00,22.02463,72.85733,mixed_or_uncertain,cropland,0.830779054916986,0.152618135376756,0.016602809706258,,not_eligible,No supported PHOENIX emissions classification.
0c23c980-3336-5468-ad37-389112658e48,2024-02-25 09:03:00+00:00,22.03232,72.771,mixed_or_uncertain,cropland,0.713282247765006,0.281289910600255,0.00542784163473819,,not_eligible,No supported PHOENIX emissions classification.
41d7ae1d-8c3c-5f27-9103-a35b9e22741c,2024-02-25 20:41:00+00:00,21.39273,72.79396,mixed_or_uncertain,cropland,0.875798212005109,0.124201787994891,0.0,,not_eligible,No supported PHOENIX emissions classification.
1d111f0b-6f5b-569f-8f58-d2c539081e59,2024-02-25 20:41:00+00:00,21.35956,72.76073,mixed_or_uncertain,cropland,0.984674329501916,0.0153256704980843,0.0,,not_eligible,No supported PHOENIX emissions classification.
5dd76310-7982-53e0-a080-db371d276816,2024-02-25 20:41:00+00:00,21.4327,72.97657,mixed_or_uncertain,cropland,0.539272030651341,0.460408684546616,0.0,,not_eligible,No supported PHOENIX emissions classification.
cf0b3d94-cd67-5975-a58a-358c964c8ba1,2024-02-25 20:41:00+00:00,21.62796,72.92253,mixed_or_uncertain,cropland,0.924010217113665,0.0759897828863346,0.0,,not_eligible,No supported PHOENIX emissions classification.
c581a229-35f0-5e61-8511-a10d5dc9e43b,2024-02-26 07:54:00+00:00,21.621985,72.947525,mixed_or_uncertain,cropland,0.793103448275862,0.206577266922095,0.0,,not_eligible,No supported PHOENIX emissions classification.
95a12fd6-ea2d-55ab-9c96-b31e2a4c2fb6,2024-02-26 08:44:00+00:00,21.8165,72.91705,mixed_or_uncertain,cropland,0.923371647509579,0.0750319284802043,0.00127713920817369,,not_eligible,No supported PHOENIX emissions classification.
350d6c84-2124-50e5-ba63-9a44a2044e0e,2024-02-26 21:13:00+00:00,21.90824,72.68187,mixed_or_uncertain,cropland,0.709770114942529,0.247765006385696,0.0376756066411239,,not_eligible,No supported PHOENIX emissions classification.
5760bf8c-e569-59a5-9fd2-e86fb81986af,2024-02-27 08:25:00+00:00,21.84698,72.65816,mixed_or_uncertain,cropland,0.766602809706258,0.228927203065134,0.0,,not_eligible,No supported PHOENIX emissions classification.
c4da635c-2a17-53b1-91f9-ed6ef0cbc4e0,2024-02-27 08:25:00+00:00,21.783515,72.6726,mixed_or_uncertain,cropland,0.92816091954023,0.0491698595146871,0.0,,not_eligible,No supported PHOENIX emissions classification.
5f5f6569-3aad-5b2e-8cac-dc970f4a6383,2024-02-27 08:25:00+00:00,21.56931,72.89478,mixed_or_uncertain,cropland,0.897190293742018,0.102809706257982,0.0,,not_eligible,No supported PHOENIX emissions classification.
655a7955-9e50-5b5a-bf14-141f6ed4e85e,2024-02-27 08:25:00+00:00,21.46633,72.86111,mixed_or_uncertain,cropland,0.518199233716475,0.481800766283525,0.0,,not_eligible,No supported PHOENIX emissions classification.
737d7658-d475-5ba7-8e0b-54f917343291,2024-02-27 08:25:00+00:00,21.82623,72.72767,mixed_or_uncertain,cropland,1.0,0.0,0.0,,not_eligible,No supported PHOENIX emissions classification.
b36b8e23-eef8-5f87-95d8-a0d8415c75b6,2024-02-28 08:06:00+00:00,21.35075,72.82864,mixed_or_uncertain,cropland,0.888569604086845,0.109833971902937,0.0,,not_eligible,No supported PHOENIX emissions classification.
99a622a7-2fe0-5cce-8f26-27bad7f93e4c,2024-02-28 08:06:00+00:00,21.95608,72.82252,mixed_or_uncertain,cropland,0.703703703703704,0.21360153256705,0.0826947637292465,,not_eligible,No supported PHOENIX emissions classification.
bc31552e-10c0-572e-b1ec-011b7e606d12,2024-02-28 08:06:00+00:00,21.82305,72.6634,mixed_or_uncertain,cropland,0.619093231162197,0.325351213282248,0.0504469987228608,,not_eligible,No supported PHOENIX emissions classification.
0a62b88c-756e-5418-898c-617b19cda9b5,2024-02-28 08:56:00+00:00,21.47166,72.80087,mixed_or_uncertain,cropland,0.848020434227331,0.151979565772669,0.0,,not_eligible,No supported PHOENIX emissions classification.
3544ef6b-e2d3-584c-9d84-8fde7dc72615,2024-02-28 08:56:00+00:00,21.49247,72.74479,mixed_or_uncertain,cropland,0.974457215836526,0.0255427841634738,0.0,,not_eligible,No supported PHOENIX emissions classification.
c358b0c2-8d66-50a4-ba37-daad557ad292,2024-02-28 08:56:00+00:00,21.4364033333333,72.7123933333333,mixed_or_uncertain,cropland,0.686781609195402,0.313218390804598,0.0,,not_eligible,No supported PHOENIX emissions classification.
addd1ee8-06d3-51e0-a26b-798e329a5b84,2024-02-28 08:57:00+00:00,21.75652,72.89878,mixed_or_uncertain,cropland,0.997445721583653,0.00255427841634738,0.0,,not_eligible,No supported PHOENIX emissions classification.
14f5d9cd-e117-5916-a696-909b34790fe9,2024-02-28 21:25:00+00:00,21.86911,72.9407,mixed_or_uncertain,cropland,0.959450830140485,0.0389527458492976,0.00159642401021711,,not_eligible,No supported PHOENIX emissions classification.
18e4fcbc-20ac-5090-937c-878a7799c3f5,2024-02-28 21:25:00+00:00,21.5857,72.86499,mixed_or_uncertain,cropland,0.942528735632184,0.0520434227330779,0.00542784163473819,,not_eligible,No supported PHOENIX emissions classification.
cd17df3c-c7fd-5d32-970f-661683818d2f,2024-02-28 21:25:00+00:00,21.47191,72.81187,mixed_or_uncertain,cropland,0.875478927203065,0.124521072796935,0.0,,not_eligible,No supported PHOENIX emissions classification.
0f4ebbbb-3e3f-5d76-8e88-f66d1c518c3b,2024-02-29 07:47:00+00:00,21.55911,72.8075,mixed_or_uncertain,cropland,0.927841634738186,0.0721583652618135,0.0,,not_eligible,No supported PHOENIX emissions classification.
14daf55e-2bb0-5f59-86fe-dd3e3117877b,2024-02-29 07:47:00+00:00,21.757808,72.628582,industrial,tree_cover,0.473818646232439,0.526181353767561,0.0,,not_eligible,No supported PHOENIX emissions classification.
159b5eb0-e698-5803-be6f-7b2063a2fd52,2024-02-29 07:47:00+00:00,21.75183,72.6313933333333,mixed_or_uncertain,cropland,0.848978288633461,0.151021711366539,0.0,,not_eligible,No supported PHOENIX emissions classification.
8ac9f119-1a9a-5089-95cd-75bf08e15851,2024-02-29 07:47:00+00:00,21.95991,72.593555,mixed_or_uncertain,cropland,0.560025542784163,0.416666666666667,0.0,,not_eligible,No supported PHOENIX emissions classification.
0e037d48-3e8f-55bc-b9df-6d77300c898d,2024-02-29 08:38:00+00:00,22.051435,72.74014,mixed_or_uncertain,cropland,0.688058748403576,0.311941251596424,0.0,,not_eligible,No supported PHOENIX emissions classification.
1ecb8369-47bf-5702-bcd7-bc87a3cc3ced,2024-02-29 08:38:00+00:00,21.42413,72.81168,mixed_or_uncertain,cropland,0.390804597701149,0.505427841634738,0.000319284802043423,,not_eligible,No supported PHOENIX emissions classification.
96b8773c-2e89-5b69-b473-3a2b5f9be059,2024-02-29 08:38:00+00:00,21.75776,72.6346466666667,mixed_or_uncertain,cropland,0.771072796934866,0.228927203065134,0.0,,not_eligible,No supported PHOENIX emissions classification.
2237c7da-f960-58a2-9093-f8f3274ce151,2024-03-01 07:29:00+00:00,21.93561,72.5769733333333,mixed_or_uncertain,grassland,0.271711366538953,0.366538952745849,0.0,,not_eligible,No supported PHOENIX emissions classification.
126ae2a1-2a5b-572f-bf6f-a04534cdbb99,2024-03-01 08:19:00+00:00,21.52003,72.71799,mixed_or_uncertain,cropland,0.730204342273308,0.154214559386973,0.115261813537676,,not_eligible,No supported PHOENIX emissions classification.
6589a27b-1b62-57a0-b12c-d7eaacff3e25,2024-03-01 08:19:00+00:00,21.79164,72.76828,mixed_or_uncertain,cropland,0.972222222222222,0.00925925925925926,0.0,,not_eligible,No supported PHOENIX emissions classification.
8ef47132-3fe7-552c-9ae3-d3b3b9402cb6,2024-03-01 08:19:00+00:00,21.93591,72.56366,mixed_or_uncertain,cropland,0.54661558109834,0.442848020434227,0.0,,not_eligible,No supported PHOENIX emissions classification.
c05af5f0-4c12-5c92-951d-255a6377d5b5,2024-03-01 08:19:00+00:00,21.59309,72.97466,mixed_or_uncertain,cropland,0.581736909323116,0.411238825031928,0.0028735632183908,,not_eligible,No supported PHOENIX emissions classification.
3cdc7749-33a0-5c68-9c25-a15fd0a044c2,2024-03-01 20:48:00+00:00,21.43365,72.97523,mixed_or_uncertain,cropland,0.553320561941252,0.419540229885057,0.0,,not_eligible,No supported PHOENIX emissions classification.
226b519e-431b-566a-88ed-aeafc641b47c,2024-03-01 21:38:00+00:00,21.40724,72.9665,mixed_or_uncertain,cropland,0.28448275862069,0.501277139208174,0.121008939974457,,not_eligible,No supported PHOENIX emissions classification.
82dc2241-02f0-56e5-a8b7-723f93f70812,2024-03-02 08:00:00+00:00,21.37056,72.91841,mixed_or_uncertain,cropland,0.559067688378033,0.440932311621967,0.0,,not_eligible,No supported PHOENIX emissions classification.
ef43a1ed-10ad-5527-9e2b-56ae066cdaf8,2024-03-02 08:50:00+00:00,21.941925,72.77894,mixed_or_uncertain,cropland,0.752873563218391,0.247126436781609,0.0,,not_eligible,No supported PHOENIX emissions classification.
f98e71ff-fa3f-5852-8261-cf8fcb9ae836,2024-03-03 07:41:00+00:00,21.93136,72.85798,mixed_or_uncertain,cropland,0.930715197956577,0.0692848020434227,0.0,,not_eligible,No supported PHOENIX emissions classification.
ccb23c2d-51b4-5594-a6d3-cd24636c99fb,2024-03-03 08:31:00+00:00,21.96538,72.81977,mixed_or_uncertain,cropland,0.551404853128991,0.445402298850575,0.0,,not_eligible,No supported PHOENIX emissions classification.
3c6d208a-5cb6-57d1-91df-5e0d78c63915,2024-03-03 08:31:00+00:00,21.96075,72.78546,mixed_or_uncertain,cropland,0.88250319284802,0.0,0.0,,not_eligible,No supported PHOENIX emissions classification.
fba9d6a4-bb24-5e69-a2be-cdbbe8fc9587,2024-03-03 08:31:00+00:00,21.7347,72.92819,mixed_or_uncertain,cropland,0.914431673052363,0.0153256704980843,0.0,,not_eligible,No supported PHOENIX emissions classification.
9de11025-b648-523c-ad1b-fb43385e9d4d,2024-03-03 20:10:00+00:00,21.433614,72.974984,mixed_or_uncertain,cropland,0.568646232439336,0.407407407407407,0.0,,not_eligible,No supported PHOENIX emissions classification.
a129fee2-33a7-5873-8554-d7a8bf6a809e,2024-03-03 21:00:00+00:00,21.379,72.93449,mixed_or_uncertain,cropland,0.471583652618135,0.528416347381865,0.0,,not_eligible,No supported PHOENIX emissions classification.
6991af0d-02c2-5825-850c-894750cb7259,2024-03-04 08:12:00+00:00,21.66361,72.98992,mixed_or_uncertain,cropland,0.812260536398467,0.187739463601533,0.0,,not_eligible,No supported PHOENIX emissions classification.
49db150a-a904-5901-adad-05a8a2afea0e,2024-03-04 09:03:00+00:00,21.43876,72.83307,mixed_or_uncertain,cropland,0.477011494252874,0.471902937420179,0.0,,not_eligible,No supported PHOENIX emissions classification.
edcfa49c-2890-5dff-a125-fdb79dc5b8b6,2024-03-04 09:03:00+00:00,21.62325,72.99809,mixed_or_uncertain,tree_cover,0.22765006385696,0.411238825031928,0.35823754789272,,not_eligible,No supported PHOENIX emissions classification.
b843c6f5-f36e-5beb-b4ef-8e8319ff7280,2024-03-04 20:41:00+00:00,21.41787,72.90087,mixed_or_uncertain,cropland,0.87037037037037,0.12962962962963,0.0,,not_eligible,No supported PHOENIX emissions classification.
6ae0b90b-5f06-575c-9cd8-2ab0454b3477,2024-03-05 07:54:00+00:00,21.6941985714286,72.6053814285714,industrial,cropland,0.850574712643678,0.04757343550447,0.100255427841635,,not_eligible,No supported PHOENIX emissions classification.
82d30430-c7fb-5ece-b423-e27eca51ed34,2024-03-05 07:54:00+00:00,21.422255,72.880165,mixed_or_uncertain,cropland,0.782567049808429,0.205938697318008,0.0114942528735632,,not_eligible,No supported PHOENIX emissions classification.
b27a6007-af81-5e0f-9646-bde2e40c80e6,2024-03-05 07:54:00+00:00,21.60032,72.95261,mixed_or_uncertain,cropland,0.79661558109834,0.20338441890166,0.0,,not_eligible,No supported PHOENIX emissions classification.
c2b34e6f-fd09-5405-be6f-7b1159cd101f,2024-03-05 07:54:00+00:00,21.4368233333333,72.7031266666667,mixed_or_uncertain,grassland,0.185185185185185,0.795657726692209,0.0,,not_eligible,No supported PHOENIX emissions classification.
a4846d4b-5354-5d38-863b-a1be379d9609,2024-03-05 07:54:00+00:00,21.54128,72.81031,mixed_or_uncertain,cropland,0.878671775223499,0.121328224776501,0.0,,not_eligible,No supported PHOENIX emissions classification.
c2783323-d61e-557b-b453-09934a292623,2024-03-05 07:54:00+00:00,21.69666,72.58144,mixed_or_uncertain,cropland,0.447318007662835,0.434546615581098,0.0606641123882503,,not_eligible,No supported PHOENIX emissions classification.
50c88e90-5a81-56b1-972c-81ebe74aafd4,2024-03-05 08:44:00+00:00,21.40905,72.66541,mixed_or_uncertain,tree_cover,0.267879948914432,0.663154533844189,0.0,,not_eligible,No supported PHOENIX emissions classification.
82c92f8c-c354-55ef-8b60-54ac11fe695b,2024-03-05 08:44:00+00:00,22.04091,72.65266,mixed_or_uncertain,cropland,0.460089399744572,0.539272030651341,0.0,,not_eligible,No supported PHOENIX emissions classification.
90ea3f0c-dc58-5bd6-9d81-cc8889146c7d,2024-03-05 08:44:00+00:00,21.97974,72.89511,mixed_or_uncertain,cropland,0.964878671775223,0.0351213282247765,0.0,,not_eligible,No supported PHOENIX emissions classification.
cb3d9fd9-6b4a-5dd1-8d74-55e014b32114,2024-03-05 08:44:00+00:00,21.42832,72.97549,mixed_or_uncertain,tree_cover,0.468710089399745,0.531289910600255,0.0,,not_eligible,No supported PHOENIX emissions classification.
a78a1918-3b1d-581a-aca1-c65522976567,2024-03-05 21:13:00+00:00,21.96962,72.57018,mixed_or_uncertain,cropland,0.563218390804598,0.36749680715198,0.0,,not_eligible,No supported PHOENIX emissions classification.
927a1b31-3bb5-56a4-a69d-f647f70234ac,2024-03-06 07:35:00+00:00,22.07933,72.57243,mixed_or_uncertain,cropland,0.788633461047254,0.211366538952746,0.0,,not_eligible,No supported PHOENIX emissions classification.
3dbe22e1-ccdd-5247-8e6d-04bff84b816d,2024-03-06 07:35:00+00:00,21.51915,72.83075,mixed_or_uncertain,cropland,0.586845466155811,0.412835249042146,0.0,,not_eligible,No supported PHOENIX emissions classification.
f5c29737-f229-5041-a122-71c5b4c3401b,2024-03-06 07:35:00+00:00,21.36932,72.6533366666667,mixed_or_uncertain,tree_cover,0.0552362707535121,0.939016602809706,0.00574712643678161,,not_eligible,No supported PHOENIX emissions classification.
0204b089-90e8-504b-adc4-3d326ab70241,2024-03-06 08:25:00+00:00,22.00809,72.77333,mixed_or_uncertain,cropland,0.476053639846743,0.523946360153257,0.0,,not_eligible,No supported PHOENIX emissions classification.
69cda61a-6dad-570c-9782-627a3d5c37b1,2024-03-06 08:25:00+00:00,21.71994,72.99732,mixed_or_uncertain,built_up,0.180395913154534,0.030970625798212,0.788633461047254,,not_eligible,No supported PHOENIX emissions classification.
b4795c8e-a3ee-54c0-b320-29a252433482,2024-03-06 08:25:00+00:00,21.745945,72.633245,mixed_or_uncertain,cropland,0.648786717752235,0.34514687100894,0.00606641123882503,,not_eligible,No supported PHOENIX emissions classification.
ccea6ed6-4783-5c74-83cd-e39b8d2be373,2024-03-06 08:25:00+00:00,21.5425,72.816715,mixed_or_uncertain,cropland,0.571200510855683,0.406449553001277,0.0223499361430396,,not_eligible,No supported PHOENIX emissions classification.
54b12b2e-e7e7-5a49-8323-da293ae3b95a,2024-03-06 08:25:00+00:00,21.96868,72.83485,mixed_or_uncertain,cropland,0.89272030651341,0.104086845466156,0.0,,not_eligible,No supported PHOENIX emissions classification.
792a47a9-b352-50b2-ae8c-45ad88fedd1b,2024-03-06 08:25:00+00:00,21.38572,72.77431,mixed_or_uncertain,cropland,0.736270753512133,0.263729246487867,0.0,,not_eligible,No supported PHOENIX emissions classification.
ccf9b2c5-370a-5a2e-af2b-0f2f1a6c565d,2024-03-06 08:25:00+00:00,21.679135,72.59178,mixed_or_uncertain,cropland,0.418263090676884,0.251596424010217,0.0,,not_eligible,No supported PHOENIX emissions classification.
de49967e-ba06-5863-916f-66358b683555,2024-03-06 08:25:00+00:00,21.51264,72.81158,mixed_or_uncertain,cropland,0.76117496807152,0.230523627075351,0.0,,not_eligible,No supported PHOENIX emissions classification.
05eb58a4-b146-581f-b197-ea3b266ff94e,2024-03-07 08:06:00+00:00,21.6202,72.855535,mixed_or_uncertain,cropland,0.637931034482759,0.362068965517241,0.0,,not_eligible,No supported PHOENIX emissions classification.
aa652176-c8dc-5ef2-a8c1-a38756f034ee,2024-03-07 08:06:00+00:00,21.97978,72.741475,mixed_or_uncertain,grassland,0.00542784163473819,0.668582375478927,0.0,,not_eligible,No supported PHOENIX emissions classification.
58667175-d4f0-5f7b-8e34-64c0f06bf3d9,2024-03-07 08:06:00+00:00,22.01861,72.87619,mixed_or_uncertain,cropland,0.745210727969349,0.254789272030651,0.0,,not_eligible,No supported PHOENIX emissions classification.
d851ceab-0d86-5a00-adcb-b3d93fe68159,2024-03-07 08:06:00+00:00,21.74075,72.6792,mixed_or_uncertain,cropland,0.38058748403576,0.481800766283525,0.0478927203065134,,not_eligible,No supported PHOENIX emissions classification.
81987937-10c8-536e-9bb8-7f8bdba60207,2024-03-07 08:56:00+00:00,21.39029,72.79735,mixed_or_uncertain,cropland,0.854725415070243,0.145274584929757,0.0,,not_eligible,No supported PHOENIX emissions classification.
86bda1a8-d677-54ea-90c5-b9338d8993c8,2024-03-07 08:56:00+00:00,21.71651,72.81899,mixed_or_uncertain,cropland,1.0,0.0,0.0,,not_eligible,No supported PHOENIX emissions classification.
ed41bc5f-1676-595d-a26e-40cdc3f312fc,2024-03-07 08:56:00+00:00,21.36066,72.78288,mixed_or_uncertain,cropland,0.686781609195402,0.313218390804598,0.0,,not_eligible,No supported PHOENIX emissions classification.
571ae331-90c5-50d6-bcae-bd2bfb3c9c3c,2024-03-07 21:25:00+00:00,21.75475,72.79152,mixed_or_uncertain,cropland,0.884099616858238,0.108876117496807,0.0,,not_eligible,No supported PHOENIX emissions classification.
e7f37f7d-8bf4-50c9-861b-9ecb0dec0cad,2024-03-08 07:47:00+00:00,21.76025,72.80382,mixed_or_uncertain,cropland,0.805236270753512,0.161558109833972,0.0,,not_eligible,No supported PHOENIX emissions classification.
bad03a34-811f-5869-8549-92988468e727,2024-03-08 08:37:00+00:00,21.72267,72.71915,mixed_or_uncertain,cropland,0.647509578544061,0.269157088122605,0.0727969348659004,,not_eligible,No supported PHOENIX emissions classification.
6aa1270a-a1ad-5bda-b5e8-8590e39298c5,2024-03-08 08:37:00+00:00,21.61392,72.83491,mixed_or_uncertain,cropland,0.491060025542784,0.508939974457216,0.0,,not_eligible,No supported PHOENIX emissions classification.
f529fd2b-09d4-501e-89e6-cebdc39697d8,2024-03-08 08:37:00+00:00,21.69875,72.776315,mixed_or_uncertain,cropland,0.529054916985951,0.412515964240102,0.0,,not_eligible,No supported PHOENIX emissions classification.
4be2f8f1-592a-5ff5-a864-adeb0b607c9b,2024-03-08 08:38:00+00:00,21.89329,72.78415,mixed_or_uncertain,cropland,0.969029374201788,0.030970625798212,0.0,,not_eligible,No supported PHOENIX emissions classification.
e939e31b-5207-52cb-a948-91a02473f8be,2024-03-08 08:38:00+00:00,22.03352,72.80595,mixed_or_uncertain,cropland,0.908045977011494,0.0919540229885057,0.0,,not_eligible,No supported PHOENIX emissions classification.
994268c2-1262-5f5c-a102-c6dbcb6b5bed,2024-03-09 08:19:00+00:00,21.72553,72.568805,mixed_or_uncertain,cropland,0.646232439335888,0.343231162196679,0.0,,not_eligible,No supported PHOENIX emissions classification.
c2673f64-31bd-59b4-8d88-4754012d2660,2024-03-09 08:19:00+00:00,21.5462,72.9378,mixed_or_uncertain,cropland,0.878352490421456,0.121647509578544,0.0,,not_eligible,No supported PHOENIX emissions classification.
d8be1f43-6a2e-58eb-b60a-83df5c975533,2024-03-09 09:09:00+00:00,21.97983,72.67271,mixed_or_uncertain,grassland,0.106002554278416,0.697318007662835,0.0,,not_eligible,No supported PHOENIX emissions classification.
5a70aa62-692f-52c4-9fec-2466150dd592,2024-03-09 20:48:00+00:00,21.681,72.54791,industrial,built_up,0.0565134099616858,0.109195402298851,0.698595146871009,,not_eligible,No supported PHOENIX emissions classification.
87468de7-db66-5b05-9883-be145b711615,2024-03-10 08:00:00+00:00,21.75992,72.79928,mixed_or_uncertain,cropland,0.830140485312899,0.123563218390805,0.0,,not_eligible,No supported PHOENIX emissions classification.
c4196a44-3111-5b39-bb18-09d94021ea94,2024-03-10 08:00:00+00:00,21.37428,72.74657,mixed_or_uncertain,cropland,0.72669220945083,0.227330779054917,0.0357598978288633,,not_eligible,No supported PHOENIX emissions classification.
824dd168-2811-56a5-acc3-0d4c8c132d68,2024-03-10 20:29:00+00:00,21.7399266666667,72.6098466666667,industrial,cropland,0.882822477650064,0.103448275862069,0.0137292464878672,,not_eligible,No supported PHOENIX emissions classification.
1d84c005-4943-5723-a98e-fb54f835e214,2024-03-11 07:41:00+00:00,22.00545,72.61021,mixed_or_uncertain,grassland,0.149744572158365,0.707215836526181,0.0,,not_eligible,No supported PHOENIX emissions classification.
75df7029-9f07-5b76-9fe6-6879600def70,2024-03-11 07:41:00+00:00,21.79137,72.8580733333333,mixed_or_uncertain,cropland,0.772030651340996,0.223818646232439,0.000638569604086846,,not_eligible,No supported PHOENIX emissions classification.
c0775b3c-0efe-5b4c-800c-1d24aeb67824,2024-03-11 07:41:00+00:00,21.9797,72.6945,mixed_or_uncertain,cropland,0.627075351213282,0.325670498084291,0.0,,not_eligible,No supported PHOENIX emissions classification.
1833df53-cefc-58af-8243-70c3be077bd8,2024-03-11 08:31:00+00:00,21.68682,72.78205,mixed_or_uncertain,cropland,0.705938697318008,0.185185185185185,0.108876117496807,,not_eligible,No supported PHOENIX emissions classification.
392eecfd-59f4-52ba-9dd6-543a6788cf0b,2024-03-11 08:31:00+00:00,21.97901,72.81432,mixed_or_uncertain,cropland,0.98978288633461,0.0102171136653895,0.0,,not_eligible,No supported PHOENIX emissions classification.
89dea9f6-34aa-5c5e-8e05-eef9e65fdce4,2024-03-11 08:31:00+00:00,21.704535,72.952575,mixed_or_uncertain,cropland,0.825031928480204,0.120051085568327,0.0549169859514687,,not_eligible,No supported PHOENIX emissions classification.
d8a16c95-bf2f-5714-b662-0fc8cd168475,2024-03-11 08:31:00+00:00,22.09689,72.81026,mixed_or_uncertain,cropland,0.827905491698595,0.154214559386973,0.0178799489144317,,not_eligible,No supported PHOENIX emissions classification.
8f706f8a-7458-5fbe-9389-d350a3c0a8be,2024-03-11 20:10:00+00:00,21.38759,72.84103,mixed_or_uncertain,cropland,0.695721583652618,0.303959131545338,0.0,,not_eligible,No supported PHOENIX emissions classification.
cdb47e7b-1080-51bd-a133-3e9b6cddcb87,2024-03-11 20:10:00+00:00,21.69364,72.60201,mixed_or_uncertain,cropland,0.932950191570881,0.0357598978288633,0.0255427841634738,,not_eligible,No supported PHOENIX emissions classification.
bed8328e-9afb-5fe9-b8d5-b9ce53d3b322,2024-03-11 21:00:00+00:00,21.79227,72.64935,mixed_or_uncertain,cropland,0.669540229885057,0.267560664112388,0.0,,not_eligible,No supported PHOENIX emissions classification.
0e8c16f7-c8d8-596f-b3cb-f41d7b0b17b5,2024-03-12 07:22:00+00:00,21.439455,72.710375,mixed_or_uncertain,grassland,0.351851851851852,0.610472541507024,0.0,,not_eligible,No supported PHOENIX emissions classification.
d8eae84a-bd60-5209-b81d-4eb8f67472df,2024-03-12 08:12:00+00:00,21.519975,72.933155,mixed_or_uncertain,cropland,0.900063856960409,0.0945083014048531,0.0,,not_eligible,No supported PHOENIX emissions classification.
34c09c04-a683-56bb-91ed-63afa6d33b1b,2024-03-12 08:13:00+00:00,21.76217,72.88435,mixed_or_uncertain,cropland,0.824712643678161,0.109195402298851,0.0344827586206897,,not_eligible,No supported PHOENIX emissions classification.
607f4e01-1ca2-520d-b99a-800ad76241f8,2024-03-12 08:13:00+00:00,22.0069525,72.6411775,mixed_or_uncertain,grassland,0.22477650063857,0.743933588761175,0.0,,not_eligible,No supported PHOENIX emissions classification.
97386a16-f742-5bd5-b472-743984f5e606,2024-03-12 08:13:00+00:00,21.7590866666667,72.8263066666667,mixed_or_uncertain,cropland,0.843550446998723,0.110791826309068,0.0,,not_eligible,No supported PHOENIX emissions classification.
4ac0528c-62b7-512d-ad61-303341ce9d11,2024-03-12 09:03:00+00:00,21.99885,72.64875,mixed_or_uncertain,cropland,0.566091954022989,0.377075351213282,0.0,,not_eligible,No supported PHOENIX emissions classification.
48954de5-b39f-59de-b66d-f8dba4563859,2024-03-12 20:41:00+00:00,21.98077,72.58234,mixed_or_uncertain,grassland,0.273946360153257,0.716475095785441,0.0,,not_eligible,No supported PHOENIX emissions classification.
b07caa4b-3a64-5bd7-b9bc-80635610b10e,2024-03-13 07:54:00+00:00,21.7317033333333,72.7974733333333,mixed_or_uncertain,cropland,0.80874840357599,0.19125159642401,0.0,,not_eligible,No supported PHOENIX emissions classification.
8970dc92-8812-5e20-9623-c8b5e6b9a99b,2024-03-13 07:54:00+00:00,21.73886,72.73959,mixed_or_uncertain,cropland,0.748403575989783,0.251596424010217,0.0,,not_eligible,No supported PHOENIX emissions classification.
23c22349-2ed8-5864-8515-b6944f9e9932,2024-03-13 08:44:00+00:00,21.46695,72.80219,mixed_or_uncertain,cropland,0.900063856960409,0.0999361430395913,0.0,,not_eligible,No supported PHOENIX emissions classification.
d193f19c-34fc-52fb-b2f6-17fb526f6b69,2024-03-13 08:44:00+00:00,21.4482,72.78792,mixed_or_uncertain,cropland,0.526819923371648,0.450830140485313,0.0,,not_eligible,No supported PHOENIX emissions classification.
c794dc53-4e5d-5877-9a02-4f18b7e0f6b3,2024-03-13 08:44:00+00:00,21.67535,72.581375,mixed_or_uncertain,cropland,0.62037037037037,0.120689655172414,0.116858237547893,,not_eligible,No supported PHOENIX emissions classification.
1c3dd30d-41f0-5ae2-b4b6-3808f4c75f80,2024-03-14 07:35:00+00:00,21.97449,72.86507,mixed_or_uncertain,cropland,0.984035759897829,0.0159642401021711,0.0,,not_eligible,No supported PHOENIX emissions classification.
6f96bf39-f3b9-5384-88ad-2de4bfc36c4e,2024-03-14 07:35:00+00:00,21.72919,72.63509,mixed_or_uncertain,cropland,0.350893997445722,0.275862068965517,0.318326947637292,,not_eligible,No supported PHOENIX emissions classification.
777bb633-e015-50d1-8a4c-c77347e1ccc6,2024-03-14 07:35:00+00:00,22.03963,72.741215,mixed_or_uncertain,cropland,0.717432950191571,0.282567049808429,0.0,,not_eligible,No supported PHOENIX emissions classification.
d1ea411d-d9ab-528f-a30b-a1e6802734a5,2024-03-14 07:35:00+00:00,22.09586,72.57647,mixed_or_uncertain,cropland,0.876436781609195,0.123563218390805,0.0,,not_eligible,No supported PHOENIX emissions classification.
18aaf7d9-6ec7-5c1e-9e2e-f57fae36456d,2024-03-14 08:25:00+00:00,21.40629,72.66354,mixed_or_uncertain,tree_cover,0.366538952745849,0.491698595146871,0.0,,not_eligible,No supported PHOENIX emissions classification.
2a626a9e-9109-578b-9004-a2a7f132f3bf,2024-03-15 08:06:00+00:00,21.64087,72.84978,mixed_or_uncertain,cropland,0.88154533844189,0.11845466155811,0.0,,not_eligible,No supported PHOENIX emissions classification.
668d5312-de51-5abb-8da3-bba159e9c938,2024-03-15 08:06:00+00:00,21.72691,72.6927266666667,industrial,cropland,0.892401021711367,0.107598978288633,0.0,,not_eligible,No supported PHOENIX emissions classification.
9a17d77d-07d7-5488-8d8f-bd041be6f67b,2024-03-15 08:06:00+00:00,21.85143,72.8056,mixed_or_uncertain,cropland,1.0,0.0,0.0,,not_eligible,No supported PHOENIX emissions classification.
a1a80a7d-e2e0-5863-acc7-c361ad269fc5,2024-03-15 08:06:00+00:00,22.021,72.720625,mixed_or_uncertain,cropland,0.631864623243934,0.368135376756066,0.0,,not_eligible,No supported PHOENIX emissions classification.
9972b08b-d7e9-51eb-b2de-638ee646cedc,2024-03-15 08:56:00+00:00,21.35377,72.88426,mixed_or_uncertain,cropland,0.357598978288633,0.642401021711367,0.0,,not_eligible,No supported PHOENIX emissions classification.
03babf46-de35-525b-a6d8-0cf95a9a0a6d,2024-03-15 20:35:00+00:00,22.08881,72.89872,mixed_or_uncertain,cropland,0.890804597701149,0.109195402298851,0.0,,not_eligible,No supported PHOENIX emissions classification.
b2c2b145-4093-5781-abf2-a67fff7a5d91,2024-03-16 07:47:00+00:00,21.77334,72.77716,mixed_or_uncertain,cropland,0.947318007662835,0.0526819923371648,0.0,,not_eligible,No supported PHOENIX emissions classification.
a904336a-5e5f-54bd-b20e-9e4e81bc1412,2024-03-16 07:47:00+00:00,21.734565,72.78151,mixed_or_uncertain,cropland,0.830140485312899,0.169859514687101,0.0,,not_eligible,No supported PHOENIX emissions classification.
24636ed5-a06c-5745-b609-6b9a29260cd6,2024-03-16 08:38:00+00:00,22.03369,72.75358,mixed_or_uncertain,cropland,0.710727969348659,0.289272030651341,0.0,,not_eligible,No supported PHOENIX emissions classification.
30fc00d2-cb4a-5e2f-8518-c281c7818fed,2024-03-16 08:38:00+00:00,21.53111,72.73147,mixed_or_uncertain,cropland,0.568646232439336,0.407088122605364,0.0,,not_eligible,No supported PHOENIX emissions classification.
1c9c4f12-7fe2-54d8-bc9f-eba2e3974385,2024-03-16 08:38:00+00:00,21.75552,72.62208,mixed_or_uncertain,cropland,0.825031928480204,0.086845466155811,0.0280970625798212,,not_eligible,No supported PHOENIX emissions classification.
27f19d32-ccf1-5a3d-b668-7b9264f864e0,2024-03-16 08:38:00+00:00,21.74878,72.857555,mixed_or_uncertain,cropland,0.971264367816092,0.028735632183908,0.0,,not_eligible,No supported PHOENIX emissions classification.
8447d43c-d718-5b3d-88c1-4026a5d0be5b,2024-03-16 08:38:00+00:00,22.08973,72.65925,mixed_or_uncertain,cropland,0.971583652618135,0.0284163473818646,0.0,,not_eligible,No supported PHOENIX emissions classification.
4116ecdd-bffa-585b-ab06-a622ca00d97b,2024-03-17 08:19:00+00:00,21.97715,72.78393,mixed_or_uncertain,cropland,0.705938697318008,0.293103448275862,0.0,,not_eligible,No supported PHOENIX emissions classification.
4fbdc757-1066-5042-8144-574b608df6ae,2024-03-17 08:19:00+00:00,21.831025,72.87795,mixed_or_uncertain,cropland,0.980842911877395,0.0175606641123883,0.0,,not_eligible,No supported PHOENIX emissions classification.
25dd5610-9eee-5c42-8666-2594b6a6ef94,2024-03-17 09:09:00+00:00,21.856345,72.662645,mixed_or_uncertain,cropland,0.530970625798212,0.449553001277139,0.0,,not_eligible,No supported PHOENIX emissions classification.
79f596a6-673c-5fac-97e3-cac409284be4,2024-03-17 20:48:00+00:00,21.43336,72.97727,mixed_or_uncertain,cropland,0.565134099616858,0.434546615581098,0.0,,not_eligible,No supported PHOENIX emissions classification.
cdceff57-c12b-5059-9a99-b8a4e1d6430e,2024-03-18 08:00:00+00:00,21.75985,72.61406,mixed_or_uncertain,cropland,0.871008939974457,0.128991060025543,0.0,,not_eligible,No supported PHOENIX emissions classification.
6b9653dc-5a94-5540-8ac6-5baa3a83deca,2024-03-18 08:50:00+00:00,21.8653,72.76358,mixed_or_uncertain,cropland,0.968071519795658,0.0319284802043423,0.0,,not_eligible,No supported PHOENIX emissions classification.
4be82149-179b-52e1-80e8-51114e831739,2024-03-19 07:41:00+00:00,21.96572,72.815975,mixed_or_uncertain,grassland,0.371008939974457,0.627713920817369,0.0,,not_eligible,No supported PHOENIX emissions classification.
a45a8503-8b0c-58da-9b4b-06eb1515818e,2024-03-19 07:41:00+00:00,21.92462,72.98795,mixed_or_uncertain,cropland,0.969029374201788,0.0293742017879949,0.00159642401021711,,not_eligible,No supported PHOENIX emissions classification.
2e81b46b-eea0-5234-8454-77256b2fe2d8,2024-03-19 07:41:00+00:00,21.697616,72.634268,industrial,built_up,0.173371647509579,0.401660280970626,0.280970625798212,,not_eligible,No supported PHOENIX emissions classification.
bc778909-6851-5c69-87ab-2b081b36d9df,2024-03-19 07:41:00+00:00,21.95357,72.79102,mixed_or_uncertain,grassland,0.197318007662835,0.468710089399745,0.0,,not_eligible,No supported PHOENIX emissions classification.
69745dd1-851c-5cc6-88f5-e160a2e6e17b,2024-03-19 20:10:00+00:00,21.76249,72.75015,mixed_or_uncertain,cropland,0.864303959131545,0.117177522349936,0.0,,not_eligible,No supported PHOENIX emissions classification.
07d9224b-99ab-525e-bef4-10d3629355fd,2024-03-20 07:23:00+00:00,21.96016,72.58041,mixed_or_uncertain,grassland,0.176883780332056,0.81992337164751,0.0,,not_eligible,No supported PHOENIX emissions classification.
24f023eb-5661-550e-b9bb-68db8fb08800,2024-03-20 07:23:00+00:00,22.06902375,72.67035,industrial,cropland,0.971902937420179,0.0280970625798212,0.0,,not_eligible,No supported PHOENIX emissions classification.
2c151c12-cc3a-5ce3-84d4-5305cdf6dda1,2024-03-20 07:23:00+00:00,21.95068,72.5847,mixed_or_uncertain,grassland,0.431992337164751,0.498722860791826,0.0,,not_eligible,No supported PHOENIX emissions classification.
4fac5400-a504-5b8d-93f7-7d58db3e972b,2024-03-20 08:12:00+00:00,21.81528,72.66055,mixed_or_uncertain,cropland,0.565453384418902,0.426564495530013,0.00159642401021711,,not_eligible,No supported PHOENIX emissions classification.
6ebb9b83-67d0-5094-bc08-6653b35e7116,2024-03-20 08:12:00+00:00,21.68141,72.63574,industrial,cropland,0.294380587484036,0.446998722860792,0.0,,not_eligible,No supported PHOENIX emissions classification.
d100ceef-d8f1-590b-ab02-a052627d5aa7,2024-03-20 08:12:00+00:00,21.45425,72.96929,mixed_or_uncertain,cropland,0.847701149425287,0.148467432950192,0.00383141762452107,,not_eligible,No supported PHOENIX emissions classification.
c4785d6d-ce14-52b8-9312-274e7cbc38d2,2024-03-20 09:03:00+00:00,22.08057,72.66906,mixed_or_uncertain,cropland,0.817049808429119,0.182950191570881,0.0,,not_eligible,No supported PHOENIX emissions classification.
c5c31285-50c6-59f4-b160-d631f34fe144,2024-03-20 09:03:00+00:00,22.00701,72.55339,mixed_or_uncertain,cropland,0.635376756066411,0.352171136653895,0.0,,not_eligible,No supported PHOENIX emissions classification.
51260a34-efad-5fb7-a74f-f9dac316dcaf,2024-03-20 09:03:00+00:00,21.52334,72.74148,mixed_or_uncertain,cropland,0.974137931034483,0.0258620689655172,0.0,,not_eligible,No supported PHOENIX emissions classification.
84ac89ac-cdf1-56fa-a43e-a8408b46a5fe,2024-03-20 09:03:00+00:00,22.061015,72.6702,mixed_or_uncertain,cropland,0.970306513409962,0.0296934865900383,0.0,,not_eligible,No supported PHOENIX emissions classification.
98ebd7d2-1b33-50e5-9ded-2522f4e59b21,2024-03-20 09:03:00+00:00,21.8276,72.87157,mixed_or_uncertain,cropland,1.0,0.0,0.0,,not_eligible,No supported PHOENIX emissions classification.
829d6ad1-bb5a-5762-8322-27e2b08872c6,2024-03-20 19:51:00+00:00,22.054475,72.69873,mixed_or_uncertain,cropland,0.955938697318008,0.0440613026819923,0.0,,not_eligible,No supported PHOENIX emissions classification.
3573043d-e28e-5684-8aff-007d3a8fa0cf,2024-03-20 20:41:00+00:00,21.74971,72.66191,mixed_or_uncertain,cropland,0.613665389527459,0.313537675606641,0.0670498084291188,,not_eligible,No supported PHOENIX emissions classification.
875e2aca-40a5-5d7b-a736-4af80d9622c8,2024-03-20 20:41:00+00:00,21.4348,72.97602,mixed_or_uncertain,cropland,0.533844189016603,0.425925925925926,0.0,,not_eligible,No supported PHOENIX emissions classification.
d0d2c6fa-f4d4-5b08-a78b-a3565839cb7f,2024-03-20 21:32:00+00:00,21.69331,72.6070566666667,mixed_or_uncertain,cropland,0.713282247765006,0.0769476372924649,0.206896551724138,,not_eligible,No supported PHOENIX emissions classification.
77ec61f2-334c-5efa-9dbb-37cf79416fad,2024-03-21 20:20:00+00:00,21.350215,72.95718,mixed_or_uncertain,built_up,0.028735632183908,0.162515964240102,0.765964240102171,,not_eligible,No supported PHOENIX emissions classification.
b3b681a9-4ec9-5da6-9fa0-c0b650b3ff26,2024-03-21 21:13:00+00:00,21.41253,72.79044,mixed_or_uncertain,cropland,0.672094508301405,0.327905491698595,0.0,,not_eligible,No supported PHOENIX emissions classification.
6ee36714-0c16-5166-8b4e-139c11a19adc,2024-03-22 07:32:00+00:00,21.7224466666667,72.67303,mixed_or_uncertain,cropland,0.609833971902937,0.343231162196679,0.0223499361430396,,not_eligible,No supported PHOENIX emissions classification.
34278315-2856-5010-b9fa-f48f0b09ecf4,2024-03-22 07:32:00+00:00,21.922,72.56239,mixed_or_uncertain,cropland,0.552681992337165,0.406768837803321,0.0,,not_eligible,No supported PHOENIX emissions classification.
4d1c0652-ed8c-559f-b002-e006768d1929,2024-03-22 08:25:00+00:00,21.68863,72.84536,mixed_or_uncertain,cropland,0.838441890166028,0.110472541507024,0.0242656449553001,,not_eligible,No supported PHOENIX emissions classification.
0ac70768-b59c-5692-8e73-1caedeb257ba,2024-03-22 09:12:00+00:00,21.84721,72.73569,mixed_or_uncertain,cropland,0.998722860791826,0.00127713920817369,0.0,,not_eligible,No supported PHOENIX emissions classification.
13bf1d5a-0a7e-5031-80ba-d0a9f17d8fdd,2024-03-22 09:12:00+00:00,21.82678,72.63967,mixed_or_uncertain,cropland,0.509259259259259,0.479565772669221,0.0,,not_eligible,No supported PHOENIX emissions classification.
ec2c650b-5802-5e70-b064-34ebc5365db3,2024-03-22 09:12:00+00:00,22.01082,72.7238,mixed_or_uncertain,cropland,0.477011494252874,0.450510855683269,0.0316091954022989,,not_eligible,No supported PHOENIX emissions classification.
4d0ac786-85f0-5eed-9d8c-3807c8eda49e,2024-03-22 20:54:00+00:00,21.37956,72.77724,mixed_or_uncertain,cropland,0.939974457215837,0.0600255427841635,0.0,,not_eligible,No supported PHOENIX emissions classification.
56b2ec35-6895-5b84-b2ef-56a00b349ddd,2024-03-23 08:06:00+00:00,21.39411,72.88593,mixed_or_uncertain,cropland,0.886653895274585,0.113346104725415,0.0,,not_eligible,No supported PHOENIX emissions classification.
daff6359-6ae0-5cc8-8453-78e186ddd241,2024-03-23 08:06:00+00:00,21.67286,72.80779,mixed_or_uncertain,cropland,0.962962962962963,0.037037037037037,0.0,,not_eligible,No supported PHOENIX emissions classification.
e5d18d38-c7c4-5339-bc98-0e8fa90d6d35,2024-03-23 08:06:00+00:00,21.92375,72.70081,mixed_or_uncertain,tree_cover,0.140804597701149,0.443805874840358,0.000638569604086846,,not_eligible,No supported PHOENIX emissions classification.
d360417a-d2ee-50c7-bb97-df6cfe88adc2,2024-03-23 08:07:00+00:00,21.96904,72.55879,mixed_or_uncertain,grassland,0.459131545338442,0.532886334610473,0.0,,not_eligible,No supported PHOENIX emissions classification.
f77cd7d1-6832-5194-b45b-79e3bc71f7b2,2024-03-23 20:35:00+00:00,21.74558,72.6647466666667,mixed_or_uncertain,cropland,0.48690932311622,0.343231162196679,0.156130268199234,,not_eligible,No supported PHOENIX emissions classification.
2ec572a1-0a99-579b-b3bc-4db5391edb09,2024-03-24 07:48:00+00:00,21.98798,72.88097,mixed_or_uncertain,cropland,0.89272030651341,0.105044699872286,0.0,,not_eligible,No supported PHOENIX emissions classification.
39ee1e64-73d6-5774-86fe-fd3d0a84616e,2024-03-24 08:31:00+00:00,21.85323,72.64621,mixed_or_uncertain,cropland,0.379948914431673,0.291187739463602,0.0,,not_eligible,No supported PHOENIX emissions classification.
c5878368-ef68-56ce-8be9-8f9d6f30d85b,2024-03-24 20:16:00+00:00,21.431965,72.977045,mixed_or_uncertain,cropland,0.606641123882503,0.393039591315453,0.0,,not_eligible,No supported PHOENIX emissions classification.
1307d098-5d66-54cb-a733-490e756c91a9,2024-03-24 20:59:00+00:00,21.39535,72.95287,mixed_or_uncertain,cropland,0.729246487867177,0.229565772669221,0.0261813537675607,,not_eligible,No supported PHOENIX emissions classification.
52097cca-c103-54de-9712-26f78fc75dff,2024-03-25 07:29:00+00:00,22.03123,72.80224,mixed_or_uncertain,cropland,0.824393358876118,0.175606641123882,0.0,,not_eligible,No supported PHOENIX emissions classification.
1d06e475-d1be-5ecf-9792-4814c116ff8e,2024-03-25 08:11:00+00:00,21.81485,72.71288,mixed_or_uncertain,cropland,0.885057471264368,0.0855683269476373,0.000638569604086846,,not_eligible,No supported PHOENIX emissions classification.
f5155808-7c34-595f-9511-ab534888e28c,2024-03-25 08:11:00+00:00,21.805515,72.98508,mixed_or_uncertain,cropland,0.753192848020434,0.203703703703704,0.0421455938697318,,not_eligible,No supported PHOENIX emissions classification.
069515cf-16ac-5414-a365-c277649a6cef,2024-03-26 07:50:00+00:00,21.791655,72.9035,mixed_or_uncertain,tree_cover,0.438378033205619,0.552681992337165,0.00893997445721584,,not_eligible,No supported PHOENIX emissions classification.
a66940bb-24d7-5a73-a8c2-afa078e6f155,2024-03-26 07:50:00+00:00,21.7347933333333,72.6796033333333,mixed_or_uncertain,cropland,0.626117496807152,0.325670498084291,0.0220306513409962,,not_eligible,No supported PHOENIX emissions classification.
a7fb6a96-55cb-5474-946b-d94f17f51821,2024-03-26 07:50:00+00:00,21.952025,72.7486925,industrial,cropland,0.543422733077905,0.456577266922094,0.0,,not_eligible,No supported PHOENIX emissions classification.
f3836ae5-8069-5273-af9b-0dfcc4fe9750,2024-03-26 07:50:00+00:00,21.77391,72.78639,mixed_or_uncertain,cropland,0.980842911877395,0.0146871008939974,0.0,,not_eligible,No supported PHOENIX emissions classification.
eacb2e7f-f8e2-5b17-8e7c-a93047ab8396,2024-03-26 08:50:00+00:00,21.69255,72.60863,mixed_or_uncertain,cropland,0.516602809706258,0.106960408684547,0.366538952745849,,not_eligible,No supported PHOENIX emissions classification.
f3f4370f-9409-5d1f-a33e-4ea1b4b724c8,2024-03-26 08:51:00+00:00,22.06935,72.70633,mixed_or_uncertain,cropland,0.912515964240102,0.0874840357598978,0.0,,not_eligible,No supported PHOENIX emissions classification.
0642800d-b257-5029-9ba8-25eda8556db6,2024-03-26 20:18:00+00:00,21.67318,72.54091,industrial,built_up,0.338122605363985,0.233077905491699,0.404214559386973,,not_eligible,No supported PHOENIX emissions classification.
22f4ac22-de06-5812-8831-412b7842647e,2024-03-27 07:30:00+00:00,21.90947,72.68316,mixed_or_uncertain,cropland,0.540549169859515,0.295019157088123,0.164431673052363,,not_eligible,No supported PHOENIX emissions classification.
6e33a22c-78d1-5e9f-86f9-eebf1cbad707,2024-03-27 07:30:00+00:00,21.731395,72.83759,mixed_or_uncertain,cropland,0.991379310344828,0.00862068965517241,0.0,,not_eligible,No supported PHOENIX emissions classification.
58f8cc51-a98b-5bef-a2ac-dbb58a24665b,2024-03-27 09:10:00+00:00,21.78633,72.76598,mixed_or_uncertain,cropland,1.0,0.0,0.0,,not_eligible,No supported PHOENIX emissions classification.
7bb08cf3-6427-5630-9767-ab24bc603fed,2024-03-27 21:00:00+00:00,21.72572,72.72125,mixed_or_uncertain,tree_cover,0.157088122605364,0.639846743295019,0.2014687100894,,not_eligible,No supported PHOENIX emissions classification.
285d0837-e7bb-5568-8633-ffe9db612b16,2024-03-28 08:13:00+00:00,21.83484,72.99869,mixed_or_uncertain,cropland,0.841954022988506,0.158045977011494,0.0,,not_eligible,No supported PHOENIX emissions classification.
323ea813-781a-5216-ad53-df756a25cd21,2024-03-28 08:13:00+00:00,21.76312,72.72845,mixed_or_uncertain,cropland,0.873882503192848,0.105044699872286,0.0210727969348659,,not_eligible,No supported PHOENIX emissions classification.
68ae59f0-42f6-5fe7-b717-7c2db6d792e5,2024-03-28 08:13:00+00:00,21.89211,72.66267,mixed_or_uncertain,cropland,0.705938697318008,0.287994891443167,0.00606641123882503,,not_eligible,No supported PHOENIX emissions classification.
9e0cd657-d3e4-5fe7-a13e-220423fc042c,2024-03-28 08:13:00+00:00,21.73084,72.7905,mixed_or_uncertain,cropland,0.757982120051086,0.130906768837803,0.0,,not_eligible,No supported PHOENIX emissions classification.
4acbf69d-b06d-507c-84c6-29ca3d7e72d1,2024-03-28 08:13:00+00:00,21.83889,72.70335,mixed_or_uncertain,cropland,0.931353767560664,0.0686462324393359,0.0,,not_eligible,No supported PHOENIX emissions classification.
a2b87f34-5a38-5830-a20c-f8a97a56c473,2024-03-28 08:49:00+00:00,21.80697,72.98269,mixed_or_uncertain,cropland,0.848659003831418,0.143997445721584,0.00734355044699872,,not_eligible,No supported PHOENIX emissions classification.
e6cefbb6-4cba-50c0-b163-ea153a702dc6,2024-03-28 08:50:00+00:00,22.07132,72.664015,mixed_or_uncertain,cropland,0.865261813537676,0.134738186462324,0.0,,not_eligible,No supported PHOENIX emissions classification.
4bf04843-3230-57cc-a1eb-56485644965e,2024-03-29 07:54:00+00:00,22.08644,72.59419,mixed_or_uncertain,cropland,0.559386973180077,0.440613026819923,0.0,,not_eligible,No supported PHOENIX emissions classification.
613cb35e-3ba2-55eb-89a9-015f62d64452,2024-03-29 08:29:00+00:00,21.70562,72.74886,mixed_or_uncertain,cropland,0.754469987228608,0.236270753512133,0.00830140485312899,,not_eligible,No supported PHOENIX emissions classification.
545c8df5-ff86-578a-8357-4b0565b35100,2024-03-29 08:29:00+00:00,21.777215,72.81147,mixed_or_uncertain,cropland,0.625478927203065,0.342911877394636,0.00383141762452107,,not_eligible,No supported PHOENIX emissions classification.
b0882855-00e0-552e-8ddc-fb3ce74999cf,2024-03-29 08:29:00+00:00,21.7710233333333,72.78597,industrial,cropland,0.985632183908046,0.0124521072796935,0.0,,not_eligible,No supported PHOENIX emissions classification.
cc50f28f-3452-50af-8a10-5e42c0ca5b31,2024-03-29 08:29:00+00:00,22.05081,72.91811,mixed_or_uncertain,cropland,0.554916985951469,0.445083014048531,0.0,,not_eligible,No supported PHOENIX emissions classification.
a1798d19-1654-5756-b319-a25206af3434,2024-03-29 20:57:00+00:00,21.72856,72.89434,mixed_or_uncertain,cropland,0.955619412515964,0.0274584929757344,0.0169220945083014,,not_eligible,No supported PHOENIX emissions classification.
3d806329-8a8c-532e-985e-81e7e4642df5,2024-03-29 20:57:00+00:00,21.90869,72.68215,mixed_or_uncertain,cropland,0.710089399744572,0.226372924648787,0.061941251596424,,not_eligible,No supported PHOENIX emissions classification.
4b560ffd-9a7e-5b45-990e-0b8da52707e5,2024-03-30 07:35:00+00:00,21.81168,72.86018,mixed_or_uncertain,cropland,0.780332056194125,0.188697318007663,0.0,,not_eligible,No supported PHOENIX emissions classification.
8478cf6e-d16f-5001-a8e5-94a96e3c7e91,2024-03-30 07:35:00+00:00,22.078115,72.6085825,mixed_or_uncertain,cropland,0.958492975734355,0.041507024265645,0.0,,not_eligible,No supported PHOENIX emissions classification.
acf3e10a-5aa4-5672-b05a-f07c3ba26aad,2024-03-30 07:35:00+00:00,21.477815,72.853125,mixed_or_uncertain,cropland,0.969029374201788,0.030970625798212,0.0,,not_eligible,No supported PHOENIX emissions classification.
e7577d85-9b2d-576e-ad07-3bd964dcc6c7,2024-03-30 07:35:00+00:00,21.88954,72.77536,mixed_or_uncertain,cropland,0.43933588761175,0.56066411238825,0.0,,not_eligible,No supported PHOENIX emissions classification.
8d9d0d38-b3db-5ae0-97b9-e84763e602b5,2024-03-30 08:08:00+00:00,22.00028,72.86363,mixed_or_uncertain,cropland,0.957535121328225,0.0424648786717752,0.0,,not_eligible,No supported PHOENIX emissions classification.
8d9ed564-0361-5aaf-8a64-8321f6c04725,2024-03-30 08:08:00+00:00,21.74706,72.80769,mixed_or_uncertain,cropland,0.923690932311622,0.076309067688378,0.0,,not_eligible,No supported PHOENIX emissions classification.
9232b784-d083-5d17-8195-c05bede3e479,2024-03-30 08:08:00+00:00,21.87275,72.81895,mixed_or_uncertain,cropland,0.993933588761175,0.00606641123882503,0.0,,not_eligible,No supported PHOENIX emissions classification.
c35212a0-f70e-5351-b9e9-d57fdc191abd,2024-03-30 08:08:00+00:00,21.69251,72.77055,mixed_or_uncertain,cropland,0.506385696040868,0.235951468710089,0.0,,not_eligible,No supported PHOENIX emissions classification.
de7dc0f0-b992-59de-8544-bd99a8ce95ea,2024-03-30 08:08:00+00:00,21.42204,72.8037,mixed_or_uncertain,cropland,0.528416347381865,0.436781609195402,0.0,,not_eligible,No supported PHOENIX emissions classification.
18d5b730-5d9b-5d27-87ab-7004dbb55f67,2024-03-31 07:48:00+00:00,21.66812,72.7725,mixed_or_uncertain,cropland,0.839399744572158,0.120689655172414,0.0,,not_eligible,No supported PHOENIX emissions classification.
6f999347-9d77-50ad-9c53-0cf2d9175a43,2024-03-31 07:48:00+00:00,21.37777,72.98251,mixed_or_uncertain,cropland,0.621966794380587,0.305874840357599,0.0140485312899106,,not_eligible,No supported PHOENIX emissions classification.
4d6c5918-f4f4-5fa4-8214-085947728500,2024-03-31 08:57:00+00:00,21.90828,72.6854,mixed_or_uncertain,cropland,0.379948914431673,0.393039591315453,0.227011494252874,,not_eligible,No supported PHOENIX emissions classification.
a988ee15-76d2-5b28-9cf7-0e1bad368b1e,2024-04-01 07:27:00+00:00,21.6317,72.95353,mixed_or_uncertain,cropland,0.607598978288633,0.386334610472542,0.00606641123882503,,not_eligible,No supported PHOENIX emissions classification.
e9ebfbad-6326-56f9-b5ab-c489f419709f,2024-04-01 08:38:00+00:00,22.04348,72.9379,mixed_or_uncertain,tree_cover,0.237228607918263,0.558429118773946,0.121328224776501,,not_eligible,No supported PHOENIX emissions classification.
fb8e1657-2bf8-5633-bdfc-65590f7dd0ad,2024-04-01 08:38:00+00:00,21.63542,72.91347,mixed_or_uncertain,cropland,0.854406130268199,0.145593869731801,0.0,,not_eligible,No supported PHOENIX emissions classification.
a025fcde-d5bc-57fd-89fe-df68294f1961,2024-04-01 21:07:00+00:00,21.38025,72.93272,mixed_or_uncertain,cropland,0.49904214559387,0.50095785440613,0.0,,not_eligible,No supported PHOENIX emissions classification.
721499e9-cdd9-5f4c-a597-7c65f7ffe804,2024-04-01 21:35:00+00:00,21.89359,72.97128,mixed_or_uncertain,cropland,0.900063856960409,0.0992975734355045,0.0,,not_eligible,No supported PHOENIX emissions classification.
84547eb5-f352-5265-bd6f-efd526c3912a,2024-04-02 08:19:00+00:00,21.400685,72.675475,mixed_or_uncertain,cropland,0.460408684546616,0.539591315453384,0.0,,not_eligible,No supported PHOENIX emissions classification.
769bcfde-a607-52aa-bf08-a58dde3b13a1,2024-04-02 08:47:00+00:00,21.39302,72.82767,mixed_or_uncertain,cropland,0.628352490421456,0.371328224776501,0.0,,not_eligible,No supported PHOENIX emissions classification.
810a6b47-d4b0-58a4-9798-1a2143635143,2024-04-03 08:27:00+00:00,21.98507,72.76935,mixed_or_uncertain,grassland,0.266602809706258,0.487228607918263,0.219029374201788,,not_eligible,No supported PHOENIX emissions classification.
b3749307-f653-50e6-a133-6975b323abe3,2024-04-03 08:27:00+00:00,22.00036,72.70769,mixed_or_uncertain,grassland,0.0753512132822478,0.8227969348659,0.0491698595146871,,not_eligible,No supported PHOENIX emissions classification.
dd606d7b-8f14-5d08-96ac-056a3c23cec5,2024-04-03 08:27:00+00:00,21.35059,72.76913,mixed_or_uncertain,cropland,0.699872286079183,0.300127713920817,0.0,,not_eligible,No supported PHOENIX emissions classification.
e81697f9-6a94-56c2-8208-143e8a78c588,2024-04-03 08:27:00+00:00,21.72293,72.80715,mixed_or_uncertain,cropland,0.929438058748404,0.0683269476372925,0.0,,not_eligible,No supported PHOENIX emissions classification.
aad558b6-cace-531d-8ee0-5b99c8a2fc14,2024-04-04 07:42:00+00:00,21.69843,72.95565,mixed_or_uncertain,cropland,0.736590038314176,0.0932311621966794,0.170178799489144,,not_eligible,No supported PHOENIX emissions classification.
3b7822c1-84e9-537c-8b17-80cfb23f7ce1,2024-04-04 08:06:00+00:00,21.70069,72.71161,mixed_or_uncertain,cropland,0.911877394636015,0.0881226053639847,0.0,,not_eligible,No supported PHOENIX emissions classification.
a37b66f0-8d54-5cd8-9515-498218ab4de0,2024-04-04 08:06:00+00:00,21.80749,72.76099,mixed_or_uncertain,cropland,0.780012771392082,0.216475095785441,0.0,,not_eligible,No supported PHOENIX emissions classification.
15feabc2-bd44-52b9-b1c6-669e92d74fe0,2024-04-04 20:10:00+00:00,21.6944,72.6028533333333,industrial,cropland,0.97669220945083,0.00351213282247765,0.0197956577266922,,not_eligible,No supported PHOENIX emissions classification.
cc0f242f-e6e0-53fc-af39-88bc6d7ba608,2024-04-04 20:35:00+00:00,21.37058,72.76186,mixed_or_uncertain,cropland,0.9029374201788,0.0970625798212005,0.0,,not_eligible,No supported PHOENIX emissions classification.
3f9d2676-5df7-5aec-a148-567cf553c5d8,2024-04-05 07:23:00+00:00,21.71885125,72.6763575,industrial,tree_cover,0.292784163473819,0.662515964240102,0.022669220945083,,not_eligible,No supported PHOENIX emissions classification.
799876f2-e30e-52c1-8502-91ef41dca1ee,2024-04-05 07:23:00+00:00,21.712436,72.764408,mixed_or_uncertain,tree_cover,0.199872286079183,0.789910600255428,0.0,,not_eligible,No supported PHOENIX emissions classification.
8075014b-ce11-5ef1-8c64-7cd54bd46518,2024-04-05 07:23:00+00:00,21.9581,72.552405,mixed_or_uncertain,cropland,0.672413793103448,0.237228607918263,0.0,,not_eligible,No supported PHOENIX emissions classification.
ba9abf7a-e97a-558d-92bb-f58e2d3ca6bf,2024-04-05 07:23:00+00:00,21.765645,72.614265,mixed_or_uncertain,cropland,0.914112388250319,0.0839719029374202,0.0,,not_eligible,No supported PHOENIX emissions classification.
0f2a0c1f-67a2-5f02-8092-75121ef2074d,2024-04-05 07:47:00+00:00,21.59012,72.96378,mixed_or_uncertain,cropland,0.947956577266922,0.0520434227330779,0.0,,not_eligible,No supported PHOENIX emissions classification.
870636a2-a5f8-54c2-86e4-1713bf81fcf6,2024-04-05 07:47:00+00:00,21.69592,72.97133,mixed_or_uncertain,built_up,0.176245210727969,0.30970625798212,0.514048531289911,,not_eligible,No supported PHOENIX emissions classification.
daf22857-d124-5418-9667-a586cc6c4e01,2024-04-05 07:47:00+00:00,21.72343,72.6953,mixed_or_uncertain,cropland,0.924648786717752,0.0753512132822478,0.0,,not_eligible,No supported PHOENIX emissions classification.
6c7f33f5-c38f-5348-9a71-a966f80e3901,2024-04-05 09:03:00+00:00,21.852375,72.813455,mixed_or_uncertain,cropland,0.999680715197957,0.000319284802043423,0.0,,not_eligible,No supported PHOENIX emissions classification.
1c8142e7-171d-5137-bc72-d9699cc5c600,2024-04-05 09:03:00+00:00,21.43923,72.87021,mixed_or_uncertain,cropland,0.568007662835249,0.431992337164751,0.0,,not_eligible,No supported PHOENIX emissions classification.
254e898f-32e1-5e7a-abc8-94325ec9fca1,2024-04-05 09:03:00+00:00,21.82007,72.877145,mixed_or_uncertain,cropland,0.633141762452107,0.279374201787995,0.0874840357598978,,not_eligible,No supported PHOENIX emissions classification.
294a10b8-2e93-530e-8d94-8b01df8c47d8,2024-04-05 09:03:00+00:00,22.04469,72.77752,mixed_or_uncertain,cropland,0.622924648786718,0.377075351213282,0.0,,not_eligible,No supported PHOENIX emissions classification.
542b9465-646a-5e6e-aceb-f3f7eda26c4f,2024-04-05 09:03:00+00:00,22.0379933333333,72.7203166666667,mixed_or_uncertain,cropland,0.499361430395913,0.495210727969349,0.0,,not_eligible,No supported PHOENIX emissions classification.
60808a3b-0c2d-5f07-bf48-22f504b50bf6,2024-04-05 09:03:00+00:00,21.8072,72.66375,mixed_or_uncertain,cropland,0.541507024265645,0.456896551724138,0.00127713920817369,,not_eligible,No supported PHOENIX emissions classification.
04fd3b43-bf53-5564-9c1a-37ee6202c24b,2024-04-06 08:44:00+00:00,21.75416,72.60593,mixed_or_uncertain,grassland,0.428799489144317,0.530332056194125,0.0,,not_eligible,No supported PHOENIX emissions classification.
158af449-5f72-5cc9-b802-6d974c33c112,2024-04-06 08:44:00+00:00,21.71873,72.98862,mixed_or_uncertain,built_up,0.112388250319285,0.119731800766284,0.767879948914432,,not_eligible,No supported PHOENIX emissions classification.
1e726952-8dcd-5960-9345-a2f4f64ebe98,2024-04-06 08:44:00+00:00,21.51606,72.76736,mixed_or_uncertain,cropland,0.892081736909323,0.107918263090677,0.0,,not_eligible,No supported PHOENIX emissions classification.
bbc24d92-bce1-59e2-9eab-94ae980a1496,2024-04-06 08:44:00+00:00,21.78101,72.98565,mixed_or_uncertain,cropland,0.446998722860792,0.423052362707535,0.0386334610472542,,not_eligible,No supported PHOENIX emissions classification.
dfd3072c-cd59-5fa0-ae74-39ee66499fb5,2024-04-06 08:44:00+00:00,21.73359,72.91607,mixed_or_uncertain,cropland,1.0,0.0,0.0,,not_eligible,No supported PHOENIX emissions classification.
6d4bab5e-0154-5b73-8cec-4d35c020fd86,2024-04-06 09:09:00+00:00,21.97103,72.81919,mixed_or_uncertain,cropland,0.767560664112388,0.225095785440613,0.0,,not_eligible,No supported PHOENIX emissions classification.
f94b16c7-72b7-5d51-b734-7871410a5a89,2024-04-06 21:13:00+00:00,22.076365,72.650655,mixed_or_uncertain,cropland,0.969987228607918,0.0300127713920817,0.0,,not_eligible,No supported PHOENIX emissions classification.
2376063f-44ce-597b-8554-61b5474cc0b6,2024-04-07 08:25:00+00:00,21.76534,72.63587,mixed_or_uncertain,cropland,0.903256704980843,0.09514687100894,0.0,,not_eligible,No supported PHOENIX emissions classification.
2edd99a6-613b-5c86-8881-8bf75731ff9c,2024-04-07 08:25:00+00:00,21.69336,72.91147,mixed_or_uncertain,cropland,0.547254150702427,0.406768837803321,0.000638569604086846,,not_eligible,No supported PHOENIX emissions classification.
3ac45295-0f2c-532e-ab49-01415d0e61d8,2024-04-07 08:50:00+00:00,21.68246,72.64622,mixed_or_uncertain,cropland,0.418901660280971,0.366219667943806,0.0,,not_eligible,No supported PHOENIX emissions classification.
650b8e1c-6042-5550-8261-3ff36fa0c6a9,2024-04-07 08:50:00+00:00,21.79339,72.90576,mixed_or_uncertain,cropland,0.527777777777778,0.453703703703704,0.0185185185185185,,not_eligible,No supported PHOENIX emissions classification.
591398e1-76f5-5b6c-b98e-085aa0cfa957,2024-04-07 20:54:00+00:00,21.72081,72.81459,mixed_or_uncertain,cropland,0.955300127713921,0.0446998722860792,0.0,,not_eligible,No supported PHOENIX emissions classification.
f871ced5-cad6-5c39-aa97-3a33cd25ce18,2024-04-07 20:54:00+00:00,21.43117,72.97493,mixed_or_uncertain,tree_cover,0.371966794380587,0.628033205619413,0.0,,not_eligible,No supported PHOENIX emissions classification.
3398bff0-184b-54cb-9646-bcf9de88790c,2024-04-08 08:07:00+00:00,21.40978,72.98898,mixed_or_uncertain,tree_cover,0.269476372924649,0.725095785440613,0.0,,not_eligible,No supported PHOENIX emissions classification.
df514667-75c6-5ed0-a30a-b90ec63507b3,2024-04-08 08:07:00+00:00,21.8033166666667,72.9198266666667,mixed_or_uncertain,cropland,0.83397190293742,0.16602809706258,0.0,,not_eligible,No supported PHOENIX emissions classification.
28199962-193a-5ab4-a5d6-126d89e198e0,2024-04-08 08:31:00+00:00,21.97085,72.88276,mixed_or_uncertain,cropland,0.485632183908046,0.510855683269476,0.0,,not_eligible,No supported PHOENIX emissions classification.
3dc332f3-c89a-5f5e-9e29-4c87ce12a473,2024-04-08 08:31:00+00:00,22.00758,72.85957,mixed_or_uncertain,cropland,0.805874840357599,0.176883780332056,0.0,,not_eligible,No supported PHOENIX emissions classification.
894b85b0-4338-515f-9cb2-01ec9775423e,2024-04-08 08:31:00+00:00,21.62492,72.85741,mixed_or_uncertain,tree_cover,0.181992337164751,0.818007662835249,0.0,,not_eligible,No supported PHOENIX emissions classification.
3644b50e-e25c-53d7-b02d-4ca0be835b96,2024-04-08 20:35:00+00:00,21.71289,72.92534,mixed_or_uncertain,cropland,0.697956577266922,0.302043422733078,0.0,,not_eligible,No supported PHOENIX emissions classification.
0f263620-f332-5b3f-a4f6-a6e2a4b4f12a,2024-04-09 07:48:00+00:00,21.73911,72.76262,mixed_or_uncertain,cropland,0.798212005108557,0.14272030651341,0.0,,not_eligible,No supported PHOENIX emissions classification.
6faab44d-58a6-5c70-a178-8ead35344600,2024-04-09 07:48:00+00:00,21.84371,72.69154,mixed_or_uncertain,cropland,0.654214559386973,0.33492975734355,0.00510855683269476,,not_eligible,No supported PHOENIX emissions classification.
f85842a8-e2fa-57de-a236-d9c1a17e9c96,2024-04-09 08:13:00+00:00,21.73467,72.60246,industrial,cropland,0.926245210727969,0.0737547892720306,0.0,,not_eligible,No supported PHOENIX emissions classification.
92f841e3-ff0a-56e9-a97b-3d919fa98207,2024-04-10 07:54:00+00:00,21.36616,72.85519,mixed_or_uncertain,cropland,0.65581098339719,0.34418901660281,0.0,,not_eligible,No supported PHOENIX emissions classification.
9cadba65-7195-5099-999b-9134d7f0cffb,2024-04-10 07:54:00+00:00,21.72373,72.81321,mixed_or_uncertain,cropland,0.764687100893997,0.219987228607918,0.00127713920817369,,not_eligible,No supported PHOENIX emissions classification.
ede20c23-b05e-54eb-9d6a-c0570ee0339b,2024-04-10 07:54:00+00:00,21.42502,72.8151566666667,mixed_or_uncertain,cropland,0.592592592592593,0.360153256704981,0.0,,not_eligible,No supported PHOENIX emissions classification.
a5d5e68c-5047-5db9-a03d-b7028eddabcf,2024-04-10 09:09:00+00:00,21.7955166666667,72.71956,mixed_or_uncertain,cropland,0.98690932311622,0.00798212005108557,0.00510855683269476,,not_eligible,No supported PHOENIX emissions classification.
1d938cb5-67c8-5578-b3c4-579b4feaeed7,2024-04-12 08:32:00+00:00,21.71009,72.79652,mixed_or_uncertain,cropland,0.892081736909323,0.0925925925925926,0.0,,not_eligible,No supported PHOENIX emissions classification.
f8283e4d-bb67-56c8-a6a5-1e04b766195f,2024-04-12 08:32:00+00:00,21.73245,72.98988,mixed_or_uncertain,cropland,0.871328224776501,0.0890804597701149,0.00606641123882503,,not_eligible,No supported PHOENIX emissions classification.
ea988002-2f20-591e-937e-29ed7a320889,2024-04-12 08:57:00+00:00,21.781,72.96207,mixed_or_uncertain,cropland,0.990102171136654,0.00989782886334611,0.0,,not_eligible,No supported PHOENIX emissions classification.
675ef0de-cb48-5f5f-a846-641d95e2f549,2024-04-13 08:13:00+00:00,21.37081,72.81477,mixed_or_uncertain,cropland,0.698595146871009,0.301404853128991,0.0,,not_eligible,No supported PHOENIX emissions classification.
e979e4ae-3435-59ca-9a85-969625e44e59,2024-04-13 08:13:00+00:00,21.75096,72.74128,mixed_or_uncertain,cropland,0.625798212005109,0.374201787994891,0.0,,not_eligible,No supported PHOENIX emissions classification.
4bf62cb3-b8e5-5c9c-a1cc-f41acf666ec2,2024-04-13 08:38:00+00:00,21.90693,72.87573,mixed_or_uncertain,cropland,0.924329501915709,0.0756704980842912,0.0,,not_eligible,No supported PHOENIX emissions classification.
478c5b0a-16b7-5912-9fc6-44e99f8c0c6c,2024-04-13 08:38:00+00:00,22.04078,72.86413,mixed_or_uncertain,cropland,0.598978288633461,0.401021711366539,0.0,,not_eligible,No supported PHOENIX emissions classification.
7b71b1fb-80a2-5e01-9537-a7c54a3094fc,2024-04-13 08:38:00+00:00,21.96963,72.80863,mixed_or_uncertain,cropland,0.943167305236271,0.0549169859514687,0.0,,not_eligible,No supported PHOENIX emissions classification.
b1ae0ea0-1db9-53af-acc1-a40bfce02306,2024-04-13 08:38:00+00:00,21.45378,72.89859,mixed_or_uncertain,cropland,0.608876117496807,0.375798212005109,0.000638569604086846,,not_eligible,No supported PHOENIX emissions classification.
bf47725c-134f-5738-94d3-a73c08c022eb,2024-04-13 20:42:00+00:00,21.43271,72.9754266666667,industrial,tree_cover,0.471264367816092,0.528416347381865,0.0,,not_eligible,No supported PHOENIX emissions classification.
81577a6a-b46a-51f4-8cbd-2c19cb7f4f12,2024-04-14 07:54:00+00:00,22.07144,72.66408,mixed_or_uncertain,cropland,0.852809706257982,0.147190293742018,0.0,,not_eligible,No supported PHOENIX emissions classification.
85860615-210a-5af0-a7a9-5e2ab20b7832,2024-04-14 07:54:00+00:00,21.8242433333333,72.9523133333333,mixed_or_uncertain,cropland,0.625798212005109,0.295977011494253,0.0,,not_eligible,No supported PHOENIX emissions classification.
b328e846-8236-50ef-badf-9bea73909247,2024-04-14 08:19:00+00:00,21.47418,72.79536,mixed_or_uncertain,cropland,0.806194125159642,0.193805874840358,0.0,,not_eligible,No supported PHOENIX emissions classification.
b27c2723-181f-545a-9498-8493b8fb8306,2024-04-14 08:19:00+00:00,21.68274,72.78156,mixed_or_uncertain,cropland,0.515325670498084,0.27522349936143,0.178480204342273,,not_eligible,No supported PHOENIX emissions classification.
e8417578-ef42-54c6-bd87-c0f4647974ce,2024-04-14 08:19:00+00:00,21.72959,72.84526,mixed_or_uncertain,cropland,0.965836526181354,0.00734355044699872,0.0,,not_eligible,No supported PHOENIX emissions classification.
40cf52fb-aacf-5733-bdd2-e62a9d050594,2024-04-15 07:35:00+00:00,21.74574,72.93531,mixed_or_uncertain,cropland,0.647190293742018,0.153575989782886,0.0590676883780332,,not_eligible,No supported PHOENIX emissions classification.
c957a713-366c-5f62-9c3c-0b99d360a2cc,2024-04-15 07:35:00+00:00,21.81301,72.88719,mixed_or_uncertain,cropland,0.909961685823755,0.0791826309067688,0.0108556832694764,,not_eligible,No supported PHOENIX emissions classification.
af6465b0-8774-5195-b3c0-c01ca199ef35,2024-04-15 08:01:00+00:00,22.04015,72.66533,mixed_or_uncertain,cropland,0.566730523627075,0.390166028097063,0.0,,not_eligible,No supported PHOENIX emissions classification.
3de8fa99-315f-5fbc-a155-83c18719e6fd,2024-04-15 08:01:00+00:00,21.73826,72.76322,mixed_or_uncertain,cropland,0.798212005108557,0.172733077905492,0.0,,not_eligible,No supported PHOENIX emissions classification.
9c3bc8d6-d213-51d6-bd66-b4881a4df9b0,2024-04-15 08:01:00+00:00,21.95903,72.81985,mixed_or_uncertain,grassland,0.464878671775224,0.532567049808429,0.0,,not_eligible,No supported PHOENIX emissions classification.
37f2b42e-e467-5fc2-852a-75fd47be234a,2024-04-16 07:42:00+00:00,21.37656,72.91328,mixed_or_uncertain,cropland,0.727011494252874,0.264687100893997,0.00670498084291188,,not_eligible,No supported PHOENIX emissions classification.
93f052cb-7c17-5256-8242-52b6030e52a0,2024-04-16 07:42:00+00:00,21.45277,72.98701,mixed_or_uncertain,cropland,0.84418901660281,0.0839719029374202,0.0718390804597701,,not_eligible,No supported PHOENIX emissions classification.
ea350128-468f-5f65-969a-7fd26c1a33f0,2024-04-16 07:42:00+00:00,21.971615,72.949215,mixed_or_uncertain,cropland,0.994572158365262,0.00542784163473819,0.0,,not_eligible,No supported PHOENIX emissions classification.
2c76aa68-65ef-5711-bcc3-9e8ed66afb2f,2024-04-16 08:57:00+00:00,22.08242,72.90423,mixed_or_uncertain,cropland,0.818007662835249,0.181992337164751,0.0,,not_eligible,No supported PHOENIX emissions classification.
9389b0c6-4d65-57a7-8bd6-d6f852f0ad57,2024-04-16 08:57:00+00:00,21.81564,72.77625,mixed_or_uncertain,cropland,0.738186462324393,0.261813537675607,0.0,,not_eligible,No supported PHOENIX emissions classification.
a5ca672b-09b5-55e0-bf0a-d4b3f3fa5af9,2024-04-16 08:57:00+00:00,21.74269,72.62246,mixed_or_uncertain,cropland,0.363346104725415,0.396871008939974,0.0028735632183908,,not_eligible,No supported PHOENIX emissions classification.
bc87e630-c1f9-53ef-9986-e60ec74cd8b9,2024-04-17 08:38:00+00:00,21.71413,72.92997,mixed_or_uncertain,cropland,0.680715197956577,0.314495530012771,0.00319284802043423,,not_eligible,No supported PHOENIX emissions classification.
4dc8a934-df84-548e-b676-b111b454c2e2,2024-04-17 08:38:00+00:00,22.062675,72.712635,industrial,cropland,0.547254150702427,0.449233716475096,0.0,,not_eligible,No supported PHOENIX emissions classification.
e848422a-b314-52fd-8b44-2a210b8735d6,2024-04-17 08:38:00+00:00,21.53345,72.81923,mixed_or_uncertain,cropland,0.888569604086845,0.106002554278416,0.00542784163473819,,not_eligible,No supported PHOENIX emissions classification.
90786300-a9c1-58ef-8dd8-2ecf918f1bd8,2024-04-17 09:04:00+00:00,21.7380825,72.683685,mixed_or_uncertain,tree_cover,0.241379310344828,0.528735632183908,0.0443805874840358,,not_eligible,No supported PHOENIX emissions classification.
f14f4ebf-562c-5b3c-99f8-c065c4b78858,2024-04-17 09:04:00+00:00,21.75521,72.93773,mixed_or_uncertain,cropland,0.586206896551724,0.269476372924649,0.0,,not_eligible,No supported PHOENIX emissions classification.
9e8fa956-985b-535f-b569-a0e37f228d23,2024-04-17 21:07:00+00:00,21.39538,72.95287,mixed_or_uncertain,cropland,0.728288633461047,0.231800766283525,0.0261813537675607,,not_eligible,No supported PHOENIX emissions classification.
8c3d255b-7577-5bb0-bc9e-d15e2a0dfc16,2024-04-18 08:19:00+00:00,21.828445,72.984035,mixed_or_uncertain,cropland,0.838122605363985,0.161877394636015,0.0,,not_eligible,No supported PHOENIX emissions classification.
2c6378ad-2ba0-5f37-9094-65177eb4bf72,2024-04-18 08:19:00+00:00,22.05124,72.85346,mixed_or_uncertain,cropland,0.538314176245211,0.461685823754789,0.0,,not_eligible,No supported PHOENIX emissions classification.
2d7411b4-587d-5d4f-aa71-8a3374651d9a,2024-04-18 08:19:00+00:00,21.73555,72.88972,mixed_or_uncertain,cropland,0.968710089399745,0.0312899106002554,0.0,,not_eligible,No supported PHOENIX emissions classification.
433b6c56-61d5-55f6-b270-e5aac878a787,2024-04-18 08:19:00+00:00,21.75299,72.67361,mixed_or_uncertain,cropland,0.820242656449553,0.110153256704981,0.0,,not_eligible,No supported PHOENIX emissions classification.
9c5a13ea-5412-55a7-8ad8-f4c1f9c6a242,2024-04-18 08:19:00+00:00,21.75416,72.84884,mixed_or_uncertain,cropland,0.838441890166028,0.148467432950192,0.0,,not_eligible,No supported PHOENIX emissions classification.
a4e1cbd4-a534-5242-a4a7-e96b8f3d850e,2024-04-18 08:19:00+00:00,22.0129866666667,72.78489,industrial,cropland,0.776500638569604,0.125798212005109,0.0,,not_eligible,No supported PHOENIX emissions classification.
c3cfff72-9927-5645-8317-dfa0918d7668,2024-04-18 08:45:00+00:00,21.98835,72.63312,mixed_or_uncertain,grassland,0.100893997445722,0.847701149425287,0.0316091954022989,,not_eligible,No supported PHOENIX emissions classification.
7b76289c-a8bd-5d97-8ce1-fd9db7698c0b,2024-04-18 08:45:00+00:00,21.96045,72.87334,mixed_or_uncertain,cropland,0.328863346104725,0.471902937420179,0.198595146871009,,not_eligible,No supported PHOENIX emissions classification.
9900a049-3338-5687-b43e-e6de879ab836,2024-04-18 08:45:00+00:00,21.98594,72.94219,mixed_or_uncertain,tree_cover,0.468071519795658,0.531928480204342,0.0,,not_eligible,No supported PHOENIX emissions classification.
0c666252-587c-5b04-be9e-eaa2c2becb62,2024-04-19 08:00:00+00:00,21.80907,72.94659,mixed_or_uncertain,cropland,1.0,0.0,0.0,,not_eligible,No supported PHOENIX emissions classification.
6c25e5b6-084d-5837-a209-e03cfec1000e,2024-04-19 08:00:00+00:00,22.0031933333333,72.7663566666667,mixed_or_uncertain,cropland,0.691570881226054,0.308429118773946,0.0,,not_eligible,No supported PHOENIX emissions classification.
9def333e-c775-5aab-9e52-bbce29d80c49,2024-04-19 08:00:00+00:00,21.73907,72.9344,mixed_or_uncertain,cropland,0.742337164750958,0.116219667943806,0.0,,not_eligible,No supported PHOENIX emissions classification.
45d98f2f-d521-52cb-8852-b3591f2f8b87,2024-04-19 08:00:00+00:00,21.48033,72.73232,mixed_or_uncertain,cropland,0.343231162196679,0.245530012771392,0.0,,not_eligible,No supported PHOENIX emissions classification.
4aa26a14-4fc0-5a13-b2d8-cffcc507faf7,2024-04-19 08:00:00+00:00,21.98939,72.6988833333333,mixed_or_uncertain,cropland,0.532247765006386,0.436462324393359,0.0,,not_eligible,No supported PHOENIX emissions classification.
fe2c291b-00a5-56ff-b772-f3fb06dcf13d,2024-04-19 08:00:00+00:00,21.73042,72.6848,mixed_or_uncertain,cropland,0.353767560664112,0.404214559386973,0.0312899106002554,,not_eligible,No supported PHOENIX emissions classification.
9ade71d2-b246-589c-8c3f-3a70e68ee64e,2024-04-19 08:26:00+00:00,21.74069,72.87509,mixed_or_uncertain,cropland,0.964240102171137,0.0293742017879949,0.0,,not_eligible,No supported PHOENIX emissions classification.
109ca16e-b009-5203-9e1c-5adff04d24dc,2024-04-20 07:42:00+00:00,22.04328,72.83372,mixed_or_uncertain,cropland,0.856641123882503,0.140485312899106,0.0028735632183908,,not_eligible,No supported PHOENIX emissions classification.
37102c40-bd9a-521a-98a6-906e7cc19dbc,2024-04-20 07:42:00+00:00,21.72462,72.66827,mixed_or_uncertain,tree_cover,0.25,0.611111111111111,0.129310344827586,,not_eligible,No supported PHOENIX emissions classification.
6a443563-c4f4-5dbf-ba98-9e5689952bae,2024-04-20 07:42:00+00:00,22.08993,72.82251,mixed_or_uncertain,cropland,0.969029374201788,0.030970625798212,0.0,,not_eligible,No supported PHOENIX emissions classification.
25a0f074-5798-508c-b123-2e85a412c16d,2024-04-20 07:42:00+00:00,21.74805,72.57716,mixed_or_uncertain,cropland,0.638250319284802,0.204022988505747,0.0,,not_eligible,No supported PHOENIX emissions classification.
b9680070-53bf-5126-bb7e-706ef2c5bd2b,2024-04-20 08:07:00+00:00,21.43384,72.88444,mixed_or_uncertain,cropland,0.952745849297573,0.0472541507024266,0.0,,not_eligible,No supported PHOENIX emissions classification.
c861e780-7e26-5647-9963-35d53a67f175,2024-04-21 07:49:00+00:00,22.03569,72.78905,mixed_or_uncertain,cropland,0.937739463601533,0.0622605363984674,0.0,,not_eligible,No supported PHOENIX emissions classification.
82d9a493-0a6e-5d1a-b907-452c1009ef06,2024-04-21 09:03:00+00:00,21.4141,72.67201,mixed_or_uncertain,cropland,0.748722860791826,0.172094508301405,0.0,,not_eligible,No supported PHOENIX emissions classification.
3716600f-6ee3-50ae-b83f-dc0e01679c75,2024-04-21 19:51:00+00:00,21.4313433333333,72.9752233333333,mixed_or_uncertain,tree_cover,0.413793103448276,0.585887611749681,0.0,,not_eligible,No supported PHOENIX emissions classification.
68f5e1ac-23f6-593e-90fc-611b16b26445,2024-04-22 07:30:00+00:00,21.95026,72.8278,mixed_or_uncertain,cropland,0.881226053639847,0.111430395913155,0.00734355044699872,,not_eligible,No supported PHOENIX emissions classification.
1433dfed-6eee-5555-8751-5661224ef35f,2024-04-22 08:44:00+00:00,21.54031,72.77588,mixed_or_uncertain,cropland,0.653256704980843,0.339080459770115,0.00319284802043423,,not_eligible,No supported PHOENIX emissions classification.
5b33ba32-12e2-5ab7-8181-e6259332a99e,2024-04-22 08:44:00+00:00,21.76332,72.89301,mixed_or_uncertain,cropland,0.995530012771392,0.00383141762452107,0.000638569604086846,,not_eligible,No supported PHOENIX emissions classification.
98127d0b-9a36-5bc3-b275-0e623169a85b,2024-04-22 09:10:00+00:00,21.86629,72.71865,mixed_or_uncertain,cropland,0.969987228607918,0.0277777777777778,0.00223499361430396,,not_eligible,No supported PHOENIX emissions classification.
8b813dcc-f2c8-52ae-83e4-d71f8ddd23aa,2024-04-22 19:59:00+00:00,21.39512,72.95367,mixed_or_uncertain,cropland,0.710727969348659,0.275862068965517,0.00798212005108557,,not_eligible,No supported PHOENIX emissions classification.
a94b71fd-b4a7-5127-be90-cd66fdc4875a,2024-04-23 08:25:00+00:00,21.46565,72.9486,mixed_or_uncertain,built_up,0.16698595146871,0.362388250319285,0.357918263090677,,not_eligible,No supported PHOENIX emissions classification.
5d3f412f-550e-5428-a759-051faedce2e7,2024-04-23 08:25:00+00:00,21.73996,72.84158,mixed_or_uncertain,cropland,0.897828863346105,0.102171136653895,0.0,,not_eligible,No supported PHOENIX emissions classification.
f6722275-fa9a-5e1d-b8c5-3c823eb6d74f,2024-04-23 08:25:00+00:00,21.75962,72.85817,mixed_or_uncertain,cropland,0.942848020434227,0.0571519795657727,0.0,,not_eligible,No supported PHOENIX emissions classification.
ae4ae622-a30b-5b80-82a8-e9fccf411b9e,2024-04-23 08:26:00+00:00,22.0773925,72.5744475,industrial,cropland,0.863665389527459,0.136334610472542,0.0,,not_eligible,No supported PHOENIX emissions classification.
6b84f151-901b-5537-a54e-fa4c4fed09b7,2024-04-23 20:54:00+00:00,21.7937633333333,72.64901,mixed_or_uncertain,cropland,0.677841634738186,0.235951468710089,0.0229885057471264,,not_eligible,No supported PHOENIX emissions classification.
dd214d7e-57fb-5d51-8082-8fbe6dc179f9,2024-04-23 20:54:00+00:00,21.92192,72.94463,mixed_or_uncertain,cropland,0.928480204342273,0.0715197956577267,0.0,,not_eligible,No supported PHOENIX emissions classification.
8ce3b5db-1505-588f-b901-6fcbb9c7ce8f,2024-04-24 08:07:00+00:00,21.7742,72.90168,mixed_or_uncertain,cropland,0.490102171136654,0.295019157088123,0.167305236270753,,not_eligible,No supported PHOENIX emissions classification.
185df0ce-e6b1-5ad2-8afc-cbdc983d463e,2024-04-24 08:07:00+00:00,21.99498,72.80753,mixed_or_uncertain,cropland,0.971583652618135,0.0284163473818646,0.0,,not_eligible,No supported PHOENIX emissions classification.
e3ab4e7b-0e31-583e-9c4c-5a1f400f1969,2024-04-24 08:07:00+00:00,21.70829,72.92768,mixed_or_uncertain,cropland,0.566411238825032,0.408684546615581,0.0,,not_eligible,No supported PHOENIX emissions classification.
4c4d1b89-991e-5ca5-9702-0fbffca0a504,2024-04-24 08:33:00+00:00,21.71148,72.83895,mixed_or_uncertain,cropland,0.73786717752235,0.153256704980843,0.0957854406130268,,not_eligible,No supported PHOENIX emissions classification.
405a5fd1-a6b5-5f0e-9754-904aacbc7c9f,2024-04-24 21:01:00+00:00,21.682405,72.630165,mixed_or_uncertain,cropland,0.689655172413793,0.176245210727969,0.0,,not_eligible,No supported PHOENIX emissions classification.
34489ae8-560f-59b4-b971-afbb9c7cfdf9,2024-04-25 07:48:00+00:00,21.7951216666667,72.6481666666667,industrial,cropland,0.745210727969349,0.137931034482759,0.0925925925925926,,not_eligible,No supported PHOENIX emissions classification.
34f6b392-da04-5ed0-808a-2ba56d6d7233,2024-04-25 07:48:00+00:00,21.76764,72.77289,mixed_or_uncertain,cropland,0.901340996168582,0.0862068965517241,0.0,,not_eligible,No supported PHOENIX emissions classification.
4bf42580-ce41-5afb-859a-1b7f3028a584,2024-04-25 07:48:00+00:00,21.977585,72.85312,mixed_or_uncertain,cropland,0.691890166028097,0.304916985951469,0.0,,not_eligible,No supported PHOENIX emissions classification.
d106f774-0a43-5418-bb13-9bc40ad72471,2024-04-25 07:48:00+00:00,22.04309,72.6719,mixed_or_uncertain,cropland,0.645913154533844,0.354086845466156,0.0,,not_eligible,No supported PHOENIX emissions classification.
2a93830a-385f-59a7-830b-dbb05dae7227,2024-04-25 08:14:00+00:00,21.81635,72.65046,mixed_or_uncertain,cropland,0.856002554278416,0.125478927203065,0.0172413793103448,,not_eligible,No supported PHOENIX emissions classification.
5ba8e2d5-a3cc-534d-97e9-88659ac29e03,2024-04-25 08:14:00+00:00,21.86806,72.73585,mixed_or_uncertain,cropland,0.959131545338442,0.0408684546615581,0.0,,not_eligible,No supported PHOENIX emissions classification.
6ab3ea26-d2ce-5bdd-bf83-25db8761b2af,2024-04-26 07:29:00+00:00,21.76041,72.86761,mixed_or_uncertain,cropland,1.0,0.0,0.0,,not_eligible,No supported PHOENIX emissions classification.
9c750d7e-4ea3-59c6-936f-5950ee428020,2024-04-26 07:55:00+00:00,21.70205,72.77557,mixed_or_uncertain,cropland,0.431353767560664,0.566730523627075,0.0,,not_eligible,No supported PHOENIX emissions classification.
e7d47e49-d4ff-503f-81d7-5b5d022357be,2024-04-26 07:55:00+00:00,21.43374,72.7879,mixed_or_uncertain,cropland,0.585887611749681,0.334291187739464,0.0,,not_eligible,No supported PHOENIX emissions classification.
a7999066-2af6-59d3-bb08-e8d966070667,2024-04-26 20:24:00+00:00,21.39657,72.95514,mixed_or_uncertain,cropland,0.676245210727969,0.304916985951469,0.0,,not_eligible,No supported PHOENIX emissions classification.
4e4eb803-e8f0-5f8c-b36b-c9676aa0db62,2024-04-27 07:36:00+00:00,21.6346,72.9603,mixed_or_uncertain,cropland,0.516602809706258,0.457215836526181,0.0124521072796935,,not_eligible,No supported PHOENIX emissions classification.
cb9eddcb-f316-590a-ba7b-594e7faa27f1,2024-04-27 07:36:00+00:00,21.4893,72.68753,mixed_or_uncertain,cropland,0.934865900383142,0.0651340996168582,0.0,,not_eligible,No supported PHOENIX emissions classification.
91a62669-9a8d-59d9-b941-574cc8c06376,2024-04-28 08:32:00+00:00,21.780435,72.8596,mixed_or_uncertain,cropland,0.923371647509579,0.0574712643678161,0.0,,not_eligible,No supported PHOENIX emissions classification.
1492a317-fbc1-5403-807a-28eb17fe866b,2024-04-28 08:32:00+00:00,21.96849,72.97609,mixed_or_uncertain,cropland,0.400063856960409,0.313537675606641,0.277139208173691,,not_eligible,No supported PHOENIX emissions classification.
5df4e1be-d195-5917-9656-70fe28807c8e,2024-04-28 08:32:00+00:00,21.65642,72.83587,mixed_or_uncertain,cropland,0.984674329501916,0.0153256704980843,0.0,,not_eligible,No supported PHOENIX emissions classification.
79a404ea-b88a-5bb5-b7ca-6dcaae145768,2024-04-28 08:32:00+00:00,21.75647,72.83492,mixed_or_uncertain,cropland,0.76309067688378,0.225095785440613,0.0,,not_eligible,No supported PHOENIX emissions classification.
b248331b-303c-5a50-b076-a90d3537deba,2024-04-28 08:32:00+00:00,21.37275,72.67879,mixed_or_uncertain,cropland,0.778097062579821,0.186781609195402,0.0338441890166028,,not_eligible,No supported PHOENIX emissions classification.
c985f4e0-87fa-5b89-b65d-b2c9fdfb6381,2024-04-28 08:32:00+00:00,22.07224,72.69725,mixed_or_uncertain,cropland,0.923690932311622,0.076309067688378,0.0,,not_eligible,No supported PHOENIX emissions classification.
80f62a68-a6f0-50d7-a89c-7eea685e29d7,2024-04-28 08:58:00+00:00,21.9903,72.78996,mixed_or_uncertain,cropland,0.665708812260536,0.33301404853129,0.0,,not_eligible,No supported PHOENIX emissions classification.
bc614155-42d3-54c2-a1f9-6f28b6c1980f,2024-04-28 08:58:00+00:00,21.70725,72.556,mixed_or_uncertain,grassland,0.0833333333333333,0.463920817369093,0.0913154533844189,,not_eligible,No supported PHOENIX emissions classification.
36742f95-e9c6-5274-9860-1fd24541119e,2024-04-28 08:58:00+00:00,21.40418,72.6659,mixed_or_uncertain,cropland,0.622605363984674,0.377394636015326,0.0,,not_eligible,No supported PHOENIX emissions classification.
40e67e01-db8f-57a5-8fd4-17319da1d7a8,2024-04-28 21:26:00+00:00,21.43503,72.97677,mixed_or_uncertain,cropland,0.556513409961686,0.424329501915709,0.0,,not_eligible,No supported PHOENIX emissions classification.
8e0426db-7a4f-598e-ab71-c405656956e2,2024-04-29 08:13:00+00:00,21.4321666666667,72.7094266666667,mixed_or_uncertain,cropland,0.696998722860792,0.261494252873563,0.0,,not_eligible,No supported PHOENIX emissions classification.
c4f4cfaa-9f51-553b-bfed-0b70cbcac002,2024-04-29 08:13:00+00:00,21.82632,72.95855,mixed_or_uncertain,cropland,0.917624521072797,0.0823754789272031,0.0,,not_eligible,No supported PHOENIX emissions classification.
084ad21a-9a8b-55eb-a572-1b63b4020944,2024-04-29 08:39:00+00:00,21.41449,72.67204,mixed_or_uncertain,cropland,0.733397190293742,0.160919540229885,0.0,,not_eligible,No supported PHOENIX emissions classification.
d887af22-1606-5523-a7d7-681c41c0042d,2024-04-29 08:39:00+00:00,22.02159,72.83485,mixed_or_uncertain,cropland,0.716155810983397,0.188058748403576,0.0,,not_eligible,No supported PHOENIX emissions classification.
fb76dc84-fc7b-5559-bade-837f72668e2e,2024-04-29 08:39:00+00:00,21.7019,72.96193,mixed_or_uncertain,built_up,0.24904214559387,0.0839719029374202,0.664431673052363,,not_eligible,No supported PHOENIX emissions classification.
9f1ec156-c592-551d-950e-3e55ec3e95e3,2024-04-30 07:54:00+00:00,21.81825,72.8544,mixed_or_uncertain,cropland,0.758620689655172,0.143039591315453,0.0,,not_eligible,No supported PHOENIX emissions classification.
cdc245de-b155-515c-80b9-c2cbb8e3b003,2024-04-30 07:54:00+00:00,21.44489,72.91148,mixed_or_uncertain,tree_cover,0.393997445721584,0.600893997445722,0.00510855683269476,,not_eligible,No supported PHOENIX emissions classification.
d60cdc56-35a8-576d-8ebb-3e887d89ecd7,2024-04-30 07:54:00+00:00,21.79788,72.71583,mixed_or_uncertain,cropland,0.951149425287356,0.0488505747126437,0.0,,not_eligible,No supported PHOENIX emissions classification.
b1e80105-666a-5cd6-8df0-aa9f4d48e2ee,2024-04-30 08:20:00+00:00,22.03589,72.96087,mixed_or_uncertain,tree_cover,0.276819923371648,0.709770114942529,0.0134099616858238,,not_eligible,No supported PHOENIX emissions classification.
86172154-ee0f-5aeb-ab5e-d2abfd09ec4c,2024-04-30 20:23:00+00:00,21.431645,72.97746,mixed_or_uncertain,cropland,0.635057471264368,0.364623243933589,0.0,,not_eligible,No supported PHOENIX emissions classification.
2e35df4b-43aa-5985-9db2-bfc1035c91af,2024-04-30 20:23:00+00:00,21.3959933333333,72.9551633333333,industrial,cropland,0.658365261813538,0.318646232439336,0.0,,not_eligible,No supported PHOENIX emissions classification.
3acd8afe-5505-5ff2-9220-5ba53372c687,2024-05-01 07:35:00+00:00,21.928916,72.672576,industrial,cropland,0.788952745849298,0.205300127713921,0.0,,not_eligible,No supported PHOENIX emissions classification.
7ad6cbb7-494f-5ff1-91e1-b800abdaff75,2024-05-01 07:35:00+00:00,21.41,72.66293,mixed_or_uncertain,cropland,0.363984674329502,0.383141762452107,0.0,,not_eligible,No supported PHOENIX emissions classification.
ca4dfd27-9226-5afe-aa51-19d0368d0c2b,2024-05-01 08:01:00+00:00,21.41568,72.67503,mixed_or_uncertain,cropland,0.400063856960409,0.443486590038314,0.0229885057471264,,not_eligible,No supported PHOENIX emissions classification.
a9f2fe8a-012b-57f8-b3c4-469b560ba80e,2024-05-01 09:16:00+00:00,21.69849,72.75983,mixed_or_uncertain,tree_cover,0.0897190293742018,0.651979565772669,0.0,,not_eligible,No supported PHOENIX emissions classification.
c645e423-f166-5f7b-8b0e-101e82e1026e,2024-05-01 09:16:00+00:00,21.42476,72.69205,mixed_or_uncertain,cropland,0.639208173690932,0.360791826309068,0.0,,not_eligible,No supported PHOENIX emissions classification.
4e866118-2677-5f0b-9bbc-21273a6d1b37,2024-05-02 07:42:00+00:00,21.7554,72.61282,mixed_or_uncertain,cropland,0.953703703703704,0.0376756066411239,0.00862068965517241,,not_eligible,No supported PHOENIX emissions classification.
40c43e50-3bc7-50f5-a3b1-fa87af05c737,2024-05-04 08:19:00+00:00,21.71027,72.92388,mixed_or_uncertain,tree_cover,0.411558109833972,0.588441890166028,0.0,,not_eligible,No supported PHOENIX emissions classification.
82d0d47b-8b1b-567d-9bf9-8dadf60eb49c,2024-05-04 08:19:00+00:00,21.36114,72.65199,mixed_or_uncertain,tree_cover,0.121328224776501,0.500319284802043,0.00351213282247765,,not_eligible,No supported PHOENIX emissions classification.
ab35df8b-056c-5d25-9723-b2031ceba593,2024-05-04 08:19:00+00:00,21.81193,72.81172,mixed_or_uncertain,cropland,0.90389527458493,0.0916347381864623,0.0,,not_eligible,No supported PHOENIX emissions classification.
62b2e678-26f9-510c-90ff-47741f9763de,2024-05-04 08:45:00+00:00,21.72651,72.66368,mixed_or_uncertain,tree_cover,0.150063856960409,0.633780332056194,0.124521072796935,,not_eligible,No supported PHOENIX emissions classification.
3ddb629a-b25e-5f3b-ae43-9653aaf607aa,2024-05-04 08:45:00+00:00,21.88532,72.85534,mixed_or_uncertain,cropland,0.985312899106003,0.0146871008939974,0.0,,not_eligible,No supported PHOENIX emissions classification.
7e9e8853-f125-5241-904c-b279decb501a,2024-05-04 08:45:00+00:00,21.65792,72.9236,mixed_or_uncertain,cropland,0.988505747126437,0.0114942528735632,0.0,,not_eligible,No supported PHOENIX emissions classification.
c1aff7cd-3672-5b51-994f-a35ba3739871,2024-05-04 08:45:00+00:00,21.92752,72.9301,mixed_or_uncertain,cropland,0.728288633461047,0.268518518518519,0.0,,not_eligible,No supported PHOENIX emissions classification.
b77fab6f-be6a-54b5-90ff-bea76869b6f1,2024-05-05 08:00:00+00:00,21.69227,72.77812,mixed_or_uncertain,cropland,0.509897828863346,0.490102171136654,0.0,,not_eligible,No supported PHOENIX emissions classification.
4f140685-7e87-5b96-8f73-abe4a38ae9a5,2024-05-05 08:00:00+00:00,22.02507,72.92297,mixed_or_uncertain,cropland,0.912196679438059,0.0878033205619412,0.0,,not_eligible,No supported PHOENIX emissions classification.
c550aa70-e74a-5540-893e-fdb35ae8cefb,2024-05-05 08:00:00+00:00,21.42139,72.88311,mixed_or_uncertain,cropland,0.731800766283525,0.223499361430396,0.0446998722860792,,not_eligible,No supported PHOENIX emissions classification.
cf0c5d26-40a1-5414-9c3c-a8d935e71495,2024-05-05 08:00:00+00:00,21.71896,72.88123,mixed_or_uncertain,cropland,0.970306513409962,0.0296934865900383,0.0,,not_eligible,No supported PHOENIX emissions classification.
10589a18-0234-53f0-89ef-aaa7e3a6d7e7,2024-05-05 08:26:00+00:00,21.5002,72.97189,mixed_or_uncertain,cropland,0.456257982120051,0.25,0.292784163473819,,not_eligible,No supported PHOENIX emissions classification.
3bb753ee-3d8d-5e78-bbbd-e94d506697dd,2024-05-05 20:29:00+00:00,21.4323333333333,72.9752333333333,mixed_or_uncertain,tree_cover,0.452745849297573,0.546934865900383,0.0,,not_eligible,No supported PHOENIX emissions classification.
002e4ee7-6e18-5d4a-8dec-1fcd6c76bf31,2024-05-06 07:41:00+00:00,21.78105,72.96453,mixed_or_uncertain,cropland,0.984355044699872,0.0156449553001277,0.0,,not_eligible,No supported PHOENIX emissions classification.
70088930-b7ec-520a-91c4-91ff53c07d26,2024-05-06 07:41:00+00:00,21.69285,72.85548,mixed_or_uncertain,cropland,0.98978288633461,0.0102171136653895,0.0,,not_eligible,No supported PHOENIX emissions classification.
89c08fc9-7074-5daa-b5fc-62c60b4c0430,2024-05-06 07:41:00+00:00,21.41584,72.7773,mixed_or_uncertain,cropland,0.914112388250319,0.000319284802043423,0.0,,not_eligible,No supported PHOENIX emissions classification.
e849ea35-66ab-553a-9d31-8c0d3fd30d3d,2024-05-06 07:42:00+00:00,22.019175,72.82444,mixed_or_uncertain,cropland,0.766922094508301,0.163473818646232,0.0,,not_eligible,No supported PHOENIX emissions classification.
e9336f6f-39ff-582a-9313-47130800bcce,2024-05-06 07:42:00+00:00,22.08387,72.97855,mixed_or_uncertain,cropland,0.506385696040868,0.464240102171137,0.00638569604086846,,not_eligible,No supported PHOENIX emissions classification.
2e982751-556e-54e5-8d76-3124462c3af3,2024-05-07 07:48:00+00:00,22.05311,72.62691,mixed_or_uncertain,cropland,0.624201787994891,0.373882503192848,0.0,,not_eligible,No supported PHOENIX emissions classification.
7fc4ebed-fcea-52c8-ad24-a2be719cbe59,2024-05-07 07:48:00+00:00,21.7249066666667,72.9481733333333,mixed_or_uncertain,cropland,0.987547892720307,0.0124521072796935,0.0,,not_eligible,No supported PHOENIX emissions classification.
0d7c1190-3ca0-5a22-afdb-1510e0c2cf8e,2024-05-07 09:03:00+00:00,21.80191,72.77593,mixed_or_uncertain,cropland,0.961685823754789,0.0210727969348659,0.0172413793103448,,not_eligible,No supported PHOENIX emissions classification.
3ede2559-8c76-5950-be75-40253b552324,2024-05-08 07:30:00+00:00,21.6201,72.811892,mixed_or_uncertain,cropland,0.426245210727969,0.323754789272031,0.0,,not_eligible,No supported PHOENIX emissions classification.
6bfbb3d3-585e-5d45-bc0f-3583825c7405,2024-05-08 08:44:00+00:00,22.0233675,72.76924,mixed_or_uncertain,grassland,0.232439335887612,0.767560664112388,0.0,,not_eligible,No supported PHOENIX emissions classification.
8ca37cb8-c9ac-53a7-be93-773ab97ca1c3,2024-05-08 08:44:00+00:00,21.75571,72.85537,mixed_or_uncertain,cropland,0.883461047254151,0.0961047254150702,0.0,,not_eligible,No supported PHOENIX emissions classification.
a24b2a49-7a48-5007-9c23-0487f74c4081,2024-05-08 08:44:00+00:00,21.79361,72.76727,mixed_or_uncertain,cropland,0.993933588761175,0.00319284802043423,0.0,,not_eligible,No supported PHOENIX emissions classification.
b87b60e8-238e-5138-92fc-f1c33ddd7db9,2024-05-08 08:44:00+00:00,22.06706,72.94279,mixed_or_uncertain,cropland,0.65581098339719,0.341954022988506,0.0,,not_eligible,No supported PHOENIX emissions classification.
42835098-015c-50a5-9ff6-7513057d8a99,2024-05-08 19:58:00+00:00,21.43452,72.97614,mixed_or_uncertain,cropland,0.501915708812261,0.458812260536398,0.0,,not_eligible,No supported PHOENIX emissions classification.
b70cb5fa-8fb5-53d2-ab51-a97fc3ed3ce8,2024-05-08 21:13:00+00:00,21.39396,72.94514,mixed_or_uncertain,built_up,0.151340996168582,0.218390804597701,0.551724137931034,,not_eligible,No supported PHOENIX emissions classification.
13cdd72d-7677-518a-bdea-f0e3e819c7b2,2024-05-09 08:25:00+00:00,21.73835,72.95618,mixed_or_uncertain,cropland,0.605683269476373,0.330459770114943,0.0421455938697318,,not_eligible,No supported PHOENIX emissions classification.
6c39fab8-935d-5ef7-b5ae-1ae6c4bb2b17,2024-05-09 08:25:00+00:00,21.92104,72.6714414285714,industrial,cropland,0.595466155810983,0.396232439335888,0.00127713920817369,,not_eligible,No supported PHOENIX emissions classification.
20f699a9-4c59-5667-9592-61126d74a3bb,2024-05-09 08:25:00+00:00,22.01887,72.84395,mixed_or_uncertain,cropland,0.758939974457216,0.136653895274585,0.0,,not_eligible,No supported PHOENIX emissions classification.
27522b9e-e8f3-5690-b972-418424049403,2024-05-09 08:25:00+00:00,21.42861,72.78919,mixed_or_uncertain,cropland,0.645593869731801,0.325031928480204,0.0,,not_eligible,No supported PHOENIX emissions classification.
3981662c-0c74-55f0-944c-1df7486283e7,2024-05-09 08:25:00+00:00,22.08654,72.8026333333333,mixed_or_uncertain,cropland,0.875798212005109,0.124201787994891,0.0,,not_eligible,No supported PHOENIX emissions classification.
56aaab49-d650-541e-9c72-a8bdbbf21cd0,2024-05-09 08:25:00+00:00,21.82452,72.7052,mixed_or_uncertain,cropland,0.5970625798212,0.364623243933589,0.0,,not_eligible,No supported PHOENIX emissions classification.
f95e545c-2009-568d-bb45-5f978c44b4ae,2024-05-09 08:25:00+00:00,21.36074,72.79635,mixed_or_uncertain,cropland,0.502554278416347,0.481162196679438,0.0162835249042146,,not_eligible,No supported PHOENIX emissions classification.
837a032b-6c65-565a-be4c-da9f5d15a3f7,2024-05-09 08:51:00+00:00,21.77692,72.83947,mixed_or_uncertain,cropland,0.988505747126437,0.0114942528735632,0.0,,not_eligible,No supported PHOENIX emissions classification.
0dfd7ac5-4a84-5cfc-a4ad-8f2d7e23460f,2024-05-09 20:54:00+00:00,21.79451,72.64647,mixed_or_uncertain,cropland,0.700510855683269,0.159642401021711,0.0676883780332056,,not_eligible,No supported PHOENIX emissions classification.
acd46634-dbce-558e-b603-8bf7ebd01a90,2024-05-09 20:54:00+00:00,22.09846,72.96712,mixed_or_uncertain,cropland,0.984674329501916,0.0153256704980843,0.0,,not_eligible,No supported PHOENIX emissions classification.
1573cc22-2d42-5906-9279-6512d5552f15,2024-05-10 08:06:00+00:00,21.53374,72.89838,mixed_or_uncertain,cropland,0.675925925925926,0.323754789272031,0.000319284802043423,,not_eligible,No supported PHOENIX emissions classification.
ec12138a-3df8-5482-8db9-ee69bcc25ccf,2024-05-10 08:06:00+00:00,21.502825,72.716935,mixed_or_uncertain,cropland,0.993295019157088,0.00670498084291188,0.0,,not_eligible,No supported PHOENIX emissions classification.
17230a6b-0e82-539b-a0a7-977925c0a32e,2024-05-10 08:07:00+00:00,21.7965,72.85075,mixed_or_uncertain,cropland,0.900063856960409,0.0999361430395913,0.0,,not_eligible,No supported PHOENIX emissions classification.
c08deb21-ee65-561b-bf55-121d8955e142,2024-05-10 08:32:00+00:00,21.61865,72.88228,mixed_or_uncertain,built_up,0.113346104725415,0.426564495530013,0.460089399744572,,not_eligible,No supported PHOENIX emissions classification.
af305005-b9be-5769-b1c3-9d7393ec0606,2024-05-11 08:13:00+00:00,21.66394,72.25564,mixed_or_uncertain,cropland,0.970625798212005,0.0181992337164751,0.00127713920817369,,not_eligible,No supported PHOENIX emissions classification.
f94180da-3a8f-5dca-8be5-31f098adb5aa,2024-05-11 08:13:00+00:00,21.8984,72.89215,mixed_or_uncertain,cropland,0.91794380587484,0.0820561941251596,0.0,,not_eligible,No supported PHOENIX emissions classification.
0d3a5658-eca8-5ae6-8be8-762976e54165,2024-05-12 07:54:00+00:00,21.48589,72.71475,mixed_or_uncertain,cropland,0.655491698595147,0.344508301404853,0.0,,not_eligible,No supported PHOENIX emissions classification.
78269d95-b1a2-552d-856d-b7dad15f1101,2024-05-12 07:54:00+00:00,21.40015,72.67478,mixed_or_uncertain,cropland,0.481162196679438,0.485312899106003,0.0,,not_eligible,No supported PHOENIX emissions classification.
6ebcc84f-001f-5d1a-958e-fa01ce160081,2024-05-12 07:55:00+00:00,21.90335,72.68076,mixed_or_uncertain,cropland,0.739144316730524,0.222860791826309,0.0,,not_eligible,No supported PHOENIX emissions classification.
8ac57d83-5572-5b52-aff4-b1b346072606,2024-05-12 07:55:00+00:00,22.01238,72.76871,mixed_or_uncertain,cropland,0.875159642401022,0.124840357598978,0.0,,not_eligible,No supported PHOENIX emissions classification.
d6bc1f38-1d25-55ab-a7d9-6532af1cc127,2024-05-12 07:55:00+00:00,22.00216,72.80593,mixed_or_uncertain,cropland,0.919220945083014,0.0807790549169859,0.0,,not_eligible,No supported PHOENIX emissions classification.
2500c538-8171-5b4d-8353-75a66f3025ba,2024-05-12 09:09:00+00:00,21.92977,72.54848,mixed_or_uncertain,cropland,0.576628352490421,0.419859514687101,0.0,,not_eligible,No supported PHOENIX emissions classification.
aefabb1c-2570-5486-8348-6c94eec87710,2024-05-12 20:23:00+00:00,21.43467,72.97652,mixed_or_uncertain,cropland,0.521392081736909,0.447956577266922,0.0,,not_eligible,No supported PHOENIX emissions classification.
023ce0f0-2ac0-5f9f-b4a6-5d29baf4abb3,2024-05-13 07:36:00+00:00,22.09455,72.768,mixed_or_uncertain,cropland,0.9757343550447,0.0242656449553001,0.0,,not_eligible,No supported PHOENIX emissions classification.
1462070b-8502-5812-a860-201ba6725622,2024-05-13 07:36:00+00:00,22.08145,72.76257,mixed_or_uncertain,cropland,0.985951468710089,0.0140485312899106,0.0,,not_eligible,No supported PHOENIX emissions classification.
29e432da-8944-5fbf-8b64-6fb5d8106115,2024-05-14 08:32:00+00:00,21.76696,72.84403,mixed_or_uncertain,cropland,0.98786717752235,0.0121328224776501,0.0,,not_eligible,No supported PHOENIX emissions classification.
2c3debaf-27ab-501f-b02c-d06e9411c4b5,2024-05-14 08:32:00+00:00,21.68575,72.537205,industrial,bare_sparse_vegetation,0.0159642401021711,0.116538952745849,0.374201787994891,,not_eligible,No supported PHOENIX emissions classification.
c6a06f06-e5f4-592a-be13-c481db58db2e,2024-05-14 08:57:00+00:00,21.59611,72.82152,mixed_or_uncertain,cropland,0.651979565772669,0.272030651340996,0.0,,not_eligible,No supported PHOENIX emissions classification.
08600f19-8733-5dcf-9709-999437ccba94,2024-05-15 08:13:00+00:00,21.53445,72.981415,mixed_or_uncertain,cropland,0.796934865900383,0.156449553001277,0.0130906768837803,,not_eligible,No supported PHOENIX emissions classification.
d79ef041-9e92-5cc3-84c3-368e560f2d03,2024-05-15 08:13:00+00:00,21.77872,72.86938,mixed_or_uncertain,cropland,0.833652618135377,0.152937420178799,0.0134099616858238,,not_eligible,No supported PHOENIX emissions classification.
24bde6e5-a58d-5967-a488-19eea08397b9,2024-05-15 08:38:00+00:00,21.7563,72.93477,mixed_or_uncertain,cropland,0.676883780332056,0.1772030651341,0.0507662835249042,,not_eligible,No supported PHOENIX emissions classification.
e0f71d79-33dd-5137-b998-32150e9d3ad7,2024-05-15 08:38:00+00:00,21.72742,72.655795,mixed_or_uncertain,tree_cover,0.241379310344828,0.581098339719029,0.0450191570881226,,not_eligible,No supported PHOENIX emissions classification.
5ccf80d2-3e58-5fbb-9466-5d7755bb9b11,2024-05-15 20:42:00+00:00,21.4219766666667,72.9684666666667,industrial,cropland,0.482758620689655,0.197637292464879,0.284802043422733,,not_eligible,No supported PHOENIX emissions classification.
12a4721e-a437-5b2e-a3de-4dd981668bdd,2024-05-15 21:07:00+00:00,21.43368,72.97644,mixed_or_uncertain,cropland,0.522669220945083,0.456257982120051,0.0,,not_eligible,No supported PHOENIX emissions classification.
6fcab237-3164-5160-a5e1-e4abeeea5d1d,2024-05-16 08:19:00+00:00,21.61349,72.92499,mixed_or_uncertain,cropland,0.592592592592593,0.360153256704981,0.0162835249042146,,not_eligible,No supported PHOENIX emissions classification.
f519fd4c-8fbb-51eb-9b00-29e31d7cf92d,2024-05-16 08:20:00+00:00,21.97929,72.80397,mixed_or_uncertain,cropland,0.783524904214559,0.0699233716475096,0.0,,not_eligible,No supported PHOENIX emissions classification.
8f8d2fd2-d1a9-5038-a294-5a1c64f2dfc4,2024-05-16 20:23:00+00:00,21.9059516666667,72.75564,mixed_or_uncertain,cropland,0.815134099616858,0.171455938697318,0.0134099616858238,,not_eligible,No supported PHOENIX emissions classification.
46569d82-1767-5228-ba73-43ee89e8b830,2024-05-17 08:01:00+00:00,21.95966,72.81435,mixed_or_uncertain,cropland,0.633780332056194,0.366219667943806,0.0,,not_eligible,No supported PHOENIX emissions classification.
7c0d0562-b7f1-5fd6-b4e4-179ebee8a8c7,2024-05-18 07:42:00+00:00,21.79133,72.64895,mixed_or_uncertain,cropland,0.633141762452107,0.303959131545338,0.0,,not_eligible,No supported PHOENIX emissions classification.
9ae6d32c-356d-5a90-b8e7-3e968268f51d,2024-05-18 07:42:00+00:00,22.09727,72.57129,mixed_or_uncertain,cropland,0.848659003831418,0.151340996168582,0.0,,not_eligible,No supported PHOENIX emissions classification.
ce0e4272-2d16-5415-9f1a-3a97b16b387d,2024-05-18 07:42:00+00:00,21.6702,72.54145,industrial,tree_cover,0.249680715197957,0.592273307790549,0.118135376756066,,not_eligible,No supported PHOENIX emissions classification.
ffe17736-f8f7-5444-a94e-75d950423f29,2024-05-18 08:57:00+00:00,22.05759,72.61259,mixed_or_uncertain,grassland,0.311941251596424,0.687739463601533,0.0,,not_eligible,No supported PHOENIX emissions classification.
2aa98554-9484-5252-8215-a43dd5a1dca6,2024-05-19 07:23:00+00:00,22.01433,72.81683,mixed_or_uncertain,cropland,0.553959131545338,0.30779054916986,0.0,,not_eligible,No supported PHOENIX emissions classification.
5f847e15-07e2-5e7b-b0ca-b296c90e88ca,2024-05-19 08:38:00+00:00,21.82854,72.64919,mixed_or_uncertain,grassland,0.459770114942529,0.5,0.0172413793103448,,not_eligible,No supported PHOENIX emissions classification.
7f8e7933-e92b-5bfa-af46-fbed73e3a2ee,2024-05-19 08:38:00+00:00,22.0054,72.76306,mixed_or_uncertain,cropland,0.584291187739464,0.415708812260536,0.0,,not_eligible,No supported PHOENIX emissions classification.
9fde6d13-d906-53db-b80f-961cd4fb5e28,2024-05-19 09:03:00+00:00,21.95259,72.80502,mixed_or_uncertain,cropland,0.587484035759898,0.399744572158365,0.0041507024265645,,not_eligible,No supported PHOENIX emissions classification.
62ca362f-f0c7-5f11-9b68-ed0dcb765d45,2024-05-19 09:03:00+00:00,21.59461,72.80241,mixed_or_uncertain,cropland,0.732758620689655,0.134738186462324,0.0,,not_eligible,No supported PHOENIX emissions classification.
2f53b7cb-8a7d-5628-ba16-46bdc5a6b228,2024-05-19 21:07:00+00:00,21.4323925,72.975315,mixed_or_uncertain,tree_cover,0.456896551724138,0.542784163473819,0.0,,not_eligible,No supported PHOENIX emissions classification.
0d6a7d34-3a6d-576f-9d0a-984bd704e6de,2024-05-20 08:19:00+00:00,21.53195,72.74666,mixed_or_uncertain,grassland,0.376117496807152,0.424329501915709,0.0,,not_eligible,No supported PHOENIX emissions classification.
3b03ba80-eba2-5db2-bb7d-9de810f0be65,2024-05-20 08:19:00+00:00,21.45556,72.79836,mixed_or_uncertain,cropland,0.414112388250319,0.585568326947637,0.0,,not_eligible,No supported PHOENIX emissions classification.
8cc8c416-98f8-5e3d-be83-94863a21c731,2024-05-20 08:19:00+00:00,21.82786,72.85396,mixed_or_uncertain,cropland,0.988186462324393,0.0118135376756066,0.0,,not_eligible,No supported PHOENIX emissions classification.
98c8d2c2-f4cf-5cea-9454-cb5220ca68df,2024-05-20 08:19:00+00:00,21.55471,72.78442,mixed_or_uncertain,cropland,0.80874840357599,0.19125159642401,0.0,,not_eligible,No supported PHOENIX emissions classification.
bd0a7429-fdf9-5ff9-89bd-e7a55299d00e,2024-05-20 08:44:00+00:00,21.41571,72.86372,mixed_or_uncertain,cropland,0.811621966794381,0.188378033205619,0.0,,not_eligible,No supported PHOENIX emissions classification.
350375ba-31ea-5135-b60e-9491326b8e0b,2024-05-20 08:45:00+00:00,22.01674,72.64341,mixed_or_uncertain,cropland,0.474137931034483,0.438058748403576,0.0,,not_eligible,No supported PHOENIX emissions classification.
61d92d9d-795b-5c6c-b414-fc0691664231,2024-05-20 08:45:00+00:00,22.042,72.74956,mixed_or_uncertain,cropland,0.543422733077905,0.456577266922094,0.0,,not_eligible,No supported PHOENIX emissions classification.
4f39950c-f3a9-5247-bfe1-84d0804e77e6,2024-05-20 20:48:00+00:00,21.84136,72.980325,mixed_or_uncertain,cropland,0.94125159642401,0.0587484035759898,0.0,,not_eligible,No supported PHOENIX emissions classification.
cc683784-b27f-57ae-a255-0965d53b7478,2024-05-21 08:00:00+00:00,21.77392,72.9365,mixed_or_uncertain,cropland,0.704980842911877,0.148148148148148,0.00159642401021711,,not_eligible,No supported PHOENIX emissions classification.
f6ef5ac0-0db4-565c-bf92-61ba897d5f3e,2024-05-21 08:00:00+00:00,21.74804,72.68476,mixed_or_uncertain,cropland,0.291826309067688,0.280651340996169,0.28639846743295,,not_eligible,No supported PHOENIX emissions classification.
ea9bed4e-1a15-586d-9768-f912da314999,2024-05-21 08:26:00+00:00,22.00665,72.84161,mixed_or_uncertain,cropland,0.779374201787995,0.220625798212005,0.0,,not_eligible,No supported PHOENIX emissions classification.
11854dd9-85e9-5e47-a5d1-8bddc7680cea,2024-05-21 20:29:00+00:00,21.43092,72.84047,mixed_or_uncertain,cropland,0.448275862068966,0.312579821200511,0.223499361430396,,not_eligible,No supported PHOENIX emissions classification.
e770e1b0-0437-583c-8ac1-4d44322ea6fd,2024-05-21 20:54:00+00:00,21.794445,72.647395,mixed_or_uncertain,cropland,0.733716475095785,0.140804597701149,0.0606641123882503,,not_eligible,No supported PHOENIX emissions classification.
0e352aea-b1ae-58cb-96b4-11b7d2ec2999,2024-05-22 07:41:00+00:00,21.75931,72.840545,mixed_or_uncertain,cropland,0.933588761174968,0.0660919540229885,0.0,,not_eligible,No supported PHOENIX emissions classification.
7d4d4dd9-f409-57e1-ab12-d8f2d89fcb11,2024-05-22 07:41:00+00:00,22.05754,72.9819,mixed_or_uncertain,cropland,0.918901660280971,0.0810983397190294,0.0,,not_eligible,No supported PHOENIX emissions classification.
286ed42e-965a-592a-9e36-708648089869,2024-05-22 20:35:00+00:00,21.91246,72.99844,mixed_or_uncertain,cropland,0.73786717752235,0.258939974457216,0.00255427841634738,,not_eligible,No supported PHOENIX emissions classification.
1bb8c886-9be3-5929-8755-56868f9b9597,2024-05-23 07:48:00+00:00,21.62952,72.81343,mixed_or_uncertain,tree_cover,0.00159642401021711,0.998403575989783,0.0,,not_eligible,No supported PHOENIX emissions classification.
663936ec-b504-517e-930a-a3ebdf20104d,2024-05-23 09:03:00+00:00,21.9049,72.75853,mixed_or_uncertain,cropland,0.531928480204342,0.413473818646232,0.0545977011494253,,not_eligible,No supported PHOENIX emissions classification.
6798d6e3-02f6-5fa7-b609-8a96a2153eb9,2024-05-24 07:29:00+00:00,22.02249,72.81452,mixed_or_uncertain,cropland,0.75095785440613,0.243295019157088,0.0,,not_eligible,No supported PHOENIX emissions classification.
9526c468-bac4-57a3-8495-4ae15813525c,2024-05-24 07:29:00+00:00,21.99166,72.79487,mixed_or_uncertain,cropland,0.833652618135377,0.166347381864623,0.0,,not_eligible,No supported PHOENIX emissions classification.
9da2ebff-6537-5a80-9183-3e284778f8d7,2024-05-24 21:13:00+00:00,21.68746,72.534,mixed_or_uncertain,bare_sparse_vegetation,0.0201149425287356,0.231162196679438,0.242975734355045,,not_eligible,No supported PHOENIX emissions classification.
f1bc40ee-5aae-554a-bfb4-d521a4f033c2,2024-05-24 21:13:00+00:00,22.04923,72.98196,mixed_or_uncertain,cropland,0.923052362707535,0.0769476372924649,0.0,,not_eligible,No supported PHOENIX emissions classification.
2f01d737-b873-5bea-9dc2-444784e3ce70,2024-05-25 08:25:00+00:00,21.59492,72.9255,mixed_or_uncertain,cropland,0.968710089399745,0.0312899106002554,0.0,,not_eligible,No supported PHOENIX emissions classification.
63727f8e-f428-542a-ba16-d0333039c59d,2024-05-25 08:25:00+00:00,22.03973,72.86942,mixed_or_uncertain,cropland,0.515644955300128,0.425606641123883,0.0,,not_eligible,No supported PHOENIX emissions classification.
bf7a6757-d7ed-52fe-9ea1-5a36fbd496c9,2024-05-25 08:25:00+00:00,22.09822,72.61935,mixed_or_uncertain,cropland,0.9272030651341,0.0696040868454662,0.0,,not_eligible,No supported PHOENIX emissions classification.
f4c8e818-a67e-58c4-a2f6-c5565e8d6e54,2024-05-25 08:25:00+00:00,21.72856,72.85636,mixed_or_uncertain,cropland,0.956577266922095,0.0434227330779055,0.0,,not_eligible,No supported PHOENIX emissions classification.
2c0e0cc2-507b-5da5-8b5f-27a0b1a34553,2024-05-25 08:25:00+00:00,21.99642,72.85668,mixed_or_uncertain,cropland,0.920498084291188,0.0795019157088123,0.0,,not_eligible,No supported PHOENIX emissions classification.
5ecd6649-8870-54aa-b3b1-80218fb8cfdf,2024-05-25 20:54:00+00:00,21.79352,72.6483333333333,mixed_or_uncertain,cropland,0.682630906768838,0.230523627075351,0.0102171136653895,,not_eligible,No supported PHOENIX emissions classification.
b30a4837-8098-5aff-b855-bf530c0c2b53,2024-05-26 08:06:00+00:00,21.71995,72.54953,mixed_or_uncertain,grassland,0.235632183908046,0.402298850574713,0.0,,not_eligible,No supported PHOENIX emissions classification.
060e4b5a-7d6b-570e-ac1c-74bc9da4da7c,2024-05-26 08:32:00+00:00,21.94783,72.94378,mixed_or_uncertain,cropland,0.688378033205619,0.256066411238825,0.0555555555555556,,not_eligible,No supported PHOENIX emissions classification.
a29fd719-3ec8-5ace-81ee-004fbc08cbd8,2024-05-26 08:32:00+00:00,21.54573,72.8967,mixed_or_uncertain,cropland,0.959450830140485,0.0363984674329502,0.0041507024265645,,not_eligible,No supported PHOENIX emissions classification.
4ed259c2-71be-5f0b-aed0-fdebaec312d9,2024-05-26 20:35:00+00:00,22.010655,72.825035,mixed_or_uncertain,cropland,0.83301404853129,0.16698595146871,0.0,,not_eligible,No supported PHOENIX emissions classification.
9ea1ce26-a573-5382-8d4b-ddbfb861f4d3,2024-05-27 20:42:00+00:00,21.6855336363636,72.5370945454545,industrial,bare_sparse_vegetation,0.010536398467433,0.115581098339719,0.378671775223499,,not_eligible,No supported PHOENIX emissions classification.
683bfe41-ee35-5fa6-8d12-aec6e547d0a9,2024-05-27 20:42:00+00:00,21.97991,72.87861,mixed_or_uncertain,cropland,0.892081736909323,0.107918263090677,0.0,,not_eligible,No supported PHOENIX emissions classification.
1368a7dd-65fb-5a77-982b-58f4b01c4f4d,2024-05-29 21:19:00+00:00,21.68471875,72.53944625,industrial,built_up,0.0900383141762452,0.15485312899106,0.371008939974457,,not_eligible,No supported PHOENIX emissions classification.
08557b1f-d12d-5ca7-8185-cbd9c9d50cc0,2024-05-31 08:38:00+00:00,21.6846485714286,72.5351271428571,industrial,bare_sparse_vegetation,0.0159642401021711,0.124201787994891,0.32183908045977,,not_eligible,No supported PHOENIX emissions classification.
41ef6323-ad28-5f04-be66-0b58e8a2954f,2024-06-01 08:19:00+00:00,21.98929,72.90015,mixed_or_uncertain,cropland,0.984674329501916,0.0153256704980843,0.0,,not_eligible,No supported PHOENIX emissions classification.
1cf29181-0fe1-5374-8bb6-8415ba3a22b0,2024-06-01 08:19:00+00:00,21.86265,72.91483,mixed_or_uncertain,cropland,0.799808429118774,0.191570881226054,0.000638569604086846,,not_eligible,No supported PHOENIX emissions classification.
296f9f98-7a5d-56d6-896e-78c9c82ea0cb,2024-06-01 08:19:00+00:00,21.57002,72.88638,mixed_or_uncertain,cropland,0.920178799489144,0.0753512132822478,0.00191570881226054,,not_eligible,No supported PHOENIX emissions classification.
b1c540e4-5cc7-50d7-9f7a-b832571d906d,2024-06-01 20:48:00+00:00,21.89132,72.77991,mixed_or_uncertain,cropland,0.634418901660281,0.337164750957854,0.0284163473818646,,not_eligible,No supported PHOENIX emissions classification.
e6792f56-2a54-53aa-950b-be14d8bedee4,2024-06-01 20:48:00+00:00,21.79285,72.64868,mixed_or_uncertain,cropland,0.683269476372925,0.247765006385696,0.0,,not_eligible,No supported PHOENIX emissions classification.
392b6d9a-c034-527d-a2f6-66184db97d22,2024-06-02 08:00:00+00:00,22.06067,72.68112,mixed_or_uncertain,cropland,0.633461047254151,0.219987228607918,0.121647509578544,,not_eligible,No supported PHOENIX emissions classification.
edbdadf4-238b-528c-b580-7f1eeb25bc03,2024-06-02 20:29:00+00:00,21.90641,72.75737,mixed_or_uncertain,cropland,0.765325670498084,0.160600255427842,0.0740740740740741,,not_eligible,No supported PHOENIX emissions classification.
b85ba6f3-6646-5007-bdd6-1f5aa4dedb2d,2024-06-05 08:18:00+00:00,21.41033,72.98946,mixed_or_uncertain,tree_cover,0.306513409961686,0.688058748403576,0.0,,not_eligible,No supported PHOENIX emissions classification.
52f9e601-70a6-57fd-9764-70fa5a76d4ae,2024-06-05 08:19:00+00:00,21.96698,72.89174,mixed_or_uncertain,cropland,0.984993614303959,0.0150063856960409,0.0,,not_eligible,No supported PHOENIX emissions classification.
e0d1bf2f-5400-5bb2-8b44-6020c1f067b7,2024-06-05 08:19:00+00:00,22.02192,72.82886,mixed_or_uncertain,cropland,0.707215836526181,0.198914431673052,0.0,,not_eligible,No supported PHOENIX emissions classification.
f87206cf-58b1-55ff-87a2-c9045a55ac1a,2024-06-05 08:19:00+00:00,22.00126,72.91617,mixed_or_uncertain,cropland,0.974457215836526,0.0255427841634738,0.0,,not_eligible,No supported PHOENIX emissions classification.
614a4e6d-655b-5ebf-97a5-f66e5f1c2b19,2024-06-05 08:44:00+00:00,22.00384,72.77141,mixed_or_uncertain,grassland,0.350574712643678,0.648467432950192,0.0,,not_eligible,No supported PHOENIX emissions classification.
ae0092b1-31c8-5d3f-8fa4-7f79b13ec6de,2024-06-06 08:00:00+00:00,21.60492,72.798008,industrial,cropland,0.727011494252874,0.264048531289911,0.0,,not_eligible,No supported PHOENIX emissions classification.
c88215e8-a008-50e0-9abc-b48bbe379f15,2024-06-06 08:00:00+00:00,21.94767,72.87528,mixed_or_uncertain,cropland,0.842592592592593,0.157407407407407,0.0,,not_eligible,No supported PHOENIX emissions classification.
88040459-8c34-5715-87ed-6dca3242e14e,2024-06-06 08:00:00+00:00,22.0131466666667,72.86514,mixed_or_uncertain,tree_cover,0.425925925925926,0.541187739463602,0.0150063856960409,,not_eligible,No supported PHOENIX emissions classification.
bcae8144-95ca-52d0-ab9f-3abebe03f79c,2024-06-06 08:25:00+00:00,21.36381,72.73387,mixed_or_uncertain,cropland,1.0,0.0,0.0,,not_eligible,No supported PHOENIX emissions classification.
2811b713-fa5a-5adc-89ae-4e8be7ecf541,2024-06-06 08:25:00+00:00,21.58307,72.89346,mixed_or_uncertain,cropland,0.689974457215837,0.255108556832695,0.0549169859514687,,not_eligible,No supported PHOENIX emissions classification.
fe8c98a6-3792-57a6-b7eb-4daea8ed1594,2024-06-06 20:54:00+00:00,21.9073,72.68462,mixed_or_uncertain,cropland,0.426245210727969,0.383780332056194,0.189655172413793,,not_eligible,No supported PHOENIX emissions classification.
f146d321-9115-5f25-8254-5b713fbd01ab,2024-06-07 08:06:00+00:00,21.36417,72.65456,mixed_or_uncertain,tree_cover,0.343231162196679,0.654214559386973,0.00255427841634738,,not_eligible,No supported PHOENIX emissions classification.
d1ec8a9c-aec8-50c3-be67-0729cdf5563e,2024-06-08 07:47:00+00:00,21.6264,72.81318,mixed_or_uncertain,tree_cover,0.0977011494252874,0.898148148148148,0.0,,not_eligible,No supported PHOENIX emissions classification.
1b38ab7b-f0bd-5684-8a86-6a61b9b9b06c,2024-06-09 08:43:00+00:00,21.62741,72.8141,mixed_or_uncertain,tree_cover,0.098978288633461,0.901021711366539,0.0,,not_eligible,No supported PHOENIX emissions classification.
061b6311-ebc5-53ea-a23a-a38ce231c182,2024-06-09 08:44:00+00:00,22.00378,72.74224,mixed_or_uncertain,cropland,0.738505747126437,0.201149425287356,0.0,,not_eligible,No supported PHOENIX emissions classification.
29014993-97d1-5e8b-99b5-87e3c51f4eaa,2024-06-09 09:09:00+00:00,21.68876,72.87614,mixed_or_uncertain,permanent_water,0.210089399744572,0.151340996168582,0.00574712643678161,,not_eligible,No supported PHOENIX emissions classification.
c2c135ad-50df-565b-9022-fab0f61e6d56,2024-06-10 20:53:00+00:00,21.39643,72.95467,mixed_or_uncertain,cropland,0.697637292464879,0.289272030651341,0.0,,not_eligible,No supported PHOENIX emissions classification.
a67cbba6-1e0f-5d2e-a261-b156a255eb22,2024-06-11 08:31:00+00:00,21.72199,72.75117,mixed_or_uncertain,cropland,0.582375478927203,0.354725415070243,0.055874840357599,,not_eligible,No supported PHOENIX emissions classification.
bc02cdfb-09ff-5cdb-bc48-d36afc6f8016,2024-06-11 08:31:00+00:00,21.46135,72.79703,mixed_or_uncertain,cropland,0.925606641123882,0.0743933588761175,0.0,,not_eligible,No supported PHOENIX emissions classification.
21ebbd38-9240-50a3-b9eb-8c60ba3c11ec,2024-06-11 20:34:00+00:00,21.7259466666667,72.7212866666667,industrial,tree_cover,0.134418901660281,0.671775223499361,0.19220945083014,,not_eligible,No supported PHOENIX emissions classification.
b13901d8-0eca-52e2-918c-e36f591450ed,2024-06-11 21:00:00+00:00,21.6337,72.99586,mixed_or_uncertain,built_up,0.112068965517241,0.127075351213282,0.760855683269476,,not_eligible,No supported PHOENIX emissions classification.
f3964266-9286-5628-83dc-1693b23274cd,2024-06-13 07:28:00+00:00,22.07954,72.88837,mixed_or_uncertain,cropland,0.849936143039591,0.150063856960409,0.0,,not_eligible,No supported PHOENIX emissions classification.
99c2265d-398c-5704-823c-90bc2d1b9cf1,2024-06-13 07:53:00+00:00,21.90092,72.72046,mixed_or_uncertain,cropland,0.692209450830141,0.241379310344828,0.0,,not_eligible,No supported PHOENIX emissions classification.
b18bb92c-9282-54ce-9578-f48cdae754cd,2024-06-13 07:53:00+00:00,21.71404,72.97697,mixed_or_uncertain,cropland,0.36941251596424,0.34418901660281,0.203065134099617,,not_eligible,No supported PHOENIX emissions classification.
ed04f6b6-5e95-5844-b4d3-381496140c99,2024-06-14 07:34:00+00:00,21.92213,72.69431,mixed_or_uncertain,cropland,0.525862068965517,0.139208173690932,0.0,,not_eligible,No supported PHOENIX emissions classification.
51dbd292-0143-523e-b3cb-817a866f3166,2024-06-16 08:12:00+00:00,22.03088,72.58652,mixed_or_uncertain,cropland,0.674968071519796,0.325031928480204,0.0,,not_eligible,No supported PHOENIX emissions classification.
8c63d702-4799-523e-8f6c-f3032eb01f16,2024-06-16 08:12:00+00:00,21.63013,72.81115,mixed_or_uncertain,tree_cover,0.127075351213282,0.872924648786718,0.0,,not_eligible,No supported PHOENIX emissions classification.
4e236cd5-ea6e-5cca-95a5-d8484ecfab3e,2024-06-17 08:18:00+00:00,21.79046,72.74963,mixed_or_uncertain,cropland,0.770114942528736,0.15389527458493,0.0,,not_eligible,No supported PHOENIX emissions classification.
fd250349-6fc5-56e1-9b44-5d20da1883b9,2024-06-17 08:18:00+00:00,22.03584,72.91119,mixed_or_uncertain,cropland,0.713920817369093,0.286079182630907,0.0,,not_eligible,No supported PHOENIX emissions classification.
d3c56f86-d43a-5d51-8f00-58dafcc3c0ba,2024-06-18 20:28:00+00:00,21.79511,72.64605,mixed_or_uncertain,cropland,0.732120051085568,0.170178799489144,0.0731162196679438,,not_eligible,No supported PHOENIX emissions classification.
0f77e338-ba3a-5c88-a231-1768671baaa0,2024-08-30 20:59:00+00:00,21.79367,72.64636,mixed_or_uncertain,cropland,0.707535121328225,0.181353767560664,0.0325670498084291,,not_eligible,No supported PHOENIX emissions classification.
f97d2f5d-9eeb-5464-84ad-fd2379beb8d6,2024-09-20 20:41:00+00:00,21.6713833333333,72.5380166666667,industrial,built_up,0.182311621966794,0.180715197956577,0.566091954022989,,not_eligible,No supported PHOENIX emissions classification.
5d6a9b71-8f05-52ac-8a7f-c3fde27e5afa,2024-09-22 20:27:00+00:00,21.673115,72.53657,industrial,built_up,0.0360791826309068,0.0788633461047254,0.811621966794381,,not_eligible,No supported PHOENIX emissions classification.
4594ded5-5fbe-5702-b661-512607cf801b,2024-10-02 08:10:00+00:00,21.69932,72.54212,industrial,built_up,0.122605363984674,0.199233716475096,0.44125159642401,,not_eligible,No supported PHOENIX emissions classification.
4354a19a-4656-5c3c-91a5-d02c0ada1cd8,2024-10-08 07:34:00+00:00,21.6865085714286,72.5594957142857,industrial,tree_cover,0.311302681992337,0.541826309067688,0.14367816091954,,not_eligible,No supported PHOENIX emissions classification.
b778ab68-9f4b-50be-9df8-69223e330f44,2024-10-15 21:12:00+00:00,21.67278,72.54088,industrial,built_up,0.370051085568327,0.186781609195402,0.412515964240102,,not_eligible,No supported PHOENIX emissions classification.
f18b7b13-595a-5726-ac8d-4a2cc0ca83ff,2024-10-24 07:58:00+00:00,22.07543,72.84362,mixed_or_uncertain,built_up,0.141443167305236,0.297254150702427,0.522988505747126,,not_eligible,No supported PHOENIX emissions classification.
f1a8f03f-c2f0-5ef0-a308-eccac88c5d6d,2024-10-25 20:08:00+00:00,21.6712985714286,72.54064,industrial,cropland,0.331736909323116,0.325031928480204,0.308109833971903,,not_eligible,No supported PHOENIX emissions classification.
bd66ce52-4792-5ef0-9215-def2ce55e536,2024-10-28 07:59:00+00:00,22.07639,72.84393,mixed_or_uncertain,built_up,0.153575989782886,0.249361430395913,0.561941251596424,,not_eligible,No supported PHOENIX emissions classification.
3a56b122-eaaf-5d66-8a70-b8c96aeb8d5e,2024-10-28 20:28:00+00:00,21.69506,72.602875,mixed_or_uncertain,cropland,0.964878671775223,0.00957854406130268,0.0255427841634738,,not_eligible,No supported PHOENIX emissions classification.
f6f2f913-3ab3-5c8f-9f2d-3514cd52d2e1,2024-10-28 20:28:00+00:00,21.35496,72.96421,mixed_or_uncertain,cropland,0.493295019157088,0.204022988505747,0.266602809706258,,not_eligible,No supported PHOENIX emissions classification.
57a269f3-4005-5ba6-97fe-774766bde53a,2024-11-05 21:42:00+00:00,21.796435,72.647705,mixed_or_uncertain,cropland,0.719987228607918,0.10727969348659,0.146232439335888,,not_eligible,No supported PHOENIX emissions classification.
1da642ed-05e2-52b9-b376-1a61f26b67da,2024-11-08 08:17:00+00:00,22.07271,72.89281,mixed_or_uncertain,cropland,0.840996168582375,0.159003831417625,0.0,,not_eligible,No supported PHOENIX emissions classification.
8c3a8e70-0f6f-5b4b-89ca-90b9e406b0f3,2024-11-10 07:39:00+00:00,21.686006,72.562118,industrial,tree_cover,0.177522349936143,0.443486590038314,0.375798212005109,,not_eligible,No supported PHOENIX emissions classification.
9c7c5fba-fe5d-54f6-9726-165b28241f55,2024-11-10 07:39:00+00:00,21.46034,72.92841,mixed_or_uncertain,cropland,0.411558109833972,0.342911877394636,0.240740740740741,,not_eligible,No supported PHOENIX emissions classification.
5c9ce592-e6f2-5aba-9c86-e1b1a0d31bf7,2024-11-10 08:56:00+00:00,21.759985,72.71472,mixed_or_uncertain,cropland,0.709770114942529,0.271072796934866,0.0,,not_eligible,No supported PHOENIX emissions classification.
33b656c8-c04e-5e99-8e6a-b63f9c911310,2024-11-12 20:47:00+00:00,21.39392,72.76408,mixed_or_uncertain,cropland,0.78639846743295,0.21360153256705,0.0,,not_eligible,No supported PHOENIX emissions classification.
043c1624-e849-54de-b625-1870100e9971,2024-11-17 08:24:00+00:00,21.74863,72.66759,mixed_or_uncertain,cropland,0.521711366538953,0.255747126436782,0.219348659003831,,not_eligible,No supported PHOENIX emissions classification.
0dc28d82-1603-55b3-80f4-8b44dc97bc2b,2024-11-18 08:05:00+00:00,21.40293,72.89562,mixed_or_uncertain,cropland,0.71455938697318,0.265644955300128,0.0175606641123883,,not_eligible,No supported PHOENIX emissions classification.
86fc8c19-6f87-58a0-a0a5-b6a38c476f88,2024-11-18 08:29:00+00:00,21.89079,72.78008,mixed_or_uncertain,cropland,0.547254150702427,0.422094508301405,0.0306513409961686,,not_eligible,No supported PHOENIX emissions classification.
adda5a74-7361-531b-9b41-5e2ad8ddb432,2024-11-19 08:10:00+00:00,21.50048,72.86992,mixed_or_uncertain,cropland,0.863984674329502,0.136015325670498,0.0,,not_eligible,No supported PHOENIX emissions classification.
cb6c5bda-2c1e-5758-a62f-8adbf9a0d5d4,2024-11-19 08:11:00+00:00,21.89021,72.896695,mixed_or_uncertain,built_up,0.235312899106003,0.191570881226054,0.568007662835249,,not_eligible,No supported PHOENIX emissions classification.
074f6664-5514-5fa9-92c9-31259bc90d87,2024-11-19 20:15:00+00:00,21.3816933333333,72.7419133333333,mixed_or_uncertain,cropland,0.931992337164751,0.0635376756066411,0.00446998722860792,,not_eligible,No supported PHOENIX emissions classification.
0df4f80e-fb4a-528c-ab5a-e8a0dc9328fb,2024-11-20 07:52:00+00:00,21.60547,72.97338,mixed_or_uncertain,cropland,0.487547892720307,0.512452107279693,0.0,,not_eligible,No supported PHOENIX emissions classification.
52455301-ff14-592b-ae55-40c8057f965d,2024-11-20 09:08:00+00:00,21.35168,72.81088,mixed_or_uncertain,cropland,0.634738186462324,0.363984674329502,0.00127713920817369,,not_eligible,No supported PHOENIX emissions classification.
9479b0d5-a879-58fc-a764-73645b8a57ba,2024-11-20 20:21:00+00:00,21.39391,72.79935,mixed_or_uncertain,cropland,0.66794380587484,0.33205619412516,0.0,,not_eligible,No supported PHOENIX emissions classification.
2bcd8ae0-0e18-523e-8e7e-7bc6bd7e3e6c,2024-11-23 08:12:00+00:00,21.892124,72.897624,mixed_or_uncertain,built_up,0.36941251596424,0.0906768837803321,0.53735632183908,,not_eligible,No supported PHOENIX emissions classification.
12b0e7e0-9378-5283-bea2-c9736bf0c6e5,2024-11-23 20:40:00+00:00,21.43285,72.97689,mixed_or_uncertain,cropland,0.557151979565773,0.442528735632184,0.0,,not_eligible,No supported PHOENIX emissions classification.
c7992dfa-03ab-5ddc-bfe7-5e5724db106e,2024-11-24 07:53:00+00:00,21.371725,72.72079,mixed_or_uncertain,cropland,0.913473818646232,0.0865261813537676,0.0,,not_eligible,No supported PHOENIX emissions classification.
51e2fc7c-97a4-5a62-9164-ad0107343e6d,2024-11-24 08:17:00+00:00,21.48314,72.883455,mixed_or_uncertain,cropland,0.964240102171137,0.0357598978288633,0.0,,not_eligible,No supported PHOENIX emissions classification.
60d16cac-c5b6-579d-ace1-9d4486ef7796,2024-11-24 20:46:00+00:00,21.36835,72.91829,mixed_or_uncertain,cropland,0.519476372924649,0.480523627075351,0.0,,not_eligible,No supported PHOENIX emissions classification.
f088e38c-17f5-5e82-9c02-c5005d26a436,2024-11-25 07:34:00+00:00,21.5959233333333,72.88499,mixed_or_uncertain,cropland,0.998722860791826,0.00127713920817369,0.0,,not_eligible,No supported PHOENIX emissions classification.
45ebb75e-4dc5-5f2d-8c76-f3e8f813dafb,2024-11-25 09:14:00+00:00,21.402675,72.914155,mixed_or_uncertain,cropland,0.407726692209451,0.212324393358876,0.229565772669221,,not_eligible,No supported PHOENIX emissions classification.
1c2aa7ce-ee16-5642-ac1f-89d1137aeed7,2024-11-25 20:03:00+00:00,21.90666,72.75671,mixed_or_uncertain,cropland,0.7985312899106,0.151979565772669,0.0494891443167305,,not_eligible,No supported PHOENIX emissions classification.
9a315173-fbef-5fcd-bb15-01c02b6b1638,2024-11-26 08:56:00+00:00,21.36525,72.65932,mixed_or_uncertain,cropland,0.524584929757343,0.214878671775223,0.00638569604086846,,not_eligible,No supported PHOENIX emissions classification.
d7008038-3713-5b9f-9e6e-4245f4520b37,2024-11-26 08:56:00+00:00,21.36395,72.74776,mixed_or_uncertain,cropland,0.843231162196679,0.156768837803321,0.0,,not_eligible,No supported PHOENIX emissions classification.
ac8c3f1b-5f75-5afa-9f87-da21df408a68,2024-11-26 20:08:00+00:00,21.90904,72.75438,mixed_or_uncertain,cropland,0.878991060025543,0.11845466155811,0.0,,not_eligible,No supported PHOENIX emissions classification.
dd67b612-0c77-5e99-87bb-1e3935c9bef0,2024-11-26 20:08:00+00:00,21.37876,72.84893,mixed_or_uncertain,cropland,0.670817369093231,0.329182630906769,0.0,,not_eligible,No supported PHOENIX emissions classification.
9d182238-2437-5888-baec-03c55635c075,2024-11-26 21:24:00+00:00,21.36218,72.85896,mixed_or_uncertain,cropland,0.632822477650064,0.349936143039591,0.00766283524904215,,not_eligible,No supported PHOENIX emissions classification.
5637faeb-8b6d-53c4-8be2-ba2c49a3d3a1,2024-11-27 08:37:00+00:00,21.698655,72.7065125,mixed_or_uncertain,cropland,0.663793103448276,0.228607918263091,0.0290549169859515,,not_eligible,No supported PHOENIX emissions classification.
9a49ab01-9326-5587-a4d7-b6cc59165fdb,2024-11-27 08:37:00+00:00,21.74735,72.68683,mixed_or_uncertain,cropland,0.472541507024266,0.295019157088123,0.0644955300127714,,not_eligible,No supported PHOENIX emissions classification.
bc9be606-8dec-5130-a2c0-ebb5bd5f1311,2024-11-27 08:37:00+00:00,21.373685,72.912115,mixed_or_uncertain,cropland,0.698595146871009,0.288633461047254,0.00574712643678161,,not_eligible,No supported PHOENIX emissions classification.
58144402-7187-58de-9181-7212b30b4f4f,2024-11-27 21:06:00+00:00,21.433505,72.97427,mixed_or_uncertain,cropland,0.631864623243934,0.348020434227331,0.0,,not_eligible,No supported PHOENIX emissions classification.
b6113baf-9190-5676-a5cf-36c0fa04178d,2024-11-27 21:06:00+00:00,21.40807,72.76345,mixed_or_uncertain,cropland,0.84610472541507,0.147190293742018,0.00670498084291188,,not_eligible,No supported PHOENIX emissions classification.
0e9b2639-7bd0-58db-9a22-d977c43c69bf,2024-11-28 08:42:00+00:00,21.49016,72.730005,mixed_or_uncertain,permanent_water,0.0236270753512133,0.0408684546615581,0.0,,not_eligible,No supported PHOENIX emissions classification.
fe88725e-355f-5f4a-8d8d-38dce356f53e,2024-11-28 21:10:00+00:00,21.7946528571429,72.64715,industrial,cropland,0.746168582375479,0.122924648786718,0.0826947637292465,,not_eligible,No supported PHOENIX emissions classification.
1c690262-fad2-53f2-8cda-1eb5d1ca7374,2024-11-29 20:52:00+00:00,21.38824,72.93353,mixed_or_uncertain,cropland,0.719667943805875,0.280332056194125,0.0,,not_eligible,No supported PHOENIX emissions classification.
f473e042-e023-5b44-896d-150ba459bf01,2024-11-30 07:41:00+00:00,21.868565,72.85243,mixed_or_uncertain,cropland,0.90389527458493,0.0925925925925926,0.00351213282247765,,not_eligible,No supported PHOENIX emissions classification.
e70618aa-709c-55aa-8b1c-5d9b1461d7c8,2024-11-30 08:04:00+00:00,21.47428,72.84216,mixed_or_uncertain,cropland,0.559386973180077,0.440613026819923,0.0,,not_eligible,No supported PHOENIX emissions classification.
40baa3d9-3146-54d6-8b72-5562009ae42d,2024-12-02 21:12:00+00:00,21.36032,72.85447,mixed_or_uncertain,cropland,0.587484035759898,0.409961685823755,0.000319284802043423,,not_eligible,No supported PHOENIX emissions classification.
1a5ec99f-b236-5172-a0ca-558316d86b7a,2024-12-04 08:06:00+00:00,21.47648,72.83632,mixed_or_uncertain,cropland,0.789910600255428,0.210089399744572,0.0,,not_eligible,No supported PHOENIX emissions classification.
e4fbc6e7-3fe1-5e43-bc5d-d687ddf67ea0,2024-12-04 08:29:00+00:00,21.48507,72.97183,mixed_or_uncertain,cropland,0.670817369093231,0.329182630906769,0.0,,not_eligible,No supported PHOENIX emissions classification.
b3826ebf-1966-56e9-86ab-cb9b05d28648,2024-12-04 20:35:00+00:00,21.41037,72.98739,mixed_or_uncertain,tree_cover,0.374201787994891,0.615581098339719,0.0,,not_eligible,No supported PHOENIX emissions classification.
fa815104-3cc4-50ef-9a97-c7e2f0f1feba,2024-12-06 20:20:00+00:00,21.36936,72.87646,mixed_or_uncertain,cropland,0.995210727969349,0.00478927203065134,0.0,,not_eligible,No supported PHOENIX emissions classification.
651155b8-3e01-5f23-b83b-a16631a3be8a,2024-12-06 21:37:00+00:00,21.3591233333333,72.9887166666667,mixed_or_uncertain,cropland,0.625798212005109,0.34418901660281,0.00446998722860792,,not_eligible,No supported PHOENIX emissions classification.
e15dd509-80dd-59e3-b412-9ac1e7eb98a0,2024-12-07 07:32:00+00:00,21.59114,72.9193,mixed_or_uncertain,cropland,0.920498084291188,0.0795019157088123,0.0,,not_eligible,No supported PHOENIX emissions classification.
1ba7ce8e-de59-5236-a1fc-70f742dddd34,2024-12-07 21:42:00+00:00,21.40735,72.948715,mixed_or_uncertain,tree_cover,0.234993614303959,0.745210727969349,0.0,,not_eligible,No supported PHOENIX emissions classification.
18fff069-e702-55dd-96a9-453f7b9a0e99,2024-12-08 08:31:00+00:00,21.54729,72.80659,mixed_or_uncertain,cropland,0.873243933588761,0.126756066411239,0.0,,not_eligible,No supported PHOENIX emissions classification.
f4e6eee5-41a4-5077-a6e2-6c68f9d15e41,2024-12-08 08:31:00+00:00,22.07331,72.63425,mixed_or_uncertain,cropland,0.800766283524904,0.172413793103448,0.0111749680715198,,not_eligible,No supported PHOENIX emissions classification.
7062001a-1a14-5125-89d0-f914965168ae,2024-12-08 08:54:00+00:00,21.44021,72.85298,mixed_or_uncertain,cropland,0.80874840357599,0.19125159642401,0.0,,not_eligible,No supported PHOENIX emissions classification.
417bc8ac-ccbd-54a8-b814-cb5d9560b42a,2024-12-08 21:00:00+00:00,21.90343,72.69116,mixed_or_uncertain,grassland,0.189974457215837,0.537037037037037,0.0,,not_eligible,No supported PHOENIX emissions classification.
73177728-96fd-56a5-9c01-722a25b958ac,2024-12-08 21:00:00+00:00,21.44845,72.88174,mixed_or_uncertain,cropland,0.603448275862069,0.338122605363985,0.0,,not_eligible,No supported PHOENIX emissions classification.
9e8e912a-f76a-5622-9cca-814812dc603f,2024-12-09 08:12:00+00:00,21.87259,72.68193,mixed_or_uncertain,cropland,0.581417624521073,0.292464878671775,0.0948275862068965,,not_eligible,No supported PHOENIX emissions classification.
e9e07b4b-1b11-5fce-90ff-bd22fcb19f98,2024-12-09 08:12:00+00:00,21.8919233333333,72.8986766666667,mixed_or_uncertain,cropland,0.472222222222222,0.10632183908046,0.421455938697318,,not_eligible,No supported PHOENIX emissions classification.
c6449cdb-9f4e-589c-9fae-713e02065f29,2024-12-09 08:35:00+00:00,21.5659,72.90714,mixed_or_uncertain,cropland,0.914750957854406,0.0849297573435504,0.000319284802043423,,not_eligible,No supported PHOENIX emissions classification.
672f318d-90ad-5a87-a39b-254498355b0e,2024-12-09 20:41:00+00:00,21.35613,72.84727,mixed_or_uncertain,cropland,0.583333333333333,0.414431673052363,0.00223499361430396,,not_eligible,No supported PHOENIX emissions classification.
0b060339-03e5-5506-9d4b-286db11ddb2d,2024-12-10 07:53:00+00:00,21.39697,72.79658,mixed_or_uncertain,cropland,0.681034482758621,0.229246487867178,0.0801404853128991,,not_eligible,No supported PHOENIX emissions classification.
35203e2c-0ff6-5344-a392-3fbedc52d9f9,2024-12-10 07:53:00+00:00,21.99773,72.57358,mixed_or_uncertain,built_up,0.26213282247765,0.381226053639847,0.354725415070243,,not_eligible,No supported PHOENIX emissions classification.
93081f45-9ee1-529f-9fb8-02ede0e9440b,2024-12-10 07:53:00+00:00,21.7954466666667,72.60458,mixed_or_uncertain,cropland,0.754150702426564,0.242975734355045,0.0,,not_eligible,No supported PHOENIX emissions classification.
a03affa7-0eb6-5a92-ad4f-4892de2f3eb3,2024-12-10 20:22:00+00:00,21.3897266666667,72.79043,industrial,cropland,0.800127713920817,0.171455938697318,0.0284163473818646,,not_eligible,No supported PHOENIX emissions classification.
14c8e4a1-10b4-570e-8682-1dad9f5e2440,2024-12-10 20:45:00+00:00,21.35056,72.858075,mixed_or_uncertain,tree_cover,0.393997445721584,0.606002554278416,0.0,,not_eligible,No supported PHOENIX emissions classification.
4bc731ef-1779-5f55-92a1-e3e91edfe8be,2024-12-11 07:57:00+00:00,21.73747,72.67826,mixed_or_uncertain,cropland,0.568646232439336,0.300127713920817,0.0973818646232439,,not_eligible,No supported PHOENIX emissions classification.
d161fede-825c-5e68-ba0f-0fcfb29c8c70,2024-12-11 20:03:00+00:00,21.37629,72.75315,mixed_or_uncertain,cropland,0.741379310344828,0.258620689655172,0.0,,not_eligible,No supported PHOENIX emissions classification.
f50fafe8-ca28-5dda-8c5c-12294c2b5fdf,2024-12-11 20:03:00+00:00,21.43217,72.97524,mixed_or_uncertain,tree_cover,0.449233716475096,0.550446998722861,0.0,,not_eligible,No supported PHOENIX emissions classification.
0a6c14ed-ed6d-5afe-90b7-02e89e1695b3,2024-12-12 08:56:00+00:00,21.72748,72.72079,mixed_or_uncertain,tree_cover,0.242656449553001,0.568646232439336,0.187100893997446,,not_eligible,No supported PHOENIX emissions classification.
c4c7fe07-d91f-5708-8fb6-d7a1ee761a96,2024-12-12 20:07:00+00:00,21.35795,72.80608,mixed_or_uncertain,cropland,0.71551724137931,0.279693486590038,0.00478927203065134,,not_eligible,No supported PHOENIX emissions classification.
7c92f85e-a753-5929-9f47-b66d4e6b7c7b,2024-12-12 21:25:00+00:00,21.59429,72.87242,mixed_or_uncertain,cropland,0.895593869731801,0.104406130268199,0.0,,not_eligible,No supported PHOENIX emissions classification.
e7c2013d-8186-5727-99f4-b9b095c9fa7d,2024-12-13 09:00:00+00:00,21.81284,72.64903,mixed_or_uncertain,cropland,0.475095785440613,0.472541507024266,0.0258620689655172,,not_eligible,No supported PHOENIX emissions classification.
45431c0f-a396-543e-86af-b42a8be36fde,2024-12-13 21:06:00+00:00,21.356315,72.894455,mixed_or_uncertain,cropland,0.458173690932312,0.5242656449553,0.00830140485312899,,not_eligible,No supported PHOENIX emissions classification.
37f96b64-0ba2-5bb5-8e40-53e0987976a5,2024-12-14 08:41:00+00:00,21.72853,72.6954,mixed_or_uncertain,cropland,0.885376756066411,0.113346104725415,0.0,,not_eligible,No supported PHOENIX emissions classification.
b8dc6444-3e62-51e9-96da-7b3de274f675,2024-12-14 20:47:00+00:00,21.57395,72.79233,mixed_or_uncertain,cropland,0.58205619412516,0.41794380587484,0.0,,not_eligible,No supported PHOENIX emissions classification.
f683bba1-19ad-5841-a4e8-02db9ba8cb4b,2024-12-14 20:47:00+00:00,21.43288,72.97546,mixed_or_uncertain,cropland,0.48786717752235,0.511813537675607,0.0,,not_eligible,No supported PHOENIX emissions classification.
44ed100c-2b88-5205-9c17-e386f4ca7389,2024-12-14 21:10:00+00:00,21.56999,72.80566,industrial,cropland,0.852490421455939,0.147509578544061,0.0,,not_eligible,No supported PHOENIX emissions classification.
a0a601fa-7c83-5ead-a83a-f65e62fe701d,2024-12-15 08:00:00+00:00,22.01357,72.93677,mixed_or_uncertain,cropland,0.820242656449553,0.179757343550447,0.0,,not_eligible,No supported PHOENIX emissions classification.
d67cc139-30cc-5416-aa93-ed73c72f0216,2024-12-15 08:22:00+00:00,21.51958,72.9447,mixed_or_uncertain,cropland,0.9272030651341,0.0727969348659004,0.0,,not_eligible,No supported PHOENIX emissions classification.
a176aff1-3e25-5d9f-8603-821d92f795d6,2024-12-15 20:51:00+00:00,21.35597,72.89401,mixed_or_uncertain,tree_cover,0.42816091954023,0.558109833971903,0.00446998722860792,,not_eligible,No supported PHOENIX emissions classification.
0107aa92-8c63-588d-b5bb-60ff368ca27f,2024-12-16 07:41:00+00:00,21.7204966666667,72.7121833333333,mixed_or_uncertain,cropland,0.931673052362708,0.0405491698595147,0.0277777777777778,,not_eligible,No supported PHOENIX emissions classification.
c5850d91-1795-5e5c-9033-5c159ad644c5,2024-12-16 08:04:00+00:00,22.033295,72.78882,mixed_or_uncertain,cropland,0.951787994891443,0.0482120051085568,0.0,,not_eligible,No supported PHOENIX emissions classification.
7d85820f-2529-5348-8c1a-d4507bb4ef66,2024-12-16 20:33:00+00:00,21.4352,72.97563,mixed_or_uncertain,cropland,0.592592592592593,0.370051085568327,0.0,,not_eligible,No supported PHOENIX emissions classification.
8cf909d6-056d-5a4f-afa4-c96a2d1fdc10,2024-12-16 20:33:00+00:00,21.36355,72.91569,mixed_or_uncertain,cropland,0.721583652618135,0.278416347381865,0.0,,not_eligible,No supported PHOENIX emissions classification.
3caa1674-27dd-5a8b-be70-1ebed541d05b,2024-12-17 07:22:00+00:00,21.6244942857143,72.8090542857143,industrial,tree_cover,0.0747126436781609,0.923052362707535,0.0,,not_eligible,No supported PHOENIX emissions classification.
6ade273b-87ee-5e58-aa22-abbd0dd3176c,2024-12-17 09:03:00+00:00,21.73275,72.71735,mixed_or_uncertain,cropland,0.777139208173691,0.146551724137931,0.0252234993614304,,not_eligible,No supported PHOENIX emissions classification.
8538c7c7-23d7-56fd-b3cb-a675d366965e,2024-12-18 08:44:00+00:00,21.38963,72.96394,mixed_or_uncertain,tree_cover,0.424329501915709,0.575670498084291,0.0,,not_eligible,No supported PHOENIX emissions classification.
cad39656-f3cf-558a-9ef8-9ce7459e76cf,2024-12-19 08:25:00+00:00,21.62354,72.80956,mixed_or_uncertain,tree_cover,0.160600255427842,0.83205619412516,0.0,,not_eligible,No supported PHOENIX emissions classification.
86e38b5d-2428-5140-ae5e-cf62d7f84729,2024-12-19 20:54:00+00:00,21.39358,72.86733,mixed_or_uncertain,cropland,0.790229885057471,0.0906768837803321,0.114623243933589,,not_eligible,No supported PHOENIX emissions classification.
e08d032d-5039-55f9-b71b-1aee3a938b46,2024-12-21 07:47:00+00:00,21.47699,72.87287,mixed_or_uncertain,cropland,0.893039591315453,0.106960408684547,0.0,,not_eligible,No supported PHOENIX emissions classification.
031f8232-8664-57eb-92ba-393d09aa73f9,2024-12-21 08:10:00+00:00,22.00541,72.93919,mixed_or_uncertain,cropland,0.969987228607918,0.0300127713920817,0.0,,not_eligible,No supported PHOENIX emissions classification.
0d149ae2-d2a5-58ee-922b-39c41a5b99df,2024-12-21 08:10:00+00:00,22.00261,72.87974,mixed_or_uncertain,cropland,0.878671775223499,0.121328224776501,0.0,,not_eligible,No supported PHOENIX emissions classification.
40fa7d87-4c30-5c0f-b03b-3c44b09cf089,2024-12-21 08:10:00+00:00,21.856605,72.88432,mixed_or_uncertain,cropland,0.924968071519796,0.0750319284802043,0.0,,not_eligible,No supported PHOENIX emissions classification.
9fde68b5-e2a8-5b18-a8bc-d946e9510e97,2024-12-21 08:10:00+00:00,21.89731,72.9029,mixed_or_uncertain,cropland,0.389208173690932,0.295977011494253,0.304278416347382,,not_eligible,No supported PHOENIX emissions classification.
45f3ad77-93fd-5df1-af1c-b8c744b5e8c5,2024-12-21 08:10:00+00:00,21.8714,72.68197,mixed_or_uncertain,cropland,0.640485312899106,0.291187739463602,0.0469348659003831,,not_eligible,No supported PHOENIX emissions classification.
5244d9c3-b9b9-51b6-8d5c-5d56c266a350,2024-12-21 08:10:00+00:00,21.89649,72.9190566666667,mixed_or_uncertain,cropland,0.811941251596424,0.185504469987229,0.0,,not_eligible,No supported PHOENIX emissions classification.
ac38e904-df42-5772-8c27-881255ed8552,2024-12-22 07:51:00+00:00,22.0293,72.81306,mixed_or_uncertain,cropland,0.675287356321839,0.317049808429119,0.0,,not_eligible,No supported PHOENIX emissions classification.
36e9e38f-8d0a-53f3-bbf9-b2ab0f596d3d,2024-12-23 07:33:00+00:00,21.6230366666667,72.8078033333333,mixed_or_uncertain,tree_cover,0.366858237547893,0.633141762452107,0.0,,not_eligible,No supported PHOENIX emissions classification.
c5ec4b17-c683-5d85-98a2-e4e36b055584,2024-12-23 20:01:00+00:00,21.39072,72.93442,mixed_or_uncertain,cropland,0.705938697318008,0.231481481481481,0.053639846743295,,not_eligible,No supported PHOENIX emissions classification.
72d1e187-a1fe-5042-b1fa-eba2af330efc,2024-12-24 08:32:00+00:00,21.98683,72.97004,mixed_or_uncertain,cropland,0.580779054916986,0.419220945083014,0.0,,not_eligible,No supported PHOENIX emissions classification.
530d1b31-d00e-57f5-8541-92529bc29622,2024-12-24 08:54:00+00:00,21.76109,72.55851,mixed_or_uncertain,bare_sparse_vegetation,0.230523627075351,0.309386973180077,0.0,,not_eligible,No supported PHOENIX emissions classification.
1827551a-4cb6-555b-9030-e2e750395900,2024-12-25 08:13:00+00:00,21.87148,72.681285,mixed_or_uncertain,cropland,0.694444444444444,0.264687100893997,0.0261813537675607,,not_eligible,No supported PHOENIX emissions classification.
1f403572-e0e8-528b-aec7-7a148b509806,2024-12-25 08:13:00+00:00,22.01364,72.76097,mixed_or_uncertain,cropland,0.713282247765006,0.280970625798212,0.0,,not_eligible,No supported PHOENIX emissions classification.
701510c8-3f27-5270-9c63-45786e893062,2024-12-25 08:13:00+00:00,21.8903833333333,72.8968933333333,mixed_or_uncertain,built_up,0.253192848020434,0.185185185185185,0.557790549169859,,not_eligible,No supported PHOENIX emissions classification.
526a96bd-fbf9-5117-adaa-c817bb265b38,2024-12-25 08:13:00+00:00,21.6219133333333,72.8028833333333,mixed_or_uncertain,tree_cover,0.216155810983397,0.783844189016603,0.0,,not_eligible,No supported PHOENIX emissions classification.
a092c656-d20c-54fc-96d3-d2061faf514e,2024-12-25 08:13:00+00:00,21.89397,72.900464,mixed_or_uncertain,built_up,0.299808429118774,0.228607918263091,0.469348659003831,,not_eligible,No supported PHOENIX emissions classification.
1a96d9d1-f27c-5102-b14d-53efcf90c1bb,2024-12-25 20:41:00+00:00,21.63626,72.94894,mixed_or_uncertain,cropland,0.827905491698595,0.172094508301405,0.0,,not_eligible,No supported PHOENIX emissions classification.
38e9e55c-e181-5375-9330-a5da62b5ee29,2024-12-26 20:23:00+00:00,21.410865,72.98737,mixed_or_uncertain,tree_cover,0.425606641123883,0.567369093231162,0.0,,not_eligible,No supported PHOENIX emissions classification.
a691bf67-4533-5622-a4ec-9fdff36d404b,2024-12-28 21:25:00+00:00,21.4313,72.97644,mixed_or_uncertain,cropland,0.553639846743295,0.446040868454662,0.0,,not_eligible,No supported PHOENIX emissions classification.
c1a6356e-cc93-5ac6-85b9-8a0b8bb8b986,2024-12-29 08:38:00+00:00,21.727795,72.664475,mixed_or_uncertain,tree_cover,0.183269476372925,0.634738186462324,0.111111111111111,,not_eligible,No supported PHOENIX emissions classification.
c8840b97-620f-54df-aec2-69aac45c5758,2024-12-29 19:49:00+00:00,21.908152,72.750932,mixed_or_uncertain,cropland,0.864623243933589,0.132822477650064,0.0,,not_eligible,No supported PHOENIX emissions classification.
56e178d1-923a-5bd6-8221-c744e09a7706,2024-12-29 21:29:00+00:00,21.90894,72.75842,mixed_or_uncertain,cropland,0.752873563218391,0.115900383141762,0.131226053639847,,not_eligible,No supported PHOENIX emissions classification.
7c484d95-f192-512c-aaaf-ccd4f02e95d2,2024-12-30 08:19:00+00:00,21.59419,72.99146,mixed_or_uncertain,cropland,0.560983397190294,0.260536398467433,0.0922733077905492,,not_eligible,No supported PHOENIX emissions classification.
6c5a2be9-5688-5b1e-89e9-c3773c3c86ec,2024-12-30 08:42:00+00:00,21.68444,72.61589,mixed_or_uncertain,tree_cover,0.398786717752235,0.593869731800766,0.0,,not_eligible,No supported PHOENIX emissions classification.
40b49bef-f211-514f-9afa-beb1f2b927d2,2024-12-30 20:48:00+00:00,21.433765,72.97518,mixed_or_uncertain,cropland,0.566730523627075,0.403256704980843,0.0,,not_eligible,No supported PHOENIX emissions classification.
92b47172-d799-502a-8152-ff4bc7211b86,2024-12-31 08:00:00+00:00,21.38282,72.82056,mixed_or_uncertain,cropland,0.726372924648787,0.246807151979566,0.0265006385696041,,not_eligible,No supported PHOENIX emissions classification.
190e9484-4726-5d5b-bd6f-b8011e541cc8,2024-12-31 08:00:00+00:00,21.84801,72.70044,mixed_or_uncertain,cropland,0.956577266922095,0.0431034482758621,0.000319284802043423,,not_eligible,No supported PHOENIX emissions classification.
9c49b2fa-e25b-5d66-955b-e10a10934839,2024-12-31 08:23:00+00:00,21.743845,72.652175,mixed_or_uncertain,cropland,0.883141762452107,0.0561941251596424,0.0606641123882503,,not_eligible,No supported PHOENIX emissions classification.
e414086c-8648-52f0-99f1-24f262b975b1,2024-12-31 08:23:00+00:00,21.49159,72.74805,mixed_or_uncertain,cropland,0.952107279693487,0.0478927203065134,0.0,,not_eligible,No supported PHOENIX emissions classification.
bbfbf83d-d9bc-595a-8191-53cfc85ba8a2,2024-12-31 20:52:00+00:00,21.35245,72.87503,mixed_or_uncertain,cropland,0.473180076628352,0.526819923371648,0.0,,not_eligible,No supported PHOENIX emissions classification.
76300036-1cbe-5e22-b266-86164f19c8fc,2025-01-01 07:41:00+00:00,21.61993375,72.8017875,industrial,cropland,0.515964240102171,0.47669220945083,0.0,,not_eligible,No supported PHOENIX emissions classification.
4b23f69c-c0ef-5c64-8d4c-77b8a0e68e78,2025-01-01 08:04:00+00:00,22.08581,72.56097,mixed_or_uncertain,grassland,0.395593869731801,0.583333333333333,0.0,,not_eligible,No supported PHOENIX emissions classification.
348faa8f-2b28-55fb-bfcd-9019aa8bcd3d,2025-01-01 20:10:00+00:00,21.38683,72.966865,mixed_or_uncertain,cropland,0.392081736909323,0.481162196679438,0.109195402298851,,not_eligible,No supported PHOENIX emissions classification.
180cf506-8a56-53e7-ab23-1a21def606f6,2025-01-03 08:44:00+00:00,21.62058,72.80255,mixed_or_uncertain,tree_cover,0.387292464878672,0.612707535121328,0.0,,not_eligible,No supported PHOENIX emissions classification.
8d25eade-2e7e-5b17-8df4-d4d1122816d9,2025-01-03 21:13:00+00:00,21.3563933333333,72.9396566666667,mixed_or_uncertain,cropland,0.553001277139208,0.446998722860792,0.0,,not_eligible,No supported PHOENIX emissions classification.
41a0ed15-55af-5a90-9231-d8c9e5793f74,2025-01-03 21:13:00+00:00,21.36782,72.88428,mixed_or_uncertain,cropland,0.594508301404853,0.405491698595147,0.0,,not_eligible,No supported PHOENIX emissions classification.
ce2257b2-a8a0-5900-b7f9-aed9f36b4487,2025-01-03 21:36:00+00:00,21.35732,72.87566,mixed_or_uncertain,cropland,0.914431673052363,0.0855683269476373,0.0,,not_eligible,No supported PHOENIX emissions classification.
10c1d615-95eb-5295-84e0-99e22fc7a51a,2025-01-04 08:25:00+00:00,21.44492,72.71553,mixed_or_uncertain,cropland,0.84610472541507,0.136334610472542,0.0,,not_eligible,No supported PHOENIX emissions classification.
20cdc51e-85ea-5fcf-9e35-d5b6b4279b14,2025-01-04 08:25:00+00:00,21.54717,72.87548,mixed_or_uncertain,cropland,0.518837803320562,0.378671775223499,0.0916347381864623,,not_eligible,No supported PHOENIX emissions classification.
79a28a87-8e99-5a24-a70b-30b40b327b26,2025-01-04 08:25:00+00:00,21.54812,72.9544,mixed_or_uncertain,cropland,0.953703703703704,0.0462962962962963,0.0,,not_eligible,No supported PHOENIX emissions classification.
85de714e-9187-5dba-974c-7595f6d47869,2025-01-04 08:25:00+00:00,21.684876,72.612518,industrial,cropland,0.785759897828863,0.196360153256705,0.000638569604086846,,not_eligible,No supported PHOENIX emissions classification.
9e9d0851-6662-5faa-bc56-fdb729e99a3e,2025-01-04 08:25:00+00:00,21.7916433333333,72.6123533333333,mixed_or_uncertain,cropland,0.767879948914432,0.225095785440613,0.0,,not_eligible,No supported PHOENIX emissions classification.
b29d19c5-5641-5a82-95cf-117c811d2d46,2025-01-04 08:25:00+00:00,21.70695,72.72399,mixed_or_uncertain,cropland,0.760536398467433,0.230842911877395,0.0,,not_eligible,No supported PHOENIX emissions classification.
a914804a-01ff-5982-be87-de9b888aef7a,2025-01-04 08:48:00+00:00,21.75093,72.66813,mixed_or_uncertain,cropland,0.679438058748404,0.250319284802043,0.0686462324393359,,not_eligible,No supported PHOENIX emissions classification.
2ae03bb5-9fd1-5fd3-8f87-9e5bc955bf93,2025-01-05 08:07:00+00:00,21.62169,72.80227,mixed_or_uncertain,tree_cover,0.284802043422733,0.715197956577267,0.0,,not_eligible,No supported PHOENIX emissions classification.
a4c236bb-d994-52f9-8d40-a612bed432c6,2025-01-05 08:29:00+00:00,21.75907,72.68432,mixed_or_uncertain,cropland,0.960727969348659,0.039272030651341,0.0,,not_eligible,No supported PHOENIX emissions classification.
59889989-bf51-5522-9b8b-fe5a4d3c284f,2025-01-05 20:58:00+00:00,21.36039,72.82989,mixed_or_uncertain,cropland,0.867816091954023,0.132183908045977,0.0,,not_eligible,No supported PHOENIX emissions classification.
51420a5e-a0d7-541a-abf4-b6ba5d4427f5,2025-01-06 08:10:00+00:00,21.6207,72.79877,mixed_or_uncertain,cropland,0.613026819923372,0.353128991060026,0.0,,not_eligible,No supported PHOENIX emissions classification.
0f90fa29-f3f2-562d-bf47-ac4e525c3b34,2025-01-06 08:11:00+00:00,22.00433,72.89163,mixed_or_uncertain,cropland,0.926245210727969,0.0737547892720306,0.0,,not_eligible,No supported PHOENIX emissions classification.
30dd9680-4f0b-5e2b-9fae-2454eeee4426,2025-01-06 08:11:00+00:00,21.83574,72.84482,mixed_or_uncertain,cropland,0.842911877394636,0.117816091954023,0.0,,not_eligible,No supported PHOENIX emissions classification.
91bcfe4a-3ed5-5ec1-aeeb-970e77480a17,2025-01-06 08:11:00+00:00,21.8959566666667,72.9206633333333,mixed_or_uncertain,cropland,0.6529374201788,0.337164750957854,0.0,,not_eligible,No supported PHOENIX emissions classification.
9ee58c94-77cd-5119-a0ce-0dbb1cc3d4e6,2025-01-06 08:11:00+00:00,21.98691,72.8909,mixed_or_uncertain,cropland,0.942209450830141,0.0577905491698595,0.0,,not_eligible,No supported PHOENIX emissions classification.
33cb24d6-2d69-5d09-afc7-dcbdd26b95fd,2025-01-06 08:11:00+00:00,21.8917,72.91217,mixed_or_uncertain,cropland,0.779374201787995,0.190932311621967,0.0296934865900383,,not_eligible,No supported PHOENIX emissions classification.
34313996-2089-540b-a0b5-86b2ca46ae22,2025-01-06 08:11:00+00:00,21.71974,72.74799,mixed_or_uncertain,cropland,0.716155810983397,0.268837803320562,0.0124521072796935,,not_eligible,No supported PHOENIX emissions classification.
5b64be47-7ca4-51dc-92a9-11319bbf2952,2025-01-06 08:11:00+00:00,21.8561325,72.88494,mixed_or_uncertain,cropland,0.93007662835249,0.0699233716475096,0.0,,not_eligible,No supported PHOENIX emissions classification.
6285cb42-eca0-5e9f-b5fd-a7ac1ddabc92,2025-01-06 08:11:00+00:00,22.007212,72.939606,mixed_or_uncertain,cropland,0.990421455938697,0.00957854406130268,0.0,,not_eligible,No supported PHOENIX emissions classification.
8826c20a-4015-5401-a66e-b9c70f96fe47,2025-01-06 08:11:00+00:00,21.89718,72.90318,mixed_or_uncertain,cropland,0.376436781609195,0.295338441890166,0.304916985951469,,not_eligible,No supported PHOENIX emissions classification.
f14ac133-829b-591a-a496-ce9ce263f049,2025-01-06 08:11:00+00:00,22.0033733333333,72.87853,mixed_or_uncertain,cropland,0.778416347381865,0.221583652618135,0.0,,not_eligible,No supported PHOENIX emissions classification.
f4af287b-19da-5a50-8870-c4dd4d30b364,2025-01-06 08:11:00+00:00,21.8723075,72.6815425,mixed_or_uncertain,cropland,0.636334610472541,0.277458492975734,0.0581098339719029,,not_eligible,No supported PHOENIX emissions classification.
e276dadd-6a01-5d99-8483-4a64a5a439f9,2025-01-07 07:29:00+00:00,21.90429,72.7564,mixed_or_uncertain,cropland,0.515325670498084,0.459450830140485,0.0252234993614304,,not_eligible,No supported PHOENIX emissions classification.
050c0f76-7e28-51f7-a20c-62537dd51694,2025-01-07 07:52:00+00:00,21.773855,72.6547,mixed_or_uncertain,cropland,0.856960408684547,0.143039591315453,0.0,,not_eligible,No supported PHOENIX emissions classification.
8dd8a3d6-fb31-571d-94a9-9452b37027e0,2025-01-07 07:52:00+00:00,21.7593,72.68938,mixed_or_uncertain,cropland,0.949553001277139,0.0408684546615581,0.0,,not_eligible,No supported PHOENIX emissions classification.
11efec48-0b78-5bf9-b2ed-36a30bef2e09,2025-01-07 20:21:00+00:00,21.38838,72.99989,mixed_or_uncertain,cropland,0.878033205619413,0.121966794380587,0.0,,not_eligible,No supported PHOENIX emissions classification.
431f3f62-9f3a-594f-a924-2ce903550ea0,2025-01-07 20:21:00+00:00,21.43457,72.974415,mixed_or_uncertain,cropland,0.668263090676884,0.291507024265645,0.000319284802043423,,not_eligible,No supported PHOENIX emissions classification.
4697a51c-7f41-5918-b15d-75a1fb03b735,2025-01-08 07:33:00+00:00,21.88824,72.7842,mixed_or_uncertain,tree_cover,0.240740740740741,0.583333333333333,0.175606641123882,,not_eligible,No supported PHOENIX emissions classification.
d41cb5eb-a30c-55ed-b0d9-b7b696785e0f,2025-01-08 09:13:00+00:00,21.79915,72.695475,mixed_or_uncertain,cropland,0.907726692209451,0.0922733077905492,0.0,,not_eligible,No supported PHOENIX emissions classification.
c6551534-7805-5900-9648-449a1cbfdab0,2025-01-09 08:32:00+00:00,21.99667,72.75295,mixed_or_uncertain,grassland,0.467752234993614,0.526500638569604,0.0,,not_eligible,No supported PHOENIX emissions classification.
b4d6298f-a38e-5e56-8af9-7785c36ab921,2025-01-09 08:32:00+00:00,21.44609,72.77393,mixed_or_uncertain,cropland,0.613346104725415,0.283844189016603,0.0,,not_eligible,No supported PHOENIX emissions classification.
0d809792-34a7-54a0-8a42-01934b600f88,2025-01-09 08:55:00+00:00,22.00103,72.77538,mixed_or_uncertain,cropland,0.765006385696041,0.234035759897829,0.0,,not_eligible,No supported PHOENIX emissions classification.
7dd1a679-b016-5174-95b8-8994b3f3dfb1,2025-01-09 08:55:00+00:00,21.37163,72.65321,mixed_or_uncertain,tree_cover,0.0386334610472542,0.922094508301405,0.039272030651341,,not_eligible,No supported PHOENIX emissions classification.
1a5e790d-bf24-52d8-85d7-6859afb45351,2025-01-09 08:55:00+00:00,21.78414,72.62545,mixed_or_uncertain,cropland,0.574712643678161,0.424329501915709,0.0,,not_eligible,No supported PHOENIX emissions classification.
cc876686-c4c8-54d0-9411-7afc9c5ac11d,2025-01-09 08:55:00+00:00,21.75133,72.6091,mixed_or_uncertain,cropland,0.710408684546616,0.287675606641124,0.0,,not_eligible,No supported PHOENIX emissions classification.
55c04334-06e4-5c74-81da-116585176bf5,2025-01-09 08:55:00+00:00,21.7936814285714,72.6479785714286,industrial,cropland,0.679438058748404,0.224457215836526,0.0185185185185185,,not_eligible,No supported PHOENIX emissions classification.
081fa66f-ebae-5a69-a2b4-7da64cc48232,2025-01-10 08:13:00+00:00,22.0041,72.87746,mixed_or_uncertain,cropland,0.759897828863346,0.238505747126437,0.0,,not_eligible,No supported PHOENIX emissions classification.
122ed8a2-3642-5fb8-882d-1fcfe7b0409f,2025-01-10 08:13:00+00:00,21.87351,72.682645,mixed_or_uncertain,cropland,0.536079182630907,0.266922094508301,0.152937420178799,,not_eligible,No supported PHOENIX emissions classification.
2e90ad8d-f24c-573f-93e1-40ddc641410f,2025-01-10 08:13:00+00:00,21.83664,72.84633,mixed_or_uncertain,cropland,0.787994891443167,0.117816091954023,0.0587484035759898,,not_eligible,No supported PHOENIX emissions classification.
4ea0793d-e7f9-5b25-9c76-43168ebb554c,2025-01-10 08:13:00+00:00,21.75484,72.679825,mixed_or_uncertain,cropland,0.94125159642401,0.0587484035759898,0.0,,not_eligible,No supported PHOENIX emissions classification.
4ff5c946-9329-51a8-b2e3-8e84ff8f0843,2025-01-10 08:13:00+00:00,21.39493,72.87443,mixed_or_uncertain,cropland,0.76021711366539,0.236270753512133,0.000957854406130268,,not_eligible,No supported PHOENIX emissions classification.
6996b75a-505e-5b09-98a2-7ad7b3437555,2025-01-10 08:13:00+00:00,21.51655,72.86792,mixed_or_uncertain,cropland,0.790229885057471,0.19220945083014,0.0,,not_eligible,No supported PHOENIX emissions classification.
75307968-947a-5b2e-bfd8-f7cd94432497,2025-01-10 08:13:00+00:00,22.00723,72.94018,mixed_or_uncertain,cropland,0.992975734355045,0.0070242656449553,0.0,,not_eligible,No supported PHOENIX emissions classification.
948ec1fa-0769-50c5-ae5e-0d2ee947e6a4,2025-01-10 08:13:00+00:00,21.98884,72.8902,mixed_or_uncertain,cropland,0.908365261813538,0.084610472541507,0.0,,not_eligible,No supported PHOENIX emissions classification.
a6513406-a35a-55df-bbb4-617a223cbe9b,2025-01-10 08:13:00+00:00,21.89965,72.90403,mixed_or_uncertain,cropland,0.587484035759898,0.23978288633461,0.148786717752235,,not_eligible,No supported PHOENIX emissions classification.
d6e1f3e1-6342-5223-9fbb-a0640c36b5ac,2025-01-10 08:13:00+00:00,21.896248,72.91733,mixed_or_uncertain,cropland,0.949872286079183,0.0501277139208174,0.0,,not_eligible,No supported PHOENIX emissions classification.
df5e59ab-1a4c-5008-b411-58788563017c,2025-01-10 08:13:00+00:00,21.85559,72.88844,mixed_or_uncertain,cropland,0.982120051085568,0.0178799489144317,0.0,,not_eligible,No supported PHOENIX emissions classification.
1e4c627c-71e5-510a-bbd9-12e884f834d1,2025-01-10 20:42:00+00:00,21.35789,72.8079,mixed_or_uncertain,cropland,0.736590038314176,0.259578544061303,0.00383141762452107,,not_eligible,No supported PHOENIX emissions classification.
114919ac-9399-515d-b889-209c3010664b,2025-01-10 21:05:00+00:00,21.52774,72.86777,mixed_or_uncertain,cropland,0.777139208173691,0.222541507024266,0.000319284802043423,,not_eligible,No supported PHOENIX emissions classification.
9db8202a-f56d-5516-8019-942750a020ea,2025-01-11 08:17:00+00:00,21.65486,72.94855,mixed_or_uncertain,cropland,0.7257343550447,0.242337164750958,0.0,,not_eligible,No supported PHOENIX emissions classification.
a5d1dbfb-6b77-504e-b27b-423b7fd5f803,2025-01-12 07:58:00+00:00,21.81188,72.89719,mixed_or_uncertain,cropland,0.966475095785441,0.0335249042145594,0.0,,not_eligible,No supported PHOENIX emissions classification.
58d24769-d1f1-58fc-8235-a3c5ebff575f,2025-01-12 09:16:00+00:00,21.91833,72.771695,mixed_or_uncertain,cropland,0.775862068965517,0.221583652618135,0.00255427841634738,,not_eligible,No supported PHOENIX emissions classification.
49961e18-bf59-5aff-9796-eb041eb0cf14,2025-01-13 07:39:00+00:00,21.957705,72.61729,mixed_or_uncertain,grassland,0.0344827586206897,0.636653895274585,0.00159642401021711,,not_eligible,No supported PHOENIX emissions classification.
1655c04e-fbd7-5e00-8893-2d355b6d68ac,2025-01-13 08:57:00+00:00,21.8765,72.65875,mixed_or_uncertain,cropland,0.677841634738186,0.263729246487867,0.0,,not_eligible,No supported PHOENIX emissions classification.
5e66a8a0-4af2-5422-b4ae-28da60452434,2025-01-13 08:57:00+00:00,21.72642,72.7469,mixed_or_uncertain,cropland,0.711685823754789,0.167624521072797,0.0587484035759898,,not_eligible,No supported PHOENIX emissions classification.
c241e60e-5786-5bfc-ba06-b7939911b20c,2025-01-13 20:08:00+00:00,21.66575,72.96576,mixed_or_uncertain,tree_cover,0.462324393358876,0.537675606641124,0.0,,not_eligible,No supported PHOENIX emissions classification.
d706e288-61de-5801-b008-f00e463adadc,2025-01-13 20:08:00+00:00,21.40305,72.96606,mixed_or_uncertain,tree_cover,0.194444444444444,0.589399744572158,0.125798212005109,,not_eligible,No supported PHOENIX emissions classification.
55e9961c-68a6-59d2-81ae-47319d71dde0,2025-01-14 08:38:00+00:00,21.77057,72.57606,mixed_or_uncertain,grassland,0.131864623243934,0.404533844189017,0.0,,not_eligible,No supported PHOENIX emissions classification.
8a719c3b-1b15-5f57-84ca-a389b1a81a83,2025-01-14 08:38:00+00:00,21.523,72.95635,mixed_or_uncertain,cropland,0.677841634738186,0.322158365261814,0.0,,not_eligible,No supported PHOENIX emissions classification.
9d89098e-bd73-5755-8bae-34772b7cef18,2025-01-14 08:38:00+00:00,22.02048,72.560365,mixed_or_uncertain,grassland,0.447956577266922,0.54757343550447,0.0,,not_eligible,No supported PHOENIX emissions classification.
f4d2812e-e353-590b-9bb2-f6ee6287342f,2025-01-14 08:38:00+00:00,21.75401,72.6399,mixed_or_uncertain,cropland,0.838122605363985,0.155172413793103,0.00670498084291188,,not_eligible,No supported PHOENIX emissions classification.
4cbc550c-ca20-5ac8-9901-0427b27ce7e7,2025-01-15 08:19:00+00:00,21.77333,72.72272,mixed_or_uncertain,cropland,0.958173690932312,0.0229885057471264,0.0,,not_eligible,No supported PHOENIX emissions classification.
5a197bf6-5da8-5d33-aded-f0c25d93994d,2025-01-15 08:19:00+00:00,21.73641,72.7254,mixed_or_uncertain,cropland,0.815453384418902,0.184546615581098,0.0,,not_eligible,No supported PHOENIX emissions classification.
5ac20c84-b231-5068-864a-a3020aaa6cc0,2025-01-16 08:00:00+00:00,21.7891933333333,72.62437,mixed_or_uncertain,cropland,0.810025542784163,0.150383141762452,0.0,,not_eligible,No supported PHOENIX emissions classification.
0b5695ea-a0c0-57fa-9862-e0b3a384a406,2025-01-16 08:23:00+00:00,21.68423,72.63786,mixed_or_uncertain,grassland,0.355683269476373,0.622286079182631,0.0,,not_eligible,No supported PHOENIX emissions classification.
99476b45-ebd6-5361-bfde-22166043205d,2025-01-16 08:23:00+00:00,21.624785,72.883115,mixed_or_uncertain,cropland,0.775862068965517,0.224137931034483,0.0,,not_eligible,No supported PHOENIX emissions classification.
b11b6879-8999-577c-8746-bbe98a19ec7d,2025-01-16 08:23:00+00:00,21.44768,72.7154,mixed_or_uncertain,cropland,0.66602809706258,0.233397190293742,0.0,,not_eligible,No supported PHOENIX emissions classification.
e5279a29-2e98-584b-a0a7-f94bca1e2b9a,2025-01-16 20:29:00+00:00,21.90763,72.755985,mixed_or_uncertain,cropland,0.797254150702427,0.188697318007663,0.0140485312899106,,not_eligible,No supported PHOENIX emissions classification.
ddfc1757-8751-51b8-8b33-04ff3aea95b1,2025-01-17 08:04:00+00:00,21.43505,72.92848,mixed_or_uncertain,cropland,0.700830140485313,0.299169859514687,0.0,,not_eligible,No supported PHOENIX emissions classification.
4eb265fe-3e4e-5efb-bc16-afe08d482048,2025-01-18 07:46:00+00:00,21.77304,72.61099,mixed_or_uncertain,cropland,0.48786717752235,0.321200510855683,0.0,,not_eligible,No supported PHOENIX emissions classification.
0ea35ede-605b-58d0-b178-e6c96cba75de,2025-01-18 20:14:00+00:00,21.46678,72.79533,mixed_or_uncertain,cropland,0.813218390804598,0.186781609195402,0.0,,not_eligible,No supported PHOENIX emissions classification.
c730209f-26a8-5d8c-bc23-d375d6595bd3,2025-01-19 08:44:00+00:00,21.57525,72.84688,mixed_or_uncertain,cropland,0.886015325670498,0.113984674329502,0.0,,not_eligible,No supported PHOENIX emissions classification.
f2d2a412-233e-5ae7-b703-a62cc79cfcdc,2025-01-19 08:44:00+00:00,21.81196,72.64793,mixed_or_uncertain,cropland,0.536079182630907,0.383461047254151,0.0284163473818646,,not_eligible,No supported PHOENIX emissions classification.
6f2842c7-5209-5a79-9a30-69e12ded5e5e,2025-01-19 21:13:00+00:00,21.35922,72.85214,mixed_or_uncertain,cropland,0.546296296296296,0.453703703703704,0.0,,not_eligible,No supported PHOENIX emissions classification.
4c9f8d70-4b54-554b-8147-db47eeb83b83,2025-01-20 08:26:00+00:00,21.75742,72.5549,mixed_or_uncertain,cropland,0.639527458492976,0.0178799489144317,0.0,,not_eligible,No supported PHOENIX emissions classification.
be953d3d-9c04-55e4-bab9-befccdf8c249,2025-01-20 08:48:00+00:00,21.4785833333333,72.8567266666667,industrial,cropland,0.697637292464879,0.302362707535121,0.0,,not_eligible,No supported PHOENIX emissions classification.
c3beb143-de58-5d4c-bae5-29df6d72151e,2025-01-20 20:54:00+00:00,21.35071,72.99766,mixed_or_uncertain,cropland,0.886334610472541,0.113665389527458,0.0,,not_eligible,No supported PHOENIX emissions classification.
584b4c1e-9cda-585d-91fb-655b179b709a,2025-01-21 08:07:00+00:00,21.48265,72.87717,mixed_or_uncertain,cropland,0.846743295019157,0.153256704980843,0.0,,not_eligible,No supported PHOENIX emissions classification.
97bd7017-0334-5289-9c6f-77797653da95,2025-01-21 08:29:00+00:00,21.50865,72.73964,mixed_or_uncertain,cropland,0.996807151979566,0.00319284802043423,0.0,,not_eligible,No supported PHOENIX emissions classification.
f5537d83-4492-5fd9-9541-3f1ac0d37caa,2025-01-21 08:29:00+00:00,21.452335,72.99024,mixed_or_uncertain,cropland,0.943805874840358,0.0561941251596424,0.0,,not_eligible,No supported PHOENIX emissions classification.
c14f2a8e-7ac8-5f84-b807-f6dc2bd2ed83,2025-01-21 08:30:00+00:00,21.77916,72.63136,mixed_or_uncertain,cropland,0.775862068965517,0.223180076628352,0.0,,not_eligible,No supported PHOENIX emissions classification.
de2068ff-241b-57f5-b9d2-f35445f09aec,2025-01-21 08:30:00+00:00,21.72614,72.69455,mixed_or_uncertain,cropland,0.972541507024266,0.0274584929757344,0.0,,not_eligible,No supported PHOENIX emissions classification.
9ba55e0c-473d-5758-93e6-c6c99d4f3f05,2025-01-21 20:58:00+00:00,21.57365,72.80323,mixed_or_uncertain,cropland,0.879948914431673,0.120051085568327,0.0,,not_eligible,No supported PHOENIX emissions classification.
2c9bf6b8-dd79-5d91-8b74-2d7eebae4f05,2025-01-22 07:48:00+00:00,21.52005,72.9528333333333,industrial,cropland,0.959450830140485,0.0405491698595147,0.0,,not_eligible,No supported PHOENIX emissions classification.
1267232a-b6f1-5252-994d-2e650d71d3da,2025-01-22 08:11:00+00:00,21.51483,72.85371,mixed_or_uncertain,cropland,0.71455938697318,0.28544061302682,0.0,,not_eligible,No supported PHOENIX emissions classification.
2341dc33-1859-5c20-8de2-22a18578963d,2025-01-22 08:11:00+00:00,22.00424,72.93871,mixed_or_uncertain,cropland,0.949872286079183,0.0501277139208174,0.0,,not_eligible,No supported PHOENIX emissions classification.
3ad2b7ad-e9c0-5f1d-a942-69ed429fb00e,2025-01-22 08:11:00+00:00,21.72064,72.7472,mixed_or_uncertain,cropland,0.783524904214559,0.208812260536398,0.00766283524904215,,not_eligible,No supported PHOENIX emissions classification.
698f6751-7451-51c1-b9cb-5efe7474e432,2025-01-22 08:11:00+00:00,21.988135,72.8879,mixed_or_uncertain,cropland,0.829182630906769,0.170817369093231,0.0,,not_eligible,No supported PHOENIX emissions classification.
891fa94a-861f-5fab-9428-a65f43756c1c,2025-01-22 08:11:00+00:00,21.86176,72.881275,mixed_or_uncertain,cropland,1.0,0.0,0.0,,not_eligible,No supported PHOENIX emissions classification.
aa57e4b5-41d7-528c-af53-09b326e7952f,2025-01-22 08:11:00+00:00,21.83565,72.8483,mixed_or_uncertain,cropland,0.790868454661558,0.14463601532567,0.0561941251596424,,not_eligible,No supported PHOENIX emissions classification.
28036dcd-863b-51ad-be92-2312403a2700,2025-01-22 08:11:00+00:00,21.77013,72.8398966666667,mixed_or_uncertain,cropland,0.986590038314176,0.0134099616858238,0.0,,not_eligible,No supported PHOENIX emissions classification.
3ef300db-aa3e-599d-93ae-28984cd0e3fc,2025-01-22 08:11:00+00:00,21.7538,72.87703,mixed_or_uncertain,cropland,1.0,0.0,0.0,,not_eligible,No supported PHOENIX emissions classification.
4ac312a8-3b42-5b41-9bae-fd2707459983,2025-01-22 08:11:00+00:00,21.8560166666667,72.885,mixed_or_uncertain,cropland,0.931034482758621,0.0689655172413793,0.0,,not_eligible,No supported PHOENIX emissions classification.
917ba636-ab24-5276-a84e-a6ee306fd0cf,2025-01-22 08:11:00+00:00,21.89693,72.9212,mixed_or_uncertain,cropland,0.646232439335888,0.343869731800766,0.0,,not_eligible,No supported PHOENIX emissions classification.
e1526709-99c9-5e42-be99-211f84fe3cf5,2025-01-22 08:11:00+00:00,22.00342,72.89124,mixed_or_uncertain,cropland,0.865581098339719,0.134418901660281,0.0,,not_eligible,No supported PHOENIX emissions classification.
e2a68a20-44e3-558f-a74a-5909453f7ba7,2025-01-22 08:11:00+00:00,21.89729,72.89863,mixed_or_uncertain,cropland,0.452745849297573,0.280332056194125,0.265644955300128,,not_eligible,No supported PHOENIX emissions classification.
e4ceeb60-fa13-58b4-8ff6-ca8357c05847,2025-01-22 08:11:00+00:00,21.36402,72.66022,mixed_or_uncertain,cropland,0.350893997445722,0.239144316730524,0.00734355044699872,,not_eligible,No supported PHOENIX emissions classification.
fbec89f4-57fa-5294-8fd3-254d5aca6b0f,2025-01-22 08:11:00+00:00,21.7666766666667,72.8747833333333,mixed_or_uncertain,cropland,0.990421455938697,0.00957854406130268,0.0,,not_eligible,No supported PHOENIX emissions classification.
5002712d-b1f6-5950-b142-5344beb7507c,2025-01-23 09:10:00+00:00,21.72565,72.70382,mixed_or_uncertain,cropland,0.707535121328225,0.126436781609195,0.0178799489144317,,not_eligible,No supported PHOENIX emissions classification.
fa0d836d-9caf-5b14-82c8-6129dc61c03f,2025-01-23 09:10:00+00:00,21.436525,72.70343,mixed_or_uncertain,grassland,0.198595146871009,0.77522349936143,0.0,,not_eligible,No supported PHOENIX emissions classification.
a87f5912-1fcd-5b8e-95b3-0933c4e1df68,2025-01-23 19:58:00+00:00,21.410435,72.986505,mixed_or_uncertain,tree_cover,0.35632183908046,0.634418901660281,0.0,,not_eligible,No supported PHOENIX emissions classification.
72d5282f-8783-5706-8308-1c6755956847,2025-01-23 20:21:00+00:00,21.36752,72.83152,mixed_or_uncertain,cropland,0.828224776500639,0.171775223499361,0.0,,not_eligible,No supported PHOENIX emissions classification.
d1556702-778a-53d3-8468-638ee7d9d1cd,2025-01-24 08:51:00+00:00,21.54111,72.82402,mixed_or_uncertain,cropland,0.72765006385696,0.264367816091954,0.00766283524904215,,not_eligible,No supported PHOENIX emissions classification.
a987bba1-b2f3-5390-9986-96fcc8d1043a,2025-01-25 08:32:00+00:00,21.788335,72.6155625,mixed_or_uncertain,cropland,0.981481481481482,0.0185185185185185,0.0,,not_eligible,No supported PHOENIX emissions classification.
16f0c24a-009a-5493-a6eb-8d45ceb4c8a3,2025-01-25 08:32:00+00:00,21.80142,72.7022,mixed_or_uncertain,cropland,0.800446998722861,0.173371647509579,0.0,,not_eligible,No supported PHOENIX emissions classification.
cd73c9ca-8df5-57ee-a9c8-141dc987ed57,2025-01-25 08:55:00+00:00,21.88215,72.66376,mixed_or_uncertain,cropland,0.785121328224777,0.214240102171137,0.0,,not_eligible,No supported PHOENIX emissions classification.
278afc6f-0fae-5827-842f-7e50429166ca,2025-01-25 21:01:00+00:00,21.53919,72.96369,mixed_or_uncertain,cropland,0.662196679438059,0.337803320561941,0.0,,not_eligible,No supported PHOENIX emissions classification.
73b7b6df-e35a-59b8-8ec0-a2e79ec0cb9f,2025-01-25 21:01:00+00:00,22.0894,72.6541,mixed_or_uncertain,cropland,0.990421455938697,0.00957854406130268,0.0,,not_eligible,No supported PHOENIX emissions classification.
01d684c6-1a3a-5a7c-a6ce-809576969cd0,2025-01-26 08:13:00+00:00,21.76643,72.85654,mixed_or_uncertain,cropland,1.0,0.0,0.0,,not_eligible,No supported PHOENIX emissions classification.
01975e5f-f336-5799-a35d-ce934327c6b8,2025-01-26 08:13:00+00:00,21.85578,72.883625,mixed_or_uncertain,cropland,0.929438058748404,0.0705619412515964,0.0,,not_eligible,No supported PHOENIX emissions classification.
13d5adb0-461d-5d33-9e06-5457bbd5ecb0,2025-01-26 08:13:00+00:00,21.768975,72.840175,mixed_or_uncertain,cropland,0.991698595146871,0.00830140485312899,0.0,,not_eligible,No supported PHOENIX emissions classification.
17d95c7d-b158-5dcd-a5a2-0a78a85253a2,2025-01-26 08:13:00+00:00,21.7554,72.87854,mixed_or_uncertain,cropland,0.992656449553001,0.00734355044699872,0.0,,not_eligible,No supported PHOENIX emissions classification.
31ca4be0-7880-5c8f-b92c-3a8696d12be6,2025-01-26 08:13:00+00:00,22.0032,72.89254,mixed_or_uncertain,cropland,0.863026819923372,0.136973180076628,0.0,,not_eligible,No supported PHOENIX emissions classification.
320102d7-5a26-5b92-8a1d-4ed750d53014,2025-01-26 08:13:00+00:00,21.83443,72.8479,mixed_or_uncertain,cropland,0.856641123882503,0.142081736909323,0.00127713920817369,,not_eligible,No supported PHOENIX emissions classification.
5e32e989-f48a-5aaf-9348-498348d617a0,2025-01-26 08:13:00+00:00,21.44022,72.80894,mixed_or_uncertain,cropland,0.809067688378033,0.185185185185185,0.00574712643678161,,not_eligible,No supported PHOENIX emissions classification.
ecaa4195-8d18-5db3-8438-94486155de47,2025-01-26 08:13:00+00:00,21.46853,72.81168,mixed_or_uncertain,cropland,0.654214559386973,0.345785440613027,0.0,,not_eligible,No supported PHOENIX emissions classification.
885a37d1-9be9-5fa9-8d67-ff85f6dc51e7,2025-01-26 08:13:00+00:00,21.89586,72.91982,mixed_or_uncertain,cropland,0.730204342273308,0.26213282247765,0.0,,not_eligible,No supported PHOENIX emissions classification.
2decc108-bc6e-5248-b3fa-01222de6c341,2025-01-26 08:13:00+00:00,21.89779,72.89968,mixed_or_uncertain,cropland,0.51309067688378,0.247765006385696,0.239144316730524,,not_eligible,No supported PHOENIX emissions classification.
39e3f615-edde-577c-a046-bb6381ddb775,2025-01-26 08:13:00+00:00,21.7671233333333,72.87494,mixed_or_uncertain,cropland,0.994891443167305,0.00510855683269476,0.0,,not_eligible,No supported PHOENIX emissions classification.
7267d121-43a7-50f6-b087-9dcf439ae2d9,2025-01-26 08:13:00+00:00,21.9892166666667,72.88457,mixed_or_uncertain,cropland,0.637931034482759,0.359833971902937,0.0,,not_eligible,No supported PHOENIX emissions classification.
84c07cb6-ef35-5abd-ba40-23069d6488b0,2025-01-26 08:13:00+00:00,21.62047,72.93118,mixed_or_uncertain,cropland,0.701149425287356,0.298850574712644,0.0,,not_eligible,No supported PHOENIX emissions classification.
f407e3b7-c7f3-517d-8aae-d391907c49b6,2025-01-26 08:13:00+00:00,21.52074,72.7463,mixed_or_uncertain,cropland,0.934865900383142,0.0648148148148148,0.000319284802043423,,not_eligible,No supported PHOENIX emissions classification.
ffd52990-0cec-5c2e-9ad9-5f17ff4710c2,2025-01-26 08:13:00+00:00,21.86251,72.88238,mixed_or_uncertain,cropland,0.99904214559387,0.000957854406130268,0.0,,not_eligible,No supported PHOENIX emissions classification.
693fd0e5-b7be-50f6-8af5-a96e13f5c711,2025-01-26 20:42:00+00:00,21.35935,72.80128,mixed_or_uncertain,cropland,0.733716475095785,0.266283524904215,0.0,,not_eligible,No supported PHOENIX emissions classification.
1d684803-4724-5a5b-a5f8-7cb84cb9b54e,2025-01-27 08:17:00+00:00,21.77696,72.67902,mixed_or_uncertain,cropland,0.918901660280971,0.0571519795657727,0.0233077905491699,,not_eligible,No supported PHOENIX emissions classification.
1e5a6003-51f1-5ad0-8f8c-f282902205e8,2025-01-27 08:17:00+00:00,21.53483,72.95993,mixed_or_uncertain,cropland,0.694125159642401,0.295977011494253,0.00989782886334611,,not_eligible,No supported PHOENIX emissions classification.
24080a92-2322-5aa3-b030-0850e81f626b,2025-01-27 20:23:00+00:00,21.4057,72.94509,mixed_or_uncertain,cropland,0.501277139208174,0.494252873563218,0.0,,not_eligible,No supported PHOENIX emissions classification.
e062d8e2-facd-5143-9a8c-cbeda371c387,2025-01-27 20:23:00+00:00,21.4022866666667,72.7706233333333,mixed_or_uncertain,cropland,0.803320561941252,0.190932311621967,0.00574712643678161,,not_eligible,No supported PHOENIX emissions classification.
c785337d-9720-54ac-9cb0-c75cdf05905e,2025-01-29 07:39:00+00:00,21.79237,72.60715,mixed_or_uncertain,cropland,0.563218390804598,0.363346104725415,0.0,,not_eligible,No supported PHOENIX emissions classification.
cfdd303e-9abf-5374-8ccf-adc464e0b7a5,2025-01-29 07:39:00+00:00,21.54356,72.89223,mixed_or_uncertain,cropland,0.984674329501916,0.0153256704980843,0.0,,not_eligible,No supported PHOENIX emissions classification.
95ca82b7-44e5-5e3c-af46-fe5d701e04f2,2025-01-29 07:39:00+00:00,21.79189,72.64864,mixed_or_uncertain,cropland,0.634418901660281,0.302681992337165,0.0,,not_eligible,No supported PHOENIX emissions classification.
c0425690-8749-5aab-93c3-17304c621c58,2025-01-29 08:57:00+00:00,21.47201,72.86185,mixed_or_uncertain,cropland,0.63154533844189,0.36845466155811,0.0,,not_eligible,No supported PHOENIX emissions classification.
01a21fa7-b062-5ef5-97bc-147902b62a2c,2025-01-29 20:08:00+00:00,21.43645,72.97771,mixed_or_uncertain,cropland,0.582375478927203,0.415389527458493,0.0,,not_eligible,No supported PHOENIX emissions classification.
413058a0-6a35-5810-b9d4-816b8fba6830,2025-01-29 20:08:00+00:00,21.60322,72.9560425,mixed_or_uncertain,cropland,0.544699872286079,0.421136653895275,0.0274584929757344,,not_eligible,No supported PHOENIX emissions classification.
af47864e-6202-556e-b529-b5a75606e4f6,2025-01-29 20:08:00+00:00,21.38607,72.94221,mixed_or_uncertain,built_up,0.328544061302682,0.217432950191571,0.408365261813538,,not_eligible,No supported PHOENIX emissions classification.
c0956e88-7a45-5dd9-b48a-e4898e54e83b,2025-01-30 21:07:00+00:00,21.37696,72.96178,mixed_or_uncertain,cropland,0.681673052362708,0.180715197956577,0.0804597701149425,,not_eligible,No supported PHOENIX emissions classification.
4ec65114-3e1e-5f7e-957f-6ff11d564df7,2025-01-30 21:07:00+00:00,21.680865,72.550085,industrial,built_up,0.0874840357598978,0.0363984674329502,0.848020434227331,,not_eligible,No supported PHOENIX emissions classification.
85f6bf33-14b3-5eec-b55b-36d27cda52ae,2025-01-31 08:19:00+00:00,21.36884,72.79892,mixed_or_uncertain,cropland,0.89176245210728,0.10823754789272,0.0,,not_eligible,No supported PHOENIX emissions classification.
454caab4-6412-51b2-8f80-0062dddea237,2025-01-31 08:19:00+00:00,21.8115733333333,72.63805,mixed_or_uncertain,cropland,0.638250319284802,0.338761174968072,0.0,,not_eligible,No supported PHOENIX emissions classification.
baf223dd-9fc2-5e89-b848-21aa1104d273,2025-01-31 20:48:00+00:00,21.409745,72.989115,mixed_or_uncertain,tree_cover,0.266602809706258,0.727969348659004,0.0,,not_eligible,No supported PHOENIX emissions classification.
b79134a4-785c-579c-a375-e7e72c265cd4,2025-02-01 08:00:00+00:00,21.50462,72.8646,mixed_or_uncertain,cropland,0.916666666666667,0.0833333333333333,0.0,,not_eligible,No supported PHOENIX emissions classification.
0ee710a6-c13d-5f1e-970d-fa9a86b9c1f2,2025-02-01 08:01:00+00:00,21.72709,72.75858,mixed_or_uncertain,cropland,0.840996168582375,0.146871008939974,0.00638569604086846,,not_eligible,No supported PHOENIX emissions classification.
eca881ed-be11-5649-9ab2-39f5a856a8b5,2025-02-01 08:23:00+00:00,21.41916,72.83401,mixed_or_uncertain,cropland,0.799169859514687,0.200830140485313,0.0,,not_eligible,No supported PHOENIX emissions classification.
622fc066-287b-5881-b97e-67879720711f,2025-02-01 08:23:00+00:00,21.40214,72.76292,mixed_or_uncertain,cropland,0.768199233716475,0.231800766283525,0.0,,not_eligible,No supported PHOENIX emissions classification.
f7c8d9f8-b8b4-597a-b1ac-a9999638c15b,2025-02-01 08:23:00+00:00,21.58297,72.90852,mixed_or_uncertain,cropland,0.959770114942529,0.0402298850574713,0.0,,not_eligible,No supported PHOENIX emissions classification.
9f0be6a5-2018-5a88-886a-b8334034b9b2,2025-02-01 20:29:00+00:00,21.4340666666667,72.9754766666667,industrial,cropland,0.549808429118774,0.410280970625798,0.0,,not_eligible,No supported PHOENIX emissions classification.
2ca22e25-27d7-5f4c-abae-9aec6f268e1c,2025-02-02 07:42:00+00:00,21.781805,72.61941,mixed_or_uncertain,cropland,0.644955300127714,0.351213282247765,0.0,,not_eligible,No supported PHOENIX emissions classification.
4203608f-df15-50a7-a7e1-6d9423f75ce4,2025-02-02 08:04:00+00:00,21.57021,72.80862,mixed_or_uncertain,cropland,0.912196679438059,0.0878033205619412,0.0,,not_eligible,No supported PHOENIX emissions classification.
11619e36-8a62-56a2-8a83-157a0350138c,2025-02-02 20:33:00+00:00,21.4628,72.78699,mixed_or_uncertain,grassland,0.366538952745849,0.624201787994891,0.0,,not_eligible,No supported PHOENIX emissions classification.
1f0543fa-0dc8-5572-8c6b-f0c7a60a602b,2025-02-03 07:46:00+00:00,21.48141,72.87378,mixed_or_uncertain,cropland,0.599297573435504,0.400702426564496,0.0,,not_eligible,No supported PHOENIX emissions classification.
c2c5d30f-fc20-578e-bc21-d5d425dcc526,2025-02-03 07:46:00+00:00,22.039125,72.74382,mixed_or_uncertain,grassland,0.452107279693487,0.547892720306513,0.0,,not_eligible,No supported PHOENIX emissions classification.
b67be9d0-4dc1-5b04-b68f-05b20f6c7fc7,2025-02-03 20:14:00+00:00,21.50785,72.78239,mixed_or_uncertain,cropland,0.941570881226054,0.0584291187739464,0.0,,not_eligible,No supported PHOENIX emissions classification.
e57122e1-9a4b-56e4-b1b9-bbb66c881ed8,2025-02-04 08:44:00+00:00,21.54484,72.94153,mixed_or_uncertain,cropland,0.892081736909323,0.107918263090677,0.0,,not_eligible,No supported PHOENIX emissions classification.
6db47ba0-aa34-5eee-bb57-0790015042eb,2025-02-05 08:26:00+00:00,21.47815,72.8413,mixed_or_uncertain,cropland,0.856002554278416,0.143997445721584,0.0,,not_eligible,No supported PHOENIX emissions classification.
7e00ce96-a1f7-5baa-ad7b-61405a20ede8,2025-02-05 08:26:00+00:00,21.84051,72.69198,mixed_or_uncertain,cropland,0.770753512132823,0.21264367816092,0.0146871008939974,,not_eligible,No supported PHOENIX emissions classification.
a9f8e427-b07b-5846-a949-6ac3c76d3cca,2025-02-05 08:26:00+00:00,21.7350066666667,72.59295,industrial,cropland,0.676564495530013,0.258620689655172,0.0,,not_eligible,No supported PHOENIX emissions classification.
934242af-8d0f-5799-aaa4-86a26bfcc38e,2025-02-05 08:26:00+00:00,21.992575,72.714025,mixed_or_uncertain,grassland,0.464240102171137,0.514687100893997,0.0,,not_eligible,No supported PHOENIX emissions classification.
0382c176-06d4-55b7-8df0-a27c5d5cfdda,2025-02-05 08:48:00+00:00,21.71168,72.77658,mixed_or_uncertain,cropland,0.873243933588761,0.126756066411239,0.0,,not_eligible,No supported PHOENIX emissions classification.
2b7df902-bf8b-55fa-b1af-1d6cc7a2795e,2025-02-05 20:54:00+00:00,21.68455,72.53483,mixed_or_uncertain,bare_sparse_vegetation,0.0178799489144317,0.118773946360153,0.324393358876117,,not_eligible,No supported PHOENIX emissions classification.
21b90928-096a-5209-a520-64a510227b69,2025-02-05 20:55:00+00:00,21.3567,72.82087,mixed_or_uncertain,cropland,0.652298850574713,0.347701149425287,0.0,,not_eligible,No supported PHOENIX emissions classification.
1759ab93-de7d-5f48-a4ed-85c7550a1d80,2025-02-06 08:07:00+00:00,21.52128,72.8625,mixed_or_uncertain,cropland,0.840996168582375,0.13058748403576,0.0,,not_eligible,No supported PHOENIX emissions classification.
9096eddc-8204-50fc-9860-976d0a2b6272,2025-02-06 08:07:00+00:00,21.35233,72.92892,mixed_or_uncertain,cropland,0.580140485312899,0.419859514687101,0.0,,not_eligible,No supported PHOENIX emissions classification.
9bd81094-7f88-5bfb-8d95-241881722c0f,2025-02-06 08:07:00+00:00,22.081985,72.64361,mixed_or_uncertain,cropland,0.875798212005109,0.124201787994891,0.0,,not_eligible,No supported PHOENIX emissions classification.
5ed862c6-ab8b-5a13-a2a5-6ad63c5b2c80,2025-02-06 08:30:00+00:00,21.51891,72.96432,mixed_or_uncertain,cropland,0.782886334610473,0.121647509578544,0.000319284802043423,,not_eligible,No supported PHOENIX emissions classification.
36bfe81b-6f71-5869-b588-13576681a200,2025-02-07 07:48:00+00:00,21.38127,72.86866,mixed_or_uncertain,cropland,0.823435504469987,0.162196679438059,0.0140485312899106,,not_eligible,No supported PHOENIX emissions classification.
d5a5d204-bf6b-5199-9d0d-f95f682ecae8,2025-02-07 07:48:00+00:00,21.720135,72.70985,mixed_or_uncertain,cropland,0.977969348659004,0.00446998722860792,0.0175606641123883,,not_eligible,No supported PHOENIX emissions classification.
9f852199-db4c-52b6-8ffb-80a6563225af,2025-02-07 08:11:00+00:00,21.48999,72.70912,mixed_or_uncertain,cropland,0.975415070242657,0.0245849297573436,0.0,,not_eligible,No supported PHOENIX emissions classification.
29b51118-657c-5f36-871c-ef9120c7a89b,2025-02-07 20:17:00+00:00,21.70299,72.68258,industrial,cropland,0.925287356321839,0.0747126436781609,0.0,,not_eligible,No supported PHOENIX emissions classification.
8778f916-4d32-5df2-b87e-5d0b43b88010,2025-02-07 20:17:00+00:00,21.53018,72.899925,mixed_or_uncertain,cropland,0.878033205619413,0.121966794380587,0.0,,not_eligible,No supported PHOENIX emissions classification.
f6c5b250-f824-5b5f-a5dd-cf45c3ec5371,2025-02-08 07:52:00+00:00,21.47788,72.85708,mixed_or_uncertain,cropland,0.646551724137931,0.353448275862069,0.0,,not_eligible,No supported PHOENIX emissions classification.
ff52ddf7-01fe-5b8b-a624-7613d1a359c6,2025-02-08 07:52:00+00:00,22.01893,72.63395,mixed_or_uncertain,grassland,0.438697318007663,0.56066411238825,0.0,,not_eligible,No supported PHOENIX emissions classification.
35a10ffc-bd47-50b4-9d1f-4000ebda91e4,2025-02-09 08:51:00+00:00,21.4963,72.816565,mixed_or_uncertain,cropland,0.766602809706258,0.233397190293742,0.0,,not_eligible,No supported PHOENIX emissions classification.
6f661293-4c0c-5f41-9587-417c809f9822,2025-02-09 08:51:00+00:00,21.76214,72.62766,mixed_or_uncertain,cropland,0.844508301404853,0.10536398467433,0.0411877394636015,,not_eligible,No supported PHOENIX emissions classification.
f4f9868a-7696-52e2-9049-774d99d44899,2025-02-09 20:02:00+00:00,21.53267,72.870755,mixed_or_uncertain,cropland,0.861749680715198,0.138250319284802,0.0,,not_eligible,No supported PHOENIX emissions classification.
d298c3c0-9055-58aa-a24c-26c29c62a6b1,2025-02-10 08:55:00+00:00,22.03084,72.737415,mixed_or_uncertain,cropland,0.628033205619413,0.364942528735632,0.0,,not_eligible,No supported PHOENIX emissions classification.
ec2a652d-8993-5a2a-b8aa-9bb9d1e9fbe2,2025-02-10 08:55:00+00:00,22.05118,72.72477,mixed_or_uncertain,cropland,0.791187739463602,0.208812260536398,0.0,,not_eligible,No supported PHOENIX emissions classification.
12e59f3e-ede3-552d-82c4-3021eda02a6b,2025-02-11 08:13:00+00:00,21.55099,72.8474,mixed_or_uncertain,cropland,0.889527458492976,0.110472541507024,0.0,,not_eligible,No supported PHOENIX emissions classification.
3a77bfd3-bea6-5546-ab07-e9e0cd33c802,2025-02-11 08:13:00+00:00,21.43827,72.71526,mixed_or_uncertain,cropland,0.882183908045977,0.112707535121328,0.0,,not_eligible,No supported PHOENIX emissions classification.
2ff0112e-7b1b-5800-a3a5-d6047c05f1cd,2025-02-11 08:13:00+00:00,21.72934,72.776515,mixed_or_uncertain,cropland,0.835568326947637,0.164112388250319,0.0,,not_eligible,No supported PHOENIX emissions classification.
8243fccf-ec3a-5e0d-ac26-b7fb80df0c15,2025-02-11 08:13:00+00:00,21.8785,72.71113,mixed_or_uncertain,grassland,0.416347381864623,0.547892720306513,0.0312899106002554,,not_eligible,No supported PHOENIX emissions classification.
f0dcbd13-a803-51a7-a3a8-61850400c85a,2025-02-11 08:36:00+00:00,21.41764,72.83064,mixed_or_uncertain,cropland,0.791187739463602,0.208812260536398,0.0,,not_eligible,No supported PHOENIX emissions classification.
14d1b8f0-3f36-51ac-84f6-31ad09d7313f,2025-02-11 20:42:00+00:00,21.38671,72.9413733333333,mixed_or_uncertain,built_up,0.287037037037037,0.251915708812261,0.407407407407407,,not_eligible,No supported PHOENIX emissions classification.
766d9e9b-b81b-5bad-bc35-92175ac120af,2025-02-12 07:54:00+00:00,21.513835,72.95814,mixed_or_uncertain,cropland,0.583652618135377,0.416347381864623,0.0,,not_eligible,No supported PHOENIX emissions classification.
8c831d64-6230-5153-9a23-b61de4ec3574,2025-02-12 08:17:00+00:00,21.62002,72.84695,mixed_or_uncertain,cropland,0.811941251596424,0.188058748403576,0.0,,not_eligible,No supported PHOENIX emissions classification.
5db2f4e6-2969-5cf7-95ba-9cdac80fc566,2025-02-12 20:23:00+00:00,21.35152,72.94015,mixed_or_uncertain,cropland,0.758620689655172,0.241379310344828,0.0,,not_eligible,No supported PHOENIX emissions classification.
ac1a63fe-3f43-5986-b266-242094fddba0,2025-02-12 20:23:00+00:00,21.4336075,72.97647,mixed_or_uncertain,cropland,0.530332056194125,0.453703703703704,0.0,,not_eligible,No supported PHOENIX emissions classification.
9face34d-b7a4-5394-89f0-5ef29941876d,2025-02-12 20:46:00+00:00,21.56326,72.82014,mixed_or_uncertain,cropland,0.86845466155811,0.127075351213282,0.00446998722860792,,not_eligible,No supported PHOENIX emissions classification.
65a0286a-d53e-5b7a-85b3-ba28c5fae7a9,2025-02-13 07:58:00+00:00,21.43976,72.99516,mixed_or_uncertain,cropland,0.847381864623244,0.137292464878672,0.0153256704980843,,not_eligible,No supported PHOENIX emissions classification.
e17d1bea-9c32-5f59-800b-4dfb8eb1d2cf,2025-02-14 08:57:00+00:00,21.4212,72.74961,mixed_or_uncertain,cropland,0.723180076628352,0.276819923371648,0.0,,not_eligible,No supported PHOENIX emissions classification.
a4427b89-138f-5b14-bbe2-8af7326c83d6,2025-02-14 21:26:00+00:00,21.4333409090909,72.9764718181818,industrial,cropland,0.53544061302682,0.455619412515964,0.0,,not_eligible,No supported PHOENIX emissions classification.
36ede8c8-2700-5c6b-883b-c3cd582e04e9,2025-02-15 08:38:00+00:00,21.543194,72.881498,industrial,cropland,0.570561941251596,0.429438058748404,0.0,,not_eligible,No supported PHOENIX emissions classification.
903bddb2-8a50-53cc-95e5-1350b29ddaa8,2025-02-15 08:38:00+00:00,21.56911,72.90226,mixed_or_uncertain,cropland,0.582375478927203,0.289910600255428,0.127713920817369,,not_eligible,No supported PHOENIX emissions classification.
f7de06f6-87c0-5448-8885-341e4ab325c7,2025-02-15 08:38:00+00:00,22.09928,72.284945,mixed_or_uncertain,shrubland,0.0405491698595147,0.677522349936143,0.0,,not_eligible,No supported PHOENIX emissions classification.
0f8f1800-fe89-53d3-86af-4742aeceda6b,2025-02-15 09:01:00+00:00,21.74386,72.96896,mixed_or_uncertain,cropland,0.794061302681992,0.205938697318008,0.0,,not_eligible,No supported PHOENIX emissions classification.
ce40ca2f-a521-566f-b032-a2821be57a19,2025-02-15 09:01:00+00:00,21.54506,72.84955,mixed_or_uncertain,cropland,0.909323116219668,0.0906768837803321,0.0,,not_eligible,No supported PHOENIX emissions classification.
e2bf734a-2f37-5b7d-bfd3-3ecb7de18c47,2025-02-15 09:01:00+00:00,21.55503,72.9579,mixed_or_uncertain,cropland,0.670498084291188,0.0727969348659004,0.22477650063857,,not_eligible,No supported PHOENIX emissions classification.
3eedfba3-637f-5ec5-814f-2cdb27c8f5c1,2025-02-15 21:07:00+00:00,21.52748,72.83665,mixed_or_uncertain,cropland,0.865581098339719,0.134418901660281,0.0,,not_eligible,No supported PHOENIX emissions classification.
1fcf9f65-c8cf-5855-920b-36267cb8e3bd,2025-02-16 08:19:00+00:00,21.52189,72.89629,mixed_or_uncertain,cropland,0.731800766283525,0.268199233716475,0.0,,not_eligible,No supported PHOENIX emissions classification.
25bf9b31-873e-533a-adc9-41f2fab70d7e,2025-02-16 08:19:00+00:00,21.8203,72.85838,mixed_or_uncertain,cropland,0.909323116219668,0.0881226053639847,0.0,,not_eligible,No supported PHOENIX emissions classification.
37c3fa0c-87bd-52aa-b24a-54ff1d41f46b,2025-02-16 08:19:00+00:00,21.36266,72.74227,mixed_or_uncertain,cropland,0.761494252873563,0.164112388250319,0.00862068965517241,,not_eligible,No supported PHOENIX emissions classification.
49566d61-bb16-5e31-8fdc-88ad05bf9d64,2025-02-16 08:19:00+00:00,21.52196,72.91904,mixed_or_uncertain,cropland,0.550766283524904,0.449233716475096,0.0,,not_eligible,No supported PHOENIX emissions classification.
c5857741-7d54-5048-9589-dd881c237a4a,2025-02-16 08:19:00+00:00,21.4545,72.8777,mixed_or_uncertain,cropland,0.518199233716475,0.479565772669221,0.0,,not_eligible,No supported PHOENIX emissions classification.
d5277da7-3bd2-52fa-805f-50812c176a8a,2025-02-16 08:19:00+00:00,21.51387,72.84113,mixed_or_uncertain,cropland,0.439655172413793,0.560344827586207,0.0,,not_eligible,No supported PHOENIX emissions classification.
a117b125-f2d3-5d3a-833b-9dc3436980e8,2025-02-16 20:48:00+00:00,21.40939,72.987075,mixed_or_uncertain,tree_cover,0.288314176245211,0.698914431673052,0.0,,not_eligible,No supported PHOENIX emissions classification.
fb75fd6d-7ccc-5389-ba33-b68417d48c42,2025-02-16 20:48:00+00:00,21.59293,72.99933,mixed_or_uncertain,built_up,0.254789272030651,0.175287356321839,0.415708812260536,,not_eligible,No supported PHOENIX emissions classification.
0dd716f7-b6ba-530e-b7ad-d756a0684ab5,2025-02-17 20:29:00+00:00,21.43319,72.9761333333333,mixed_or_uncertain,cropland,0.515006385696041,0.479565772669221,0.0,,not_eligible,No supported PHOENIX emissions classification.
8906f996-8077-5ab8-9ea3-d8ba3566d4ff,2025-02-18 07:42:00+00:00,21.56137,72.80109,mixed_or_uncertain,cropland,0.857598978288633,0.142401021711367,0.0,,not_eligible,No supported PHOENIX emissions classification.
edb40381-3b7f-557b-9e10-e76d6756d6b0,2025-02-18 08:04:00+00:00,21.40251,72.79063,mixed_or_uncertain,cropland,0.8227969348659,0.1772030651341,0.0,,not_eligible,No supported PHOENIX emissions classification.
4e50c7fa-3311-554a-843d-2020b6e66c24,2025-02-18 20:10:00+00:00,21.436535,72.86329,mixed_or_uncertain,cropland,0.582375478927203,0.417624521072797,0.0,,not_eligible,No supported PHOENIX emissions classification.
82d4db02-b5c1-57f6-a9bb-f5a90454dbe2,2025-02-18 20:33:00+00:00,21.38082,72.82656,mixed_or_uncertain,cropland,0.738186462324393,0.261813537675607,0.0,,not_eligible,No supported PHOENIX emissions classification.
6baf3732-0968-531c-af0c-a7910ebbc883,2025-02-18 20:33:00+00:00,21.91691,72.5537,mixed_or_uncertain,grassland,0.304278416347382,0.681034482758621,0.0,,not_eligible,No supported PHOENIX emissions classification.
5b9d00aa-d065-5b3a-b345-354e0c9e3bd5,2025-02-19 09:03:00+00:00,21.99574,72.74728,mixed_or_uncertain,grassland,0.323754789272031,0.449872286079183,0.0,,not_eligible,No supported PHOENIX emissions classification.
5f09785c-05da-572d-b33b-3e9d1dcd0793,2025-02-19 21:32:00+00:00,21.9084,72.68623,mixed_or_uncertain,cropland,0.414750957854406,0.366538952745849,0.218710089399745,,not_eligible,No supported PHOENIX emissions classification.
c9680ea4-53dc-5790-b794-d968c347ac3a,2025-02-19 21:32:00+00:00,21.43563,72.97951,mixed_or_uncertain,cropland,0.541507024265645,0.458492975734355,0.0,,not_eligible,No supported PHOENIX emissions classification.
26647dd1-8c54-5bb0-a09e-8acd6b896fbe,2025-02-20 07:27:00+00:00,21.73091,72.7247666666667,mixed_or_uncertain,cropland,0.439016602809706,0.527458492975734,0.0335249042145594,,not_eligible,No supported PHOENIX emissions classification.
2b6e2552-3e42-5ebb-92e4-8db672ee348f,2025-02-20 08:44:00+00:00,21.72271,72.70695,mixed_or_uncertain,cropland,0.810025542784163,0.10536398467433,0.084610472541507,,not_eligible,No supported PHOENIX emissions classification.
3425dad6-3d83-5a1c-b26c-f17d8564e4da,2025-02-20 08:44:00+00:00,21.74697,72.65676,mixed_or_uncertain,cropland,0.578224776500639,0.153575989782886,0.137611749680715,,not_eligible,No supported PHOENIX emissions classification.
cb15d8c5-e1e3-5b71-98fd-3e6f7b9c4533,2025-02-20 08:44:00+00:00,21.681625,72.631355,mixed_or_uncertain,cropland,0.509897828863346,0.248722860791826,0.0,,not_eligible,No supported PHOENIX emissions classification.
d8620d2a-9813-55d0-ac79-e71e6cbc11ed,2025-02-20 08:44:00+00:00,21.55302,72.78824,mixed_or_uncertain,cropland,0.901979565772669,0.0980204342273308,0.0,,not_eligible,No supported PHOENIX emissions classification.
31806c0d-8f6d-5122-bafc-d05905d19131,2025-02-20 19:55:00+00:00,21.77671,72.89182,mixed_or_uncertain,built_up,0.107598978288633,0.186781609195402,0.611111111111111,,not_eligible,No supported PHOENIX emissions classification.
6a2f8fe5-2ff1-59b3-98eb-ea4b84e8ae29,2025-02-21 08:25:00+00:00,21.69446,72.95544,mixed_or_uncertain,cropland,0.470306513409962,0.178799489144317,0.343550446998723,,not_eligible,No supported PHOENIX emissions classification.
d5dbe5c7-3c87-523c-842d-f558a1347562,2025-02-21 08:25:00+00:00,21.54813,72.931,mixed_or_uncertain,cropland,0.953703703703704,0.0446998722860792,0.0,,not_eligible,No supported PHOENIX emissions classification.
1e0831f3-c9b9-5047-afc4-280bf48cb4c7,2025-02-21 08:26:00+00:00,21.77763,72.60719,mixed_or_uncertain,grassland,0.345466155810983,0.571200510855683,0.0,,not_eligible,No supported PHOENIX emissions classification.
b9c1e254-3212-5c99-a3f3-86798b17ddc5,2025-02-21 08:26:00+00:00,21.75139,72.62701,mixed_or_uncertain,cropland,0.647509578544061,0.351851851851852,0.0,,not_eligible,No supported PHOENIX emissions classification.
88e4b1d9-3095-5d24-9fe7-e3ed31a619a5,2025-02-21 08:48:00+00:00,21.59156,72.97081,mixed_or_uncertain,cropland,0.706896551724138,0.293103448275862,0.0,,not_eligible,No supported PHOENIX emissions classification.
d35ec373-9b1e-5e76-acc7-74a6736fa0c5,2025-02-21 08:48:00+00:00,21.47081,72.84131,mixed_or_uncertain,cropland,0.608556832694764,0.391443167305236,0.0,,not_eligible,No supported PHOENIX emissions classification.
90f0e69a-0888-5c80-9d66-55dfb906fc4b,2025-02-21 20:54:00+00:00,21.79533,72.64754,mixed_or_uncertain,cropland,0.77234993614304,0.0903575989782886,0.112388250319285,,not_eligible,No supported PHOENIX emissions classification.
0ce8e3c1-ca46-5116-92cb-8cc0788649e5,2025-02-22 08:07:00+00:00,21.73808,72.78471,mixed_or_uncertain,cropland,0.950191570881226,0.0498084291187739,0.0,,not_eligible,No supported PHOENIX emissions classification.
e47d2c30-448a-587e-abec-32ea5225724e,2025-02-22 08:30:00+00:00,21.68128,72.63702,mixed_or_uncertain,cropland,0.256066411238825,0.5,0.0,,not_eligible,No supported PHOENIX emissions classification.
818cf114-48e1-5567-873b-c2318749626d,2025-02-23 07:48:00+00:00,21.433855,72.852015,mixed_or_uncertain,cropland,0.92816091954023,0.0718390804597701,0.0,,not_eligible,No supported PHOENIX emissions classification.
a5524064-19c6-5af5-ba81-c0f72c5fd09c,2025-02-23 07:48:00+00:00,21.73416,72.6035733333333,industrial,cropland,0.942528735632184,0.0491698595146871,0.0028735632183908,,not_eligible,No supported PHOENIX emissions classification.
0f649edb-fc8d-5b77-8bcf-d5fad6a468d6,2025-02-23 08:11:00+00:00,21.87812,72.70982,mixed_or_uncertain,grassland,0.33205619412516,0.631226053639847,0.0322477650063857,,not_eligible,No supported PHOENIX emissions classification.
d34ed4bf-2aaa-56ae-8e8c-0072d236beeb,2025-02-23 08:11:00+00:00,21.59709,72.84139,mixed_or_uncertain,cropland,0.505747126436782,0.492975734355045,0.00127713920817369,,not_eligible,No supported PHOENIX emissions classification.
c3c3eef4-c13b-5f71-80d8-0b4e2fa60a48,2025-02-23 08:11:00+00:00,21.81889,72.65168,mixed_or_uncertain,cropland,0.66794380587484,0.303001277139208,0.0277777777777778,,not_eligible,No supported PHOENIX emissions classification.
faae2291-902b-5252-b585-9a2f8d3081f5,2025-02-23 08:11:00+00:00,21.56695,72.89101,mixed_or_uncertain,cropland,0.861111111111111,0.138888888888889,0.0,,not_eligible,No supported PHOENIX emissions classification.
35c3c153-d77f-5c29-a9df-b64c79243eb0,2025-02-23 20:17:00+00:00,21.37974,72.96925,mixed_or_uncertain,tree_cover,0.275542784163474,0.46455938697318,0.227011494252874,,not_eligible,No supported PHOENIX emissions classification.
e87af850-2249-5b24-bb9d-7707d2e97f04,2025-02-23 20:17:00+00:00,21.434015,72.9758425,industrial,cropland,0.52234993614304,0.43933588761175,0.0,,not_eligible,No supported PHOENIX emissions classification.
5318045b-768e-5e4d-aa4e-b25afa872a5c,2025-02-24 07:29:00+00:00,21.6908775,72.6606975,industrial,cropland,0.938378033205619,0.0616219667943806,0.0,,not_eligible,No supported PHOENIX emissions classification.
40504d49-243f-5904-ad09-6d9dd99dff97,2025-02-24 07:29:00+00:00,21.436295,72.704155,mixed_or_uncertain,grassland,0.272669220945083,0.682950191570881,0.0,,not_eligible,No supported PHOENIX emissions classification.
898b650a-ccaa-5c75-b034-543a2418df21,2025-02-24 07:29:00+00:00,21.7061033333333,72.6812733333333,industrial,cropland,0.912196679438059,0.0878033205619412,0.0,,not_eligible,No supported PHOENIX emissions classification.
b2a08a64-2f3f-5ef2-8549-835391dd5a36,2025-02-24 07:52:00+00:00,21.765732,72.630788,mixed_or_uncertain,cropland,0.882183908045977,0.0791826309067688,0.00446998722860792,,not_eligible,No supported PHOENIX emissions classification.
a84be2e1-f389-583a-87fe-3ddf3ba8d219,2025-02-24 07:52:00+00:00,21.3861,72.79689,mixed_or_uncertain,cropland,0.835887611749681,0.151340996168582,0.0127713920817369,,not_eligible,No supported PHOENIX emissions classification.
f56bbc34-ec66-5bca-986b-b670ee26d90b,2025-02-24 07:52:00+00:00,21.79327,72.6203,mixed_or_uncertain,cropland,0.634418901660281,0.303639846743295,0.0,,not_eligible,No supported PHOENIX emissions classification.
a2edb031-790a-5109-acb1-e9753efebaf8,2025-02-24 09:10:00+00:00,22.01689,72.74436,mixed_or_uncertain,cropland,0.724457215836526,0.23882503192848,0.033205619412516,,not_eligible,No supported PHOENIX emissions classification.
31bf5232-84a8-59a1-b01f-194fca776fdb,2025-02-25 08:51:00+00:00,21.709394,72.546696,industrial,shrubland,0.170178799489144,0.767879948914432,0.0,,not_eligible,No supported PHOENIX emissions classification.
2a344c09-f62f-508d-a4fc-a0dcfb3374ff,2025-02-25 08:51:00+00:00,21.95779,72.8098,mixed_or_uncertain,cropland,0.66507024265645,0.176245210727969,0.0,,not_eligible,No supported PHOENIX emissions classification.
f151ea3d-c352-566b-b70a-d8c7b113bd62,2025-02-25 08:51:00+00:00,21.81603,72.659905,mixed_or_uncertain,cropland,0.539910600255428,0.4514687100894,0.00159642401021711,,not_eligible,No supported PHOENIX emissions classification.
fc514d22-6ad8-5442-b148-436b46cb83d8,2025-02-25 08:51:00+00:00,21.86,72.6614,mixed_or_uncertain,cropland,0.66794380587484,0.33205619412516,0.0,,not_eligible,No supported PHOENIX emissions classification.
ea2400a1-0883-55a1-bec6-e6ea1e104ae0,2025-02-25 21:19:00+00:00,21.68079,72.535345,industrial,built_up,0.0482120051085568,0.233397190293742,0.515325670498084,,not_eligible,No supported PHOENIX emissions classification.
bffea3d4-ac89-5578-b873-289bc59cd095,2025-02-26 08:55:00+00:00,21.78102,72.69087,mixed_or_uncertain,cropland,0.690932311621967,0.283524904214559,0.0220306513409962,,not_eligible,No supported PHOENIX emissions classification.
8403dc98-cb20-5ad3-9f47-e853b9039bf8,2025-02-26 08:55:00+00:00,21.52648,72.81112,mixed_or_uncertain,cropland,0.897509578544061,0.102490421455939,0.0,,not_eligible,No supported PHOENIX emissions classification.
195a20da-26a1-5ec4-8c5a-fcf596c04caa,2025-02-27 08:13:00+00:00,21.40821,72.66888,mixed_or_uncertain,cropland,0.639208173690932,0.333333333333333,0.0,,not_eligible,No supported PHOENIX emissions classification.
80a51243-2152-55cc-bbb4-9163d52440d3,2025-02-27 08:13:00+00:00,22.0963,72.63853,mixed_or_uncertain,cropland,0.575031928480204,0.343550446998723,0.068007662835249,,not_eligible,No supported PHOENIX emissions classification.
cc3d3d85-46f4-5bc4-b3d2-95f9621e0181,2025-02-27 08:13:00+00:00,21.616155,72.83098,mixed_or_uncertain,grassland,0.26117496807152,0.73882503192848,0.0,,not_eligible,No supported PHOENIX emissions classification.
0a472cff-9c60-5a62-b864-8a9dd29dd0bf,2025-02-27 20:42:00+00:00,21.434595,72.975955,industrial,cropland,0.514687100893997,0.445402298850575,0.0,,not_eligible,No supported PHOENIX emissions classification.
57853340-fc52-57e9-9a36-b9c18840dbf8,2025-02-27 20:42:00+00:00,21.41202,72.98704,mixed_or_uncertain,cropland,0.511494252873563,0.488505747126437,0.0,,not_eligible,No supported PHOENIX emissions classification.
939c8c65-2d62-58e4-b606-55169a6f70a7,2025-02-27 20:42:00+00:00,21.57344,72.841395,mixed_or_uncertain,cropland,0.86749680715198,0.132183908045977,0.000319284802043423,,not_eligible,No supported PHOENIX emissions classification.
1787a4a9-156e-5c41-b7a1-b627a55e4d02,2025-02-28 08:17:00+00:00,21.44275,72.98054,mixed_or_uncertain,cropland,0.901340996168582,0.0862068965517241,0.0111749680715198,,not_eligible,No supported PHOENIX emissions classification.
64d74422-bc65-511c-a908-c6e672ef98b9,2025-02-28 08:17:00+00:00,21.75679,72.6593,mixed_or_uncertain,cropland,0.502554278416347,0.243933588761175,0.171136653895275,,not_eligible,No supported PHOENIX emissions classification.
ce5c5464-edbb-55ff-8f9f-e140340d5bf7,2025-02-28 08:17:00+00:00,21.38112,72.82121,mixed_or_uncertain,cropland,0.692209450830141,0.287675606641124,0.0197956577266922,,not_eligible,No supported PHOENIX emissions classification.
e1b51109-123c-5e44-8c68-546173c003b6,2025-02-28 08:17:00+00:00,21.76213,72.62798,mixed_or_uncertain,cropland,0.866538952745849,0.0890804597701149,0.0354406130268199,,not_eligible,No supported PHOENIX emissions classification.
390ff0c4-1824-52c8-874e-d7c6a4f3863a,2025-02-28 20:23:00+00:00,21.522355,72.78199,mixed_or_uncertain,cropland,0.843550446998723,0.156449553001277,0.0,,not_eligible,No supported PHOENIX emissions classification.
65710996-1b22-5034-b91b-e64d53b802b7,2025-02-28 20:46:00+00:00,21.682335,72.53484125,industrial,built_up,0.0341634738186462,0.136973180076628,0.46455938697318,,not_eligible,No supported PHOENIX emissions classification.
2e681c0b-e078-5f5b-acf3-ac0bdfea72a6,2025-03-01 07:35:00+00:00,21.6939275,72.6034275,mixed_or_uncertain,cropland,0.937420178799489,0.0108556832694764,0.0498084291187739,,not_eligible,No supported PHOENIX emissions classification.
a1b23eb4-808b-5ed6-9ebf-dbf60eda19ff,2025-03-01 07:35:00+00:00,21.828235,72.665075,mixed_or_uncertain,grassland,0.431673052362708,0.506066411238825,0.0,,not_eligible,No supported PHOENIX emissions classification.
264bfe89-e2a4-5fd3-b444-abdd398b73eb,2025-03-01 09:16:00+00:00,21.68402,72.63163,mixed_or_uncertain,cropland,0.842911877394636,0.142401021711367,0.0,,not_eligible,No supported PHOENIX emissions classification.
252001c4-152a-575b-b981-be05a5886ae4,2025-03-02 07:39:00+00:00,21.35644,72.80146,mixed_or_uncertain,cropland,0.633461047254151,0.366538952745849,0.0,,not_eligible,No supported PHOENIX emissions classification.
71fba740-583c-56b8-a7df-4e897cdfb6be,2025-03-02 21:26:00+00:00,21.6815257142857,72.5358257142857,industrial,built_up,0.0472541507024266,0.159642401021711,0.557151979565773,,not_eligible,No supported PHOENIX emissions classification.
2390eabe-54f6-57b2-9ea1-6175ccf28d67,2025-03-03 08:38:00+00:00,21.5125125,72.8095125,mixed_or_uncertain,cropland,0.815134099616858,0.172094508301405,0.0,,not_eligible,No supported PHOENIX emissions classification.
ea8f1688-9386-586b-a8b9-ee0bb5de54f9,2025-03-03 08:38:00+00:00,21.52435,72.81099,mixed_or_uncertain,cropland,0.944444444444444,0.0555555555555556,0.0,,not_eligible,No supported PHOENIX emissions classification.
feb73eac-1065-5190-9953-e1f0384e08a0,2025-03-03 08:38:00+00:00,21.401515,72.81708,mixed_or_uncertain,tree_cover,0.439974457215837,0.545019157088123,0.000638569604086846,,not_eligible,No supported PHOENIX emissions classification.
4e092b89-cf46-5b8e-aa05-e8fc56bb2108,2025-03-03 09:01:00+00:00,21.75843,72.65248,mixed_or_uncertain,cropland,0.676564495530013,0.295977011494253,0.0172413793103448,,not_eligible,No supported PHOENIX emissions classification.
01eb77df-a646-535e-ab08-d4de71e9d264,2025-03-04 08:19:00+00:00,21.5136,72.82778,mixed_or_uncertain,cropland,0.826628352490421,0.173371647509579,0.0,,not_eligible,No supported PHOENIX emissions classification.
c7f93fd8-9f8c-5283-b836-74f239888fb3,2025-03-04 08:42:00+00:00,21.53797,72.76711,mixed_or_uncertain,cropland,0.704342273307791,0.134099616858238,0.00223499361430396,,not_eligible,No supported PHOENIX emissions classification.
2fb5a55f-f5ee-5430-86c8-0af0886954e1,2025-03-04 20:48:00+00:00,21.68236,72.544805,industrial,built_up,0.0134099616858238,0.0964240102171137,0.601851851851852,,not_eligible,No supported PHOENIX emissions classification.
5dfb1e48-dcf1-5ff5-88d7-80b035093ed7,2025-03-05 08:00:00+00:00,21.429655,72.702465,mixed_or_uncertain,cropland,0.928799489144317,0.0692848020434227,0.0,,not_eligible,No supported PHOENIX emissions classification.
b1baa614-f9fd-5d4d-96cf-e515a8fb8094,2025-03-05 08:00:00+00:00,21.4683,72.9781,mixed_or_uncertain,cropland,0.515964240102171,0.425925925925926,0.0,,not_eligible,No supported PHOENIX emissions classification.
188b39ab-22b1-5b64-b643-fdd22754b870,2025-03-05 20:52:00+00:00,21.68187,72.53584,mixed_or_uncertain,built_up,0.0446998722860792,0.139208173690932,0.561302681992337,,not_eligible,No supported PHOENIX emissions classification.
b5a873fb-bd54-5751-84c6-0ecab030fcd1,2025-03-06 07:41:00+00:00,21.38376,72.680675,mixed_or_uncertain,cropland,0.76309067688378,0.220306513409962,0.016602809706258,,not_eligible,No supported PHOENIX emissions classification.
ef2dbb62-59d7-5d62-916b-02a8b5698152,2025-03-07 07:45:00+00:00,21.36708,72.83295,mixed_or_uncertain,cropland,0.732758620689655,0.267241379310345,0.0,,not_eligible,No supported PHOENIX emissions classification.
10764cf7-9c69-59fe-b816-0f0cf251c916,2025-03-08 07:27:00+00:00,21.90618,72.757415,mixed_or_uncertain,cropland,0.743295019157088,0.188058748403576,0.0686462324393359,,not_eligible,No supported PHOENIX emissions classification.
d552d9ee-848b-5c51-9566-26121ca7f4dc,2025-03-08 08:44:00+00:00,21.73503,72.6821533333333,mixed_or_uncertain,cropland,0.418901660280971,0.466155810983397,0.0411877394636015,,not_eligible,No supported PHOENIX emissions classification.
da367d40-99f5-5a23-ad98-f4d94144b460,2025-03-08 08:44:00+00:00,21.78314,72.87735,mixed_or_uncertain,cropland,0.865900383141762,0.0597062579821201,0.0108556832694764,,not_eligible,No supported PHOENIX emissions classification.
1c0393b6-64c4-5872-9585-1fcfc649b128,2025-03-08 19:55:00+00:00,21.39948,72.94817,mixed_or_uncertain,cropland,0.715836526181354,0.125159642401022,0.127075351213282,,not_eligible,No supported PHOENIX emissions classification.
8ab755d1-72c2-5e92-9041-3778ef211a26,2025-03-09 08:25:00+00:00,21.4212966666667,72.9041166666667,mixed_or_uncertain,cropland,0.939016602809706,0.0590676883780332,0.0,,not_eligible,No supported PHOENIX emissions classification.
b5233971-2c5e-55b0-91f0-8b4fe4671504,2025-03-09 08:25:00+00:00,21.6284825,72.80832,industrial,tree_cover,0.0973818646232439,0.902618135376756,0.0,,not_eligible,No supported PHOENIX emissions classification.
f3093fd1-483b-5b78-87c1-780711f3f9c0,2025-03-10 08:06:00+00:00,21.632755,72.8503,mixed_or_uncertain,cropland,0.899425287356322,0.100574712643678,0.0,,not_eligible,No supported PHOENIX emissions classification.
f402d5c2-6e54-5d64-8318-f0ea77397531,2025-03-10 08:29:00+00:00,21.46264,72.80642,mixed_or_uncertain,cropland,0.66507024265645,0.33492975734355,0.0,,not_eligible,No supported PHOENIX emissions classification.
a42b3a75-c636-5569-b222-732150148722,2025-03-10 20:35:00+00:00,21.90732,72.75537,mixed_or_uncertain,cropland,0.815134099616858,0.172733077905492,0.0121328224776501,,not_eligible,No supported PHOENIX emissions classification.
ae5340e7-5511-5c0f-98bd-5ef5a26b1ba5,2025-03-10 20:58:00+00:00,21.79357,72.648295,industrial,cropland,0.675925925925926,0.234993614303959,0.0140485312899106,,not_eligible,No supported PHOENIX emissions classification.
882dd2c7-333b-5656-8e3f-bfbd0f3d1827,2025-03-11 07:48:00+00:00,21.71733,72.54439,mixed_or_uncertain,tree_cover,0.0258620689655172,0.957535121328225,0.0,,not_eligible,No supported PHOENIX emissions classification.
b8e37358-065a-5c4c-ab4b-cec3c1f61bf0,2025-03-11 07:48:00+00:00,22.0823866666667,72.56621,industrial,cropland,0.857598978288633,0.140804597701149,0.0,,not_eligible,No supported PHOENIX emissions classification.
892b6858-e52f-580c-92e1-540cfc26f5f8,2025-03-11 08:10:00+00:00,21.75826,72.61852,mixed_or_uncertain,cropland,0.842273307790549,0.125478927203065,0.0,,not_eligible,No supported PHOENIX emissions classification.
f09ef32b-693f-58f3-b280-60cad5db15e2,2025-03-11 08:10:00+00:00,22.0404,72.70824,mixed_or_uncertain,cropland,0.504789272030651,0.495210727969349,0.0,,not_eligible,No supported PHOENIX emissions classification.
834b6795-4ef6-5552-9bf5-e2eba1cc1bb9,2025-03-12 07:29:00+00:00,21.90692,72.75586,mixed_or_uncertain,cropland,0.822158365261814,0.164431673052363,0.0134099616858238,,not_eligible,No supported PHOENIX emissions classification.
d6790000-a716-529a-93b4-178a28f87794,2025-03-12 20:20:00+00:00,21.39714,72.94673,mixed_or_uncertain,cropland,0.652298850574713,0.138569604086845,0.177841634738186,,not_eligible,No supported PHOENIX emissions classification.
679f385a-6969-54ce-a87a-75430cecc349,2025-03-13 07:33:00+00:00,21.40549,72.82018,mixed_or_uncertain,cropland,0.729885057471264,0.270114942528736,0.0,,not_eligible,No supported PHOENIX emissions classification.
963a5d5c-026f-528e-b175-a9ffecdadf11,2025-03-13 08:50:00+00:00,21.35128,72.94411,mixed_or_uncertain,cropland,0.77522349936143,0.140485312899106,0.00862068965517241,,not_eligible,No supported PHOENIX emissions classification.
c1d52a8a-d7c5-59bc-b2b8-69a9f6934203,2025-03-13 08:50:00+00:00,21.5163,72.81141,mixed_or_uncertain,cropland,0.634418901660281,0.35823754789272,0.0,,not_eligible,No supported PHOENIX emissions classification.
f8e14d13-7e45-51a2-9d1a-5b451d95fbcc,2025-03-13 08:50:00+00:00,21.7947183333333,72.6472166666667,industrial,cropland,0.756066411238825,0.117177522349936,0.0855683269476373,,not_eligible,No supported PHOENIX emissions classification.
3ec67e5b-1cb7-582f-bc26-3a7763eee2b4,2025-03-13 20:01:00+00:00,21.64003,72.871735,mixed_or_uncertain,cropland,0.910600255427842,0.0893997445721584,0.0,,not_eligible,No supported PHOENIX emissions classification.
acccb17c-2a48-5792-96c7-2e3f27e2c4d5,2025-03-13 20:02:00+00:00,21.43679,72.97474,mixed_or_uncertain,cropland,0.634418901660281,0.284163473818646,0.0277777777777778,,not_eligible,No supported PHOENIX emissions classification.
af392c90-fbc4-5683-b364-5fe10490e4d3,2025-03-13 21:19:00+00:00,21.9931133333333,72.6920066666667,mixed_or_uncertain,cropland,0.598339719029374,0.371966794380587,0.0,,not_eligible,No supported PHOENIX emissions classification.
8d11960d-e593-5c62-906e-6c4e60a14c9f,2025-03-14 08:31:00+00:00,21.7392366666667,72.6011716666667,industrial,cropland,0.977011494252874,0.0229885057471264,0.0,,not_eligible,No supported PHOENIX emissions classification.
b17654f0-9c6e-597b-9ea4-fa760998ddd5,2025-03-14 08:31:00+00:00,21.923365,72.56079,mixed_or_uncertain,cropland,0.76021711366539,0.23978288633461,0.0,,not_eligible,No supported PHOENIX emissions classification.
17bf6a16-235b-5b25-9abe-8c5e032b48b8,2025-03-15 08:12:00+00:00,21.37684,72.67046,mixed_or_uncertain,cropland,0.731481481481482,0.264687100893997,0.0028735632183908,,not_eligible,No supported PHOENIX emissions classification.
acf6ef91-3345-5af0-83b7-99f2254cf3da,2025-03-15 08:13:00+00:00,21.73968,72.69394,mixed_or_uncertain,cropland,0.86845466155811,0.0523627075351213,0.0,,not_eligible,No supported PHOENIX emissions classification.
fb19eb3d-b51a-56f3-b30f-bcdf8668c16e,2025-03-15 08:13:00+00:00,21.82371,72.70623,mixed_or_uncertain,cropland,0.616858237547893,0.354725415070243,0.0,,not_eligible,No supported PHOENIX emissions classification.
9d7b7344-7c77-5c2c-ba59-4463a516808a,2025-03-15 20:41:00+00:00,21.79349,72.64739,mixed_or_uncertain,cropland,0.722541507024266,0.191890166028097,0.0130906768837803,,not_eligible,No supported PHOENIX emissions classification.
f385a0f3-e850-5467-bc43-7da99b9d23ba,2025-03-15 21:04:00+00:00,21.55208,72.83335,mixed_or_uncertain,cropland,0.795977011494253,0.198275862068966,0.00574712643678161,,not_eligible,No supported PHOENIX emissions classification.
6784826d-22f4-534c-b0c5-7991d8952be3,2025-03-16 07:54:00+00:00,21.84879,72.66135,mixed_or_uncertain,cropland,0.634418901660281,0.196998722860792,0.0223499361430396,,not_eligible,No supported PHOENIX emissions classification.
f71c2e3e-f4d0-52e3-90e4-ae13ede5fdd8,2025-03-16 07:54:00+00:00,21.35468,72.91778,mixed_or_uncertain,tree_cover,0.371966794380587,0.628033205619413,0.0,,not_eligible,No supported PHOENIX emissions classification.
2632fbb5-1222-591f-9a19-4167ada8f47d,2025-03-16 20:23:00+00:00,21.374755,72.93844,mixed_or_uncertain,cropland,0.716155810983397,0.283844189016603,0.0,,not_eligible,No supported PHOENIX emissions classification.
69b2ac8f-edb6-55ef-a715-9dcb250e3298,2025-03-16 20:45:00+00:00,21.43384,72.97626,mixed_or_uncertain,cropland,0.511813537675607,0.456577266922094,0.0,,not_eligible,No supported PHOENIX emissions classification.
cade6ebd-f0ba-5804-8f94-6615be01b50e,2025-03-16 20:45:00+00:00,21.35699,72.90247,mixed_or_uncertain,cropland,0.678799489144317,0.321200510855683,0.0,,not_eligible,No supported PHOENIX emissions classification.
cdb2ca37-2b40-5425-acbc-0ab72b8866e5,2025-03-16 20:45:00+00:00,21.410155,72.987085,mixed_or_uncertain,tree_cover,0.352171136653895,0.636653895274585,0.0,,not_eligible,No supported PHOENIX emissions classification.
1b101772-9d52-5301-a07f-c10f2600702f,2025-03-18 07:39:00+00:00,21.866385,72.68162,mixed_or_uncertain,cropland,0.742017879948914,0.239144316730524,0.0188378033205619,,not_eligible,No supported PHOENIX emissions classification.
e7dfd564-1aa9-5e1a-b858-4807e10df2d3,2025-03-18 08:56:00+00:00,21.427675,72.97675,mixed_or_uncertain,cropland,0.579821200510856,0.384099616858238,0.0,,not_eligible,No supported PHOENIX emissions classification.
cceca48d-d0bb-54fc-b459-65bafc425c9f,2025-03-18 08:57:00+00:00,21.74733,72.78162,mixed_or_uncertain,cropland,0.916347381864623,0.0836526181353767,0.0,,not_eligible,No supported PHOENIX emissions classification.
d587d0f6-cabe-5606-b611-155905d5352c,2025-03-19 07:20:00+00:00,21.78018,72.97084,mixed_or_uncertain,tree_cover,0.292784163473819,0.704342273307791,0.0028735632183908,,not_eligible,No supported PHOENIX emissions classification.
2aaba67b-59bf-5798-889e-a15525de86dc,2025-03-19 08:38:00+00:00,21.7079375,72.68225,industrial,cropland,0.955300127713921,0.0446998722860792,0.0,,not_eligible,No supported PHOENIX emissions classification.
8742071e-07b4-5cd4-a160-35fed8be665a,2025-03-19 09:00:00+00:00,21.52056,72.818615,mixed_or_uncertain,cropland,0.63154533844189,0.199233716475096,0.169220945083014,,not_eligible,No supported PHOENIX emissions classification.
45a71da8-2fd4-504b-a406-fcfc0f508341,2025-03-19 21:06:00+00:00,21.79411,72.65013,mixed_or_uncertain,cropland,0.670817369093231,0.258939974457216,0.0325670498084291,,not_eligible,No supported PHOENIX emissions classification.
37079564-be51-5b2d-8ad3-7a4f8a782c87,2025-03-19 21:29:00+00:00,21.39776,72.9527,mixed_or_uncertain,cropland,0.640804597701149,0.328863346104725,0.028735632183908,,not_eligible,No supported PHOENIX emissions classification.
3a8840fe-a7b1-592c-adee-13916e0d8e21,2025-03-20 08:19:00+00:00,22.0725,72.5669383333333,industrial,cropland,0.990740740740741,0.00925925925925926,0.0,,not_eligible,No supported PHOENIX emissions classification.
14852869-676f-539c-a216-bcb2373d26ef,2025-03-20 08:42:00+00:00,21.73243,72.74256,mixed_or_uncertain,cropland,0.740421455938697,0.218710089399745,0.0,,not_eligible,No supported PHOENIX emissions classification.
fc8bc8cc-1f11-5cf2-bd25-05a0e743a331,2025-03-20 08:42:00+00:00,21.56327,72.8052,mixed_or_uncertain,cropland,0.872286079182631,0.127713920817369,0.0,,not_eligible,No supported PHOENIX emissions classification.
be2213d9-7c8a-524d-bde1-0703c702169c,2025-03-20 20:48:00+00:00,21.40964,72.98861,mixed_or_uncertain,tree_cover,0.27330779054917,0.721264367816092,0.0,,not_eligible,No supported PHOENIX emissions classification.
d4e9d1ba-d51a-5846-ad0e-d2d5035dca95,2025-03-20 20:48:00+00:00,21.4335233333333,72.9763666666667,mixed_or_uncertain,cropland,0.520753512132823,0.462005108556833,0.0,,not_eligible,No supported PHOENIX emissions classification.
4bfe6b0a-2c02-5f20-9a4d-01538ebc5fe6,2025-03-21 08:00:00+00:00,21.50061,72.73338,mixed_or_uncertain,cropland,0.76309067688378,0.235951468710089,0.0,,not_eligible,No supported PHOENIX emissions classification.
5f99c4ed-8530-5a28-9609-0611858563b1,2025-03-21 08:00:00+00:00,21.4373,72.70993,mixed_or_uncertain,grassland,0.32183908045977,0.67816091954023,0.0,,not_eligible,No supported PHOENIX emissions classification.
07257975-7c26-514d-9c0a-811e044bb12d,2025-03-21 20:29:00+00:00,21.7943157142857,72.6473742857143,industrial,cropland,0.734674329501916,0.144316730523627,0.0552362707535121,,not_eligible,No supported PHOENIX emissions classification.
d33b403b-c937-5b94-ad8c-b986661a4fdf,2025-03-22 08:04:00+00:00,21.47086,72.81644,mixed_or_uncertain,cropland,0.843231162196679,0.156768837803321,0.0,,not_eligible,No supported PHOENIX emissions classification.
289cb9b0-52d7-5925-b02b-c9e49468d900,2025-03-22 20:33:00+00:00,21.40973,72.98811,mixed_or_uncertain,tree_cover,0.294061302681992,0.697637292464879,0.0,,not_eligible,No supported PHOENIX emissions classification.
7576afc0-048b-5af3-947b-a4487b2414d0,2025-03-22 20:33:00+00:00,21.4068333333333,72.9709366666667,industrial,tree_cover,0.187739463601533,0.674648786717752,0.0,,not_eligible,No supported PHOENIX emissions classification.
02b8e950-9d0a-57b2-960e-429c10476f39,2025-03-23 09:03:00+00:00,21.51637,72.70262,mixed_or_uncertain,cropland,0.98978288633461,0.0102171136653895,0.0,,not_eligible,No supported PHOENIX emissions classification.
1f200628-038d-5899-86a8-a9468ed2bd4e,2025-03-23 09:03:00+00:00,22.04693,72.68076,mixed_or_uncertain,cropland,0.708492975734355,0.291507024265645,0.0,,not_eligible,No supported PHOENIX emissions classification.
230654d7-2103-5cbd-b46a-ed568d095482,2025-03-23 21:31:00+00:00,22.04473,72.748942,industrial,cropland,0.602171136653895,0.397828863346105,0.0,,not_eligible,No supported PHOENIX emissions classification.
e95f247d-4c1e-52e1-be44-8d6d3c7827bb,2025-03-24 08:44:00+00:00,21.50178,72.73581,mixed_or_uncertain,cropland,0.732439335887612,0.264687100893997,0.0,,not_eligible,No supported PHOENIX emissions classification.
cccf7dcb-8578-508a-ad2e-9efd2e72d5bd,2025-03-24 08:44:00+00:00,21.42455,72.98972,mixed_or_uncertain,cropland,0.601532567049808,0.364623243933589,0.0338441890166028,,not_eligible,No supported PHOENIX emissions classification.
3cec2ffd-26ea-5c84-8791-9b43865d7e52,2025-03-24 08:44:00+00:00,21.43422,72.70355,mixed_or_uncertain,grassland,0.354086845466156,0.534163473818646,0.0,,not_eligible,No supported PHOENIX emissions classification.
4b8b262d-8601-56ad-b7bb-33d19dcb9093,2025-03-24 09:07:00+00:00,21.54768,72.81869,mixed_or_uncertain,cropland,0.685823754789272,0.247126436781609,0.0670498084291188,,not_eligible,No supported PHOENIX emissions classification.
ad190d42-caa3-5988-9879-5987b73d64c3,2025-03-24 19:55:00+00:00,21.4352,72.97295,mixed_or_uncertain,cropland,0.693167305236271,0.184546615581098,0.0734355044699872,,not_eligible,No supported PHOENIX emissions classification.
d54c8743-aa7a-5383-abda-f6731a49f0b3,2025-03-25 08:25:00+00:00,22.01269,72.72238,mixed_or_uncertain,cropland,0.640485312899106,0.30970625798212,0.0,,not_eligible,No supported PHOENIX emissions classification.
e6659285-2749-5403-a592-245f503d4340,2025-03-25 08:25:00+00:00,22.03427,72.80092,mixed_or_uncertain,cropland,0.910919540229885,0.0708812260536398,0.0,,not_eligible,No supported PHOENIX emissions classification.
5deb1c69-0f1e-5e1a-ae8c-ce66e27a6578,2025-03-25 20:54:00+00:00,21.794266,72.64885,industrial,cropland,0.675925925925926,0.213282247765006,0.0469348659003831,,not_eligible,No supported PHOENIX emissions classification.
d476b6bc-7a23-563b-8576-311d76887a54,2025-03-25 20:54:00+00:00,21.41111,72.98866,mixed_or_uncertain,tree_cover,0.340676883780332,0.659323116219668,0.0,,not_eligible,No supported PHOENIX emissions classification.
f56e5663-9474-5d0c-a3d2-67e3fb0168fc,2025-03-25 20:54:00+00:00,21.74397,72.94653,mixed_or_uncertain,cropland,0.750638569604087,0.249361430395913,0.0,,not_eligible,No supported PHOENIX emissions classification.
8e14d430-21c7-5ab5-80a1-14b1b526099b,2025-03-25 21:17:00+00:00,21.39534,72.78698,mixed_or_uncertain,cropland,0.962005108556833,0.0379948914431673,0.0,,not_eligible,No supported PHOENIX emissions classification.
06bb3ae7-00f0-5f11-8fb7-a45bda266ba8,2025-03-26 08:06:00+00:00,21.85849,72.66456,mixed_or_uncertain,cropland,0.759259259259259,0.240740740740741,0.0,,not_eligible,No supported PHOENIX emissions classification.
2bfdeb38-25bc-5780-a5f9-f907c494e988,2025-03-26 08:29:00+00:00,21.40186,72.94166,mixed_or_uncertain,cropland,0.540549169859515,0.325670498084291,0.101213282247765,,not_eligible,No supported PHOENIX emissions classification.
4dd6fb21-538b-5e83-8544-1915c56523d0,2025-03-26 08:29:00+00:00,21.95601,72.61205,mixed_or_uncertain,grassland,0.169220945083014,0.598339719029374,0.0,,not_eligible,No supported PHOENIX emissions classification.
b382d625-feed-5c7e-bced-e34da24c7860,2025-03-26 08:29:00+00:00,21.59539,72.82694,mixed_or_uncertain,tree_cover,0.348020434227331,0.651979565772669,0.0,,not_eligible,No supported PHOENIX emissions classification.
b12215bc-3ea6-5a83-9fa7-5bf5e9da9242,2025-03-27 07:47:00+00:00,21.43205,72.89535,mixed_or_uncertain,tree_cover,0.269157088122605,0.376756066411239,0.234674329501916,,not_eligible,No supported PHOENIX emissions classification.
c4c39d36-7927-588b-9c2a-a46e0c536543,2025-03-27 08:10:00+00:00,21.71181,72.93681,mixed_or_uncertain,cropland,0.791187739463602,0.161238825031928,0.0,,not_eligible,No supported PHOENIX emissions classification.
3752a242-fe86-5ab4-8421-496ad48c9053,2025-03-27 08:10:00+00:00,22.048095,72.672565,mixed_or_uncertain,cropland,0.449553001277139,0.550446998722861,0.0,,not_eligible,No supported PHOENIX emissions classification.
d16f7a90-2ac7-51b0-9a8d-8de82ab8e5ec,2025-03-27 08:10:00+00:00,21.59661,72.87789,mixed_or_uncertain,cropland,0.740102171136654,0.259897828863346,0.0,,not_eligible,No supported PHOENIX emissions classification.
188c738f-3185-5b82-9c31-a4867fdc34b8,2025-03-28 07:51:00+00:00,21.75349,72.614635,mixed_or_uncertain,cropland,0.883141762452107,0.0526819923371648,0.0,,not_eligible,No supported PHOENIX emissions classification.
f399cc2d-21f9-5968-9c35-2a46efbf183d,2025-03-28 07:51:00+00:00,21.4537,72.85766,mixed_or_uncertain,tree_cover,0.415389527458493,0.584610472541507,0.0,,not_eligible,No supported PHOENIX emissions classification.
34e2268f-2d27-5816-a8f7-d0c51e6c03ec,2025-03-28 09:09:00+00:00,21.83523,72.67057,mixed_or_uncertain,cropland,0.564176245210728,0.420178799489144,0.0,,not_eligible,No supported PHOENIX emissions classification.
cb80e4d9-213e-58d7-bda9-6614b4a580fd,2025-03-28 09:09:00+00:00,21.7467566666667,72.60223,industrial,cropland,0.679438058748404,0.269476372924649,0.0,,not_eligible,No supported PHOENIX emissions classification.
5372a25c-0490-5180-aa62-4c4295f07b12,2025-03-28 20:20:00+00:00,21.3982,72.89376,mixed_or_uncertain,cropland,0.887931034482759,0.0795019157088123,0.0319284802043423,,not_eligible,No supported PHOENIX emissions classification.
c2afaa63-a311-5f57-a54c-c964c063ff60,2025-03-29 07:32:00+00:00,21.97996,72.5507025,mixed_or_uncertain,grassland,0.342911877394636,0.590996168582375,0.0,,not_eligible,No supported PHOENIX emissions classification.
56b1eae7-11fd-553e-8f86-16fc8fb59f26,2025-03-29 07:32:00+00:00,21.42081,72.70478,mixed_or_uncertain,cropland,0.715836526181354,0.284163473818646,0.0,,not_eligible,No supported PHOENIX emissions classification.
20c77d77-6c23-53e2-9697-b9a8d72fc54a,2025-03-29 08:50:00+00:00,21.5121,72.80905,mixed_or_uncertain,cropland,0.779693486590038,0.203065134099617,0.0,,not_eligible,No supported PHOENIX emissions classification.
b6311a57-bd0b-5f72-8a00-eca8a5f03bdd,2025-03-29 08:50:00+00:00,21.43138,72.91645,mixed_or_uncertain,tree_cover,0.21455938697318,0.76021711366539,0.0,,not_eligible,No supported PHOENIX emissions classification.
c425074b-f5bb-56f9-9970-a66a2b6ff438,2025-03-29 08:50:00+00:00,21.64025,72.92324,mixed_or_uncertain,cropland,0.810025542784163,0.189974457215837,0.0,,not_eligible,No supported PHOENIX emissions classification.
b5a93577-9853-557a-b618-ebaa5f04b790,2025-03-29 20:01:00+00:00,21.9711325,72.5706325,mixed_or_uncertain,cropland,0.745210727969349,0.220306513409962,0.0,,not_eligible,No supported PHOENIX emissions classification.
1196afb5-e6ab-5573-a4f5-43d76c992e61,2025-03-30 08:31:00+00:00,21.49249,72.734265,mixed_or_uncertain,grassland,0.131864623243934,0.633141762452107,0.0,,not_eligible,No supported PHOENIX emissions classification.
bacc9230-e5b0-514e-8511-dd25f06a2f2d,2025-03-30 08:31:00+00:00,21.4287733333333,72.70545,mixed_or_uncertain,cropland,0.933588761174968,0.022669220945083,0.0,,not_eligible,No supported PHOENIX emissions classification.
c1062790-6277-59ad-861d-3e4dc545abf7,2025-03-30 08:31:00+00:00,21.68946,72.89129,mixed_or_uncertain,cropland,0.939974457215837,0.0600255427841635,0.0,,not_eligible,No supported PHOENIX emissions classification.
53b89284-c12b-5cc7-931a-c9600d0ea361,2025-03-30 08:31:00+00:00,21.63516,72.85954,mixed_or_uncertain,cropland,0.977330779054917,0.022669220945083,0.0,,not_eligible,No supported PHOENIX emissions classification.
6861c987-461c-5d7a-bbc1-a406f33f6d49,2025-03-30 08:31:00+00:00,21.38595,72.79726,mixed_or_uncertain,cropland,0.798212005108557,0.188058748403576,0.0137292464878672,,not_eligible,No supported PHOENIX emissions classification.
8d2e3deb-a6be-56cc-a57c-35cbf485ff6a,2025-03-30 08:31:00+00:00,21.91578,72.54782,mixed_or_uncertain,grassland,0.283205619412516,0.636334610472541,0.0229885057471264,,not_eligible,No supported PHOENIX emissions classification.
cf0f99ac-e32c-5b00-9781-832a8ca1b4d9,2025-03-30 08:31:00+00:00,21.41606,72.67373,mixed_or_uncertain,cropland,0.580459770114943,0.242975734355045,0.00893997445721584,,not_eligible,No supported PHOENIX emissions classification.
40d112bc-c994-5b70-8099-00aadec8f743,2025-03-30 08:54:00+00:00,22.02079,72.71599,mixed_or_uncertain,grassland,0.311302681992337,0.670178799489144,0.0,,not_eligible,No supported PHOENIX emissions classification.
9ffecb8c-835e-57ec-904e-f84b67a0d2ae,2025-03-30 08:54:00+00:00,21.71288,72.67183,mixed_or_uncertain,cropland,0.847381864623244,0.09514687100894,0.0469348659003831,,not_eligible,No supported PHOENIX emissions classification.
feaf98e8-fa5b-5965-b57f-f76382607d63,2025-03-30 21:00:00+00:00,21.82458,72.9826,mixed_or_uncertain,cropland,0.983077905491699,0.0114942528735632,0.00542784163473819,,not_eligible,No supported PHOENIX emissions classification.
546512c0-b7d3-52d9-b9fe-38cf2a612ca6,2025-03-30 21:23:00+00:00,21.45933,72.941,mixed_or_uncertain,built_up,0.200830140485313,0.457215836526181,0.324393358876117,,not_eligible,No supported PHOENIX emissions classification.
ef08275e-0ef2-5fa8-8782-6e9184b360f2,2025-03-31 08:12:00+00:00,21.75452,72.61244,mixed_or_uncertain,cropland,0.951149425287356,0.0383141762452107,0.00862068965517241,,not_eligible,No supported PHOENIX emissions classification.
5113f9e1-7a9b-5c14-af40-9ac11af93f07,2025-04-01 08:16:00+00:00,21.80087,72.81139,mixed_or_uncertain,cropland,0.565453384418902,0.361430395913155,0.0,,not_eligible,No supported PHOENIX emissions classification.
d02db2b5-afb0-54fb-8110-1e35898e2af9,2025-04-01 08:16:00+00:00,21.727,72.75287,mixed_or_uncertain,cropland,0.608556832694764,0.0533205619412516,0.334610472541507,,not_eligible,No supported PHOENIX emissions classification.
8bd9658a-c516-5eb5-9d90-c193cae6327e,2025-04-01 20:22:00+00:00,21.41228,72.79766,mixed_or_uncertain,cropland,0.577266922094508,0.420498084291188,0.00223499361430396,,not_eligible,No supported PHOENIX emissions classification.
d8f97748-8152-563e-a5e8-26c8f197880d,2025-04-01 20:22:00+00:00,22.01951,72.7504966666667,mixed_or_uncertain,cropland,0.53544061302682,0.31992337164751,0.112388250319285,,not_eligible,No supported PHOENIX emissions classification.
dec8323b-1778-5e64-888f-247217f81f4e,2025-04-01 20:22:00+00:00,21.794,72.64841,mixed_or_uncertain,cropland,0.675606641123882,0.212962962962963,0.0367177522349936,,not_eligible,No supported PHOENIX emissions classification.
5b9fd800-ed43-55ed-9cc9-1b103c6ac6e9,2025-04-02 07:35:00+00:00,22.0925,72.71157,mixed_or_uncertain,cropland,0.841634738186462,0.158365261813538,0.0,,not_eligible,No supported PHOENIX emissions classification.
7c267d70-a3bc-5f36-bb68-3e48ee28604a,2025-04-02 07:57:00+00:00,21.43139,72.71915,mixed_or_uncertain,cropland,0.812579821200511,0.187420178799489,0.0,,not_eligible,No supported PHOENIX emissions classification.
7211709a-ce37-5229-bfc5-6fadd4e5b8ad,2025-04-02 07:57:00+00:00,22.00326,72.553952,industrial,cropland,0.454661558109834,0.518518518518518,0.0,,not_eligible,No supported PHOENIX emissions classification.
031cbe57-1e3e-53c5-ab9c-ad358f940385,2025-04-02 09:15:00+00:00,21.95593,72.58136,mixed_or_uncertain,grassland,0.127713920817369,0.863346104725415,0.0,,not_eligible,No supported PHOENIX emissions classification.
4a452d39-ec9a-5a30-a60d-aa559f4e9b67,2025-04-02 21:44:00+00:00,21.4152,72.95425,mixed_or_uncertain,cropland,0.920498084291188,0.0795019157088123,0.0,,not_eligible,No supported PHOENIX emissions classification.
38327fbc-48c5-5b2c-8768-ca10ac869dbe,2025-04-03 07:39:00+00:00,22.01186,72.63591,mixed_or_uncertain,cropland,0.33397190293742,0.328224776500639,0.0,,not_eligible,No supported PHOENIX emissions classification.
29526859-27a4-5d04-98ec-7cdfc0c3da69,2025-04-03 07:39:00+00:00,21.80528,72.7089,mixed_or_uncertain,cropland,0.907088122605364,0.092911877394636,0.0,,not_eligible,No supported PHOENIX emissions classification.
f0686ef4-338e-5339-b467-08f1a9d95ae7,2025-04-03 07:39:00+00:00,21.78947,72.61864,mixed_or_uncertain,cropland,0.890804597701149,0.109195402298851,0.0,,not_eligible,No supported PHOENIX emissions classification.
15dc61fd-c3dc-53e2-b6c7-f606327006be,2025-04-03 08:57:00+00:00,21.90675,72.75769,mixed_or_uncertain,cropland,0.753192848020434,0.158684546615581,0.0881226053639847,,not_eligible,No supported PHOENIX emissions classification.
d03f875a-886b-5f0c-bb27-7a3d6166be8b,2025-04-03 08:57:00+00:00,21.67093,72.88826,mixed_or_uncertain,tree_cover,0.0552362707535121,0.944763729246488,0.0,,not_eligible,No supported PHOENIX emissions classification.
b68652e7-b50e-5519-a810-883d9ac6a7ce,2025-04-03 20:07:00+00:00,21.4415,72.98978,mixed_or_uncertain,cropland,0.788314176245211,0.211685823754789,0.0,,not_eligible,No supported PHOENIX emissions classification.
4db74c10-b188-5e27-82fb-b2658414dae4,2025-04-04 07:20:00+00:00,21.529025,72.80384,mixed_or_uncertain,cropland,0.949553001277139,0.0504469987228608,0.0,,not_eligible,No supported PHOENIX emissions classification.
17ea4f98-c5bf-5adf-a00e-51f9e70baa8e,2025-04-04 08:38:00+00:00,21.92399,72.74643,mixed_or_uncertain,cropland,0.502873563218391,0.495530012771392,0.0,,not_eligible,No supported PHOENIX emissions classification.
748c5f48-1caa-5beb-aac5-e95b9ccdb2f8,2025-04-04 08:38:00+00:00,21.55469,72.91288,mixed_or_uncertain,cropland,0.876756066411239,0.0916347381864623,0.0,,not_eligible,No supported PHOENIX emissions classification.
ac0943f9-cb12-5609-a7c5-eae83782bbbe,2025-04-04 08:38:00+00:00,21.81278,72.71407,mixed_or_uncertain,cropland,0.965836526181354,0.0338441890166028,0.0,,not_eligible,No supported PHOENIX emissions classification.
e21f7a57-4859-5188-b8f4-718bb7ea09b6,2025-04-04 09:00:00+00:00,22.0759675,72.7102175,mixed_or_uncertain,cropland,0.632822477650064,0.367177522349936,0.0,,not_eligible,No supported PHOENIX emissions classification.
e3aa7757-643e-57a6-876f-33d2647f42e1,2025-04-04 09:00:00+00:00,21.5083,72.92968,mixed_or_uncertain,cropland,0.916666666666667,0.0833333333333333,0.0,,not_eligible,No supported PHOENIX emissions classification.
b2a425c3-83d1-53f8-a39f-d0b2cea9c664,2025-04-04 19:48:00+00:00,21.59305,72.9992,mixed_or_uncertain,built_up,0.219667943805875,0.169220945083014,0.448914431673052,,not_eligible,No supported PHOENIX emissions classification.
f0d2fbdc-3220-5b7d-b6fb-9b3040ff1430,2025-04-04 21:07:00+00:00,21.433085,72.97785,mixed_or_uncertain,cropland,0.571519795657727,0.42816091954023,0.0,,not_eligible,No supported PHOENIX emissions classification.
b54e9987-5239-55f9-a653-6881531e7738,2025-04-05 08:19:00+00:00,21.628075,72.809195,mixed_or_uncertain,tree_cover,0.0967432950191571,0.900702426564496,0.0,,not_eligible,No supported PHOENIX emissions classification.
29b5c35c-7b31-5586-879d-84e98ce55f5d,2025-04-05 08:41:00+00:00,22.074885,72.642675,mixed_or_uncertain,cropland,0.836526181353768,0.162835249042146,0.0,,not_eligible,No supported PHOENIX emissions classification.
6b75a2b5-f3f1-51ce-bb10-1444c24eb490,2025-04-05 20:48:00+00:00,21.40435,72.96975,mixed_or_uncertain,tree_cover,0.145274584929757,0.765006385696041,0.0,,not_eligible,No supported PHOENIX emissions classification.
774aa9a9-e9fe-535c-a4a0-7ae78967661c,2025-04-06 20:29:00+00:00,21.79615,72.64663,mixed_or_uncertain,cropland,0.687739463601533,0.149744572158365,0.138250319284802,,not_eligible,No supported PHOENIX emissions classification.
a0401e00-0a42-558c-ad81-7111627f7b95,2025-04-06 20:51:00+00:00,21.4337,72.97716,mixed_or_uncertain,cropland,0.564814814814815,0.434865900383142,0.0,,not_eligible,No supported PHOENIX emissions classification.
77dd5ec1-12da-504c-9f74-26f5d17c9828,2025-04-07 07:41:00+00:00,21.40936,72.83744,mixed_or_uncertain,cropland,0.734674329501916,0.265325670498084,0.0,,not_eligible,No supported PHOENIX emissions classification.
cd912818-7fb1-542c-93e3-e0d710042726,2025-04-07 07:41:00+00:00,22.005095,72.95393,mixed_or_uncertain,cropland,0.9514687100894,0.0485312899106003,0.0,,not_eligible,No supported PHOENIX emissions classification.
d5731360-a27f-57d3-a251-1dc5e711cdc5,2025-04-07 07:41:00+00:00,21.6286575,72.80666375,industrial,tree_cover,0.0121328224776501,0.98786717752235,0.0,,not_eligible,No supported PHOENIX emissions classification.
df814c32-9a3f-5a07-941e-b81602f64146,2025-04-07 07:41:00+00:00,22.060514,72.669866,industrial,cropland,0.951149425287356,0.0488505747126437,0.0,,not_eligible,No supported PHOENIX emissions classification.
e04787f4-6950-5dfa-9762-b04705861ed2,2025-04-07 07:41:00+00:00,21.35402,72.78733,mixed_or_uncertain,cropland,0.838761174968072,0.161238825031928,0.0,,not_eligible,No supported PHOENIX emissions classification.
eb14e016-b8f2-5377-8f0e-54805c6dc8a9,2025-04-07 07:41:00+00:00,21.43174,72.99384,mixed_or_uncertain,cropland,0.908045977011494,0.0842911877394636,0.0,,not_eligible,No supported PHOENIX emissions classification.
5fb0ccac-19ff-5dcc-ae32-c5543794ef16,2025-04-08 07:23:00+00:00,21.810365,72.78434,mixed_or_uncertain,cropland,0.84418901660281,0.105683269476373,0.0501277139208174,,not_eligible,No supported PHOENIX emissions classification.
12c29d37-e63b-53ed-b8b3-92401888a7a1,2025-04-08 07:45:00+00:00,21.78247,72.6442733333333,mixed_or_uncertain,cropland,0.796934865900383,0.19029374201788,0.0121328224776501,,not_eligible,No supported PHOENIX emissions classification.
b455a496-b69e-5f88-8e8c-c7d8e0d0d57c,2025-04-08 20:14:00+00:00,21.396105,72.952405,mixed_or_uncertain,cropland,0.700830140485313,0.270114942528736,0.010536398467433,,not_eligible,No supported PHOENIX emissions classification.
01332fb2-9a6e-569f-a3f2-b4d79b3ec291,2025-04-09 07:26:00+00:00,21.520535,72.83869,mixed_or_uncertain,cropland,0.598978288633461,0.387292464878672,0.0,,not_eligible,No supported PHOENIX emissions classification.
152631ff-f8ee-5c5c-9093-53d4980fda33,2025-04-09 08:44:00+00:00,21.42753,72.78655,mixed_or_uncertain,cropland,0.659642401021711,0.331736909323116,0.0,,not_eligible,No supported PHOENIX emissions classification.
572c8f98-2c00-5ba4-b032-22cd77488089,2025-04-09 08:44:00+00:00,21.71683,72.66642,mixed_or_uncertain,tree_cover,0.183269476372925,0.649425287356322,0.142081736909323,,not_eligible,No supported PHOENIX emissions classification.
993bd4e2-a08b-522b-9cb4-a1fc6b041a27,2025-04-09 08:44:00+00:00,21.44864,72.962,mixed_or_uncertain,cropland,0.795657726692209,0.204342273307791,0.0,,not_eligible,No supported PHOENIX emissions classification.
d33ee032-d4c2-599e-b3e1-bcb38e49c899,2025-04-09 08:44:00+00:00,21.60879,72.83623,mixed_or_uncertain,cropland,0.865261813537676,0.134738186462324,0.0,,not_eligible,No supported PHOENIX emissions classification.
e5461349-33d5-54d0-877d-2d3815a6dae1,2025-04-09 08:44:00+00:00,21.99673,72.60609,mixed_or_uncertain,grassland,0.321519795657727,0.532247765006386,0.0,,not_eligible,No supported PHOENIX emissions classification.
19133556-dc5c-5e6c-af12-77b1279506bc,2025-04-09 09:07:00+00:00,21.77006,72.64773,mixed_or_uncertain,grassland,0.469029374201788,0.521711366538953,0.0028735632183908,,not_eligible,No supported PHOENIX emissions classification.
d470f1c5-d576-59b9-a184-5bc4c7c928ec,2025-04-09 09:07:00+00:00,21.55201,72.78464,mixed_or_uncertain,cropland,0.802681992337165,0.197318007662835,0.0,,not_eligible,No supported PHOENIX emissions classification.
14c00951-5dc0-56f3-b48e-a45563d8ef00,2025-04-09 19:55:00+00:00,21.98263,72.69292,mixed_or_uncertain,cropland,0.478288633461047,0.440613026819923,0.0,,not_eligible,No supported PHOENIX emissions classification.
9feb2d0b-4176-5077-84fa-335fab623e1e,2025-04-10 08:25:00+00:00,21.52108,72.7075,mixed_or_uncertain,cropland,0.676883780332056,0.323116219667944,0.0,,not_eligible,No supported PHOENIX emissions classification.
48c22d0c-373a-5ebd-bb27-7cb83277b497,2025-04-10 08:25:00+00:00,22.0790666666667,72.54572,mixed_or_uncertain,cropland,0.415389527458493,0.578224776500639,0.0,,not_eligible,No supported PHOENIX emissions classification.
b5ca23cf-b410-51f9-aee7-7cd8198bf85c,2025-04-10 08:25:00+00:00,21.42967,72.99187,mixed_or_uncertain,cropland,0.720306513409962,0.238505747126437,0.0,,not_eligible,No supported PHOENIX emissions classification.
8d289f10-3d0d-5bf1-9d5c-76da79d7badb,2025-04-10 20:54:00+00:00,22.079555,72.5616225,mixed_or_uncertain,cropland,0.745849297573436,0.251277139208174,0.0,,not_eligible,No supported PHOENIX emissions classification.
c45655b5-a89c-50c5-8bae-8a0c9e7c84f3,2025-04-10 20:54:00+00:00,22.0769333333333,72.5542633333333,mixed_or_uncertain,cropland,0.615261813537676,0.383461047254151,0.0,,not_eligible,No supported PHOENIX emissions classification.
56171720-59e1-50c9-92ed-d8dfe9abe48f,2025-04-11 08:29:00+00:00,21.62886,72.80687,mixed_or_uncertain,tree_cover,0.016602809706258,0.983397190293742,0.0,,not_eligible,No supported PHOENIX emissions classification.
2bbe8dd6-4e1b-500b-a3f2-8a5cfebeef19,2025-04-11 08:29:00+00:00,21.76444,72.842545,mixed_or_uncertain,cropland,0.985312899106003,0.00223499361430396,0.0,,not_eligible,No supported PHOENIX emissions classification.
6e3ee6ef-b9e4-5d90-8707-a094da193d47,2025-04-11 08:29:00+00:00,21.79221,72.64809,mixed_or_uncertain,cropland,0.645274584929757,0.291826309067688,0.0,,not_eligible,No supported PHOENIX emissions classification.
2be69995-ebf1-5884-9bfd-cb2794f54f1e,2025-04-12 08:10:00+00:00,22.02493,72.54798,mixed_or_uncertain,cropland,0.659642401021711,0.257343550446999,0.0,,not_eligible,No supported PHOENIX emissions classification.
3c3e2e6c-670c-5391-a196-111be1cb602d,2025-04-12 08:10:00+00:00,21.92568,72.93181,mixed_or_uncertain,cropland,0.709770114942529,0.290229885057471,0.0,,not_eligible,No supported PHOENIX emissions classification.
ac745ece-c5b2-518d-b3c9-0d59bbf0408b,2025-04-12 08:10:00+00:00,21.70387,72.58351,mixed_or_uncertain,cropland,0.511494252873563,0.217432950191571,0.20338441890166,,not_eligible,No supported PHOENIX emissions classification.
97d62893-a929-5f84-ad6b-2fec66e4b3c8,2025-04-12 20:17:00+00:00,21.39527625,72.9535525,industrial,cropland,0.721902937420179,0.263409961685824,0.0102171136653895,,not_eligible,No supported PHOENIX emissions classification.
ec06e9c3-58ba-5152-9abd-8d5e697987ae,2025-04-13 07:51:00+00:00,21.95552,72.5938066666667,mixed_or_uncertain,cropland,0.497765006385696,0.467752234993614,0.0,,not_eligible,No supported PHOENIX emissions classification.
6fe9dc68-c69d-5077-9c6f-3a6435a34d27,2025-04-13 09:09:00+00:00,21.68538,72.91689,mixed_or_uncertain,cropland,0.73690932311622,0.150063856960409,0.0,,not_eligible,No supported PHOENIX emissions classification.
b804500b-2372-57b7-9509-9a30d650008d,2025-04-13 09:09:00+00:00,21.719335,72.728565,mixed_or_uncertain,cropland,0.784802043422733,0.199872286079183,0.0153256704980843,,not_eligible,No supported PHOENIX emissions classification.
35033cb3-04ce-5efb-b7e0-23367ad446b9,2025-04-13 19:58:00+00:00,21.432675,72.97518,mixed_or_uncertain,tree_cover,0.469029374201788,0.530651340996169,0.0,,not_eligible,No supported PHOENIX emissions classification.
c17ebb48-40f1-5ef6-b8ab-d2065af8a19a,2025-04-14 07:32:00+00:00,21.38888,72.67017,mixed_or_uncertain,cropland,0.558429118773946,0.287037037037037,0.0,,not_eligible,No supported PHOENIX emissions classification.
ca17cfd4-148f-590d-b8b2-32d74760a661,2025-04-14 07:33:00+00:00,21.95984,72.86039,mixed_or_uncertain,cropland,0.900702426564496,0.0992975734355045,0.0,,not_eligible,No supported PHOENIX emissions classification.
db75e77c-114b-57ef-88d6-396f0badc69a,2025-04-14 08:51:00+00:00,21.74686,72.57544,mixed_or_uncertain,cropland,0.455300127713921,0.147190293742018,0.0,,not_eligible,No supported PHOENIX emissions classification.
12b177ab-55f0-517a-b19a-3aec343eb53c,2025-04-14 09:13:00+00:00,21.84934,72.68255,mixed_or_uncertain,cropland,0.811621966794381,0.174329501915709,0.0,,not_eligible,No supported PHOENIX emissions classification.
5dff518e-0328-5491-a38d-ea73d54e73f8,2025-04-15 08:32:00+00:00,22.018075,72.739615,mixed_or_uncertain,cropland,0.849936143039591,0.136973180076628,0.0127713920817369,,not_eligible,No supported PHOENIX emissions classification.
2f3711dc-8362-5bc0-872f-f19471d2c2c8,2025-04-15 08:54:00+00:00,21.96091,72.91409,mixed_or_uncertain,cropland,0.985312899106003,0.0146871008939974,0.0,,not_eligible,No supported PHOENIX emissions classification.
f5949387-0b7d-5bd7-9998-03f354666fbd,2025-04-15 08:54:00+00:00,22.08846,72.79504,mixed_or_uncertain,cropland,0.627075351213282,0.349616858237548,0.0233077905491699,,not_eligible,No supported PHOENIX emissions classification.
ee71a0e6-3544-59dc-8dd7-5c55baea7302,2025-04-16 08:13:00+00:00,22.01472,72.64346,mixed_or_uncertain,grassland,0.282886334610473,0.636653895274585,0.0,,not_eligible,No supported PHOENIX emissions classification.
e95bf374-a6d9-542a-b1a5-380a956f62e6,2025-04-16 08:35:00+00:00,21.43358,72.88799,mixed_or_uncertain,cropland,0.954342273307791,0.0456577266922095,0.0,,not_eligible,No supported PHOENIX emissions classification.
2d80b4be-78c8-5202-a32c-8df83263f587,2025-04-16 08:35:00+00:00,21.77409,72.75176,mixed_or_uncertain,cropland,0.979246487867177,0.0207535121328225,0.0,,not_eligible,No supported PHOENIX emissions classification.
69551e1f-3264-5b59-ad61-5fadff81d5c6,2025-04-16 08:35:00+00:00,21.82535,72.66859,mixed_or_uncertain,cropland,0.743614303959132,0.256385696040868,0.0,,not_eligible,No supported PHOENIX emissions classification.
1e0a08c1-1957-5cb1-bc60-86faf17d7156,2025-04-16 20:42:00+00:00,21.41117,72.98849,mixed_or_uncertain,tree_cover,0.356002554278416,0.643997445721584,0.0,,not_eligible,No supported PHOENIX emissions classification.
df66eb86-a4c0-5b2f-8327-f32da314dd22,2025-04-16 20:42:00+00:00,21.395358,72.953946,industrial,cropland,0.704022988505747,0.284802043422733,0.00223499361430396,,not_eligible,No supported PHOENIX emissions classification.
31073fa9-8ba7-5f3e-85b9-224f69757136,2025-04-17 07:54:00+00:00,21.82731,72.6526125,industrial,grassland,0.44029374201788,0.545019157088123,0.0121328224776501,,not_eligible,No supported PHOENIX emissions classification.
48816931-41f6-5769-bdc2-297a97d43b89,2025-04-17 07:54:00+00:00,21.8299225,72.64091,mixed_or_uncertain,cropland,0.514367816091954,0.46455938697318,0.0,,not_eligible,No supported PHOENIX emissions classification.
20e5809d-1c7a-547f-b324-83808be547df,2025-04-17 07:54:00+00:00,21.6180733333333,72.8329666666667,mixed_or_uncertain,grassland,0.182630906768838,0.817369093231162,0.0,,not_eligible,No supported PHOENIX emissions classification.
a3dcbcd4-f710-58fa-ab41-4738fb8e2348,2025-04-17 07:54:00+00:00,22.03827,72.85023,mixed_or_uncertain,cropland,0.695402298850575,0.304597701149425,0.0,,not_eligible,No supported PHOENIX emissions classification.
88b73801-df30-5497-80a3-f979cc7626c7,2025-04-17 08:16:00+00:00,21.4154,72.67229,mixed_or_uncertain,cropland,0.712324393358876,0.131226053639847,0.0,,not_eligible,No supported PHOENIX emissions classification.
6360f776-447e-5500-84b3-24ddd9e84f29,2025-04-18 07:35:00+00:00,21.74248,72.84526,mixed_or_uncertain,cropland,0.996168582375479,0.00383141762452107,0.0,,not_eligible,No supported PHOENIX emissions classification.
ec7c6ff5-f626-5f2c-a30c-65f04a5c9438,2025-04-18 07:36:00+00:00,21.86114,72.81048,mixed_or_uncertain,cropland,0.940932311621967,0.0338441890166028,0.0252234993614304,,not_eligible,No supported PHOENIX emissions classification.
44b37d46-c8bf-51d1-8e2c-a0dc4df98b19,2025-04-18 07:58:00+00:00,21.42276,72.7905933333333,industrial,cropland,0.506385696040868,0.341315453384419,0.0,,not_eligible,No supported PHOENIX emissions classification.
46dbf138-f892-59c5-bc5f-c9e2f5d4f0e9,2025-04-18 20:27:00+00:00,21.43411,72.97685,mixed_or_uncertain,cropland,0.550127713920817,0.436462324393359,0.0,,not_eligible,No supported PHOENIX emissions classification.
4f7757d7-3321-5b64-b33e-a7471eaa44e7,2025-04-18 21:44:00+00:00,21.90532,72.75814,mixed_or_uncertain,cropland,0.588761174968072,0.349936143039591,0.0613026819923372,,not_eligible,No supported PHOENIX emissions classification.
50788ead-d4bc-5d5e-ad55-f1cdfc987920,2025-04-19 07:39:00+00:00,21.8209366666667,72.63071,mixed_or_uncertain,cropland,0.789272030651341,0.208812260536398,0.0,,not_eligible,No supported PHOENIX emissions classification.
56a9a97e-5ed2-5d63-a9eb-9113da8dbeb1,2025-04-20 08:38:00+00:00,21.924835,72.543105,mixed_or_uncertain,cropland,0.766602809706258,0.229885057471264,0.0,,not_eligible,No supported PHOENIX emissions classification.
468eae4b-6493-5dc0-aa27-b203db7242fd,2025-04-21 08:19:00+00:00,22.03603,72.592815,mixed_or_uncertain,cropland,0.56992337164751,0.426245210727969,0.0,,not_eligible,No supported PHOENIX emissions classification.
7c4daf72-c319-5ecd-81dd-9bd55ce2eaca,2025-04-21 08:19:00+00:00,22.064385,72.60827,mixed_or_uncertain,grassland,0.199553001277139,0.793103448275862,0.0,,not_eligible,No supported PHOENIX emissions classification.
3bf79ce0-9861-565a-9ccc-67b6cbf7005f,2025-04-21 20:48:00+00:00,21.7033785714286,72.5335078571429,industrial,tree_cover,0.000638569604086846,0.873243933588761,0.0587484035759898,,not_eligible,No supported PHOENIX emissions classification.
a2d8695b-2c90-56a4-aa32-2e8849377367,2025-04-21 20:48:00+00:00,21.90689,72.75566,mixed_or_uncertain,cropland,0.824074074074074,0.162515964240102,0.0134099616858238,,not_eligible,No supported PHOENIX emissions classification.
93944394-3da9-5c86-b626-2148ef92441d,2025-04-21 20:48:00+00:00,21.8365266666667,72.7000266666667,mixed_or_uncertain,cropland,0.910600255427842,0.0893997445721584,0.0,,not_eligible,No supported PHOENIX emissions classification.
e8533d11-aba5-5102-8036-afbe496ce3fd,2025-04-21 20:48:00+00:00,21.79498,72.64668,mixed_or_uncertain,cropland,0.73882503192848,0.143039591315453,0.0922733077905492,,not_eligible,No supported PHOENIX emissions classification.
ed6e8385-245c-5a3d-aaa1-2e9c7cd43533,2025-04-22 08:01:00+00:00,22.03233125,72.58402875,industrial,grassland,0.408045977011494,0.591954022988506,0.0,,not_eligible,No supported PHOENIX emissions classification.
2a67c2e8-e819-5fba-b75f-ba0734e20694,2025-04-22 20:29:00+00:00,21.396205,72.95505,mixed_or_uncertain,cropland,0.66507024265645,0.310983397190294,0.0,,not_eligible,No supported PHOENIX emissions classification.
a0529389-1678-5a18-acf5-8d0ce8784bd9,2025-04-22 20:52:00+00:00,21.41125,72.98888,mixed_or_uncertain,tree_cover,0.33397190293742,0.66602809706258,0.0,,not_eligible,No supported PHOENIX emissions classification.
18cd95e5-54bc-596f-9205-011936e3151d,2025-04-23 07:42:00+00:00,21.71129,72.76124,mixed_or_uncertain,tree_cover,0.358876117496807,0.578544061302682,0.0,,not_eligible,No supported PHOENIX emissions classification.
5be1df6b-12f2-56be-91c0-e5d6e741e398,2025-04-23 07:42:00+00:00,21.81268,72.62785,mixed_or_uncertain,cropland,0.814176245210728,0.185504469987229,0.0,,not_eligible,No supported PHOENIX emissions classification.
832829d9-b32f-5119-90b9-79576b58f73c,2025-04-23 07:42:00+00:00,21.42526,72.824725,mixed_or_uncertain,cropland,0.575670498084291,0.359195402298851,0.0169220945083014,,not_eligible,No supported PHOENIX emissions classification.
8f78261b-3f18-548c-b535-614d23f3aeb0,2025-04-23 07:42:00+00:00,21.70543,72.67664,mixed_or_uncertain,cropland,0.717113665389527,0.282886334610473,0.0,,not_eligible,No supported PHOENIX emissions classification.
c42bd24e-0bc0-5da8-957b-5fc89091afb0,2025-04-23 07:42:00+00:00,21.7968166666667,72.6469766666667,industrial,cropland,0.627394636015326,0.18933588761175,0.159003831417625,,not_eligible,No supported PHOENIX emissions classification.
c4e36024-9ea4-5dbd-a1e0-69083652ac1f,2025-04-23 07:42:00+00:00,21.9862,72.56547,mixed_or_uncertain,grassland,0.490102171136654,0.49904214559387,0.0,,not_eligible,No supported PHOENIX emissions classification.
36ae7323-5af4-5f58-b765-bc53d7e5d34f,2025-04-23 07:42:00+00:00,21.751335,72.892935,mixed_or_uncertain,cropland,0.991060025542784,0.00893997445721584,0.0,,not_eligible,No supported PHOENIX emissions classification.
87cc5cc5-ac9f-536c-ab7f-40dec5437c72,2025-04-23 07:42:00+00:00,22.038362,72.738938,mixed_or_uncertain,cropland,0.70242656449553,0.29757343550447,0.0,,not_eligible,No supported PHOENIX emissions classification.
ddc9a0e1-8488-5cb2-b0e0-c27f529a4969,2025-04-23 07:42:00+00:00,21.97411,72.56096,mixed_or_uncertain,grassland,0.370689655172414,0.600255427841635,0.0,,not_eligible,No supported PHOENIX emissions classification.
e2a6b152-fe27-5874-8c0a-e2e5e08c99b2,2025-04-23 07:42:00+00:00,21.96491,72.95047,mixed_or_uncertain,cropland,0.766283524904215,0.233397190293742,0.000319284802043423,,not_eligible,No supported PHOENIX emissions classification.
b2ebc6a4-4e20-55e2-a051-0a0639f09141,2025-04-23 08:04:00+00:00,21.43231,72.78129,mixed_or_uncertain,cropland,0.529054916985951,0.299489144316731,0.0,,not_eligible,No supported PHOENIX emissions classification.
4ae15fbd-6102-575f-8404-9d7be971416f,2025-04-23 20:10:00+00:00,22.03938,72.68395,mixed_or_uncertain,grassland,0.305555555555556,0.667305236270754,0.0,,not_eligible,No supported PHOENIX emissions classification.
60a0d53d-669a-50f5-8467-8e50f997cb02,2025-04-23 20:10:00+00:00,22.052345,72.71801,mixed_or_uncertain,cropland,0.998403575989783,0.00159642401021711,0.0,,not_eligible,No supported PHOENIX emissions classification.
54e8a534-d9f7-5bb6-9217-00e50f4ad719,2025-04-23 20:10:00+00:00,22.0505728571429,72.7315828571429,mixed_or_uncertain,cropland,0.855044699872286,0.144955300127714,0.0,,not_eligible,No supported PHOENIX emissions classification.
86b68fc0-345a-511a-af5e-f29d2c62d6e4,2025-04-23 20:33:00+00:00,21.905485,72.75566,mixed_or_uncertain,cropland,0.780012771392082,0.206577266922095,0.0134099616858238,,not_eligible,No supported PHOENIX emissions classification.
3b031cb6-6227-597d-bf05-7fc27ed3a034,2025-04-24 07:23:00+00:00,21.79435,72.59711,mixed_or_uncertain,cropland,0.427522349936143,0.014367816091954,0.0,,not_eligible,No supported PHOENIX emissions classification.
ff9305ea-095d-5364-b323-f8459225ab4a,2025-04-24 07:23:00+00:00,21.650455,72.83182,mixed_or_uncertain,cropland,0.529054916985951,0.470945083014049,0.0,,not_eligible,No supported PHOENIX emissions classification.
a912bdc6-b28e-507c-b3ed-2d17978675a3,2025-04-24 09:03:00+00:00,21.78377,72.703435,mixed_or_uncertain,cropland,0.680395913154534,0.319604086845466,0.0,,not_eligible,No supported PHOENIX emissions classification.
c43f708b-9783-5ceb-84e2-68cc2b923926,2025-04-24 09:03:00+00:00,21.6291,72.80629,mixed_or_uncertain,tree_cover,0.0178799489144317,0.982120051085568,0.0,,not_eligible,No supported PHOENIX emissions classification.
fbc106f8-db9f-5c96-bd2c-85ab0e3a671a,2025-04-24 09:03:00+00:00,21.66922,72.27242,mixed_or_uncertain,cropland,0.735951468710089,0.227969348659004,0.0,,not_eligible,No supported PHOENIX emissions classification.
d2be96b6-9997-5b36-8d2e-d64f6dd54339,2025-04-24 09:04:00+00:00,21.985055,72.796515,mixed_or_uncertain,cropland,0.791826309067688,0.208173690932312,0.0,,not_eligible,No supported PHOENIX emissions classification.
e857119e-2cc8-5668-ac13-80bd51f2bde5,2025-04-24 09:04:00+00:00,21.99628,72.791055,mixed_or_uncertain,cropland,0.719987228607918,0.280012771392082,0.0,,not_eligible,No supported PHOENIX emissions classification.
4f367d0d-9041-53ba-865f-a04e8e8d9589,2025-04-25 07:27:00+00:00,22.08062,72.61089,mixed_or_uncertain,cropland,0.748084291187739,0.251915708812261,0.0,,not_eligible,No supported PHOENIX emissions classification.
4fe85ccb-5493-588a-9442-86a514dd4ec5,2025-04-25 07:27:00+00:00,21.96372,72.797075,mixed_or_uncertain,cropland,0.838441890166028,0.151660280970626,0.0,,not_eligible,No supported PHOENIX emissions classification.
b2a87460-17cc-557b-976a-47cc683e5894,2025-04-25 08:45:00+00:00,21.42991,72.82914,mixed_or_uncertain,cropland,0.478607918263091,0.434865900383142,0.053639846743295,,not_eligible,No supported PHOENIX emissions classification.
7fa4ab2f-7a29-533c-847f-a0a47c333fbd,2025-04-25 08:45:00+00:00,21.73323,72.71809,mixed_or_uncertain,cropland,0.694763729246488,0.188378033205619,0.0657726692209451,,not_eligible,No supported PHOENIX emissions classification.
ba5cdd03-bbca-5ea1-8002-f4316bcc031c,2025-04-25 08:45:00+00:00,22.02471,72.68637,mixed_or_uncertain,grassland,0.359514687100894,0.636973180076628,0.0,,not_eligible,No supported PHOENIX emissions classification.
30bdc165-b08e-59b8-9ceb-6b12a3db7156,2025-04-25 19:55:00+00:00,21.397755,72.953025,mixed_or_uncertain,cropland,0.649106002554278,0.32183908045977,0.0284163473818646,,not_eligible,No supported PHOENIX emissions classification.
fb916f33-1ac2-56c5-9b29-d5b9888e4054,2025-04-25 19:55:00+00:00,22.05493,72.69163,mixed_or_uncertain,cropland,0.778735632183908,0.21264367816092,0.00862068965517241,,not_eligible,No supported PHOENIX emissions classification.
3f5dc92c-6eb2-5e04-8ca2-705e0e0eb7cc,2025-04-25 21:13:00+00:00,21.794525,72.649255,mixed_or_uncertain,cropland,0.681353767560664,0.218710089399745,0.0613026819923372,,not_eligible,No supported PHOENIX emissions classification.
21b4565f-652a-5395-ad81-49496cfb9c84,2025-04-26 08:26:00+00:00,21.41586,72.97776,mixed_or_uncertain,cropland,0.72765006385696,0.263729246487867,0.00510855683269476,,not_eligible,No supported PHOENIX emissions classification.
8200c900-ca20-522b-b1e9-52cd2ec1f411,2025-04-26 08:26:00+00:00,22.07159,72.62298,mixed_or_uncertain,grassland,0.308109833971903,0.463920817369093,0.22669220945083,,not_eligible,No supported PHOENIX emissions classification.
bcb79781-6e92-5257-905b-76340a9f9d5d,2025-04-26 08:48:00+00:00,21.40375,72.66509,mixed_or_uncertain,cropland,0.577586206896552,0.411558109833972,0.0,,not_eligible,No supported PHOENIX emissions classification.
b0c68092-0147-5e28-a6b6-934dfba0e7e8,2025-04-26 20:55:00+00:00,21.68632,72.5619,mixed_or_uncertain,tree_cover,0.202745849297573,0.460727969348659,0.331736909323116,,not_eligible,No supported PHOENIX emissions classification.
0a09c81d-ef39-51ae-a0b9-70cfbb97f70b,2025-04-27 08:07:00+00:00,22.05801,72.61694,mixed_or_uncertain,grassland,0.204980842911877,0.689655172413793,0.0906768837803321,,not_eligible,No supported PHOENIX emissions classification.
b46e44f6-4f1f-5877-a968-7f37297c9f6f,2025-04-27 08:07:00+00:00,21.916925,72.76298,mixed_or_uncertain,cropland,0.765325670498084,0.180715197956577,0.0411877394636015,,not_eligible,No supported PHOENIX emissions classification.
c632469a-c943-52ef-85a2-3cf534c52ac7,2025-04-27 08:29:00+00:00,21.54337,72.94441,mixed_or_uncertain,cropland,0.839080459770115,0.160919540229885,0.0,,not_eligible,No supported PHOENIX emissions classification.
de69a437-3478-53fd-9b89-3042b23c8035,2025-04-27 08:29:00+00:00,21.9993,72.79566,mixed_or_uncertain,cropland,0.905491698595147,0.0945083014048531,0.0,,not_eligible,No supported PHOENIX emissions classification.
cbd8b60b-0970-5aec-8bb1-24a2156ae58d,2025-04-27 20:58:00+00:00,21.41013,72.98872,mixed_or_uncertain,tree_cover,0.296296296296296,0.698275862068966,0.0,,not_eligible,No supported PHOENIX emissions classification.
4ce30bdd-a18d-58fb-a3b6-ebf9ed581053,2025-04-28 07:48:00+00:00,21.76246,72.76046,mixed_or_uncertain,cropland,0.946360153256705,0.053639846743295,0.0,,not_eligible,No supported PHOENIX emissions classification.
43e01a03-7da8-5a67-9a76-27361fb6243a,2025-04-28 08:10:00+00:00,21.4485,72.88776,mixed_or_uncertain,cropland,0.676245210727969,0.316411238825032,0.0,,not_eligible,No supported PHOENIX emissions classification.
e0f35e71-8104-5019-b7ad-4e48c0b56cbc,2025-04-28 08:10:00+00:00,21.460775,72.662805,mixed_or_uncertain,cropland,0.674648786717752,0.280012771392082,0.0,,not_eligible,No supported PHOENIX emissions classification.
c4fb9336-870a-558c-8d1b-5ca51dd57202,2025-04-28 20:17:00+00:00,21.7951,72.64728,mixed_or_uncertain,cropland,0.772988505747126,0.0999361430395913,0.102809706257982,,not_eligible,No supported PHOENIX emissions classification.
a2ed530c-6cb3-5e87-96f8-58ccff15f93d,2025-04-29 07:30:00+00:00,21.82837,72.83555,mixed_or_uncertain,cropland,0.972541507024266,0.0239463601532567,0.00351213282247765,,not_eligible,No supported PHOENIX emissions classification.
787edee5-1fcc-5bf4-b302-4728bc989562,2025-04-29 07:30:00+00:00,22.09675,72.69459,mixed_or_uncertain,cropland,0.556513409961686,0.443486590038314,0.0,,not_eligible,No supported PHOENIX emissions classification.
b1274ff9-13cf-5744-8b64-4844347f3ba6,2025-04-29 07:30:00+00:00,21.8991866666667,72.6637833333333,mixed_or_uncertain,cropland,0.590038314176245,0.367177522349936,0.0,,not_eligible,No supported PHOENIX emissions classification.
d0a03665-5e79-5e50-9138-4b32d3af90c4,2025-04-29 09:10:00+00:00,22.087905,72.643665,mixed_or_uncertain,cropland,0.916666666666667,0.0833333333333333,0.0,,not_eligible,No supported PHOENIX emissions classification.
436e1ddd-788b-53cb-8591-7c13ec8516ac,2025-04-29 19:58:00+00:00,21.75804,72.71617,mixed_or_uncertain,cropland,0.776819923371648,0.219987228607918,0.0,,not_eligible,No supported PHOENIX emissions classification.
a049a731-aa73-5dc8-b045-126f8ed64813,2025-04-29 19:58:00+00:00,21.3955133333333,72.9526666666667,mixed_or_uncertain,cropland,0.717752234993614,0.23690932311622,0.0271392081736909,,not_eligible,No supported PHOENIX emissions classification.
a67f9963-495e-5f90-951b-bce7509c704d,2025-04-30 07:33:00+00:00,21.93738,72.56364,mixed_or_uncertain,cropland,0.567369093231162,0.420498084291188,0.0,,not_eligible,No supported PHOENIX emissions classification.
59b83d8b-fd30-5920-a4af-81a2aa208da9,2025-04-30 07:33:00+00:00,22.04087,72.56033,mixed_or_uncertain,cropland,0.592592592592593,0.373882503192848,0.0261813537675607,,not_eligible,No supported PHOENIX emissions classification.
7b3740a7-5f90-5ef9-ade5-80d00e2cb14c,2025-04-30 07:33:00+00:00,21.91645,72.89589,mixed_or_uncertain,cropland,0.802362707535121,0.152618135376756,0.0402298850574713,,not_eligible,No supported PHOENIX emissions classification.
48fb3849-b55e-58ed-b277-7144e357b05a,2025-04-30 08:51:00+00:00,21.78224,72.95911,mixed_or_uncertain,cropland,0.983397190293742,0.00127713920817369,0.0,,not_eligible,No supported PHOENIX emissions classification.
6cbc4525-7324-5f28-a86d-8422de15e678,2025-04-30 08:51:00+00:00,22.0587,72.68967,mixed_or_uncertain,cropland,0.797892720306513,0.202107279693487,0.0,,not_eligible,No supported PHOENIX emissions classification.
594355e1-96ca-503e-9493-d31e6a8858fc,2025-04-30 20:02:00+00:00,21.69372,72.60179,mixed_or_uncertain,cropland,0.89463601532567,0.0609833971902937,0.0296934865900383,,not_eligible,No supported PHOENIX emissions classification.
1e48ca21-08a7-5a38-a575-180cc6831e4b,2025-05-01 08:32:00+00:00,22.00867,72.74583,mixed_or_uncertain,cropland,0.76213282247765,0.23786717752235,0.0,,not_eligible,No supported PHOENIX emissions classification.
1f8aa9a9-80ea-58af-8568-5da455e983bc,2025-05-01 08:32:00+00:00,22.07555,72.57368,mixed_or_uncertain,cropland,0.768518518518518,0.231481481481481,0.0,,not_eligible,No supported PHOENIX emissions classification.
8620368f-8879-5868-9699-f1dc95d7fe76,2025-05-01 08:54:00+00:00,21.42738,72.79109,mixed_or_uncertain,cropland,0.809067688378033,0.188697318007663,0.0,,not_eligible,No supported PHOENIX emissions classification.
98e22870-2dbb-53d6-998f-1a2e3dd6a725,2025-05-01 08:54:00+00:00,21.63973,72.827095,mixed_or_uncertain,tree_cover,0.115900383141762,0.884099616858238,0.0,,not_eligible,No supported PHOENIX emissions classification.
1653b421-ec74-570c-b32b-d1d6a6b89fe8,2025-05-01 08:55:00+00:00,21.81788,72.67302,mixed_or_uncertain,cropland,0.634738186462324,0.364942528735632,0.0,,not_eligible,No supported PHOENIX emissions classification.
1f978976-b656-5b30-8cb5-323d083999af,2025-05-02 08:13:00+00:00,22.0633433333333,72.6513266666667,mixed_or_uncertain,cropland,0.704022988505747,0.295338441890166,0.0,,not_eligible,No supported PHOENIX emissions classification.
26559304-31c0-5b32-9181-a0e350b5ce65,2025-05-02 08:13:00+00:00,22.0733016666667,72.6481016666667,mixed_or_uncertain,cropland,0.769157088122605,0.230842911877395,0.0,,not_eligible,No supported PHOENIX emissions classification.
3b717651-8172-5fa3-a430-5bc34051160b,2025-05-02 08:13:00+00:00,22.012355,72.827825,mixed_or_uncertain,cropland,0.944125159642401,0.055874840357599,0.0,,not_eligible,No supported PHOENIX emissions classification.
66a1400f-7f4d-5018-b2ae-aa2194c62538,2025-05-02 08:13:00+00:00,22.01671,72.61964,mixed_or_uncertain,grassland,0.279054916985951,0.653575989782886,0.0,,not_eligible,No supported PHOENIX emissions classification.
7300f2bc-3cba-5187-ae95-f3c910f6cd80,2025-05-02 08:13:00+00:00,21.6762166666667,72.8849566666667,mixed_or_uncertain,cropland,0.807790549169859,0.19220945083014,0.0,,not_eligible,No supported PHOENIX emissions classification.
c7248e71-2c7b-55e4-a7a0-1925c2d80af1,2025-05-02 08:36:00+00:00,21.45903,72.65686,mixed_or_uncertain,cropland,0.704022988505747,0.295977011494253,0.0,,not_eligible,No supported PHOENIX emissions classification.
0e0ce6a1-6801-5dce-815b-72af96daf1fd,2025-05-02 20:42:00+00:00,21.39629,72.95565,mixed_or_uncertain,cropland,0.706577266922095,0.270753512132823,0.0,,not_eligible,No supported PHOENIX emissions classification.
3f339566-25ee-5241-8d05-a639daac2f3f,2025-05-04 07:36:00+00:00,22.06131,72.624675,mixed_or_uncertain,cropland,0.335568326947637,0.348020434227331,0.315134099616858,,not_eligible,No supported PHOENIX emissions classification.
6f611fc8-b05d-52bf-95d9-b7f52cba9791,2025-05-04 07:58:00+00:00,22.07613,72.56257,mixed_or_uncertain,cropland,0.444763729246488,0.545338441890166,0.0,,not_eligible,No supported PHOENIX emissions classification.
305d5386-91c3-5e12-a278-e678a419a8f7,2025-05-04 07:58:00+00:00,21.43898,72.70757,mixed_or_uncertain,grassland,0.303959131545338,0.696040868454662,0.0,,not_eligible,No supported PHOENIX emissions classification.
f59a6ec6-65ef-534a-87dc-ad695fe63b9b,2025-05-04 07:58:00+00:00,22.01516,72.55791,mixed_or_uncertain,grassland,0.308429118773946,0.670498084291188,0.0,,not_eligible,No supported PHOENIX emissions classification.
ed959c07-c61a-5fe8-a4ec-58d4a5038a65,2025-05-04 09:16:00+00:00,22.07805,72.63354,mixed_or_uncertain,cropland,0.719029374201788,0.251596424010217,0.0290549169859515,,not_eligible,No supported PHOENIX emissions classification.
9b1109eb-453b-52a1-b5b1-ad5889a3fff8,2025-05-04 20:27:00+00:00,21.3964,72.95531,mixed_or_uncertain,cropland,0.679438058748404,0.299808429118774,0.0,,not_eligible,No supported PHOENIX emissions classification.
91cd452f-aee1-564b-9227-9387bed16ade,2025-05-05 07:39:00+00:00,22.08851,72.71957,mixed_or_uncertain,cropland,0.89272030651341,0.10727969348659,0.0,,not_eligible,No supported PHOENIX emissions classification.
51104088-ad25-5956-9dd0-63ac9bd405a0,2025-05-05 07:39:00+00:00,22.08909,72.56459,mixed_or_uncertain,cropland,0.815134099616858,0.184865900383142,0.0,,not_eligible,No supported PHOENIX emissions classification.
ac504f66-42d1-59cc-b071-c18c15c18eff,2025-05-05 07:39:00+00:00,21.95219,72.9493,mixed_or_uncertain,cropland,0.762452107279693,0.237547892720307,0.0,,not_eligible,No supported PHOENIX emissions classification.
5ba31e9e-b101-5eac-8be6-1f8ea1bf9a8f,2025-05-07 20:49:00+00:00,21.79485,72.6466433333333,industrial,cropland,0.730842911877395,0.14367816091954,0.086845466155811,,not_eligible,No supported PHOENIX emissions classification.
b1cdb4d0-bcce-5cc4-9797-dcf2f66e6112,2025-05-09 07:42:00+00:00,21.715525,72.70019,mixed_or_uncertain,cropland,0.984035759897829,0.0159642401021711,0.0,,not_eligible,No supported PHOENIX emissions classification.
f6094fcd-596c-577b-befa-f6abecdf460c,2025-05-09 08:04:00+00:00,21.76938,72.81872,mixed_or_uncertain,cropland,0.676883780332056,0.225415070242656,0.0,,not_eligible,No supported PHOENIX emissions classification.
8208fbad-625c-5e9d-b335-0e55f3b3f8f8,2025-05-10 07:46:00+00:00,21.79182,72.64786,mixed_or_uncertain,cropland,0.622924648786718,0.314176245210728,0.0,,not_eligible,No supported PHOENIX emissions classification.
a3d85e18-6406-5b23-a4ac-3a1f7f6443a4,2025-05-11 09:07:00+00:00,21.993295,72.742155,mixed_or_uncertain,cropland,0.503831417624521,0.424329501915709,0.00255427841634738,,not_eligible,No supported PHOENIX emissions classification.
c6256f86-3248-5427-a855-5f80afa91aff,2025-05-11 09:07:00+00:00,22.08541,72.659115,mixed_or_uncertain,cropland,0.743295019157088,0.256704980842912,0.0,,not_eligible,No supported PHOENIX emissions classification.
c29ffe5e-87a8-5c2c-8a19-7947090838a3,2025-05-12 08:26:00+00:00,21.7920233333333,72.8891966666667,mixed_or_uncertain,cropland,0.361749680715198,0.501277139208174,0.0874840357598978,,not_eligible,No supported PHOENIX emissions classification.
b54bf84f-3649-5b85-b199-5cd282730895,2025-05-12 08:26:00+00:00,21.41686,72.67426,mixed_or_uncertain,cropland,0.571519795657727,0.291507024265645,0.000638569604086846,,not_eligible,No supported PHOENIX emissions classification.
e1f0a72a-c189-5bb1-95f1-6d19dafc16ad,2025-05-12 08:26:00+00:00,21.755225,72.868565,mixed_or_uncertain,cropland,0.906130268199234,0.0849297573435504,0.0,,not_eligible,No supported PHOENIX emissions classification.
ef1c70bc-4671-5681-b818-24c0f13d4bab,2025-05-12 08:26:00+00:00,22.00892,72.7601,mixed_or_uncertain,cropland,0.923690932311622,0.076309067688378,0.0,,not_eligible,No supported PHOENIX emissions classification.
dc36b905-b301-5c33-9857-92ea86eb6b74,2025-05-12 08:48:00+00:00,21.92573,72.96313,mixed_or_uncertain,cropland,0.981162196679438,0.0188378033205619,0.0,,not_eligible,No supported PHOENIX emissions classification.
8e783800-fe30-5274-bb2e-f6a8ab92af1c,2025-05-13 08:07:00+00:00,21.96971,72.55078,mixed_or_uncertain,cropland,0.772030651340996,0.173052362707535,0.0,,not_eligible,No supported PHOENIX emissions classification.
b428ec8e-7f80-5afb-9c13-127c0347afda,2025-05-13 08:07:00+00:00,21.68539,72.66327,mixed_or_uncertain,cropland,0.588441890166028,0.126756066411239,0.200510855683269,,not_eligible,No supported PHOENIX emissions classification.
cdec26e9-71e9-5908-9e66-c652e4875e1f,2025-05-13 08:07:00+00:00,22.02331,72.77092,mixed_or_uncertain,grassland,0.217432950191571,0.782567049808429,0.0,,not_eligible,No supported PHOENIX emissions classification.
81d43214-a34e-54f9-9430-b091c4903055,2025-05-13 08:30:00+00:00,22.05608,72.69943,mixed_or_uncertain,cropland,0.948275862068966,0.0517241379310345,0.0,,not_eligible,No supported PHOENIX emissions classification.
e34b2040-dd42-59a6-b43e-df86f45636dd,2025-05-13 08:30:00+00:00,21.72906,72.715445,industrial,cropland,0.658365261813538,0.194763729246488,0.0983397190293742,,not_eligible,No supported PHOENIX emissions classification.
3980c870-9350-5fc3-8454-f05f3c4fdaf0,2025-05-14 08:11:00+00:00,21.5192,72.85142,mixed_or_uncertain,cropland,0.664750957854406,0.335249042145594,0.0,,not_eligible,No supported PHOENIX emissions classification.
dc87628f-c416-5905-9417-5f55b0a1988b,2025-05-15 07:30:00+00:00,21.79544,72.64725,mixed_or_uncertain,cropland,0.752873563218391,0.0977011494252874,0.125159642401022,,not_eligible,No supported PHOENIX emissions classification.
18401013-704d-5392-8ace-5014c3c836ff,2025-05-15 07:52:00+00:00,21.79175,72.88705,mixed_or_uncertain,grassland,0.27330779054917,0.52330779054917,0.143358876117497,,not_eligible,No supported PHOENIX emissions classification.
80caca04-b121-504c-b1e8-4158faa5c30e,2025-05-15 07:52:00+00:00,21.41722,72.67427,mixed_or_uncertain,cropland,0.584291187739464,0.276819923371648,0.0,,not_eligible,No supported PHOENIX emissions classification.
18ed1296-0eb5-53e2-9e22-758971a34b0d,2025-05-15 09:10:00+00:00,21.69395,72.88058,mixed_or_uncertain,cropland,1.0,0.0,0.0,,not_eligible,No supported PHOENIX emissions classification.
e1f7d17c-d62a-5938-a013-27a3d7f4f8b3,2025-05-15 19:58:00+00:00,21.3958266666667,72.95483,mixed_or_uncertain,cropland,0.670817369093231,0.30970625798212,0.0,,not_eligible,No supported PHOENIX emissions classification.
71370b4f-632d-5252-a2fc-ae81d2da4126,2025-05-16 07:33:00+00:00,21.75484,72.87253,mixed_or_uncertain,cropland,0.977969348659004,0.016602809706258,0.0,,not_eligible,No supported PHOENIX emissions classification.
0d0ca083-89aa-5318-95f5-4699375327a8,2025-05-17 08:32:00+00:00,21.76821,72.76189,mixed_or_uncertain,cropland,0.988186462324393,0.0118135376756066,0.0,,not_eligible,No supported PHOENIX emissions classification.
7d0e7b85-fe61-54dd-b95d-6d87ddbb4b36,2025-05-17 08:32:00+00:00,21.77562,72.97786,mixed_or_uncertain,cropland,0.981162196679438,0.0188378033205619,0.0,,not_eligible,No supported PHOENIX emissions classification.
96dfaa78-9f5e-55c9-823a-fd56be4df102,2025-05-17 08:32:00+00:00,21.89963,72.90724,mixed_or_uncertain,cropland,0.765006385696041,0.176564495530013,0.0348020434227331,,not_eligible,No supported PHOENIX emissions classification.
d373ed25-c76f-5aa0-b403-722ea426eee7,2025-05-17 08:32:00+00:00,21.35502,72.789435,mixed_or_uncertain,cropland,0.908045977011494,0.0919540229885057,0.0,,not_eligible,No supported PHOENIX emissions classification.
6559dde5-f3d5-50c2-a4ca-0b2b1bbbcd3e,2025-05-18 08:14:00+00:00,21.98426,72.954,mixed_or_uncertain,cropland,0.83205619412516,0.16794380587484,0.0,,not_eligible,No supported PHOENIX emissions classification.
8d3bf1ec-9c33-544c-a09d-54f78b522af6,2025-05-18 08:14:00+00:00,21.97087,72.853315,mixed_or_uncertain,cropland,0.919859514687101,0.0798212005108557,0.0,,not_eligible,No supported PHOENIX emissions classification.
337a6037-6182-59bc-a8a6-c9bdc5a6c539,2025-05-18 08:36:00+00:00,21.80047,72.90436,mixed_or_uncertain,cropland,0.851213282247765,0.121328224776501,0.0252234993614304,,not_eligible,No supported PHOENIX emissions classification.
bac902b7-67a7-525a-b263-dc17a5898f29,2025-05-19 07:55:00+00:00,22.02116,72.56328,mixed_or_uncertain,grassland,0.437420178799489,0.552043422733078,0.0,,not_eligible,No supported PHOENIX emissions classification.
f6841634-e9de-5a55-b71f-1651ad65376f,2025-05-19 07:55:00+00:00,21.79025,72.88966,mixed_or_uncertain,grassland,0.196998722860792,0.567049808429119,0.138569604086845,,not_eligible,No supported PHOENIX emissions classification.
03b3f5f8-3bbf-5ce6-8a88-7c9293257c4a,2025-05-19 08:17:00+00:00,22.02389,72.79639,mixed_or_uncertain,cropland,0.869093231162197,0.130906768837803,0.0,,not_eligible,No supported PHOENIX emissions classification.
a407e247-fc8c-5765-b341-9dfa61bd801a,2025-05-19 08:17:00+00:00,21.99708,72.95263,mixed_or_uncertain,cropland,0.742337164750958,0.246168582375479,0.0114942528735632,,not_eligible,No supported PHOENIX emissions classification.
82b9a530-a6f6-5b82-8379-e425684a4396,2025-05-19 20:46:00+00:00,21.39755,72.95561,mixed_or_uncertain,cropland,0.662835249042146,0.305874840357599,0.0156449553001277,,not_eligible,No supported PHOENIX emissions classification.
7b9805d8-b543-5c40-a074-a45a7cc318c4,2025-05-21 07:39:00+00:00,21.905935,72.758505,mixed_or_uncertain,cropland,0.63058748403576,0.242975734355045,0.126436781609195,,not_eligible,No supported PHOENIX emissions classification.
8b58563e-bb85-5e10-bedf-93a2ddfb870a,2025-05-21 08:58:00+00:00,22.02592,72.56091,mixed_or_uncertain,cropland,0.910280970625798,0.0571519795657727,0.0,,not_eligible,No supported PHOENIX emissions classification.
b42e2530-05ee-5d86-a9d6-a37352cf4c97,2025-05-22 08:39:00+00:00,22.06379,72.75942,mixed_or_uncertain,cropland,0.998722860791826,0.00127713920817369,0.0,,not_eligible,No supported PHOENIX emissions classification.
05418786-7f4d-5745-ba91-d0cc648b890b,2025-05-23 08:42:00+00:00,22.05255,72.57935,mixed_or_uncertain,grassland,0.210727969348659,0.789272030651341,0.0,,not_eligible,No supported PHOENIX emissions classification.
15ab4daf-6b91-53cc-94fb-d7efeb5c7bcc,2025-05-28 08:26:00+00:00,21.71241,72.86777,mixed_or_uncertain,cropland,0.951149425287356,0.0488505747126437,0.0,,not_eligible,No supported PHOENIX emissions classification.
782961c9-4738-5282-951c-64fb50a09ea7,2025-05-29 20:36:00+00:00,21.90837,72.68365,mixed_or_uncertain,cropland,0.478288633461047,0.318965517241379,0.202745849297573,,not_eligible,No supported PHOENIX emissions classification.
1377b3b3-cad2-5c0f-9177-8b775c1187bb,2025-05-30 20:18:00+00:00,21.69752,72.53887,industrial,tree_cover,0.13154533844189,0.564814814814815,0.208492975734355,,not_eligible,No supported PHOENIX emissions classification.
aa7de1ae-25fc-55d0-8d70-a180a416ce76,2025-06-02 08:33:00+00:00,22.07732,72.76402,mixed_or_uncertain,cropland,0.91794380587484,0.0820561941251596,0.0,,not_eligible,No supported PHOENIX emissions classification.
c2f2115a-5d83-5ef1-b016-371d3bc6ad19,2025-06-02 08:55:00+00:00,21.36518,72.8714,mixed_or_uncertain,cropland,0.950191570881226,0.0491698595146871,0.0,,not_eligible,No supported PHOENIX emissions classification.
8d6718db-3677-50e0-aac7-34cd4f01b190,2025-06-02 08:55:00+00:00,22.013,72.75738,mixed_or_uncertain,cropland,0.815134099616858,0.184865900383142,0.0,,not_eligible,No supported PHOENIX emissions classification.
f77e172e-9450-5ae1-9bc8-c17bf8b0c77a,2025-06-03 08:14:00+00:00,21.46971,72.99219,mixed_or_uncertain,cropland,0.376756066411239,0.233716475095785,0.338761174968072,,not_eligible,No supported PHOENIX emissions classification.
90da5906-5ada-5360-83c8-323a4437e4fb,2025-06-03 20:43:00+00:00,21.6860066666667,72.561415,industrial,tree_cover,0.253831417624521,0.425287356321839,0.317688378033206,,not_eligible,No supported PHOENIX emissions classification.
3589b6e7-729e-576e-accc-95e5de837998,2025-06-06 08:58:00+00:00,21.99439,72.65997,mixed_or_uncertain,grassland,0.353448275862069,0.640804597701149,0.0,,not_eligible,No supported PHOENIX emissions classification.
cd0636be-cd6f-5350-b55b-ecdc4092399f,2025-06-06 08:58:00+00:00,21.74426,72.80846,mixed_or_uncertain,cropland,0.910280970625798,0.0890804597701149,0.0,,not_eligible,No supported PHOENIX emissions classification.
16b1f9b3-db1b-5cf7-8e93-5cfe5b0ffc95,2025-06-09 08:23:00+00:00,21.52921,72.9492,mixed_or_uncertain,cropland,0.864623243933589,0.135376756066411,0.0,,not_eligible,No supported PHOENIX emissions classification.
816d7c69-86d1-54e4-ad07-b2ae7ca5c23f,2025-06-09 08:23:00+00:00,21.4768,72.91872,mixed_or_uncertain,cropland,0.943805874840358,0.0561941251596424,0.0,,not_eligible,No supported PHOENIX emissions classification.
c19a7820-b853-5b02-9178-581a2aa68e26,2025-06-10 08:05:00+00:00,22.02258,72.57255,mixed_or_uncertain,cropland,0.621328224776501,0.33397190293742,0.0,,not_eligible,No supported PHOENIX emissions classification.
17e23642-bd03-55a0-b97f-27dc5638e5ed,2025-06-12 08:45:00+00:00,22.00577,72.74271,mixed_or_uncertain,cropland,0.737228607918263,0.231481481481481,0.0,,not_eligible,No supported PHOENIX emissions classification.
1b6e2298-667b-5731-bcb1-be2da92ae0e2,2025-06-13 08:26:00+00:00,21.5983,72.93472,mixed_or_uncertain,cropland,0.801404853128991,0.160280970625798,0.0,,not_eligible,No supported PHOENIX emissions classification.
ad2b54d7-2c90-5cf6-95d9-2019fa1b938e,2025-06-13 08:27:00+00:00,21.88822,72.888,mixed_or_uncertain,cropland,0.997126436781609,0.0028735632183908,0.0,,not_eligible,No supported PHOENIX emissions classification.
6c761274-ddc0-5b64-ad61-c300622471ba,2025-06-14 08:08:00+00:00,21.83343,72.65469,mixed_or_uncertain,cropland,0.626436781609195,0.231800766283525,0.00478927203065134,,not_eligible,No supported PHOENIX emissions classification.
3bdd80fc-eb04-547c-8f8f-2030c9a2ea9e,2025-06-14 08:30:00+00:00,22.00017,72.794,mixed_or_uncertain,cropland,0.818007662835249,0.181992337164751,0.0,,not_eligible,No supported PHOENIX emissions classification.
43809a6c-7686-5933-baff-dda1de11775f,2025-08-05 21:02:00+00:00,21.694045,72.6053275,industrial,cropland,0.85632183908046,0.0456577266922095,0.0980204342273308,,not_eligible,No supported PHOENIX emissions classification.
3e5315b2-012f-5601-8140-62c1f11d6859,2025-08-07 20:47:00+00:00,21.79355,72.64822,mixed_or_uncertain,cropland,0.68007662835249,0.228607918263091,0.014367816091954,,not_eligible,No supported PHOENIX emissions classification.
08bc64ef-671f-5753-92e5-51e16f8bbff8,2025-08-12 08:24:00+00:00,21.74487,72.68262,mixed_or_uncertain,built_up,0.0967432950191571,0.179757343550447,0.514367816091954,,not_eligible,No supported PHOENIX emissions classification.
156176e7-7a4c-5866-80cb-8450457a7252,2025-08-12 08:24:00+00:00,21.7911,72.88676,mixed_or_uncertain,grassland,0.148786717752235,0.548850574712644,0.232758620689655,,not_eligible,No supported PHOENIX emissions classification.
2e5d69c6-f37b-5cc6-a58a-8d7824a95de2,2025-08-25 20:09:00+00:00,21.79553,72.64597,mixed_or_uncertain,cropland,0.711366538952746,0.184865900383142,0.0795019157088123,,not_eligible,No supported PHOENIX emissions classification.
7c2d7f33-5edc-5da5-86f4-895d09d6cd0e,2025-09-09 21:46:00+00:00,21.72998,72.94559,mixed_or_uncertain,cropland,0.648148148148148,0.315453384418902,0.0357598978288633,,not_eligible,No supported PHOENIX emissions classification.
04d9d9cd-cc37-5168-9cc7-3372dc095152,2025-09-12 21:12:00+00:00,21.433015,72.975795,mixed_or_uncertain,cropland,0.493295019157088,0.505427841634738,0.0,,not_eligible,No supported PHOENIX emissions classification.
59f76b62-be57-5b99-8260-ea5cba460528,2025-09-17 20:56:00+00:00,21.7137,72.79055,mixed_or_uncertain,cropland,0.634418901660281,0.139527458492976,0.0967432950191571,,not_eligible,No supported PHOENIX emissions classification.
e81e8d20-ee85-5b21-881d-2b01ac8b039f,2025-09-25 20:06:00+00:00,21.5637,72.91288,mixed_or_uncertain,cropland,0.960089399744572,0.0399106002554278,0.0,,not_eligible,No supported PHOENIX emissions classification.
b75efeae-b9de-58be-9985-95785b513e9a,2025-09-25 20:28:00+00:00,21.79499,72.64614,mixed_or_uncertain,cropland,0.728927203065134,0.170817369093231,0.0740740740740741,,not_eligible,No supported PHOENIX emissions classification.
a41a792a-ea4b-5aa8-bca7-b93dc79f947d,2025-10-03 20:57:00+00:00,21.56442,72.91662,mixed_or_uncertain,cropland,0.679757343550447,0.215836526181354,0.00957854406130268,,not_eligible,No supported PHOENIX emissions classification.
67ac9dbd-6bfc-5d19-a9df-5bbc37dba95b,2025-10-05 20:19:00+00:00,21.69456,72.6028025,industrial,cropland,0.97669220945083,0.00351213282247765,0.0197956577266922,,not_eligible,No supported PHOENIX emissions classification.
860dfb2f-ab6e-54a2-826c-fdbc5b3bbbbe,2025-10-05 20:19:00+00:00,21.433194,72.97722,mixed_or_uncertain,cropland,0.562899106002554,0.436781609195402,0.0,,not_eligible,No supported PHOENIX emissions classification.
19ca853f-f3c9-511f-be94-6e9507df473b,2025-10-06 07:52:00+00:00,21.97678,72.65321,mixed_or_uncertain,grassland,0.135376756066411,0.694763729246488,0.0,,not_eligible,No supported PHOENIX emissions classification.
5a6069d2-f5d6-50be-a494-0ffe5c3a9725,2025-10-06 07:52:00+00:00,22.01507,72.73377,mixed_or_uncertain,cropland,0.500638569604087,0.435823754789272,0.0526819923371648,,not_eligible,No supported PHOENIX emissions classification.
e5c70ef4-b80c-50bb-ac3f-af2915ed067b,2025-10-08 21:03:00+00:00,21.43345,72.9773066666667,mixed_or_uncertain,cropland,0.567688378033206,0.431992337164751,0.0,,not_eligible,No supported PHOENIX emissions classification.
68213fe2-26ab-54ca-b52c-9f243af87110,2025-10-10 20:26:00+00:00,21.4315833333333,72.97846,industrial,cropland,0.717432950191571,0.282247765006386,0.0,,not_eligible,No supported PHOENIX emissions classification.
96e8160b-66a3-57ab-90ee-58670b41c971,2025-10-12 09:00:00+00:00,21.71901,72.69569,mixed_or_uncertain,cropland,0.801724137931034,0.134099616858238,0.061941251596424,,not_eligible,No supported PHOENIX emissions classification.
0c19a229-4041-5cd4-82a2-9e875a8840dd,2025-10-12 21:27:00+00:00,21.43224,72.97562,mixed_or_uncertain,tree_cover,0.473499361430396,0.526181353767561,0.0,,not_eligible,No supported PHOENIX emissions classification.
9f00339d-4573-5921-b763-5f550fd68d3f,2025-10-13 08:41:00+00:00,21.58924,72.8125,mixed_or_uncertain,cropland,0.562579821200511,0.288952745849298,0.0028735632183908,,not_eligible,No supported PHOENIX emissions classification.
1e0575d7-1706-5efb-a0e5-f113bef6196c,2025-10-15 08:24:00+00:00,21.4029,72.72575,mixed_or_uncertain,cropland,0.849297573435504,0.150702426564496,0.0,,not_eligible,No supported PHOENIX emissions classification.
3e114398-3639-5cf2-a841-940e118eb86f,2025-10-15 08:24:00+00:00,21.77684,72.65976,mixed_or_uncertain,cropland,0.794699872286079,0.205300127713921,0.0,,not_eligible,No supported PHOENIX emissions classification.
a2d76013-547b-5ee7-8599-1c1a3a8b61c5,2025-10-16 20:34:00+00:00,21.43429,72.97646,mixed_or_uncertain,cropland,0.50095785440613,0.465197956577267,0.0,,not_eligible,No supported PHOENIX emissions classification.
e3d84105-71d4-5583-b3e7-3b9d372668e6,2025-10-18 08:47:00+00:00,21.66796,72.25294,mixed_or_uncertain,cropland,0.777458492975734,0.149425287356322,0.037037037037037,,not_eligible,No supported PHOENIX emissions classification.
c78ffd41-3f5a-56a8-8109-8db222052522,2025-10-18 09:08:00+00:00,21.61351,72.9311,mixed_or_uncertain,grassland,0.302681992337165,0.691570881226054,0.0,,not_eligible,No supported PHOENIX emissions classification.
6be91fb7-b6e8-567f-9e9c-d01860ae51cc,2025-10-19 08:49:00+00:00,21.76691,72.69879,mixed_or_uncertain,cropland,0.912196679438059,0.0878033205619412,0.0,,not_eligible,No supported PHOENIX emissions classification.
562a2f5a-8274-58d7-a53e-928504203519,2025-10-19 21:18:00+00:00,21.43187,72.97599,mixed_or_uncertain,cropland,0.502554278416347,0.497126436781609,0.0,,not_eligible,No supported PHOENIX emissions classification.
84608f86-faca-59c0-8261-ba9189192d54,2025-10-22 20:21:00+00:00,21.43266,72.97463,mixed_or_uncertain,cropland,0.490421455938697,0.509578544061303,0.0,,not_eligible,No supported PHOENIX emissions classification.
8576919d-6799-55c6-9acc-f84b6112259a,2025-11-01 20:34:00+00:00,21.79568,72.64586,mixed_or_uncertain,cropland,0.709131545338442,0.19125159642401,0.0753512132822478,,not_eligible,No supported PHOENIX emissions classification.
60383275-b125-51c4-a117-98f8bb6b098f,2025-11-02 19:55:00+00:00,21.5641222222222,72.9133022222222,industrial,cropland,0.917624521072797,0.0823754789272031,0.0,,not_eligible,No supported PHOENIX emissions classification.
af54bb7b-cb00-595b-bb22-a881b4a6966d,2025-11-04 08:29:00+00:00,21.79352,72.64709,mixed_or_uncertain,cropland,0.731481481481482,0.181673052362708,0.0172413793103448,,not_eligible,No supported PHOENIX emissions classification.
c1059d9b-688e-5867-85d3-8c69b3f656c7,2025-11-04 20:57:00+00:00,21.563636,72.915795,industrial,cropland,0.662515964240102,0.238186462324393,0.0255427841634738,,not_eligible,No supported PHOENIX emissions classification.
c7848fc8-2553-559a-ba5d-f2852c0f2216,2025-11-07 07:32:00+00:00,21.5642916666667,72.913945,industrial,cropland,0.879948914431673,0.113346104725415,0.0,,not_eligible,No supported PHOENIX emissions classification.
ea9d0b90-e122-5544-92c0-aa5f84b597c1,2025-11-08 08:54:00+00:00,21.88976,72.783605,mixed_or_uncertain,cropland,0.520114942528736,0.364303959131545,0.115581098339719,,not_eligible,No supported PHOENIX emissions classification.
8d69dcec-6ed6-50e0-b15d-77cdd2ec09b3,2025-11-09 08:56:00+00:00,21.56179,72.9164357142857,industrial,grassland,0.343550446998723,0.41507024265645,0.0823754789272031,,not_eligible,No supported PHOENIX emissions classification.
bd40cae3-4dd0-58c8-9360-197708860ac0,2025-11-09 21:04:00+00:00,21.433676,72.975552,mixed_or_uncertain,cropland,0.528735632183908,0.444125159642401,0.0,,not_eligible,No supported PHOENIX emissions classification.
3adc67d6-120a-55de-8811-505a9cb08068,2025-11-11 07:57:00+00:00,21.35713,72.85526,mixed_or_uncertain,cropland,0.645913154533844,0.354086845466156,0.0,,not_eligible,No supported PHOENIX emissions classification.
6dd55e6b-a9e4-536a-add6-83a18d6016c1,2025-11-11 20:47:00+00:00,21.43279,72.9773733333333,industrial,cropland,0.574074074074074,0.425606641123883,0.0,,not_eligible,No supported PHOENIX emissions classification.
d6f0405b-ff03-58c9-b80b-52f1e44c83b5,2025-11-11 20:47:00+00:00,21.5633833333333,72.9141333333333,industrial,cropland,0.840996168582375,0.145274584929757,0.00223499361430396,,not_eligible,No supported PHOENIX emissions classification.
65f3ba5e-6092-5896-9202-8ccd92b849f4,2025-11-13 07:41:00+00:00,21.795075,72.61219,mixed_or_uncertain,grassland,0.313537675606641,0.669540229885057,0.0,,not_eligible,No supported PHOENIX emissions classification.
c042489f-1a12-5dba-94dc-ae2dac812251,2025-11-13 07:41:00+00:00,21.7948425,72.6029925,mixed_or_uncertain,cropland,0.632183908045977,0.366219667943806,0.0,,not_eligible,No supported PHOENIX emissions classification.
ab2dcde0-3d03-5142-8555-fee34b5c2dea,2025-11-13 21:29:00+00:00,21.6934866666667,72.60702,mixed_or_uncertain,cropland,0.721902937420179,0.0759897828863346,0.199233716475096,,not_eligible,No supported PHOENIX emissions classification.
d968ba7e-f737-5937-99a2-181205b723f1,2025-11-13 21:29:00+00:00,21.562825,72.91816,mixed_or_uncertain,grassland,0.232758620689655,0.430715197956577,0.169540229885057,,not_eligible,No supported PHOENIX emissions classification.
3f820a1b-bc23-5671-8c7f-56d47d766621,2025-11-15 08:22:00+00:00,21.77571,72.61378,mixed_or_uncertain,grassland,0.450830140485313,0.532567049808429,0.0,,not_eligible,No supported PHOENIX emissions classification.
799775b3-8805-568d-a17b-a25a55e1d9fe,2025-11-15 20:51:00+00:00,21.79331,72.64599,mixed_or_uncertain,cropland,0.746807151979566,0.169859514687101,0.0162835249042146,,not_eligible,No supported PHOENIX emissions classification.
d5d3fe3d-16d0-5346-b86c-3e25b671ed7e,2025-11-18 20:16:00+00:00,21.43522,72.9748,mixed_or_uncertain,cropland,0.699872286079183,0.258620689655172,0.0,,not_eligible,No supported PHOENIX emissions classification.
f5297b8a-a0e8-56d5-8bcc-ecdb7d616f86,2025-11-19 08:47:00+00:00,21.38409,72.79758,mixed_or_uncertain,cropland,0.719667943805875,0.266283524904215,0.0140485312899106,,not_eligible,No supported PHOENIX emissions classification.
651f99a2-8f53-50bd-a5bc-9ce07b7cf5e8,2025-11-19 21:16:00+00:00,21.5638333333333,72.91541,industrial,cropland,0.731481481481482,0.205619412515964,0.016602809706258,,not_eligible,No supported PHOENIX emissions classification.
9f8ebc81-e984-5f56-881b-d133c9162118,2025-11-20 08:29:00+00:00,21.41315,72.73436,mixed_or_uncertain,cropland,0.539272030651341,0.450830140485313,0.0,,not_eligible,No supported PHOENIX emissions classification.
00723de4-7b08-5c38-b1b5-efb0ed243561,2025-11-20 20:58:00+00:00,21.466488,72.991882,industrial,cropland,0.571200510855683,0.322477650063857,0.0552362707535121,,not_eligible,No supported PHOENIX emissions classification.
921c04ed-f7bc-5ae7-a06b-5bce8eb002ce,2025-11-20 20:58:00+00:00,21.38388,72.77325,mixed_or_uncertain,cropland,0.814814814814815,0.184227330779055,0.000957854406130268,,not_eligible,No supported PHOENIX emissions classification.
eafcce3a-20e2-53a8-8aff-be2833af8ed1,2025-11-20 20:58:00+00:00,21.43379,72.97762,mixed_or_uncertain,cropland,0.564176245210728,0.435504469987229,0.0,,not_eligible,No supported PHOENIX emissions classification.
5e64806b-a8c7-5a53-a515-0283e3ae73ff,2025-11-21 08:10:00+00:00,21.48085,72.707835,mixed_or_uncertain,grassland,0.15389527458493,0.723499361430396,0.0,,not_eligible,No supported PHOENIX emissions classification.
fcacb8dd-227f-5938-bd27-0506bf04c1c6,2025-11-21 08:10:00+00:00,21.8291766666667,72.6446566666667,mixed_or_uncertain,cropland,0.586206896551724,0.401660280970626,0.0,,not_eligible,No supported PHOENIX emissions classification.
1f258ab9-ad47-57ce-b81c-6eb989b52d31,2025-11-21 20:39:00+00:00,21.593455,72.998835,mixed_or_uncertain,built_up,0.152937420178799,0.151979565772669,0.512771392081737,,not_eligible,No supported PHOENIX emissions classification.
56abd8ef-00e5-5517-a13f-310fcb3cccf6,2025-11-22 08:12:00+00:00,21.74251,72.70627,mixed_or_uncertain,cropland,0.865261813537676,0.134738186462324,0.0,,not_eligible,No supported PHOENIX emissions classification.
d766230e-1fae-5f0f-bd3b-0ff47c9d4c29,2025-11-22 08:12:00+00:00,21.74706,72.64895,mixed_or_uncertain,cropland,0.928480204342273,0.0715197956577267,0.0,,not_eligible,No supported PHOENIX emissions classification.
d91918f2-0456-5a33-aab8-d50aed0594f5,2025-11-22 08:13:00+00:00,21.891192,72.898094,mixed_or_uncertain,built_up,0.380268199233716,0.158684546615581,0.460089399744572,,not_eligible,No supported PHOENIX emissions classification.
a6c8e808-2926-5e0c-ad78-4f7d5d316349,2025-11-23 20:01:00+00:00,21.43295,72.976045,mixed_or_uncertain,cropland,0.5,0.499680715197957,0.0,,not_eligible,No supported PHOENIX emissions classification.
17333a76-402d-565d-b750-5356f9f08245,2025-11-25 08:35:00+00:00,21.79525,72.648,mixed_or_uncertain,cropland,0.756066411238825,0.115581098339719,0.103448275862069,,not_eligible,No supported PHOENIX emissions classification.
522ca21e-138d-5f4b-8157-2015838afd54,2025-11-25 21:04:00+00:00,21.4333,72.9764325,industrial,cropland,0.527458492975734,0.462324393358876,0.0,,not_eligible,No supported PHOENIX emissions classification.
49cf0e73-2401-5ee5-a0b3-9310f2570f82,2025-11-26 08:16:00+00:00,21.8918125,72.8978875,mixed_or_uncertain,built_up,0.397190293742018,0.122924648786718,0.478607918263091,,not_eligible,No supported PHOENIX emissions classification.
ae0a997e-20ff-5af1-a8cf-fae7b6273fec,2025-11-26 08:16:00+00:00,21.56343,72.91608,mixed_or_uncertain,cropland,0.593550446998723,0.265964240102171,0.0379948914431673,,not_eligible,No supported PHOENIX emissions classification.
73750dd4-746f-5abb-9437-8b69c10c5ff4,2025-11-26 08:16:00+00:00,21.91371,72.96266,mixed_or_uncertain,cropland,0.994252873563218,0.00574712643678161,0.0,,not_eligible,No supported PHOENIX emissions classification.
f1d16b07-1e0f-5e27-885e-8eec514c56bf,2025-11-26 08:16:00+00:00,21.74224,72.7056,mixed_or_uncertain,cropland,0.848020434227331,0.151979565772669,0.0,,not_eligible,No supported PHOENIX emissions classification.
9f383beb-766d-52d4-890a-0c71e945e94f,2025-11-27 08:19:00+00:00,21.7833,72.63081,mixed_or_uncertain,cropland,0.703065134099617,0.296934865900383,0.0,,not_eligible,No supported PHOENIX emissions classification.
80d78a03-dae8-5a6c-84ce-91b59791de67,2025-11-27 08:19:00+00:00,21.82455,72.63489,mixed_or_uncertain,cropland,0.886653895274585,0.0948275862068965,0.0,,not_eligible,No supported PHOENIX emissions classification.
de8e118a-ab62-5ffb-948e-0090fcd67373,2025-11-28 07:39:00+00:00,22.06633,72.71074,mixed_or_uncertain,cropland,0.628033205619413,0.371966794380587,0.0,,not_eligible,No supported PHOENIX emissions classification.
95a5671c-c060-527c-9695-1c9529bba055,2025-11-29 09:01:00+00:00,21.77922,72.73751,mixed_or_uncertain,cropland,0.919859514687101,0.0466155810983397,0.0280970625798212,,not_eligible,No supported PHOENIX emissions classification.
3e6fc165-9962-5209-a741-4aad64aa7415,2025-11-30 19:51:00+00:00,21.432648,72.975492,industrial,tree_cover,0.471583652618135,0.528097062579821,0.0,,not_eligible,No supported PHOENIX emissions classification.
4202afeb-0785-575f-8f4a-58b4b151a2e6,2025-12-01 08:23:00+00:00,21.81214,72.88255,mixed_or_uncertain,cropland,0.982120051085568,0.0178799489144317,0.0,,not_eligible,No supported PHOENIX emissions classification.
741de597-6e40-5056-95db-0fd1552c098e,2025-12-01 08:23:00+00:00,21.36753,72.7636,mixed_or_uncertain,cropland,0.85536398467433,0.14463601532567,0.0,,not_eligible,No supported PHOENIX emissions classification.
ce923b65-dd50-58b1-867e-59b5be4bcdac,2025-12-01 08:44:00+00:00,21.84293,72.71106,mixed_or_uncertain,cropland,0.954980842911877,0.0450191570881226,0.0,,not_eligible,No supported PHOENIX emissions classification.
3379037a-6f19-5a0e-b796-02fbf61a8e64,2025-12-02 08:25:00+00:00,21.41571,72.71127,mixed_or_uncertain,cropland,0.97765006385696,0.0223499361430396,0.0,,not_eligible,No supported PHOENIX emissions classification.
1e79e9f0-a18a-5df9-a79c-f914e6956243,2025-12-02 20:54:00+00:00,21.59179,72.99893,mixed_or_uncertain,built_up,0.265325670498084,0.189974457215837,0.473499361430396,,not_eligible,No supported PHOENIX emissions classification.
7120ff4d-b48b-5c2e-8b64-310725be2d5d,2025-12-03 08:06:00+00:00,21.47733,72.81703,mixed_or_uncertain,cropland,0.712324393358876,0.287675606641124,0.0,,not_eligible,No supported PHOENIX emissions classification.
85615c75-9c81-564f-9cd9-94f83af24c84,2025-12-03 08:07:00+00:00,21.77152,72.90227,mixed_or_uncertain,cropland,0.908045977011494,0.0874840357598978,0.0,,not_eligible,No supported PHOENIX emissions classification.
c34712b7-68f9-5cf0-ad25-2d3e961bfc68,2025-12-03 08:07:00+00:00,21.85544,72.859455,mixed_or_uncertain,cropland,0.87037037037037,0.121328224776501,0.00830140485312899,,not_eligible,No supported PHOENIX emissions classification.
ff3a872a-8802-5b0b-99bf-e2440450d20a,2025-12-04 09:07:00+00:00,21.73174,72.694215,mixed_or_uncertain,cropland,0.832375478927203,0.0823754789272031,0.0261813537675607,,not_eligible,No supported PHOENIX emissions classification.
1eb4cd79-5f4c-589f-8732-5c3cfa3f6aee,2025-12-04 19:55:00+00:00,21.6949,72.59979,mixed_or_uncertain,cropland,0.746168582375479,0.156130268199234,0.0437420178799489,,not_eligible,No supported PHOENIX emissions classification.
90605b12-95e6-5a84-b2bc-6519d83792ea,2025-12-06 08:30:00+00:00,22.05501,72.71769,mixed_or_uncertain,cropland,0.934546615581098,0.0654533844189017,0.0,,not_eligible,No supported PHOENIX emissions classification.
5009a990-a4e1-5a7a-8e7f-5a518c3bd20f,2025-12-07 08:11:00+00:00,21.88029,72.67492,mixed_or_uncertain,grassland,0.373563218390805,0.59514687100894,0.0258620689655172,,not_eligible,No supported PHOENIX emissions classification.
4c34e90f-58dc-566e-91fd-457f85daa071,2025-12-07 08:32:00+00:00,21.8344,72.68279,mixed_or_uncertain,cropland,0.579501915708812,0.177522349936143,0.176883780332056,,not_eligible,No supported PHOENIX emissions classification.
650b94bb-de54-5c8a-9935-c942603ce6aa,2025-12-07 20:39:00+00:00,21.4314433333333,72.9760466666667,mixed_or_uncertain,cropland,0.494891443167305,0.504789272030651,0.0,,not_eligible,No supported PHOENIX emissions classification.
82cb269e-7b6a-54c0-ab9c-75968251fa43,2025-12-08 08:13:00+00:00,21.91192,72.96083,mixed_or_uncertain,cropland,0.978927203065134,0.0210727969348659,0.0,,not_eligible,No supported PHOENIX emissions classification.
bdc01131-645b-50f3-b2f1-38fc706c6561,2025-12-08 08:13:00+00:00,21.8916383333333,72.904,mixed_or_uncertain,cropland,0.446679438058748,0.198595146871009,0.342273307790549,,not_eligible,No supported PHOENIX emissions classification.
6d98713e-c081-5f52-8f1a-7205be077352,2025-12-08 08:13:00+00:00,21.89314,72.894744,mixed_or_uncertain,built_up,0.0977011494252874,0.110472541507024,0.78639846743295,,not_eligible,No supported PHOENIX emissions classification.
73da39f4-e4d6-504a-bf54-5f5e874162f2,2025-12-09 20:02:00+00:00,21.434354,72.97553,industrial,cropland,0.547892720306513,0.412196679438059,0.0,,not_eligible,No supported PHOENIX emissions classification.
fd943c9b-fabb-57b2-81c7-1f69cdd37094,2025-12-09 20:02:00+00:00,21.56461,72.91317,industrial,cropland,0.91698595146871,0.0830140485312899,0.0,,not_eligible,No supported PHOENIX emissions classification.
85ec2714-a97e-5f41-bccd-177a2e1c0659,2025-12-09 20:23:00+00:00,21.3917,72.91022,mixed_or_uncertain,cropland,0.470945083014049,0.529054916985951,0.0,,not_eligible,No supported PHOENIX emissions classification.
6a828d41-5b0b-5c74-96c4-e0076cf17040,2025-12-10 08:55:00+00:00,21.75466,72.65544,mixed_or_uncertain,cropland,0.777139208173691,0.176883780332056,0.0118135376756066,,not_eligible,No supported PHOENIX emissions classification.
7d0aa416-4da0-53fd-b012-3be377f6362b,2025-12-10 09:16:00+00:00,21.78884,72.63013,mixed_or_uncertain,cropland,0.824712643678161,0.170178799489144,0.0,,not_eligible,No supported PHOENIX emissions classification.
1e492f1b-0db4-5cc2-a145-515940aa5d6c,2025-12-11 08:36:00+00:00,22.071575,72.53826,mixed_or_uncertain,grassland,0.177841634738186,0.715836526181354,0.0,,not_eligible,No supported PHOENIX emissions classification.
30adf3c1-c780-5ddd-831d-a489c4506542,2025-12-12 08:17:00+00:00,21.91243,72.96389,mixed_or_uncertain,cropland,0.936781609195402,0.0632183908045977,0.0,,not_eligible,No supported PHOENIX emissions classification.
78e4196f-4260-5704-b285-6e172e090a6a,2025-12-12 08:17:00+00:00,21.8913257142857,72.8951428571429,mixed_or_uncertain,built_up,0.185185185185185,0.113665389527458,0.691890166028097,,not_eligible,No supported PHOENIX emissions classification.
95652e47-a889-59dc-bab7-f8ec6f555a58,2025-12-12 08:17:00+00:00,21.70988,72.70905,mixed_or_uncertain,cropland,0.910280970625798,0.0893997445721584,0.0,,not_eligible,No supported PHOENIX emissions classification.
cf1db4af-c3d6-5bd1-b2ed-fb95e0c8ac21,2025-12-12 08:17:00+00:00,21.76421,72.62291,mixed_or_uncertain,cropland,0.697637292464879,0.153256704980843,0.0,,not_eligible,No supported PHOENIX emissions classification.
e928dfd5-529c-578d-a3e0-bb356cc1e32e,2025-12-12 08:17:00+00:00,21.44266,72.86348,mixed_or_uncertain,cropland,0.768199233716475,0.22477650063857,0.0,,not_eligible,No supported PHOENIX emissions classification.
fbe57297-97c9-507d-af4e-d01a95f05119,2025-12-12 08:17:00+00:00,21.89228,72.90407,mixed_or_uncertain,cropland,0.369731800766284,0.219987228607918,0.354086845466156,,not_eligible,No supported PHOENIX emissions classification.
22396cb9-2d7d-5c89-becd-19f2f7749fd7,2025-12-12 20:46:00+00:00,21.432415,72.975955,mixed_or_uncertain,cropland,0.495849297573435,0.503831417624521,0.0,,not_eligible,No supported PHOENIX emissions classification.
847b9665-d25c-5445-ae31-d0bcf15a032e,2025-12-13 07:58:00+00:00,21.7501766666667,72.7077766666667,mixed_or_uncertain,cropland,0.710408684546616,0.25095785440613,0.0325670498084291,,not_eligible,No supported PHOENIX emissions classification.
cc21009f-f9b7-5b5a-aa05-46c444a934e8,2025-12-13 08:19:00+00:00,21.74901,72.65996,mixed_or_uncertain,cropland,0.637931034482759,0.240102171136654,0.0878033205619412,,not_eligible,No supported PHOENIX emissions classification.
c7f3b71f-1e41-5cf3-a30b-658f7071ed0f,2025-12-13 20:48:00+00:00,21.36382,72.87415,mixed_or_uncertain,cropland,0.716794380587484,0.279693486590038,0.0,,not_eligible,No supported PHOENIX emissions classification.
cbbabbc4-acba-546d-aa2b-a2147e45eb7f,2025-12-13 20:48:00+00:00,21.38171,72.95305,mixed_or_uncertain,built_up,0.255427841634738,0.236270753512133,0.436143039591315,,not_eligible,No supported PHOENIX emissions classification.
09fe0213-8edb-56ac-a00a-b87beef471f2,2025-12-14 08:01:00+00:00,21.61912,72.837865,mixed_or_uncertain,cropland,0.805236270753512,0.194763729246488,0.0,,not_eligible,No supported PHOENIX emissions classification.
d2c32436-59e2-5db2-86b1-04f96ceeb53a,2025-12-14 08:01:00+00:00,21.7407,72.77652,mixed_or_uncertain,cropland,0.75095785440613,0.248084291187739,0.0,,not_eligible,No supported PHOENIX emissions classification.
fc6a1eca-0b08-5326-ab28-ac2d17445427,2025-12-14 20:08:00+00:00,21.43331,72.97613,mixed_or_uncertain,cropland,0.507343550446999,0.479885057471264,0.0,,not_eligible,No supported PHOENIX emissions classification.
06edc7bc-4c57-5705-b445-a182ad3fa5c5,2025-12-15 07:42:00+00:00,21.75803,72.65257,mixed_or_uncertain,cropland,0.715836526181354,0.254469987228608,0.016602809706258,,not_eligible,No supported PHOENIX emissions classification.
af24fc53-3575-57f2-b996-378dfa285a68,2025-12-15 07:42:00+00:00,21.71387,72.70145,mixed_or_uncertain,cropland,0.980523627075351,0.0146871008939974,0.0,,not_eligible,No supported PHOENIX emissions classification.
a197048a-210b-5c5f-a62f-7f85c2183594,2025-12-15 09:01:00+00:00,21.7858,72.64655,mixed_or_uncertain,cropland,0.846424010217114,0.153575989782886,0.0,,not_eligible,No supported PHOENIX emissions classification.
1611d2ba-a491-51a7-bc0b-6d326ee28dec,2025-12-15 20:11:00+00:00,21.39731,72.94495,mixed_or_uncertain,cropland,0.600893997445722,0.181034482758621,0.193486590038314,,not_eligible,No supported PHOENIX emissions classification.
9f1d063b-e10a-5d84-82d2-f50e01145285,2025-12-16 07:23:00+00:00,21.833775,72.656535,mixed_or_uncertain,cropland,0.657407407407407,0.21551724137931,0.0,,not_eligible,No supported PHOENIX emissions classification.
47e29bc5-8436-58f6-a428-30b4aec065e0,2025-12-16 08:42:00+00:00,21.78869,72.6150716666667,mixed_or_uncertain,cropland,0.982120051085568,0.0178799489144317,0.0,,not_eligible,No supported PHOENIX emissions classification.
b6c7ba6c-64db-5505-898c-8ef49f774318,2025-12-16 08:42:00+00:00,21.71359,72.72712,mixed_or_uncertain,cropland,0.906768837803321,0.0932311621966794,0.0,,not_eligible,No supported PHOENIX emissions classification.
7b24c7ff-a7df-55ff-9af5-207ee4507304,2025-12-16 08:42:00+00:00,21.73464,72.64606,mixed_or_uncertain,cropland,0.366538952745849,0.540229885057471,0.00862068965517241,,not_eligible,No supported PHOENIX emissions classification.
3c5a1642-39d3-5bde-a246-b0c3910cd5bc,2025-12-17 08:23:00+00:00,21.467325,72.842985,mixed_or_uncertain,cropland,0.606641123882503,0.393358876117497,0.0,,not_eligible,No supported PHOENIX emissions classification.
bd853013-ae01-5208-b746-a92df4d8a148,2025-12-17 08:23:00+00:00,21.56102,72.78685,mixed_or_uncertain,cropland,0.878671775223499,0.121328224776501,0.0,,not_eligible,No supported PHOENIX emissions classification.
f6465655-4c59-5768-ac8b-1f21aeef330f,2025-12-17 08:23:00+00:00,21.55279,72.79969,mixed_or_uncertain,cropland,0.818965517241379,0.181034482758621,0.0,,not_eligible,No supported PHOENIX emissions classification.
8bc94bd4-58f9-550e-b405-f9bede34d93e,2025-12-17 08:24:00+00:00,22.03528,72.8129,mixed_or_uncertain,cropland,0.881226053639847,0.115261813537676,0.0,,not_eligible,No supported PHOENIX emissions classification.
a12f6b35-f2d7-571f-9ba4-a116d95aede5,2025-12-17 08:45:00+00:00,21.72116,72.71093,mixed_or_uncertain,cropland,0.857598978288633,0.0597062579821201,0.0667305236270753,,not_eligible,No supported PHOENIX emissions classification.
9b692445-f5a5-57a9-889e-1aa0c4d63ce6,2025-12-17 20:52:00+00:00,21.43371,72.97761,mixed_or_uncertain,cropland,0.565134099616858,0.434546615581098,0.0,,not_eligible,No supported PHOENIX emissions classification.
079152cf-77e5-5c85-8988-8f502aae0295,2025-12-18 08:26:00+00:00,21.71884,72.74805,mixed_or_uncertain,cropland,0.74904214559387,0.218071519795658,0.0169220945083014,,not_eligible,No supported PHOENIX emissions classification.
b4c59ab1-fea0-5ae4-8443-8f81c712dd18,2025-12-18 08:26:00+00:00,21.74978,72.65309,mixed_or_uncertain,cropland,0.741698595146871,0.247765006385696,0.00478927203065134,,not_eligible,No supported PHOENIX emissions classification.
9b5574b3-66b7-5656-8477-83a4424603a3,2025-12-18 20:55:00+00:00,21.62801,72.81138,mixed_or_uncertain,tree_cover,0.0938697318007663,0.903575989782886,0.0,,not_eligible,No supported PHOENIX emissions classification.
4944a34b-ff2e-5d94-8d8f-dfe23d02b6ef,2025-12-19 20:15:00+00:00,21.41121,72.98852,mixed_or_uncertain,tree_cover,0.364623243933589,0.635376756066411,0.0,,not_eligible,No supported PHOENIX emissions classification.
41639186-7de4-5152-b79a-267fe75bc1d4,2025-12-20 07:48:00+00:00,21.73048,72.72106,mixed_or_uncertain,cropland,0.666347381864623,0.206896551724138,0.125478927203065,,not_eligible,No supported PHOENIX emissions classification.
33677cce-cf65-5718-a307-5e6eea0a5b8c,2025-12-20 20:17:00+00:00,21.62804,72.805025,mixed_or_uncertain,tree_cover,0.0462962962962963,0.953703703703704,0.0,,not_eligible,No supported PHOENIX emissions classification.
e4c64d00-d8f8-5c13-b593-173d7fa5759f,2025-12-21 08:49:00+00:00,21.82086,72.63824,mixed_or_uncertain,cropland,0.807790549169859,0.159642401021711,0.0,,not_eligible,No supported PHOENIX emissions classification.
d471673c-e571-5c88-8c26-d5453a4049e8,2025-12-22 08:30:00+00:00,21.6171,72.83884,mixed_or_uncertain,cropland,0.769157088122605,0.230842911877395,0.0,,not_eligible,No supported PHOENIX emissions classification.
d88ba88c-53a4-5e01-927c-7965b55c12e3,2025-12-22 20:59:00+00:00,21.6243633333333,72.80275,industrial,tree_cover,0.118135376756066,0.881864623243934,0.0,,not_eligible,No supported PHOENIX emissions classification.
c13036b0-5f34-562e-8b5c-9fb3129fe493,2025-12-23 08:11:00+00:00,21.5485,72.94279,mixed_or_uncertain,cropland,0.969029374201788,0.030970625798212,0.0,,not_eligible,No supported PHOENIX emissions classification.
3fcf3d85-6649-58ab-8868-8e8ff3f4b110,2025-12-23 08:11:00+00:00,21.821075,72.64863,mixed_or_uncertain,cropland,0.727011494252874,0.254789272030651,0.0156449553001277,,not_eligible,No supported PHOENIX emissions classification.
5210c291-58e3-5b6a-82ff-9ecd8e53ee8a,2025-12-24 08:13:00+00:00,21.91315,72.96162,mixed_or_uncertain,cropland,0.989463601532567,0.010536398467433,0.0,,not_eligible,No supported PHOENIX emissions classification.
9eae08b8-8a8b-53c3-a56b-117c806387c7,2025-12-24 08:13:00+00:00,21.872285,72.679785,mixed_or_uncertain,cropland,0.690613026819923,0.242337164750958,0.0153256704980843,,not_eligible,No supported PHOENIX emissions classification.
47315f7e-653e-5654-a2ee-45eeb46c8365,2025-12-24 08:13:00+00:00,21.42066,72.96556,mixed_or_uncertain,cropland,0.40485312899106,0.195402298850575,0.323754789272031,,not_eligible,No supported PHOENIX emissions classification.
9f92de68-efb7-5b92-9c6c-f1f4db68452c,2025-12-24 08:13:00+00:00,21.8888575,72.8950725,mixed_or_uncertain,built_up,0.257343550446999,0.193486590038314,0.543103448275862,,not_eligible,No supported PHOENIX emissions classification.
a3f2db9b-b08f-5109-8ac3-66a0bedfa182,2025-12-24 08:13:00+00:00,21.74549,72.73878,mixed_or_uncertain,cropland,0.83492975734355,0.16507024265645,0.0,,not_eligible,No supported PHOENIX emissions classification.
e7404a64-6819-5d03-8f35-9f18f407be13,2025-12-24 08:13:00+00:00,21.893629,72.901006,mixed_or_uncertain,built_up,0.307471264367816,0.171775223499361,0.515964240102171,,not_eligible,No supported PHOENIX emissions classification.
f34e0dc4-338a-593e-bc30-0043520270c3,2025-12-24 08:13:00+00:00,21.61785,72.83775,mixed_or_uncertain,cropland,0.707535121328225,0.292464878671775,0.0,,not_eligible,No supported PHOENIX emissions classification.
fb193bb8-d282-56f6-bffc-2f89813d220a,2025-12-24 08:13:00+00:00,21.526575,72.74312,mixed_or_uncertain,cropland,0.90485312899106,0.0734355044699872,0.0,,not_eligible,No supported PHOENIX emissions classification.
8223077d-6fa0-57a0-9cb1-9e9db5e7e161,2025-12-24 20:21:00+00:00,21.437385,72.94059,mixed_or_uncertain,cropland,0.767879948914432,0.21360153256705,0.0185185185185185,,not_eligible,No supported PHOENIX emissions classification.
8dedc13d-7e94-50f5-85eb-3f7c0a195214,2025-12-24 20:42:00+00:00,21.41148,72.9865,mixed_or_uncertain,tree_cover,0.460089399744572,0.539910600255428,0.0,,not_eligible,No supported PHOENIX emissions classification.
7b28eba1-0c70-5950-9b0e-4ed5e24a50c6,2025-12-25 07:54:00+00:00,21.42421,72.88781,mixed_or_uncertain,cropland,0.402298850574713,0.469348659003831,0.128352490421456,,not_eligible,No supported PHOENIX emissions classification.
e6882e61-6e8e-52e3-bbdf-f0f34f1f32da,2025-12-25 07:55:00+00:00,21.93638,72.54932,mixed_or_uncertain,grassland,0.345466155810983,0.651340996168582,0.0,,not_eligible,No supported PHOENIX emissions classification.
bd7ee361-a7de-5a33-8578-d416a74d1c06,2025-12-25 20:23:00+00:00,21.37871,72.9502,mixed_or_uncertain,cropland,0.636653895274585,0.302681992337165,0.0577905491698595,,not_eligible,No supported PHOENIX emissions classification.
dd97f173-dc35-5237-a91e-67a155cf73a9,2025-12-26 21:24:00+00:00,21.40938,72.98627,industrial,tree_cover,0.273627075351213,0.712962962962963,0.0,,not_eligible,No supported PHOENIX emissions classification.
83da4855-1192-54a3-99f2-7733aaac9e4f,2025-12-27 08:36:00+00:00,21.56729,72.91829,mixed_or_uncertain,cropland,0.987228607918263,0.0127713920817369,0.0,,not_eligible,No supported PHOENIX emissions classification.
923c4937-e5d9-581f-93c2-e6da3481ca90,2025-12-27 08:36:00+00:00,21.72947,72.71658,mixed_or_uncertain,cropland,0.736270753512133,0.160919540229885,0.0826947637292465,,not_eligible,No supported PHOENIX emissions classification.
52c1f739-b4f3-5882-a0e6-a084f234129d,2025-12-27 08:57:00+00:00,21.72086,72.74662,mixed_or_uncertain,cropland,0.745530012771392,0.254150702426565,0.0,,not_eligible,No supported PHOENIX emissions classification.
06dcc89c-b90d-5ace-a9e8-6953e866d7c5,2025-12-27 21:05:00+00:00,21.43653,72.94154,mixed_or_uncertain,cropland,0.551085568326948,0.406449553001277,0.0424648786717752,,not_eligible,No supported PHOENIX emissions classification.
11aa4722-4ae9-59d0-b0d0-55552b7587c1,2025-12-28 08:18:00+00:00,21.47457,72.92401,mixed_or_uncertain,cropland,0.857598978288633,0.142081736909323,0.000319284802043423,,not_eligible,No supported PHOENIX emissions classification.
962e5064-1f32-52db-881b-f18a96148753,2025-12-28 08:18:00+00:00,21.87346,72.68245,mixed_or_uncertain,cropland,0.548212005108557,0.259578544061303,0.15581098339719,,not_eligible,No supported PHOENIX emissions classification.
d6dc83ba-f895-5818-b529-08160177c4a6,2025-12-28 08:18:00+00:00,21.8919433333333,72.8990344444444,mixed_or_uncertain,cropland,0.500319284802043,0.107918263090677,0.39176245210728,,not_eligible,No supported PHOENIX emissions classification.
86ad40d7-8723-5ce3-a0f5-fe845635014a,2025-12-28 20:46:00+00:00,21.6232766666667,72.7977933333333,mixed_or_uncertain,cropland,0.719029374201788,0.233716475095785,0.0,,not_eligible,No supported PHOENIX emissions classification.
b7b63a13-1935-532e-8e77-61bedcd7582f,2025-12-28 20:46:00+00:00,21.434495,72.97578,mixed_or_uncertain,cropland,0.528097062579821,0.431992337164751,0.0,,not_eligible,No supported PHOENIX emissions classification.
c2f50062-201c-5ec5-b7fa-5065a9cbd591,2025-12-29 07:59:00+00:00,21.766255,72.68214,mixed_or_uncertain,cropland,0.972541507024266,0.0118135376756066,0.0,,not_eligible,No supported PHOENIX emissions classification.
ca4ea282-60f3-5d91-bf21-f021a1f5e62c,2025-12-29 07:59:00+00:00,21.7200633333333,72.71824,mixed_or_uncertain,cropland,0.97477650063857,0.0252234993614304,0.0,,not_eligible,No supported PHOENIX emissions classification.
4cf8ddcd-168d-5f7e-8c61-b8e8c7c4df33,2025-12-29 07:59:00+00:00,21.72384,72.75066,mixed_or_uncertain,cropland,0.539910600255428,0.26309067688378,0.168582375478927,,not_eligible,No supported PHOENIX emissions classification.
637f7699-9b5d-50ab-9e5e-11229e623dc5,2025-12-29 08:20:00+00:00,22.07055,72.65159,mixed_or_uncertain,cropland,0.795977011494253,0.204022988505747,0.0,,not_eligible,No supported PHOENIX emissions classification.
c03b73ec-0517-5366-a4c4-4fe6224af862,2025-12-29 08:20:00+00:00,21.58951,72.86217,mixed_or_uncertain,cropland,0.736590038314176,0.212324393358876,0.0510855683269476,,not_eligible,No supported PHOENIX emissions classification.
a09148ee-5a6b-5112-8ed6-62c10216a1c4,2025-12-29 20:49:00+00:00,21.69422,72.60464,mixed_or_uncertain,cropland,0.89176245210728,0.0242656449553001,0.0839719029374202,,not_eligible,No supported PHOENIX emissions classification.
75374422-196d-5ae1-b593-41ae42a92917,2025-12-30 07:40:00+00:00,21.52825,72.81176,mixed_or_uncertain,cropland,0.861430395913155,0.138569604086845,0.0,,not_eligible,No supported PHOENIX emissions classification.
cdd46c50-b090-5d78-84c2-a248f9102380,2025-12-30 07:40:00+00:00,21.56381,72.91579,mixed_or_uncertain,cropland,0.687100893997446,0.228927203065134,0.0181992337164751,,not_eligible,No supported PHOENIX emissions classification.
67450f1f-d420-5fda-bc6d-e0b203bd1c74,2025-12-30 20:30:00+00:00,21.43448,72.97588,mixed_or_uncertain,cropland,0.515644955300128,0.446360153256705,0.0,,not_eligible,No supported PHOENIX emissions classification.
eea97a9a-5e26-5dd5-937e-a7871b988348,2025-12-30 21:49:00+00:00,21.47876,72.79839,mixed_or_uncertain,cropland,0.841315453384419,0.158684546615581,0.0,,not_eligible,No supported PHOENIX emissions classification.
